{"type":"FeatureCollection","features":[{"type":"Feature","properties":{"date":null,"year":0,"description":"The Republic Hotel is a historic URM building in the International Special Review District. It is a mixed-use retail and 100% Affordable Housing project that is on the Priority 2 list. The scope of work includes voluntary full seismic upgrades, masonry restoration, window replacement and restoration, adding an elevator, new roofing, and adding a 5th floor penthouse floor. Mechanical and electrical upgrades include new exhaust fans, new heat pumps for heating and cooling, low flow plumbing fixtures, new all building hot and cold water plumbing system, all LED lighting, a new fire sprinkler system, a new fire alarm system. Interior improvements include new cabinets and counter tops, Energy Star appliances, tubs/showers, new flooring, base, and paint throughout. cold shell for the commercial spaces. All new insulation on entire exterior envelope as part of the work. We are looking at 36 family sized units over retail/restaurant space.","metadescription":"The Republic Hotel is a historic URM building in the International Special Review District. It is a mixed-use retail and 100% Affordable Housing project that is on the Priority 2 list. The scope of work includes voluntary full seismic upgrades, masonry restoration, window replacement and restoration, adding an elevator, new roofing, and adding a 5th floor penthouse floor. Mechanical and electrical upgrades include new exhaust fans, new heat pumps for heating and cooling, low flow plumbing fixtures, new all building hot and cold water plumbing system, all LED lighting, a new fire sprinkler system, a new fire alarm system. Interior improvements include new cabinets and counter tops, Energy Star appliances, tubs/showers, new flooring, base, and paint throughout. cold shell for the commercial spaces. All new insulation on entire exterior envelope as part of the work. We are looking at 36 family sized units over retail/restaurant space.. 416 7TH AVE S","address":"416 7TH AVE S","link":"https://services.seattle.gov/portal/customize/LinkToRecord.aspx?altId=3042097-LU","location1":"(47.59864335, -122.32356204)","statuscurrent":"Additional Info Requested","estprojectcost":"12000000","permittypemapped":"Master Use Permit","housingunitsadded":"0","permitclassmapped":"Residential","housingunitsremoved":"32"},"geometry":{"type":"Point","coordinates":[-122.32356204,47.59864335]}},{"type":"Feature","properties":{"date":null,"year":0,"description":"The Republic Hotel is a historic URM building in the International Special Review District. It is a mixed-use retail and 100% Affordable Housing project that is on the Priority 2 list. The scope of work includes voluntary full seismic upgrades, masonry restoration, window replacement and restoration, adding an elevator, new roofing, and adding a 5th floor penthouse floor. Mechanical and electrical upgrades include new exhaust fans, new heat pumps for heating and cooling, low flow plumbing fixtures, new all building hot and cold water plumbing system, all LED lighting, a new fire sprinkler system, a new fire alarm system. Interior improvements include new cabinets and counter tops, Energy Star appliances, tubs/showers, new flooring, base, and paint throughout. cold shell for the commercial spaces. All new insulation on entire exterior envelope as part of the work. We are looking at 36 family sized units over retail/restaurant space.","metadescription":"The Republic Hotel is a historic URM building in the International Special Review District. It is a mixed-use retail and 100% Affordable Housing project that is on the Priority 2 list. The scope of work includes voluntary full seismic upgrades, masonry restoration, window replacement and restoration, adding an elevator, new roofing, and adding a 5th floor penthouse floor. Mechanical and electrical upgrades include new exhaust fans, new heat pumps for heating and cooling, low flow plumbing fixtures, new all building hot and cold water plumbing system, all LED lighting, a new fire sprinkler system, a new fire alarm system. Interior improvements include new cabinets and counter tops, Energy Star appliances, tubs/showers, new flooring, base, and paint throughout. cold shell for the commercial spaces. All new insulation on entire exterior envelope as part of the work. We are looking at 36 family sized units over retail/restaurant space.. 416 7TH AVE S","address":"416 7TH AVE S","link":"https://services.seattle.gov/portal/customize/LinkToRecord.aspx?altId=3042090-LU","location1":"(47.59864335, -122.32356204)","statuscurrent":"Additional Info Requested","estprojectcost":"12000000","permittypemapped":"Master Use Permit","housingunitsadded":"0","permitclassmapped":"Residential","housingunitsremoved":"32"},"geometry":{"type":"Point","coordinates":[-122.32356204,47.59864335]}},{"type":"Feature","properties":{"date":null,"year":0,"description":"Tenant improvements to an existing warehouse building including selective demolition, high-bay storage racks, voluntary seismic upgrades, and voluntary fire sprinkler system installation.","metadescription":"Tenant improvements to an existing warehouse building including selective demolition, high-bay storage racks, voluntary seismic upgrades, and voluntary fire sprinkler system installation.. 640 S SPOKANE ST","address":"640 S SPOKANE ST","link":"https://services.seattle.gov/portal/customize/LinkToRecord.aspx?altId=3041828-LU","location1":"(47.57217763, -122.32422915)","statuscurrent":"Additional Info Requested","estprojectcost":"2200000","permittypemapped":"Master Use Permit","permitclassmapped":"Non-Residential"},"geometry":{"type":"Point","coordinates":[-122.32422915,47.57217763]}},{"type":"Feature","properties":{"date":null,"year":0,"description":"Renovation of an existing two-story 12,400 square foot office (B-occupancy) building to an I-4 Child Care Facility. The project includes constructing an outdoor child play area on top of a portion of the existing asphalt parking lot. Assumptions of the scope of work includes reconfiguration of all interior spaces to suit programmatic needs including 8 classrooms and support spaces; reconfiguration of the existing mechanical system to serve the new layout of spaces with minimal changes and upgrades to the primary system if allowed; added automatic sprinkler system throughout; added child restrooms at pairs of classrooms.","metadescription":"Renovation of an existing two-story 12,400 square foot office (B-occupancy) building to an I-4 Child Care Facility. The project includes constructing an outdoor child play area on top of a portion of the existing asphalt parking lot. Assumptions of the scope of work includes reconfiguration of all interior spaces to suit programmatic needs including 8 classrooms and support spaces; reconfiguration of the existing mechanical system to serve the new layout of spaces with minimal changes and upgrades to the primary system if allowed; added automatic sprinkler system throughout; added child restrooms at pairs of classrooms.. 9700 LAKE CITY WAY NE","address":"9700 LAKE CITY WAY NE","link":"https://services.seattle.gov/portal/customize/LinkToRecord.aspx?altId=3037646-LU","location1":"(47.70008401, -122.30322223)","statuscurrent":"Initiated","estprojectcost":"1550000","permittypemapped":"Master Use Permit","permitclassmapped":"Non-Residential"},"geometry":{"type":"Point","coordinates":[-122.30322223,47.70008401]}},{"type":"Feature","properties":{"date":null,"year":0,"description":"The purpose of the project is to construct and install the fire protection improvements required to meet the Seattle Fire Department (SFD) requirements for marina covered moorage within the City of Seattle.  The project includes: 1) Installing fire draft curtains under the existing covered moorage roof as directed by the Seattle Fire Department (SFD); 2) Removing a portion of the existing covered moorage roof over Pier E as directed by SFD; 3) Upgrading the existing fire standpipe system for the marina as directed by SFD.  All work will be located above the waterline.","metadescription":"The purpose of the project is to construct and install the fire protection improvements required to meet the Seattle Fire Department (SFD) requirements for marina covered moorage within the City of Seattle.  The project includes: 1) Installing fire draft curtains under the existing covered moorage roof as directed by the Seattle Fire Department (SFD); 2) Removing a portion of the existing covered moorage roof over Pier E as directed by SFD; 3) Upgrading the existing fire standpipe system for the marina as directed by SFD.  All work will be located above the waterline.. 1800 WESTLAKE AVE N","address":"1800 WESTLAKE AVE N","link":"https://services.seattle.gov/portal/customize/LinkToRecord.aspx?altId=3016678-LU","location1":"(47.63502848, -122.33987031)","statuscurrent":"Canceled","permittypemapped":"Master Use Permit","permitclassmapped":"Non-Residential"},"geometry":{"type":"Point","coordinates":[-122.33987031,47.63502848]}},{"type":"Feature","properties":{"date":null,"year":0,"description":"Commercial tenant improvement of a small 2 575 square feet existing office space with no change in the Use or Occupancy. No site or structural work will be performed as part of this renovation. All work is within the interior and will consist of selective demolition of existing space  construction of new interior partition walls  installation of new flooring  ceiling tiles  millwork  furniture and fixtures. Deferred submittal for mechanical  electrical  plumbing  fire suppression/alarm and stor","metadescription":"Addition/Alteration. Commercial tenant improvement of a small 2 575 square feet existing office space with no change in the Use or Occupancy. No site or structural work will be performed as part of this renovation. All work is within the interior and will consist of selective demolition of existing space  construction of new interior partition walls  installation of new flooring  ceiling tiles  millwork  furniture and fixtures. Deferred submittal for mechanical  electrical  plumbing  fire suppression/alarm and stor. 310 NE NORTHGATE WAY","address":"310 NE NORTHGATE WAY","link":"https://services.seattle.gov/portal/customize/LinkToRecord.aspx?altId=7146442-CN","location1":"(47.70911857, -122.32530577)","permitnum":"7146442-CN","statuscurrent":"Scheduled and Submitted","estprojectcost":"450,000","housingcategory":"Commercial Add/Alt","permittypemapped":"Building","dependentbuilding":"0","permitclassmapped":"Non-Residential","daysoutcorrections":"0","numberreviewcycles":"0"},"geometry":{"type":"Point","coordinates":[-122.32530577,47.70911857]}},{"type":"Feature","properties":{"date":null,"year":0,"description":"Convert existing church basement to licensed childcare facility. Scope of work includes new fire alarm and fire sprinkler system.","metadescription":"Addition/Alteration. Convert existing church basement to licensed childcare facility. Scope of work includes new fire alarm and fire sprinkler system.. 1200 10TH AVE E","address":"1200 10TH AVE E","link":"https://services.seattle.gov/portal/customize/LinkToRecord.aspx?altId=7133797-CN","location1":"(47.63069271, -122.31974831)","permitnum":"7133797-CN","statuscurrent":"Scheduled","estprojectcost":"200,000","housingcategory":"Commercial Add/Alt","permittypemapped":"Building","dependentbuilding":"0","permitclassmapped":"Non-Residential","daysoutcorrections":"0","numberreviewcycles":"0"},"geometry":{"type":"Point","coordinates":[-122.31974831,47.63069271]}},{"type":"Feature","properties":{"date":null,"year":0,"description":"Construct substantial alterations to renovate existing single-family residence  per plan. Scope of work includes sprinkler system and elevator.","metadescription":"Addition/Alteration. Construct substantial alterations to renovate existing single-family residence  per plan. Scope of work includes sprinkler system and elevator.. 1835 7TH AVE W","address":"1835 7TH AVE W","link":"https://services.seattle.gov/portal/customize/LinkToRecord.aspx?altId=7033025-CN","location1":"(47.63579033, -122.36671431)","permitnum":"7033025-CN","issueddate":"2024-10-03","applieddate":"2024-07-17","expiresdate":"2027-10-03","statuscurrent":"Issued","estprojectcost":"207,100","housingcategory":"Single-Family Add/Alt","permittypemapped":"Building","readytoissuedate":"2024 Oct 03 12:00:00 AM","dependentbuilding":"0","housingunitsadded":"0","permitclassmapped":"Residential","daysoutcorrections":"1","daysplanreviewcity":"77","numberreviewcycles":"2","housingunitsremoved":"0","totaldaysplanreview":"78","daysinitialplanreview":"49","planreviewcompletedate":"2024 Oct 03 12:00:00 AM","initialreviewcompletedate":"2024 Sep 04 12:00:00 AM"},"geometry":{"type":"Point","coordinates":[-122.36671431,47.63579033]}},{"type":"Feature","properties":{"date":null,"year":0,"description":"Tenant improvements at an existing industrial building including interior selective demolition  interior framed partitions  voluntary limited seismic improvements  provision of a new fire sprinkler system and fire alarm system  storage racks  lighting  and power.","metadescription":"Modification to Submittal Requirements. Tenant improvements at an existing industrial building including interior selective demolition  interior framed partitions  voluntary limited seismic improvements  provision of a new fire sprinkler system and fire alarm system  storage racks  lighting  and power.. 640 S SPOKANE ST","address":"640 S SPOKANE ST","link":"https://services.seattle.gov/portal/customize/LinkToRecord.aspx?altId=7038410-EX","location1":"(47.57217763, -122.32422915)","permitnum":"7038410-EX","statuscurrent":"Completed","estprojectcost":"2,200,000","housingcategory":"N/A","permittypemapped":"ECA and Shoreline Exemption/Street Improvement Exception Request","dependentbuilding":"0","permitclassmapped":"Non-Residential","daysoutcorrections":"0","numberreviewcycles":"0"},"geometry":{"type":"Point","coordinates":[-122.32422915,47.57217763]}},{"type":"Feature","properties":{"date":null,"year":0,"description":"Fire Sprinkler and Fire Systems associated with the tenant improvements to the existing commercial tenant space at 1122 Post Ave and the approved building permit no. 7008270-CN.This Pre-Application is submitted for the purpose of scheduling a pre-submittal conference with Seattle Fire Department.","metadescription":"Addition/Alteration. Fire Sprinkler and Fire Systems associated with the tenant improvements to the existing commercial tenant space at 1122 Post Ave and the approved building permit no. 7008270-CN.This Pre-Application is submitted for the purpose of scheduling a pre-submittal conference with Seattle Fire Department.. 1122 POST AVE","address":"1122 POST AVE","link":"https://services.seattle.gov/portal/customize/LinkToRecord.aspx?altId=7029026-CN","location1":"(47.60564499, -122.33777541)","permitnum":"7029026-CN","statuscurrent":"Additional Info Requested","estprojectcost":"75,000","housingcategory":"N/A","permittypemapped":"Building","dependentbuilding":"0","permitclassmapped":"Residential","daysoutcorrections":"0","numberreviewcycles":"0"},"geometry":{"type":"Point","coordinates":[-122.33777541,47.60564499]}},{"type":"Feature","properties":{"date":null,"year":0,"description":"Remove roofing and support structure over 6 existing boat slips (5953sf).Replace all other roofing (26957sf) with new polycarbonate \"burn-out\" roofing panels.Remove existing damaged fire sprinkler system.","metadescription":"Shoreline Permit Exemption. Remove roofing and support structure over 6 existing boat slips (5953sf).Replace all other roofing (26957sf) with new polycarbonate \"burn-out\" roofing panels.Remove existing damaged fire sprinkler system.. 1001 NE Boat ST","address":"1001 NE Boat ST","link":"https://services.seattle.gov/portal/customize/LinkToRecord.aspx?altId=7052498-EX","location1":"(47.65340869, -122.31811047)","permitnum":"7052498-EX","statuscurrent":"Completed","estprojectcost":"100,000","housingcategory":"N/A","permittypemapped":"ECA and Shoreline Exemption/Street Improvement Exception Request","dependentbuilding":"0","permitclassmapped":"Non-Residential","daysoutcorrections":"0","numberreviewcycles":"0"},"geometry":{"type":"Point","coordinates":[-122.31811047,47.65340869]}},{"type":"Feature","properties":{"date":null,"year":0,"description":"Modify an existing storage room into a fire sprinkler pump room.","metadescription":"Shoreline Permit Exemption. Modify an existing storage room into a fire sprinkler pump room.. 705 NE NORTHLAKE WAY","address":"705 NE NORTHLAKE WAY","link":"https://services.seattle.gov/portal/customize/LinkToRecord.aspx?altId=7014330-EX","location1":"(47.65431663, -122.32034567)","permitnum":"7014330-EX","statuscurrent":"Completed","estprojectcost":"50,000","housingcategory":"N/A","permittypemapped":"ECA and Shoreline Exemption/Street Improvement Exception Request","dependentbuilding":"0","permitclassmapped":"Non-Residential","daysoutcorrections":"0","numberreviewcycles":"0"},"geometry":{"type":"Point","coordinates":[-122.32034567,47.65431663]}},{"type":"Feature","properties":{"date":null,"year":0,"description":"This project is a change of use project  converting the previous use of a restaurant and office to an I-4 daycare. As part of this project  a new sprinkler system will be added.","metadescription":"Change of Use Only - No Construction. This project is a change of use project  converting the previous use of a restaurant and office to an I-4 daycare. As part of this project  a new sprinkler system will be added.. 1825 QUEEN ANNE AVE N","address":"1825 QUEEN ANNE AVE N","link":"https://services.seattle.gov/portal/customize/LinkToRecord.aspx?altId=7098933-CN","location1":"(47.63556461, -122.35733085)","permitnum":"7098933-CN","statuscurrent":"Scheduled","estprojectcost":"20,000","housingcategory":"N/A","permittypemapped":"Building","dependentbuilding":"0","permitclassmapped":"Non-Residential","daysoutcorrections":"0","numberreviewcycles":"0"},"geometry":{"type":"Point","coordinates":[-122.35733085,47.63556461]}},{"type":"Feature","properties":{"date":null,"year":0,"description":"The conversion of an existing office space in an existing mixed use building to residential use. The building is zoned DMR/C 145/75  The conversion is allowed under the buildings condominium declarations. The building is 7 stories and is concrete construction with a fire sprinkler system. The unit is on the second floor and is directly accessed from an exterior corridor. The space has previously been used as been used as a professional office. An existing conference room will converted into a b","metadescription":"Addition/Alteration. The conversion of an existing office space in an existing mixed use building to residential use. The building is zoned DMR/C 145/75  The conversion is allowed under the buildings condominium declarations. The building is 7 stories and is concrete construction with a fire sprinkler system. The unit is on the second floor and is directly accessed from an exterior corridor. The space has previously been used as been used as a professional office. An existing conference room will converted into a b. 80 VINE ST","address":"80 VINE ST","link":"https://services.seattle.gov/portal/customize/LinkToRecord.aspx?altId=7008585-CN","location1":"(47.61493398, -122.35056716)","permitnum":"7008585-CN","statuscurrent":"Additional Info Requested","estprojectcost":"100,000","housingcategory":"Commercial Add/Alt","permittypemapped":"Building","dependentbuilding":"0","housingunitsadded":"1","permitclassmapped":"Non-Residential","daysoutcorrections":"0","numberreviewcycles":"0","housingunitsremoved":"0"},"geometry":{"type":"Point","coordinates":[-122.35056716,47.61493398]}},{"type":"Feature","properties":{"date":null,"year":0,"description":"The extent of the project scope will likely depend on input we receive from land-use and construction pre-submittal meetings. Tentative scope  renovate about 30-35% of the existing 340 000 SF office building. Renovation would convert about half of the 30-35% (i.e. +/-20%) of the building to R&D laboratories with the remainder of the renovation being admin space associated with these labs. Additional renovation elements include HVAC upgrades  and potential fire-sprinkler and electrical service u","metadescription":"Addition/Alteration. The extent of the project scope will likely depend on input we receive from land-use and construction pre-submittal meetings. Tentative scope  renovate about 30-35% of the existing 340 000 SF office building. Renovation would convert about half of the 30-35% (i.e. +/-20%) of the building to R&D laboratories with the remainder of the renovation being admin space associated with these labs. Additional renovation elements include HVAC upgrades  and potential fire-sprinkler and electrical service u. 2601 ELLIOTT AVE","address":"2601 ELLIOTT AVE","link":"https://services.seattle.gov/portal/customize/LinkToRecord.aspx?altId=6974388-CN","location1":"(47.61429877, -122.35264196)","permitnum":"6974388-CN","statuscurrent":"Additional Info Requested","estprojectcost":"10,000,000","housingcategory":"Commercial Add/Alt","permittypemapped":"Building","dependentbuilding":"0","permitclassmapped":"Non-Residential","daysoutcorrections":"0","numberreviewcycles":"0"},"geometry":{"type":"Point","coordinates":[-122.35264196,47.61429877]}},{"type":"Feature","properties":{"date":null,"year":0,"description":"Rebuild existing Roof Deck and expand  Penthouse Story living space into a Habital Attic (R326.3).  Lower  existing roof deck floor height to allow expansion.  Take advantage of one time 20% FAR increase.  Add solar PV panel array to roof deck.  Reconfigure garage door opening and add windows per plan.  And enclose Living Room Decks.  Add new fire sprinkler system per Section P2904 or NFPA 13D.","metadescription":"Relief from Prohibition on Steep Slope. Rebuild existing Roof Deck and expand  Penthouse Story living space into a Habital Attic (R326.3).  Lower  existing roof deck floor height to allow expansion.  Take advantage of one time 20% FAR increase.  Add solar PV panel array to roof deck.  Reconfigure garage door opening and add windows per plan.  And enclose Living Room Decks.  Add new fire sprinkler system per Section P2904 or NFPA 13D.. 1209 WARREN AVE N","address":"1209 WARREN AVE N","link":"https://services.seattle.gov/portal/customize/LinkToRecord.aspx?altId=7001922-EX","location1":"(47.63016252, -122.35479739)","permitnum":"7001922-EX","statuscurrent":"Completed","estprojectcost":"250,000","housingcategory":"N/A","permittypemapped":"ECA and Shoreline Exemption/Street Improvement Exception Request","dependentbuilding":"0","permitclassmapped":"Residential","daysoutcorrections":"0","numberreviewcycles":"0"},"geometry":{"type":"Point","coordinates":[-122.35479739,47.63016252]}},{"type":"Feature","properties":{"date":null,"year":0,"description":"Our projects goal is to change to mixed use building to allow the second floor to be an event space. Very limited demolition with the addition of new bathrooms and a fire sprinkler system.","metadescription":"Addition/Alteration. Our projects goal is to change to mixed use building to allow the second floor to be an event space. Very limited demolition with the addition of new bathrooms and a fire sprinkler system.. 904 ELLIOTT AVE W","address":"904 ELLIOTT AVE W","link":"https://services.seattle.gov/portal/customize/LinkToRecord.aspx?altId=6999781-CN","location1":"(47.62717641, -122.36869659)","permitnum":"6999781-CN","statuscurrent":"Additional Info Requested","estprojectcost":"40,000","housingcategory":"Commercial Add/Alt","permittypemapped":"Building","dependentbuilding":"0","permitclassmapped":"Non-Residential","daysoutcorrections":"0","numberreviewcycles":"0"},"geometry":{"type":"Point","coordinates":[-122.36869659,47.62717641]}},{"type":"Feature","properties":{"date":null,"year":0,"description":"This project will replace the existing office space within Bader and Olson's warehouse building at 3430 East Marginal Way S. The proposed office will enclose 1 515 sf on two levels and will include two bathrooms. The space will have a NFPA sprinkler system. All interior work.","metadescription":"Addition/Alteration. This project will replace the existing office space within Bader and Olson's warehouse building at 3430 East Marginal Way S. The proposed office will enclose 1 515 sf on two levels and will include two bathrooms. The space will have a NFPA sprinkler system. All interior work.. 3430 EAST MARGINAL WAY S","address":"3430 EAST MARGINAL WAY S","link":"https://services.seattle.gov/portal/customize/LinkToRecord.aspx?altId=7021689-CN","location1":"(47.57227722, -122.33844103)","permitnum":"7021689-CN","statuscurrent":"Withdrawn","estprojectcost":"100,000","housingcategory":"Commercial Add/Alt","permittypemapped":"Building","dependentbuilding":"0","permitclassmapped":"Non-Residential"},"geometry":{"type":"Point","coordinates":[-122.33844103,47.57227722]}},{"type":"Feature","properties":{"date":null,"year":0,"description":"Construct alterations to existing residential building ( Sorority dormitory) for new fire sprinkler system  occupy per plan.","metadescription":"Addition/Alteration. Construct alterations to existing residential building ( Sorority dormitory) for new fire sprinkler system  occupy per plan.. 4545 17TH AVE NE","address":"4545 17TH AVE NE","link":"https://services.seattle.gov/portal/customize/LinkToRecord.aspx?altId=6880119-CN","location1":"(47.66252405, -122.31006937)","permitnum":"6880119-CN","issueddate":"2022-04-11","applieddate":"2022-02-03","expiresdate":"2025-04-11","completeddate":"2024-10-22","statuscurrent":"Completed","estprojectcost":"10,000","housingcategory":"N/A","permittypemapped":"Building","readytoissuedate":"2022 Apr 05 12:00:00 AM","dependentbuilding":"0","housingunitsadded":"0","permitclassmapped":"Residential","daysoutcorrections":"6","daysplanreviewcity":"54","numberreviewcycles":"2","housingunitsremoved":"0","totaldaysplanreview":"60","daysinitialplanreview":"43","planreviewcompletedate":"2022 Apr 04 12:00:00 AM","initialreviewcompletedate":"2022 Mar 18 12:00:00 AM"},"geometry":{"type":"Point","coordinates":[-122.31006937,47.66252405]}},{"type":"Feature","properties":{"date":null,"year":0,"description":"CHANGE EXISTING WAREHOUSE UPPER FLOOR 12543 SF (GFA) TENANT SPACE AS MARKET. EXISTING BUILDING LOWER FLOOR (BASEMENT) WAREHOUSE STORAGE WILL USE AS MARKET STORAGE  EXISTING USE NO CHANGED. \tPROJECT WILL MAKE MARKET ENTRANCE AT THE BUILDING WEST EXTERIOR WALL AND ADDING VESTIBULE AND DECORATION STRUCTURE. \tDUE TO THE BUILDING USE CHANGE  ACCORDING TO CURRENT SBC AND IFC CODE  THE FIRE SPRINKLER SYSTEM SHALL BE INSTALLED  AND SEBC SEC 304 SHALL BE COMPLIED.","metadescription":"Addition/Alteration. CHANGE EXISTING WAREHOUSE UPPER FLOOR 12543 SF (GFA) TENANT SPACE AS MARKET. EXISTING BUILDING LOWER FLOOR (BASEMENT) WAREHOUSE STORAGE WILL USE AS MARKET STORAGE  EXISTING USE NO CHANGED. \tPROJECT WILL MAKE MARKET ENTRANCE AT THE BUILDING WEST EXTERIOR WALL AND ADDING VESTIBULE AND DECORATION STRUCTURE. \tDUE TO THE BUILDING USE CHANGE  ACCORDING TO CURRENT SBC AND IFC CODE  THE FIRE SPRINKLER SYSTEM SHALL BE INSTALLED  AND SEBC SEC 304 SHALL BE COMPLIED.. 1239 S KING ST","address":"1239 S KING ST","link":"https://services.seattle.gov/portal/customize/LinkToRecord.aspx?altId=6913246-CN","location1":"(47.59783817, -122.31555634)","permitnum":"6913246-CN","statuscurrent":"Withdrawn","estprojectcost":"500,000","housingcategory":"Commercial Add/Alt","permittypemapped":"Building","dependentbuilding":"0","permitclassmapped":"Non-Residential"},"geometry":{"type":"Point","coordinates":[-122.31555634,47.59783817]}},{"type":"Feature","properties":{"date":null,"year":0,"description":"Utilities under Pier 69 apron  and associated hangers/components  will be assessed and replaced as needed.  Utilities include potable water  fire suppression  sanitary sewer  power and communications.  Some above-dock electrical panels  switches/disconnects  and a transformer will be replaced  as well as potentially waterboxes  backflows preventors  and valves/metering  shorepower connections/plugs as needed.","metadescription":"Shoreline Permit Exemption. Utilities under Pier 69 apron  and associated hangers/components  will be assessed and replaced as needed.  Utilities include potable water  fire suppression  sanitary sewer  power and communications.  Some above-dock electrical panels  switches/disconnects  and a transformer will be replaced  as well as potentially waterboxes  backflows preventors  and valves/metering  shorepower connections/plugs as needed.. 2711 ALASKAN WAY","address":"2711 ALASKAN WAY","link":"https://services.seattle.gov/portal/customize/LinkToRecord.aspx?altId=6822480-EX","location1":"(47.61400512, -122.35376232)","permitnum":"6822480-EX","statuscurrent":"Withdrawn","estprojectcost":"36,000","housingcategory":"N/A","permittypemapped":"ECA and Shoreline Exemption/Street Improvement Exception Request","dependentbuilding":"0","permitclassmapped":"Non-Residential"},"geometry":{"type":"Point","coordinates":[-122.35376232,47.61400512]}},{"type":"Feature","properties":{"date":null,"year":0,"description":"Utilities under Pier 69 apron  and associated hangers/components  will be assessed and replaced as needed.  Utilities include potable water  fire suppression  sanitary sewer  power and communications.  Some above-dock electrical panels  switches/disconnects  and a transformer will be replaced  as well as potentially waterboxes  backflows preventors  and valves/metering  shorepower connections/plugs as needed.","metadescription":"Utilities under Pier 69 apron  and associated hangers/components  will be assessed and replaced as needed.  Utilities include potable water  fire suppression  sanitary sewer  power and communications.  Some above-dock electrical panels  switches/disconnects  and a transformer will be replaced  as well as potentially waterboxes  backflows preventors  and valves/metering  shorepower connections/plugs as needed.. 2711 ALASKAN WAY","address":"2711 ALASKAN WAY","link":"https://services.seattle.gov/portal/customize/LinkToRecord.aspx?altId=6820414-CN","location1":"(47.61400512, -122.35376232)","permitnum":"6820414-CN","statuscurrent":"Additional Info Requested","estprojectcost":"36,000","housingcategory":"N/A","permittypemapped":"Building","dependentbuilding":"0","permitclassmapped":"Non-Residential","daysoutcorrections":"0","numberreviewcycles":"0"},"geometry":{"type":"Point","coordinates":[-122.35376232,47.61400512]}},{"type":"Feature","properties":{"date":null,"year":0,"description":"Install a fire sprinkler system at a covered moorage.","metadescription":"Shoreline Exemption. Install a fire sprinkler system at a covered moorage.. 705 NE NORTHLAKE WAY","address":"705 NE NORTHLAKE WAY","link":"https://services.seattle.gov/portal/customize/LinkToRecord.aspx?altId=6783928-EX","location1":"(47.65431663, -122.32034567)","permitnum":"6783928-EX","statuscurrent":"Completed","estprojectcost":"75,000","housingcategory":"N/A","permittypemapped":"ECA and Shoreline Exemption/Street Improvement Exception Request","dependentbuilding":"0","permitclassmapped":"Non-Residential","daysoutcorrections":"0","numberreviewcycles":"0"},"geometry":{"type":"Point","coordinates":[-122.32034567,47.65431663]}},{"type":"Feature","properties":{"date":null,"year":0,"description":"This project includes repairing an existing electrical and fire suppression system within the shoreline environment.","metadescription":"Shoreline Exemption. This project includes repairing an existing electrical and fire suppression system within the shoreline environment.. 1417 NE BOAT ST","address":"1417 NE BOAT ST","link":"https://services.seattle.gov/portal/customize/LinkToRecord.aspx?altId=6745120-EX","location1":"(47.65049033, -122.31303842)","permitnum":"6745120-EX","statuscurrent":"Completed","estprojectcost":"5,000","housingcategory":"N/A","permittypemapped":"ECA and Shoreline Exemption/Street Improvement Exception Request","dependentbuilding":"0","permitclassmapped":"Non-Residential","daysoutcorrections":"0","numberreviewcycles":"0"},"geometry":{"type":"Point","coordinates":[-122.31303842,47.65049033]}},{"type":"Feature","properties":{"date":null,"year":0,"description":"Construct alterations to install a fire sprinkler system to existing covered moorage facility (WA Boat Center)  occupy per plan.","metadescription":"Addition/Alteration. Construct alterations to install a fire sprinkler system to existing covered moorage facility (WA Boat Center)  occupy per plan.. 705 NE NORTHLAKE WAY","address":"705 NE NORTHLAKE WAY","link":"https://services.seattle.gov/portal/customize/LinkToRecord.aspx?altId=6784161-CN","location1":"(47.65431663, -122.32034567)","permitnum":"6784161-CN","issueddate":"2022-12-30","applieddate":"2022-08-02","expiresdate":"2027-06-30","statuscurrent":"Issued","estprojectcost":"75,000","housingcategory":"Commercial Add/Alt","permittypemapped":"Building","readytoissuedate":"2022 Dec 30 12:00:00 AM","dependentbuilding":"0","housingunitsadded":"0","permitclassmapped":"Non-Residential","daysoutcorrections":"0","daysplanreviewcity":"100","numberreviewcycles":"1","housingunitsremoved":"0","totaldaysplanreview":"100","daysinitialplanreview":"100","planreviewcompletedate":"2022 Nov 10 12:00:00 AM","initialreviewcompletedate":"2022 Nov 10 12:00:00 AM"},"geometry":{"type":"Point","coordinates":[-122.32034567,47.65431663]}},{"type":"Feature","properties":{"date":null,"year":0,"description":"Inspect and improve 6\" dry standpipe fire protection system  including installation of seismic joints to prevent shearing during seismic event.","metadescription":"Inspect and improve 6\" dry standpipe fire protection system  including installation of seismic joints to prevent shearing during seismic event.. 2711 ALASKAN WAY","address":"2711 ALASKAN WAY","link":"https://services.seattle.gov/portal/customize/LinkToRecord.aspx?altId=6820022-CN","location1":"(47.61400512, -122.35376232)","permitnum":"6820022-CN","statuscurrent":"Additional Info Requested","estprojectcost":"58,000","housingcategory":"N/A","permittypemapped":"Building","dependentbuilding":"0","permitclassmapped":"Non-Residential","daysoutcorrections":"0","numberreviewcycles":"0"},"geometry":{"type":"Point","coordinates":[-122.35376232,47.61400512]}},{"type":"Feature","properties":{"date":null,"year":0,"description":"3RD FLOOR  PARTIAL-FLOOR TENANT IMPROVEMENTS FOR OFFICE TO INCLUDE SELECTIVE DEMOLITION  INTERIOR PARTITIONS  DOORS  MILLWORK  LIGHTING  AND FINISHES. ALSO TO INCLUDE NEW COMMERCIAL KITCHEN EQUIPMENT FOR A TEST KITCHEN. NO FOOD SERVICE WILL BE PROVIDED.WORK UNDER SEPARATE PERMIT TO INCLUDE:MECHANICAL  ELECTRICAL  PLUMBING  FURNITURE  FIRE SPRINKLER  FIRE ALARM  LOW VOLTAGE.","metadescription":"Addition/Alteration. 3RD FLOOR  PARTIAL-FLOOR TENANT IMPROVEMENTS FOR OFFICE TO INCLUDE SELECTIVE DEMOLITION  INTERIOR PARTITIONS  DOORS  MILLWORK  LIGHTING  AND FINISHES. ALSO TO INCLUDE NEW COMMERCIAL KITCHEN EQUIPMENT FOR A TEST KITCHEN. NO FOOD SERVICE WILL BE PROVIDED.WORK UNDER SEPARATE PERMIT TO INCLUDE:MECHANICAL  ELECTRICAL  PLUMBING  FURNITURE  FIRE SPRINKLER  FIRE ALARM  LOW VOLTAGE.. 521 WALL ST","address":"521 WALL ST","link":"https://services.seattle.gov/portal/customize/LinkToRecord.aspx?altId=6706398-CN","location1":"(47.6173473, -122.34435126)","permitnum":"6706398-CN","statuscurrent":"Withdrawn","estprojectcost":"1,960,000","housingcategory":"Commercial Add/Alt","permittypemapped":"Building","dependentbuilding":"0","housingunitsadded":"0","permitclassmapped":"Non-Residential","housingunitsremoved":"0"},"geometry":{"type":"Point","coordinates":[-122.34435126,47.6173473]}},{"type":"Feature","properties":{"date":null,"year":0,"description":"The project involves the substantial renovation of a 1923 2-story unreinforced brick mixed-use building  including required seismic upgrades  the installation of an automatic fire sprinkler system  and the construction of two new penthouse dwelling units. The existing gross area is 9 540-sf  of which approximately 2 000-sf will be removed and 2 500-sf will be added for a total gross area of 10 040-sf.","metadescription":"Addition/Alteration. The project involves the substantial renovation of a 1923 2-story unreinforced brick mixed-use building  including required seismic upgrades  the installation of an automatic fire sprinkler system  and the construction of two new penthouse dwelling units. The existing gross area is 9 540-sf  of which approximately 2 000-sf will be removed and 2 500-sf will be added for a total gross area of 10 040-sf.. 452 12TH AVE","address":"452 12TH AVE","link":"https://services.seattle.gov/portal/customize/LinkToRecord.aspx?altId=6776375-CN","location1":"(47.6056875, -122.31652193)","permitnum":"6776375-CN","statuscurrent":"Additional Info Requested","estprojectcost":"2,000,000","housingcategory":"Commercial Add/Alt","permittypemapped":"Building","dependentbuilding":"0","housingunitsadded":"2","permitclassmapped":"Non-Residential","daysoutcorrections":"0","numberreviewcycles":"0","housingunitsremoved":"0"},"geometry":{"type":"Point","coordinates":[-122.31652193,47.6056875]}},{"type":"Feature","properties":{"date":null,"year":0,"description":"Install small soffits at ceiling elevation to conceal the new fire sprinkler lines. No revisions to the existing building or systems  project includes a small addition of light gauge framing  GWB and paint  per subject to field inspection (STFI).","metadescription":"Addition/Alteration. Install small soffits at ceiling elevation to conceal the new fire sprinkler lines. No revisions to the existing building or systems  project includes a small addition of light gauge framing  GWB and paint  per subject to field inspection (STFI).. 1001 4TH AVE","address":"1001 4TH AVE","link":"https://services.seattle.gov/portal/customize/LinkToRecord.aspx?altId=6671734-CN","location1":"(47.60615304, -122.33389399)","permitnum":"6671734-CN","issueddate":"2018-06-07","applieddate":"2018-06-06","expiresdate":"2019-12-07","completeddate":"2018-10-29","statuscurrent":"Completed","estprojectcost":"10,000","housingcategory":"Commercial Add/Alt","permittypemapped":"Building","readytoissuedate":"2018 Jun 07 12:00:00 AM","dependentbuilding":"0","permitclassmapped":"Non-Residential","daysoutcorrections":"0","numberreviewcycles":"0"},"geometry":{"type":"Point","coordinates":[-122.33389399,47.60615304]}},{"type":"Feature","properties":{"date":null,"year":0,"description":"The southwest corner of the pier was struck by a vessel  damaging the structure.  Impacts occurred to the deck surface  guardrail  and fire suppression system.  Deck surface along the damaged portions of the pier will be demolished and newly exposed pilings will be tied together with steel cabling.  Safety features such as the fire protection system and guardrail will be repaired.Approximately 800 square feet of decking will be removed.  About 75 linear feet of new guardrail will be install","metadescription":"Addition/Alteration. The southwest corner of the pier was struck by a vessel  damaging the structure.  Impacts occurred to the deck surface  guardrail  and fire suppression system.  Deck surface along the damaged portions of the pier will be demolished and newly exposed pilings will be tied together with steel cabling.  Safety features such as the fire protection system and guardrail will be repaired.Approximately 800 square feet of decking will be removed.  About 75 linear feet of new guardrail will be install. 201 ALASKAN WAY S","address":"201 ALASKAN WAY S","link":"https://services.seattle.gov/portal/customize/LinkToRecord.aspx?altId=6594876-CN","location1":"(47.60004803, -122.33841756)","permitnum":"6594876-CN","statuscurrent":"Additional Info Requested","housingcategory":"Commercial Add/Alt","permittypemapped":"Building","dependentbuilding":"0","permitclassmapped":"Non-Residential","daysoutcorrections":"0","numberreviewcycles":"0"},"geometry":{"type":"Point","coordinates":[-122.33841756,47.60004803]}},{"type":"Feature","properties":{"date":null,"year":0,"description":"Construct interior non-structural alteration for tenant improvement and install sprinkler system on second floor  Subject to Field Inspection (STFI).","metadescription":"Addition/Alteration. Construct interior non-structural alteration for tenant improvement and install sprinkler system on second floor  Subject to Field Inspection (STFI).. 837 N 34TH ST","address":"837 N 34TH ST","link":"https://services.seattle.gov/portal/customize/LinkToRecord.aspx?altId=6682463-CN","location1":"(47.64912742, -122.34824786)","permitnum":"6682463-CN","issueddate":"2018-08-07","applieddate":"2018-08-07","expiresdate":"2020-02-07","statuscurrent":"Issued","estprojectcost":"1,000","housingcategory":"Commercial Add/Alt","permittypemapped":"Building","readytoissuedate":"2018 Aug 07 12:00:00 AM","dependentbuilding":"0","permitclassmapped":"Non-Residential","daysoutcorrections":"0","numberreviewcycles":"0"},"geometry":{"type":"Point","coordinates":[-122.34824786,47.64912742]}},{"type":"Feature","properties":{"date":null,"year":0,"description":"Exception/Exemption Request for: Replace 15 400 square feet of existing floating dock system (N-Dock) with system of same size. Improve on-dock utilities by upgrading electrical power and replacing the existing water and fire suppression systems; upgrade related electrical service lines located uplands. No change in use is proposed.","metadescription":"Shoreline Exemption. Exception/Exemption Request for: Replace 15 400 square feet of existing floating dock system (N-Dock) with system of same size. Improve on-dock utilities by upgrading electrical power and replacing the existing water and fire suppression systems; upgrade related electrical service lines located uplands. No change in use is proposed.. 2601 W MARINA PL","address":"2601 W MARINA PL","link":"https://services.seattle.gov/portal/customize/LinkToRecord.aspx?altId=6628118-EX","location1":"(47.63070206, -122.3899481)","permitnum":"6628118-EX","statuscurrent":"Completed","housingcategory":"N/A","permittypemapped":"ECA and Shoreline Exemption/Street Improvement Exception Request","dependentbuilding":"0","permitclassmapped":"Non-Residential","daysoutcorrections":"0","numberreviewcycles":"0"},"geometry":{"type":"Point","coordinates":[-122.3899481,47.63070206]}},{"type":"Feature","properties":{"date":null,"year":0,"description":"Repairs to the underside of the 52-unit condominium pile supported pier structure. Repairs are mostly due to storm related damage and must be made to maintain the integrity of the structural support system.  Scope of work includes: Emergency fire standpipe system protection  plumbing / sewer protection  concrete pile caps and beams structural repairs  and steel support pile system corrosion repairs.","metadescription":"Addition/Alteration. Repairs to the underside of the 52-unit condominium pile supported pier structure. Repairs are mostly due to storm related damage and must be made to maintain the integrity of the structural support system.  Scope of work includes: Emergency fire standpipe system protection  plumbing / sewer protection  concrete pile caps and beams structural repairs  and steel support pile system corrosion repairs.. 3717 BEACH DR SW","address":"3717 BEACH DR SW","link":"https://services.seattle.gov/portal/customize/LinkToRecord.aspx?altId=6608541-CN","location1":"(47.57054539, -122.41179089)","permitnum":"6608541-CN","statuscurrent":"Additional Info Requested","housingcategory":"N/A","permittypemapped":"Building","dependentbuilding":"0","permitclassmapped":"Residential","daysoutcorrections":"0","numberreviewcycles":"0"},"geometry":{"type":"Point","coordinates":[-122.41179089,47.57054539]}},{"type":"Feature","properties":{"date":null,"year":0,"description":"Exception/Exemption Request for: The southwest corner of the pier was struck by a vessel  damaging the structure.  Impacts occurred to the deck surface  guardrail  and fire suppression system.  Deck surface along the damaged portions of the pier will be demolished and newly exposed pilings will be tied together with steel cabling.  Safety features such as the fire protection system and guardrail will be repaired.Approximately 800 square feet of decking will be removed.  About 75 linear feet","metadescription":"Environmentally Critical Area Exemption. Exception/Exemption Request for: The southwest corner of the pier was struck by a vessel  damaging the structure.  Impacts occurred to the deck surface  guardrail  and fire suppression system.  Deck surface along the damaged portions of the pier will be demolished and newly exposed pilings will be tied together with steel cabling.  Safety features such as the fire protection system and guardrail will be repaired.Approximately 800 square feet of decking will be removed.  About 75 linear feet. 201 ALASKAN WAY S","address":"201 ALASKAN WAY S","link":"https://services.seattle.gov/portal/customize/LinkToRecord.aspx?altId=6594876-EX-002","location1":"(47.60004803, -122.33841756)","permitnum":"6594876-EX-002","statuscurrent":"Completed","housingcategory":"N/A","permittypemapped":"ECA and Shoreline Exemption/Street Improvement Exception Request","dependentbuilding":"0","permitclassmapped":"Non-Residential","daysoutcorrections":"0","numberreviewcycles":"0"},"geometry":{"type":"Point","coordinates":[-122.33841756,47.60004803]}},{"type":"Feature","properties":{"date":null,"year":0,"description":"Replace 15 400 square feet of existing floating dock system (N-Dock) with system of same size. Improve on-dock utilities by upgrading electrical power and replacing the existing water and fire suppression systems; upgrade related electrical service lines located uplands. No change in use is proposed.","metadescription":"Addition/Alteration. Replace 15 400 square feet of existing floating dock system (N-Dock) with system of same size. Improve on-dock utilities by upgrading electrical power and replacing the existing water and fire suppression systems; upgrade related electrical service lines located uplands. No change in use is proposed.. 2601 W MARINA PL","address":"2601 W MARINA PL","link":"https://services.seattle.gov/portal/customize/LinkToRecord.aspx?altId=6628118-CN","location1":"(47.63070206, -122.3899481)","permitnum":"6628118-CN","statuscurrent":"Additional Info Requested","housingcategory":"Commercial Add/Alt","permittypemapped":"Building","dependentbuilding":"0","permitclassmapped":"Non-Residential","daysoutcorrections":"0","numberreviewcycles":"0"},"geometry":{"type":"Point","coordinates":[-122.3899481,47.63070206]}},{"type":"Feature","properties":{"date":null,"year":0,"description":"Interior improvements to a portion of existing 22nd and 23rd floors with non-structural demolition and construction of non-structural partitions and finishes. MEP scope includes rework of existing HVAC and relocation of some existing light fixtures plus installation of new fixtures and devices and modifications to existing plumbing and fire sprinkler systems.","metadescription":"Addition/Alteration. Interior improvements to a portion of existing 22nd and 23rd floors with non-structural demolition and construction of non-structural partitions and finishes. MEP scope includes rework of existing HVAC and relocation of some existing light fixtures plus installation of new fixtures and devices and modifications to existing plumbing and fire sprinkler systems.. 1301 2ND AVE","address":"1301 2ND AVE","link":"https://services.seattle.gov/portal/customize/LinkToRecord.aspx?altId=6608965-CN","location1":"(47.60740726, -122.3377828)","permitnum":"6608965-CN","statuscurrent":"Initiated","housingcategory":"Commercial Add/Alt","permittypemapped":"Building","dependentbuilding":"0","permitclassmapped":"Non-Residential","daysoutcorrections":"0","numberreviewcycles":"0"},"geometry":{"type":"Point","coordinates":[-122.3377828,47.60740726]}},{"type":"Feature","properties":{"date":null,"year":0,"description":"Exception/Exemption Request for: The southwest corner of the pier was struck by a vessel  damaging the structure.  Impacts occurred to the deck surface  guardrail  and fire suppression system.  Deck surface along the damaged portions of the pier will be demolished and newly exposed pilings will be tied together with steel cabling.  Safety features such as the fire protection system and guardrail will be repaired.Approximately 800 square feet of decking will be removed.  About 75 linear feet","metadescription":"Shoreline Exemption. Exception/Exemption Request for: The southwest corner of the pier was struck by a vessel  damaging the structure.  Impacts occurred to the deck surface  guardrail  and fire suppression system.  Deck surface along the damaged portions of the pier will be demolished and newly exposed pilings will be tied together with steel cabling.  Safety features such as the fire protection system and guardrail will be repaired.Approximately 800 square feet of decking will be removed.  About 75 linear feet. 201 ALASKAN WAY S","address":"201 ALASKAN WAY S","link":"https://services.seattle.gov/portal/customize/LinkToRecord.aspx?altId=6594876-EX-001","location1":"(47.60004803, -122.33841756)","permitnum":"6594876-EX-001","statuscurrent":"Completed","housingcategory":"N/A","permittypemapped":"ECA and Shoreline Exemption/Street Improvement Exception Request","dependentbuilding":"0","permitclassmapped":"Non-Residential","daysoutcorrections":"0","numberreviewcycles":"0"},"geometry":{"type":"Point","coordinates":[-122.33841756,47.60004803]}},{"type":"Feature","properties":{"date":null,"year":0,"description":"Construct alterations to remove historic standpipe and ladder from exterior of existing 3-story apartment building  per plan.","metadescription":"Addition/Alteration. Construct alterations to remove historic standpipe and ladder from exterior of existing 3-story apartment building  per plan.. 317 E THOMAS ST","address":"317 E THOMAS ST","link":"https://services.seattle.gov/portal/customize/LinkToRecord.aspx?altId=6599574-CN","location1":"(47.62067094, -122.32720587)","permitnum":"6599574-CN","statuscurrent":"Additional Info Requested","housingcategory":"N/A","permittypemapped":"Building","dependentbuilding":"0","permitclassmapped":"Residential","daysoutcorrections":"0","numberreviewcycles":"0"},"geometry":{"type":"Point","coordinates":[-122.32720587,47.62067094]}},{"type":"Feature","properties":{"date":null,"year":0,"description":"Install one 475 sq ft walk-in cooler enclosure. Refrigeration  electrical and fire suppression  by others.","metadescription":"Addition/Alteration. Install one 475 sq ft walk-in cooler enclosure. Refrigeration  electrical and fire suppression  by others.. 5010 14TH AVE NW","address":"5010 14TH AVE NW","link":"https://services.seattle.gov/portal/customize/LinkToRecord.aspx?altId=6462011-CN","location1":"(47.66546959, -122.37311315)","permitnum":"6462011-CN","statuscurrent":"Closed","housingcategory":"Commercial Add/Alt","permittypemapped":"Building","dependentbuilding":"0","permitclassmapped":"Non-Residential","daysoutcorrections":"0","numberreviewcycles":"0"},"geometry":{"type":"Point","coordinates":[-122.37311315,47.66546959]}},{"type":"Feature","properties":{"date":null,"year":0,"description":"SUBSTANTIAL ALTERATION OF EXISTING UNREINFORCED MASONRY BUILDING TO INCLUDE ADDITION OF (2) STORIES &amp; 20 ADDITIONAL UNITS  STRUCTURAL &amp; SEISMIC UPGRADES  BASEMENT FLOOR UPGRADES  NEW SPRINKLER SYSTEM &amp; AMENITY SPACE.","metadescription":"Addition/Alteration. SUBSTANTIAL ALTERATION OF EXISTING UNREINFORCED MASONRY BUILDING TO INCLUDE ADDITION OF (2) STORIES &amp; 20 ADDITIONAL UNITS  STRUCTURAL &amp; SEISMIC UPGRADES  BASEMENT FLOOR UPGRADES  NEW SPRINKLER SYSTEM &amp; AMENITY SPACE.. 320 CEDAR ST","address":"320 CEDAR ST","link":"https://services.seattle.gov/portal/customize/LinkToRecord.aspx?altId=6517690-CN","location1":"(47.61758933, -122.34859667)","permitnum":"6517690-CN","statuscurrent":"Closed","housingcategory":"N/A","permittypemapped":"Building","dependentbuilding":"0","permitclassmapped":"Residential","daysoutcorrections":"0","numberreviewcycles":"0"},"geometry":{"type":"Point","coordinates":[-122.34859667,47.61758933]}},{"type":"Feature","properties":{"date":null,"year":0,"description":"The project includes the existing buildings known as the three story Buttnick Building at 202 1st Ave. South; the five story City Loan Building at 206 1st Ave. South; and the four story Grand Central Building at 216 1st Ave. South. The project scope includes 1) voluntary seismic upgrades and 2) extending the existing fire sprinkler system in the Grand Central basement to the upper floors of the Grand Central building.  There are no additions and no changes in occupancy classifications.","metadescription":"Addition/Alteration. The project includes the existing buildings known as the three story Buttnick Building at 202 1st Ave. South; the five story City Loan Building at 206 1st Ave. South; and the four story Grand Central Building at 216 1st Ave. South. The project scope includes 1) voluntary seismic upgrades and 2) extending the existing fire sprinkler system in the Grand Central basement to the upper floors of the Grand Central building.  There are no additions and no changes in occupancy classifications.. 216 1ST AVE S","address":"216 1ST AVE S","link":"https://services.seattle.gov/portal/customize/LinkToRecord.aspx?altId=6476405-CN","location1":"(47.60035706, -122.3338037)","permitnum":"6476405-CN","statuscurrent":"Closed","housingcategory":"Commercial Add/Alt","permittypemapped":"Building","dependentbuilding":"0","permitclassmapped":"Non-Residential","daysoutcorrections":"0","numberreviewcycles":"0"},"geometry":{"type":"Point","coordinates":[-122.3338037,47.60035706]}},{"type":"Feature","properties":{"date":null,"year":0,"description":"Exception/Exemption Request for: Project should be Site Work - new number created under 6472680 - Installation of dry standpipe on marina. -","metadescription":"Shoreline Exemption. Exception/Exemption Request for: Project should be Site Work - new number created under 6472680 - Installation of dry standpipe on marina. -. 5109 SHILSHOLE AVE NW","address":"5109 SHILSHOLE AVE NW","link":"https://services.seattle.gov/portal/customize/LinkToRecord.aspx?altId=6472160-EX","location1":"(47.66372742, -122.38331353)","permitnum":"6472160-EX","statuscurrent":"Closed","housingcategory":"N/A","permittypemapped":"ECA and Shoreline Exemption/Street Improvement Exception Request","dependentbuilding":"0","permitclassmapped":"Non-Residential","daysoutcorrections":"0","numberreviewcycles":"0"},"geometry":{"type":"Point","coordinates":[-122.38331353,47.66372742]}},{"type":"Feature","properties":{"date":null,"year":0,"description":"Installation of dry standpipe on marina.","metadescription":"Shoreline Exemption. Installation of dry standpipe on marina.. 5109 SHILSHOLE AVE NW","address":"5109 SHILSHOLE AVE NW","link":"https://services.seattle.gov/portal/customize/LinkToRecord.aspx?altId=6472680-EX","location1":"(47.66372742, -122.38331353)","permitnum":"6472680-EX","statuscurrent":"Completed","housingcategory":"N/A","permittypemapped":"ECA and Shoreline Exemption/Street Improvement Exception Request","dependentbuilding":"0","permitclassmapped":"N/A","daysoutcorrections":"0","numberreviewcycles":"0"},"geometry":{"type":"Point","coordinates":[-122.38331353,47.66372742]}},{"type":"Feature","properties":{"date":null,"year":0,"description":"Project should be Site Work - new number created under 6472680 - Installation of dry standpipe on marina. -","metadescription":"Project should be Site Work - new number created under 6472680 - Installation of dry standpipe on marina. -. 5109 SHILSHOLE AVE NW","address":"5109 SHILSHOLE AVE NW","link":"https://services.seattle.gov/portal/customize/LinkToRecord.aspx?altId=6472160-CN","location1":"(47.66372742, -122.38331353)","permitnum":"6472160-CN","statuscurrent":"Closed","housingcategory":"N/A","permittypemapped":"Building","dependentbuilding":"0","permitclassmapped":"Non-Residential","daysoutcorrections":"0","numberreviewcycles":"0"},"geometry":{"type":"Point","coordinates":[-122.38331353,47.66372742]}},{"type":"Feature","properties":{"date":null,"year":0,"description":"Conversion of an existing full height crawl space to storage.  Conversion will include addition of a new slab on grade floor and insulated furring at the exterior walls.  The existing fire sprinkler system will be maintained.","metadescription":"Addition/Alteration. Conversion of an existing full height crawl space to storage.  Conversion will include addition of a new slab on grade floor and insulated furring at the exterior walls.  The existing fire sprinkler system will be maintained.. 3931 BROOKLYN AVE NE","address":"3931 BROOKLYN AVE NE","link":"https://services.seattle.gov/portal/customize/LinkToRecord.aspx?altId=6392339-CN","location1":"(47.65500901, -122.31491929)","permitnum":"6392339-CN","statuscurrent":"Closed","housingcategory":"N/A","permittypemapped":"Building","dependentbuilding":"0","permitclassmapped":"Non-Residential","daysoutcorrections":"0","numberreviewcycles":"0"},"geometry":{"type":"Point","coordinates":[-122.31491929,47.65500901]}},{"type":"Feature","properties":{"date":null,"year":0,"description":"On a tenant-by-tenant and floor-by-floor basis over the course of the next two to three years  begin replacement of the worn out mechanical system with a new system utilizing waste-heat obtained with new water pipes from the adjacent Westin Building Datacenter  remove existing suspended ceiling that was considered the fire protection for the steel structure and install new spray-on fireproofing on the exposed steel  and begin installation of a new fire sprinkler system that will eventually serv","metadescription":"Addition/Alteration. On a tenant-by-tenant and floor-by-floor basis over the course of the next two to three years  begin replacement of the worn out mechanical system with a new system utilizing waste-heat obtained with new water pipes from the adjacent Westin Building Datacenter  remove existing suspended ceiling that was considered the fire protection for the steel structure and install new spray-on fireproofing on the exposed steel  and begin installation of a new fire sprinkler system that will eventually serv. 2033 6TH AVE","address":"2033 6TH AVE","link":"https://services.seattle.gov/portal/customize/LinkToRecord.aspx?altId=6422135-CN","location1":"(47.61482027, -122.33970734)","permitnum":"6422135-CN","statuscurrent":"Closed","housingcategory":"Commercial Add/Alt","permittypemapped":"Building","dependentbuilding":"0","permitclassmapped":"Non-Residential","daysoutcorrections":"0","numberreviewcycles":"0"},"geometry":{"type":"Point","coordinates":[-122.33970734,47.61482027]}},{"type":"Feature","properties":{"date":null,"year":0,"description":"RENOVATION/ALTERATION TO EXISTING 3RD FLOOR MEDICAL CLINIC SPACE IN AN EXISTING BUILDING.  NO EXTERIOR WORK.  INTERIOR RENOVATIONS TO INCLUDE REMOVAL OF NON-BEARING INTERIOR PARTITION AND MILLWORK.  NEW WORK TO INCLUDE METAL STUD WALL PARTITIONS  GYPSUM BOARD WALLS AND CEILINGS  SUSPENDED CEILINGS  MILLWORK  FLOOR COVERING AND MODIFICATIONS TO EXISTING ELECTRICAL  MECHANICAL AND FIRE SUPPRESSION SYSTEMS AS REQUIRED BY NEW ROOM CONFIGURATIONS.ELECTRICAL  MECHANICAL  FIRE SUPPRESSION & FIRE A","metadescription":"Addition/Alteration. RENOVATION/ALTERATION TO EXISTING 3RD FLOOR MEDICAL CLINIC SPACE IN AN EXISTING BUILDING.  NO EXTERIOR WORK.  INTERIOR RENOVATIONS TO INCLUDE REMOVAL OF NON-BEARING INTERIOR PARTITION AND MILLWORK.  NEW WORK TO INCLUDE METAL STUD WALL PARTITIONS  GYPSUM BOARD WALLS AND CEILINGS  SUSPENDED CEILINGS  MILLWORK  FLOOR COVERING AND MODIFICATIONS TO EXISTING ELECTRICAL  MECHANICAL AND FIRE SUPPRESSION SYSTEMS AS REQUIRED BY NEW ROOM CONFIGURATIONS.ELECTRICAL  MECHANICAL  FIRE SUPPRESSION & FIRE A. 10330 MERIDIAN AVE N","address":"10330 MERIDIAN AVE N","link":"https://services.seattle.gov/portal/customize/LinkToRecord.aspx?altId=6370184-CN","location1":"(47.70449716, -122.33273925)","permitnum":"6370184-CN","statuscurrent":"Closed","housingcategory":"Commercial Add/Alt","permittypemapped":"Building","dependentbuilding":"0","permitclassmapped":"Non-Residential","daysoutcorrections":"0","numberreviewcycles":"0"},"geometry":{"type":"Point","coordinates":[-122.33273925,47.70449716]}},{"type":"Feature","properties":{"date":null,"year":0,"description":"Remodel 96 SF of First Floor Restroom adjacent to office 115.Remodel and Upgrade 2 923 SF of Second and 2 916 SF of Third Floors.Upgrade HVAC  Fire Sprinkler & Fire Alarm System to accommodate remodel (deferred submittals).","metadescription":"Addition/Alteration. Remodel 96 SF of First Floor Restroom adjacent to office 115.Remodel and Upgrade 2 923 SF of Second and 2 916 SF of Third Floors.Upgrade HVAC  Fire Sprinkler & Fire Alarm System to accommodate remodel (deferred submittals).. 2600 SW HOLDEN ST","address":"2600 SW HOLDEN ST","link":"https://services.seattle.gov/portal/customize/LinkToRecord.aspx?altId=6354832-CN","location1":"(47.53419882, -122.36625227)","permitnum":"6354832-CN","statuscurrent":"Additional Info Requested","estprojectcost":"800,000","housingcategory":"N/A","permittypemapped":"Building","dependentbuilding":"0","permitclassmapped":"Non-Residential","daysoutcorrections":"0","numberreviewcycles":"0"},"geometry":{"type":"Point","coordinates":[-122.36625227,47.53419882]}},{"type":"Feature","properties":{"date":null,"year":0,"description":"Tenant improvements throughout 4th and 5th floors of existing office building for MOZ including 3 assembly areas and extending the sprinkler system throughout the building  per plans.","metadescription":"Addition/Alteration. Tenant improvements throughout 4th and 5th floors of existing office building for MOZ including 3 assembly areas and extending the sprinkler system throughout the building  per plans.. 1100 2ND AVE","address":"1100 2ND AVE","link":"https://services.seattle.gov/portal/customize/LinkToRecord.aspx?altId=6374675-CN","location1":"(47.60642293, -122.33582172)","permitnum":"6374675-CN","issueddate":"2013-10-30","applieddate":"2013-08-19","expiresdate":"2015-04-30","completeddate":"2014-01-23","statuscurrent":"Completed","estprojectcost":"2,085,000","housingcategory":"Commercial Add/Alt","permittypemapped":"Building","dependentbuilding":"0","housingunitsadded":"0","permitclassmapped":"Non-Residential","daysoutcorrections":"0","numberreviewcycles":"0","housingunitsremoved":"0"},"geometry":{"type":"Point","coordinates":[-122.33582172,47.60642293]}},{"type":"Feature","properties":{"date":null,"year":0,"description":"Construct repairs to existing commercial building due to fire sprinkler damage  per existing floor plans and subject to field inspection  STFI.","metadescription":"Addition/Alteration. Construct repairs to existing commercial building due to fire sprinkler damage  per existing floor plans and subject to field inspection  STFI.. 1900 E MADISON ST","address":"1900 E MADISON ST","link":"https://services.seattle.gov/portal/customize/LinkToRecord.aspx?altId=6288103-CN","location1":"(47.61696723, -122.30728046)","permitnum":"6288103-CN","issueddate":"2011-08-05","applieddate":"2011-08-05","expiresdate":"2013-02-05","completeddate":"2011-12-20","statuscurrent":"Completed","estprojectcost":"100,000","housingcategory":"Commercial Add/Alt","permittypemapped":"Building","dependentbuilding":"0","permitclassmapped":"Non-Residential","daysoutcorrections":"0","numberreviewcycles":"0"},"geometry":{"type":"Point","coordinates":[-122.30728046,47.61696723]}},{"type":"Feature","properties":{"date":null,"year":0,"description":"Tenant Improvement of build-out of a leased space on 1st floor of a 10-story building. Scope includes non-structual partitions  plumbing  mechanical  & electrical work. Fire sprinkler & fire alarm design/shop drawings will be submitted/permitted by other. (Ben Bridge Jewelers)","metadescription":"Addition/Alteration. Tenant Improvement of build-out of a leased space on 1st floor of a 10-story building. Scope includes non-structual partitions  plumbing  mechanical  & electrical work. Fire sprinkler & fire alarm design/shop drawings will be submitted/permitted by other. (Ben Bridge Jewelers). 1432 4TH AVE","address":"1432 4TH AVE","link":"https://services.seattle.gov/portal/customize/LinkToRecord.aspx?altId=6277966-CN","location1":"(47.61005381, -122.33611725)","permitnum":"6277966-CN","statuscurrent":"Closed","housingcategory":"Commercial Add/Alt","permittypemapped":"Building","dependentbuilding":"0","permitclassmapped":"Non-Residential","daysoutcorrections":"0","numberreviewcycles":"0"},"geometry":{"type":"Point","coordinates":[-122.33611725,47.61005381]}},{"type":"Feature","properties":{"date":null,"year":0,"description":"Legalize basement 2nd kitchen and rec room used for congregate housing occupants with minor alterations to remedy NOV # 102689  final sprinkler system started under #730595 and show compliance for exiting per plan.","metadescription":"Addition/Alteration. Legalize basement 2nd kitchen and rec room used for congregate housing occupants with minor alterations to remedy NOV # 102689  final sprinkler system started under #730595 and show compliance for exiting per plan.. 1633 17TH AVE","address":"1633 17TH AVE","link":"https://services.seattle.gov/portal/customize/LinkToRecord.aspx?altId=6316929-CN","location1":"(47.61627898, -122.31050235)","permitnum":"6316929-CN","issueddate":"2013-09-20","applieddate":"2012-07-25","expiresdate":"2015-03-20","completeddate":"2015-01-14","statuscurrent":"Completed","estprojectcost":"3,000","housingcategory":"N/A","permittypemapped":"Building","dependentbuilding":"0","housingunitsadded":"0","permitclassmapped":"Residential","daysoutcorrections":"0","numberreviewcycles":"0","housingunitsremoved":"0"},"geometry":{"type":"Point","coordinates":[-122.31050235,47.61627898]}},{"type":"Feature","properties":{"date":null,"year":0,"description":"Provide additional infrastructure improvements including:seismic  fire sprinkler  HVAC  energy efficiency & other improvements.","metadescription":"Addition/Alteration. Provide additional infrastructure improvements including:seismic  fire sprinkler  HVAC  energy efficiency & other improvements.. 301 21ST AVE E","address":"301 21ST AVE E","link":"https://services.seattle.gov/portal/customize/LinkToRecord.aspx?altId=6286635-CN","location1":"(47.62160898, -122.30525929)","permitnum":"6286635-CN","statuscurrent":"Closed","housingcategory":"N/A","permittypemapped":"Building","dependentbuilding":"0","permitclassmapped":"Non-Residential","daysoutcorrections":"0","numberreviewcycles":"0"},"geometry":{"type":"Point","coordinates":[-122.30525929,47.62160898]}},{"type":"Feature","properties":{"date":null,"year":0,"description":"Substantial Alteration of 82 units in apt bldg and basement levels  selected demolition of interiors  window relacement  cleaning/sealing of brick siding; Install new roofing and added insulation. Modernize elevator system  seismic upgrades and extension of existing sprinkler system.","metadescription":"Addition/Alteration. Substantial Alteration of 82 units in apt bldg and basement levels  selected demolition of interiors  window relacement  cleaning/sealing of brick siding; Install new roofing and added insulation. Modernize elevator system  seismic upgrades and extension of existing sprinkler system.. 2519 1ST AVE","address":"2519 1ST AVE","link":"https://services.seattle.gov/portal/customize/LinkToRecord.aspx?altId=6274113-CN","location1":"(47.6149239, -122.34958181)","permitnum":"6274113-CN","issueddate":"2011-07-26","applieddate":"2011-04-08","expiresdate":"2013-01-26","completeddate":"2012-11-06","statuscurrent":"Completed","estprojectcost":"4,600,000","housingcategory":"Commercial Add/Alt","permittypemapped":"Building","dependentbuilding":"0","housingunitsadded":"0","permitclassmapped":"Non-Residential","daysoutcorrections":"0","numberreviewcycles":"0","housingunitsremoved":"0"},"geometry":{"type":"Point","coordinates":[-122.34958181,47.6149239]}},{"type":"Feature","properties":{"date":null,"year":0,"description":"CLOSED AS INCOMPLETE - EXPIRED PERMIT. Demolition of non-bearing partitions walls on level 1 and 2 of JC Penney at Northgate Mall  Subject to field inspections. ( Maintain exits and fire suppression systems.","metadescription":"Addition/Alteration. CLOSED AS INCOMPLETE - EXPIRED PERMIT. Demolition of non-bearing partitions walls on level 1 and 2 of JC Penney at Northgate Mall  Subject to field inspections. ( Maintain exits and fire suppression systems.. 401 NE NORTHGATE WAY","address":"401 NE NORTHGATE WAY","link":"https://services.seattle.gov/portal/customize/LinkToRecord.aspx?altId=6273446-CN","location1":"(47.70759355, -122.32551792)","permitnum":"6273446-CN","issueddate":"2011-02-01","applieddate":"2011-02-01","expiresdate":"2012-08-01","statuscurrent":"Completed","estprojectcost":"25,000","housingcategory":"Commercial Add/Alt","permittypemapped":"Building","dependentbuilding":"0","permitclassmapped":"Non-Residential","daysoutcorrections":"0","numberreviewcycles":"0"},"geometry":{"type":"Point","coordinates":[-122.32551792,47.70759355]}},{"type":"Feature","properties":{"date":null,"year":0,"description":"CLOSED AS INCOMPLETE - EXPIRED PERMIT. Temp permit for banquet hall  December 29  2010 to January 27  2010  per plans.  No renewal without installation of sprinkler system","metadescription":"Temporary. CLOSED AS INCOMPLETE - EXPIRED PERMIT. Temp permit for banquet hall  December 29  2010 to January 27  2010  per plans.  No renewal without installation of sprinkler system. 2901 27TH AVE S","address":"2901 27TH AVE S","link":"https://services.seattle.gov/portal/customize/LinkToRecord.aspx?altId=6265652-CN","location1":"(47.57727757, -122.29930778)","permitnum":"6265652-CN","issueddate":"2010-12-27","applieddate":"2010-11-22","expiresdate":"2012-06-27","statuscurrent":"Completed","estprojectcost":"1","housingcategory":"N/A","permittypemapped":"Building","dependentbuilding":"0","permitclassmapped":"Non-Residential","daysoutcorrections":"0","numberreviewcycles":"0"},"geometry":{"type":"Point","coordinates":[-122.29930778,47.57727757]}},{"type":"Feature","properties":{"date":null,"year":0,"description":"Construct interior partitions and install dropped ceilings for accessory offices in existing warehouse with some exterior wall and sprinkler system modification per plans.","metadescription":"Addition/Alteration. Construct interior partitions and install dropped ceilings for accessory offices in existing warehouse with some exterior wall and sprinkler system modification per plans.. 25 S HORTON ST","address":"25 S HORTON ST","link":"https://services.seattle.gov/portal/customize/LinkToRecord.aspx?altId=6261948-CN","location1":"(47.57411496, -122.3371684)","permitnum":"6261948-CN","issueddate":"2010-12-03","applieddate":"2010-10-18","expiresdate":"2012-06-03","completeddate":"2011-06-03","statuscurrent":"Completed","estprojectcost":"120,000","housingcategory":"Commercial Add/Alt","permittypemapped":"Building","dependentbuilding":"0","housingunitsadded":"0","permitclassmapped":"Non-Residential","daysoutcorrections":"0","numberreviewcycles":"0","housingunitsremoved":"0"},"geometry":{"type":"Point","coordinates":[-122.3371684,47.57411496]}},{"type":"Feature","properties":{"date":null,"year":0,"description":"Installationof fire suppression sprinklers and new HVAC system on three floors (3  4  and 7) of the existing building.","metadescription":"Addition/Alteration. Installationof fire suppression sprinklers and new HVAC system on three floors (3  4  and 7) of the existing building.. 1100 9TH AVE","address":"1100 9TH AVE","link":"https://services.seattle.gov/portal/customize/LinkToRecord.aspx?altId=6270048-CN","location1":"(47.60953613, -122.32794469)","permitnum":"6270048-CN","statuscurrent":"Closed","housingcategory":"N/A","permittypemapped":"Building","dependentbuilding":"0","permitclassmapped":"N/A","daysoutcorrections":"0","numberreviewcycles":"0"},"geometry":{"type":"Point","coordinates":[-122.32794469,47.60953613]}},{"type":"Feature","properties":{"date":null,"year":0,"description":"Change of use from grocery store to lecture/meeting hall and interior alterations for banquet hall in existing commercial building  and occupy per plans (Sprinkler system requird per VB).","metadescription":"Addition/Alteration. Change of use from grocery store to lecture/meeting hall and interior alterations for banquet hall in existing commercial building  and occupy per plans (Sprinkler system requird per VB).. 2901 27TH AVE S","address":"2901 27TH AVE S","link":"https://services.seattle.gov/portal/customize/LinkToRecord.aspx?altId=6259679-CN","location1":"(47.57727757, -122.29930778)","permitnum":"6259679-CN","issueddate":"2011-09-16","applieddate":"2011-07-01","expiresdate":"2013-03-16","completeddate":"2012-04-02","statuscurrent":"Completed","estprojectcost":"90,000","housingcategory":"Commercial Add/Alt","permittypemapped":"Building","dependentbuilding":"0","housingunitsadded":"0","permitclassmapped":"Non-Residential","daysoutcorrections":"0","numberreviewcycles":"0","housingunitsremoved":"0"},"geometry":{"type":"Point","coordinates":[-122.29930778,47.57727757]}},{"type":"Feature","properties":{"date":null,"year":0,"description":"Exception/Exemption Request for: Replace existing fire suppression system for the Pier 48.","metadescription":"Shoreline Exemption. Exception/Exemption Request for: Replace existing fire suppression system for the Pier 48.. 201 ALASKAN WAY S","address":"201 ALASKAN WAY S","link":"https://services.seattle.gov/portal/customize/LinkToRecord.aspx?altId=6254956-EX","location1":"(47.60004803, -122.33841756)","permitnum":"6254956-EX","statuscurrent":"Completed","housingcategory":"N/A","permittypemapped":"ECA and Shoreline Exemption/Street Improvement Exception Request","dependentbuilding":"0","permitclassmapped":"N/A","daysoutcorrections":"0","numberreviewcycles":"0"},"geometry":{"type":"Point","coordinates":[-122.33841756,47.60004803]}},{"type":"Feature","properties":{"date":null,"year":0,"description":"Alter and extend sprinkler system and alter corridor ceilings on all levels of office/lab building \"Guthrie Hall\" for University of Washington  per plan.","metadescription":"Addition/Alteration. Alter and extend sprinkler system and alter corridor ceilings on all levels of office/lab building \"Guthrie Hall\" for University of Washington  per plan.. 3921 WEST STEVENS WAY NE","address":"3921 WEST STEVENS WAY NE","link":"https://services.seattle.gov/portal/customize/LinkToRecord.aspx?altId=6257078-CN","location1":"(47.65392032, -122.31093799)","permitnum":"6257078-CN","issueddate":"2010-10-04","applieddate":"2010-08-23","expiresdate":"2012-04-04","completeddate":"2013-03-13","statuscurrent":"Completed","estprojectcost":"229,000","housingcategory":"N/A","permittypemapped":"Building","dependentbuilding":"0","housingunitsadded":"0","permitclassmapped":"Non-Residential","daysoutcorrections":"0","numberreviewcycles":"0","housingunitsremoved":"0"},"geometry":{"type":"Point","coordinates":[-122.31093799,47.65392032]}},{"type":"Feature","properties":{"date":null,"year":0,"description":"Interior alterations to existing bar and theater and change use from performing arts theater to indoor participant sports (night club)  per plan. (install sprinkler system under separate permit #6249868)","metadescription":"Addition/Alteration. Interior alterations to existing bar and theater and change use from performing arts theater to indoor participant sports (night club)  per plan. (install sprinkler system under separate permit #6249868). 4916 RAINIER AVE S","address":"4916 RAINIER AVE S","link":"https://services.seattle.gov/portal/customize/LinkToRecord.aspx?altId=6243693-CN","location1":"(47.55731753, -122.28445633)","permitnum":"6243693-CN","issueddate":"2010-06-15","applieddate":"2010-03-31","expiresdate":"2011-12-15","completeddate":"2011-08-15","statuscurrent":"Completed","estprojectcost":"21,000","housingcategory":"Commercial Add/Alt","permittypemapped":"Building","dependentbuilding":"0","housingunitsadded":"0","permitclassmapped":"Non-Residential","daysoutcorrections":"0","numberreviewcycles":"0","housingunitsremoved":"0"},"geometry":{"type":"Point","coordinates":[-122.28445633,47.55731753]}},{"type":"Feature","properties":{"date":null,"year":0,"description":"Substantial alteration & seismic upgrades to all levels of Corner Market with new elevator  repair & replacement to hvac system  fire sprinkler system per plans.(Reviews and processing under AP#6234607)","metadescription":"Addition/Alteration. Substantial alteration & seismic upgrades to all levels of Corner Market with new elevator  repair & replacement to hvac system  fire sprinkler system per plans.(Reviews and processing under AP#6234607). 1501 1ST AVE","address":"1501 1ST AVE","link":"https://services.seattle.gov/portal/customize/LinkToRecord.aspx?altId=6242637-CN","location1":"(47.60896041, -122.34053782)","permitnum":"6242637-CN","issueddate":"2010-07-26","applieddate":"2010-03-08","expiresdate":"2012-01-26","completeddate":"2011-06-17","statuscurrent":"Completed","estprojectcost":"3,583,775","housingcategory":"Commercial Add/Alt","permittypemapped":"Building","dependentbuilding":"0","housingunitsadded":"0","permitclassmapped":"Non-Residential","daysoutcorrections":"0","numberreviewcycles":"0","housingunitsremoved":"0"},"geometry":{"type":"Point","coordinates":[-122.34053782,47.60896041]}},{"type":"Feature","properties":{"date":null,"year":0,"description":"Replace existing fire suppression system for the Pier 48.","metadescription":"Replace existing fire suppression system for the Pier 48.. 201 ALASKAN WAY S","address":"201 ALASKAN WAY S","link":"https://services.seattle.gov/portal/customize/LinkToRecord.aspx?altId=6254956-CN","location1":"(47.60004803, -122.33841756)","permitnum":"6254956-CN","statuscurrent":"Closed","housingcategory":"N/A","permittypemapped":"Building","dependentbuilding":"0","permitclassmapped":"N/A","daysoutcorrections":"0","numberreviewcycles":"0"},"geometry":{"type":"Point","coordinates":[-122.33841756,47.60004803]}},{"type":"Feature","properties":{"date":null,"year":0,"description":"Replaced by Post Sub A/P# 6242489. CHANGE OF USE FROM 4-UNIT LIVE WORK TO 4-PLEX TOWNHOUSE WITH THE ELIMINATION OF SPRINKLER SYSTEM AND FLOOR PLAN CHANGES ONLY  PER PLAN. (Refer to 6135564/6149432 for relevant MUP conditions and related structural details.","metadescription":"Addition/Alteration. Replaced by Post Sub A/P# 6242489. CHANGE OF USE FROM 4-UNIT LIVE WORK TO 4-PLEX TOWNHOUSE WITH THE ELIMINATION OF SPRINKLER SYSTEM AND FLOOR PLAN CHANGES ONLY  PER PLAN. (Refer to 6135564/6149432 for relevant MUP conditions and related structural details.. 4418 MERIDIAN AVE N","address":"4418 MERIDIAN AVE N","link":"https://services.seattle.gov/portal/customize/LinkToRecord.aspx?altId=6231321-CN","location1":"(47.66089924, -122.3332035)","permitnum":"6231321-CN","issueddate":"2010-02-24","applieddate":"2009-12-30","expiresdate":"2011-08-24","statuscurrent":"Canceled","estprojectcost":"5,000","housingcategory":"N/A","permittypemapped":"Building","dependentbuilding":"0","housingunitsadded":"4","permitclassmapped":"Residential","housingunitsremoved":"0"},"geometry":{"type":"Point","coordinates":[-122.3332035,47.66089924]}},{"type":"Feature","properties":{"date":null,"year":0,"description":"Renovation of Denny Hall to include seismic strengthening  accessibility improvements  replacement of outdated mechanical and electrical systems  and updated finish systems.  Project includes replacement of existing elevator and a full sprinkler system.","metadescription":"Addition/Alteration. Renovation of Denny Hall to include seismic strengthening  accessibility improvements  replacement of outdated mechanical and electrical systems  and updated finish systems.  Project includes replacement of existing elevator and a full sprinkler system.. 4216 MEMORIAL WAY NE","address":"4216 MEMORIAL WAY NE","link":"https://services.seattle.gov/portal/customize/LinkToRecord.aspx?altId=6187848-CN","location1":"(47.65835796, -122.30889215)","permitnum":"6187848-CN","statuscurrent":"Closed","housingcategory":"Commercial Add/Alt","permittypemapped":"Building","dependentbuilding":"0","permitclassmapped":"Non-Residential","daysoutcorrections":"0","numberreviewcycles":"0"},"geometry":{"type":"Point","coordinates":[-122.30889215,47.65835796]}},{"type":"Feature","properties":{"date":null,"year":0,"description":"Install accessory enclosed pre-fab spray booth in an existing warehouse with dedicated sprinkler system and mechanical air handling per plans.","metadescription":"Addition/Alteration. Install accessory enclosed pre-fab spray booth in an existing warehouse with dedicated sprinkler system and mechanical air handling per plans.. 53 S DAWSON ST","address":"53 S DAWSON ST","link":"https://services.seattle.gov/portal/customize/LinkToRecord.aspx?altId=6204837-CN","location1":"(47.55526625, -122.33701983)","permitnum":"6204837-CN","issueddate":"2011-08-03","applieddate":"2011-06-20","expiresdate":"2014-08-03","statuscurrent":"Expired","estprojectcost":"71,200","housingcategory":"Commercial Add/Alt","permittypemapped":"Building","dependentbuilding":"0","housingunitsadded":"0","permitclassmapped":"Non-Residential","daysoutcorrections":"0","numberreviewcycles":"0","housingunitsremoved":"0"},"geometry":{"type":"Point","coordinates":[-122.33701983,47.55526625]}},{"type":"Feature","properties":{"date":null,"year":0,"description":"Construct interior tenant improvements for an expanded tenant space of owner \"SBRI\" for laboratories on the 2nd floor  with alterations to existing sprinkler system  all per plan.","metadescription":"Addition/Alteration. Construct interior tenant improvements for an expanded tenant space of owner \"SBRI\" for laboratories on the 2nd floor  with alterations to existing sprinkler system  all per plan.. 307 WESTLAKE AVE N","address":"307 WESTLAKE AVE N","link":"https://services.seattle.gov/portal/customize/LinkToRecord.aspx?altId=6185717-CN","location1":"(47.62121802, -122.3388664)","permitnum":"6185717-CN","issueddate":"2008-09-25","applieddate":"2008-07-28","expiresdate":"2010-03-25","completeddate":"2009-04-24","statuscurrent":"Completed","estprojectcost":"750,000","housingcategory":"Commercial Add/Alt","permittypemapped":"Building","dependentbuilding":"0","housingunitsadded":"0","permitclassmapped":"Non-Residential","daysoutcorrections":"0","numberreviewcycles":"0","housingunitsremoved":"0"},"geometry":{"type":"Point","coordinates":[-122.3388664,47.62121802]}},{"type":"Feature","properties":{"date":null,"year":0,"description":"Change of use from restaurant to retail (adult novelty) store The Crypt  and occupy per plans.  Add automatic sprinkler system to this space and adjacent bar/restaurant to fully sprinkler entire building.","metadescription":"Addition/Alteration. Change of use from restaurant to retail (adult novelty) store The Crypt  and occupy per plans.  Add automatic sprinkler system to this space and adjacent bar/restaurant to fully sprinkler entire building.. 1516 11TH AVE","address":"1516 11TH AVE","link":"https://services.seattle.gov/portal/customize/LinkToRecord.aspx?altId=6169251-CN","location1":"(47.61467445, -122.31778156)","permitnum":"6169251-CN","issueddate":"2008-06-09","applieddate":"2008-04-28","expiresdate":"2009-12-09","completeddate":"2009-11-23","statuscurrent":"Completed","estprojectcost":"19,000","housingcategory":"Commercial Add/Alt","permittypemapped":"Building","dependentbuilding":"0","housingunitsadded":"0","permitclassmapped":"Non-Residential","daysoutcorrections":"0","numberreviewcycles":"0","housingunitsremoved":"0"},"geometry":{"type":"Point","coordinates":[-122.31778156,47.61467445]}},{"type":"Feature","properties":{"date":null,"year":0,"description":"shoreline exemption: Pier 66 Bell Harbor Marina - Fire suppression piping replacement.","metadescription":"shoreline exemption: Pier 66 Bell Harbor Marina - Fire suppression piping replacement.. 2201 ALASKAN WAY","address":"2201 ALASKAN WAY","link":"https://services.seattle.gov/portal/customize/LinkToRecord.aspx?altId=6162152-CN","location1":"(47.61137918, -122.34948695)","permitnum":"6162152-CN","statuscurrent":"Closed","housingcategory":"N/A","permittypemapped":"Building","dependentbuilding":"0","permitclassmapped":"N/A","daysoutcorrections":"0","numberreviewcycles":"0"},"geometry":{"type":"Point","coordinates":[-122.34948695,47.61137918]}},{"type":"Feature","properties":{"date":null,"year":0,"description":"Partial floor infill and establish use as warehouse approx 2400 sf on 2nd floor of existing 2-story building.  Building improvements include storefront entries  restrooms  sprinkler system and interior egress stairs  per plan.","metadescription":"Addition/Alteration. Partial floor infill and establish use as warehouse approx 2400 sf on 2nd floor of existing 2-story building.  Building improvements include storefront entries  restrooms  sprinkler system and interior egress stairs  per plan.. 3408 1ST AVE S","address":"3408 1ST AVE S","link":"https://services.seattle.gov/portal/customize/LinkToRecord.aspx?altId=6161851-CN","location1":"(47.57355351, -122.33294029)","permitnum":"6161851-CN","issueddate":"2008-02-26","applieddate":"2008-01-07","expiresdate":"2011-06-15","completeddate":"2009-12-17","statuscurrent":"Completed","estprojectcost":"149,800","housingcategory":"Commercial Add/Alt","permittypemapped":"Building","dependentbuilding":"0","housingunitsadded":"0","permitclassmapped":"Non-Residential","daysoutcorrections":"0","numberreviewcycles":"0","housingunitsremoved":"0"},"geometry":{"type":"Point","coordinates":[-122.33294029,47.57355351]}},{"type":"Feature","properties":{"date":null,"year":0,"description":"Exception/Exemption Request for: shoreline exemption: Pier 66 Bell Harbor Marina - Fire suppression piping replacement.","metadescription":"Shoreline Exemption. Exception/Exemption Request for: shoreline exemption: Pier 66 Bell Harbor Marina - Fire suppression piping replacement.. 2201 ALASKAN WAY","address":"2201 ALASKAN WAY","link":"https://services.seattle.gov/portal/customize/LinkToRecord.aspx?altId=6162152-EX","location1":"(47.61137918, -122.34948695)","permitnum":"6162152-EX","statuscurrent":"Completed","housingcategory":"N/A","permittypemapped":"ECA and Shoreline Exemption/Street Improvement Exception Request","dependentbuilding":"0","permitclassmapped":"N/A","daysoutcorrections":"0","numberreviewcycles":"0"},"geometry":{"type":"Point","coordinates":[-122.34948695,47.61137918]}},{"type":"Feature","properties":{"date":null,"year":0,"description":"Extend existing building automatic fire sprinkler system to protect the office floors of the building.","metadescription":"Addition/Alteration. Extend existing building automatic fire sprinkler system to protect the office floors of the building.. 720 3RD AVE","address":"720 3RD AVE","link":"https://services.seattle.gov/portal/customize/LinkToRecord.aspx?altId=6132481-CN","location1":"(47.60411459, -122.33226664)","permitnum":"6132481-CN","statuscurrent":"Closed","housingcategory":"Commercial Add/Alt","permittypemapped":"Building","dependentbuilding":"0","permitclassmapped":"Non-Residential","daysoutcorrections":"0","numberreviewcycles":"0"},"geometry":{"type":"Point","coordinates":[-122.33226664,47.60411459]}},{"type":"Feature","properties":{"date":null,"year":0,"description":"Substantial alteration and seismic upgrade to 3-story historic building with construction of 4th and 5th floors  partial window replacements  construction of new stairs throughout floors  new elevator construction; type 13 sprinkler system throughout; to combine two bldgs into one for future office  retail  restaurant use  (to be est. under MUP 3008106)  per plan","metadescription":"Addition/Alteration. Substantial alteration and seismic upgrade to 3-story historic building with construction of 4th and 5th floors  partial window replacements  construction of new stairs throughout floors  new elevator construction; type 13 sprinkler system throughout; to combine two bldgs into one for future office  retail  restaurant use  (to be est. under MUP 3008106)  per plan. 240 2ND AVE S","address":"240 2ND AVE S","link":"https://services.seattle.gov/portal/customize/LinkToRecord.aspx?altId=6140976-CN","location1":"(47.60022466, -122.33128397)","permitnum":"6140976-CN","issueddate":"2008-09-08","relatedmup":"3008106-LU","applieddate":"2008-04-04","expiresdate":"2011-09-04","completeddate":"2010-09-07","statuscurrent":"Completed","estprojectcost":"5,500,000","housingcategory":"Commercial Add/Alt","permittypemapped":"Building","dependentbuilding":"0","housingunitsadded":"0","permitclassmapped":"Non-Residential","daysoutcorrections":"0","numberreviewcycles":"0","housingunitsremoved":"0"},"geometry":{"type":"Point","coordinates":[-122.33128397,47.60022466]}},{"type":"Feature","properties":{"date":null,"year":0,"description":"Provide partial sprinkler system to Building 30","metadescription":"Addition/Alteration. Provide partial sprinkler system to Building 30. 6310 NE 74TH ST","address":"6310 NE 74TH ST","link":"https://services.seattle.gov/portal/customize/LinkToRecord.aspx?altId=6140816-CN","location1":"(47.68285604, -122.2610758)","permitnum":"6140816-CN","statuscurrent":"Closed","housingcategory":"Commercial Add/Alt","permittypemapped":"Building","dependentbuilding":"0","permitclassmapped":"Non-Residential","daysoutcorrections":"0","numberreviewcycles":"0"},"geometry":{"type":"Point","coordinates":[-122.2610758,47.68285604]}},{"type":"Feature","properties":{"date":null,"year":0,"description":"Tenant improvement to 26th floor of existing offices. Add auto sprinkler system & change B conference room to A-3 conference  and occupy per plan.","metadescription":"Addition/Alteration. Tenant improvement to 26th floor of existing offices. Add auto sprinkler system & change B conference room to A-3 conference  and occupy per plan.. 1215 4TH AVE","address":"1215 4TH AVE","link":"https://services.seattle.gov/portal/customize/LinkToRecord.aspx?altId=6134564-CN","location1":"(47.60765132, -122.33481388)","permitnum":"6134564-CN","issueddate":"2007-08-22","applieddate":"2007-06-28","expiresdate":"2009-02-22","completeddate":"2009-03-30","statuscurrent":"Completed","estprojectcost":"352,200","housingcategory":"Commercial Add/Alt","permittypemapped":"Building","dependentbuilding":"0","housingunitsadded":"0","permitclassmapped":"Non-Residential","daysoutcorrections":"0","numberreviewcycles":"0","housingunitsremoved":"0"},"geometry":{"type":"Point","coordinates":[-122.33481388,47.60765132]}},{"type":"Feature","properties":{"date":null,"year":0,"description":"Closed as Incomplete - Expired Permit    Install automatic sprinkler system in existing commercial building  per plans.","metadescription":"Addition/Alteration. Closed as Incomplete - Expired Permit    Install automatic sprinkler system in existing commercial building  per plans.. 3300 AIRPORT WAY S","address":"3300 AIRPORT WAY S","link":"https://services.seattle.gov/portal/customize/LinkToRecord.aspx?altId=6112823-CN","location1":"(47.57392343, -122.32087559)","permitnum":"6112823-CN","issueddate":"2006-12-26","applieddate":"2006-09-15","expiresdate":"2008-06-26","statuscurrent":"Completed","estprojectcost":"1","housingcategory":"Commercial Add/Alt","permittypemapped":"Building","dependentbuilding":"0","housingunitsadded":"0","permitclassmapped":"Non-Residential","daysoutcorrections":"0","numberreviewcycles":"0","housingunitsremoved":"0"},"geometry":{"type":"Point","coordinates":[-122.32087559,47.57392343]}},{"type":"Feature","properties":{"date":null,"year":0,"description":"Closed as Incomplete - Expired Permit    Install automatic sprinkler system in existing restaurant  per plans.","metadescription":"Addition/Alteration. Closed as Incomplete - Expired Permit    Install automatic sprinkler system in existing restaurant  per plans.. 120 STEWART ST","address":"120 STEWART ST","link":"https://services.seattle.gov/portal/customize/LinkToRecord.aspx?altId=6112822-CN","location1":"(47.6109434, -122.34076814)","permitnum":"6112822-CN","issueddate":"2006-10-11","applieddate":"2006-09-15","expiresdate":"2008-04-11","statuscurrent":"Completed","estprojectcost":"1","housingcategory":"Commercial Add/Alt","permittypemapped":"Building","dependentbuilding":"0","housingunitsadded":"0","permitclassmapped":"Non-Residential","daysoutcorrections":"0","numberreviewcycles":"0","housingunitsremoved":"0"},"geometry":{"type":"Point","coordinates":[-122.34076814,47.6109434]}},{"type":"Feature","properties":{"date":null,"year":0,"description":"ESTABLISH USE AS RETAIL SALES & SERVICES  CONSTRUCT BUILDING FOR SPA & OCCUPY  PER PLANS.6/6/08 MVC: REVISION - REMOVAL OF SPRINKLER SYSTEM","metadescription":"New. ESTABLISH USE AS RETAIL SALES & SERVICES  CONSTRUCT BUILDING FOR SPA & OCCUPY  PER PLANS.6/6/08 MVC: REVISION - REMOVAL OF SPRINKLER SYSTEM. 10205 LAKE CITY WAY NE","address":"10205 LAKE CITY WAY NE","link":"https://services.seattle.gov/portal/customize/LinkToRecord.aspx?altId=6112760-CN","location1":"(47.70232281, -122.30237183)","permitnum":"6112760-CN","issueddate":"2005-03-17","applieddate":"2004-11-10","expiresdate":"2009-08-28","completeddate":"2008-08-01","statuscurrent":"Completed","estprojectcost":"374,000","housingcategory":"N/A","permittypemapped":"Building","dependentbuilding":"0","housingunitsadded":"0","permitclassmapped":"Non-Residential","daysoutcorrections":"0","numberreviewcycles":"0","housingunitsremoved":"0"},"geometry":{"type":"Point","coordinates":[-122.30237183,47.70232281]}},{"type":"Feature","properties":{"date":null,"year":0,"description":"Establish use as multifamily structure and construct two 4-unit attached townhouses with attached garages per plan. UPDATE:BLDG ATT- Change from VB to VA construction and 13R to 13D sprinkler system. OTHER: Building Valuation increase.","metadescription":"New. Establish use as multifamily structure and construct two 4-unit attached townhouses with attached garages per plan. UPDATE:BLDG ATT- Change from VB to VA construction and 13R to 13D sprinkler system. OTHER: Building Valuation increase.. 3409 CALIFORNIA AVE SW","address":"3409 CALIFORNIA AVE SW","link":"https://services.seattle.gov/portal/customize/LinkToRecord.aspx?altId=6112762-CN","zoning":"L-2","location1":"(47.57340735, -122.38707204)","permitnum":"6112762-CN","issueddate":"2007-11-05","relatedmup":"3007185-LU","applieddate":"2007-05-31","expiresdate":"2009-05-05","standardplan":"0","completeddate":"2009-06-18","statuscurrent":"Completed","estprojectcost":"796,023","housingcategory":"Middle Housing","dwellingunittype":"Multifamily Ground Level Townhouse","permittypemapped":"Building","dependentbuilding":"0","housingunitsadded":"4","permitclassmapped":"Residential","daysoutcorrections":"0","numberreviewcycles":"0","housingunitsremoved":"0"},"geometry":{"type":"Point","coordinates":[-122.38707204,47.57340735]}},{"type":"Feature","properties":{"date":null,"year":0,"description":"Alterations for change of use from existing retail space in the north bldg. to 5 lodging suites (hotel use) related to hospital services in the south adjacent building add sprinkler system in this space and occupy per plans.","metadescription":"Addition/Alteration. Alterations for change of use from existing retail space in the north bldg. to 5 lodging suites (hotel use) related to hospital services in the south adjacent building add sprinkler system in this space and occupy per plans.. 4300 AURORA AVE N","address":"4300 AURORA AVE N","link":"https://services.seattle.gov/portal/customize/LinkToRecord.aspx?altId=6109173-CN","location1":"(47.65992813, -122.34697172)","permitnum":"6109173-CN","issueddate":"2007-05-24","applieddate":"2006-10-13","expiresdate":"2008-11-24","completeddate":"2008-12-30","statuscurrent":"Completed","estprojectcost":"200,000","housingcategory":"Commercial Add/Alt","permittypemapped":"Building","dependentbuilding":"0","housingunitsadded":"0","permitclassmapped":"Non-Residential","daysoutcorrections":"0","numberreviewcycles":"0","housingunitsremoved":"0"},"geometry":{"type":"Point","coordinates":[-122.34697172,47.65992813]}},{"type":"Feature","properties":{"date":null,"year":0,"description":"Soft demo on fifth floor of Broadway/Edison Building  not to include shafts  fire alarm or sprinkler system per STFI.  (OK to issue prior to renovation permit AP# 6095846).","metadescription":"Soft demo on fifth floor of Broadway/Edison Building  not to include shafts  fire alarm or sprinkler system per STFI.  (OK to issue prior to renovation permit AP# 6095846).. 1701 BROADWAY","address":"1701 BROADWAY","link":"https://services.seattle.gov/portal/customize/LinkToRecord.aspx?altId=6105207-DM","location1":"(47.61677345, -122.32136754)","permitnum":"6105207-DM","issueddate":"2006-07-27","applieddate":"2006-07-27","expiresdate":"2008-01-27","completeddate":"2007-06-26","statuscurrent":"Completed","housingcategory":"N/A","permittypemapped":"Demolition","dependentbuilding":"0","housingunitsadded":"0","permitclassmapped":"Non-Residential","daysoutcorrections":"0","numberreviewcycles":"0","housingunitsremoved":"0"},"geometry":{"type":"Point","coordinates":[-122.32136754,47.61677345]}},{"type":"Feature","properties":{"date":null,"year":0,"description":"Blanket Permit for interior non-structural alterations for the 28th - 31st floors. SAFECO INSURANCE. 6/6/2007 revision adding Fire sprinkler.","metadescription":"Tenant Improvment. Blanket Permit for interior non-structural alterations for the 28th - 31st floors. SAFECO INSURANCE. 6/6/2007 revision adding Fire sprinkler.. 1001 4TH AVE","address":"1001 4TH AVE","link":"https://services.seattle.gov/portal/customize/LinkToRecord.aspx?altId=6119055-BK","location1":"(47.60615304, -122.33389399)","permitnum":"6119055-BK","issueddate":"2006-12-27","applieddate":"2006-11-07","expiresdate":"2008-06-27","completeddate":"2007-09-28","statuscurrent":"Completed","housingcategory":"N/A","permittypemapped":"Building","dependentbuilding":"0","permitclassmapped":"N/A","daysoutcorrections":"0","numberreviewcycles":"0"},"geometry":{"type":"Point","coordinates":[-122.33389399,47.60615304]}},{"type":"Feature","properties":{"date":null,"year":0,"description":"Construct addition/alterations to existing church (new sprinkler system throughout) and occupy per plans. Revision to add shoring and pin piles foor addition due to soil conditions to existing church.","metadescription":"Addition/Alteration. Construct addition/alterations to existing church (new sprinkler system throughout) and occupy per plans. Revision to add shoring and pin piles foor addition due to soil conditions to existing church.. 5900 RAINIER AVE S","address":"5900 RAINIER AVE S","link":"https://services.seattle.gov/portal/customize/LinkToRecord.aspx?altId=6099230-CN","location1":"(47.54953755, -122.27683124)","permitnum":"6099230-CN","issueddate":"2006-11-27","applieddate":"2006-06-06","expiresdate":"2014-05-27","completeddate":"2013-05-03","statuscurrent":"Completed","estprojectcost":"1,300,000","housingcategory":"Commercial Add/Alt","permittypemapped":"Building","dependentbuilding":"0","housingunitsadded":"0","permitclassmapped":"Non-Residential","daysoutcorrections":"0","numberreviewcycles":"0","housingunitsremoved":"0"},"geometry":{"type":"Point","coordinates":[-122.27683124,47.54953755]}},{"type":"Feature","properties":{"date":null,"year":0,"description":"Closed as Incomplete - Expired Permit    install sprinkler system in building 8  all per plan","metadescription":"Addition/Alteration. Closed as Incomplete - Expired Permit    install sprinkler system in building 8  all per plan. 3231 SW RAYMOND ST","address":"3231 SW RAYMOND ST","link":"https://services.seattle.gov/portal/customize/LinkToRecord.aspx?altId=6092016-CN","location1":"(47.54789828, -122.37472474)","permitnum":"6092016-CN","issueddate":"2006-06-14","applieddate":"2006-06-14","expiresdate":"2007-12-14","statuscurrent":"Completed","estprojectcost":"1,000","housingcategory":"N/A","permittypemapped":"Building","dependentbuilding":"0","housingunitsadded":"0","permitclassmapped":"Residential","daysoutcorrections":"0","numberreviewcycles":"0","housingunitsremoved":"0"},"geometry":{"type":"Point","coordinates":[-122.37472474,47.54789828]}},{"type":"Feature","properties":{"date":null,"year":0,"description":"Construct single story additions to existing Restuarant/Drinking Establishment (1429 sf) together with associated interior alterations (Add full NFPA13 sprinkler system throughout building)  per plans","metadescription":"Addition/Alteration. Construct single story additions to existing Restuarant/Drinking Establishment (1429 sf) together with associated interior alterations (Add full NFPA13 sprinkler system throughout building)  per plans. 7047 EAST MARGINAL WAY S","address":"7047 EAST MARGINAL WAY S","link":"https://services.seattle.gov/portal/customize/LinkToRecord.aspx?altId=6099705-CN","location1":"(47.53970948, -122.32313489)","permitnum":"6099705-CN","issueddate":"2006-09-13","applieddate":"2006-06-12","expiresdate":"2011-05-18","completeddate":"2011-04-14","statuscurrent":"Completed","estprojectcost":"159,718","housingcategory":"Commercial Add/Alt","permittypemapped":"Building","dependentbuilding":"0","housingunitsadded":"0","permitclassmapped":"Non-Residential","daysoutcorrections":"0","numberreviewcycles":"0","housingunitsremoved":"0"},"geometry":{"type":"Point","coordinates":[-122.32313489,47.53970948]}},{"type":"Feature","properties":{"date":null,"year":0,"description":"Construct non-bearing partition walls in underground parking garage of Medical-Dental Bldg. for a fire sprinkler equipment room and adjacent generator room  per plans.","metadescription":"Addition/Alteration. Construct non-bearing partition walls in underground parking garage of Medical-Dental Bldg. for a fire sprinkler equipment room and adjacent generator room  per plans.. 509 OLIVE WAY","address":"509 OLIVE WAY","link":"https://services.seattle.gov/portal/customize/LinkToRecord.aspx?altId=6083366-CN","location1":"(47.61275017, -122.33686714)","permitnum":"6083366-CN","issueddate":"2006-02-17","applieddate":"2006-01-27","expiresdate":"2007-08-17","completeddate":"2007-03-29","statuscurrent":"Completed","estprojectcost":"20,000","housingcategory":"Commercial Add/Alt","permittypemapped":"Building","dependentbuilding":"0","housingunitsadded":"0","permitclassmapped":"Non-Residential","daysoutcorrections":"0","numberreviewcycles":"0","housingunitsremoved":"0"},"geometry":{"type":"Point","coordinates":[-122.33686714,47.61275017]}},{"type":"Feature","properties":{"date":null,"year":0,"description":"Closed as Incomplete - Expired Permit    Extend existing fire sprinkler system and install 40 new sprinkler heads underneath mezzanine 1st floor warehouse of existing Washington State Liquor Control Board bldg per plan.","metadescription":"Addition/Alteration. Closed as Incomplete - Expired Permit    Extend existing fire sprinkler system and install 40 new sprinkler heads underneath mezzanine 1st floor warehouse of existing Washington State Liquor Control Board bldg per plan.. 4401 EAST MARGINAL WAY S","address":"4401 EAST MARGINAL WAY S","link":"https://services.seattle.gov/portal/customize/LinkToRecord.aspx?altId=6076401-CN","location1":"(47.56419557, -122.34263419)","permitnum":"6076401-CN","issueddate":"2005-11-02","applieddate":"2005-10-24","expiresdate":"2007-05-02","statuscurrent":"Completed","estprojectcost":"8,000","housingcategory":"Commercial Add/Alt","permittypemapped":"Building","dependentbuilding":"0","housingunitsadded":"0","permitclassmapped":"Non-Residential","daysoutcorrections":"0","numberreviewcycles":"0","housingunitsremoved":"0"},"geometry":{"type":"Point","coordinates":[-122.34263419,47.56419557]}},{"type":"Feature","properties":{"date":null,"year":0,"description":"Establish use of entire bldg as Admin Office.Interior alteration to admin offices and vault storage on 1st floor of existing building and portion of basement. Addition of loading dock and ramp and modifications of entry canopy  also add sprinkler system at floor one; all per plans.(EMP)","metadescription":"Addition/Alteration. Establish use of entire bldg as Admin Office.Interior alteration to admin offices and vault storage on 1st floor of existing building and portion of basement. Addition of loading dock and ramp and modifications of entry canopy  also add sprinkler system at floor one; all per plans.(EMP). 330 6TH AVE N","address":"330 6TH AVE N","link":"https://services.seattle.gov/portal/customize/LinkToRecord.aspx?altId=6077301-CN","location1":"(47.62179543, -122.34462679)","permitnum":"6077301-CN","issueddate":"2006-01-27","applieddate":"2005-11-07","expiresdate":"2009-01-27","completeddate":"2008-07-18","statuscurrent":"Completed","estprojectcost":"625,000","housingcategory":"Commercial Add/Alt","permittypemapped":"Building","dependentbuilding":"0","housingunitsadded":"0","permitclassmapped":"Non-Residential","daysoutcorrections":"0","numberreviewcycles":"0","housingunitsremoved":"0"},"geometry":{"type":"Point","coordinates":[-122.34462679,47.62179543]}},{"type":"Feature","properties":{"date":null,"year":0,"description":"Establish use as apartments. Alterations to convert a duplex to a triplex and install a fire sprinkler system in the new basement unit. Occcupy per plan.","metadescription":"Addition/Alteration. Establish use as apartments. Alterations to convert a duplex to a triplex and install a fire sprinkler system in the new basement unit. Occcupy per plan.. 2853 THORNDYKE AVE W","address":"2853 THORNDYKE AVE W","link":"https://services.seattle.gov/portal/customize/LinkToRecord.aspx?altId=6063353-CN","zoning":"L-1","location1":"(47.64617414, -122.38256517)","permitnum":"6063353-CN","issueddate":"2006-01-18","applieddate":"2005-12-28","expiresdate":"2007-07-18","standardplan":"0","completeddate":"2006-03-03","statuscurrent":"Completed","estprojectcost":"2,000","housingcategory":"Middle Housing","dwellingunittype":"Multifamily Ground Level Tandem Dwelling","permittypemapped":"Building","dependentbuilding":"0","housingunitsadded":"1","permitclassmapped":"Residential","daysoutcorrections":"0","numberreviewcycles":"0","housingunitsremoved":"0"},"geometry":{"type":"Point","coordinates":[-122.38256517,47.64617414]}}]}
