{"type":"FeatureCollection","features":[{"type":"Feature","properties":{"date":"2026-06-08T04:00:00.000Z","year":2026,"description":"INSTALLATION OF TEMPORARY PLATFORM STRUCTURE WITH RAMP AND STAIRWAY ACCESS TO INCLUDE TEMPORARY TENT INSTALLATION COMPLYING WITH NFPA 701 FOR RETAIL USE AS PER APPROVED PLANS AND PHC APPROVAL. *2018 IBC REVIEW*\n**SEPARATE PERMITS REQUIRED FOR ANY MECHANICAL OR ELECTRICAL INSTALLATION**","metadescription":"Building. Addition and/or Alteration. INSTALLATION OF TEMPORARY PLATFORM STRUCTURE WITH RAMP AND STAIRWAY ACCESS TO INCLUDE TEMPORARY TENT INSTALLATION COMPLYING WITH NFPA 701 FOR RETAIL USE AS PER APPROVED PLANS AND PHC APPROVAL. *2018 IBC REVIEW*\n**SEPARATE PERMITS REQUIRED FOR ANY MECHANICAL OR ELECTRICAL INSTALLATION**. Issued. 801 LEMON HILL DR","address":"801 LEMON HILL DR","the_geom":"0101000020E610000040F086D3F2CB52C020FD68FC31FC4340","geocode_x":"2686849.3984745800","geocode_y":"242455.4224810900","censustract":"980000","posse_jobid":"987016612","numberofunits":"1","mostrecentinsp":"2026-06-08 22:02:32+00","systemofrecord":"ECLIPSE","addressobjectid":"927326245","numberofstories":"1.0","permitdescription":"Commercial Building Permit","contractoraddress1":"ARENA EVENT SERVICES, INC.\n10861 S HOWELL AVE\nOAK CREEK, WI  53154\nUSA","permitcompleteddate":"2026-05-06 20:12:01+00","the_geom_webmercator":"0101000020110F00004370362D94ED5FC1B6E1A3EEAD8B5241","certificateofoccupancyrequired":"N"},"geometry":{"type":"Point","coordinates":[-75.18669594,39.970275451]}},{"type":"Feature","properties":{"date":"2026-05-28T04:00:00.000Z","year":2026,"description":"INSTALLATION OF TEMPORARY TENT STRUCTURE FOR 5/30/2026 & 5/31/2026 AS PER APPROVED PLANS. TENT AND ACCESSORIES MUST MEET FLAME PROPOGATION PERFORMANCE CRITERIA IN NFPA 701.","metadescription":"Building. Addition and/or Alteration. INSTALLATION OF TEMPORARY TENT STRUCTURE FOR 5/30/2026 & 5/31/2026 AS PER APPROVED PLANS. TENT AND ACCESSORIES MUST MEET FLAME PROPOGATION PERFORMANCE CRITERIA IN NFPA 701.. Completed. 1883 BELMONT MANSION DR","address":"1883 BELMONT MANSION DR","the_geom":"0101000020E610000039D59D59B5CD52C0C0D5769FB5FE4340","geocode_x":"2678940.0175657000","geocode_y":"249385.3182881500","censustract":"980000","posse_jobid":"993305404","numberofunits":"1","mostrecentinsp":"2026-05-29 22:30:16+00","systemofrecord":"ECLIPSE","addressobjectid":"927326653","numberofstories":"1.0","areaofdisturbance":"2100.0","permitdescription":"Commercial Building Permit","contractoraddress1":"ESM Productions, LLC\n1500 JFK BLVD\nSuite 600\nPhiladelphia, PA  19102\nUSA","permitcompleteddate":"2026-06-01 18:00:40+00","the_geom_webmercator":"0101000020110F0000DEFAC46F91F05FC183E94150778E5241","certificateofoccupancyrequired":"N"},"geometry":{"type":"Point","coordinates":[-75.21419373,39.989917691]}},{"type":"Feature","properties":{"date":"2026-05-28T04:00:00.000Z","year":2026,"description":"INSTALLATION OF TEMPORARY TENT STRUCTURE FOR 5/30/2026 & 5/31/2026 AS PER APPROVED PLANS. TENT AND ACCESSORIES MUST MEET FLAME PROPOGATION PERFORMANCE CRITERIA IN NFPA 701.","metadescription":"Building. Addition and/or Alteration. INSTALLATION OF TEMPORARY TENT STRUCTURE FOR 5/30/2026 & 5/31/2026 AS PER APPROVED PLANS. TENT AND ACCESSORIES MUST MEET FLAME PROPOGATION PERFORMANCE CRITERIA IN NFPA 701.. Completed. 1883 BELMONT MANSION DR","address":"1883 BELMONT MANSION DR","the_geom":"0101000020E610000039D59D59B5CD52C0C0D5769FB5FE4340","geocode_x":"2678940.0175657000","geocode_y":"249385.3182881500","censustract":"980000","posse_jobid":"993303057","numberofunits":"1","mostrecentinsp":"2026-05-29 22:29:37+00","systemofrecord":"ECLIPSE","addressobjectid":"927326653","numberofstories":"1.0","permitdescription":"Commercial Building Permit","contractoraddress1":"ESM Productions, LLC\n1500 JFK BLVD\nSuite 600\nPhiladelphia, PA  19102\nUSA","permitcompleteddate":"2026-06-01 18:01:51+00","the_geom_webmercator":"0101000020110F0000DEFAC46F91F05FC183E94150778E5241","certificateofoccupancyrequired":"N"},"geometry":{"type":"Point","coordinates":[-75.21419373,39.989917691]}},{"type":"Feature","properties":{"date":"2026-04-08T04:00:00.000Z","year":2026,"description":"FOR THE ERECTION OF TEMPORARY STRUCTURE AS PER APPROVED PLANS.","metadescription":"Building. Addition and/or Alteration. FOR THE ERECTION OF TEMPORARY STRUCTURE AS PER APPROVED PLANS.. Issued. 3200 WALNUT ST","address":"3200 WALNUT ST","the_geom":"0101000020E61000002D1CF45A20CC52C0F7D89F1CB2F94340","geocode_x":"2686277.0781592700","geocode_y":"235322.3339702700","opa_owner":"TRUSTEES OF THE UNIVERSIT","censustract":"036900","posse_jobid":"962005865","numberofunits":"1","mostrecentinsp":"2026-04-23 13:12:23+00","systemofrecord":"ECLIPSE","addressobjectid":"366908377","numberofstories":"1.0","opa_account_num":"773561600","areaofdisturbance":"0.0","permitdescription":"Commercial Building Permit","contractoraddress1":"Rosette Specialty Trades LLC\n300 S Pennell Road\nSuite 310\nMedia, PA  19063\nUSA","the_geom_webmercator":"0101000020110F0000D2992083E1ED5FC134E7AEECE8885241","certificateofoccupancyrequired":"Y"},"geometry":{"type":"Point","coordinates":[-75.18947481,39.950748041]}},{"type":"Feature","properties":{"date":"2025-10-24T04:00:00.000Z","year":2025,"description":"ASSEMBLY USE TENT - LAWFUL OCCUPANCY SHALL BE AS POSTED - REMOVAL DATE \nELECTRICAL PERMIT REQUIRED, UNLESS POWER IS PROVIDED THROUGH EXISTING EXTERIOR GROUND FAULT PROTECTED RECEPTACLES AND POWER CORDS ARE RATED EXTRA HEAVY DUTY WITH U. L. LABEL STATING SUCH RATING. NO COOKING OR HEATING PERMITTED WITH THIS APPROVAL. IF TENT IS NOT READY FOR INSPECTION TO INCLUDE ELECTRICAL COMPONENTS, AN ADDITIONAL WILL BE APPLIED FOR ANY AFTER HOURS INSPECTION WITH POSSIBLE ISSUANCE OF CODE VIOLATION NOTICES. ELECTRICAL PERMIT NUMBER MUST BE PROVIDED 24-HRS PRIOR TO EVENT. Streets Department permit is required for street closure prior to the start work if applicable.  If stage or Platforms are Exceeding 18\" and occupied by the general public a separate building permit will be required. As per the 2018 Phila Fire Code  3106.5.1 Separation from tents or structures. Cooking appliances or devices that produce sparks or grease-laden vapors or flying embers (firebrands) shall not be used within 20 feet (6096 mm) of a tent or temporary structure.","metadescription":"Operations. Temporary Tents and Canopies. ASSEMBLY USE TENT - LAWFUL OCCUPANCY SHALL BE AS POSTED - REMOVAL DATE \nELECTRICAL PERMIT REQUIRED, UNLESS POWER IS PROVIDED THROUGH EXISTING EXTERIOR GROUND FAULT PROTECTED RECEPTACLES AND POWER CORDS ARE RATED EXTRA HEAVY DUTY WITH U. L. LABEL STATING SUCH RATING. NO COOKING OR HEATING PERMITTED WITH THIS APPROVAL. IF TENT IS NOT READY FOR INSPECTION TO INCLUDE ELECTRICAL COMPONENTS, AN ADDITIONAL WILL BE APPLIED FOR ANY AFTER HOURS INSPECTION WITH POSSIBLE ISSUANCE OF CODE VIOLATION NOTICES. ELECTRICAL PERMIT NUMBER MUST BE PROVIDED 24-HRS PRIOR TO EVENT. Streets Department permit is required for street closure prior to the start work if applicable.  If stage or Platforms are Exceeding 18\" and occupied by the general public a separate building permit will be required. As per the 2018 Phila Fire Code  3106.5.1 Separation from tents or structures. Cooking appliances or devices that produce sparks or grease-laden vapors or flying embers (firebrands) shall not be used within 20 feet (6096 mm) of a tent or temporary structure.. Expired. 1501 JOHN F KENNEDY BLVD","address":"1501 JOHN F KENNEDY BLVD","the_geom":"0101000020E61000000424F8339BCA52C00E4C6C5223FA4340","geocode_x":"2692896.6130459000","geocode_y":"236774.2997040500","censustract":"000402","posse_jobid":"926634553","mostrecentinsp":"2025-12-31 17:03:23+00","systemofrecord":"ECLIPSE","addressobjectid":"131618274","permitdescription":"Operations Permit","permitcompleteddate":"2026-01-26 13:41:59+00","the_geom_webmercator":"0101000020110F000035B3767F4CEB5FC1A0F0F75966895241"},"geometry":{"type":"Point","coordinates":[-75.16572284,39.954202941]}},{"type":"Feature","properties":{"date":"2025-10-24T04:00:00.000Z","year":2025,"description":"ASSEMBLY USE TENT - LAWFUL OCCUPANCY SHALL BE AS POSTED - REMOVAL DATE \nELECTRICAL PERMIT REQUIRED, UNLESS POWER IS PROVIDED THROUGH EXISTING EXTERIOR GROUND FAULT PROTECTED RECEPTACLES AND POWER CORDS ARE RATED EXTRA HEAVY DUTY WITH U. L. LABEL STATING SUCH RATING. NO COOKING OR HEATING PERMITTED WITH THIS APPROVAL. IF TENT IS NOT READY FOR INSPECTION TO INCLUDE ELECTRICAL COMPONENTS, AN ADDITIONAL WILL BE APPLIED FOR ANY AFTER HOURS INSPECTION WITH POSSIBLE ISSUANCE OF CODE VIOLATION NOTICES. ELECTRICAL PERMIT NUMBER MUST BE PROVIDED 24-HRS PRIOR TO EVENT. Streets Department permit is required for street closure prior to the start work if applicable. As per the 2018 Philadelphia Fire Code \n 3106.5.1 Separation from tents or structures. Cooking appliances or devices that produce sparks or grease-laden\nvapors or flying embers (firebrands) shall not be used within 20 feet (6096 mm) of a tent or temporary structure.","metadescription":"Operations. Temporary Tents and Canopies. ASSEMBLY USE TENT - LAWFUL OCCUPANCY SHALL BE AS POSTED - REMOVAL DATE \nELECTRICAL PERMIT REQUIRED, UNLESS POWER IS PROVIDED THROUGH EXISTING EXTERIOR GROUND FAULT PROTECTED RECEPTACLES AND POWER CORDS ARE RATED EXTRA HEAVY DUTY WITH U. L. LABEL STATING SUCH RATING. NO COOKING OR HEATING PERMITTED WITH THIS APPROVAL. IF TENT IS NOT READY FOR INSPECTION TO INCLUDE ELECTRICAL COMPONENTS, AN ADDITIONAL WILL BE APPLIED FOR ANY AFTER HOURS INSPECTION WITH POSSIBLE ISSUANCE OF CODE VIOLATION NOTICES. ELECTRICAL PERMIT NUMBER MUST BE PROVIDED 24-HRS PRIOR TO EVENT. Streets Department permit is required for street closure prior to the start work if applicable. As per the 2018 Philadelphia Fire Code \n 3106.5.1 Separation from tents or structures. Cooking appliances or devices that produce sparks or grease-laden\nvapors or flying embers (firebrands) shall not be used within 20 feet (6096 mm) of a tent or temporary structure.. Issued. 1400 JOHN F KENNEDY BLVD","address":"1400 JOHN F KENNEDY BLVD","the_geom":"0101000020E61000003928C44D7CCA52C094306379EBF94340","geocode_x":"2693443.2873306100","geocode_y":"236169.1809698000","opa_owner":"CITY OF PHILA, DEPT OF PUBLIC PROP","censustract":"000500","posse_jobid":"924937143","mostrecentinsp":"2026-03-12 18:05:21+00","systemofrecord":"ECLIPSE","addressobjectid":"133793912","opa_account_num":"782273400","permitdescription":"Operations Permit","the_geom_webmercator":"0101000020110F00006912300318EB5FC1BD3AE87928895241"},"geometry":{"type":"Point","coordinates":[-75.1638369,39.952498601]}},{"type":"Feature","properties":{"date":"2025-10-24T04:00:00.000Z","year":2025,"description":"ASSEMBLY USE TENT - LAWFUL OCCUPANCY SHALL BE AS POSTED - REMOVAL DATE \nELECTRICAL PERMIT REQUIRED, UNLESS POWER IS PROVIDED THROUGH EXISTING EXTERIOR GROUND FAULT PROTECTED RECEPTACLES AND POWER CORDS ARE RATED EXTRA HEAVY DUTY WITH U. L. LABEL STATING SUCH RATING. NO COOKING OR HEATING PERMITTED WITH THIS APPROVAL. IF TENT IS NOT READY FOR INSPECTION TO INCLUDE ELECTRICAL COMPONENTS, AN ADDITIONAL WILL BE APPLIED FOR ANY AFTER HOURS INSPECTION WITH POSSIBLE ISSUANCE OF CODE VIOLATION NOTICES. ELECTRICAL PERMIT NUMBER MUST BE PROVIDED 24-HRS PRIOR TO EVENT. Streets Department permit is required for street closure prior to the start work if applicable. As per the 2018 PHILADELPHIA FIRE CODE  3106.5.1 Separation from tents or structures. Cooking appliances or devices that produce sparks or grease-laden vapors or flying embers (firebrands) shall not be used within 20 feet (6096 mm) of a tent or temporary structure.","metadescription":"Operations. Temporary Tents and Canopies. ASSEMBLY USE TENT - LAWFUL OCCUPANCY SHALL BE AS POSTED - REMOVAL DATE \nELECTRICAL PERMIT REQUIRED, UNLESS POWER IS PROVIDED THROUGH EXISTING EXTERIOR GROUND FAULT PROTECTED RECEPTACLES AND POWER CORDS ARE RATED EXTRA HEAVY DUTY WITH U. L. LABEL STATING SUCH RATING. NO COOKING OR HEATING PERMITTED WITH THIS APPROVAL. IF TENT IS NOT READY FOR INSPECTION TO INCLUDE ELECTRICAL COMPONENTS, AN ADDITIONAL WILL BE APPLIED FOR ANY AFTER HOURS INSPECTION WITH POSSIBLE ISSUANCE OF CODE VIOLATION NOTICES. ELECTRICAL PERMIT NUMBER MUST BE PROVIDED 24-HRS PRIOR TO EVENT. Streets Department permit is required for street closure prior to the start work if applicable. As per the 2018 PHILADELPHIA FIRE CODE  3106.5.1 Separation from tents or structures. Cooking appliances or devices that produce sparks or grease-laden vapors or flying embers (firebrands) shall not be used within 20 feet (6096 mm) of a tent or temporary structure.. Issued. 1400 JOHN F KENNEDY BLVD","address":"1400 JOHN F KENNEDY BLVD","the_geom":"0101000020E61000003928C44D7CCA52C094306379EBF94340","geocode_x":"2693443.2873306100","geocode_y":"236169.1809698000","opa_owner":"CITY OF PHILA, DEPT OF PUBLIC PROP","censustract":"000500","posse_jobid":"924884552","mostrecentinsp":"2026-03-12 18:02:34+00","systemofrecord":"ECLIPSE","addressobjectid":"133793912","opa_account_num":"782273400","permitdescription":"Operations Permit","the_geom_webmercator":"0101000020110F00006912300318EB5FC1BD3AE87928895241"},"geometry":{"type":"Point","coordinates":[-75.1638369,39.952498601]}},{"type":"Feature","properties":{"date":"2025-07-24T12:26:11.000Z","year":2025,"description":"For the erection of two temporary structure within the existing building footprint, to increase the total gross floor area. Size and location per plans.","metadescription":"Zoning. New construction, addition, GFA change. For the erection of two temporary structure within the existing building footprint, to increase the total gross floor area. Size and location per plans.. Issued. 2 FRANKLIN TOWN BLVD","address":"2 FRANKLIN TOWN BLVD","the_geom":"0101000020E6100000C12004ADC2CA52C0DDB4D309DBFA4340","geocode_x":"2692161.7738928100","geocode_y":"238796.0504979700","opa_owner":"LOGAN REAL PROPERTY LLC","censustract":"012500","posse_jobid":"893864712","usecategories":"Residential - Household Living - Multi-Family","systemofrecord":"ECLIPSE","addressobjectid":"128794025","opa_account_num":"881435700","areaofdisturbance":"0.0","permitdescription":"Zoning Permit","contractoraddress1":"Klehr Harrison Harvey Branzburg LLP\n1835 Market Street\nSuite 1400\nPhiladelphia, PA  19103\nUSA","the_geom_webmercator":"0101000020110F00003D0EE78B8FEB5FC1C5F814E8318A5241"},"geometry":{"type":"Point","coordinates":[-75.168132071,39.959809521]}},{"type":"Feature","properties":{"date":"2025-04-28T04:00:00.000Z","year":2025,"description":"Install a temporary tent at the Mann Music Center for a private event within the Mann. Tenting will not impact streets or sidewalks. Install 4/25/25 Event 4/30/25 Remove 5/2/25. NO TENTS ON THE SIDEWALK OR STREETS.","metadescription":"Operations. Temporary Tents and Canopies. Install a temporary tent at the Mann Music Center for a private event within the Mann. Tenting will not impact streets or sidewalks. Install 4/25/25 Event 4/30/25 Remove 5/2/25. NO TENTS ON THE SIDEWALK OR STREETS.. Expired. 5201 PARKSIDE AVE","address":"5201 PARKSIDE AVE","the_geom":"0101000020E6100000A61A7BC03ACE52C0A178352FCDFD4340","geocode_x":"2676733.4456896100","geocode_y":"246736.9574485900","censustract":"980000","posse_jobid":"861312560","systemofrecord":"ECLIPSE","addressobjectid":"654893018","permitdescription":"Operations Permit","permitcompleteddate":"2025-07-03 18:55:45+00","the_geom_webmercator":"0101000020110F00006AF7720874F15FC1713013AA758D5241"},"geometry":{"type":"Point","coordinates":[-75.22233593,39.982824231]}},{"type":"Feature","properties":{"date":"2025-04-17T04:00:00.000Z","year":2025,"description":"temporary tent","metadescription":"Operations. Temporary Tents and Canopies. temporary tent. Expired. 8310 CRITTENDEN ST","address":"8310 CRITTENDEN ST","the_geom":"0101000020E6100000800C193FE8CC52C0DEDB5E75FC094440","geocode_x":"2681520.3261722500","geocode_y":"281565.9769939100","opa_owner":"ZABIEREK PETER, ZABIEREK JENNIFER","censustract":"038700","posse_jobid":"865191605","systemofrecord":"ECLIPSE","addressobjectid":"487080671","opa_account_num":"091227600","permitdescription":"Operations Permit","permitcompleteddate":"2025-07-25 18:55:09+00","the_geom_webmercator":"0101000020110F000038EF290C35EF5FC16F08267EF99A5241"},"geometry":{"type":"Point","coordinates":[-75.2016752,40.078016921]}},{"type":"Feature","properties":{"date":"2025-03-25T04:00:00.000Z","year":2025,"description":"Temporary tent installation of a 20x60 tent as per 2018 Philadelphia fire code and manufacturers specifications/installations.","metadescription":"Operations. Temporary Tents and Canopies. Temporary tent installation of a 20x60 tent as per 2018 Philadelphia fire code and manufacturers specifications/installations.. Expired. 982 N 6TH ST","address":"982 N 6TH ST","the_geom":"0101000020E61000002C37D7DE67C952C07159FBE51BFC4340","geocode_x":"2697987.8442233200","geocode_y":"242535.6698388700","opa_owner":"CITY OF PHILA, DEPT OF PUBLIC PROP","censustract":"014100","posse_jobid":"853282255","mostrecentinsp":"2025-03-27 17:14:10+00","systemofrecord":"ECLIPSE","addressobjectid":"689079144","opa_account_num":"885129840","permitdescription":"Operations Permit","permitcompleteddate":"2025-06-16 19:37:03+00","the_geom_webmercator":"0101000020110F0000D48C717642E95FC1D6366E74958B5241"},"geometry":{"type":"Point","coordinates":[-75.14696475,39.969601391]}},{"type":"Feature","properties":{"date":"2025-03-07T05:00:00.000Z","year":2025,"description":"INSTALLATION OF FOUNDATIONS FOR PROPOSED TEMPORARY TENT STRUCTURE AS PER APPROVED PLANS. *2018 IBC REVIEW*\n**SEPARATE PERMIT REQUIRED FOR TENT INSTALLATION**","metadescription":"Site / Utility Permit. Foundation. INSTALLATION OF FOUNDATIONS FOR PROPOSED TEMPORARY TENT STRUCTURE AS PER APPROVED PLANS. *2018 IBC REVIEW*\n**SEPARATE PERMIT REQUIRED FOR TENT INSTALLATION**. Completed. 1 CITIZENS BANK WAY","address":"1 CITIZENS BANK WAY","the_geom":"0101000020E610000010FF71D2A4CA52C08078AB52F1F34340","geocode_x":"2693247.8564513200","geocode_y":"219145.4755237600","opa_owner":"CITY OF PHILA","censustract":"980600","posse_jobid":"843774331","mostrecentinsp":"2025-03-28 14:31:22+00","systemofrecord":"ECLIPSE","addressobjectid":"129559144","numberofstories":"1.0","opa_account_num":"788020010","areaofdisturbance":"500.0","permitdescription":"Site / Utility Permit","contractoraddress1":"LF Driscoll Company LLC\n","permitcompleteddate":"2025-03-31 14:09:42+00","the_geom_webmercator":"0101000020110F000078193AD65CEB5FC15AF9E2C789825241"},"geometry":{"type":"Point","coordinates":[-75.16630994,39.905802091]}},{"type":"Feature","properties":{"date":"2025-02-05T05:00:00.000Z","year":2025,"description":"Install temporary tent for medical services for Eagles Superbowl parade.  Install 2/11/25, event 2/13/25 or rain date 2/14/25, remove 2/15/25\n\nFAIRMOUNT PARK AND STREETS DEPT APPROVAL REQUIRD (IF IMPACTS ON STREETS) PRIOR TO ERECTING TENTS.","metadescription":"Operations. Temporary Tents and Canopies. Install temporary tent for medical services for Eagles Superbowl parade.  Install 2/11/25, event 2/13/25 or rain date 2/14/25, remove 2/15/25\n\nFAIRMOUNT PARK AND STREETS DEPT APPROVAL REQUIRD (IF IMPACTS ON STREETS) PRIOR TO ERECTING TENTS.. Cancelled. 200 N 19TH ST","address":"200 N 19TH ST","the_geom":"0101000020E61000002888A6F0FDCA52C0D4147F8C9CFA4340","geocode_x":"2691168.4899776600","geocode_y":"238072.0294541000","opa_owner":"CITY OF PHILA, LOGAN CIRCLE EXT","censustract":"000300","posse_jobid":"836939062","mostrecentinsp":"2025-02-12 19:56:52+00","systemofrecord":"ECLIPSE","addressobjectid":"128731321","opa_account_num":"885706520","permitdescription":"Operations Permit","permitcompleteddate":"2025-07-25 19:35:38+00","the_geom_webmercator":"0101000020110F000011457336F4EB5FC170D0CAAAEC895241"},"geometry":{"type":"Point","coordinates":[-75.17174927,39.957902491]}},{"type":"Feature","properties":{"date":"2025-02-04T05:00:00.000Z","year":2025,"description":"Temporary tent for retail use","metadescription":"Operations. Temporary Tents and Canopies. Temporary tent for retail use. Expired. 1823-25 CHESTNUT ST","address":"1823-25 CHESTNUT ST","the_geom":"0101000020E610000006B62F05F5CA52C0D9691885DDF94340","geocode_x":"2691383.0491855600","geocode_y":"235953.7205853900","opa_owner":"KJR PROPERTIES #2 LLC","censustract":"000402","posse_jobid":"830400437","mostrecentinsp":"2025-03-15 18:31:38+00","systemofrecord":"ECLIPSE","addressobjectid":"15874891","opa_account_num":"885660140","permitdescription":"Operations Permit","permitcompleteddate":"2025-06-16 19:32:44+00","the_geom_webmercator":"0101000020110F000053B3C10FE5EB5FC1D3EB210419895241"},"geometry":{"type":"Point","coordinates":[-75.17120485,39.952072751]}},{"type":"Feature","properties":{"date":"2024-11-25T05:00:00.000Z","year":2024,"description":"Temporary tent installation of 30x50 tent. HEATERS AND PROPANE IS NOT PART OF THIS PERMIT.","metadescription":"Operations. Temporary Tents and Canopies. Temporary tent installation of 30x50 tent. HEATERS AND PROPANE IS NOT PART OF THIS PERMIT.. Expired. 916-18 S 9TH ST","address":"916-18 S 9TH ST","the_geom":"0101000020E6100000F204D02B1ECA52C0A21368DA1FF84340","geocode_x":"2695203.2976222500","geocode_y":"231108.9887947800","opa_owner":"M FAMILY REAL ESTATE HOLD","censustract":"002400","posse_jobid":"812418296","systemofrecord":"ECLIPSE","addressobjectid":"654796487","opa_account_num":"885011560","permitdescription":"Operations Permit","permitcompleteddate":"2025-01-29 14:18:19+00","the_geom_webmercator":"0101000020110F00007477631E78EA5FC1099FFC4E2B875241"},"geometry":{"type":"Point","coordinates":[-75.1580915,39.938472081]}},{"type":"Feature","properties":{"date":"2024-11-04T05:00:00.000Z","year":2024,"description":"20X30' TEMPORARY TENT   51561. NO TENT IS COVERED UNDER THIS PERMIT. TENT ONLY.","metadescription":"Operations. Temporary Tents and Canopies. 20X30' TEMPORARY TENT   51561. NO TENT IS COVERED UNDER THIS PERMIT. TENT ONLY.. Expired. 5361-91 CHEW AVE","address":"5361-91 CHEW AVE","the_geom":"0101000020E6100000459CA6033ACA52C0CC4583218E054440","geocode_x":"2693606.0161079000","geocode_y":"269301.9707574100","opa_owner":"MONUMENTAL RE LLC","censustract":"024700","posse_jobid":"804054973","systemofrecord":"ECLIPSE","addressobjectid":"654722712","opa_account_num":"882918660","permitdescription":"Operations Permit","permitcompleteddate":"2025-01-24 15:54:39+00","the_geom_webmercator":"0101000020110F00008333BD69A7EA5FC16A436FC30E965241"},"geometry":{"type":"Point","coordinates":[-75.159790909,40.043399991]}},{"type":"Feature","properties":{"date":"2024-10-31T04:00:00.000Z","year":2024,"description":"Install a temporary tent at Love Park for the 2024 Annual Christmas Village at Love Park. Tenting will be within the park and will not impact streets or sidewalks. Install 11/3/24 Event 11/19/24-12/26/24 Remove 12/27/24.\n\nPermissions from City of Philadelphia Required.","metadescription":"Operations. Temporary Tents and Canopies. Install a temporary tent at Love Park for the 2024 Annual Christmas Village at Love Park. Tenting will be within the park and will not impact streets or sidewalks. Install 11/3/24 Event 11/19/24-12/26/24 Remove 12/27/24.\n\nPermissions from City of Philadelphia Required.. Expired. 1501 JOHN F KENNEDY BLVD","address":"1501 JOHN F KENNEDY BLVD","the_geom":"0101000020E61000000424F8339BCA52C00E4C6C5223FA4340","geocode_x":"2692896.6130459000","geocode_y":"236774.2997040500","censustract":"000402","posse_jobid":"803173907","mostrecentinsp":"2024-11-22 23:45:32+00","systemofrecord":"ECLIPSE","addressobjectid":"131618274","permitdescription":"Operations Permit","permitcompleteddate":"2025-07-25 18:52:46+00","the_geom_webmercator":"0101000020110F000035B3767F4CEB5FC1A0F0F75966895241"},"geometry":{"type":"Point","coordinates":[-75.16572284,39.954202941]}},{"type":"Feature","properties":{"date":"2024-10-22T04:00:00.000Z","year":2024,"description":"FOR THE INSTALLATION OF A TEMPORARY TENT STRUCTURE WITH BALLAST SUPPORT ON THE ROOF OF AN EXISTING STRUCTURE FOR A DATE RANGE OF 10/26/2024 THROUGH 10/27/2024, IN ACCORDANCE WITH THE PHILADELPHIA FIRE CODE 2018, SECTION 3103 AND IBC 2018, SECTION 3102.","metadescription":"Building. Addition and/or Alteration. FOR THE INSTALLATION OF A TEMPORARY TENT STRUCTURE WITH BALLAST SUPPORT ON THE ROOF OF AN EXISTING STRUCTURE FOR A DATE RANGE OF 10/26/2024 THROUGH 10/27/2024, IN ACCORDANCE WITH THE PHILADELPHIA FIRE CODE 2018, SECTION 3103 AND IBC 2018, SECTION 3102.. Expired. 1901 VINE ST","address":"1901 VINE ST","the_geom":"0101000020E610000015F1F50EF1CA52C042121E69DFFA4340","geocode_x":"2691367.0986898600","geocode_y":"238821.4504374800","opa_owner":"CITY OF PHILA","censustract":"012500","posse_jobid":"800533032","numberofunits":"1","mostrecentinsp":"2024-11-06 12:01:56+00","systemofrecord":"ECLIPSE","addressobjectid":"710918851","numberofstories":"1.0","opa_account_num":"782598210","permitdescription":"Commercial Building Permit","contractoraddress1":"EVENT EQUIPMENT KNIGHT ENTERPRISES INC\n1100 ORTHODOX STREET\nPHILADELPHIA, PA  19124\nUSA","permitcompleteddate":"2025-10-25 15:26:23+00","the_geom_webmercator":"0101000020110F00002807FE54DEEB5FC1FEA54AC0368A5241","certificateofoccupancyrequired":"N"},"geometry":{"type":"Point","coordinates":[-75.17096304,39.959942951]}},{"type":"Feature","properties":{"date":"2024-10-22T04:00:00.000Z","year":2024,"description":"FOR LAWFUL OCCUPANCY SIGN FOR TWO (2) TEMPORARY STRUCTURES (LODGE & SKATEHOUSE/ARCADE). *SEE CP-2024-2954 FOR TEMPORARY STRUCTURE APPROVAL.*","metadescription":"Administrative. Lawful Occupancy (LO) ONLY. FOR LAWFUL OCCUPANCY SIGN FOR TWO (2) TEMPORARY STRUCTURES (LODGE & SKATEHOUSE/ARCADE). *SEE CP-2024-2954 FOR TEMPORARY STRUCTURE APPROVAL.*. Completed. 1 S CHRISTOPHER COLUMBUS BLVD","address":"1 S CHRISTOPHER COLUMBUS BLVD","the_geom":"0101000020E610000076A4EC5BF7C852C08ED7A46555F94340","geocode_x":"2700145.1678915500","geocode_y":"234697.2703191500","opa_owner":"CITY OF PHILA, COMMONWEALTH OF PENNA","censustract":"036600","posse_jobid":"802986757","mostrecentinsp":"2025-12-10 19:51:33+00","systemofrecord":"ECLIPSE","addressobjectid":"135691408","numberofstories":"1.0","opa_account_num":"781052501","permitdescription":"Administrative Permit","permitcompleteddate":"2025-12-11 18:38:34+00","the_geom_webmercator":"0101000020110F0000D3B4CA5983E85FC1FE809E3582885241","certificateofoccupancyrequired":"N"},"geometry":{"type":"Point","coordinates":[-75.1400976,39.947918611]}},{"type":"Feature","properties":{"date":"2024-08-21T04:00:00.000Z","year":2024,"description":"Temporary Tent as per plan/2018 Philadelphia Fire Department.","metadescription":"Operations. Temporary Tents and Canopies. Temporary Tent as per plan/2018 Philadelphia Fire Department.. Expired. 1708 WALNUT ST","address":"1708 WALNUT ST","the_geom":"0101000020E61000001F315EE2DBCA52C0449CDAAA8FF94340","geocode_x":"2691838.2699856800","geocode_y":"235101.1651725800","opa_owner":"GRANDE CAPITAL LLC","censustract":"000804","posse_jobid":"710128229","systemofrecord":"ECLIPSE","addressobjectid":"627420852","opa_account_num":"885000185","permitdescription":"Operations Permit","permitcompleteddate":"2025-07-03 18:03:31+00","the_geom_webmercator":"0101000020110F0000E2EB915DBAEB5FC1EEC0B0C3C2885241"},"geometry":{"type":"Point","coordinates":[-75.16967067,39.949696881]}},{"type":"Feature","properties":{"date":"2024-07-16T04:00:00.000Z","year":2024,"description":"temporary tent installation. tent located within property line as shown on plans as per 2018 Philadelphia Fire Code.","metadescription":"Operations. Temporary Tents and Canopies. temporary tent installation. tent located within property line as shown on plans as per 2018 Philadelphia Fire Code.. Expired. 326 ROXBOROUGH AVE","address":"326 ROXBOROUGH AVE","the_geom":"0101000020E6100000DD667E82D1CD52C0F6AD30839C034440","geocode_x":"2678058.3668441800","geocode_y":"263316.3927837800","opa_owner":"326 ROX LLC","censustract":"021300","posse_jobid":"769989092","mostrecentinsp":"2024-08-12 17:05:08+00","systemofrecord":"ECLIPSE","addressobjectid":"137526024","opa_account_num":"871299140","permitdescription":"Operations Permit","permitcompleteddate":"2025-07-25 18:52:18+00","the_geom_webmercator":"0101000020110F000072D8C544C1F05FC14480D7C5E6935241"},"geometry":{"type":"Point","coordinates":[-75.21591246,40.028213881]}},{"type":"Feature","properties":{"date":"2024-07-10T04:00:00.000Z","year":2024,"description":"Install temporary tent for Springside Chestnut Hill Academy. Install 8/30/2024 Event 9/5/2024-9/9/2024 Remove 9/10/2024. Tent will be on property of the school and will not impact streets or sidewalks.  THIS IS FOR ONE 50X100 TENT.","metadescription":"Operations. Temporary Tents and Canopies. Install temporary tent for Springside Chestnut Hill Academy. Install 8/30/2024 Event 9/5/2024-9/9/2024 Remove 9/10/2024. Tent will be on property of the school and will not impact streets or sidewalks.  THIS IS FOR ONE 50X100 TENT.. Expired. 403 W SPRINGFIELD AVE","address":"403 W SPRINGFIELD AVE","the_geom":"0101000020E610000036A1E1114DCD52C0C2193A9C01084440","geocode_x":"2679961.1594353300","geocode_y":"275884.0248010800","opa_owner":"SPRINGSIDE CHESTNUT HILL","censustract":"038600","posse_jobid":"767600317","systemofrecord":"ECLIPSE","addressobjectid":"130698771","opa_account_num":"775535510","permitdescription":"Operations Permit","permitcompleteddate":"2025-07-25 17:42:00+00","the_geom_webmercator":"0101000020110F00008B7D604EE0EF5FC14544BCFAC6985241"},"geometry":{"type":"Point","coordinates":[-75.20782897,40.062549141]}},{"type":"Feature","properties":{"date":"2024-07-02T04:00:00.000Z","year":2024,"description":"temporary tent for retail use AS PER 2018 PHILADELPHIA FIRE CODE.","metadescription":"Operations. Temporary Tents and Canopies. temporary tent for retail use AS PER 2018 PHILADELPHIA FIRE CODE.. Expired. 1823-25 CHESTNUT ST","address":"1823-25 CHESTNUT ST","the_geom":"0101000020E610000006B62F05F5CA52C0D9691885DDF94340","geocode_x":"2691383.0491855600","geocode_y":"235953.7205853900","opa_owner":"KJR PROPERTIES #2 LLC","censustract":"000402","posse_jobid":"757383150","systemofrecord":"ECLIPSE","addressobjectid":"15874891","opa_account_num":"885660140","permitdescription":"Operations Permit","permitcompleteddate":"2025-03-18 18:16:11+00","the_geom_webmercator":"0101000020110F000053B3C10FE5EB5FC1D3EB210419895241"},"geometry":{"type":"Point","coordinates":[-75.17120485,39.952072751]}},{"type":"Feature","properties":{"date":"2024-05-28T04:00:00.000Z","year":2024,"description":"Install temporary tent for the Philadelphia Eagles at Stephen Girard Elementary School for a one day event. Tenting will be in the parking lot and will not impact streets or sidewalks. Install 5/28/24 Event 5/29/24 Remove 5/30/24.","metadescription":"Operations. Temporary Tents and Canopies. Install temporary tent for the Philadelphia Eagles at Stephen Girard Elementary School for a one day event. Tenting will be in the parking lot and will not impact streets or sidewalks. Install 5/28/24 Event 5/29/24 Remove 5/30/24.. Expired. 2100 S 18TH ST","address":"2100 S 18TH ST","the_geom":"0101000020E61000001F2E461E50CB52C0A0942D525DF64340","geocode_x":"2690115.1358836100","geocode_y":"225949.4393512200","opa_owner":"SCHOOL DISTRICT OF PHILA","censustract":"003702","posse_jobid":"748778872","systemofrecord":"ECLIPSE","addressobjectid":"694406190","opa_account_num":"782720400","permitdescription":"Operations Permit","permitcompleteddate":"2025-07-25 18:48:56+00","the_geom_webmercator":"0101000020110F0000A292F8CC7FEC5FC1D95B914F38855241"},"geometry":{"type":"Point","coordinates":[-75.17676503,39.924722931]}},{"type":"Feature","properties":{"date":"2024-05-28T04:00:00.000Z","year":2024,"description":"Install a temporary tent for Temple University at Citizens Bank Park for a one night event. Tenting will be not impact streets or sidewalks. Install 5/28/24 Event 5/30/24 Remove 5/31/24.","metadescription":"Operations. Temporary Tents and Canopies. Install a temporary tent for Temple University at Citizens Bank Park for a one night event. Tenting will be not impact streets or sidewalks. Install 5/28/24 Event 5/30/24 Remove 5/31/24.. Expired. 1 CITIZENS BANK WAY","address":"1 CITIZENS BANK WAY","the_geom":"0101000020E610000010FF71D2A4CA52C08078AB52F1F34340","geocode_x":"2693247.8564513200","geocode_y":"219145.4755237600","opa_owner":"CITY OF PHILA","censustract":"980600","posse_jobid":"749120109","mostrecentinsp":"2024-06-13 12:15:20+00","systemofrecord":"ECLIPSE","addressobjectid":"136823888","opa_account_num":"788020010","permitdescription":"Operations Permit","permitcompleteddate":"2024-10-31 19:06:05+00","the_geom_webmercator":"0101000020110F000078193AD65CEB5FC15AF9E2C789825241"},"geometry":{"type":"Point","coordinates":[-75.16630994,39.905802091]}},{"type":"Feature","properties":{"date":"2024-05-16T04:00:00.000Z","year":2024,"description":"Install a temporary tent at Springside Chestnut Hill Academy for 2024 SCH Academy Graduation. Tenting will be on the campus of the school and will not impact streets or sidewalks. Install 5/31/24 Event 6/5/24-6/8/24 Remove 6/10/24. THIS IS FOR TENT ONLY-NO STAGE IS APPROVED ON THIS. SEPERATE PERMIT MAY BE REQUIRED.","metadescription":"Operations. Temporary Tents and Canopies. Install a temporary tent at Springside Chestnut Hill Academy for 2024 SCH Academy Graduation. Tenting will be on the campus of the school and will not impact streets or sidewalks. Install 5/31/24 Event 6/5/24-6/8/24 Remove 6/10/24. THIS IS FOR TENT ONLY-NO STAGE IS APPROVED ON THIS. SEPERATE PERMIT MAY BE REQUIRED.. Expired. 8000 CHEROKEE ST","address":"8000 CHEROKEE ST","the_geom":"0101000020E610000015EACE39AECD52C0F7F5925EB7074440","geocode_x":"2678325.7445747200","geocode_y":"275011.3085042000","opa_owner":"SPRINGSIDE CHESTNUT HILL","censustract":"038600","posse_jobid":"748444981","systemofrecord":"ECLIPSE","addressobjectid":"169645356","opa_account_num":"775510500","permitdescription":"Operations Permit","permitcompleteddate":"2025-07-25 18:49:35+00","the_geom_webmercator":"0101000020110F000057FAD85585F05FC11050839874985241"},"geometry":{"type":"Point","coordinates":[-75.2137589,40.060283491]}},{"type":"Feature","properties":{"date":"2024-05-08T15:02:12.000Z","year":2024,"description":"FOR THE ERECTION OF A TEMPORARY STRUCTURE. SIZE AND LOCATION AS SHOWN IN THE APPLICATION/PLANS.","metadescription":"Zoning. New construction, addition, GFA change. FOR THE ERECTION OF A TEMPORARY STRUCTURE. SIZE AND LOCATION AS SHOWN IN THE APPLICATION/PLANS.. Completed. 4200-38 HAVERFORD AVE","address":"4200-38 HAVERFORD AVE","the_geom":"0101000020E6100000F838B7D64FCD52C027EA2319F2FA4340","geocode_x":"2680983.6473411800","geocode_y":"238728.1432231400","opa_owner":"DREXEL INSTITUTE OF TECHNOLOGY","censustract":"009200","posse_jobid":"692073265","usecategories":"Parks and Open Space - Active Recreation","systemofrecord":"ECLIPSE","addressobjectid":"127780200","opa_account_num":"774520000","areaofdisturbance":"67553.0","permitdescription":"Zoning Permit","contractoraddress1":"Pennoni Associates, Inc.\n1900 Market Street\nSuite 300\nPhiladelphia, PA  19103\nUSA","permitcompleteddate":"2025-01-07 17:00:58+00","the_geom_webmercator":"0101000020110F000018446702E5EF5FC12C532B754B8A5241"},"geometry":{"type":"Point","coordinates":[-75.20799797,39.960513251]}},{"type":"Feature","properties":{"date":"2024-04-23T04:00:00.000Z","year":2024,"description":"Install a temporary tent for a one day event at The King Center - tenting will be in rear of building behind closed gates not accessible to public, will not impact streets or sidewalks. Install 4/17/24 Event 4/18/24 Remove 4/18/24.","metadescription":"Operations. Temporary Tents and Canopies. Install a temporary tent for a one day event at The King Center - tenting will be in rear of building behind closed gates not accessible to public, will not impact streets or sidewalks. Install 4/17/24 Event 4/18/24 Remove 4/18/24.. Expired. 2101-35 CECIL B MOORE AVE","address":"2101-35 CECIL B MOORE AVE","the_geom":"0101000020E6100000DED0C6E7DFCA52C0A7865F8B92FD4340","geocode_x":"2691436.0145997800","geocode_y":"246510.0852946500","opa_owner":"CITY OF PHILA, MARTIN LUTHER KING JR","censustract":"014800","posse_jobid":"713933327","systemofrecord":"ECLIPSE","addressobjectid":"487089983","opa_account_num":"782083500","permitdescription":"Operations Permit","permitcompleteddate":"2025-07-25 17:47:32+00","the_geom_webmercator":"0101000020110F0000CDCE1F32C1EB5FC178F71CAB348D5241"},"geometry":{"type":"Point","coordinates":[-75.1699161,39.981034681]}},{"type":"Feature","properties":{"date":"2024-04-23T04:00:00.000Z","year":2024,"description":"For the erection of a temporary structure in the right of way for use as restaurant seating.  \n\nSeparate Permit(s) required if new electrical connections or HVAC equipment is proposed.\n\nUpon issuance of this permit, the restaurant's Temporary Sidewalk Café/Streetery License must be amended to document the approval of the structure.   Please submit this permit to https://form.jotform.com/203103777242045","metadescription":"Building. Addition and/or Alteration. For the erection of a temporary structure in the right of way for use as restaurant seating.  \n\nSeparate Permit(s) required if new electrical connections or HVAC equipment is proposed.\n\nUpon issuance of this permit, the restaurant's Temporary Sidewalk Café/Streetery License must be amended to document the approval of the structure.   Please submit this permit to https://form.jotform.com/203103777242045. Completed. 700 S 20TH ST","address":"700 S 20TH ST","the_geom":"0101000020E61000009FE812B53ACB52C0E8850E71D1F84340","geocode_x":"2690277.9636477900","geocode_y":"232939.9715980300","opa_owner":"BAINBRIDGE PROPERTY INVES","censustract":"001400","posse_jobid":"704581104","numberofunits":"1","mostrecentinsp":"2024-11-20 20:23:44+00","systemofrecord":"ECLIPSE","addressobjectid":"15728239","numberofstories":"1.0","opa_account_num":"882935955","areaofdisturbance":"0.0","permitdescription":"Commercial Building Permit","contractoraddress1":"North Standard LLC \n2321 Emerald Street\nPhiladelphia, PA  19125\nUSA","permitcompleteddate":"2024-12-03 13:52:03+00","the_geom_webmercator":"0101000020110F00009CCA996E5BEC5FC1BCE44A07F0875241","certificateofoccupancyrequired":"N"},"geometry":{"type":"Point","coordinates":[-75.17545821,39.943891651]}},{"type":"Feature","properties":{"date":"2024-04-16T04:00:00.000Z","year":2024,"description":"For the erection of a temporary structure in the right of way for use as restaurant seating.  \n\nSeparate Permit(s) required if new electrical connections or HVAC equipment is proposed.\n\nUpon issuance of this permit, the restaurant's Temporary Sidewalk Café/Streetery License must be amended to document the approval of the structure.   Please submit this permit to https://form.jotform.com/203103777242045","metadescription":"Building. Addition and/or Alteration. For the erection of a temporary structure in the right of way for use as restaurant seating.  \n\nSeparate Permit(s) required if new electrical connections or HVAC equipment is proposed.\n\nUpon issuance of this permit, the restaurant's Temporary Sidewalk Café/Streetery License must be amended to document the approval of the structure.   Please submit this permit to https://form.jotform.com/203103777242045. Completed. 4629-31 BALTIMORE AVE","address":"4629-31 BALTIMORE AVE","the_geom":"0101000020E6100000D9F89F6BE1CD52C0DDCAD15D75F94340","geocode_x":"2678615.2269844000","geocode_y":"234425.7246895500","opa_owner":"4629-31 BALTIMORE AVENUE","censustract":"007900","posse_jobid":"696178807","numberofunits":"1","mostrecentinsp":"2025-05-16 17:16:17+00","systemofrecord":"ECLIPSE","addressobjectid":"127891042","numberofstories":"1.0","opa_account_num":"881143935","areaofdisturbance":"0.0","permitdescription":"Commercial Building Permit","contractoraddress1":"North Standard LLC \n2321 Emerald Street\nPhiladelphia, PA  19125\nUSA","permitcompleteddate":"2025-05-19 19:22:58+00","the_geom_webmercator":"0101000020110F0000315C654BDCF05FC1774A6DA0A5885241","certificateofoccupancyrequired":"N"},"geometry":{"type":"Point","coordinates":[-75.21688357,39.948894241]}},{"type":"Feature","properties":{"date":"2024-03-22T04:00:00.000Z","year":2024,"description":"Install a temporary tent on the private property of the HMS School located at 4400 Baltimore Ave Philadelphia PA. Tenting will be behind gated perimeter and will not impact streets or sidewalks.","metadescription":"Operations. Temporary Tents and Canopies. Install a temporary tent on the private property of the HMS School located at 4400 Baltimore Ave Philadelphia PA. Tenting will be behind gated perimeter and will not impact streets or sidewalks.. Expired. 4400 BALTIMORE AVE","address":"4400 BALTIMORE AVE","the_geom":"0101000020E6100000F22660F487CD52C021C4C2306CF94340","geocode_x":"2680148.5109521200","geocode_y":"234367.7128543300","opa_owner":"HOME OF THE MERCIFUL, SAVIOR FOR CRIPPLED","censustract":"007700","posse_jobid":"701002481","systemofrecord":"ECLIPSE","addressobjectid":"217058629","opa_account_num":"773594600","permitdescription":"Operations Permit","permitcompleteddate":"2025-02-25 19:21:14+00","the_geom_webmercator":"0101000020110F0000FB1AEC5344F05FC1A29804769B885241"},"geometry":{"type":"Point","coordinates":[-75.21142301,39.948614211]}},{"type":"Feature","properties":{"date":"2024-03-19T04:00:00.000Z","year":2024,"description":"Install 10' x 130' Temporary tent","metadescription":"Operations. Temporary Tents and Canopies. Install 10' x 130' Temporary tent. Expired. 5401-65 OLD YORK RD","address":"5401-65 OLD YORK RD","the_geom":"0101000020E61000000B6FB0B722C952C094CFF675AE044440","geocode_x":"2698450.1686997300","geocode_y":"266956.9338299000","opa_owner":"ALBERT EINSTEIN, MEDICAL CENTER","censustract":"028200","posse_jobid":"703211410","mostrecentinsp":"2024-06-17 13:25:44+00","systemofrecord":"ECLIPSE","addressobjectid":"654682200","opa_account_num":"776009000","permitdescription":"Operations Permit","permitcompleteddate":"2025-07-25 19:01:02+00","the_geom_webmercator":"0101000020110F000064FBDBFFCCE85FC1FC058BA316955241"},"geometry":{"type":"Point","coordinates":[-75.14274399,40.036574121]}},{"type":"Feature","properties":{"date":"2024-03-11T04:00:00.000Z","year":2024,"description":"FOR THE ERECTION OF A TEMPORARY STRUCTURE AS PER APPROVED PLANS AND FOR THE ISSUANCE OF A TEMPORARY CERTIFICATE OF OCCUPANCY (T.C.O.) IN ACCORDANCE WITH L&I CODE BULLETIN NO. A-1501-R1 FOR A SPECIAL EVENT TAKING PLACE. NO WARMING DEVICES.","metadescription":"Building. Addition and/or Alteration. FOR THE ERECTION OF A TEMPORARY STRUCTURE AS PER APPROVED PLANS AND FOR THE ISSUANCE OF A TEMPORARY CERTIFICATE OF OCCUPANCY (T.C.O.) IN ACCORDANCE WITH L&I CODE BULLETIN NO. A-1501-R1 FOR A SPECIAL EVENT TAKING PLACE. NO WARMING DEVICES.. Expired. 3200 WALNUT ST","address":"3200 WALNUT ST","the_geom":"0101000020E61000002D1CF45A20CC52C0F7D89F1CB2F94340","geocode_x":"2686277.0781592700","geocode_y":"235322.3339702700","opa_owner":"TRUSTEES OF THE UNIVERSIT","censustract":"036900","posse_jobid":"698128083","numberofunits":"1","mostrecentinsp":"2024-04-25 17:35:27+00","systemofrecord":"ECLIPSE","addressobjectid":"366908390","numberofstories":"1.0","opa_account_num":"773561600","areaofdisturbance":"0.0","permitdescription":"Commercial Building Permit","contractoraddress1":"Michael Treacy\n6024 Ridge Ave \nSTE 116-312\nPhiladelphia , PA  19128\nUSA","permitcompleteddate":"2024-11-15 12:59:08+00","the_geom_webmercator":"0101000020110F0000D2992083E1ED5FC134E7AEECE8885241","certificateofoccupancyrequired":"N"},"geometry":{"type":"Point","coordinates":[-75.18947481,39.950748041]}},{"type":"Feature","properties":{"date":"2024-03-07T05:00:00.000Z","year":2024,"description":"Tie tent ropes to ground anchors to set up temporary tent for retail use AS PER 2018 PHILADELPHIA FIRE CODE.","metadescription":"Operations. Temporary Tents and Canopies. Tie tent ropes to ground anchors to set up temporary tent for retail use AS PER 2018 PHILADELPHIA FIRE CODE.. Expired. 1823-25 CHESTNUT ST","address":"1823-25 CHESTNUT ST","the_geom":"0101000020E610000006B62F05F5CA52C0D9691885DDF94340","geocode_x":"2691383.0491855600","geocode_y":"235953.7205853900","opa_owner":"KJR PROPERTIES #2 LLC","censustract":"000402","posse_jobid":"691082183","systemofrecord":"ECLIPSE","addressobjectid":"15874891","opa_account_num":"885660140","permitdescription":"Operations Permit","permitcompleteddate":"2025-03-18 18:17:37+00","the_geom_webmercator":"0101000020110F000053B3C10FE5EB5FC1D3EB210419895241"},"geometry":{"type":"Point","coordinates":[-75.17120485,39.952072751]}},{"type":"Feature","properties":{"date":"2024-02-29T05:00:00.000Z","year":2024,"description":"Pop-up consumer event for Planet Oat brand where we are sampling 4oz. cappuccinos and lattes. The event footprint is 35'x25' under a temporary tent structure where we will have a few lounge seating areas with coffee tables to feel like a coffee house. The event will be hosted at Dilworth Park on Saturday, March 2, 2024. MUST HAVE PERMISSION FROM OWNER- CITY OF PHILADELPHIA PRIOR TO EVENT.","metadescription":"Operations. Temporary Tents and Canopies. Pop-up consumer event for Planet Oat brand where we are sampling 4oz. cappuccinos and lattes. The event footprint is 35'x25' under a temporary tent structure where we will have a few lounge seating areas with coffee tables to feel like a coffee house. The event will be hosted at Dilworth Park on Saturday, March 2, 2024. MUST HAVE PERMISSION FROM OWNER- CITY OF PHILADELPHIA PRIOR TO EVENT.. Expired. 1400 JOHN F KENNEDY BLVD","address":"1400 JOHN F KENNEDY BLVD","the_geom":"0101000020E61000003928C44D7CCA52C094306379EBF94340","geocode_x":"2693443.2873306100","geocode_y":"236169.1809698000","opa_owner":"CITY OF PHILA, DEPT OF PUBLIC PROP","censustract":"000500","posse_jobid":"694154707","systemofrecord":"ECLIPSE","addressobjectid":"133793913","opa_account_num":"782273400","permitdescription":"Operations Permit","permitcompleteddate":"2025-07-25 17:37:29+00","the_geom_webmercator":"0101000020110F00006912300318EB5FC1BD3AE87928895241"},"geometry":{"type":"Point","coordinates":[-75.1638369,39.952498601]}},{"type":"Feature","properties":{"date":"2024-02-27T05:00:00.000Z","year":2024,"description":"For the erection of a temporary structure in the right of way for use as restaurant seating.  \n\nSeparate Permit(s) required if new electrical connections or HVAC equipment is proposed.\n\nUpon issuance of this permit, the restaurant's Temporary Sidewalk Café/Streetery License must be amended to document the approval of the structure.   Please submit this permit to https://form.jotform.com/203103777242045","metadescription":"Building. Addition and/or Alteration. For the erection of a temporary structure in the right of way for use as restaurant seating.  \n\nSeparate Permit(s) required if new electrical connections or HVAC equipment is proposed.\n\nUpon issuance of this permit, the restaurant's Temporary Sidewalk Café/Streetery License must be amended to document the approval of the structure.   Please submit this permit to https://form.jotform.com/203103777242045. Issued. 1040 N 2ND ST","address":"1040 N 2ND ST","the_geom":"0101000020E61000004C48C6BDFDC852C0B5F379AACBFB4340","geocode_x":"2699828.9871553000","geocode_y":"241697.6885206400","opa_owner":"LIBERTIES WALK ASSOCIATES LLC","censustract":"014200","posse_jobid":"683098073","numberofunits":"1","mostrecentinsp":"2026-03-17 15:58:16+00","systemofrecord":"ECLIPSE","addressobjectid":"137886806","numberofstories":"1.0","opa_account_num":"881006640","areaofdisturbance":"56.0","permitdescription":"Commercial Building Permit","contractoraddress1":"OWEN KAMIHIRA\n1127 N 4TH ST\nPHILADELPHIA, PA  19123\nUSA","the_geom_webmercator":"0101000020110F00003EFC0C318EE85FC1E8DD2B8B3C8B5241","certificateofoccupancyrequired":"N"},"geometry":{"type":"Point","coordinates":[-75.14048714,39.967152891]}},{"type":"Feature","properties":{"date":"2023-12-28T05:00:00.000Z","year":2023,"description":"Install a temporary tent for the Philadelphia Youth Foundation for a one day event at the Alan Horowitz \"Sixth Man\" Center located at 4250 Wissahickon Ave Philadelphia PA 19129. Tent will be on private property and will not impact streets or sidewalks. Install 1/17/24 Event 1/18/24 Remove 1/19/24.","metadescription":"Operations. Temporary Tents and Canopies. Install a temporary tent for the Philadelphia Youth Foundation for a one day event at the Alan Horowitz \"Sixth Man\" Center located at 4250 Wissahickon Ave Philadelphia PA 19129. Tent will be on private property and will not impact streets or sidewalks. Install 1/17/24 Event 1/18/24 Remove 1/19/24.. Expired. 4250 WISSAHICKON AVE","address":"4250 WISSAHICKON AVE","the_geom":"0101000020E6100000C2A07ED1F3CA52C0C0FB257D98014440","geocode_x":"2690761.2477660000","geocode_y":"257945.1701351200","opa_owner":"SIXTH MAN CENTER INC","censustract":"020500","posse_jobid":"674139932","mostrecentinsp":"2024-01-18 17:22:47+00","systemofrecord":"ECLIPSE","addressobjectid":"627565356","opa_account_num":"775000017","permitdescription":"Operations Permit","permitcompleteddate":"2024-11-27 13:50:57+00","the_geom_webmercator":"0101000020110F00008A7C1C05E3EB5FC17F42ED7EAA915241"},"geometry":{"type":"Point","coordinates":[-75.17113149,40.012466091]}},{"type":"Feature","properties":{"date":"2023-11-21T05:00:00.000Z","year":2023,"description":"For the erection of a temporary structure in the right of way for restaurant seating. Separate Permit(s) required for new electrical connections or HVAC equipment. Upon issuance of this permit, the restaurant's Temporary Sidewalk Café/Streetery License must be amended to document the approval of the structure. Please submit this permit to https://form.jotform.com/203103777242045","metadescription":"Building. Addition and/or Alteration. For the erection of a temporary structure in the right of way for restaurant seating. Separate Permit(s) required for new electrical connections or HVAC equipment. Upon issuance of this permit, the restaurant's Temporary Sidewalk Café/Streetery License must be amended to document the approval of the structure. Please submit this permit to https://form.jotform.com/203103777242045. Completed. 1507-09 SOUTH ST","address":"1507-09 SOUTH ST","the_geom":"0101000020E61000001E6A495DB8CA52C0B797FAABD7F84340","geocode_x":"2692505.6441189700","geocode_y":"233074.3245135000","opa_owner":"SOUTH STREET INVESTMENT A","censustract":"001202","posse_jobid":"642013592","numberofunits":"1","mostrecentinsp":"2024-03-14 14:43:15+00","systemofrecord":"ECLIPSE","addressobjectid":"492210109","numberofstories":"1.0","opa_account_num":"871540485","permitdescription":"Commercial Building Permit","contractoraddress1":"ISAIAS GUTIERREZ\n759 S HANOVER ST\nPOTTSTOWN, PA  19465\nUSA","permitcompleteddate":"2024-03-14 16:26:06+00","the_geom_webmercator":"0101000020110F00003D7F0E087EEB5FC175591BEEF6875241","certificateofoccupancyrequired":"N"},"geometry":{"type":"Point","coordinates":[-75.16750271,39.944081781]}},{"type":"Feature","properties":{"date":"2023-11-17T05:00:00.000Z","year":2023,"description":"TEMPORARY CO FOR CIRCUS TENT WITH ASSEMBLY SEATING.  DATES:  11/10/23 - 12/03/23; REFERENCE OP-2023-000509 FOR TEMPORARY TENT PERMIT.","metadescription":"Building. Addition and/or Alteration. TEMPORARY CO FOR CIRCUS TENT WITH ASSEMBLY SEATING.  DATES:  11/10/23 - 12/03/23; REFERENCE OP-2023-000509 FOR TEMPORARY TENT PERMIT.. Expired. 4115 MONTGOMERY DR","address":"4115 MONTGOMERY DR","the_geom":"0101000020E610000035B2D60A47CD52C0600AAEBF4EFE4340","geocode_x":"2680858.6609053700","geocode_y":"248296.3726889400","censustract":"980000","posse_jobid":"660671907","numberofunits":"1","mostrecentinsp":"2023-11-28 19:57:08+00","systemofrecord":"ECLIPSE","addressobjectid":"654634442","numberofstories":"1.0","permitdescription":"Commercial Building Permit","contractoraddress1":"MILES WILSON\n2127 N 15TH STREET\nPHILADELPHIA, PA  19121\nUSA","permitcompleteddate":"2026-05-19 11:12:57+00","the_geom_webmercator":"0101000020110F0000DB145D11D6EF5FC13EF13447058E5241","certificateofoccupancyrequired":"Y"},"geometry":{"type":"Point","coordinates":[-75.20746108,39.986778221]}},{"type":"Feature","properties":{"date":"2023-11-16T05:00:00.000Z","year":2023,"description":"Install a temporary tent at the Philadelphia Shipyard for a one day event. Install 12/5/23 Event 12/6/23 and Remove 12/7/23. Tenting will be on private private and will not impact streets or sidewalks.","metadescription":"Operations. Temporary Tents and Canopies. Install a temporary tent at the Philadelphia Shipyard for a one day event. Install 12/5/23 Event 12/6/23 and Remove 12/7/23. Tenting will be on private private and will not impact streets or sidewalks.. Expired. 2000 KITTY HAWK AVE","address":"2000 KITTY HAWK AVE","the_geom":"0101000020E6100000BBBB856C28CC52C05E9AEF55B3F14340","geocode_x":"2686798.5830147000","geocode_y":"212573.8809080300","opa_owner":"PHILA SHIPYARD DEV CORP","censustract":"005000","posse_jobid":"662113846","systemofrecord":"ECLIPSE","addressobjectid":"156782602","opa_account_num":"788006100","permitdescription":"Operations Permit","permitcompleteddate":"2025-07-25 17:25:51+00","the_geom_webmercator":"0101000020110F00006231B437EFED5FC183E4385E0E805241"},"geometry":{"type":"Point","coordinates":[-75.18996728,39.888285391]}},{"type":"Feature","properties":{"date":"2023-11-14T05:00:00.000Z","year":2023,"description":"For the erection of a temporary structure in the right of way for use as restaurant seating.  \n\nSeparate Permit(s) required if new electrical connections or HVAC equipment is proposed.\n\nUpon issuance of this permit, the restaurant's Temporary Sidewalk Café/Streetery License must be amended to document the approval of the structure.   Please submit this permit to https://form.jotform.com/203103777242045","metadescription":"Building. Addition and/or Alteration. For the erection of a temporary structure in the right of way for use as restaurant seating.  \n\nSeparate Permit(s) required if new electrical connections or HVAC equipment is proposed.\n\nUpon issuance of this permit, the restaurant's Temporary Sidewalk Café/Streetery License must be amended to document the approval of the structure.   Please submit this permit to https://form.jotform.com/203103777242045. Expired. 1713 SOUTH ST","address":"1713 SOUTH ST","the_geom":"0101000020E6100000E543B64AEECA52C02524BDD4E3F84340","geocode_x":"2691579.1925194300","geocode_y":"233182.4736096500","opa_owner":"JAKUBOVITS PINCHAS","censustract":"001202","posse_jobid":"611057665","numberofunits":"1","mostrecentinsp":"2024-03-05 18:49:33+00","systemofrecord":"ECLIPSE","addressobjectid":"15819380","numberofstories":"1.0","opa_account_num":"871138250","areaofdisturbance":"0.0","permitdescription":"Commercial Building Permit","contractoraddress1":"ANTHONY RUSSO\n3381 Richmond st \nPhiladelphia , PA  19134\nUSA","permitcompleteddate":"2025-07-14 18:17:55+00","the_geom_webmercator":"0101000020110F000077E6F5A1D9EB5FC1CC825B6604885241","certificateofoccupancyrequired":"N"},"geometry":{"type":"Point","coordinates":[-75.17079418,39.944452851]}},{"type":"Feature","properties":{"date":"2023-11-08T05:00:00.000Z","year":2023,"description":"FOR THE INSTALLATION OF A TEMPORARY TENT STRUCTURE WITH BALLAST SUPPORT ON THE ROOF OF AN EXISTING STRUCTURE FOR A DATE RANGE OF 11/3/2023 THROUGH 11/12/2023, IN ACCORDANCE WITH THE PHILADELPHIA FIRE CODE 2018, SECTION 3103 AND IBC 2018, SECTION 3102.","metadescription":"Building. Addition and/or Alteration. FOR THE INSTALLATION OF A TEMPORARY TENT STRUCTURE WITH BALLAST SUPPORT ON THE ROOF OF AN EXISTING STRUCTURE FOR A DATE RANGE OF 11/3/2023 THROUGH 11/12/2023, IN ACCORDANCE WITH THE PHILADELPHIA FIRE CODE 2018, SECTION 3103 AND IBC 2018, SECTION 3102.. Expired. 1901 VINE ST","address":"1901 VINE ST","the_geom":"0101000020E610000015F1F50EF1CA52C042121E69DFFA4340","geocode_x":"2691367.0986898600","geocode_y":"238821.4504374800","opa_owner":"CITY OF PHILA","censustract":"012500","posse_jobid":"658402781","numberofunits":"1","mostrecentinsp":"2023-11-14 19:31:58+00","systemofrecord":"ECLIPSE","addressobjectid":"487112377","numberofstories":"1.0","opa_account_num":"782598210","permitdescription":"Commercial Building Permit","contractoraddress1":"EVENT EQUIPMENT KNIGHT ENTERPRISES INC\n1100 ORTHODOX STREET\nPHILADELPHIA, PA  19124\nUSA","permitcompleteddate":"2025-05-28 13:43:11+00","the_geom_webmercator":"0101000020110F00002807FE54DEEB5FC1FEA54AC0368A5241","certificateofoccupancyrequired":"N"},"geometry":{"type":"Point","coordinates":[-75.17096304,39.959942951]}},{"type":"Feature","properties":{"date":"2023-11-02T04:00:00.000Z","year":2023,"description":"Install temporary electrical circuits throughout temporary tent interior.\nCircuits to supply power for four luminaires, two exit signs, three heaters and four branch circuits for convenience outlets.  Power source to be two portable generators.\nAS PER NEC 2017","metadescription":"Electrical. Addition and/or Alteration. Install temporary electrical circuits throughout temporary tent interior.\nCircuits to supply power for four luminaires, two exit signs, three heaters and four branch circuits for convenience outlets.  Power source to be two portable generators.\nAS PER NEC 2017. Expired. 4301 BYBERRY RD","address":"4301 BYBERRY RD","the_geom":"0101000020E61000005986FC6986BD52C02CAB51CF370B4440","geocode_x":"2748637.0321937400","geocode_y":"287102.0362044300","opa_owner":"FRANKLIN MILLS ASSOCIATES","censustract":"036301","posse_jobid":"658354347","systemofrecord":"ECLIPSE","addressobjectid":"604872739","opa_account_num":"882693016","permitdescription":"Electrical Permit","contractoraddress1":"H B FRAZER CO PENNA\n300 Opportunity Way\nPhoenixville, PA  19460\nUSA","permitcompleteddate":"2026-03-06 11:30:41+00","the_geom_webmercator":"0101000020110F00006FEF283E14D55FC1203FDA8A579C5241"},"geometry":{"type":"Point","coordinates":[-74.96132898,40.087640681]}},{"type":"Feature","properties":{"date":"2023-10-23T04:00:00.000Z","year":2023,"description":"Install a temporary tent at Punch Line Philly within the gated area for a private event. Install 11/10/2023 Event 11/11/2023 Remove 11/13/2023. Tenting will not impact streets or sidewalks.","metadescription":"Operations. Temporary Tents and Canopies. Install a temporary tent at Punch Line Philly within the gated area for a private event. Install 11/10/2023 Event 11/11/2023 Remove 11/13/2023. Tenting will not impact streets or sidewalks.. Expired. 33-51 LAUREL ST","address":"33-51 LAUREL ST","the_geom":"0101000020E610000088EB3ED4AAC852C0E1FDD6BA89FB4340","geocode_x":"2701268.5189445400","geocode_y":"241006.9459439500","opa_owner":"GOOSE ISLAND 33 LAUREL STREET LLC","censustract":"014200","posse_jobid":"654076597","systemofrecord":"ECLIPSE","addressobjectid":"299308202","opa_account_num":"882017720","permitdescription":"Operations Permit","permitcompleteddate":"2024-01-30 19:37:13+00","the_geom_webmercator":"0101000020110F0000F2AE5A5B01E85FC1414F477AF38A5241"},"geometry":{"type":"Point","coordinates":[-75.13542658,39.965140681]}},{"type":"Feature","properties":{"date":"2023-10-13T04:00:00.000Z","year":2023,"description":"Install temporary tent at Annenberg Plaza on campus of University of Pennsylvania for Alumni Awards Gala 2023. Tenting will not impact streets or sidewalks. Install 11/2/2023 Event 11/3/2023 Remove 11/4/2023.","metadescription":"Operations. Temporary Tents and Canopies. Install temporary tent at Annenberg Plaza on campus of University of Pennsylvania for Alumni Awards Gala 2023. Tenting will not impact streets or sidewalks. Install 11/2/2023 Event 11/3/2023 Remove 11/4/2023.. Expired. 3600-90 WALNUT ST","address":"3600-90 WALNUT ST","the_geom":"0101000020E6100000DF8E084F89CC52C0D6F333CDF0F94340","geocode_x":"2684461.7115469500","geocode_y":"235966.9646952200","opa_owner":"TRUSTEES OF THE UNIVERSIT","censustract":"036900","posse_jobid":"650256126","mostrecentinsp":"2025-02-25 16:05:50+00","systemofrecord":"ECLIPSE","addressobjectid":"134956000","opa_account_num":"773566000","permitdescription":"Operations Permit","permitcompleteddate":"2025-02-25 16:06:36+00","the_geom_webmercator":"0101000020110F00001EC443C993EE5FC1A8A9E5602E895241"},"geometry":{"type":"Point","coordinates":[-75.195880659,39.952661181]}},{"type":"Feature","properties":{"date":"2023-09-28T04:00:00.000Z","year":2023,"description":"For the erection of a temporary structure in the right of way for use as restaurant seating. Separate Permit(s) required if new electrical connections or HVAC equipment is proposed.\n\nUpon issuance of this permit, the restaurant's Temporary Sidewalk Café/Streetery License must be amended to document the approval of the structure.   Please submit this permit to https://form.jotform.com/203103777242045","metadescription":"Building. Addition and/or Alteration. For the erection of a temporary structure in the right of way for use as restaurant seating. Separate Permit(s) required if new electrical connections or HVAC equipment is proposed.\n\nUpon issuance of this permit, the restaurant's Temporary Sidewalk Café/Streetery License must be amended to document the approval of the structure.   Please submit this permit to https://form.jotform.com/203103777242045. Completed. 4201 MAIN ST","address":"4201 MAIN ST","the_geom":"0101000020E61000005632269716CE52C0A111FED50C034440","geocode_x":"2676923.8396996800","geocode_y":"261685.9421423800","opa_owner":"4201 MAIN STREET ASSOCIAT","censustract":"021000","posse_jobid":"570824395","numberofunits":"0","mostrecentinsp":"2025-01-29 21:10:52+00","systemofrecord":"ECLIPSE","addressobjectid":"131892366","numberofstories":"1.0","opa_account_num":"882770120","permitdescription":"Commercial Building Permit","contractoraddress1":"MCCLATCHY GROUP, LLC\n353 HIGHLAND LANE\nBRYN MAWR, PA  19010\nUSA","permitcompleteddate":"2025-10-29 17:24:33+00","the_geom_webmercator":"0101000020110F0000D38FF09B36F15FC13C019C6B47935241","certificateofoccupancyrequired":"N"},"geometry":{"type":"Point","coordinates":[-75.22012881,40.023829221]}},{"type":"Feature","properties":{"date":"2023-09-15T04:00:00.000Z","year":2023,"description":"temporary tent","metadescription":"Operations. Temporary Tents and Canopies. temporary tent. Expired. 500 JAMESTOWN AVE","address":"500 JAMESTOWN AVE","the_geom":"0101000020E610000044283F5566CD52C0D36BB614B5034440","geocode_x":"2679881.6753525100","geocode_y":"263642.0356915400","opa_owner":"PRIME HEALTHCARE SERVICES-ROXBOROUGH LLC","censustract":"021100","posse_jobid":"642143785","mostrecentinsp":"2023-10-27 15:52:08+00","systemofrecord":"ECLIPSE","addressobjectid":"131744179","opa_account_num":"775003010","permitdescription":"Operations Permit","permitcompleteddate":"2023-11-17 14:54:38+00","the_geom_webmercator":"0101000020110F00003106D9370BF05FC14050D90502945241"},"geometry":{"type":"Point","coordinates":[-75.20937091,40.028963651]}},{"type":"Feature","properties":{"date":"2023-09-01T04:00:00.000Z","year":2023,"description":"Install a temporary tent for 11th Annual Disability Pride PA on Benjamin Franklin Parkway for a one day event. Install 9/9/23 Event 9/9/23 Remove 9/9/23. Approval required from Office of Special Events works with other City departments to make sure that event hosts have all the necessary:Permits.Licenses.Agreements.Insurance. Stage or any other items not approved on this permit.","metadescription":"Operations. Temporary Tents and Canopies. Install a temporary tent for 11th Annual Disability Pride PA on Benjamin Franklin Parkway for a one day event. Install 9/9/23 Event 9/9/23 Remove 9/9/23. Approval required from Office of Special Events works with other City departments to make sure that event hosts have all the necessary:Permits.Licenses.Agreements.Insurance. Stage or any other items not approved on this permit.. Expired. 1631-37 ARCH ST","address":"1631-37 ARCH ST","the_geom":"0101000020E610000026C99178BBCA52C003C84C6C46FA4340","geocode_x":"2692333.2983836000","geocode_y":"237148.2028321200","opa_owner":"BELL TELEPHONE CO OF PA","censustract":"000300","posse_jobid":"637864633","systemofrecord":"ECLIPSE","addressobjectid":"508354929","opa_account_num":"772614000","permitdescription":"Operations Permit","permitcompleteddate":"2025-06-23 18:57:08+00","the_geom_webmercator":"0101000020110F000073A0EC4E83EB5FC14C11DC3D8D895241"},"geometry":{"type":"Point","coordinates":[-75.16769232,39.955274141]}},{"type":"Feature","properties":{"date":"2023-08-25T04:00:00.000Z","year":2023,"description":"For the erection of a temporary structure in the right of way for use as restaurant seating.  \n\nSeparate Permit(s) required if new electrical connections or HVAC equipment is proposed.\n\nUpon issuance of this permit, the restaurant's Temporary Sidewalk Café/Streetery License must be amended to document the approval of the structure.   Please submit this permit to https://form.jotform.com/203103777242045","metadescription":"Building. Addition and/or Alteration. For the erection of a temporary structure in the right of way for use as restaurant seating.  \n\nSeparate Permit(s) required if new electrical connections or HVAC equipment is proposed.\n\nUpon issuance of this permit, the restaurant's Temporary Sidewalk Café/Streetery License must be amended to document the approval of the structure.   Please submit this permit to https://form.jotform.com/203103777242045. Expired. 211 N 11TH ST","address":"211 N 11TH ST","the_geom":"0101000020E610000073E5E3680ECA52C018691F995CFA4340","geocode_x":"2695286.0217368900","geocode_y":"237481.3711235100","opa_owner":"SIU KING YUEN, SIU HSIU CHU","censustract":"000200","posse_jobid":"629074163","numberofunits":"1","mostrecentinsp":"2024-04-29 17:00:06+00","systemofrecord":"ECLIPSE","addressobjectid":"135789291","numberofstories":"1.0","opa_account_num":"882234420","areaofdisturbance":"0.0","permitdescription":"Commercial Building Permit","contractoraddress1":"TUNGYEE LTD INC\n439 N 11TH ST\nPHILADELPHIA, PA  19123\nUSA","permitcompleteddate":"2024-11-15 12:56:49+00","the_geom_webmercator":"0101000020110F000070B9AA585DEA5FC1FA9891CFA5895241","certificateofoccupancyrequired":"N"},"geometry":{"type":"Point","coordinates":[-75.1571295,39.955950871]}},{"type":"Feature","properties":{"date":"2023-08-01T04:00:00.000Z","year":2023,"description":"Temporary tent for 2nd Street Festival in front area-Front parking area - known as 'The Lot'. NO TENTS ON THE SIDEWALK OR STREET APPROVED ON THIS.","metadescription":"Operations. Temporary Tents and Canopies. Temporary tent for 2nd Street Festival in front area-Front parking area - known as 'The Lot'. NO TENTS ON THE SIDEWALK OR STREET APPROVED ON THIS.. Expired. 909-15 N 2ND ST","address":"909-15 N 2ND ST","the_geom":"0101000020E6100000BEBEFF08F9C852C02435DCD16EFB4340","geocode_x":"2699939.9627406500","geocode_y":"240668.3463572000","opa_owner":"DASKAL IEROCHMIEL, DASKAL DALIA","censustract":"014200","posse_jobid":"625377970","mostrecentinsp":"2023-08-18 22:24:37+00","systemofrecord":"ECLIPSE","addressobjectid":"135084178","opa_account_num":"882560950","permitdescription":"Operations Permit","permitcompleteddate":"2025-06-23 18:46:35+00","the_geom_webmercator":"0101000020110F000003459E3286E85FC182DC86A8D58A5241"},"geometry":{"type":"Point","coordinates":[-75.140199899,39.964319451]}},{"type":"Feature","properties":{"date":"2023-08-01T04:00:00.000Z","year":2023,"description":"Install temporary tent at Wells Fargo Center for NBC Sports for an event on property of the center to be in parking lot, will not impact streets or sidewalks, on private property. Install 8/14/23 Event 8/14/23 Pickup 8/17/23.","metadescription":"Operations. Temporary Tents and Canopies. Install temporary tent at Wells Fargo Center for NBC Sports for an event on property of the center to be in parking lot, will not impact streets or sidewalks, on private property. Install 8/14/23 Event 8/14/23 Pickup 8/17/23.. Expired. 3601 S BROAD ST","address":"3601 S BROAD ST","the_geom":"0101000020E61000008C51CCDDFECA52C09BEE5AF36FF34340","geocode_x":"2691748.6372296100","geocode_y":"217662.8013172200","opa_owner":"CITY OF PHILA","censustract":"980600","posse_jobid":"626249286","systemofrecord":"ECLIPSE","addressobjectid":"136831010","opa_account_num":"788020600","permitdescription":"Operations Permit","permitcompleteddate":"2023-11-02 17:24:11+00","the_geom_webmercator":"0101000020110F00009CF344C9F5EB5FC135DAA98CFA815241"},"geometry":{"type":"Point","coordinates":[-75.17180581,39.901853961]}},{"type":"Feature","properties":{"date":"2023-07-25T04:00:00.000Z","year":2023,"description":"TEMPORARY wiring with an on-site power source for an approved use.  100 amp only.  TEMPORARY.  Building eventually converted to 5 units. As per 2017 nec","metadescription":"Electrical. Addition and/or Alteration. TEMPORARY wiring with an on-site power source for an approved use.  100 amp only.  TEMPORARY.  Building eventually converted to 5 units. As per 2017 nec. Completed. 714 E CHELTEN AVE","address":"714 E CHELTEN AVE","the_geom":"0101000020E6100000A6A1A00B95CA52C0E90A8C0EB3054440","geocode_x":"2692039.0670882100","geocode_y":"269666.7310456800","opa_owner":"PULLETT RODNEY, PAGAN CARLA E","censustract":"024700","posse_jobid":"619805431","mostrecentinsp":"2023-08-10 14:10:47+00","systemofrecord":"ECLIPSE","addressobjectid":"15738452","opa_account_num":"122000015","permitdescription":"Electrical Permit","contractoraddress1":"FAST FORDWARD CONSTRUCTION LLC\n1228 MARGE DRIVE\nSOUTHAMPTON, PA  18966\nUSA","permitcompleteddate":"2023-08-10 14:21:56+00","the_geom_webmercator":"0101000020110F00000A71E30942EB5FC18B459BBA37965241"},"geometry":{"type":"Point","coordinates":[-75.16534701,40.044526881]}},{"type":"Feature","properties":{"date":"2023-07-13T04:00:00.000Z","year":2023,"description":"Setting up a 30'x50' temporary tent for a customer AS PER 2018 PHILADELPHIA FIRE CODE.","metadescription":"Operations. Temporary Tents and Canopies. Setting up a 30'x50' temporary tent for a customer AS PER 2018 PHILADELPHIA FIRE CODE.. Expired. 8109 SAINT MARTINS LN","address":"8109 SAINT MARTINS LN","the_geom":"0101000020E610000090DDA23E49CD52C0EF8BC3F88E084440","geocode_x":"2679981.2446267000","geocode_y":"277456.7779696900","opa_owner":"MCDONALD JOHN, MCDONALD KRISTIN","censustract":"023100","posse_jobid":"618619200","mostrecentinsp":"2023-08-17 16:26:11+00","systemofrecord":"ECLIPSE","addressobjectid":"592571718","opa_account_num":"092297400","permitdescription":"Operations Permit","permitcompleteddate":"2024-02-20 19:38:33+00","the_geom_webmercator":"0101000020110F000089CB07CFD9EF5FC1D4316DDA63995241"},"geometry":{"type":"Point","coordinates":[-75.2075955,40.066863151]}},{"type":"Feature","properties":{"date":"2023-06-28T04:00:00.000Z","year":2023,"description":"Install a temporary tent at Aker Shipyard for a one day event located at 2100 Kitty Hawk Ave Philadelphia PA 19112. Tent will be on private property and will not impact streets or sidewalks. Install 6/25/2023 Event 6/26/2023 Remove 6/26/2023","metadescription":"Operations. Temporary Tents and Canopies. Install a temporary tent at Aker Shipyard for a one day event located at 2100 Kitty Hawk Ave Philadelphia PA 19112. Tent will be on private property and will not impact streets or sidewalks. Install 6/25/2023 Event 6/26/2023 Remove 6/26/2023. Expired. 1900 KITTY HAWK AVE","address":"1900 KITTY HAWK AVE","the_geom":"0101000020E61000002C0613E9E3CB52C01EC94299A9F14340","geocode_x":"2687974.7134548100","geocode_y":"212499.7209577200","censustract":"005000","posse_jobid":"614247170","mostrecentinsp":"2023-07-17 18:40:12+00","systemofrecord":"ECLIPSE","addressobjectid":"156720105","permitdescription":"Operations Permit","permitcompleteddate":"2025-06-23 18:26:52+00","the_geom_webmercator":"0101000020110F000002B42FD77AED5FC15AA6269703805241"},"geometry":{"type":"Point","coordinates":[-75.18578555,39.887988241]}},{"type":"Feature","properties":{"date":"2023-06-28T04:00:00.000Z","year":2023,"description":"Install a temporary tent for an event at the New Covenant Church of Philadelphia. Install 6/23/23 Event 6/25/23 Remove 6/27/23. Tent will be on property of the New Covenant Church of Philadelphia and will not impact streets or sidewalks","metadescription":"Operations. Temporary Tents and Canopies. Install a temporary tent for an event at the New Covenant Church of Philadelphia. Install 6/23/23 Event 6/25/23 Remove 6/27/23. Tent will be on property of the New Covenant Church of Philadelphia and will not impact streets or sidewalks. Expired. 7406 GERMANTOWN AVE","address":"7406 GERMANTOWN AVE","the_geom":"0101000020E6100000118A525E8ACC52C065B718870A084440","geocode_x":"2683283.1631419300","geocode_y":"276079.0811059900","opa_owner":"NEW COVENANT CHURCH, OF PHILA INC","censustract":"038800","posse_jobid":"613525398","mostrecentinsp":"2023-08-17 16:18:57+00","systemofrecord":"ECLIPSE","addressobjectid":"156781698","opa_account_num":"775165500","permitdescription":"Operations Permit","permitcompleteddate":"2024-02-20 19:30:41+00","the_geom_webmercator":"0101000020110F0000408C139695EE5FC101770AE0D0985241"},"geometry":{"type":"Point","coordinates":[-75.19594534,40.062821281]}},{"type":"Feature","properties":{"date":"2023-06-05T04:00:00.000Z","year":2023,"description":"Install temporary tent for Association for Public Art for Kelly Drive Sculpture Dedication for a one day event. Install 6/13/23 Event 6/14/23 Removal 6/15/23. Tent will not impact street or sidewalk","metadescription":"Operations. Temporary Tents and Canopies. Install temporary tent for Association for Public Art for Kelly Drive Sculpture Dedication for a one day event. Install 6/13/23 Event 6/14/23 Removal 6/15/23. Tent will not impact street or sidewalk. Expired. 1524-30 WALNUT ST","address":"1524-30 WALNUT ST","the_geom":"0101000020E610000095C9458AB5CA52C036622A8E87F94340","geocode_x":"2692496.7825822300","geocode_y":"235030.1999666300","opa_owner":"1528 WALNUT LIMITED PARTN","censustract":"000804","posse_jobid":"605969800","mostrecentinsp":"2023-07-11 13:04:11+00","systemofrecord":"ECLIPSE","addressobjectid":"133943857","opa_account_num":"883041500","permitdescription":"Operations Permit","permitcompleteddate":"2025-06-23 18:00:09+00","the_geom_webmercator":"0101000020110F000030BEF13B79EB5FC172F8FFC6B9885241"},"geometry":{"type":"Point","coordinates":[-75.16733033,39.949449321]}},{"type":"Feature","properties":{"date":"2023-06-05T04:00:00.000Z","year":2023,"description":"Install temporary tent for Roxborough High School Graduation. Install 6/8/23 Event 6/13/23 Remove 6/15/23. Tent will go on football field of school and will not impact street or sidewalk","metadescription":"Operations. Temporary Tents and Canopies. Install temporary tent for Roxborough High School Graduation. Install 6/8/23 Event 6/13/23 Remove 6/15/23. Tent will go on football field of school and will not impact street or sidewalk. Expired. 6400 RIDGE AVE","address":"6400 RIDGE AVE","the_geom":"0101000020E6100000BE5B12F245CE52C003E46D8CC6044440","geocode_x":"2675974.2067460500","geocode_y":"266571.2945342300","opa_owner":"SCHOOL DISTRICT OF PHILA","censustract":"021500","posse_jobid":"605983898","mostrecentinsp":"2023-07-07 12:37:26+00","systemofrecord":"ECLIPSE","addressobjectid":"274193688","opa_account_num":"784378200","permitdescription":"Operations Permit","permitcompleteddate":"2024-01-10 14:50:01+00","the_geom_webmercator":"0101000020110F00003588F10B87F15FC10B31E65B31955241"},"geometry":{"type":"Point","coordinates":[-75.22301914,40.037309221]}},{"type":"Feature","properties":{"date":"2023-06-05T04:00:00.000Z","year":2023,"description":"FOR THE INSTALLATION OF A TEMPORARY TENT STRUCTURE ON THE ROOF OF AN EXISTING STRUCTURE FOR A DATE RANGE OF 06/07/2023 THROUGH 06/09/2023, IN ACCORDANCE WITH THE PHILADELPHIA FIRE CODE 2018, SECTION 3103 AND IBC 2018, SECTION 3102.","metadescription":"Building. Addition and/or Alteration. FOR THE INSTALLATION OF A TEMPORARY TENT STRUCTURE ON THE ROOF OF AN EXISTING STRUCTURE FOR A DATE RANGE OF 06/07/2023 THROUGH 06/09/2023, IN ACCORDANCE WITH THE PHILADELPHIA FIRE CODE 2018, SECTION 3103 AND IBC 2018, SECTION 3102.. Expired. 1901 VINE ST","address":"1901 VINE ST","the_geom":"0101000020E610000015F1F50EF1CA52C042121E69DFFA4340","geocode_x":"2691367.0986898600","geocode_y":"238821.4504374800","opa_owner":"CITY OF PHILA","censustract":"012500","posse_jobid":"603802993","numberofunits":"1","mostrecentinsp":"2023-06-08 15:33:25+00","systemofrecord":"ECLIPSE","addressobjectid":"487112461","numberofstories":"1.0","opa_account_num":"782598210","permitdescription":"Commercial Building Permit","contractoraddress1":"EVENT EQUIPMENT KNIGHT ENTERPRISES INC\n1100 ORTHODOX STREET\nPHILADELPHIA, PA  19124\nUSA","permitcompleteddate":"2023-12-11 12:28:29+00","the_geom_webmercator":"0101000020110F00002807FE54DEEB5FC1FEA54AC0368A5241","certificateofoccupancyrequired":"N"},"geometry":{"type":"Point","coordinates":[-75.17096304,39.959942951]}},{"type":"Feature","properties":{"date":"2023-06-01T04:00:00.000Z","year":2023,"description":"Install temporary tent for Springside Chestnut Hill Academy Graduation. Tenting will be on campus of SCH Academy and will not impact street or sidewalk. Install 6/2/2023 Event 6/7/2023-6/9/2023 and Removal 6/14/2023.","metadescription":"Operations. Temporary Tents and Canopies. Install temporary tent for Springside Chestnut Hill Academy Graduation. Tenting will be on campus of SCH Academy and will not impact street or sidewalk. Install 6/2/2023 Event 6/7/2023-6/9/2023 and Removal 6/14/2023.. Expired. 8000 CHEROKEE ST","address":"8000 CHEROKEE ST","the_geom":"0101000020E610000015EACE39AECD52C0F7F5925EB7074440","geocode_x":"2678325.7445747200","geocode_y":"275011.3085042000","opa_owner":"SPRINGSIDE CHESTNUT HILL","censustract":"038600","posse_jobid":"603087832","mostrecentinsp":"2023-06-30 18:00:31+00","systemofrecord":"ECLIPSE","addressobjectid":"169645272","opa_account_num":"775510500","permitdescription":"Operations Permit","permitcompleteddate":"2025-06-23 17:50:56+00","the_geom_webmercator":"0101000020110F000057FAD85585F05FC11050839874985241"},"geometry":{"type":"Point","coordinates":[-75.2137589,40.060283491]}},{"type":"Feature","properties":{"date":"2023-04-24T04:00:00.000Z","year":2023,"description":"Install temporary tent for the HMS School for Children with Cerebral Palsy. Install 4/28/23. This temporary tent will be installed on the grounds of the school, which is enclosed and will not impact any streets or sidewalks.","metadescription":"Operations. Temporary Tents and Canopies. Install temporary tent for the HMS School for Children with Cerebral Palsy. Install 4/28/23. This temporary tent will be installed on the grounds of the school, which is enclosed and will not impact any streets or sidewalks.. Expired. 4400 BALTIMORE AVE","address":"4400 BALTIMORE AVE","the_geom":"0101000020E6100000F22660F487CD52C021C4C2306CF94340","geocode_x":"2680148.5109521200","geocode_y":"234367.7128543300","opa_owner":"HOME OF THE MERCIFUL, SAVIOR FOR CRIPPLED","censustract":"007700","posse_jobid":"592920453","mostrecentinsp":"2023-06-29 19:35:51+00","systemofrecord":"ECLIPSE","addressobjectid":"217058629","opa_account_num":"773594600","permitdescription":"Operations Permit","permitcompleteddate":"2023-11-03 20:21:39+00","the_geom_webmercator":"0101000020110F0000FB1AEC5344F05FC1A29804769B885241"},"geometry":{"type":"Point","coordinates":[-75.21142301,39.948614211]}},{"type":"Feature","properties":{"date":"2023-04-24T04:00:00.000Z","year":2023,"description":"Install a temporary tent at 4700 States Drive at the Ohio House for a one day event. This event is for the Fairmount Park Conservancy. The location of the tent does not impact any streets or sidewalks. Install 5/19/23 Event 5/22/23 and removal 5/23/23","metadescription":"Operations. Temporary Tents and Canopies. Install a temporary tent at 4700 States Drive at the Ohio House for a one day event. This event is for the Fairmount Park Conservancy. The location of the tent does not impact any streets or sidewalks. Install 5/19/23 Event 5/22/23 and removal 5/23/23. Expired. 4115 MONTGOMERY DR","address":"4115 MONTGOMERY DR","the_geom":"0101000020E610000035B2D60A47CD52C0600AAEBF4EFE4340","geocode_x":"2680858.6609053700","geocode_y":"248296.3726889400","censustract":"980000","posse_jobid":"587489374","mostrecentinsp":"2023-07-18 15:18:01+00","systemofrecord":"ECLIPSE","addressobjectid":"129885016","permitdescription":"Operations Permit","permitcompleteddate":"2023-07-18 15:18:53+00","the_geom_webmercator":"0101000020110F0000DB145D11D6EF5FC13EF13447058E5241"},"geometry":{"type":"Point","coordinates":[-75.20746108,39.986778221]}},{"type":"Feature","properties":{"date":"2023-04-20T04:00:00.000Z","year":2023,"description":"temporary tent installation. tent located within property line as shown on plans as per 2018 Philadelphia Fire Code.","metadescription":"Operations. Temporary Tents and Canopies. temporary tent installation. tent located within property line as shown on plans as per 2018 Philadelphia Fire Code.. Expired. 326 ROXBOROUGH AVE","address":"326 ROXBOROUGH AVE","the_geom":"0101000020E6100000DD667E82D1CD52C0F6AD30839C034440","geocode_x":"2678058.3668441800","geocode_y":"263316.3927837800","opa_owner":"326 ROX LLC","censustract":"021300","posse_jobid":"585054039","mostrecentinsp":"2023-05-10 12:43:12+00","systemofrecord":"ECLIPSE","addressobjectid":"137526024","opa_account_num":"871299140","permitdescription":"Operations Permit","permitcompleteddate":"2024-01-30 19:59:09+00","the_geom_webmercator":"0101000020110F000072D8C544C1F05FC14480D7C5E6935241"},"geometry":{"type":"Point","coordinates":[-75.21591246,40.028213881]}},{"type":"Feature","properties":{"date":"2023-04-19T04:00:00.000Z","year":2023,"description":"FOR THE ERECTION OF A TEMPORARY STRUCTURE AS PER APPROVED PLANS AND FOR THE ISSUANCE OF A TEMPORARY CERTIFICATE OF OCCUPANCY (T.C.O.) IN ACCORDANCE WITH L&I CODE BULLETIN NO. A-1501-R1 FOR A SPECIAL EVENT TAKING PLACE FROM APRIL 20, 2023 THROUGH MAY 5, 2023 WITH DAILY START TIMES AT 6 AM AND END TIMES AT 5 PM. FIRE WATCH TO BE PROVIDED AT ALL TIMES DURING OCCUPANCY. NO WARMING DEVICES.","metadescription":"Building. Addition and/or Alteration. FOR THE ERECTION OF A TEMPORARY STRUCTURE AS PER APPROVED PLANS AND FOR THE ISSUANCE OF A TEMPORARY CERTIFICATE OF OCCUPANCY (T.C.O.) IN ACCORDANCE WITH L&I CODE BULLETIN NO. A-1501-R1 FOR A SPECIAL EVENT TAKING PLACE FROM APRIL 20, 2023 THROUGH MAY 5, 2023 WITH DAILY START TIMES AT 6 AM AND END TIMES AT 5 PM. FIRE WATCH TO BE PROVIDED AT ALL TIMES DURING OCCUPANCY. NO WARMING DEVICES.. Completed. 3200 WALNUT ST","address":"3200 WALNUT ST","the_geom":"0101000020E61000002D1CF45A20CC52C0F7D89F1CB2F94340","geocode_x":"2686277.0781592700","geocode_y":"235322.3339702700","opa_owner":"TRUSTEES OF THE UNIVERSIT","censustract":"036900","posse_jobid":"590382508","numberofunits":"1","mostrecentinsp":"2024-01-05 13:33:39+00","systemofrecord":"ECLIPSE","addressobjectid":"217012641","numberofstories":"1.0","opa_account_num":"773561600","permitdescription":"Commercial Building Permit","contractoraddress1":"Michael Treacy\n6024 Ridge Ave \nSTE 116-312\nPhiladelphia , PA  19128\nUSA","permitcompleteddate":"2024-01-05 13:39:51+00","the_geom_webmercator":"0101000020110F0000D2992083E1ED5FC134E7AEECE8885241","certificateofoccupancyrequired":"N"},"geometry":{"type":"Point","coordinates":[-75.18947481,39.950748041]}},{"type":"Feature","properties":{"date":"2023-04-18T04:00:00.000Z","year":2023,"description":"Install a 30' x 70' temporary tent at The Mann Center for a one day event. Install 4/18/23 Event 4/20/23 Removal 4/21/23. The location of the tent is on the grounds of The Mann Center and does not impact any streets or sidewalks","metadescription":"Operations. Temporary Tents and Canopies. Install a 30' x 70' temporary tent at The Mann Center for a one day event. Install 4/18/23 Event 4/20/23 Removal 4/21/23. The location of the tent is on the grounds of The Mann Center and does not impact any streets or sidewalks. Expired. 4115 MONTGOMERY DR","address":"4115 MONTGOMERY DR","the_geom":"0101000020E610000035B2D60A47CD52C0600AAEBF4EFE4340","geocode_x":"2680858.6609053700","geocode_y":"248296.3726889400","censustract":"980000","posse_jobid":"588685663","mostrecentinsp":"2023-04-21 13:18:54+00","systemofrecord":"ECLIPSE","addressobjectid":"129884792","permitdescription":"Operations Permit","permitcompleteddate":"2024-08-26 15:35:03+00","the_geom_webmercator":"0101000020110F0000DB145D11D6EF5FC13EF13447058E5241"},"geometry":{"type":"Point","coordinates":[-75.20746108,39.986778221]}},{"type":"Feature","properties":{"date":"2023-03-30T04:00:00.000Z","year":2023,"description":"Install a temporary 30' x 40' white top tent for a one day event at Building 39 located at 5401 Tacony Street. The placement of the temporary tent is on private property and does not impact street or sidewalk - located behind a gated entrance","metadescription":"Operations. Temporary Tents and Canopies. Install a temporary 30' x 40' white top tent for a one day event at Building 39 located at 5401 Tacony Street. The placement of the temporary tent is on private property and does not impact street or sidewalk - located behind a gated entrance. Expired. 2275 BRIDGE ST","address":"2275 BRIDGE ST","the_geom":"0101000020E61000007A4AAEFA35C452C05C3BEE15F5004440","geocode_x":"2720309.1400781900","geocode_y":"257008.5469172100","censustract":"038100","posse_jobid":"583494048","mostrecentinsp":"2023-11-07 14:23:07+00","systemofrecord":"ECLIPSE","addressobjectid":"132824549","permitdescription":"Operations Permit","permitcompleteddate":"2023-11-07 14:23:20+00","the_geom_webmercator":"0101000020110F00008ED930826FE05FC14F59994EF5905241"},"geometry":{"type":"Point","coordinates":[-75.06579463,40.007479421]}},{"type":"Feature","properties":{"date":"2023-03-08T05:00:00.000Z","year":2023,"description":"INSTALLATION OF TEMPORARY TENT FOR ACCESSORY TO THE USE OF THE PROPERTY ONLY AS PER 2018 PHILADELPHIA FIRE CODE.","metadescription":"Operations. Temporary Tents and Canopies. INSTALLATION OF TEMPORARY TENT FOR ACCESSORY TO THE USE OF THE PROPERTY ONLY AS PER 2018 PHILADELPHIA FIRE CODE.. Expired. 2901 S 56TH ST","address":"2901 S 56TH ST","the_geom":"0101000020E61000005AB0BC058CCD52C0CF10892145F74340","geocode_x":"2680254.9877457000","geocode_y":"228242.1127742100","opa_owner":"CITY OF PHILA, BARTRAM GARDENS + HSE","censustract":"006900","posse_jobid":"573732512","mostrecentinsp":"2023-07-10 13:19:23+00","systemofrecord":"ECLIPSE","addressobjectid":"282795071","opa_account_num":"783000012","permitdescription":"Operations Permit","permitcompleteddate":"2023-11-10 19:25:51+00","the_geom_webmercator":"0101000020110F0000BE8FC73C4BF05FC1EF45870B39865241"},"geometry":{"type":"Point","coordinates":[-75.21167129,39.931797211]}},{"type":"Feature","properties":{"date":"2023-03-07T05:00:00.000Z","year":2023,"description":"temporary tent for services as per 2018 Philadelphia Fire Code.","metadescription":"Operations. Temporary Tents and Canopies. temporary tent for services as per 2018 Philadelphia Fire Code.. Expired. 7000 LINCOLN DR","address":"7000 LINCOLN DR","the_geom":"0101000020E61000008114719478CC52C0DF5E9B856E064440","geocode_x":"2683719.4375998100","geocode_y":"271509.4982981300","opa_owner":"GERMANTOWN JEWISH CENTRE","censustract":"023600","posse_jobid":"570261352","mostrecentinsp":"2023-04-18 16:47:47+00","systemofrecord":"ECLIPSE","addressobjectid":"130723867","opa_account_num":"775699000","permitdescription":"Operations Permit","permitcompleteddate":"2024-09-30 17:25:16+00","the_geom_webmercator":"0101000020110F0000940BDA5E77EE5FC13B6C70B607975241"},"geometry":{"type":"Point","coordinates":[-75.19485961,40.050247861]}},{"type":"Feature","properties":{"date":"2023-02-22T05:00:00.000Z","year":2023,"description":"Install a temporary tent for a weekend event at University of Pennsylvania for Reunion Weekend. Install May 9, 2023 Event Dates May 12th & 13th, 2023 and Removal May 17, 2023. This tent will be located on the building which will not impact any streets or sidewalks -located at Wharton Koo Plaza on University of Pennsylvania campus as per 2018 Philadelphia Fire Code.","metadescription":"Operations. Temporary Tents and Canopies. Install a temporary tent for a weekend event at University of Pennsylvania for Reunion Weekend. Install May 9, 2023 Event Dates May 12th & 13th, 2023 and Removal May 17, 2023. This tent will be located on the building which will not impact any streets or sidewalks -located at Wharton Koo Plaza on University of Pennsylvania campus as per 2018 Philadelphia Fire Code.. Expired. 3726-34 WALNUT ST","address":"3726-34 WALNUT ST","the_geom":"0101000020E6100000C14B3D61A8CC52C075BEC3CDF7F94340","geocode_x":"2683928.0096688800","geocode_y":"236029.4065016600","opa_owner":"THE TRUSTEES OF, UNIVERSITY OF PA","censustract":"008801","posse_jobid":"568261683","mostrecentinsp":"2023-12-02 18:57:13+00","systemofrecord":"ECLIPSE","addressobjectid":"135781253","opa_account_num":"773567805","permitdescription":"Operations Permit","permitcompleteddate":"2023-12-02 18:58:10+00","the_geom_webmercator":"0101000020110F00007EB64890C8EE5FC12609E82236895241"},"geometry":{"type":"Point","coordinates":[-75.19777709,39.952874871]}},{"type":"Feature","properties":{"date":"2023-02-22T05:00:00.000Z","year":2023,"description":"40' x 100' Temporary tent will be located behind Tanenbaum Hall, Silverman Hall and Gittis Hall in a grassy quad not impacting any street or sidewalk as per 2018 Philadelphia Fire Code.","metadescription":"Operations. Temporary Tents and Canopies. 40' x 100' Temporary tent will be located behind Tanenbaum Hall, Silverman Hall and Gittis Hall in a grassy quad not impacting any street or sidewalk as per 2018 Philadelphia Fire Code.. Expired. 3400-50 CHESTNUT ST","address":"3400-50 CHESTNUT ST","the_geom":"0101000020E610000053A83BAE5DCC52C017F5D8521FFA4340","geocode_x":"2685192.9723608700","geocode_y":"236505.5334071400","opa_owner":"TRUSTEES OF THE UNIVERSIT","censustract":"036900","posse_jobid":"568310284","mostrecentinsp":"2023-05-18 13:23:55+00","systemofrecord":"ECLIPSE","addressobjectid":"240981637","opa_account_num":"881822500","permitdescription":"Operations Permit","permitcompleteddate":"2023-09-06 02:50:29+00","the_geom_webmercator":"0101000020110F00009CEFEEAD49EE5FC16BBEE8EB61895241"},"geometry":{"type":"Point","coordinates":[-75.19321781,39.954080921]}},{"type":"Feature","properties":{"date":"2023-02-21T05:00:00.000Z","year":2023,"description":"Install a temporary tent for a one day event at Spread Bagelry located at 3602 Chestnut Street, Philadelphia PA. The location will be on the elevated patio of the business not impacting the street or sidewalk. Install of tent is February 21, 2023 Event date is February 22, 2023 and removal of tent is February 22, 2023 as per 2018 Philadelphia Fire Code","metadescription":"Operations. Temporary Tents and Canopies. Install a temporary tent for a one day event at Spread Bagelry located at 3602 Chestnut Street, Philadelphia PA. The location will be on the elevated patio of the business not impacting the street or sidewalk. Install of tent is February 21, 2023 Event date is February 22, 2023 and removal of tent is February 22, 2023 as per 2018 Philadelphia Fire Code. Expired. 3600-48 CHESTNUT ST","address":"3600-48 CHESTNUT ST","the_geom":"0101000020E610000045D816107BCC52C04550F83134FA4340","geocode_x":"2684683.7057360800","geocode_y":"236722.9168927300","opa_owner":"TRUSTEES OF THE UNIVERSIT","censustract":"036900","posse_jobid":"567779890","mostrecentinsp":"2023-08-23 18:56:44+00","systemofrecord":"ECLIPSE","addressobjectid":"134836033","opa_account_num":"882000286","permitdescription":"Operations Permit","permitcompleteddate":"2023-08-23 18:57:40+00","the_geom_webmercator":"0101000020110F0000A72190967BEE5FC15024C90B79895241"},"geometry":{"type":"Point","coordinates":[-75.19501116,39.954717871]}},{"type":"Feature","properties":{"date":"2022-12-22T05:00:00.000Z","year":2022,"description":"Install temporary tent at Dilworth Park for snow removal equipment as per 2018 Philadelphia Fire Code","metadescription":"Operations. Temporary Tents and Canopies. Install temporary tent at Dilworth Park for snow removal equipment as per 2018 Philadelphia Fire Code. Expired. 1400 JOHN F KENNEDY BLVD","address":"1400 JOHN F KENNEDY BLVD","the_geom":"0101000020E61000003928C44D7CCA52C094306379EBF94340","geocode_x":"2693443.2873306100","geocode_y":"236169.1809698000","opa_owner":"CITY OF PHILA, DEPT OF PUBLIC PROP","censustract":"000500","posse_jobid":"546799412","mostrecentinsp":"2023-03-02 19:54:59+00","systemofrecord":"ECLIPSE","addressobjectid":"133793913","opa_account_num":"782273400","permitdescription":"Operations Permit","permitcompleteddate":"2025-06-20 18:50:57+00","the_geom_webmercator":"0101000020110F00006912300318EB5FC1BD3AE87928895241"},"geometry":{"type":"Point","coordinates":[-75.1638369,39.952498601]}},{"type":"Feature","properties":{"date":"2022-12-08T05:00:00.000Z","year":2022,"description":"Install temporary tent at The Fitler Club for New Years Eve Party - the location of the tent is on the patio adjacent to the building","metadescription":"Operations. Temporary Tents and Canopies. Install temporary tent at The Fitler Club for New Years Eve Party - the location of the tent is on the patio adjacent to the building. Expired. 2402-14 MARKET ST","address":"2402-14 MARKET ST","the_geom":"0101000020E610000037284A0277CB52C085013C4227FA4340","geocode_x":"2689135.8072046700","geocode_y":"236708.2842412200","censustract":"000401","posse_jobid":"538038972","mostrecentinsp":"2023-01-04 19:59:45+00","systemofrecord":"ECLIPSE","addressobjectid":"487193577","permitdescription":"Operations Permit","permitcompleteddate":"2022-11-18 17:53:15+00","the_geom_webmercator":"0101000020110F00004EE643DCC1EC5FC1B16890B66A895241"},"geometry":{"type":"Point","coordinates":[-75.179138729,39.954323081]}},{"type":"Feature","properties":{"date":"2022-12-08T05:00:00.000Z","year":2022,"description":"Install a temporary tent for a one day event for Chubb Insurance Press Conference on Friday December 16 located in the private parking lot located at 2000 Arch Street. Install of the tent will be Thursday December 15 and removal will be Friday December 16","metadescription":"Operations. Temporary Tents and Canopies. Install a temporary tent for a one day event for Chubb Insurance Press Conference on Friday December 16 located in the private parking lot located at 2000 Arch Street. Install of the tent will be Thursday December 15 and removal will be Friday December 16. Expired. 2000-24 ARCH ST","address":"2000-24 ARCH ST","the_geom":"0101000020E6100000FD83957719CB52C0F1FFD37349FA4340","geocode_x":"2690724.6443783100","geocode_y":"237134.8953816900","opa_owner":"2000 ARCH ASSOCIATES LP","censustract":"000401","posse_jobid":"544350408","mostrecentinsp":"2022-12-29 19:29:35+00","systemofrecord":"ECLIPSE","addressobjectid":"127878319","opa_account_num":"882339215","permitdescription":"Operations Permit","permitcompleteddate":"2024-08-26 15:33:51+00","the_geom_webmercator":"0101000020110F00004C4160F822EC5FC187C91C9990895241"},"geometry":{"type":"Point","coordinates":[-75.17342939,39.955366591]}},{"type":"Feature","properties":{"date":"2022-12-02T05:00:00.000Z","year":2022,"description":"Install temporary tent at Citizens Bank Park for Toyota Tundra Food Drive","metadescription":"Operations. Temporary Tents and Canopies. Install temporary tent at Citizens Bank Park for Toyota Tundra Food Drive. Expired. 1 CITIZENS BANK WAY","address":"1 CITIZENS BANK WAY","the_geom":"0101000020E610000010FF71D2A4CA52C08078AB52F1F34340","geocode_x":"2693247.8564513200","geocode_y":"219145.4755237600","opa_owner":"CITY OF PHILA","censustract":"980600","posse_jobid":"542402612","mostrecentinsp":"2022-12-29 14:42:47+00","systemofrecord":"ECLIPSE","addressobjectid":"129559144","opa_account_num":"788020010","permitdescription":"Operations Permit","permitcompleteddate":"2023-06-30 17:53:45+00","the_geom_webmercator":"0101000020110F000078193AD65CEB5FC15AF9E2C789825241"},"geometry":{"type":"Point","coordinates":[-75.16630994,39.905802091]}},{"type":"Feature","properties":{"date":"2022-12-02T05:00:00.000Z","year":2022,"description":"Install a temporary tent for University of Pennsylvania at UPenn Meeting House","metadescription":"Operations. Temporary Tents and Canopies. Install a temporary tent for University of Pennsylvania at UPenn Meeting House. Expired. 3810 WALNUT ST","address":"3810 WALNUT ST","the_geom":"0101000020E6100000D82A2A23C7CC52C068D0337708FA4340","geocode_x":"2683396.5737434300","geocode_y":"236199.3566921000","opa_owner":"TRUSTEES OF THE UNIVERSIT","censustract":"008801","posse_jobid":"542121139","mostrecentinsp":"2023-01-03 14:05:09+00","systemofrecord":"ECLIPSE","addressobjectid":"408248143","opa_account_num":"773569001","permitdescription":"Operations Permit","permitcompleteddate":"2025-06-20 18:50:44+00","the_geom_webmercator":"0101000020110F00001A3FF0CEFCEE5FC12281AE9848895241"},"geometry":{"type":"Point","coordinates":[-75.19965438,39.953383351]}},{"type":"Feature","properties":{"date":"2022-11-15T05:00:00.000Z","year":2022,"description":"Install temporary tent at University of Pennsylvania at Rockwell Gym","metadescription":"Operations. Temporary Tents and Canopies. Install temporary tent at University of Pennsylvania at Rockwell Gym. Expired. 3200 WALNUT ST","address":"3200 WALNUT ST","the_geom":"0101000020E61000002D1CF45A20CC52C0F7D89F1CB2F94340","geocode_x":"2686277.0781592700","geocode_y":"235322.3339702700","opa_owner":"TRUSTEES OF THE UNIVERSIT","censustract":"036900","posse_jobid":"535715282","mostrecentinsp":"2022-12-07 13:42:14+00","systemofrecord":"ECLIPSE","addressobjectid":"217051318","opa_account_num":"773561600","permitdescription":"Operations Permit","permitcompleteddate":"2024-08-26 15:32:13+00","the_geom_webmercator":"0101000020110F0000D2992083E1ED5FC134E7AEECE8885241"},"geometry":{"type":"Point","coordinates":[-75.18947481,39.950748041]}},{"type":"Feature","properties":{"date":"2022-11-07T05:00:00.000Z","year":2022,"description":"Install temporary tent for The Barnes Foundation - Calder Gardens Groundbreaking as per 2018 Philadelphia Fire Code.","metadescription":"Operations. Temporary Tents and Canopies. Install temporary tent for The Barnes Foundation - Calder Gardens Groundbreaking as per 2018 Philadelphia Fire Code.. Expired. 2100 BENJAMIN FRANKLIN PKWY","address":"2100 BENJAMIN FRANKLIN PKWY","the_geom":"0101000020E6100000EC6D55012DCB52C0C13E4768E3FA4340","geocode_x":"2690340.5680620600","geocode_y":"238835.9348916100","opa_owner":"CITY OF PHILA, DEPT OF PUBLC PROP","censustract":"012500","posse_jobid":"532759072","mostrecentinsp":"2022-11-25 22:26:10+00","systemofrecord":"ECLIPSE","addressobjectid":"129862058","opa_account_num":"772000004","permitdescription":"Operations Permit","permitcompleteddate":"2023-07-11 13:02:02+00","the_geom_webmercator":"0101000020110F0000E3E2592844EC5FC18D18FD2D3B8A5241"},"geometry":{"type":"Point","coordinates":[-75.1746219,39.960064921]}},{"type":"Feature","properties":{"date":"2022-10-21T04:00:00.000Z","year":2022,"description":"Temporary tent in loading dock area, not in parking lot,  to protect customers from the elements. Sides open for ventilation / access. 25' x 25' AS PER 2018 PHILADELPHIA FIRE CODE.","metadescription":"Operations. Temporary Tents and Canopies. Temporary tent in loading dock area, not in parking lot,  to protect customers from the elements. Sides open for ventilation / access. 25' x 25' AS PER 2018 PHILADELPHIA FIRE CODE.. Expired. 4705 RIDGE AVE","address":"4705 RIDGE AVE","the_geom":"0101000020E6100000C0218313F0CC52C0C5AF7C95C6014440","geocode_x":"2682060.7009655100","geocode_y":"258205.2099661000","opa_owner":"PECO ENERGY COMPANY","censustract":"020800","posse_jobid":"528276493","mostrecentinsp":"2023-02-21 19:16:15+00","systemofrecord":"ECLIPSE","addressobjectid":"340491202","opa_account_num":"884000119","permitdescription":"Operations Permit","permitcompleteddate":"2023-06-14 14:16:43+00","the_geom_webmercator":"0101000020110F00001604DD5842EF5FC1009E489CDD915241"},"geometry":{"type":"Point","coordinates":[-75.20215309,40.013872801]}},{"type":"Feature","properties":{"date":"2022-10-18T04:00:00.000Z","year":2022,"description":"Install temporary tent at Penn Museum as per 2018 Philadelphia Fire Code.","metadescription":"Operations. Temporary Tents and Canopies. Install temporary tent at Penn Museum as per 2018 Philadelphia Fire Code.. Expired. 1 CONVENTION AVE","address":"1 CONVENTION AVE","the_geom":"0101000020E6100000BD676D2B45CC52C0278A87A867F94340","geocode_x":"2685671.3486268400","geocode_y":"234476.7265443600","opa_owner":"TRUSTEES OF THE UNIVERSIT","censustract":"036900","posse_jobid":"527181667","mostrecentinsp":"2022-11-04 12:31:15+00","systemofrecord":"ECLIPSE","addressobjectid":"297113942","opa_account_num":"773512000","permitdescription":"Operations Permit","permitcompleteddate":"2024-08-26 15:31:37+00","the_geom_webmercator":"0101000020110F000043638B0B20EE5FC16F4FA87096885241"},"geometry":{"type":"Point","coordinates":[-75.19172178,39.948475901]}},{"type":"Feature","properties":{"date":"2022-10-11T04:00:00.000Z","year":2022,"description":"Install temporary tent at Building 39 at the Arsenal AS PER 2018 PHILADELPHIA FIRE CODE.","metadescription":"Operations. Temporary Tents and Canopies. Install temporary tent at Building 39 at the Arsenal AS PER 2018 PHILADELPHIA FIRE CODE.. Expired. 2275 BRIDGE ST","address":"2275 BRIDGE ST","the_geom":"0101000020E61000007A4AAEFA35C452C05C3BEE15F5004440","geocode_x":"2720309.1400781900","geocode_y":"257008.5469172100","censustract":"038100","posse_jobid":"525930668","mostrecentinsp":"2023-11-07 14:22:18+00","systemofrecord":"ECLIPSE","addressobjectid":"132824549","permitdescription":"Operations Permit","permitcompleteddate":"2023-11-07 14:22:32+00","the_geom_webmercator":"0101000020110F00008ED930826FE05FC14F59994EF5905241"},"geometry":{"type":"Point","coordinates":[-75.06579463,40.007479421]}},{"type":"Feature","properties":{"date":"2022-10-04T04:00:00.000Z","year":2022,"description":"Install temporary tent for residence","metadescription":"Operations. Temporary Tents and Canopies. Install temporary tent for residence. Expired. 8863 NORWOOD AVE","address":"8863 NORWOOD AVE","the_geom":"0101000020E61000008C48973CB7CD52C0EF173616AC0A4440","unit_num":"# A","geocode_x":"2677930.3473615700","geocode_y":"283415.8926246200","opa_owner":"STILLWAGON DAVID M","censustract":"038700","posse_jobid":"520936606","mostrecentinsp":"2023-02-21 15:09:51+00","systemofrecord":"ECLIPSE","addressobjectid":"137172684","opa_account_num":"091221004","permitdescription":"Operations Permit","permitcompleteddate":"2023-02-21 19:27:22+00","the_geom_webmercator":"0101000020110F0000EB6C26A494F05FC127577D70BC9B5241"},"geometry":{"type":"Point","coordinates":[-75.21430888,40.083376671]}},{"type":"Feature","properties":{"date":"2022-10-04T04:00:00.000Z","year":2022,"description":"Install temporary tent for Cora Services","metadescription":"Operations. Temporary Tents and Canopies. Install temporary tent for Cora Services. Expired. 8540 VERREE RD","address":"8540 VERREE RD","the_geom":"0101000020E6100000067374EC60C452C03EADF9E2660A4440","geocode_x":"2718759.1733539800","geocode_y":"283852.6528372900","opa_owner":"CORA SERVICES INC","censustract":"034200","posse_jobid":"521298368","mostrecentinsp":"2022-11-01 01:04:00+00","systemofrecord":"ECLIPSE","addressobjectid":"133796997","opa_account_num":"778036100","permitdescription":"Operations Permit","permitcompleteddate":"2023-09-14 14:34:05+00","the_geom_webmercator":"0101000020110F000063EB3874B8E05FC1B4322FA06F9B5241"},"geometry":{"type":"Point","coordinates":[-75.06841575,40.081264851]}},{"type":"Feature","properties":{"date":"2022-08-26T04:00:00.000Z","year":2022,"description":"UP SP2 30x30- 40700- Temporary tent for university AS PER 2018 PHILADELPHIA FIRE CODE.","metadescription":"Operations. Temporary Tents and Canopies. UP SP2 30x30- 40700- Temporary tent for university AS PER 2018 PHILADELPHIA FIRE CODE.. Expired. 3700-34 WALNUT ST","address":"3700-34 WALNUT ST","the_geom":"0101000020E6100000C14B3D61A8CC52C075BEC3CDF7F94340","geocode_x":"2683928.0096688800","geocode_y":"236029.4065016600","opa_owner":"THE TRUSTEES OF, UNIVERSITY OF PA","censustract":"008801","posse_jobid":"509799898","mostrecentinsp":"2022-10-13 12:24:41+00","systemofrecord":"ECLIPSE","addressobjectid":"135779837","opa_account_num":"773567805","permitdescription":"Operations Permit","permitcompleteddate":"2023-12-02 18:49:05+00","the_geom_webmercator":"0101000020110F00007EB64890C8EE5FC12609E82236895241"},"geometry":{"type":"Point","coordinates":[-75.19777709,39.952874871]}},{"type":"Feature","properties":{"date":"2022-08-25T04:00:00.000Z","year":2022,"description":"Install temporary tent for Ukrainian Festival AS PER 2018 PHILADELPHIA FIRE CODE.","metadescription":"Operations. Temporary Tents and Canopies. Install temporary tent for Ukrainian Festival AS PER 2018 PHILADELPHIA FIRE CODE.. Expired. 10151 BUSTLETON AVE","address":"10151 BUSTLETON AVE","the_geom":"0101000020E610000098E8CE80BCC152C0720884107B0D4440","geocode_x":"2730036.3435539600","geocode_y":"292964.1649726300","opa_owner":"BUSTLETON-HD LLC","censustract":"035900","posse_jobid":"509616695","mostrecentinsp":"2022-09-13 22:33:18+00","systemofrecord":"ECLIPSE","addressobjectid":"131748020","opa_account_num":"883575000","permitdescription":"Operations Permit","permitcompleteddate":"2025-06-16 19:57:32+00","the_geom_webmercator":"0101000020110F000020E3577C3BDC5FC19ED165A9DA9E5241"},"geometry":{"type":"Point","coordinates":[-75.02713032,40.105318131]}},{"type":"Feature","properties":{"date":"2022-08-02T04:00:00.000Z","year":2022,"description":"Temporary tent for 2nd Street Festival on reat patio as per 2018 Philadelphia Fire Code.","metadescription":"Operations. Temporary Tents and Canopies. Temporary tent for 2nd Street Festival on reat patio as per 2018 Philadelphia Fire Code.. Expired. 909-15 N 2ND ST","address":"909-15 N 2ND ST","the_geom":"0101000020E6100000BEBEFF08F9C852C02435DCD16EFB4340","geocode_x":"2699939.9627406500","geocode_y":"240668.3463572000","opa_owner":"DASKAL IEROCHMIEL, DASKAL DALIA","censustract":"014200","posse_jobid":"501200256","mostrecentinsp":"2022-08-09 16:26:15+00","systemofrecord":"ECLIPSE","addressobjectid":"135084178","opa_account_num":"882560950","permitdescription":"Operations Permit","permitcompleteddate":"2023-02-14 14:19:59+00","the_geom_webmercator":"0101000020110F000003459E3286E85FC182DC86A8D58A5241"},"geometry":{"type":"Point","coordinates":[-75.140199899,39.964319451]}},{"type":"Feature","properties":{"date":"2022-07-13T04:00:00.000Z","year":2022,"description":"FOR THE ERECTION OF A TEMPORARY STRUCTURE (ART INSTALLATION) AS PER APPROVED PLANS.","metadescription":"Building. Addition and/or Alteration. FOR THE ERECTION OF A TEMPORARY STRUCTURE (ART INSTALLATION) AS PER APPROVED PLANS.. Completed. 2500 SPRING GARDEN ST","address":"2500 SPRING GARDEN ST","the_geom":"0101000020E61000003C5BCBC09ACB52C0210B3F47A2FB4340","geocode_x":"2688401.9022629400","geocode_y":"240902.2707630300","opa_owner":"CITY OF PHILA, ART RODIN LEMON HILL","censustract":"980000","posse_jobid":"487977390","numberofunits":"1","mostrecentinsp":"2022-09-12 14:39:24+00","systemofrecord":"ECLIPSE","addressobjectid":"132862666","numberofstories":"1.0","opa_account_num":"782513720","areaofdisturbance":"45.0","permitdescription":"Commercial Building Permit","contractoraddress1":"AR Custom Carpentry, LLC\n5312 Baynton St\nPhiladelphia, PA  19144\nUSA","permitcompleteddate":"2022-09-21 19:41:29+00","the_geom_webmercator":"0101000020110F000050785193FEEC5FC16A222DAE0E8B5241","certificateofoccupancyrequired":"N"},"geometry":{"type":"Point","coordinates":[-75.18132038,39.965889841]}},{"type":"Feature","properties":{"date":"2022-06-02T04:00:00.000Z","year":2022,"description":"Install temporary tent at 4347 Kelly Drive Philadelphia PA 19129 as per 2018 Philadelphia Fire Code.","metadescription":"Operations. Temporary Tents and Canopies. Install temporary tent at 4347 Kelly Drive Philadelphia PA 19129 as per 2018 Philadelphia Fire Code.. Expired. 4414 RIDGE AVE","address":"4414 RIDGE AVE","the_geom":"0101000020E61000006E635489B6CC52C05F0AAD5350014440","geocode_x":"2683081.9750697300","geocode_y":"256919.4876299800","opa_owner":"UNDINE BARGE CLUB OF PHIL","censustract":"020700","posse_jobid":"482387844","mostrecentinsp":"2023-02-21 19:15:34+00","systemofrecord":"ECLIPSE","addressobjectid":"130288065","opa_account_num":"383113810","permitdescription":"Operations Permit","permitcompleteddate":"2024-09-30 17:23:03+00","the_geom_webmercator":"0101000020110F0000B47A2A9CE0EE5FC1EF9D4B7A5A915241"},"geometry":{"type":"Point","coordinates":[-75.19864114,40.010263881]}},{"type":"Feature","properties":{"date":"2022-05-26T04:00:00.000Z","year":2022,"description":"FOR THE INSTALLATION OF A TEMPORARY TENT STRUCTURE WITH BALLAST SUPPORT ON THE ROOF OF AN EXISTING STRUCTURE FOR A DATE RANGE OF 6/3/2022 THROUGH 6/6/2022, IN ACCORDANCE WITH THE PHILADELPHIA FIRE CODE 2018, SECTION 3103 AND IBC 2018, SECTION 3102.","metadescription":"Building. Addition and/or Alteration. FOR THE INSTALLATION OF A TEMPORARY TENT STRUCTURE WITH BALLAST SUPPORT ON THE ROOF OF AN EXISTING STRUCTURE FOR A DATE RANGE OF 6/3/2022 THROUGH 6/6/2022, IN ACCORDANCE WITH THE PHILADELPHIA FIRE CODE 2018, SECTION 3103 AND IBC 2018, SECTION 3102.. Completed. 1901 VINE ST","address":"1901 VINE ST","the_geom":"0101000020E610000015F1F50EF1CA52C042121E69DFFA4340","geocode_x":"2691367.0986898600","geocode_y":"238821.4504374800","opa_owner":"CITY OF PHILA","censustract":"012500","posse_jobid":"478690589","numberofunits":"1","mostrecentinsp":"2022-06-06 18:30:40+00","systemofrecord":"ECLIPSE","addressobjectid":"217025670","numberofstories":"1.0","opa_account_num":"782598210","permitdescription":"Commercial Building Permit","contractoraddress1":"EVENT EQUIPMENT KNIGHT ENTERPRISES INC\n1100 ORTHODOX STREET\nPHILADELPHIA, PA  19124\nUSA","permitcompleteddate":"2022-06-10 19:14:02+00","the_geom_webmercator":"0101000020110F00002807FE54DEEB5FC1FEA54AC0368A5241","certificateofoccupancyrequired":"N"},"geometry":{"type":"Point","coordinates":[-75.17096304,39.959942951]}},{"type":"Feature","properties":{"date":"2022-05-24T04:00:00.000Z","year":2022,"description":"FOR THE INSTALLATION OF A TEMPORARY TENT STRUCTURE WITH BALLAST SUPPORT ON THE ROOF OF AN EXISTING STRUCTURE FOR A DATE RANGE OF 5/27/2022 THROUGH 5/31/2022, IN ACCORDANCE WITH THE PHILADELPHIA FIRE CODE 2018, SECTION 3103 AND IBC 2018, SECTION 3102.","metadescription":"Building. Addition and/or Alteration. FOR THE INSTALLATION OF A TEMPORARY TENT STRUCTURE WITH BALLAST SUPPORT ON THE ROOF OF AN EXISTING STRUCTURE FOR A DATE RANGE OF 5/27/2022 THROUGH 5/31/2022, IN ACCORDANCE WITH THE PHILADELPHIA FIRE CODE 2018, SECTION 3103 AND IBC 2018, SECTION 3102.. Expired. 1901 VINE ST","address":"1901 VINE ST","the_geom":"0101000020E610000015F1F50EF1CA52C042121E69DFFA4340","geocode_x":"2691367.0986898600","geocode_y":"238821.4504374800","opa_owner":"CITY OF PHILA","censustract":"012500","posse_jobid":"478172852","numberofunits":"1","mostrecentinsp":"2022-06-08 18:19:16+00","systemofrecord":"ECLIPSE","addressobjectid":"217025670","numberofstories":"1.0","opa_account_num":"782598210","permitdescription":"Commercial Building Permit","contractoraddress1":"EVENT EQUIPMENT KNIGHT ENTERPRISES INC\n1100 ORTHODOX STREET\nPHILADELPHIA, PA  19124\nUSA","permitcompleteddate":"2022-12-09 13:52:01+00","the_geom_webmercator":"0101000020110F00002807FE54DEEB5FC1FEA54AC0368A5241","certificateofoccupancyrequired":"N"},"geometry":{"type":"Point","coordinates":[-75.17096304,39.959942951]}},{"type":"Feature","properties":{"date":"2022-05-12T04:00:00.000Z","year":2022,"description":"20'x105' Temporary Tent , Commencement UPenn -C#38985 as per 2018 Philadelphia Fire Code.","metadescription":"Operations. Temporary Tents and Canopies. 20'x105' Temporary Tent , Commencement UPenn -C#38985 as per 2018 Philadelphia Fire Code.. Expired. 3708-12 CHESTNUT ST","address":"3708-12 CHESTNUT ST","the_geom":"0101000020E610000073C29FF99ECC52C0BBF311052FFA4340","geocode_x":"2684071.1300482500","geocode_y":"236647.6379744800","opa_owner":"TRS UNIV OF PENN","censustract":"008801","posse_jobid":"474141810","mostrecentinsp":"2022-05-31 15:29:17+00","systemofrecord":"ECLIPSE","addressobjectid":"455825937","opa_account_num":"773509000","permitdescription":"Operations Permit","permitcompleteddate":"2022-12-07 14:46:37+00","the_geom_webmercator":"0101000020110F0000C500B596B8EE5FC1A4E0DD4F73895241"},"geometry":{"type":"Point","coordinates":[-75.19720307,39.954559931]}},{"type":"Feature","properties":{"date":"2022-04-26T04:00:00.000Z","year":2022,"description":"Temporary tent for student activities 20x40 C#36630 as per 2018 Philadelphia Fire Code.","metadescription":"Operations. Temporary Tents and Canopies. Temporary tent for student activities 20x40 C#36630 as per 2018 Philadelphia Fire Code.. Expired. 4212 WOODLAND AVE","address":"4212 WOODLAND AVE","the_geom":"0101000020E6100000808EFD5A49CD52C0AA9FA37711F94340","unit_num":"# R","geocode_x":"2681248.3317093900","geocode_y":"233390.3736968900","opa_owner":"PHILA COLLEGE OF PHARMACY, SCIENCE","censustract":"007700","posse_jobid":"382710296","mostrecentinsp":"2023-07-11 15:40:11+00","systemofrecord":"ECLIPSE","addressobjectid":"185568873","opa_account_num":"773502000","permitdescription":"Operations Permit","permitcompleteddate":"2025-07-25 16:55:00+00","the_geom_webmercator":"0101000020110F0000966931FFD9EF5FC1850E99F436885241"},"geometry":{"type":"Point","coordinates":[-75.20760226,39.945845561]}},{"type":"Feature","properties":{"date":"2022-04-26T04:00:00.000Z","year":2022,"description":"20x20 Temporary tent  -PHA 38411 AS PER 2018 PHILADELPHIA FIRE CODE","metadescription":"Operations. Temporary Tents and Canopies. 20x20 Temporary tent  -PHA 38411 AS PER 2018 PHILADELPHIA FIRE CODE. Expired. 1807 N FRANKLIN ST","address":"1807 N FRANKLIN ST","the_geom":"0101000020E61000007F98F76368C952C0917067775CFD4340","geocode_x":"2697873.9241345000","geocode_y":"246097.6185025400","opa_owner":"SCOTT WANDA","censustract":"037700","posse_jobid":"434126797","systemofrecord":"ECLIPSE","addressobjectid":"135532467","opa_account_num":"202045810","permitdescription":"Operations Permit","permitcompleteddate":"2022-05-04 14:56:02+00","the_geom_webmercator":"0101000020110F00005B81925843E95FC1651FFDBAF88C5241"},"geometry":{"type":"Point","coordinates":[-75.14699649,39.979384351]}},{"type":"Feature","properties":{"date":"2022-04-26T04:00:00.000Z","year":2022,"description":"20x60 temporary tent for media -PHA 38398 as per PHILADELPHIA FIRE CODE","metadescription":"Operations. Temporary Tents and Canopies. 20x60 temporary tent for media -PHA 38398 as per PHILADELPHIA FIRE CODE. Expired. 1301-49 N 10TH ST","address":"1301-49 N 10TH ST","the_geom":"0101000020E610000078A40810B2C952C06E1A113387FC4340","geocode_x":"2696684.0742236900","geocode_y":"243690.6478066600","opa_owner":"PHILADELPHIA HOUSING AUTH","censustract":"014100","posse_jobid":"434115905","systemofrecord":"ECLIPSE","addressobjectid":"432138518","opa_account_num":"886761110","permitdescription":"Operations Permit","permitcompleteddate":"2022-05-04 14:55:00+00","the_geom_webmercator":"0101000020110F00005D124B7CC0E95FC1B9571D5E0C8C5241"},"geometry":{"type":"Point","coordinates":[-75.151493081,39.972875961]}},{"type":"Feature","properties":{"date":"2022-04-12T04:00:00.000Z","year":2022,"description":"FOR THE ERECTION OF A TEMPORARY STRUCTURE AS PER APPROVED PLANS AND FOR THE ISSUANCE OF A TEMPORARY CERTIFICATE OF OCCUPANCY (T.C.O.) IN ACCORDANCE WITH L&I CODE BULLETIN NO. A-1501-R1 FOR A SPECIAL EVENT TAKING PLACE FROM 4/21/2022 THROUGH 5/3/2022 WITH DAILY START TIMES AT 6 AM AND END TIMES AT 5 PM. FIRE WATCH TO BE PROVIDED AT ALL TIMES DURING OCCUPANCY. NO WARMING DEVICES.","metadescription":"Administrative. Special Event - Short Term CO. FOR THE ERECTION OF A TEMPORARY STRUCTURE AS PER APPROVED PLANS AND FOR THE ISSUANCE OF A TEMPORARY CERTIFICATE OF OCCUPANCY (T.C.O.) IN ACCORDANCE WITH L&I CODE BULLETIN NO. A-1501-R1 FOR A SPECIAL EVENT TAKING PLACE FROM 4/21/2022 THROUGH 5/3/2022 WITH DAILY START TIMES AT 6 AM AND END TIMES AT 5 PM. FIRE WATCH TO BE PROVIDED AT ALL TIMES DURING OCCUPANCY. NO WARMING DEVICES.. Completed. 3200 WALNUT ST","address":"3200 WALNUT ST","the_geom":"0101000020E61000002D1CF45A20CC52C0F7D89F1CB2F94340","geocode_x":"2686277.0781592700","geocode_y":"235322.3339702700","opa_owner":"TRUSTEES OF THE UNIVERSIT","censustract":"036900","posse_jobid":"451222989","mostrecentinsp":"2022-05-04 17:40:19+00","systemofrecord":"ECLIPSE","addressobjectid":"217012641","numberofstories":"1.0","opa_account_num":"773561600","permitdescription":"Administrative Permit","permitcompleteddate":"2022-05-04 18:04:21+00","the_geom_webmercator":"0101000020110F0000D2992083E1ED5FC134E7AEECE8885241","certificateofoccupancydate":"2022-05-04 18:04:32+00","certificateofoccupancylink":"https://eclipse.phila.gov/phillylmsprod/pub/lms/download.aspx?PosseObjectId=473159761&hash=4C067EDE50F9C3B36A88A61EE47B697161B1A30AB5E445DB316CA9AA0FB0BC8A","certificateofoccupancyrequired":"N"},"geometry":{"type":"Point","coordinates":[-75.18947481,39.950748041]}},{"type":"Feature","properties":{"date":"2022-03-25T04:00:00.000Z","year":2022,"description":"A temporary structure for Penn Relays as per 2018 Philadelphia Fire Code","metadescription":"Operations. Temporary Tents and Canopies. A temporary structure for Penn Relays as per 2018 Philadelphia Fire Code. Expired. 3200 WALNUT ST","address":"3200 WALNUT ST","the_geom":"0101000020E61000002D1CF45A20CC52C0F7D89F1CB2F94340","geocode_x":"2686277.0781592700","geocode_y":"235322.3339702700","opa_owner":"TRUSTEES OF THE UNIVERSIT","censustract":"036900","posse_jobid":"451222478","mostrecentinsp":"2022-05-16 04:26:36+00","systemofrecord":"ECLIPSE","addressobjectid":"217012641","opa_account_num":"773561600","permitdescription":"Operations Permit","permitcompleteddate":"2022-11-17 15:02:41+00","the_geom_webmercator":"0101000020110F0000D2992083E1ED5FC134E7AEECE8885241"},"geometry":{"type":"Point","coordinates":[-75.18947481,39.950748041]}},{"type":"Feature","properties":{"date":"2022-03-23T04:00:00.000Z","year":2022,"description":"INSTALLING TEMPORARY TENT ON PROPERTY (NOT THE SIDE WALK) AS PER 2018 PHILADELPHIA FIRE CODE","metadescription":"Operations. Temporary Tents and Canopies. INSTALLING TEMPORARY TENT ON PROPERTY (NOT THE SIDE WALK) AS PER 2018 PHILADELPHIA FIRE CODE. Expired. 3600-48 CHESTNUT ST","address":"3600-48 CHESTNUT ST","the_geom":"0101000020E610000045D816107BCC52C04550F83134FA4340","geocode_x":"2684683.7057360800","geocode_y":"236722.9168927300","opa_owner":"TRUSTEES OF THE UNIVERSIT","censustract":"036900","posse_jobid":"453746500","mostrecentinsp":"2022-05-16 04:19:21+00","systemofrecord":"ECLIPSE","addressobjectid":"134836033","opa_account_num":"882000286","permitdescription":"Operations Permit","permitcompleteddate":"2022-11-17 14:56:36+00","the_geom_webmercator":"0101000020110F0000A72190967BEE5FC15024C90B79895241"},"geometry":{"type":"Point","coordinates":[-75.19501116,39.954717871]}},{"type":"Feature","properties":{"date":"2022-02-23T05:00:00.000Z","year":2022,"description":"For the erection of a temporary structure in the right of way for use as restaurant seating.  \n\nSeparate Permit(s) required if new electrical connections or HVAC equipment is proposed.\n\nUpon issuance of this permit, the restaurant's Temporary Sidewalk Caf?/Streetery License must be amended to document the approval of the structure.   Please submit this permit to https://form.jotform.com/203103777242045","metadescription":"Building. Addition and/or Alteration. For the erection of a temporary structure in the right of way for use as restaurant seating.  \n\nSeparate Permit(s) required if new electrical connections or HVAC equipment is proposed.\n\nUpon issuance of this permit, the restaurant's Temporary Sidewalk Caf?/Streetery License must be amended to document the approval of the structure.   Please submit this permit to https://form.jotform.com/203103777242045. Expired. 1306 DICKINSON ST","address":"1306 DICKINSON ST","the_geom":"0101000020E6100000E8C65F72A7CA52C0AB77874E36F74340","unit_num":"# 0002","geocode_x":"2692930.7620224700","geocode_y":"228444.9286433700","opa_owner":"BONFORTE WILLIAM V","censustract":"002900","posse_jobid":"358955560","numberofunits":"1","mostrecentinsp":"2023-08-08 12:55:24+00","systemofrecord":"ECLIPSE","addressobjectid":"141312902","numberofstories":"1.0","opa_account_num":"871500550","areaofdisturbance":"0.0","permitdescription":"Commercial Building Permit","contractoraddress1":"FORTE DEVELOOPMENT CO INC\n2723 S SMEDLEY ST\nPHILADELPHIA, PA  19145\nUSA","permitcompleteddate":"2023-08-08 12:55:40+00","the_geom_webmercator":"0101000020110F0000BDD0904B61EB5FC14C8A47A028865241","certificateofoccupancyrequired":"N"},"geometry":{"type":"Point","coordinates":[-75.16647014,39.931344811]}},{"type":"Feature","properties":{"date":"2022-02-17T05:00:00.000Z","year":2022,"description":"20' x 40' temporary tent for outdoor dining as per 2018 Philadelphia Fire Code.","metadescription":"Operations. Temporary Tents and Canopies. 20' x 40' temporary tent for outdoor dining as per 2018 Philadelphia Fire Code.. Expired. 456 N 5TH ST","address":"456 N 5TH ST","the_geom":"0101000020E610000038E19DF073C952C0CC0F2135DCFA4340","geocode_x":"2697886.1705463700","geocode_y":"238977.1224595000","censustract":"036700","posse_jobid":"434021271","mostrecentinsp":"2022-08-08 11:59:25+00","systemofrecord":"ECLIPSE","addressobjectid":"129590427","permitdescription":"Operations Permit","permitcompleteddate":"2023-02-14 14:14:33+00","the_geom_webmercator":"0101000020110F00006533BDF656E95FC105D3B733338A5241"},"geometry":{"type":"Point","coordinates":[-75.14770141,39.959845201]}},{"type":"Feature","properties":{"date":"2022-01-21T05:00:00.000Z","year":2022,"description":"20' x 60' temporary tent for media event PHA 38381(confirm tent removed from evet date)","metadescription":"Operations. Temporary Tents and Canopies. 20' x 60' temporary tent for media event PHA 38381(confirm tent removed from evet date). Expired. 4401 HOLDEN ST","address":"4401 HOLDEN ST","the_geom":"0101000020E61000004A145D797DCD52C038EE2AA5D6FA4340","geocode_x":"2680211.9435940600","geocode_y":"238400.6142147200","opa_owner":"PHILADELPHIA HOUSING AUTH","censustract":"009200","posse_jobid":"432763614","mostrecentinsp":"2022-01-31 13:40:30+00","systemofrecord":"ECLIPSE","addressobjectid":"132811556","opa_account_num":"886761415","permitdescription":"Operations Permit","permitcompleteddate":"2023-03-22 19:33:31+00","the_geom_webmercator":"0101000020110F0000F8708E8632F05FC11207ED092D8A5241"},"geometry":{"type":"Point","coordinates":[-75.21078333,39.959675451]}},{"type":"Feature","properties":{"date":"2022-01-03T05:00:00.000Z","year":2022,"description":"Install temporary tent at Dilworth Park for PVSM AS PER 2018 Philadelphia Fire Code.","metadescription":"Operations. Temporary Tents and Canopies. Install temporary tent at Dilworth Park for PVSM AS PER 2018 Philadelphia Fire Code.. Expired. 1400 JOHN F KENNEDY BLVD","address":"1400 JOHN F KENNEDY BLVD","the_geom":"0101000020E61000003928C44D7CCA52C094306379EBF94340","geocode_x":"2693443.2873306100","geocode_y":"236169.1809698000","opa_owner":"CITY OF PHILA, DEPT OF PUBLIC PROP","censustract":"000500","posse_jobid":"424140399","mostrecentinsp":"2022-03-11 19:01:16+00","systemofrecord":"ECLIPSE","addressobjectid":"128687708","opa_account_num":"782273400","permitdescription":"Operations Permit","permitcompleteddate":"2025-06-16 19:41:53+00","the_geom_webmercator":"0101000020110F00006912300318EB5FC1BD3AE87928895241"},"geometry":{"type":"Point","coordinates":[-75.1638369,39.952498601]}},{"type":"Feature","properties":{"date":"2021-12-21T05:00:00.000Z","year":2021,"description":"15x45' temporary tent for overflow seating 37329 UPenn Programs & Sp events as per 2018 Philadelphia Fire Code.","metadescription":"Operations. Temporary Tents and Canopies. 15x45' temporary tent for overflow seating 37329 UPenn Programs & Sp events as per 2018 Philadelphia Fire Code.. Expired. 3533 LOCUST WALK","address":"3533 LOCUST WALK","the_geom":"0101000020E6100000561453EA73CC52C062F3C288E0F94340","unit_num":"FL 2","geocode_x":"2684832.8649119600","geocode_y":"235796.7849615600","opa_owner":"TRS UNIV OF PENN","unit_type":"FL","censustract":"036900","posse_jobid":"405640397","mostrecentinsp":"2022-05-11 14:34:11+00","systemofrecord":"ECLIPSE","addressobjectid":"138937546","opa_account_num":"773516000","permitdescription":"Operations Permit","permitcompleteddate":"2022-05-11 14:34:45+00","the_geom_webmercator":"0101000020110F0000080686726FEE5FC15DFA105B1C895241"},"geometry":{"type":"Point","coordinates":[-75.19457491,39.952164741]}},{"type":"Feature","properties":{"date":"2021-12-20T05:00:00.000Z","year":2021,"description":"Install a 20' x 45' temporary tent for outdoor dining as per 2018 Philadelphia fire Code. Placement and separations from building as per Fire Code","metadescription":"Operations. Temporary Tents and Canopies. Install a 20' x 45' temporary tent for outdoor dining as per 2018 Philadelphia fire Code. Placement and separations from building as per Fire Code. Expired. 1311-13 SANSOM ST","address":"1311-13 SANSOM ST","the_geom":"0101000020E61000007D439F5E65CA52C087760CA79AF94340","geocode_x":"2693861.8813489300","geocode_y":"235282.5661598800","opa_owner":"PHILADELPHIA BUILDING ASS","censustract":"000600","posse_jobid":"419167513","mostrecentinsp":"2021-12-29 14:33:40+00","systemofrecord":"ECLIPSE","addressobjectid":"137878899","opa_account_num":"882604600","permitdescription":"Operations Permit","permitcompleteddate":"2022-07-11 10:45:28+00","the_geom_webmercator":"0101000020110F0000216D750EF1EA5FC1E56F3CEFCE885241"},"geometry":{"type":"Point","coordinates":[-75.16243711,39.950032121]}},{"type":"Feature","properties":{"date":"2021-12-20T05:00:00.000Z","year":2021,"description":"Install a 30' x 90' temporary tent at Drexel Rec Center AS PER 2018 PHILADELPHIA FIRE CODE","metadescription":"Operations. Temporary Tents and Canopies. Install a 30' x 90' temporary tent at Drexel Rec Center AS PER 2018 PHILADELPHIA FIRE CODE. Expired. 3301 MARKET ST","address":"3301 MARKET ST","the_geom":"0101000020E6100000037810542ECC52C08A2620956EFA4340","geocode_x":"2685977.3496584600","geocode_y":"237409.7535137600","opa_owner":"DREXEL UNIVERSITY","censustract":"009000","posse_jobid":"423292739","mostrecentinsp":"2022-01-04 20:36:32+00","systemofrecord":"ECLIPSE","addressobjectid":"135628558","opa_account_num":"774530510","permitdescription":"Operations Permit","permitcompleteddate":"2022-07-14 19:55:56+00","the_geom_webmercator":"0101000020110F0000F4BF353FF9ED5FC1F7CCADBCB9895241"},"geometry":{"type":"Point","coordinates":[-75.19032766,39.956499711]}},{"type":"Feature","properties":{"date":"2021-11-23T05:00:00.000Z","year":2021,"description":"Install temporary tent for Drexel University event AS PER 2018 Philadelphia Fire Code.","metadescription":"Operations. Temporary Tents and Canopies. Install temporary tent for Drexel University event AS PER 2018 Philadelphia Fire Code.. Expired. 3200-60 CHESTNUT ST","address":"3200-60 CHESTNUT ST","the_geom":"0101000020E6100000ABBD714E13CC52C0E219FD6F0CFA4340","geocode_x":"2686471.1573141400","geocode_y":"236332.5367416200","opa_owner":"DREXEL UNIVERSITY","censustract":"036900","posse_jobid":"415193299","mostrecentinsp":"2022-01-14 14:40:13+00","systemofrecord":"ECLIPSE","addressobjectid":"131504788","opa_account_num":"881001217","permitdescription":"Operations Permit","permitcompleteddate":"2022-08-22 12:01:21+00","the_geom_webmercator":"0101000020110F00009CACEF58CBED5FC1D71935FF4C895241"},"geometry":{"type":"Point","coordinates":[-75.188678371,39.953504561]}},{"type":"Feature","properties":{"date":"2021-11-10T05:00:00.000Z","year":2021,"description":"INSTALL TEMPORARY TENT AS PER 2018 FIRE DEPARTMENT .","metadescription":"Operations. Temporary Tents and Canopies. INSTALL TEMPORARY TENT AS PER 2018 FIRE DEPARTMENT .. Expired. 2674-76 BRIDGE ST","address":"2674-76 BRIDGE ST","the_geom":"0101000020E610000078682E0F42C452C0E9CB33C772004440","geocode_x":"2720146.7052386000","geocode_y":"255554.3078039900","opa_owner":"PEASANT GODS LLC","censustract":"018400","posse_jobid":"408569370","mostrecentinsp":"2021-11-17 18:53:05+00","systemofrecord":"ECLIPSE","addressobjectid":"408253261","opa_account_num":"882971895","permitdescription":"Operations Permit","permitcompleteddate":"2023-10-02 12:25:34+00","the_geom_webmercator":"0101000020110F0000C6311D0784E05FC14A1E60D364905241"},"geometry":{"type":"Point","coordinates":[-75.06653194,40.003502751]}},{"type":"Feature","properties":{"date":"2021-11-02T04:00:00.000Z","year":2021,"description":"Install temporary tent at Christmas Village event in LOVE PARK. AS PER 2018 PHILADELHIA FIRE CODE.","metadescription":"Operations. Temporary Tents and Canopies. Install temporary tent at Christmas Village event in LOVE PARK. AS PER 2018 PHILADELHIA FIRE CODE.. Expired. 1501 JOHN F KENNEDY BLVD","address":"1501 JOHN F KENNEDY BLVD","the_geom":"0101000020E61000000424F8339BCA52C00E4C6C5223FA4340","unit_num":"# 2","geocode_x":"2692896.6130459000","geocode_y":"236774.2997040500","censustract":"000402","posse_jobid":"407467320","mostrecentinsp":"2021-12-28 18:54:31+00","systemofrecord":"ECLIPSE","addressobjectid":"138966044","permitdescription":"Operations Permit","permitcompleteddate":"2022-07-01 19:29:54+00","the_geom_webmercator":"0101000020110F000035B3767F4CEB5FC1A0F0F75966895241"},"geometry":{"type":"Point","coordinates":[-75.16572284,39.954202941]}},{"type":"Feature","properties":{"date":"2021-10-28T04:00:00.000Z","year":2021,"description":"For the erection of a temporary structure in the right of way for a restaurant seating. Separate Permit(s) required for new electrical connections or HVAC equipment. Upon issuance of this permit, the restaurant's Temporary Sidewalk Caf?/Streetery License must be amended to document the approval of the structure. Please submit this permit to https://form.jotform.com/203103777242045","metadescription":"Building. Addition and/or Alteration. For the erection of a temporary structure in the right of way for a restaurant seating. Separate Permit(s) required for new electrical connections or HVAC equipment. Upon issuance of this permit, the restaurant's Temporary Sidewalk Caf?/Streetery License must be amended to document the approval of the structure. Please submit this permit to https://form.jotform.com/203103777242045. Expired. 325-41 CHESTNUT ST","address":"325-41 CHESTNUT ST","the_geom":"0101000020E6100000C1B844E46AC952C0E692FA147CF94340","geocode_x":"2698156.2761740300","geocode_y":"235068.8019037800","opa_owner":"KREF LENDING III LLC","censustract":"000100","posse_jobid":"394962018","numberofunits":"1","mostrecentinsp":"2021-11-08 13:14:36+00","systemofrecord":"ECLIPSE","addressobjectid":"245870018","numberofstories":"1.0","opa_account_num":"883302500","areaofdisturbance":"0.0","permitdescription":"Commercial Building Permit","contractoraddress1":"TSC BUILDERS INC\n1717 Spruce St \nPhiladelphia , PA  19103\nUSA","permitcompleteddate":"2022-05-09 12:14:47+00","the_geom_webmercator":"0101000020110F0000123D309847E95FC188E70111AD885241","certificateofoccupancyrequired":"N"},"geometry":{"type":"Point","coordinates":[-75.14714915,39.949099181]}},{"type":"Feature","properties":{"date":"2021-10-06T04:00:00.000Z","year":2021,"description":"Install a temporary tent for a wedding at the Rodin Museum as per 2018 Philadelphia Code.","metadescription":"Operations. Temporary Tents and Canopies. Install a temporary tent for a wedding at the Rodin Museum as per 2018 Philadelphia Code.. Expired. 2500 SPRING GARDEN ST","address":"2500 SPRING GARDEN ST","the_geom":"0101000020E61000003C5BCBC09ACB52C0210B3F47A2FB4340","geocode_x":"2688401.9022629400","geocode_y":"240902.2707630300","opa_owner":"CITY OF PHILA, ART RODIN LEMON HILL","censustract":"980000","posse_jobid":"397296547","systemofrecord":"ECLIPSE","addressobjectid":"132862655","opa_account_num":"782513720","permitdescription":"Operations Permit","permitcompleteddate":"2021-12-13 20:18:55+00","the_geom_webmercator":"0101000020110F000050785193FEEC5FC16A222DAE0E8B5241"},"geometry":{"type":"Point","coordinates":[-75.18132038,39.965889841]}},{"type":"Feature","properties":{"date":"2021-10-05T04:00:00.000Z","year":2021,"description":"For the erection of a temporary structure in the right of way for use as restaurant seating.\nSeparate Permit(s) required if new electrical connections or HVAC equipment is proposed.\nUpon issuance of this permit, the restaurant's Temporary Sidewalk Caf?/Streetery License must be amended\nto document the approval of the structure. Please submit this permit to\nhttps://form.jotform.com/203103777242045","metadescription":"Building. Addition and/or Alteration. For the erection of a temporary structure in the right of way for use as restaurant seating.\nSeparate Permit(s) required if new electrical connections or HVAC equipment is proposed.\nUpon issuance of this permit, the restaurant's Temporary Sidewalk Caf?/Streetery License must be amended\nto document the approval of the structure. Please submit this permit to\nhttps://form.jotform.com/203103777242045. Expired. 133 S 18TH ST","address":"133 S 18TH ST","the_geom":"0101000020E61000009E890AC1E6CA52C076D0A386ADF94340","geocode_x":"2691642.6472997100","geocode_y":"235427.5276103400","opa_owner":"ADR 18TH & SANSOM LLC","censustract":"000700","posse_jobid":"321549339","numberofunits":"1","mostrecentinsp":"2021-10-20 11:12:55+00","systemofrecord":"ECLIPSE","addressobjectid":"137880622","numberofstories":"1.0","opa_account_num":"882440800","areaofdisturbance":"0.0","permitdescription":"Commercial Building Permit","contractoraddress1":"URIEL TEDGI\n3659 Copper Beech Cir\nPhiladelphia, PA  19006\nUSA","permitcompleteddate":"2022-08-10 12:41:29+00","the_geom_webmercator":"0101000020110F00005F7238D4CCEB5FC1EBB60BD8E3885241","certificateofoccupancyrequired":"N"},"geometry":{"type":"Point","coordinates":[-75.170334111,39.950608091]}},{"type":"Feature","properties":{"date":"2021-09-30T04:00:00.000Z","year":2021,"description":"UPenn 15'x45' temporary tent- 365-AS PER 2018 PHILADELPHIA FIRE CODE.","metadescription":"Operations. Temporary Tents and Canopies. UPenn 15'x45' temporary tent- 365-AS PER 2018 PHILADELPHIA FIRE CODE.. Expired. 3533 LOCUST WALK","address":"3533 LOCUST WALK","the_geom":"0101000020E6100000561453EA73CC52C062F3C288E0F94340","unit_num":"FL 2","geocode_x":"2684832.8649119600","geocode_y":"235796.7849615600","opa_owner":"TRS UNIV OF PENN","unit_type":"FL","censustract":"036900","posse_jobid":"394532903","mostrecentinsp":"2022-05-16 13:16:52+00","systemofrecord":"ECLIPSE","addressobjectid":"138937546","opa_account_num":"773516000","permitdescription":"Operations Permit","permitcompleteddate":"2022-05-16 13:53:35+00","the_geom_webmercator":"0101000020110F0000080686726FEE5FC15DFA105B1C895241"},"geometry":{"type":"Point","coordinates":[-75.19457491,39.952164741]}},{"type":"Feature","properties":{"date":"2021-09-10T04:00:00.000Z","year":2021,"description":"Install a 30' x 45' temporary tent for Drexel College of Medicine as per 2018 Philadelphia fire code.","metadescription":"Operations. Temporary Tents and Canopies. Install a 30' x 45' temporary tent for Drexel College of Medicine as per 2018 Philadelphia fire code.. Expired. 3301 MARKET ST","address":"3301 MARKET ST","the_geom":"0101000020E6100000037810542ECC52C08A2620956EFA4340","geocode_x":"2685977.3496584600","geocode_y":"237409.7535137600","opa_owner":"DREXEL UNIVERSITY","censustract":"009000","posse_jobid":"389184566","mostrecentinsp":"2021-09-29 16:39:00+00","systemofrecord":"ECLIPSE","addressobjectid":"135628558","opa_account_num":"774530510","permitdescription":"Operations Permit","permitcompleteddate":"2022-04-27 16:14:17+00","the_geom_webmercator":"0101000020110F0000F4BF353FF9ED5FC1F7CCADBCB9895241"},"geometry":{"type":"Point","coordinates":[-75.19032766,39.956499711]}},{"type":"Feature","properties":{"date":"2021-09-08T04:00:00.000Z","year":2021,"description":"FOR THE ERECTION OF A DETACHED TEMPORARY STREETERY SHIPPING CONTAINER RIGID STRUCTURE IS TO BE LOCATED ON THE RIGHT OF WAY FOR OUTDOOR DINING PATRONS.  STRUCTURE FOR USE AS  ALL WORK TO BE DONE PER APPROVED PLANS. IF FIELD CONDITIONS VARY CONTACT DESIGN ENGINEER PRIOR TO THE START OF ANY WORK. ** SEPARATE PERMITS TO BE OBTAINED FOR ALL OTHER WORK.\n\n\n**NO PART OF THE TEMPORARY STRUCTURE SHALL ATTACH TO THE DESIGNATED BUILDING**","metadescription":"Building. Addition and/or Alteration. FOR THE ERECTION OF A DETACHED TEMPORARY STREETERY SHIPPING CONTAINER RIGID STRUCTURE IS TO BE LOCATED ON THE RIGHT OF WAY FOR OUTDOOR DINING PATRONS.  STRUCTURE FOR USE AS  ALL WORK TO BE DONE PER APPROVED PLANS. IF FIELD CONDITIONS VARY CONTACT DESIGN ENGINEER PRIOR TO THE START OF ANY WORK. ** SEPARATE PERMITS TO BE OBTAINED FOR ALL OTHER WORK.\n\n\n**NO PART OF THE TEMPORARY STRUCTURE SHALL ATTACH TO THE DESIGNATED BUILDING**. Expired. 2227 PINE ST","address":"2227 PINE ST","the_geom":"0101000020E6100000A760AA3477CB52C08189E96047F94340","geocode_x":"2689204.8856258700","geocode_y":"234220.3638474900","opa_owner":"ADR 2227 PINE LLC","censustract":"001201","posse_jobid":"345039207","numberofunits":"1","mostrecentinsp":"2021-09-23 11:14:28+00","systemofrecord":"ECLIPSE","addressobjectid":"137515094","numberofstories":"1.0","opa_account_num":"871281100","areaofdisturbance":"0.0","permitdescription":"Commercial Building Permit","contractoraddress1":"STEVEN J CASTELLANO\n6 Hart lane\nVentnor, NJ  08406\nUSA","permitcompleteddate":"2023-03-13 13:36:19+00","the_geom_webmercator":"0101000020110F0000856DD531C2EC5FC122B1E5AD72885241","certificateofoccupancyrequired":"N"},"geometry":{"type":"Point","coordinates":[-75.17915074,39.947490801]}},{"type":"Feature","properties":{"date":"2021-09-03T04:00:00.000Z","year":2021,"description":"temporary tent to be used for covid screening- due to flooded building as per 2018 Philadelphia Fire Department.","metadescription":"Operations. Temporary Tents and Canopies. temporary tent to be used for covid screening- due to flooded building as per 2018 Philadelphia Fire Department.. Expired. 3501 CIVIC CENTER BLVD","address":"3501 CIVIC CENTER BLVD","the_geom":"0101000020E610000047768D7980CC52C00FB810FF59F94340","geocode_x":"2684661.3013066500","geocode_y":"234295.5353901200","opa_owner":"CHILDRENS HOSPITAL OF PHI","censustract":"036900","posse_jobid":"387857348","mostrecentinsp":"2021-10-08 15:23:09+00","systemofrecord":"ECLIPSE","addressobjectid":"128446091","opa_account_num":"773001500","permitdescription":"Operations Permit","permitcompleteddate":"2022-05-01 13:08:14+00","the_geom_webmercator":"0101000020110F00001F74E9C784EE5FC10754034E87885241"},"geometry":{"type":"Point","coordinates":[-75.19534148,39.948058971]}},{"type":"Feature","properties":{"date":"2021-08-27T04:00:00.000Z","year":2021,"description":"Install a temporary tent for school assembly as per 2018 Philadelphia Fire Code","metadescription":"Operations. Temporary Tents and Canopies. Install a temporary tent for school assembly as per 2018 Philadelphia Fire Code. Expired. 6509-11 LINCOLN DR","address":"6509-11 LINCOLN DR","the_geom":"0101000020E6100000DF19106132CC52C072D209282A054440","geocode_x":"2685022.9456552900","geocode_y":"267939.7572383500","opa_owner":"UNITARIAN SOCIETY OF GERM","censustract":"023600","posse_jobid":"384800999","mostrecentinsp":"2021-09-14 12:51:43+00","systemofrecord":"ECLIPSE","addressobjectid":"383568702","opa_account_num":"775227810","permitdescription":"Operations Permit","permitcompleteddate":"2022-03-17 02:39:28+00","the_geom_webmercator":"0101000020110F00000008A82000EE5FC1EB45F8DA9F955241"},"geometry":{"type":"Point","coordinates":[-75.190574899,40.040349011]}},{"type":"Feature","properties":{"date":"2021-08-25T04:00:00.000Z","year":2021,"description":"FOR THE INSTALLATION OF A TEMPORARY TENT STRUCTURE WITH BALLAST SUPPORT ON ROOF OF AN EXISTING STRUCTURE FOR THE DATE RANGE OF 8/27/21 THRU 8/30/21, IN ACCORDANCE WITH THE PHILADELPHIA FIRE CODE 2018, SECTION 3103 AND IBC 2018, SECTION 3102.","metadescription":"Building. Addition and/or Alteration. FOR THE INSTALLATION OF A TEMPORARY TENT STRUCTURE WITH BALLAST SUPPORT ON ROOF OF AN EXISTING STRUCTURE FOR THE DATE RANGE OF 8/27/21 THRU 8/30/21, IN ACCORDANCE WITH THE PHILADELPHIA FIRE CODE 2018, SECTION 3103 AND IBC 2018, SECTION 3102.. Completed. 1901 VINE ST","address":"1901 VINE ST","the_geom":"0101000020E610000015F1F50EF1CA52C042121E69DFFA4340","geocode_x":"2691367.0986898600","geocode_y":"238821.4504374800","opa_owner":"CITY OF PHILA","censustract":"012500","posse_jobid":"370213355","numberofunits":"1","mostrecentinsp":"2022-02-28 19:20:07+00","systemofrecord":"ECLIPSE","addressobjectid":"217025670","numberofstories":"1.0","opa_account_num":"782598210","permitdescription":"Commercial Building Permit","contractoraddress1":"EVENT EQUIPMENT KNIGHT ENTERPRISES INC\n1100 ORTHODOX STREET\nPHILADELPHIA, PA  19124\nUSA","permitcompleteddate":"2022-03-03 19:09:36+00","the_geom_webmercator":"0101000020110F00002807FE54DEEB5FC1FEA54AC0368A5241","certificateofoccupancyrequired":"N"},"geometry":{"type":"Point","coordinates":[-75.17096304,39.959942951]}},{"type":"Feature","properties":{"date":"2021-08-11T15:05:06.000Z","year":2021,"description":"for the installation of a temporary structure(trailer) on a lot .","metadescription":"Zoning. New construction, addition, GFA change. for the installation of a temporary structure(trailer) on a lot .. Issued. 3301-29 TYSON AVE","address":"3301-29 TYSON AVE","the_geom":"0101000020E61000000C36476A25C352C08C484EC887044440","geocode_x":"2724656.2614203800","geocode_y":"267314.5681523000","opa_owner":"QCSI ONE LLC","censustract":"031501","posse_jobid":"327115666","usecategories":"Retail Sales - Consumer Goods","systemofrecord":"ECLIPSE","addressobjectid":"128669724","opa_account_num":"882660600","areaofdisturbance":"238.0","permitdescription":"Zoning Permit","the_geom_webmercator":"0101000020110F00008F0CF387A0DE5FC1D147F4BBEB945241"},"geometry":{"type":"Point","coordinates":[-75.049158639,40.035393751]}},{"type":"Feature","properties":{"date":"2021-07-13T04:00:00.000Z","year":2021,"description":"ASSEMBLY USE TENT- Install 20' x 20' (400 S.F.)  Tent for Temporary Tent for outdoor demonstration for employees at 327 E. Chew Avenue. Includes 8' high window sidewalls, secured with concrete weights - No Cooking, No Seating, No Electric. LAWFUL OCCUPANCY SHALL BE AS POSTED -  REMOVAL DATE: 07/15/2021 \nELECTRICAL PERMIT REQUIRED, UNLESS POWER IS PROVIDED THROUGH EXISTING EXTERIOR GROUND FAULT PROTECTED RECEPTACLES AND POWER CORDS ARE RATED EXTRA HEAVY DUTY WITH U. L. LABEL STATING SUCH RATING. NO COOKING OR HEATING PERMITTED WITH THIS APPROVAL. IF TENT IS NOT READY FOR INSPECTION TO INCLUDE ELECTRICAL COMPONENTS, AN ADDITIONAL FEE OF $200.00 WILL BE APPLIED FOR ANY AFTER HOURS INSPECTION WITH POSSIBLE ISSUANCE OF CODE VIOLATION NOTICES. ELECTRICAL PERMIT NUMBER MUST BE PROVIDED 24-HRS PRIOR TO EVENT.","metadescription":"Operations. Temporary Tents and Canopies. ASSEMBLY USE TENT- Install 20' x 20' (400 S.F.)  Tent for Temporary Tent for outdoor demonstration for employees at 327 E. Chew Avenue. Includes 8' high window sidewalls, secured with concrete weights - No Cooking, No Seating, No Electric. LAWFUL OCCUPANCY SHALL BE AS POSTED -  REMOVAL DATE: 07/15/2021 \nELECTRICAL PERMIT REQUIRED, UNLESS POWER IS PROVIDED THROUGH EXISTING EXTERIOR GROUND FAULT PROTECTED RECEPTACLES AND POWER CORDS ARE RATED EXTRA HEAVY DUTY WITH U. L. LABEL STATING SUCH RATING. NO COOKING OR HEATING PERMITTED WITH THIS APPROVAL. IF TENT IS NOT READY FOR INSPECTION TO INCLUDE ELECTRICAL COMPONENTS, AN ADDITIONAL FEE OF $200.00 WILL BE APPLIED FOR ANY AFTER HOURS INSPECTION WITH POSSIBLE ISSUANCE OF CODE VIOLATION NOTICES. ELECTRICAL PERMIT NUMBER MUST BE PROVIDED 24-HRS PRIOR TO EVENT.. Expired. 327 E CHEW AVE","address":"327 E CHEW AVE","the_geom":"0101000020E610000055D45BC56AC752C0945748C4C1044440","geocode_x":"2705959.3289697300","geocode_y":"267394.5565448800","opa_owner":"327 E CHEW LLC","censustract":"027300","posse_jobid":"368164450","mostrecentinsp":"2021-09-29 17:04:34+00","systemofrecord":"ECLIPSE","addressobjectid":"129878692","opa_account_num":"884248100","permitdescription":"Operations Permit","permitcompleteddate":"2021-09-29 17:05:06+00","the_geom_webmercator":"0101000020110F0000CF1BB4B4E1E55FC17FCEF70D2C955241"},"geometry":{"type":"Point","coordinates":[-75.115891781,40.037163291]}},{"type":"Feature","properties":{"date":"2021-06-28T04:00:00.000Z","year":2021,"description":"Temporary tent (COVID) for outdoor customer seating as extension to restaurant (PARKING LOT) on same lot. ASSEMBLY USE TENT- Install one 20X20 Canopy Tent (400 S.F.) with Tables & Chairs; at KMCH LLC, 326 ROXBOROUGH AVENUE PHILADELPHIA, PA  19128 USA, Activity License #: 633756  \nLAWFUL OCCUPANCY shall be posted -  REMOVAL DATE: 12/31/2021 9:00 P.M.\nELECTRICAL PERMIT REQUIRED, Unless power is provided through Existing Exterior Ground Fault Protected Receptacles and Power Cords are Rated Extra Heavy Duty with  U.L. Label stating such Rating. No Cooking or Heating Permitted with this Approval. IF Tent is not ready for Inspection to include Electrical Components, an additional FEE OF $200.00 will be applied for any after-hours Inspection with possible issuance of Code Violation Notices. Electrical Permit Number must be Provided 24-hrs.  prior to Event.","metadescription":"Operations. Temporary Tents and Canopies. Temporary tent (COVID) for outdoor customer seating as extension to restaurant (PARKING LOT) on same lot. ASSEMBLY USE TENT- Install one 20X20 Canopy Tent (400 S.F.) with Tables & Chairs; at KMCH LLC, 326 ROXBOROUGH AVENUE PHILADELPHIA, PA  19128 USA, Activity License #: 633756  \nLAWFUL OCCUPANCY shall be posted -  REMOVAL DATE: 12/31/2021 9:00 P.M.\nELECTRICAL PERMIT REQUIRED, Unless power is provided through Existing Exterior Ground Fault Protected Receptacles and Power Cords are Rated Extra Heavy Duty with  U.L. Label stating such Rating. No Cooking or Heating Permitted with this Approval. IF Tent is not ready for Inspection to include Electrical Components, an additional FEE OF $200.00 will be applied for any after-hours Inspection with possible issuance of Code Violation Notices. Electrical Permit Number must be Provided 24-hrs.  prior to Event.. Expired. 326 ROXBOROUGH AVE","address":"326 ROXBOROUGH AVE","the_geom":"0101000020E6100000DD667E82D1CD52C0F6AD30839C034440","geocode_x":"2678058.3668441800","geocode_y":"263316.3927837800","opa_owner":"326 ROX LLC","censustract":"021300","posse_jobid":"360704705","mostrecentinsp":"2023-03-01 20:07:30+00","systemofrecord":"ECLIPSE","addressobjectid":"137526024","opa_account_num":"871299140","permitdescription":"Operations Permit","permitcompleteddate":"2023-03-01 20:08:14+00","the_geom_webmercator":"0101000020110F000072D8C544C1F05FC14480D7C5E6935241"},"geometry":{"type":"Point","coordinates":[-75.21591246,40.028213881]}},{"type":"Feature","properties":{"date":"2021-06-10T04:00:00.000Z","year":2021,"description":"For the erection of a temporary structure in the right of way for use as restaurant seating.  \nSeparate Permit(s) required if new electrical connections or HVAC equipment is proposed.\nUpon issuance of this permit, the restaurant's Temporary Sidewalk Caf?/Streetery License must be amended to document the approval of the structure.   Please submit this permit to https://form.jotform.com/203103777242045","metadescription":"Building. Addition and/or Alteration. For the erection of a temporary structure in the right of way for use as restaurant seating.  \nSeparate Permit(s) required if new electrical connections or HVAC equipment is proposed.\nUpon issuance of this permit, the restaurant's Temporary Sidewalk Caf?/Streetery License must be amended to document the approval of the structure.   Please submit this permit to https://form.jotform.com/203103777242045. Completed. 1601 E PASSYUNK AVE","address":"1601 E PASSYUNK AVE","the_geom":"0101000020E61000000AEF9F4D75CA52C059038E9200F74340","geocode_x":"2693806.1911728900","geocode_y":"227872.9415798600","opa_owner":"PASSYUNK AVENUE REVITALIZ","censustract":"002802","posse_jobid":"342678744","numberofunits":"1","mostrecentinsp":"2021-06-14 11:44:15+00","systemofrecord":"ECLIPSE","addressobjectid":"131525924","numberofstories":"1.0","opa_account_num":"871283900","permitdescription":"Commercial Building Permit","contractoraddress1":"DESIGN ART BUILD CORP\n940 W COLLEGE AVE\nPHILADELPHIA, PA  19130\nUSA","permitcompleteddate":"2021-06-15 11:58:55+00","the_geom_webmercator":"0101000020110F0000791B0E1F0CEB5FC13DE1C11CED855241","certificateofoccupancydate":"2021-06-15 11:59:05+00","certificateofoccupancylink":"https://eclipse.phila.gov/phillylmsprod/pub/lms/download.aspx?PosseObjectId=360112077&hash=C0611160796B4C7FE09209D242B937FF6B72308B948AA885026E50851C2BE652","certificateofoccupancyrequired":"Y"},"geometry":{"type":"Point","coordinates":[-75.16340962,39.929704971]}},{"type":"Feature","properties":{"date":"2021-06-10T04:00:00.000Z","year":2021,"description":"FOR THE ERECTION OF AN OUTDOOR TEMPORARY STRUCTURE ACCESSORY TO TAKE OUT RESTAURANT. ALL WORK TO BE DONE PER APPROVED PLANS. IF FIELD CONDITIONS VARY CONTACT STRUCTURAL ENGINEER PRIOR TO THE START OF ANY WORK. PERMIT GRANTED PURSUANT TO EMERGENCY REGULATIONS UNDER PHILADELPHIA CODE SECTION A-301.2.5(4) REGARDING TEMPORARY USES. SEPARATE PERMITS TO BE OBTAINED FOR ALL OTHER WORK. SEPARATE PERMITS TO BE OBTAINED FOR ALL OTHER WORK.","metadescription":"Building. New Construction (Shell Only). FOR THE ERECTION OF AN OUTDOOR TEMPORARY STRUCTURE ACCESSORY TO TAKE OUT RESTAURANT. ALL WORK TO BE DONE PER APPROVED PLANS. IF FIELD CONDITIONS VARY CONTACT STRUCTURAL ENGINEER PRIOR TO THE START OF ANY WORK. PERMIT GRANTED PURSUANT TO EMERGENCY REGULATIONS UNDER PHILADELPHIA CODE SECTION A-301.2.5(4) REGARDING TEMPORARY USES. SEPARATE PERMITS TO BE OBTAINED FOR ALL OTHER WORK. SEPARATE PERMITS TO BE OBTAINED FOR ALL OTHER WORK.. Expired. 246-72 W BERKS ST","address":"246-72 W BERKS ST","the_geom":"0101000020E610000099917888EFC852C0E3C1C04544FD4340","geocode_x":"2699948.2163635800","geocode_y":"245889.7819141400","opa_owner":"ASIA FOODS AMERICAN STREE","censustract":"015600","posse_jobid":"254842981","numberofunits":"1","mostrecentinsp":"2021-06-17 11:12:17+00","systemofrecord":"ECLIPSE","addressobjectid":"135089354","numberofstories":"1.0","opa_account_num":"884080100","areaofdisturbance":"800.0","permitdescription":"Commercial Building Permit","contractoraddress1":"Caritas Management LLC\n2501 Seaport Drive\nSuite SH400\nChester, PA  19013\nUSA","permitcompleteddate":"2022-06-21 18:48:44+00","the_geom_webmercator":"0101000020110F0000147FB90E76E85FC1D0AB4DEADD8C5241","certificateofoccupancyrequired":"N"},"geometry":{"type":"Point","coordinates":[-75.13961994,39.978646011]}},{"type":"Feature","properties":{"date":"2021-06-03T04:00:00.000Z","year":2021,"description":"Run One new 120/208-volt 40amp circuit from exiting electrical Panel in 3/4? PVC pipe to\nJunction Box onto Temporary Structure as per 2017 NEC","metadescription":"Electrical. Addition and/or Alteration. Run One new 120/208-volt 40amp circuit from exiting electrical Panel in 3/4? PVC pipe to\nJunction Box onto Temporary Structure as per 2017 NEC. Completed. 1030-40 N 2ND ST","address":"1030-40 N 2ND ST","the_geom":"0101000020E61000004C48C6BDFDC852C0B5F379AACBFB4340","geocode_x":"2699828.9871553000","geocode_y":"241697.6885206400","opa_owner":"LIBERTIES WALK ASSOCIATES LLC","censustract":"014200","parentjobid":"304301436","posse_jobid":"354429525","mostrecentinsp":"2021-08-11 15:57:08+00","systemofrecord":"ECLIPSE","addressobjectid":"129885862","opa_account_num":"881006640","permitdescription":"Electrical Permit","contractoraddress1":"BOVALEX INC\n16 WOODLAWN AVE\nCOLLINGSWOOD, NJ  08108\nUSA","permitcompleteddate":"2021-08-11 19:30:09+00","the_geom_webmercator":"0101000020110F00003EFC0C318EE85FC1E8DD2B8B3C8B5241"},"geometry":{"type":"Point","coordinates":[-75.14048714,39.967152891]}},{"type":"Feature","properties":{"date":"2021-06-02T04:00:00.000Z","year":2021,"description":"For the erection of a temporary structure in the right of way for a restaurant seating. Separate Permit(s) required for new electrical connections or HVAC equipment. Upon issuance of this permit, the restaurant's Temporary Sidewalk Caf?/Streetery License must be amended to document the approval of the structure. Please submit this permit to https://form.jotform.com/203103777242045","metadescription":"Building. Addition and/or Alteration. For the erection of a temporary structure in the right of way for a restaurant seating. Separate Permit(s) required for new electrical connections or HVAC equipment. Upon issuance of this permit, the restaurant's Temporary Sidewalk Caf?/Streetery License must be amended to document the approval of the structure. Please submit this permit to https://form.jotform.com/203103777242045. Expired. 219-29 S 18TH ST","address":"219-29 S 18TH ST","the_geom":"0101000020E6100000AE677335E8CA52C0D3E5712681F94340","geocode_x":"2691632.1724002700","geocode_y":"234933.6856987200","censustract":"000804","posse_jobid":"327823386","numberofunits":"2","mostrecentinsp":"2021-06-17 11:23:13+00","systemofrecord":"ECLIPSE","addressobjectid":"134831844","numberofstories":"1.0","areaofdisturbance":"0.0","permitdescription":"Commercial Building Permit","contractoraddress1":"TSC BUILDERS INC\n1717 Spruce St \nPhiladelphia , PA  19103\nUSA","permitcompleteddate":"2022-08-10 12:46:11+00","the_geom_webmercator":"0101000020110F0000B0B5CB4CCFEB5FC15BA06AAEB2885241","certificateofoccupancyrequired":"N"},"geometry":{"type":"Point","coordinates":[-75.1704229,39.949253851]}},{"type":"Feature","properties":{"date":"2021-06-02T04:00:00.000Z","year":2021,"description":"For the erection of a temporary structure in the right of way for use as restaurant seating. Separate Permit(s) required if new electrical connections or HVAC equipment is proposed.Upon issuance of this permit, the restaurant's Temporary Sidewalk Cafe/Streetery License must be amended to document the approval of the structure. Please submit this permit to https://form.jotform.com/203103777242045","metadescription":"Building. Addition and/or Alteration. For the erection of a temporary structure in the right of way for use as restaurant seating. Separate Permit(s) required if new electrical connections or HVAC equipment is proposed.Upon issuance of this permit, the restaurant's Temporary Sidewalk Cafe/Streetery License must be amended to document the approval of the structure. Please submit this permit to https://form.jotform.com/203103777242045. Expired. 124 S 18TH ST","address":"124 S 18TH ST","the_geom":"0101000020E610000095F5D2D3ECCA52C05C0DC57FBAF94340","geocode_x":"2691534.5517944200","geocode_y":"235568.6538050900","opa_owner":"JEFFERSON BANK","censustract":"000700","posse_jobid":"327053039","numberofunits":"1","mostrecentinsp":"2021-06-17 11:22:53+00","systemofrecord":"ECLIPSE","addressobjectid":"131744255","numberofstories":"1.0","opa_account_num":"871005400","areaofdisturbance":"0.0","permitdescription":"Commercial Building Permit","contractoraddress1":"TSC BUILDERS INC\n1717 Spruce St \nPhiladelphia , PA  19103\nUSA","permitcompleteddate":"2022-08-10 12:45:00+00","the_geom_webmercator":"0101000020110F0000CFFA2C25D7EB5FC1DBD27937F2885241","certificateofoccupancyrequired":"N"},"geometry":{"type":"Point","coordinates":[-75.1707048,39.951004001]}},{"type":"Feature","properties":{"date":"2021-06-01T04:00:00.000Z","year":2021,"description":"For the erection of a temporary structure in the right of way for use as restaurant seating.\nSeparate Permit(s) required if new electrical connections or HVAC equipment is proposed.\nUpon issuance of this permit, the restaurant's Temporary Sidewalk Caf?/Streetery License must be amended\nto document the approval of the structure. Please submit this permit to\nhttps://form.jotform.com/203103777242045","metadescription":"Building. Addition and/or Alteration. For the erection of a temporary structure in the right of way for use as restaurant seating.\nSeparate Permit(s) required if new electrical connections or HVAC equipment is proposed.\nUpon issuance of this permit, the restaurant's Temporary Sidewalk Caf?/Streetery License must be amended\nto document the approval of the structure. Please submit this permit to\nhttps://form.jotform.com/203103777242045. Expired. 130 S 18TH ST","address":"130 S 18TH ST","the_geom":"0101000020E6100000EF55A816F2CA52C06011B3FBAFF94340","unit_num":"# 180","geocode_x":"2691447.9765469200","geocode_y":"235449.1693857200","censustract":"000700","posse_jobid":"333723904","numberofunits":"2","mostrecentinsp":"2021-06-16 11:13:52+00","systemofrecord":"ECLIPSE","addressobjectid":"141112286","numberofstories":"1.0","areaofdisturbance":"0.0","permitdescription":"Commercial Building Permit","contractoraddress1":"RUSS KELLY & ASSOCIATES, INC.\n146 Black Horse Pike\nSte A\nMt. Ephraim, NJ  08059\nUSA","permitcompleteddate":"2022-08-10 12:44:37+00","the_geom_webmercator":"0101000020110F0000606EE814E0EB5FC14B47F890E6885241","certificateofoccupancyrequired":"N"},"geometry":{"type":"Point","coordinates":[-75.17102591,39.950683081]}},{"type":"Feature","properties":{"date":"2021-06-01T04:00:00.000Z","year":2021,"description":"temporary tent for retail store event as per 2018 Philadelphia Fire Code.","metadescription":"Operations. Temporary Tents and Canopies. temporary tent for retail store event as per 2018 Philadelphia Fire Code.. Expired. 914 S 9TH ST","address":"914 S 9TH ST","the_geom":"0101000020E6100000C35D0AED1ECA52C0C6988E3722F84340","geocode_x":"2695189.6133446800","geocode_y":"231134.8776764700","opa_owner":"M FAMILY REAL ESTATE HOLD","censustract":"002400","posse_jobid":"354456662","mostrecentinsp":"2021-12-31 13:14:29+00","systemofrecord":"ECLIPSE","addressobjectid":"129412318","opa_account_num":"885011380","permitdescription":"Operations Permit","permitcompleteddate":"2023-01-09 16:27:11+00","the_geom_webmercator":"0101000020110F0000DC089B6679EA5FC1B8AF4DED2D875241"},"geometry":{"type":"Point","coordinates":[-75.15813757,39.938544221]}},{"type":"Feature","properties":{"date":"2021-05-26T04:00:00.000Z","year":2021,"description":"For the legalization of the erection of a temporary structure in the right of way for use as restaurant seating to comply with violation case CF-2021-026678. Separate Permit(s) required if new electrical connections or HVAC equipment is proposed. Upon issuance of this permit, the restaurant's Temporary Sidewalk Caf?/Streetery License must be amended to document the approval of the structure. Please submit this permit to https://form.jotform.com/203103777242045","metadescription":"Building. Addition and/or Alteration. For the legalization of the erection of a temporary structure in the right of way for use as restaurant seating to comply with violation case CF-2021-026678. Separate Permit(s) required if new electrical connections or HVAC equipment is proposed. Upon issuance of this permit, the restaurant's Temporary Sidewalk Caf?/Streetery License must be amended to document the approval of the structure. Please submit this permit to https://form.jotform.com/203103777242045. Expired. 210 W WASHINGTON SQ","address":"210 W WASHINGTON SQ","the_geom":"0101000020E6100000ACEF4863D5C952C016C6B4273FF94340","geocode_x":"2696354.5667542900","geocode_y":"234338.1323548200","censustract":"000902","posse_jobid":"337280239","numberofunits":"1","mostrecentinsp":"2021-06-10 11:43:13+00","systemofrecord":"ECLIPSE","addressobjectid":"133776301","numberofstories":"1.0","areaofdisturbance":"0.0","permitdescription":"Commercial Building Permit","contractoraddress1":"RUSS KELLY & ASSOCIATES, INC.\n146 Black Horse Pike\nSte A\nMt. Ephraim, NJ  08059\nUSA","permitcompleteddate":"2022-03-15 15:07:12+00","the_geom_webmercator":"0101000020110F000038532A7DFCE95FC1272BB09169885241","certificateofoccupancyrequired":"N"},"geometry":{"type":"Point","coordinates":[-75.15364916,39.947239841]}},{"type":"Feature","properties":{"date":"2021-05-25T04:00:00.000Z","year":2021,"description":"For the erection of a temporary structure in the right of way for use as restaurant seating. Separate Permit(s) required if new electrical connections or HVAC equipment is proposed. Upon issuance of this permit, the restaurant's Temporary Sidewalk Cafe / Streetery License must be amended to document the approval of the structure. Please submit this permit to https://form.jotform.com/203103777242045","metadescription":"Building. Addition and/or Alteration. For the erection of a temporary structure in the right of way for use as restaurant seating. Separate Permit(s) required if new electrical connections or HVAC equipment is proposed. Upon issuance of this permit, the restaurant's Temporary Sidewalk Cafe / Streetery License must be amended to document the approval of the structure. Please submit this permit to https://form.jotform.com/203103777242045. Expired. 135 S 18TH ST","address":"135 S 18TH ST","the_geom":"0101000020E610000024446F13E8CA52C0C6366FA6A5F94340","geocode_x":"2691622.5943150100","geocode_y":"235339.3491286600","opa_owner":"RITTENHOUSE REALTY ASSOC","censustract":"000700","posse_jobid":"320925988","numberofunits":"1","mostrecentinsp":"2021-06-08 16:12:29+00","systemofrecord":"ECLIPSE","addressobjectid":"135081406","numberofstories":"1.0","opa_account_num":"883707000","permitdescription":"Commercial Building Permit","contractoraddress1":"DESIGN ART BUILD CORP\n940 W COLLEGE AVE\nPHILADELPHIA, PA  19130\nUSA","permitcompleteddate":"2022-08-10 12:44:11+00","the_geom_webmercator":"0101000020110F0000440F0413CFEB5FC1980D551EDB885241","certificateofoccupancyrequired":"N"},"geometry":{"type":"Point","coordinates":[-75.17041479,39.950367741]}},{"type":"Feature","properties":{"date":"2021-05-20T04:00:00.000Z","year":2021,"description":"Install a 30' x 60' temporary tent for an ACP meeting as per 2018 Philadelphia Fire Code.","metadescription":"Operations. Temporary Tents and Canopies. Install a 30' x 60' temporary tent for an ACP meeting as per 2018 Philadelphia Fire Code.. Expired. 190 N INDEPENDENCE MALL W","address":"190 N INDEPENDENCE MALL W","the_geom":"0101000020E6100000D521D4DB99C952C08DA4D7302AFA4340","geocode_x":"2697295.9272136200","geocode_y":"236979.8600222900","opa_owner":"AMERICAN COLLEGE OF, PHYSICIANS INC","censustract":"000100","posse_jobid":"349410088","mostrecentinsp":"2021-08-02 15:10:20+00","systemofrecord":"ECLIPSE","addressobjectid":"135791713","opa_account_num":"771523010","permitdescription":"Operations Permit","permitcompleteddate":"2025-07-25 17:18:54+00","the_geom_webmercator":"0101000020110F0000BC536A5F97E95FC18DDA31F66D895241"},"geometry":{"type":"Point","coordinates":[-75.15001579,39.954412561]}},{"type":"Feature","properties":{"date":"2021-05-20T04:00:00.000Z","year":2021,"description":"TEMPORARY TENT FOR ACCESSORY TO SCHOOL- AS PER 2018 PHILADELPHIA FIRE CODE.","metadescription":"Operations. Temporary Tents and Canopies. TEMPORARY TENT FOR ACCESSORY TO SCHOOL- AS PER 2018 PHILADELPHIA FIRE CODE.. Expired. 1700 W OLNEY AVE","address":"1700 W OLNEY AVE","the_geom":"0101000020E610000043CE3A9BA5C952C045F73D21C7044440","geocode_x":"2696206.1250129800","geocode_y":"267165.1303392100","opa_owner":"SCHOOL DISTRICT OF PHILA","censustract":"027902","posse_jobid":"351791585","mostrecentinsp":"2021-06-22 15:44:07+00","systemofrecord":"ECLIPSE","addressobjectid":"133709046","opa_account_num":"785373600","permitdescription":"Operations Permit","permitcompleteddate":"2022-10-13 18:28:21+00","the_geom_webmercator":"0101000020110F00004CE7C953ABE95FC1B6C2F90032955241"},"geometry":{"type":"Point","coordinates":[-75.15073281,40.037326961]}},{"type":"Feature","properties":{"date":"2021-05-20T04:00:00.000Z","year":2021,"description":"Install a 80' x 120' temporary tent for SCH Graduation as per 2018 Philadelphia Code","metadescription":"Operations. Temporary Tents and Canopies. Install a 80' x 120' temporary tent for SCH Graduation as per 2018 Philadelphia Code. Expired. 8000 CHEROKEE ST","address":"8000 CHEROKEE ST","the_geom":"0101000020E610000015EACE39AECD52C0F7F5925EB7074440","geocode_x":"2678325.7445747200","geocode_y":"275011.3085042000","opa_owner":"SPRINGSIDE CHESTNUT HILL","censustract":"038600","posse_jobid":"350846578","mostrecentinsp":"2022-02-11 18:14:45+00","systemofrecord":"ECLIPSE","addressobjectid":"169645272","opa_account_num":"775510500","permitdescription":"Operations Permit","permitcompleteddate":"2023-04-19 11:57:26+00","the_geom_webmercator":"0101000020110F000057FAD85585F05FC11050839874985241"},"geometry":{"type":"Point","coordinates":[-75.2137589,40.060283491]}},{"type":"Feature","properties":{"date":"2021-05-20T04:00:00.000Z","year":2021,"description":"Install a 40' x 80' temporary tent at Drexel University campus as per 208 Philadelphia Fire Code.","metadescription":"Operations. Temporary Tents and Canopies. Install a 40' x 80' temporary tent at Drexel University campus as per 208 Philadelphia Fire Code.. Expired. 3509 SPRING GARDEN ST","address":"3509 SPRING GARDEN ST","the_geom":"0101000020E61000001E6E4D6A64CC52C0CC7E2D5643FB4340","geocode_x":"2684983.8242062000","geocode_y":"239747.1487150400","opa_owner":"3509 SPRING GARDEN LP","censustract":"010900","posse_jobid":"351316452","mostrecentinsp":"2021-06-07 18:40:02+00","systemofrecord":"ECLIPSE","addressobjectid":"130749913","opa_account_num":"774580010","permitdescription":"Operations Permit","permitcompleteddate":"2022-07-14 19:57:17+00","the_geom_webmercator":"0101000020110F00000452701E55EE5FC12DA89579A58A5241"},"geometry":{"type":"Point","coordinates":[-75.19362886,39.962992451]}},{"type":"Feature","properties":{"date":"2021-05-12T04:00:00.000Z","year":2021,"description":"For the erection of a temporary structure in the right of way for use as restaurant seating.  \n\nSeparate Permit(s) required if new electrical connections or HVAC equipment is proposed.\n\nUpon issuance of this permit, the restaurant's Temporary Sidewalk Caf?/Streetery License must be amended to document the approval of the structure.   Please submit this permit to https://form.jotform.com/203103777242045","metadescription":"Building. Addition and/or Alteration. For the erection of a temporary structure in the right of way for use as restaurant seating.  \n\nSeparate Permit(s) required if new electrical connections or HVAC equipment is proposed.\n\nUpon issuance of this permit, the restaurant's Temporary Sidewalk Caf?/Streetery License must be amended to document the approval of the structure.   Please submit this permit to https://form.jotform.com/203103777242045. Expired. 1801-03 CHESTNUT ST","address":"1801-03 CHESTNUT ST","the_geom":"0101000020E6100000B0E98C90E8CA52C00D4B5AE4D7F94340","geocode_x":"2691597.9221029600","geocode_y":"235897.4057037300","opa_owner":"1801 CHESTNUT ASSOCIATES","censustract":"000402","posse_jobid":"333006575","numberofunits":"1","mostrecentinsp":"2021-05-27 12:03:44+00","systemofrecord":"ECLIPSE","addressobjectid":"136859528","numberofstories":"1.0","opa_account_num":"882036100","areaofdisturbance":"0.0","permitdescription":"Commercial Building Permit","contractoraddress1":"TSC BUILDERS INC\n1717 Spruce St \nPhiladelphia , PA  19103\nUSA","permitcompleteddate":"2022-06-16 12:12:40+00","the_geom_webmercator":"0101000020110F00003AA389E7CFEB5FC10A7DEDC712895241","certificateofoccupancyrequired":"N"},"geometry":{"type":"Point","coordinates":[-75.17044462,39.951901001]}},{"type":"Feature","properties":{"date":"2021-05-11T04:00:00.000Z","year":2021,"description":"Install a 40' x 70' temporary tent for wedding (ON GRADE).  Rain option.  Only getting tent in the event of expected rain as per 2018 Philadelphia Fire Code","metadescription":"Operations. Temporary Tents and Canopies. Install a 40' x 70' temporary tent for wedding (ON GRADE).  Rain option.  Only getting tent in the event of expected rain as per 2018 Philadelphia Fire Code. Expired. 2025L BENJAMIN FRANKLIN PKWY","address":"2025L BENJAMIN FRANKLIN PKWY","the_geom":"0101000020E6100000FB6D4F980BCB52C0C93BECFEF3FA4340","geocode_x":"2690906.5821018200","geocode_y":"239036.9451829800","opa_owner":"CITY OF PHILA, PAID THE BARNES FOUNDATIO","censustract":"012500","posse_jobid":"345014100","mostrecentinsp":"2021-06-16 17:08:47+00","systemofrecord":"ECLIPSE","addressobjectid":"130426094","opa_account_num":"782425810","permitdescription":"Operations Permit","permitcompleteddate":"2021-12-22 01:16:39+00","the_geom_webmercator":"0101000020110F00002F1D2E680BEC5FC125E16F8F4D8A5241"},"geometry":{"type":"Point","coordinates":[-75.1725827,39.960571161]}},{"type":"Feature","properties":{"date":"2021-05-07T04:00:00.000Z","year":2021,"description":"For the erection of a temporary structure in the right of way for use as restaurant seating. Separate Permit(s) required if new electrical connections or HVAC equipment is proposed. Upon issuance of this permit, the restaurant's Temporary Sidewalk Cafe / Streetery License must be amended to document the approval of the structure. Please submit this permit to https://form.jotform.com/203103777242045","metadescription":"Building. Addition and/or Alteration. For the erection of a temporary structure in the right of way for use as restaurant seating. Separate Permit(s) required if new electrical connections or HVAC equipment is proposed. Upon issuance of this permit, the restaurant's Temporary Sidewalk Cafe / Streetery License must be amended to document the approval of the structure. Please submit this permit to https://form.jotform.com/203103777242045. Completed. 211 N 11TH ST","address":"211 N 11TH ST","the_geom":"0101000020E610000073E5E3680ECA52C018691F995CFA4340","geocode_x":"2695286.0217368900","geocode_y":"237481.3711235100","opa_owner":"SIU KING YUEN, SIU HSIU CHU","censustract":"000200","posse_jobid":"330642871","numberofunits":"1","mostrecentinsp":"2021-05-19 19:29:50+00","systemofrecord":"ECLIPSE","addressobjectid":"135789291","numberofstories":"1.0","opa_account_num":"882234420","permitdescription":"Commercial Building Permit","contractoraddress1":"TUNGYEE LTD INC\n439 N 11TH ST\nPHILADELPHIA, PA  19123\nUSA","permitcompleteddate":"2021-05-20 18:59:17+00","the_geom_webmercator":"0101000020110F000070B9AA585DEA5FC1FA9891CFA5895241","certificateofoccupancyrequired":"N"},"geometry":{"type":"Point","coordinates":[-75.1571295,39.955950871]}},{"type":"Feature","properties":{"date":"2021-05-04T04:00:00.000Z","year":2021,"description":"For the erection of a temporary structure in the right of way for use as restaurant seating.   \nSeparate Permit(s) required if new electrical connections or HVAC equipment is proposed.\nUpon issuance of this permit, the restaurant's Temporary Sidewalk Caf?/Streetery License must be amended to document the approval of the structure.   Please submit this permit to https://form.jotform.com/203103777242045","metadescription":"Building. New Construction. For the erection of a temporary structure in the right of way for use as restaurant seating.   \nSeparate Permit(s) required if new electrical connections or HVAC equipment is proposed.\nUpon issuance of this permit, the restaurant's Temporary Sidewalk Caf?/Streetery License must be amended to document the approval of the structure.   Please submit this permit to https://form.jotform.com/203103777242045. Expired. 1901-39 CALLOWHILL ST","address":"1901-39 CALLOWHILL ST","the_geom":"0101000020E61000002E6FECE5EBCA52C0C3ACA74800FB4340","geocode_x":"2691444.6799589100","geocode_y":"239189.3242849300","opa_owner":"READING RAILROAD 25 LLC","censustract":"012500","posse_jobid":"336235473","numberofunits":"1","mostrecentinsp":"2021-05-19 18:21:16+00","systemofrecord":"ECLIPSE","addressobjectid":"132761200","numberofstories":"1.0","opa_account_num":"881551130","areaofdisturbance":"0.0","permitdescription":"Commercial Building Permit","contractoraddress1":"BLUE ROCK CONSTRUCTION INC\n1712 HANCOCK LANE\nBURLINGTON, NJ  08016\nUSA","permitcompleteddate":"2022-06-09 11:48:05+00","the_geom_webmercator":"0101000020110F000097E91391D5EB5FC1A2CE0D2D5B8A5241","certificateofoccupancyrequired":"N"},"geometry":{"type":"Point","coordinates":[-75.17064808,39.960946161]}},{"type":"Feature","properties":{"date":"2021-04-30T04:00:00.000Z","year":2021,"description":"Temporary tent for outdoor events as per 2018 Philadelphia Fire Code.","metadescription":"Operations. Temporary Tents and Canopies. Temporary tent for outdoor events as per 2018 Philadelphia Fire Code.. Expired. 1001 W LUZERNE ST","address":"1001 W LUZERNE ST","the_geom":"0101000020E61000007697BF0945C952C0FBBC1DB5BE014440","geocode_x":"2698110.3730456200","geocode_y":"258585.9960047300","opa_owner":"ARCHDIOCESE OF PHILA","censustract":"019800","posse_jobid":"343494368","mostrecentinsp":"2021-06-07 13:49:33+00","systemofrecord":"ECLIPSE","addressobjectid":"130384174","opa_account_num":"777247000","permitdescription":"Operations Permit","permitcompleteddate":"2023-03-23 18:06:32+00","the_geom_webmercator":"0101000020110F0000C770DD4B07E95FC1C94651E0D4915241"},"geometry":{"type":"Point","coordinates":[-75.14483875,40.013632431]}},{"type":"Feature","properties":{"date":"2021-04-30T04:00:00.000Z","year":2021,"description":"Circus Tent: Extension of temporary tent permit #OP-2021-000153 through 5/9/2021 for the extended circus dates. (Permit for dates 4/29/21 through 5/2/21 already issued and the tent is up and passed inspection on 4/29/21) ALL APPROVALS FROM PREVIOUS APPRVOALS FROM OP-2021-000153, AND AS PER 2018 PHILADELPHIA FIRE CODE.","metadescription":"Operations. Temporary Tents and Canopies. Circus Tent: Extension of temporary tent permit #OP-2021-000153 through 5/9/2021 for the extended circus dates. (Permit for dates 4/29/21 through 5/2/21 already issued and the tent is up and passed inspection on 4/29/21) ALL APPROVALS FROM PREVIOUS APPRVOALS FROM OP-2021-000153, AND AS PER 2018 PHILADELPHIA FIRE CODE.. Expired. 4301 BYBERRY RD","address":"4301 BYBERRY RD","the_geom":"0101000020E61000005986FC6986BD52C02CAB51CF370B4440","geocode_x":"2748637.0321937400","geocode_y":"287102.0362044300","opa_owner":"FRANKLIN MILLS ASSOCIATES","censustract":"036301","posse_jobid":"344116555","mostrecentinsp":"2021-05-01 17:58:32+00","systemofrecord":"ECLIPSE","addressobjectid":"330106610","opa_account_num":"882693016","permitdescription":"Operations Permit","permitcompleteddate":"2025-07-25 16:53:23+00","the_geom_webmercator":"0101000020110F00006FEF283E14D55FC1203FDA8A579C5241"},"geometry":{"type":"Point","coordinates":[-74.96132898,40.087640681]}},{"type":"Feature","properties":{"date":"2021-04-27T04:00:00.000Z","year":2021,"description":"Install temporary tent for an equipment sale at United Rental as per 2018 Philadelphia Fire Code","metadescription":"Operations. Temporary Tents and Canopies. Install temporary tent for an equipment sale at United Rental as per 2018 Philadelphia Fire Code. Expired. 3880 E THOMPSON ST","address":"3880 E THOMPSON ST","the_geom":"0101000020E6100000C689F42B9FC552C0A0B9A33921FF4340","geocode_x":"2714293.1604584200","geocode_y":"251622.7882253200","opa_owner":"UNITED RENTALS (NORTH AM)","censustract":"037900","posse_jobid":"341018665","mostrecentinsp":"2021-06-04 19:26:35+00","systemofrecord":"ECLIPSE","addressobjectid":"130920966","opa_account_num":"882000474","permitdescription":"Operations Permit","permitcompleteddate":"2025-07-25 16:51:00+00","the_geom_webmercator":"0101000020110F00003198C307D5E25FC1AB617498EE8E5241"},"geometry":{"type":"Point","coordinates":[-75.08784007,39.993201451]}},{"type":"Feature","properties":{"date":"2021-04-21T04:00:00.000Z","year":2021,"description":"For the erection of a temporary structure in the right of way for a restaurant seating. Separate Permit(s) required for new electrical connections or HVAC equipment. Upon issuance of this permit, the restaurant's Temporary Sidewalk Caf?/Streetery License must be amended to document the approval of the structure. Please submit this permit to https://form.jotform.com/203103777242045","metadescription":"Building. Addition and/or Alteration. For the erection of a temporary structure in the right of way for a restaurant seating. Separate Permit(s) required for new electrical connections or HVAC equipment. Upon issuance of this permit, the restaurant's Temporary Sidewalk Caf?/Streetery License must be amended to document the approval of the structure. Please submit this permit to https://form.jotform.com/203103777242045. Expired. 1514-16 SANSOM ST","address":"1514-16 SANSOM ST","the_geom":"0101000020E61000004F494257A8CA52C03B067FA5A0F94340","unit_num":"# 1","geocode_x":"2692714.3977408600","geocode_y":"235315.6243477400","opa_owner":"MINK DAVID","censustract":"000700","posse_jobid":"332831899","numberofunits":"1","mostrecentinsp":"2021-05-06 15:31:12+00","systemofrecord":"ECLIPSE","addressobjectid":"332993243","numberofstories":"1.0","opa_account_num":"882400595","areaofdisturbance":"0.0","permitdescription":"Commercial Building Permit","contractoraddress1":"TSC BUILDERS INC\n1717 Spruce St \nPhiladelphia , PA  19103\nUSA","permitcompleteddate":"2022-08-10 12:41:59+00","the_geom_webmercator":"0101000020110F0000617C59D062EB5FC1AAE83593D5885241","certificateofoccupancyrequired":"N"},"geometry":{"type":"Point","coordinates":[-75.16652471,39.950215041]}},{"type":"Feature","properties":{"date":"2021-04-20T04:00:00.000Z","year":2021,"description":"Install a temporary tent for outdoor dining at IHOP as per 2018 Philadelphia fire code.","metadescription":"Operations. Temporary Tents and Canopies. Install a temporary tent for outdoor dining at IHOP as per 2018 Philadelphia fire code.. Expired. 10740 E ROOSEVELT BLVD","address":"10740 E ROOSEVELT BLVD","the_geom":"0101000020E6100000687F2FC4A2C052C05842E368C30C4440","geocode_x":"2734907.5050584600","geocode_y":"291072.1955184900","opa_owner":"NORTHLAND 528 LLC","censustract":"036000","posse_jobid":"340889052","mostrecentinsp":"2021-05-01 17:57:49+00","systemofrecord":"ECLIPSE","addressobjectid":"135763179","opa_account_num":"882070380","permitdescription":"Operations Permit","permitcompleteddate":"2025-07-25 16:50:51+00","the_geom_webmercator":"0101000020110F0000A4F269ED5CDA5FC1EAD084BD0E9E5241"},"geometry":{"type":"Point","coordinates":[-75.00993447,40.099713431]}},{"type":"Feature","properties":{"date":"2021-04-19T04:00:00.000Z","year":2021,"description":"For the erection of a temporary structure in the right of way for a restaurant seating, to include anchorage fasteners and rated assembly installation for equipment enclosure. Separate Permit(s) required for new electrical connections or HVAC equipment. Upon issuance of this permit, the restaurant's Temporary Sidewalk Caf?/Streetery License must be amended to document the approval of the structure. Please submit this permit to https://form.jotform.com/203103777242045","metadescription":"Building. Addition and/or Alteration. For the erection of a temporary structure in the right of way for a restaurant seating, to include anchorage fasteners and rated assembly installation for equipment enclosure. Separate Permit(s) required for new electrical connections or HVAC equipment. Upon issuance of this permit, the restaurant's Temporary Sidewalk Caf?/Streetery License must be amended to document the approval of the structure. Please submit this permit to https://form.jotform.com/203103777242045. Expired. 237 S 18TH ST","address":"237 S 18TH ST","the_geom":"0101000020E6100000A47C0C0CECCA52C03377336D6AF94340","unit_num":"# 10","geocode_x":"2691573.8955107700","geocode_y":"234679.2565638800","censustract":"000804","posse_jobid":"331885691","numberofunits":"1","mostrecentinsp":"2021-05-04 14:27:37+00","systemofrecord":"ECLIPSE","addressobjectid":"312418896","numberofstories":"1.0","areaofdisturbance":"0.0","permitdescription":"Commercial Building Permit","contractoraddress1":"TSC BUILDERS INC\n1717 Spruce St \nPhiladelphia , PA  19103\nUSA","permitcompleteddate":"2022-06-08 12:49:25+00","the_geom_webmercator":"0101000020110F00000A58D6D1D5EB5FC14203C28199885241","certificateofoccupancyrequired":"N"},"geometry":{"type":"Point","coordinates":[-75.17065717,39.948560381]}},{"type":"Feature","properties":{"date":"2021-04-19T04:00:00.000Z","year":2021,"description":"For the erection of a temporary structure in the right of way for a restaurant seating. Separate Permit(s) required for new electrical connections or HVAC equipment. Upon issuance of this permit, the restaurant's Temporary Sidewalk Caf?/Streetery License must be amended to document the approval of the structure. Please submit this permit to https://form.jotform.com/203103777242045","metadescription":"Building. Addition and/or Alteration. For the erection of a temporary structure in the right of way for a restaurant seating. Separate Permit(s) required for new electrical connections or HVAC equipment. Upon issuance of this permit, the restaurant's Temporary Sidewalk Caf?/Streetery License must be amended to document the approval of the structure. Please submit this permit to https://form.jotform.com/203103777242045. Expired. 124 S 18TH ST","address":"124 S 18TH ST","the_geom":"0101000020E610000095F5D2D3ECCA52C05C0DC57FBAF94340","geocode_x":"2691534.5517944200","geocode_y":"235568.6538050900","opa_owner":"JEFFERSON BANK","censustract":"000700","posse_jobid":"326792695","numberofunits":"1","mostrecentinsp":"2021-11-08 19:36:19+00","systemofrecord":"ECLIPSE","addressobjectid":"131744255","numberofstories":"1.0","opa_account_num":"871005400","areaofdisturbance":"0.0","permitdescription":"Commercial Building Permit","contractoraddress1":"TSC BUILDERS INC\n1717 Spruce St \nPhiladelphia , PA  19103\nUSA","permitcompleteddate":"2022-12-30 14:02:46+00","the_geom_webmercator":"0101000020110F0000CFFA2C25D7EB5FC1DBD27937F2885241","certificateofoccupancyrequired":"N"},"geometry":{"type":"Point","coordinates":[-75.1707048,39.951004001]}},{"type":"Feature","properties":{"date":"2021-04-12T04:00:00.000Z","year":2021,"description":"For the erection of a temporary structure in the right of way for restaurant seating, to include structural anchorage. Separate Permit(s) required for new electrical connections or HVAC equipment. Upon issuance of this permit, the restaurant's Temporary Sidewalk Caf?/Streetery License must be amended to document the approval of the structure. Please submit this permit to https://form.jotform.com/203103777242045","metadescription":"Building. Addition and/or Alteration. For the erection of a temporary structure in the right of way for restaurant seating, to include structural anchorage. Separate Permit(s) required for new electrical connections or HVAC equipment. Upon issuance of this permit, the restaurant's Temporary Sidewalk Caf?/Streetery License must be amended to document the approval of the structure. Please submit this permit to https://form.jotform.com/203103777242045. Expired. 1355 N FRONT ST","address":"1355 N FRONT ST","the_geom":"0101000020E6100000BBB465BEA4C852C0CCA8931061FC4340","geocode_x":"2701301.7101437700","geocode_y":"243402.8591521600","opa_owner":"MULHERIN PARTNERS LLC","censustract":"014400","posse_jobid":"304211220","numberofunits":"1","mostrecentinsp":"2021-05-05 18:46:51+00","systemofrecord":"ECLIPSE","addressobjectid":"134950099","numberofstories":"1.0","opa_account_num":"871297760","permitdescription":"Commercial Building Permit","contractoraddress1":"TSC BUILDERS INC\n1717 Spruce St \nPhiladelphia , PA  19103\nUSA","permitcompleteddate":"2022-05-11 18:53:34+00","the_geom_webmercator":"0101000020110F0000081A3105F7E75FC10390FF1AE28B5241","certificateofoccupancyrequired":"N"},"geometry":{"type":"Point","coordinates":[-75.13505516,39.971712181]}},{"type":"Feature","properties":{"date":"2021-04-09T04:00:00.000Z","year":2021,"description":"For the erection of a temporary structure in the right of way for use as restaurant seating.   Separate Permit(s) required if new electrical connections or HVAC equipment is proposed. Upon issuance of this permit, the restaurant's Temporary Sidewalk Caf?/Streetery License must be amended to document the approval of the structure.   Please submit this permit to https://form.jotform.com/203103777242045","metadescription":"Building. Addition and/or Alteration. For the erection of a temporary structure in the right of way for use as restaurant seating.   Separate Permit(s) required if new electrical connections or HVAC equipment is proposed. Upon issuance of this permit, the restaurant's Temporary Sidewalk Caf?/Streetery License must be amended to document the approval of the structure.   Please submit this permit to https://form.jotform.com/203103777242045. Expired. 272 S 23RD ST","address":"272 S 23RD ST","the_geom":"0101000020E6100000E367229577CB52C064CEDF857BF94340","geocode_x":"2689181.5667689800","geocode_y":"234799.6198064700","censustract":"000801","posse_jobid":"325347536","numberofunits":"1","mostrecentinsp":"2022-06-06 18:19:34+00","systemofrecord":"ECLIPSE","addressobjectid":"136218478","numberofstories":"1.0","permitdescription":"Commercial Building Permit","contractoraddress1":"A FRAME MANAGEMENT LLC\n2111 E York St\nPHILADELPHIA, PA  19125\nUSA","permitcompleteddate":"2023-06-13 12:03:10+00","the_geom_webmercator":"0101000020110F0000EF1DB2D5C2EC5FC189CF7772AC885241","certificateofoccupancyrequired":"N"},"geometry":{"type":"Point","coordinates":[-75.17917374,39.949082121]}},{"type":"Feature","properties":{"date":"2021-04-07T04:00:00.000Z","year":2021,"description":"Install a temporary tent for small wedding as per 2018 Philadelphia Fire Code.","metadescription":"Operations. Temporary Tents and Canopies. Install a temporary tent for small wedding as per 2018 Philadelphia Fire Code.. Expired. 626 W UPSAL ST","address":"626 W UPSAL ST","the_geom":"0101000020E6100000C71027446BCC52C045164B00C8044440","geocode_x":"2684082.7615004400","geocode_y":"266820.8663445600","opa_owner":"SIENA RONALD, SIENA LAURA","censustract":"023600","posse_jobid":"335704763","mostrecentinsp":"2021-04-23 13:23:39+00","systemofrecord":"ECLIPSE","addressobjectid":"133114632","opa_account_num":"223018500","permitdescription":"Operations Permit","permitcompleteddate":"2022-05-02 12:17:45+00","the_geom_webmercator":"0101000020110F0000569A87C160EE5FC1C77167F832955241"},"geometry":{"type":"Point","coordinates":[-75.194047011,40.037353551]}},{"type":"Feature","properties":{"date":"2021-04-06T04:00:00.000Z","year":2021,"description":"For the erection of a temporary structure in the right of way for a restaurant seating.    \nSeparate Permit(s) required for new electrical connections or HVAC equipment. \nUpon issuance of this permit, the restaurant's Temporary Sidewalk Caf?/Streetery License must be amended to document the approval of the structure.   Please submit this permit to https://form.jotform.com/203103777242045","metadescription":"Building. Addition and/or Alteration. For the erection of a temporary structure in the right of way for a restaurant seating.    \nSeparate Permit(s) required for new electrical connections or HVAC equipment. \nUpon issuance of this permit, the restaurant's Temporary Sidewalk Caf?/Streetery License must be amended to document the approval of the structure.   Please submit this permit to https://form.jotform.com/203103777242045. Expired. 131 S 13TH ST","address":"131 S 13TH ST","the_geom":"0101000020E610000058F1926C5ACA52C0DC12126089F94340","geocode_x":"2694054.7309346300","geocode_y":"235096.0652451300","opa_owner":"DOMB ALLAN","censustract":"000600","posse_jobid":"301424803","numberofunits":"1","mostrecentinsp":"2022-04-20 16:51:46+00","systemofrecord":"ECLIPSE","addressobjectid":"173644770","numberofstories":"1.0","opa_account_num":"881011490","permitdescription":"Commercial Building Permit","contractoraddress1":"TSC BUILDERS INC\n1717 Spruce St \nPhiladelphia , PA  19103\nUSA","permitcompleteddate":"2022-04-21 12:26:19+00","the_geom_webmercator":"0101000020110F00004BE2E576DEEA5FC1EEB928CBBB885241","certificateofoccupancyrequired":"N"},"geometry":{"type":"Point","coordinates":[-75.16176905,39.949504861]}},{"type":"Feature","properties":{"date":"2021-04-05T04:00:00.000Z","year":2021,"description":"For the erection of a temporary structure in the right of way for use as restaurant seating.  \n\nSeparate Permit(s) required if new electrical connections or HVAC equipment is proposed.\n\nUpon issuance of this permit, the restaurant's Temporary Sidewalk Caf?/Streetery License must be amended to document the approval of the structure.   Please submit this permit to https://form.jotform.com/203103777242045","metadescription":"Building. Addition and/or Alteration. For the erection of a temporary structure in the right of way for use as restaurant seating.  \n\nSeparate Permit(s) required if new electrical connections or HVAC equipment is proposed.\n\nUpon issuance of this permit, the restaurant's Temporary Sidewalk Caf?/Streetery License must be amended to document the approval of the structure.   Please submit this permit to https://form.jotform.com/203103777242045. Completed. 817 CHRISTIAN ST","address":"817 CHRISTIAN ST","the_geom":"0101000020E6100000B1CB8A560BCA52C043EF4B922DF84340","geocode_x":"2695521.0117578100","geocode_y":"231270.8907273800","opa_owner":"MILD MUSTARD LLC","censustract":"001800","posse_jobid":"303131329","numberofunits":"1","mostrecentinsp":"2022-08-08 13:45:05+00","systemofrecord":"ECLIPSE","addressobjectid":"159364671","numberofstories":"1.0","opa_account_num":"871504340","areaofdisturbance":"0.0","permitdescription":"Commercial Building Permit","contractoraddress1":"OFER SHLOMO\n2231 PANAMA ST\nPHILADELPHIA, PA  19103\nUSA","permitcompleteddate":"2022-08-08 13:58:19+00","the_geom_webmercator":"0101000020110F000001C1F92058EA5FC1236011813A875241","certificateofoccupancyrequired":"N"},"geometry":{"type":"Point","coordinates":[-75.15694202,39.938890731]}},{"type":"Feature","properties":{"date":"2021-03-30T04:00:00.000Z","year":2021,"description":"To erect a 30 X 30 temporary tent.","metadescription":"Operations. Temporary Tents and Canopies. To erect a 30 X 30 temporary tent.. Expired. 8956-60 FRANKFORD AVE","address":"8956-60 FRANKFORD AVE","the_geom":"0101000020E6100000C65D793393C052C037196C71A5064440","geocode_x":"2735713.4009689100","geocode_y":"273679.8769445300","opa_owner":"RYBAS WALTER","censustract":"034801","posse_jobid":"333468286","mostrecentinsp":"2021-04-14 18:20:21+00","systemofrecord":"ECLIPSE","addressobjectid":"128192933","opa_account_num":"885698280","permitdescription":"Operations Permit","permitcompleteddate":"2025-07-10 13:25:25+00","the_geom_webmercator":"0101000020110F0000FC00FB7C42DA5FC18BF2FDA544975241"},"geometry":{"type":"Point","coordinates":[-75.00898444,40.051923921]}},{"type":"Feature","properties":{"date":"2021-03-30T04:00:00.000Z","year":2021,"description":"To erect a 30 X 30 temporary tent.","metadescription":"Operations. Temporary Tents and Canopies. To erect a 30 X 30 temporary tent.. Expired. 8956-60 FRANKFORD AVE","address":"8956-60 FRANKFORD AVE","the_geom":"0101000020E6100000C65D793393C052C037196C71A5064440","geocode_x":"2735713.4009689100","geocode_y":"273679.8769445300","opa_owner":"RYBAS WALTER","censustract":"034801","posse_jobid":"333461534","mostrecentinsp":"2021-04-14 18:19:38+00","systemofrecord":"ECLIPSE","addressobjectid":"128192933","opa_account_num":"885698280","permitdescription":"Operations Permit","permitcompleteddate":"2025-07-10 13:22:38+00","the_geom_webmercator":"0101000020110F0000FC00FB7C42DA5FC18BF2FDA544975241"},"geometry":{"type":"Point","coordinates":[-75.00898444,40.051923921]}},{"type":"Feature","properties":{"date":"2021-03-26T04:00:00.000Z","year":2021,"description":"**To address CF-2021-003011 for working without permits to erect exterior structure**\nFor the erection of a temporary structure in the right of way for use as restaurant seating.   \nSeparate Permit(s) required if new electrical connections or HVAC equipment is proposed.\nUpon issuance of this permit, the restaurant's Temporary Sidewalk Caf?/Streetery License must be amended to document the approval of the structure.   Please submit this permit to https://form.jotform.com/203103777242045","metadescription":"Building. Addition and/or Alteration. **To address CF-2021-003011 for working without permits to erect exterior structure**\nFor the erection of a temporary structure in the right of way for use as restaurant seating.   \nSeparate Permit(s) required if new electrical connections or HVAC equipment is proposed.\nUpon issuance of this permit, the restaurant's Temporary Sidewalk Caf?/Streetery License must be amended to document the approval of the structure.   Please submit this permit to https://form.jotform.com/203103777242045. Completed. 1030-40 N 2ND ST","address":"1030-40 N 2ND ST","the_geom":"0101000020E61000004C48C6BDFDC852C0B5F379AACBFB4340","geocode_x":"2699828.9871553000","geocode_y":"241697.6885206400","opa_owner":"LIBERTIES WALK ASSOCIATES LLC","censustract":"014200","posse_jobid":"304301436","numberofunits":"1","mostrecentinsp":"2022-05-16 17:48:52+00","systemofrecord":"ECLIPSE","addressobjectid":"129885862","numberofstories":"1.0","opa_account_num":"881006640","permitdescription":"Commercial Building Permit","contractoraddress1":"SANSEI BUILDERS INC\n1127 N 04TH ST\nPHILADELPHIA, PA  19123\nUSA","permitcompleteddate":"2022-05-16 19:29:54+00","the_geom_webmercator":"0101000020110F00003EFC0C318EE85FC1E8DD2B8B3C8B5241","certificateofoccupancyrequired":"N"},"geometry":{"type":"Point","coordinates":[-75.14048714,39.967152891]}},{"type":"Feature","properties":{"date":"2021-03-25T04:00:00.000Z","year":2021,"description":"FOR THE ERECTION OF A TEMPORARY STRUCTURE IN THE RIGHT OF WAY FOR USE AS RESTAURANT SEATING. SEPARATE PERMIT(S) REQUIRED IF NEW ELECTRICAL CONNECTIONS OR HVAC EQUIPMENT IS PROPOSED.\n\nUPON ISSUANCE OF THIS PERMIT, THE RESTAURANT'S TEMPORARY SIDEWALK CAFE/STREETERY LICENSE MUST BE AMENDED TO DOCUMENT THE APPROVAL OF THE STRUCTURE. PLEASE SUBMIT THIS PERMIT TO https://form.jotform.com/203103777242045","metadescription":"Building. Addition and/or Alteration. FOR THE ERECTION OF A TEMPORARY STRUCTURE IN THE RIGHT OF WAY FOR USE AS RESTAURANT SEATING. SEPARATE PERMIT(S) REQUIRED IF NEW ELECTRICAL CONNECTIONS OR HVAC EQUIPMENT IS PROPOSED.\n\nUPON ISSUANCE OF THIS PERMIT, THE RESTAURANT'S TEMPORARY SIDEWALK CAFE/STREETERY LICENSE MUST BE AMENDED TO DOCUMENT THE APPROVAL OF THE STRUCTURE. PLEASE SUBMIT THIS PERMIT TO https://form.jotform.com/203103777242045. Expired. 1701-15 LOCUST ST","address":"1701-15 LOCUST ST","the_geom":"0101000020E610000044C552C2DBCA52C0E77EF4A87CF94340","geocode_x":"2691846.5842609700","geocode_y":"234890.0125065500","censustract":"000804","posse_jobid":"312640357","numberofunits":"1","mostrecentinsp":"2021-04-09 11:08:43+00","systemofrecord":"ECLIPSE","addressobjectid":"129095544","numberofstories":"1.0","areaofdisturbance":"0.0","permitdescription":"Commercial Building Permit","contractoraddress1":"TSC BUILDERS INC\n1717 Spruce St \nPhiladelphia , PA  19103\nUSA","permitcompleteddate":"2023-03-07 14:15:19+00","the_geom_webmercator":"0101000020110F0000B7952327BAEB5FC181ADF1B4AD885241","certificateofoccupancyrequired":"N"},"geometry":{"type":"Point","coordinates":[-75.16966303,39.949116821]}},{"type":"Feature","properties":{"date":"2021-03-16T04:00:00.000Z","year":2021,"description":"FOR THE ERECTION OF A TEMPORARY STRUCTURE IN THE RIGHT OF WAY FOR USE AS RESTAURANT SEATING. SEPARATE PERMIT(S) REQUIRED IF NEW ELECTRICAL CONNECTIONS OR HVAC EQUIPMENT IS PROPOSED.\n\nUPON ISSUANCE OF THIS PERMIT, THE RESTAURANT'S TEMPORARY SIDEWALK CAFE/STREETERY LICENSE MUST BE AMENDED TO DOCUMENT THE APPROVAL OF THE STRUCTURE. PLEASE SUBMIT THIS PERMIT TO https://form.jotform.com/203103777242045","metadescription":"Building. Addition and/or Alteration. FOR THE ERECTION OF A TEMPORARY STRUCTURE IN THE RIGHT OF WAY FOR USE AS RESTAURANT SEATING. SEPARATE PERMIT(S) REQUIRED IF NEW ELECTRICAL CONNECTIONS OR HVAC EQUIPMENT IS PROPOSED.\n\nUPON ISSUANCE OF THIS PERMIT, THE RESTAURANT'S TEMPORARY SIDEWALK CAFE/STREETERY LICENSE MUST BE AMENDED TO DOCUMENT THE APPROVAL OF THE STRUCTURE. PLEASE SUBMIT THIS PERMIT TO https://form.jotform.com/203103777242045. Completed. 1234 LOCUST ST","address":"1234 LOCUST ST","the_geom":"0101000020E610000002A9FC825FCA52C0EF6FCDA650F94340","geocode_x":"2693986.1849844000","geocode_y":"234463.1872612300","opa_owner":"AFC LOCUST REALTY ASSOCIA","censustract":"000901","posse_jobid":"313151030","numberofunits":"1","mostrecentinsp":"2022-02-03 19:09:10+00","systemofrecord":"ECLIPSE","addressobjectid":"15685872","numberofstories":"1.0","opa_account_num":"883709100","permitdescription":"Commercial Building Permit","contractoraddress1":"URIEL TEDGI\n3659 Copper Beech Cir\nPhiladelphia, PA  19006\nUSA","permitcompleteddate":"2022-02-03 19:26:31+00","the_geom_webmercator":"0101000020110F0000AB6D2D1BE7EA5FC1B0D1C5F37C885241","certificateofoccupancyrequired":"N"},"geometry":{"type":"Point","coordinates":[-75.16207957,39.947773791]}},{"type":"Feature","properties":{"date":"2021-03-09T05:00:00.000Z","year":2021,"description":"For the erection of a temporary structure in the right of way for use as restaurant seating.  \n\nSeparate Permit(s) required if new electrical connections or HVAC equipment is proposed.\n\nUpon issuance of this permit, the restaurant's Temporary Sidewalk Caf?/Streetery License must be amended to document the approval of the structure.   Please submit this permit to https://form.jotform.com/203103777242045","metadescription":"Building. Addition and/or Alteration. For the erection of a temporary structure in the right of way for use as restaurant seating.  \n\nSeparate Permit(s) required if new electrical connections or HVAC equipment is proposed.\n\nUpon issuance of this permit, the restaurant's Temporary Sidewalk Caf?/Streetery License must be amended to document the approval of the structure.   Please submit this permit to https://form.jotform.com/203103777242045. Expired. 1716 CHESTNUT ST","address":"1716 CHESTNUT ST","the_geom":"0101000020E61000009E338D33D9CA52C06F939278C3F94340","geocode_x":"2691867.3349496800","geocode_y":"235678.1613759100","opa_owner":"TUSCAN REALTY OF PA LLC","censustract":"000700","posse_jobid":"311301537","numberofunits":"1","mostrecentinsp":"2021-03-23 16:32:21+00","systemofrecord":"ECLIPSE","addressobjectid":"134695487","numberofstories":"1.0","opa_account_num":"871000750","permitdescription":"Commercial Building Permit","contractoraddress1":"TSC BUILDERS INC\n1717 Spruce St \nPhiladelphia , PA  19103\nUSA","permitcompleteddate":"2023-03-13 13:35:04+00","the_geom_webmercator":"0101000020110F0000847BF1CEB5EB5FC1BEF41428FC885241","certificateofoccupancyrequired":"N"},"geometry":{"type":"Point","coordinates":[-75.16950692,39.951277801]}},{"type":"Feature","properties":{"date":"2021-03-09T05:00:00.000Z","year":2021,"description":"For the erection of a temporary structure in the right of way for use as restaurant seating; Separate Permit(s) required if new electrical connections or HVAC equipment is proposed; Upon issuance of this permit, the restaurant's Temporary Sidewalk Caf/Streetery License must be amended to document the approval of the structure; Please submit this permit to https://form.jotform.com/203103777242045","metadescription":"Building. Addition and/or Alteration. For the erection of a temporary structure in the right of way for use as restaurant seating; Separate Permit(s) required if new electrical connections or HVAC equipment is proposed; Upon issuance of this permit, the restaurant's Temporary Sidewalk Caf/Streetery License must be amended to document the approval of the structure; Please submit this permit to https://form.jotform.com/203103777242045. Expired. 506 S 20TH ST","address":"506 S 20TH ST","the_geom":"0101000020E6100000DFBE8F0134CB52C0A5CA62010AF94340","geocode_x":"2690374.2656127800","geocode_y":"233571.8674055500","opa_owner":"SICULA REAL ESTATE","censustract":"001201","posse_jobid":"298991211","numberofunits":"1","mostrecentinsp":"2021-03-23 16:31:07+00","systemofrecord":"ECLIPSE","addressobjectid":"15796430","numberofstories":"1.0","opa_account_num":"303091200","permitdescription":"Commercial Building Permit","contractoraddress1":"TSC BUILDERS INC\n1717 Spruce St \nPhiladelphia , PA  19103\nUSA","permitcompleteddate":"2022-04-05 13:06:35+00","the_geom_webmercator":"0101000020110F0000B660A10C50EC5FC1AAF069B02E885241","certificateofoccupancyrequired":"N"},"geometry":{"type":"Point","coordinates":[-75.1750492,39.945617841]}},{"type":"Feature","properties":{"date":"2021-03-08T05:00:00.000Z","year":2021,"description":"For the erection of a temporary structure in the right of way for use as restaurant seating.   \nSeparate Permit(s) required if new electrical connections or HVAC equipment is proposed.\nUpon issuance of this permit, the restaurant's Temporary Sidewalk Caf?/Streetery License must be amended to document the approval of the structure.   Please submit this permit to https://form.jotform.com/203103777242045","metadescription":"Building. Addition and/or Alteration. For the erection of a temporary structure in the right of way for use as restaurant seating.   \nSeparate Permit(s) required if new electrical connections or HVAC equipment is proposed.\nUpon issuance of this permit, the restaurant's Temporary Sidewalk Caf?/Streetery License must be amended to document the approval of the structure.   Please submit this permit to https://form.jotform.com/203103777242045. Completed. 5021-23 BALTIMORE AVE","address":"5021-23 BALTIMORE AVE","the_geom":"0101000020E610000033F5939F5ACE52C05CBD2B805AF94340","geocode_x":"2676550.5340748200","geocode_y":"234067.7813691600","opa_owner":"5021 BALTIMORE LLC","censustract":"008000","posse_jobid":"318152873","numberofunits":"1","mostrecentinsp":"2023-08-28 18:08:04+00","systemofrecord":"ECLIPSE","addressobjectid":"130900737","numberofstories":"1.0","opa_account_num":"881704425","permitdescription":"Commercial Building Permit","contractoraddress1":"Clear Construction Inc\n1218 Green St\nPhiladelphia, PA  19123\nUSA","permitcompleteddate":"2023-02-03 17:50:54+00","the_geom_webmercator":"0101000020110F00003A1C7F2BAAF15FC104980ADD87885241","certificateofoccupancyrequired":"N"},"geometry":{"type":"Point","coordinates":[-75.22428121,39.948074361]}},{"type":"Feature","properties":{"date":"2021-03-02T05:00:00.000Z","year":2021,"description":"For the erection of a temporary structure in the right of way for use as restaurant seating; Separate Permit(s) required if new electrical connections or HVAC equipment is proposed; Upon issuance of this permit, the restaurant's Temporary Sidewalk Caf?/Streetery License must be amended to document the approval of the structure.   Please submit this permit to https://form.jotform.com/203103777242045","metadescription":"Building. Addition and/or Alteration. For the erection of a temporary structure in the right of way for use as restaurant seating; Separate Permit(s) required if new electrical connections or HVAC equipment is proposed; Upon issuance of this permit, the restaurant's Temporary Sidewalk Caf?/Streetery License must be amended to document the approval of the structure.   Please submit this permit to https://form.jotform.com/203103777242045. Completed. 1301-05 N HOWARD ST","address":"1301-05 N HOWARD ST","the_geom":"0101000020E6100000CA167F1BBDC852C09B4562483DFC4340","geocode_x":"2700896.8800047000","geocode_y":"242992.9085639400","opa_owner":"1301 HOWARD ST ACQUISITIO","censustract":"014400","posse_jobid":"314216086","numberofunits":"1","mostrecentinsp":"2024-09-23 12:56:33+00","systemofrecord":"ECLIPSE","addressobjectid":"130797800","numberofstories":"1.0","opa_account_num":"882000217","areaofdisturbance":"0.0","permitdescription":"Commercial Building Permit","contractoraddress1":"DAVID ELMALIAH\n5015 KNOX STREET\nOFFICE\nPHILADELPHIA, PA  19144\nUSA","permitcompleteddate":"2024-09-23 18:47:46+00","the_geom_webmercator":"0101000020110F0000B947886720E85FC162008973BA8B5241","certificateofoccupancyrequired":"N"},"geometry":{"type":"Point","coordinates":[-75.1365422,39.970620201]}},{"type":"Feature","properties":{"date":"2021-02-17T05:00:00.000Z","year":2021,"description":"For the erection of a temporary structure in the right of way for use as restaurant seating; Separate Permit(s) required if new electrical connections or HVAC equipment is proposed; Upon issuance of this permit, the restaurant's Temporary Sidewalk Caf?/Streetery License must be amended to document the approval of the structure.   Please submit this permit to https://form.jotform.com/203103777242045","metadescription":"Building. Addition and/or Alteration. For the erection of a temporary structure in the right of way for use as restaurant seating; Separate Permit(s) required if new electrical connections or HVAC equipment is proposed; Upon issuance of this permit, the restaurant's Temporary Sidewalk Caf?/Streetery License must be amended to document the approval of the structure.   Please submit this permit to https://form.jotform.com/203103777242045. Completed. 1605-27 SANSOM ST","address":"1605-27 SANSOM ST","the_geom":"0101000020E6100000F220BBCDC2CA52C0A62ACA42B2F94340","geocode_x":"2692256.0318557100","geocode_y":"235498.1191789300","opa_owner":"1605 SANSOM ASSOCIATES LLC","censustract":"000700","posse_jobid":"310968090","numberofunits":"1","mostrecentinsp":"2021-08-12 12:47:32+00","systemofrecord":"ECLIPSE","addressobjectid":"130922078","numberofstories":"1.0","opa_account_num":"881547010","areaofdisturbance":"0.0","permitdescription":"Commercial Building Permit","contractoraddress1":"DAVID ELMALIAH\n5015 KNOX STREET\nOFFICE\nPHILADELPHIA, PA  19144\nUSA","permitcompleteddate":"2021-08-12 14:47:33+00","the_geom_webmercator":"0101000020110F00004FD678C38FEB5FC1E948F716E9885241","certificateofoccupancyrequired":"N"},"geometry":{"type":"Point","coordinates":[-75.16813987,39.950752591]}},{"type":"Feature","properties":{"date":"2021-02-10T05:00:00.000Z","year":2021,"description":"Temporary tent (COVID) for outdoor customer seating as extension to restaurant (PARKING LOT) on same lot,","metadescription":"Operations. Temporary Tents and Canopies. Temporary tent (COVID) for outdoor customer seating as extension to restaurant (PARKING LOT) on same lot,. Expired. 326 ROXBOROUGH AVE","address":"326 ROXBOROUGH AVE","the_geom":"0101000020E6100000DD667E82D1CD52C0F6AD30839C034440","geocode_x":"2678058.3668441800","geocode_y":"263316.3927837800","opa_owner":"326 ROX LLC","censustract":"021300","posse_jobid":"313139200","mostrecentinsp":"2021-02-25 19:31:38+00","systemofrecord":"ECLIPSE","addressobjectid":"137526024","opa_account_num":"871299140","permitdescription":"Operations Permit","permitcompleteddate":"2022-02-03 14:35:51+00","the_geom_webmercator":"0101000020110F000072D8C544C1F05FC14480D7C5E6935241"},"geometry":{"type":"Point","coordinates":[-75.21591246,40.028213881]}},{"type":"Feature","properties":{"date":"2021-01-28T05:00:00.000Z","year":2021,"description":"For the erection of a temporary structure in the right of way for use as restaurant seating.  \n\nSeparate Permit(s) required if new electrical connections or HVAC equipment is proposed.\n\nUpon issuance of this permit, the restaurant's Temporary Sidewalk Cafe/Streetery License must be amended to document the approval of the structure.   Please submit this permit to https://form.jotform.com/203103777242045","metadescription":"Building. Addition and/or Alteration. For the erection of a temporary structure in the right of way for use as restaurant seating.  \n\nSeparate Permit(s) required if new electrical connections or HVAC equipment is proposed.\n\nUpon issuance of this permit, the restaurant's Temporary Sidewalk Cafe/Streetery License must be amended to document the approval of the structure.   Please submit this permit to https://form.jotform.com/203103777242045. Expired. 123 S 18TH ST","address":"123 S 18TH ST","the_geom":"0101000020E6100000CADFBEC3E5CA52C091417916B9F94340","geocode_x":"2691655.8171144700","geocode_y":"235556.5005632600","opa_owner":"SINGER DAVID TR","censustract":"000700","posse_jobid":"298668473","numberofunits":"1","mostrecentinsp":"2021-09-16 11:55:52+00","systemofrecord":"ECLIPSE","addressobjectid":"134743914","numberofstories":"1.0","opa_account_num":"871269150","areaofdisturbance":"0.0","permitdescription":"Commercial Building Permit","contractoraddress1":"TSC BUILDERS INC\n1717 Spruce St \nPhiladelphia , PA  19103\nUSA","permitcompleteddate":"2023-03-13 13:33:09+00","the_geom_webmercator":"0101000020110F00009AF5F825CBEB5FC1DD4733A7F0885241","certificateofoccupancyrequired":"N"},"geometry":{"type":"Point","coordinates":[-75.17027372,39.950960931]}},{"type":"Feature","properties":{"date":"2021-01-25T05:00:00.000Z","year":2021,"description":"Install Temporary tent at Bud & Marilyn's on the sidewalk for the temporary Caf?/Streetery license.\n\n(Minimum distance from the exiting structure and property lines as per 2018 Philadelphia Fire Code)","metadescription":"Operations. Temporary Tents and Canopies. Install Temporary tent at Bud & Marilyn's on the sidewalk for the temporary Caf?/Streetery license.\n\n(Minimum distance from the exiting structure and property lines as per 2018 Philadelphia Fire Code). Expired. 1234 LOCUST ST","address":"1234 LOCUST ST","the_geom":"0101000020E610000002A9FC825FCA52C0EF6FCDA650F94340","geocode_x":"2693986.1849844000","geocode_y":"234463.1872612300","opa_owner":"AFC LOCUST REALTY ASSOCIA","censustract":"000901","posse_jobid":"290217878","mostrecentinsp":"2021-12-29 14:35:26+00","systemofrecord":"ECLIPSE","addressobjectid":"130924912","opa_account_num":"883709100","permitdescription":"Operations Permit","permitcompleteddate":"2022-07-11 10:44:14+00","the_geom_webmercator":"0101000020110F0000AB6D2D1BE7EA5FC1B0D1C5F37C885241"},"geometry":{"type":"Point","coordinates":[-75.16207957,39.947773791]}},{"type":"Feature","properties":{"date":"2020-11-23T05:00:00.000Z","year":2020,"description":"temporary tent for one day event","metadescription":"Operations. Temporary Tents and Canopies. temporary tent for one day event. Expired. 408 S 60TH ST","address":"408 S 60TH ST","the_geom":"0101000020E6100000B73967CB83CF52C0A17DA2AE45FA4340","geocode_x":"2671392.9689742000","geocode_y":"236536.3401600900","opa_owner":"MUJAHIDEEN MASJID","censustract":"008302","posse_jobid":"288629328","mostrecentinsp":"2020-12-09 12:38:06+00","systemofrecord":"ECLIPSE","addressobjectid":"15861349","opa_account_num":"885015180","permitdescription":"Operations Permit","permitcompleteddate":"2024-08-26 15:29:56+00","the_geom_webmercator":"0101000020110F000052EEF0F1A2F35FC143FDB76B8C895241"},"geometry":{"type":"Point","coordinates":[-75.242419101,39.955251531]}},{"type":"Feature","properties":{"date":"2020-11-19T05:00:00.000Z","year":2020,"description":"20' x 20' Temporary tent. (34010 United Scrap Metal)","metadescription":"Operations. Temporary Tents and Canopies. 20' x 20' Temporary tent. (34010 United Scrap Metal). Expired. 4301-15 WISSAHICKON AVE","address":"4301-15 WISSAHICKON AVE","the_geom":"0101000020E6100000DB7901639ECA52C0B4B8F593C5014440","unit_num":"# D","geocode_x":"2692206.5385955600","geocode_y":"258488.9011944300","opa_owner":"PIDC FINANCING CORPORATIO","censustract":"020500","posse_jobid":"289387490","mostrecentinsp":"2020-12-04 17:27:09+00","systemofrecord":"ECLIPSE","addressobjectid":"156991079","opa_account_num":"884069530","permitdescription":"Operations Permit","permitcompleteddate":"2025-06-11 16:57:38+00","the_geom_webmercator":"0101000020110F00009797E2E751EB5FC154AFB57EDC915241"},"geometry":{"type":"Point","coordinates":[-75.16591716,40.013842101]}},{"type":"Feature","properties":{"date":"2020-06-22T04:00:00.000Z","year":2020,"description":"2- 30x45 temporary tent","metadescription":"Operations. Temporary Tents and Canopies. 2- 30x45 temporary tent. Expired. 401 W WILLOW GROVE AVE","address":"401 W WILLOW GROVE AVE","the_geom":"0101000020E6100000F87400C73BCD52C01870CFA559084440","geocode_x":"2680228.2782212800","geocode_y":"276870.8409933000","opa_owner":"ST MARTINS IN THE, FIELD","censustract":"023100","posse_jobid":"241444274","mostrecentinsp":"2020-07-09 15:27:36+00","systemofrecord":"ECLIPSE","addressobjectid":"131744195","opa_account_num":"775342000","permitdescription":"Operations Permit","permitcompleteddate":"2025-06-11 16:52:02+00","the_geom_webmercator":"0101000020110F0000BF60E0EEC2EF5FC1FE582FAD28995241"},"geometry":{"type":"Point","coordinates":[-75.20677352,40.065235831]}},{"type":"Feature","properties":{"date":"2020-03-10T15:57:00.000Z","year":2020,"description":"FOR THE INSTALLATION OF ONE RELOCATED OFFICE TRAILER SEPARATE PERMIT REQUIRED FOR MEP WORK. ACCESSIBLE ROUTE REQUIRED.\n*TEMPORARY STRUCTURE SHALL NOT BE ERECTED FOR MORE THAN 180 DAYS PER 3103.1 OF THE 2018 IBC AND CODE BULLETIN NO. A-1501 R1* IF TEMPORARY STRUCTURE EXCEEDS 180 DAYS THEN THE BUILDING SHALL COMPLY WITH NEW REGULATIONS.*","metadescription":"Building. New Construction. FOR THE INSTALLATION OF ONE RELOCATED OFFICE TRAILER SEPARATE PERMIT REQUIRED FOR MEP WORK. ACCESSIBLE ROUTE REQUIRED.\n*TEMPORARY STRUCTURE SHALL NOT BE ERECTED FOR MORE THAN 180 DAYS PER 3103.1 OF THE 2018 IBC AND CODE BULLETIN NO. A-1501 R1* IF TEMPORARY STRUCTURE EXCEEDS 180 DAYS THEN THE BUILDING SHALL COMPLY WITH NEW REGULATIONS.*. Expired. 4529 N 3RD ST","address":"4529 N 3RD ST","the_geom":"0101000020E61000001D87490A4DC852C0F705B01692024440","geocode_x":"2702278.6228352200","geocode_y":"261060.3104601400","opa_owner":"SEPTA","censustract":"028700","posse_jobid":"191466091","numberofunits":"0","mostrecentinsp":"2020-03-31 16:02:48+00","systemofrecord":"ECLIPSE","addressobjectid":"129834045","numberofstories":"1.0","opa_account_num":"875104610","permitdescription":"Commercial Building Permit","contractoraddress1":"SEPTA\n1234 MARKET ST 14TH FL\nPHILADELPHIA, PA  19107\nUSA","permitcompleteddate":"2022-07-19 16:12:59+00","the_geom_webmercator":"0101000020110F0000B005060C62E75FC1D82FEC49BF925241","certificateofoccupancyrequired":"N"},"geometry":{"type":"Point","coordinates":[-75.12970216,40.020083271]}},{"type":"Feature","properties":{"date":"2019-07-01T12:31:00.000Z","year":2019,"description":"FOR THE INSTALLATION OF FOUR (4) TEMPORARY CONSTRUCTION OFFICE TRAILER WITH FINISHED FLOOR OF PROPOSED TRAILERS NO LESS THAN 1.5 FT ABOVE DESIGN FLOOD ELEVATION (DFE) AND ALL AREAS OF TRAILERS BELOW 1.5 FT ABOVE \"DFE\" TO BE OPEN AND UNOBSTRUCTED. TRAILERS TO BE ANCHORED TO WITHSTAND HYDROSTATIC/DYNAMIC LOADS AND NOT BECOME BUOYANT. SEPARATE PERMIT REQUIRED FOR ELECTRICAL WORK.\n*TEMPORARY STRUCTURE SHALL NOT BE ERECTED FOR MORE THAN 180 DAYS PER 3103.1 OF THE 2018 IBC*","metadescription":"Building. New Construction. FOR THE INSTALLATION OF FOUR (4) TEMPORARY CONSTRUCTION OFFICE TRAILER WITH FINISHED FLOOR OF PROPOSED TRAILERS NO LESS THAN 1.5 FT ABOVE DESIGN FLOOD ELEVATION (DFE) AND ALL AREAS OF TRAILERS BELOW 1.5 FT ABOVE \"DFE\" TO BE OPEN AND UNOBSTRUCTED. TRAILERS TO BE ANCHORED TO WITHSTAND HYDROSTATIC/DYNAMIC LOADS AND NOT BECOME BUOYANT. SEPARATE PERMIT REQUIRED FOR ELECTRICAL WORK.\n*TEMPORARY STRUCTURE SHALL NOT BE ERECTED FOR MORE THAN 180 DAYS PER 3103.1 OF THE 2018 IBC*. Expired. 300 ROUSE BLVD","address":"300 ROUSE BLVD","the_geom":"0101000020E610000025749E1BDECA52C06A03D28443F24340","geocode_x":"2692406.9335531300","geocode_y":"214340.7086234600","opa_owner":"300 ROUSE BOULEVARD LLC","censustract":"005000","posse_jobid":"226780479","numberofunits":"0","mostrecentinsp":"2021-04-20 18:38:07+00","systemofrecord":"ECLIPSE","addressobjectid":"168204084","numberofstories":"1.0","opa_account_num":"883000002","permitdescription":"Commercial Building Permit","contractoraddress1":"PENNTEX CONSTRUCTION CO INC\n640 Sentry Parkway\nSuite 101\nBlue Bell, PA  19422\nUSA","permitcompleteddate":"2022-08-31 18:21:34+00","the_geom_webmercator":"0101000020110F0000DD098024BEEB5FC1CF663BF7AD805241","certificateofoccupancyrequired":"N"},"geometry":{"type":"Point","coordinates":[-75.16980639,39.892685511]}},{"type":"Feature","properties":{"date":"2019-03-26T18:29:42.000Z","year":2019,"description":"NEW CONSTRUCTION OF A ONE-STORY TEMPORARY STRUCTURE(NOT MORE THAN 180 DAYS) ON THE SAME LOT AS AN EXISTING ATTTACHED STRUCTURE(MUSEUM).** SEPERATE PERMIT REQUIRED FOR ANY MEP WORK**","metadescription":"BP_ALTER. MAJOR. NEW CONSTRUCTION OF A ONE-STORY TEMPORARY STRUCTURE(NOT MORE THAN 180 DAYS) ON THE SAME LOT AS AN EXISTING ATTTACHED STRUCTURE(MUSEUM).** SEPERATE PERMIT REQUIRED FOR ANY MEP WORK**. COMPLETED. 101 S INDEPENDENCE MALL E","address":"101 S INDEPENDENCE MALL E","the_geom":"0101000020E61000003BB95F8D7FC952C0379226FD9FF94340","geocode_x":"2697791.1189993100","geocode_y":"235457.3894492500","opa_owner":"MUSEUM OF AMERICAN JEWISHNATL MUSEUM OF AMERICA","censustract":"19106-2514","contractorzip":"19380-    ","contractorcity":"WEST CHESTER","mostrecentinsp":"2019-10-01 17:45:00+00","systemofrecord":"HANSEN","addressobjectid":"356158","contractorstate":"PA","opa_account_num":"771613100","permitdescription":"ALTERATION PERMIT","contractoraddress1":"DENNIS O'FLYNN/STAN SHEWASKI","contractoraddress2":"1126 TAYLOR AVENUE","permitcompleteddate":"2019-10-01 17:45:33+00","the_geom_webmercator":"0101000020110F0000692D44B06AE95FC17369B4D8D4885241"},"geometry":{"type":"Point","coordinates":[-75.148410171,39.950194973]}},{"type":"Feature","properties":{"date":"2018-04-18T19:32:20.000Z","year":2018,"description":"FOR THE INSTALLATION OF A TEMPORARY STRUCTURE WITH TWO PREVIOUSLY APPROVED SHIPPING CONTAINERS ON SITE, EVENT IS TEMPORARY (180 DAYS) THAT WAS PREVIOUSLY APPROVED UNDER AP#763959. TEMPORARY STRUCTURES TO BE INSTALLED IN ACCORDANCE WITH STRUCTURAL ENGINEER'S MEMO AND SEALED PLAN REFERENCING THAT THE INSTALLATION METHOD TO BE IN COMPLIANCE WITH SECTION 1604.8.1 OF THE 2009 IBC.  IF FIELD CONDITIONS VARY CONTACT DESIGN ENGINEER PRIOR TO THE START OF ANY WORK. SEPARATE PERMITS REQUIRED FOR ALL OTHER WORK.","metadescription":"BP_ADDITON. ENTIRE. FOR THE INSTALLATION OF A TEMPORARY STRUCTURE WITH TWO PREVIOUSLY APPROVED SHIPPING CONTAINERS ON SITE, EVENT IS TEMPORARY (180 DAYS) THAT WAS PREVIOUSLY APPROVED UNDER AP#763959. TEMPORARY STRUCTURES TO BE INSTALLED IN ACCORDANCE WITH STRUCTURAL ENGINEER'S MEMO AND SEALED PLAN REFERENCING THAT THE INSTALLATION METHOD TO BE IN COMPLIANCE WITH SECTION 1604.8.1 OF THE 2009 IBC.  IF FIELD CONDITIONS VARY CONTACT DESIGN ENGINEER PRIOR TO THE START OF ANY WORK. SEPARATE PERMITS REQUIRED FOR ALL OTHER WORK.. COMPLETED. 60 N 36TH ST","address":"60 N 36TH ST","the_geom":"0101000020E6100000C5DC4D8776CC52C03177B69093FA4340","geocode_x":"2684730.5867255900","geocode_y":"237784.9477169300","opa_owner":"DREXEL UNIVERSITY","censustract":"19104-0000","contractorzip":"19022-    ","contractorcity":"LYNNE CRUM","mostrecentinsp":"2018-04-27 16:35:00+00","systemofrecord":"HANSEN","addressobjectid":"763989","contractorstate":"PA","opa_account_num":"885631640","permitdescription":"ADDITION PERMIT","contractoraddress1":"411 SMILET ST","permitcompleteddate":"2018-04-27 16:41:41+00","the_geom_webmercator":"0101000020110F0000C84CDAE273EE5FC10514A3B6E2895241"},"geometry":{"type":"Point","coordinates":[-75.194734407,39.957628335]}},{"type":"Feature","properties":{"date":"2015-10-29T13:49:00.000Z","year":2015,"description":"PERMIT FOR THE ERECTION OF ONE TEMPORARY TENT 30 X 200","metadescription":"OPS PERMIT. TENTS. PERMIT FOR THE ERECTION OF ONE TEMPORARY TENT 30 X 200. COMPLETED. 1210-22 FRANKFORD AVE","address":"1210-22 FRANKFORD AVE","the_geom":"0101000020E6100000C2B7464A9FC852C0070D6DE316FC4340","geocode_x":"2701419.3794613400","geocode_y":"242581.3635340600","opa_owner":"RIVER CITY FLATS LP","censustract":"19125-3906","contractorzip":"20707-    ","contractorcity":"LAUREL","mostrecentinsp":"2019-05-01 04:00:00+00","systemofrecord":"HANSEN","addressobjectid":"296710","contractorstate":"MD","opa_account_num":"882929905","permitdescription":"OPERATIONS PERMIT","contractoraddress1":"8610 CHERRY LANE","permitcompleteddate":"2015-10-29 13:50:00+00","the_geom_webmercator":"0101000020110F0000F05DBDC1EDE75FC169F51DE78F8B5241"},"geometry":{"type":"Point","coordinates":[-75.134722299,39.969448498]}},{"type":"Feature","properties":{"date":"2015-10-29T13:13:00.000Z","year":2015,"description":"PERMIT FOR THE ERECTION OF ONE TEMPORARY TENT 20 X 30","metadescription":"OPS PERMIT. TENTS. PERMIT FOR THE ERECTION OF ONE TEMPORARY TENT 20 X 30. COMPLETED. 1651-53 E PASSYUNK AVE","address":"1651-53 E PASSYUNK AVE","the_geom":"0101000020E6100000522CDD7D84CA52C06D0D4C23E5F64340","geocode_x":"2693555.2457497600","geocode_y":"227560.4694897500","opa_owner":"FRANKENSIMONS LLC","censustract":"19148-1121","contractorzip":"19053-    ","contractorcity":"FEASTERVILLE","mostrecentinsp":"2016-02-24 14:27:00+00","systemofrecord":"HANSEN","addressobjectid":"473207","contractorstate":"PA","opa_account_num":"882019310","permitdescription":"OPERATIONS PERMIT","contractoraddress1":"1710 LORETTA AVENUE","permitcompleteddate":"2015-10-29 13:16:00+00","the_geom_webmercator":"0101000020110F00001DE59EEB25EB5FC1C6E43DBACE855241"},"geometry":{"type":"Point","coordinates":[-75.164336649,39.928867733]}},{"type":"Feature","properties":{"date":"2015-10-29T12:49:02.000Z","year":2015,"description":"PERMIT FOR THE ERECTION OF ONE TEMPORARY TENT 20 X 50","metadescription":"OPS PERMIT. TENTS. PERMIT FOR THE ERECTION OF ONE TEMPORARY TENT 20 X 50. COMPLETED. 1622-40 POINT BREEZE AVE","address":"1622-40 POINT BREEZE AVE","the_geom":"0101000020E61000008D966B5BB0CB52C035BD3A1940F74340","geocode_x":"2688395.0790259100","geocode_y":"228421.5175891900","opa_owner":"1620 POINT BREEZE AVE LLC","censustract":"19145-0000","contractorzip":"08110-    ","contractorcity":"PENNSAUKEN","systemofrecord":"HANSEN","addressobjectid":"486725","contractorstate":"NJ","opa_account_num":"881450744","permitdescription":"OPERATIONS PERMIT","contractoraddress1":"8550 REMINGTON AVENUE - SUITE A","permitcompleteddate":"2015-10-29 12:49:24+00","the_geom_webmercator":"0101000020110F0000D693A44523ED5FC1E7ACA17833865241"},"geometry":{"type":"Point","coordinates":[-75.182638984,39.931643633]}},{"type":"Feature","properties":{"date":"2015-10-29T12:42:27.000Z","year":2015,"description":"PERMIT FOR THE ERECTION OF ONE TEMPORARY TENT 20 X 40","metadescription":"OPS PERMIT. TENTS. PERMIT FOR THE ERECTION OF ONE TEMPORARY TENT 20 X 40. COMPLETED. 9173 E ROOSEVELT BLVD","address":"9173 E ROOSEVELT BLVD","the_geom":"0101000020E610000005ACA90717C252C04729CF8597094440","geocode_x":"2728831.9971721000","geocode_y":"281854.2951178800","opa_owner":"FEDERAL REALTY INVESTMENT","censustract":"19115-0000","contractorzip":"19053-    ","contractorcity":"FEASTERVILLE","mostrecentinsp":"2016-01-11 16:06:00+00","systemofrecord":"HANSEN","addressobjectid":"515189","contractorstate":"PA","opa_account_num":"882093502","permitdescription":"OPERATIONS PERMIT","contractoraddress1":"1710 LORETTA AVENUE","permitcompleteddate":"2015-10-29 12:43:33+00","the_geom_webmercator":"0101000020110F000038722A41D5DC5FC1289C1F76899A5241"},"geometry":{"type":"Point","coordinates":[-75.032655636,40.074936606]}},{"type":"Feature","properties":{"date":"2015-10-28T12:19:30.000Z","year":2015,"description":"PERMIT FOR THE ERECTION OF ONE TEMPORARY TENT 30 X 50","metadescription":"OPS PERMIT. TENTS. PERMIT FOR THE ERECTION OF ONE TEMPORARY TENT 30 X 50. COMPLETED. 6145 GERMANTOWN AVE","address":"6145 GERMANTOWN AVE","the_geom":"0101000020E6100000C94D1FE87ECB52C0E8D01D5F5F054440","geocode_x":"2688071.5241803400","geocode_y":"268620.1692316700","opa_owner":"BETHEL AME CHURCH","censustract":"19144-2047","contractorzip":"19053-    ","contractorcity":"FEASTERVILLE","systemofrecord":"HANSEN","addressobjectid":"310306","contractorstate":"PA","opa_account_num":"871601775","permitdescription":"OPERATIONS PERMIT","contractoraddress1":"1710 LORETTA AVENUE","permitcompleteddate":"2015-10-28 12:19:56+00","the_geom_webmercator":"0101000020110F00004F268D46CFEC5FC148A6C1E3DA955241"},"geometry":{"type":"Point","coordinates":[-75.179620772,40.041973009]}},{"type":"Feature","properties":{"date":"2015-10-28T12:09:17.000Z","year":2015,"description":"PERMIT FOR THE ERECTION OF ONE TEMPORARY TENT 40 X 60","metadescription":"OPS PERMIT. TENTS. PERMIT FOR THE ERECTION OF ONE TEMPORARY TENT 40 X 60. COMPLETED. 2356-64 E CUMBERLAND ST","address":"2356-64 E CUMBERLAND ST","the_geom":"0101000020E610000022C1B657DFC752C07A85448861FD4340","geocode_x":"2704592.3134786900","geocode_y":"246352.9580289400","opa_owner":"CHANDLER MEMORIAL        PRESBYTERIAN CHURCH","censustract":"19125-3125","contractorzip":"19053-    ","contractorcity":"FEASTERVILLE","mostrecentinsp":"2019-03-18 04:00:00+00","systemofrecord":"HANSEN","addressobjectid":"105677","contractorstate":"PA","opa_account_num":"777107000","permitdescription":"OPERATIONS PERMIT","contractoraddress1":"1710 LORETTA AVENUE","permitcompleteddate":"2015-10-28 12:09:42+00","the_geom_webmercator":"0101000020110F00000B62F2B6A7E65FC186ED5D58FE8C5241"},"geometry":{"type":"Point","coordinates":[-75.123006752,39.979538949]}},{"type":"Feature","properties":{"date":"2015-10-28T12:02:58.000Z","year":2015,"description":"PERMIT FOR THE ERECTION OF ONE TEMPORARY TENT 20 X 40","metadescription":"OPS PERMIT. TENTS. PERMIT FOR THE ERECTION OF ONE TEMPORARY TENT 20 X 40. COMPLETED. 222-48 N BROAD ST","address":"222-48 N BROAD ST","the_geom":"0101000020E61000009AC6952370CA52C0FEB19E9F89FA4340","geocode_x":"2693599.8622270200","geocode_y":"237932.6701616200","opa_owner":"BROAD STREET HEALTHCARE  PROPERTIES LLC","censustract":"19102-1120","contractorzip":"19053-    ","contractorcity":"FEASTERVILLE","systemofrecord":"HANSEN","addressobjectid":"50124","contractorstate":"PA","opa_account_num":"772025002","permitdescription":"OPERATIONS PERMIT","contractoraddress1":"1710 LORETTA AVENUE","permitcompleteddate":"2015-10-28 12:03:20+00","the_geom_webmercator":"0101000020110F0000890B705903EB5FC1E010B1B2D7895241"},"geometry":{"type":"Point","coordinates":[-75.163094422,39.957324936]}},{"type":"Feature","properties":{"date":"2015-10-28T11:56:03.000Z","year":2015,"description":"PERMIT FOR THE ERECTION OF ONE TEMPORARY TENT 40 X 60","metadescription":"OPS PERMIT. TENTS. PERMIT FOR THE ERECTION OF ONE TEMPORARY TENT 40 X 60. COMPLETED. 2600-24 N 5TH ST","address":"2600-24 N 5TH ST","the_geom":"0101000020E61000001E3FD7BB08C952C0616B1B4BDBFE4340","geocode_x":"2699383.6959412300","geocode_y":"250399.9295020100","opa_owner":"TALLER PR","censustract":"19133-2626","contractorzip":"19053-    ","contractorcity":"FEASTERVILLE","systemofrecord":"HANSEN","addressobjectid":"636863","contractorstate":"PA","opa_account_num":"777784710","permitdescription":"OPERATIONS PERMIT","contractoraddress1":"1710 LORETTA AVENUE","permitcompleteddate":"2015-10-28 11:56:35+00","the_geom_webmercator":"0101000020110F00000D8406DDA0E85FC18FA68212A18E5241"},"geometry":{"type":"Point","coordinates":[-75.141158066,39.991067303]}},{"type":"Feature","properties":{"date":"2015-10-16T12:18:00.000Z","year":2015,"description":"RECORD CLEAN UP FROM PERMIT BACKLOG. PERMIT IS FOR THE ERECTION OF (1) TEMPORARY TENT 20 X 260","metadescription":"OPS PERMIT. TENTS. RECORD CLEAN UP FROM PERMIT BACKLOG. PERMIT IS FOR THE ERECTION OF (1) TEMPORARY TENT 20 X 260. COMPLETED. 1420-34 PINE ST","address":"1420-34 PINE ST","the_geom":"0101000020E6100000A7245882A7CA52C05DDEF68505F94340","geocode_x":"2692779.0665941900","geocode_y":"233592.2735014500","opa_owner":"PIERCE JUNIOR COLLEGE","censustract":"19102-4603","contractorzip":"08110-    ","contractorcity":"PENNSAUKEN","systemofrecord":"HANSEN","addressobjectid":"484439","contractorstate":"NJ","opa_account_num":"772513020","permitdescription":"OPERATIONS PERMIT","contractoraddress1":"8550 REMINGTON AVENUE - SUITE A","permitcompleteddate":"2015-10-16 12:18:00+00","the_geom_webmercator":"0101000020110F00001A51B16661EB5FC1F0DF4CB929885241"},"geometry":{"type":"Point","coordinates":[-75.166473948,39.945481058]}},{"type":"Feature","properties":{"date":"2015-10-01T16:29:48.000Z","year":2015,"description":"TEMPORARY CERTIFICATE OF OCCUPANCY FOR ERECTION OF TEMPORARY STRUCTURE  (MOBILE MRI UNIT -TRAILER) ADJACENT TO THE EMERGENCY DEPT. TEMPORARY STRUCTURE TO COMPLY WITH SECTION 3103.2 - 3103.4 OF THE 2009 INTERNATIONAL BUILDING CODE.  LOCATION OF TEMPORARY STRUCTURE SHALL BE IN THE LOCATION AS PER APPROVED AS PER ZONING PLANS DUE TO TYPE OF  CONSTRUCTION AND FIRE RESISTANCE RATINGS OF THE EXTERIOR WALLS FOR THE PROPOSED STRUCTURE. ANY CHANGES IN LOCATION WILL REQUIRE AN UPDATED ZONING AND BUILDING PERMIT.","metadescription":"Administrative. Amend for conversion. TEMPORARY CERTIFICATE OF OCCUPANCY FOR ERECTION OF TEMPORARY STRUCTURE  (MOBILE MRI UNIT -TRAILER) ADJACENT TO THE EMERGENCY DEPT. TEMPORARY STRUCTURE TO COMPLY WITH SECTION 3103.2 - 3103.4 OF THE 2009 INTERNATIONAL BUILDING CODE.  LOCATION OF TEMPORARY STRUCTURE SHALL BE IN THE LOCATION AS PER APPROVED AS PER ZONING PLANS DUE TO TYPE OF  CONSTRUCTION AND FIRE RESISTANCE RATINGS OF THE EXTERIOR WALLS FOR THE PROPOSED STRUCTURE. ANY CHANGES IN LOCATION WILL REQUIRE AN UPDATED ZONING AND BUILDING PERMIT.. Completed. 160 E ERIE AVE","address":"160 E ERIE AVE","the_geom":"0101000020E610000011AF826D06C852C0E440E522CE004440","geocode_x":"2703634.4815051700","geocode_y":"256074.0028572600","opa_owner":"ISSTC PROPCO LLC","censustract":"038300","posse_jobid":"226820157","systemofrecord":"ECLIPSE","addressobjectid":"162679343","numberofstories":"1.0","opa_account_num":"777011735","permitdescription":"Administrative Permit","permitcompleteddate":"2015-11-10 14:29:10+00","the_geom_webmercator":"0101000020110F00007698CC1AEAE65FC1D5D3C41ECA905241","certificateofoccupancyrequired":"N"},"geometry":{"type":"Point","coordinates":[-75.12539232,40.006290781]}},{"type":"Feature","properties":{"date":"2015-09-23T16:59:21.000Z","year":2015,"description":"INSTALLATION OF ONE 40 X 60 TEMPORARY TENT STRUCTURE LOCATED NORTH OF SUGARHOUSE CASINO","metadescription":"OPS PERMIT. TENTS. INSTALLATION OF ONE 40 X 60 TEMPORARY TENT STRUCTURE LOCATED NORTH OF SUGARHOUSE CASINO. COMPLETED. 1001-99 N DELAWARE AVE","address":"1001-99 N DELAWARE AVE","the_geom":"0101000020E610000097AA5E2A78C852C0B400974A69FB4340","geocode_x":"2702145.5992777700","geocode_y":"240672.1588919300","opa_owner":"SUGARHOUSE HSP GAMING LP","censustract":"19125-4303","contractorzip":"19053-    ","contractorcity":"FEASTERVILLE","mostrecentinsp":"2015-09-29 14:28:00+00","systemofrecord":"HANSEN","addressobjectid":"113396","contractorstate":"PA","opa_account_num":"882028210","permitdescription":"OPERATIONS PERMIT","contractoraddress1":"1710 LORETTA AVENUE","permitcompleteddate":"2015-09-23 17:01:08+00","the_geom_webmercator":"0101000020110F0000FCF7B64CABE75FC18F134388CF8A5241"},"geometry":{"type":"Point","coordinates":[-75.13233432,39.964150738]}},{"type":"Feature","properties":{"date":"2013-04-26T15:21:59.000Z","year":2013,"description":"AMEND FOUNDATION PERMIT # 421217 TO INCLUDE FOUNDATION TO SUPPORT TOWER CRANE FOR THE ERECTION AND DISASSEMBLY OF A TEMPORARY STRUCTURE TO ASSIST IN CONSTRUCTION OF AN (11) STORY BUILDING","metadescription":"BP_ADMINST. AMEND. AMEND FOUNDATION PERMIT # 421217 TO INCLUDE FOUNDATION TO SUPPORT TOWER CRANE FOR THE ERECTION AND DISASSEMBLY OF A TEMPORARY STRUCTURE TO ASSIST IN CONSTRUCTION OF AN (11) STORY BUILDING. COMPLETED. 3711 MARKET ST","address":"3711 MARKET ST","the_geom":"0101000020E61000008DEA6BF19BCC52C019A519837DFA4340","unit_num":"8","geocode_x":"2684097.7677078300","geocode_y":"237521.3722253000","opa_owner":"3737 FEE OWNER LLC","censustract":"19104-3101","contractorzip":"19104-2809","contractorcity":"PHILADELPHIA","mostrecentinsp":"2014-04-22 12:20:00+00","systemofrecord":"HANSEN","addressobjectid":"758282","contractorstate":"PA","opa_account_num":"883073685","permitdescription":"ADMINISTRATIVE PERMIT","contractoraddress1":"3020 MARKET STREET","permitcompleteddate":"2014-04-23 12:34:20+00","the_geom_webmercator":"0101000020110F000042BC3F70B3EE5FC13CA35A47CA895241"},"geometry":{"type":"Point","coordinates":[-75.197018009,39.956955326]}},{"type":"Feature","properties":{"date":"2013-02-21T22:29:50.000Z","year":2013,"description":"INSTALLATION OF ONE 20 X 30 TEMPORARY TENT FOR USE DURING THE KIDNEY ACTION DAY EVENT SPONSORED BY THE DEPARTMENT OF HEALTH. ONE DAY INSTALLATION IN PAINE PLAZA MAY 3RD 2013","metadescription":"OPS PERMIT. TENTS. INSTALLATION OF ONE 20 X 30 TEMPORARY TENT FOR USE DURING THE KIDNEY ACTION DAY EVENT SPONSORED BY THE DEPARTMENT OF HEALTH. ONE DAY INSTALLATION IN PAINE PLAZA MAY 3RD 2013. COMPLETED. 1400 JOHN F KENNEDY BLVD","address":"1400 JOHN F KENNEDY BLVD","the_geom":"0101000020E6100000ED34BF4D7CCA52C0C7185F79EBF94340","geocode_x":"2693443.2884825700","geocode_y":"236169.1805211000","opa_owner":"CITY OF PHILA            DEPT OF PUBLIC PROP","censustract":"19107-0000","contractorzip":"19053-    ","contractorcity":"FEASTERVILLE","mostrecentinsp":"2013-05-03 18:23:00+00","systemofrecord":"HANSEN","addressobjectid":"363995","contractorstate":"PA","opa_account_num":"782273400","permitdescription":"OPERATIONS PERMIT","contractoraddress1":"1710 LORETTA AVENUE","permitcompleteddate":"2013-02-21 22:31:11+00","the_geom_webmercator":"0101000020110F0000C7A9270318EB5FC1DFB1E37928895241"},"geometry":{"type":"Point","coordinates":[-75.163836896,39.952498599]}},{"type":"Feature","properties":{"date":"2013-01-09T19:46:45.000Z","year":2013,"description":"AMEND PERMIT NUMBER 444739 TO INCLUDE THE ERECTION AND DISASSEMBLY OF THE TEMPORARY STRUCTURE/TOWER CRANE WITHIN PROPERTY LINES DURING CONSTRUCTION AS PER PLAN.","metadescription":"BP_ADMINST. AMEND. AMEND PERMIT NUMBER 444739 TO INCLUDE THE ERECTION AND DISASSEMBLY OF THE TEMPORARY STRUCTURE/TOWER CRANE WITHIN PROPERTY LINES DURING CONSTRUCTION AS PER PLAN.. COMPLETED. 3400 CIVIC CENTER BLVD","address":"3400 CIVIC CENTER BLVD","the_geom":"0101000020E6100000029FB05C52CC52C03ABD74BE4AF94340","geocode_x":"2685454.9943068300","geocode_y":"234148.8822023600","opa_owner":"TRUSTEES OF THE          UNIV OF PENNSYLVANIA","censustract":"19104-4306","contractorzip":"19004-    ","contractorcity":"BALA CYNWYD","mostrecentinsp":"2016-03-09 19:48:00+00","systemofrecord":"HANSEN","addressobjectid":"86436","contractorstate":"PA","opa_account_num":"773740100","permitdescription":"ADMINISTRATIVE PERMIT","contractoraddress1":"401 CITY AVE","contractoraddress2":"SUITE 500","permitcompleteddate":"2016-03-09 14:48:43+00","the_geom_webmercator":"0101000020110F0000F22F2A7436EE5FC181D8576876885241"},"geometry":{"type":"Point","coordinates":[-75.192526982,39.947593505]}},{"type":"Feature","properties":{"date":"2012-12-17T18:09:34.000Z","year":2012,"description":"AMENDING BLDG PERMIT#365241 FOR THE ERECTION AND DISASSEMBLY OF TEMPORARY STRUCTURE(TOWER CRANE) FOR CONSTRUCTION OF A SEVEN STORY ADDITION TO EXISTING STRUCTURE. CRANE PLACEMENT WITHIN PROPERTY LINE.","metadescription":"BP_ADMINST. AMEND. AMENDING BLDG PERMIT#365241 FOR THE ERECTION AND DISASSEMBLY OF TEMPORARY STRUCTURE(TOWER CRANE) FOR CONSTRUCTION OF A SEVEN STORY ADDITION TO EXISTING STRUCTURE. CRANE PLACEMENT WITHIN PROPERTY LINE.. COMPLETED. 3601-37 SPRUCE ST","address":"3601-37 SPRUCE ST","the_geom":"0101000020E61000003D2A8BBD88CC52C0D4A62BCAC1F94340","geocode_x":"2684486.5459538000","geocode_y":"235444.8333787300","opa_owner":"WISTAR INSTITUTE OF ANATO","censustract":"19104-4205","contractorzip":"19004-1003","contractorcity":"BALA CYNWYD","mostrecentinsp":"2014-01-03 12:50:00+00","systemofrecord":"HANSEN","addressobjectid":"548182","contractorstate":"PA","opa_account_num":"773542000","permitdescription":"ADMINISTRATIVE PERMIT","contractoraddress1":"9 PRESIDENTIAL BLVD","permitcompleteddate":"2014-01-06 12:51:20+00","the_geom_webmercator":"0101000020110F0000CBB722D292EE5FC10B253E4BFA885241"},"geometry":{"type":"Point","coordinates":[-75.195845972,39.951226493]}},{"type":"Feature","properties":{"date":"2012-03-07T17:44:29.000Z","year":2012,"description":"AMENDING BLDG PERMIT #348878 TO INCLUDE FOUNDATION PAD FOR TOWER CRANE AND ERECTION OF TOWER CRANE AS A TEMPORARY STRUCTURE.","metadescription":"BP_ADMINST. AMEND. AMENDING BLDG PERMIT #348878 TO INCLUDE FOUNDATION PAD FOR TOWER CRANE AND ERECTION OF TOWER CRANE AS A TEMPORARY STRUCTURE.. COMPLETED. 2116 CHESTNUT ST","address":"2116 CHESTNUT ST","the_geom":"0101000020E6100000106D5FEE4CCB52C076E32808DFF94340","geocode_x":"2689878.8954921300","geocode_y":"235926.6463839500","opa_owner":"2116 CHESTNUT PARTNERS LL","censustract":"19103-4401","contractorzip":"19103-    ","contractorcity":"PHILADELPHIA","mostrecentinsp":"2013-01-30 20:58:00+00","systemofrecord":"HANSEN","addressobjectid":"81496","contractorstate":"PA","opa_account_num":"881566975","permitdescription":"ADMINISTRATIVE PERMIT","contractoraddress1":"1717 ARCH STREET","contractoraddress2":"SUITE 3410","permitcompleteddate":"2013-01-30 21:00:20+00","the_geom_webmercator":"0101000020110F0000199414637AEC5FC1CCA1F6B01A895241"},"geometry":{"type":"Point","coordinates":[-75.176570504,39.952118893]}},{"type":"Feature","properties":{"date":"2012-02-09T17:31:40.000Z","year":2012,"description":"PERMIT IS FOR THE ERECTION AND USE OF A TEMPORARY TENT TO HANDLE RESTAURANT OVERFLOW.AN ADDITION IS BEING CONSTRUCTED TO CREATE ADDITIONAL SPACE. THIS PERMIT IS VALID FOR SIX MONTHS AND THE PROPERTY WILL NOT BE ELIGIBLE FOR ANOTHER TEMPORARY TEN PERMIT UNTIL AUGUST OF 2012.TENT MUST BE REMOVED BY JANUARY 1ST 2012.","metadescription":"OPS PERMIT. TENTS. PERMIT IS FOR THE ERECTION AND USE OF A TEMPORARY TENT TO HANDLE RESTAURANT OVERFLOW.AN ADDITION IS BEING CONSTRUCTED TO CREATE ADDITIONAL SPACE. THIS PERMIT IS VALID FOR SIX MONTHS AND THE PROPERTY WILL NOT BE ELIGIBLE FOR ANOTHER TEMPORARY TEN PERMIT UNTIL AUGUST OF 2012.TENT MUST BE REMOVED BY JANUARY 1ST 2012.. COMPLETED. 12012 BUSTLETON AVE","address":"12012 BUSTLETON AVE","the_geom":"0101000020E61000009180754418C152C0945A6ADABA0F4440","geocode_x":"2732640.9632794900","geocode_y":"299448.7952331500","opa_owner":"UZBEKISTAN INC","censustract":"19116-2108","contractorzip":"19116-    ","contractorcity":"PHILADELPHIA","mostrecentinsp":"2012-03-13 13:21:00+00","systemofrecord":"HANSEN","addressobjectid":"57506","contractorstate":"PA","opa_account_num":"882532197","permitdescription":"OPERATIONS PERMIT","contractoraddress1":"12012 BUSTLETON AVE","permitcompleteddate":"2012-02-09 17:35:27+00","the_geom_webmercator":"0101000020110F00009806C98324DB5FC1E51539195AA15241"},"geometry":{"type":"Point","coordinates":[-75.017106166,40.122889807]}},{"type":"Feature","properties":{"date":"2011-08-18T16:13:12.000Z","year":2011,"description":"PERMIT IS FOR THE ERECTION AND USE OF A TEMPORARY TENT TO HANDLE RESTAURANT OVERFLOW.AN ADDITION IS BEING CONSTRUCTED TO CREATE ADDITIONAL SPACE. THIS PERMIT IS VALID FOR SIX MONTHS AND THE PROPERTY WILL NOT BE ELIGIBLE FOR ANOTHER TEMPORARY TEN PERMIT UNTIL AUGUST OF 2012.TENT MUST BE REMOVED BY JANUARY 1ST 2012.","metadescription":"OPS PERMIT. TENTS. PERMIT IS FOR THE ERECTION AND USE OF A TEMPORARY TENT TO HANDLE RESTAURANT OVERFLOW.AN ADDITION IS BEING CONSTRUCTED TO CREATE ADDITIONAL SPACE. THIS PERMIT IS VALID FOR SIX MONTHS AND THE PROPERTY WILL NOT BE ELIGIBLE FOR ANOTHER TEMPORARY TEN PERMIT UNTIL AUGUST OF 2012.TENT MUST BE REMOVED BY JANUARY 1ST 2012.. COMPLETED. 12012 BUSTLETON AVE","address":"12012 BUSTLETON AVE","the_geom":"0101000020E61000009180754418C152C0945A6ADABA0F4440","geocode_x":"2732640.9632794900","geocode_y":"299448.7952331500","opa_owner":"UZBEKISTAN INC","censustract":"19116-2108","contractorzip":"19116-    ","contractorcity":"PHILADELPHIA","mostrecentinsp":"2012-01-09 15:48:00+00","systemofrecord":"HANSEN","addressobjectid":"57506","contractorstate":"PA","opa_account_num":"882532197","permitdescription":"OPERATIONS PERMIT","contractoraddress1":"12012 BUSTLETON AVE","permitcompleteddate":"2011-08-18 16:14:16+00","the_geom_webmercator":"0101000020110F00009806C98324DB5FC1E51539195AA15241"},"geometry":{"type":"Point","coordinates":[-75.017106166,40.122889807]}},{"type":"Feature","properties":{"date":"2011-04-08T16:06:14.000Z","year":2011,"description":"ERECTION OF TOWER CRANE (TEMPORARY STRUCTURE)","metadescription":"BP_NEWCNST. ENTIRE. ERECTION OF TOWER CRANE (TEMPORARY STRUCTURE). COMPLETED. 4109 WALNUT ST","address":"4109 WALNUT ST","the_geom":"0101000020E610000049F9902128CD52C0CFC725143AFA4340","geocode_x":"2681721.6798339900","geocode_y":"236702.8083948100","opa_owner":"CAMPUS REALTY            PROPERTIES V LP","censustract":"19104-3510","contractorzip":"19004-    ","numberofunits":"0","contractorcity":"BALA CYNWYD","mostrecentinsp":"2012-04-05 18:26:00+00","systemofrecord":"HANSEN","addressobjectid":"594826","contractorstate":"PA","opa_account_num":"883733000","permitdescription":"NEW CONSTRUCTION PERMIT","contractoraddress1":"401 CITY AVE","contractoraddress2":"SUITE 500","permitcompleteddate":"2012-04-05 18:27:17+00","the_geom_webmercator":"0101000020110F000006CCDF8FA1EF5FC187148E907F895241"},"geometry":{"type":"Point","coordinates":[-75.205574409,39.954897421]}},{"type":"Feature","properties":{"date":"2011-04-07T14:07:07.000Z","year":2011,"description":"INSTALL TEMPORARY 200A SERVICE FOR TEMPORARY BUILDING.","metadescription":"EP_ELECTRL. EZELEC. INSTALL TEMPORARY 200A SERVICE FOR TEMPORARY BUILDING.. COMPLETED. 301 W CHELTEN AVE","address":"301 W CHELTEN AVE","the_geom":"0101000020E61000006275C5FB97CB52C0AD8A2503E7034440","geocode_x":"2687764.8567579000","geocode_y":"264425.4714817700","opa_owner":"PAULASKI RE PARTNERS LP","censustract":"19144-3804","contractorzip":"19123-3710","contractorcity":"PHILADELPHIA","mostrecentinsp":"2015-12-30 20:30:00+00","systemofrecord":"HANSEN","addressobjectid":"77990","contractorstate":"PA","opa_account_num":"882135001","permitdescription":"ELECTRICAL PERMIT","contractoraddress1":"1124-30 CALLOWHILL ST","permitcompleteddate":"2015-12-30 20:30:39+00","the_geom_webmercator":"0101000020110F0000B4A4F8DEF9EC5FC1581BB06739945241"},"geometry":{"type":"Point","coordinates":[-75.181151336,40.030487436]}},{"type":"Feature","properties":{"date":"2011-01-28T21:33:00.000Z","year":2011,"description":"01/28/2011 - ERECTION OF ONE (1) 20 X 30 TEMPORARY TENT LOCATED WITHIN THE PROPERTY LINES AT THE PIAZZA AT SCHMIDT'S","metadescription":"OPS PERMIT. TENTS. 01/28/2011 - ERECTION OF ONE (1) 20 X 30 TEMPORARY TENT LOCATED WITHIN THE PROPERTY LINES AT THE PIAZZA AT SCHMIDT'S. COMPLETED. 1033 N 2ND ST","address":"1033 N 2ND ST","the_geom":"0101000020E6100000DD014021F1C852C08754D020D4FB4340","geocode_x":"2700041.8676964300","geocode_y":"241798.0976833700","opa_owner":"1033 NORTH SECOND        ASSOCIATION","censustract":"19123-1601","contractorzip":"08110-    ","contractorcity":"PENNSAUKEN","systemofrecord":"HANSEN","addressobjectid":"629987","contractorstate":"NJ","opa_account_num":"883007815","permitdescription":"OPERATIONS PERMIT","contractoraddress1":"8550 REMINGTON AVENUE - SUITE A","permitcompleteddate":"2011-01-28 21:36:08+00","the_geom_webmercator":"0101000020110F000087B313C578E85FC19373CDEB458B5241"},"geometry":{"type":"Point","coordinates":[-75.1397174,39.967411138]}},{"type":"Feature","properties":{"date":"2010-11-18T13:45:00.000Z","year":2010,"description":"TEMPORARY TENT FOR USE AS ENTERTAINMENT OF GUESTS AND PATRONS TO INCLUDE MUSIC AND DANCING (NOT AS DEFINED IN SECT. 14-1605) AND RETAIL SALE OF FOOD AND BEVERAGES AS PART OF AN EXISTING RESTAURANT/BAR IN BUILDING A ON THE SAME LOT WITH USES AS PREVIOUSLY APPROVED.","metadescription":"ZP_ZON/USE. NEWCON. TEMPORARY TENT FOR USE AS ENTERTAINMENT OF GUESTS AND PATRONS TO INCLUDE MUSIC AND DANCING (NOT AS DEFINED IN SECT. 14-1605) AND RETAIL SALE OF FOOD AND BEVERAGES AS PART OF AN EXISTING RESTAURANT/BAR IN BUILDING A ON THE SAME LOT WITH USES AS PREVIOUSLY APPROVED.. COMPLETED. 437-61 N 3RD ST","address":"437-61 N 3RD ST","the_geom":"0101000020E6100000FACE81332FC952C0E16C2292B9FA4340","geocode_x":"2699073.1233153100","geocode_y":"238626.9132244900","opa_owner":"NE 461 NORTH 3RD LLC","censustract":"19123-4108","systemofrecord":"HANSEN","addressobjectid":"632162","opa_account_num":"883018200","permitdescription":"ZONING/USE PERMIT","permitcompleteddate":"2010-11-18 13:45:01+00","the_geom_webmercator":"0101000020110F00005B0D4734E2E85FC1F977E2D20C8A5241"},"geometry":{"type":"Point","coordinates":[-75.143505933,39.958788173]}},{"type":"Feature","properties":{"date":"2010-09-13T14:46:00.000Z","year":2010,"description":"OPERATIONS PERMIT FOR A TEMPORARY TENT TO SELL SEASONAL ITEMS (PUMPKINS, CORNSTALKS, SCARECROWS, ETC.) IN THE NORTHEAST SHOPPING CENTER PARKING LOT. FLOOR SURFACE OF TENTS WHICH ARE OPEN TO THE PUBLIC MUST BE KEPT FREE FROM COMBUSTIBLE MATERIALS; HAY, SAWDUST, SHAVINGS, ETC.","metadescription":"OPS PERMIT. TENTS. OPERATIONS PERMIT FOR A TEMPORARY TENT TO SELL SEASONAL ITEMS (PUMPKINS, CORNSTALKS, SCARECROWS, ETC.) IN THE NORTHEAST SHOPPING CENTER PARKING LOT. FLOOR SURFACE OF TENTS WHICH ARE OPEN TO THE PUBLIC MUST BE KEPT FREE FROM COMBUSTIBLE MATERIALS; HAY, SAWDUST, SHAVINGS, ETC.. COMPLETED. 9173 E ROOSEVELT BLVD","address":"9173 E ROOSEVELT BLVD","the_geom":"0101000020E610000005ACA90717C252C04729CF8597094440","geocode_x":"2728831.9971721000","geocode_y":"281854.2951178800","opa_owner":"FEDERAL REALTY INVESTMENT","censustract":"19115-0000","contractorzip":"19053-    ","contractorcity":"FEASTERVILLE","mostrecentinsp":"2010-11-04 12:40:00+00","systemofrecord":"HANSEN","addressobjectid":"515189","contractorstate":"PA","opa_account_num":"882093502","permitdescription":"OPERATIONS PERMIT","contractoraddress1":"1710 LORETTA AVENUE","permitcompleteddate":"2010-09-13 14:46:00+00","the_geom_webmercator":"0101000020110F000038722A41D5DC5FC1289C1F76899A5241"},"geometry":{"type":"Point","coordinates":[-75.032655636,40.074936606]}},{"type":"Feature","properties":{"date":"2009-09-11T15:37:15.000Z","year":2009,"description":"9/11/09-ERECTION OF TEMPORARY TENT","metadescription":"OPS PERMIT. TENTS. 9/11/09-ERECTION OF TEMPORARY TENT. COMPLETED. 200-32 S 40TH ST","address":"200-32 S 40TH ST","the_geom":"0101000020E6100000A4F5825701CD52C098CC91A60CFA4340","geocode_x":"2682399.6889576600","geocode_y":"236217.1239819700","opa_owner":"THE UNIVERSITY OF PENNA  TR","censustract":"19104-3512","contractorzip":"20707-    ","contractorcity":"LAUREL","mostrecentinsp":"2009-09-16 14:23:00+00","systemofrecord":"HANSEN","addressobjectid":"686418","contractorstate":"MD","opa_account_num":"882937900","permitdescription":"OPERATIONS PERMIT","contractoraddress1":"8610 CHERRY LANE","permitcompleteddate":"2009-09-11 16:46:04+00","the_geom_webmercator":"0101000020110F0000774EADAC5FEF5FC117DBAD3B4D895241"},"geometry":{"type":"Point","coordinates":[-75.2032069,39.953511068]}},{"type":"Feature","properties":{"date":"2009-03-23T18:59:56.000Z","year":2009,"description":"ASSEMBLE TEMPORARY STRUCTURE FOR USE AS A MOBILE TELEPHONE ADVERTISING DISPLAY FOR A MAXIMUM DURATION OF 2 WEEKS AND BEGINNING ON 3/23/09. THE DEPARTMENT RESERVES THE RIGHT TO ORDER THE REMOVAL OF THE CONTAINER IF IT IS DETERMINED THAT IT HAS AN ADVERSE EFFECT ON PUBLIC SAFETY.","metadescription":"BP_ADMINST. SPEV. ASSEMBLE TEMPORARY STRUCTURE FOR USE AS A MOBILE TELEPHONE ADVERTISING DISPLAY FOR A MAXIMUM DURATION OF 2 WEEKS AND BEGINNING ON 3/23/09. THE DEPARTMENT RESERVES THE RIGHT TO ORDER THE REMOVAL OF THE CONTAINER IF IT IS DETERMINED THAT IT HAS AN ADVERSE EFFECT ON PUBLIC SAFETY.. COMPLETED. 1625 CHESTNUT ST","address":"1625 CHESTNUT ST","the_geom":"0101000020E6100000D24AFECAC2CA52C03FE4173BD6F94340","geocode_x":"2692244.5253910300","geocode_y":"235897.8314931800","opa_owner":"LIBERTY PLACE RETAIL     ASSOC ETAL","censustract":"19103-1690","mostrecentinsp":"2009-04-13 14:41:00+00","systemofrecord":"HANSEN","addressobjectid":"81357","opa_account_num":"882862100","permitdescription":"ADMINISTRATIVE PERMIT","permitcompleteddate":"2009-04-13 14:41:15+00","the_geom_webmercator":"0101000020110F00005D65D2BE8FEB5FC19724C8F010895241"},"geometry":{"type":"Point","coordinates":[-75.168139218,39.951850306]}},{"type":"Feature","properties":{"date":"2008-12-23T16:16:38.000Z","year":2008,"description":"CONSTRUCTION OF A 1 STORY TEMPORARY STRUCTURE TO BE USED AS AN OUTPATIENT SERVICES BLDG. REMOVAL OF 21 PARKING SPACES, REMOVAL OF 702 SF TEMPORARY CONSTRUCTION TRAILER, AND THE STRIPPING OF WALKWAYS, ALL SHOWN ON THE ATTACHED PLANS","metadescription":"ZP_ZON/USE. NEWCON. CONSTRUCTION OF A 1 STORY TEMPORARY STRUCTURE TO BE USED AS AN OUTPATIENT SERVICES BLDG. REMOVAL OF 21 PARKING SPACES, REMOVAL OF 702 SF TEMPORARY CONSTRUCTION TRAILER, AND THE STRIPPING OF WALKWAYS, ALL SHOWN ON THE ATTACHED PLANS. COMPLETED. 2201 E ALLEGHENY AVE","address":"2201 E ALLEGHENY AVE","the_geom":"0101000020E6100000444C7D8CD8C652C02D6CE066E3FE4340","geocode_x":"2708956.9771574600","geocode_y":"250774.8569561100","opa_owner":"2201 E ALLEGHENY AVE LLC","censustract":"19134-0000","systemofrecord":"HANSEN","addressobjectid":"9891","opa_account_num":"885781582","permitdescription":"ZONING/USE PERMIT","permitcompleteddate":"2008-12-23 16:16:39+00","the_geom_webmercator":"0101000020110F000070523555E9E45FC10E64950FAA8E5241"},"geometry":{"type":"Point","coordinates":[-75.106967089,39.991314754]}},{"type":"Feature","properties":{"date":"2008-09-29T18:24:26.000Z","year":2008,"description":"180 DAY TEMPORARY BUILDING: ERECTION/ASSEMBLY OF 5 UNITS/TRAILERS TO BE USED AS TEMPORARY WORSHIP SPACE & ERECTION OF FREE STANDING ACCESSORY SIGN SIZE & LOCATION AS SHOWN IN THE APPLICATION AS  A (1) STORY STRUCTURE PER AP #175430","metadescription":"BP_NEWCNST. ENTIRE. 180 DAY TEMPORARY BUILDING: ERECTION/ASSEMBLY OF 5 UNITS/TRAILERS TO BE USED AS TEMPORARY WORSHIP SPACE & ERECTION OF FREE STANDING ACCESSORY SIGN SIZE & LOCATION AS SHOWN IN THE APPLICATION AS  A (1) STORY STRUCTURE PER AP #175430. COMPLETED. 1801 N 31ST ST","address":"1801 N 31ST ST","the_geom":"0101000020E610000060082C7CCECB52C0C9D1810DF2FD4340","geocode_x":"2687326.1430521800","geocode_y":"247452.5354226800","opa_owner":"REDEVELOPMENT AUTHORITY  OF PHILA","censustract":"19121-2514","numberofunits":"0","mostrecentinsp":"2009-04-24 17:26:00+00","systemofrecord":"HANSEN","addressobjectid":"683471","opa_account_num":"323280310","permitdescription":"NEW CONSTRUCTION PERMIT","permitcompleteddate":"2009-04-23 13:29:10+00","the_geom_webmercator":"0101000020110F0000CB1F877256ED5FC116F59B879E8D5241"},"geometry":{"type":"Point","coordinates":[-75.184477847,39.983949364]}},{"type":"Feature","properties":{"date":"2008-05-05T17:36:00.000Z","year":2008,"description":"TEMPORARY TENT FOR USE AS ENTERTAINMENT OF GUESTS AND PATRONS TO INCLUDE MUSIC AND DANCING (NOT AS DEFINED IN SECT. 14-1605) AND RETAIL SALE OF FOOD AND BEVERAGES AS PART OF AN EXISTING RESTAURANT/BAR IN BUILDING A ON THE SAME LOT WITH USES AS PREVIOUSLY APPROVED.","metadescription":"ZP_ZON/USE. ADD. TEMPORARY TENT FOR USE AS ENTERTAINMENT OF GUESTS AND PATRONS TO INCLUDE MUSIC AND DANCING (NOT AS DEFINED IN SECT. 14-1605) AND RETAIL SALE OF FOOD AND BEVERAGES AS PART OF AN EXISTING RESTAURANT/BAR IN BUILDING A ON THE SAME LOT WITH USES AS PREVIOUSLY APPROVED.. COMPLETED. 437-61 N 3RD ST","address":"437-61 N 3RD ST","the_geom":"0101000020E6100000FACE81332FC952C0E16C2292B9FA4340","geocode_x":"2699073.1233153100","geocode_y":"238626.9132244900","opa_owner":"NE 461 NORTH 3RD LLC","censustract":"19123-4108","systemofrecord":"HANSEN","addressobjectid":"632162","opa_account_num":"883018200","permitdescription":"ZONING/USE PERMIT","permitcompleteddate":"2008-05-05 17:36:00+00","the_geom_webmercator":"0101000020110F00005B0D4734E2E85FC1F977E2D20C8A5241"},"geometry":{"type":"Point","coordinates":[-75.143505933,39.958788173]}},{"type":"Feature","properties":{"date":"2008-04-08T13:13:31.000Z","year":2008,"description":"EXTEND TCO AT AIRPORT FOR TEMPORARY TENT STRUCTURE.  SEE PREVIOUS PERMIT 1106-C-03.  SEE ATTACHED GUARANTEE FROM MFG.; 5 YEAR TCO.","metadescription":"BP_ADMINST. TCO. EXTEND TCO AT AIRPORT FOR TEMPORARY TENT STRUCTURE.  SEE PREVIOUS PERMIT 1106-C-03.  SEE ATTACHED GUARANTEE FROM MFG.; 5 YEAR TCO.. COMPLETED. 8500 ESSINGTON AVE","address":"8500 ESSINGTON AVE","the_geom":"0101000020E61000004E7D3B66D5CE52C0607387EBAEF04340","geocode_x":"2675153.8842405900","geocode_y":"209342.7430321800","opa_owner":"CITY OF PHILA            DEPT OF PUBLIC PROP","censustract":"19153-3701","mostrecentinsp":"2008-04-09 16:35:00+00","systemofrecord":"HANSEN","addressobjectid":"139483","opa_account_num":"773300001","permitdescription":"ADMINISTRATIVE PERMIT","permitcompleteddate":"2008-04-11 09:04:09+00","the_geom_webmercator":"0101000020110F0000A039A0B77AF25FC10B9F2F23EE7E5241"},"geometry":{"type":"Point","coordinates":[-75.231774862,39.880338136]}},{"type":"Feature","properties":{"date":"2007-12-17T19:10:00.000Z","year":2007,"description":"ERECTION OF A 12' X 44' ONE STORY TEMPORARY STRUCTURE. FOR USE AS A TEMPORARY OFFICE DURING COMPLETION OF PREVIOUSLY APPROVED ADDITION.","metadescription":"ZP_ZON/USE. ADD. ERECTION OF A 12' X 44' ONE STORY TEMPORARY STRUCTURE. FOR USE AS A TEMPORARY OFFICE DURING COMPLETION OF PREVIOUSLY APPROVED ADDITION.. COMPLETED. 10801 DECATUR RD","address":"10801 DECATUR RD","the_geom":"0101000020E610000063DBCFEA88BF52C0C884A28F860B4440","geocode_x":"2739827.5730892700","geocode_y":"287701.2437971500","opa_owner":"DAVID MICHAEL & CO INC","censustract":"19154-3209","systemofrecord":"HANSEN","addressobjectid":"111433","opa_account_num":"884279500","permitdescription":"ZONING/USE PERMIT","permitcompleteddate":"2007-12-17 19:10:00+00","the_geom_webmercator":"0101000020110F0000DDEAA52D7ED85FC1E10265F7AE9C5241"},"geometry":{"type":"Point","coordinates":[-74.992731765,40.090043978]}},{"type":"Feature","properties":{"date":"2007-07-18T16:29:45.000Z","year":2007,"description":"TEMPORARY BUILDING NOT ATTACHED TO EXISTING BUILDING HOUSING A AIR HANDLING UNIT FOR ENVIRONMENTAL USE.  200 AMP  3 PHASE ELECTRICAL SVS 120V/240V FROM: JULY 25, 2007 THRU JULY 25, 2010) BUILDING PREWIRED. SERVICE WILL GO TO REWIRED PANEL 200 AMP 3 PHASE 240V/120V (EAST DIST)","metadescription":"EP_ELECTRL. EZELEC. TEMPORARY BUILDING NOT ATTACHED TO EXISTING BUILDING HOUSING A AIR HANDLING UNIT FOR ENVIRONMENTAL USE.  200 AMP  3 PHASE ELECTRICAL SVS 120V/240V FROM: JULY 25, 2007 THRU JULY 25, 2010) BUILDING PREWIRED. SERVICE WILL GO TO REWIRED PANEL 200 AMP 3 PHASE 240V/120V (EAST DIST). COMPLETED. 9853 BUSTLETON AVE","address":"9853 BUSTLETON AVE","the_geom":"0101000020E6100000F2FAAB3E0AC252C0FF67F01AC00B4440","geocode_x":"2728861.2256607100","geocode_y":"288001.2025690700","opa_owner":"9853 BUSTLETON AVE       PARTNERS","censustract":"19115-2611","contractorzip":"19426-    ","contractorcity":"COLLEGEVILLE","mostrecentinsp":"2008-01-28 17:49:00+00","systemofrecord":"HANSEN","addressobjectid":"56751","contractorstate":"PA","opa_account_num":"882743200","permitdescription":"ELECTRICAL PERMIT","contractoraddress1":"870 SAGEBRUSH LANE","permitcompleteddate":"2008-01-28 17:49:12+00","the_geom_webmercator":"0101000020110F00009A48A989BFDC5FC1D01C89D9EE9C5241"},"geometry":{"type":"Point","coordinates":[-75.031875294,40.091800086]}},{"type":"Feature","properties":{"date":"2007-05-25T14:13:23.000Z","year":2007,"description":"ERECT NEW 1 STORY STRUCTURE. THIS WILL BE A TEMPORARY BUILDING.THE TCO WILL BE GOOD FOR ONE YEAR FROM DATE OF ISSUE","metadescription":"BP_NEWCNST. ENTIRE. ERECT NEW 1 STORY STRUCTURE. THIS WILL BE A TEMPORARY BUILDING.THE TCO WILL BE GOOD FOR ONE YEAR FROM DATE OF ISSUE. COMPLETED. 7600 HOLSTEIN AVE","address":"7600 HOLSTEIN AVE","the_geom":"0101000020E610000025A9F575AFCE52C0ACA4D0A933F34340","geocode_x":"2675598.9513595800","geocode_y":"216525.9706165600","opa_owner":"INTERPORT PHILA L P","censustract":"19153-3231","numberofunits":"0","mostrecentinsp":"2008-05-15 19:22:00+00","systemofrecord":"HANSEN","addressobjectid":"739296","opa_account_num":"884167016","permitdescription":"NEW CONSTRUCTION PERMIT","permitcompleteddate":"2008-05-15 16:23:46+00","the_geom_webmercator":"0101000020110F0000956E5A463AF25FC130AC86CEB7815241"},"geometry":{"type":"Point","coordinates":[-75.229459276,39.90001414]}},{"type":"Feature","properties":{"date":"2007-05-25T14:11:47.000Z","year":2007,"description":"DUCTWORK INSTALLATION FOR NEW 1 STORY STRUCTURE. THIS WILL BE A TEMPORARY BUILDING.","metadescription":"BP_MECH. NHVAC. DUCTWORK INSTALLATION FOR NEW 1 STORY STRUCTURE. THIS WILL BE A TEMPORARY BUILDING.. COMPLETED. 7600 HOLSTEIN AVE","address":"7600 HOLSTEIN AVE","the_geom":"0101000020E610000025A9F575AFCE52C0ACA4D0A933F34340","geocode_x":"2675598.9513595800","geocode_y":"216525.9706165600","opa_owner":"INTERPORT PHILA L P","censustract":"19153-3231","mostrecentinsp":"2008-07-30 15:26:00+00","systemofrecord":"HANSEN","addressobjectid":"739296","opa_account_num":"884167016","permitdescription":"MECHANICAL PERMIT","permitcompleteddate":"2008-07-29 19:30:31+00","the_geom_webmercator":"0101000020110F0000956E5A463AF25FC130AC86CEB7815241"},"geometry":{"type":"Point","coordinates":[-75.229459276,39.90001414]}},{"type":"Feature","properties":{"date":"2007-02-09T18:34:53.000Z","year":2007,"description":"INSTALL 10 GFI OUTLETS ON (4) 20 AMP CIRCUITS FOR TEMPORARY TENT . AS PER NEC 2005","metadescription":"EP_ELECTRL. EZELEC. INSTALL 10 GFI OUTLETS ON (4) 20 AMP CIRCUITS FOR TEMPORARY TENT . AS PER NEC 2005. COMPLETED. 2514 S GARNET ST","address":"2514 S GARNET ST","the_geom":"0101000020E61000002FB7658A83CB52C087D7C388BBF54340","geocode_x":"2689287.5674701800","geocode_y":"224125.9871405300","opa_owner":"POTITO CARMEN            MARIA C","censustract":"19145-4210","contractorzip":"19145-    ","contractorcity":"PHILADELPHIA","mostrecentinsp":"2008-06-28 13:42:00+00","systemofrecord":"HANSEN","addressobjectid":"307236","contractorstate":"PA","opa_account_num":"262140300","permitdescription":"ELECTRICAL PERMIT","contractoraddress1":"2516 S CHADWICK ST","permitcompleteddate":"2008-06-28 13:42:50+00","the_geom_webmercator":"0101000020110F000057148F25D7EC5FC12176F92485845241"},"geometry":{"type":"Point","coordinates":[-75.179903602,39.919785591]}}]}
