{"type":"FeatureCollection","features":[{"type":"Feature","properties":{"date":null,"year":0,"description":"HPC&FOOD-SUITE 301-DEMOLITION  Open shell space for future tenant improvement  certificate of occupancy required:  no   *****   const type:  I-B       ***occupancy:      B        ***2020 MSBC***** occupant load: 16     ***** sprinklered: yes  ***** energy","metadescription":"Commercial. Remodel. HPC&FOOD-SUITE 301-DEMOLITION  Open shell space for future tenant improvement  certificate of occupancy required:  no   *****   const type:  I-B       ***occupancy:      B        ***2020 MSBC***** occupant load: 16     ***** sprinklered: yes  ***** energy. Closed","address":null,"x":"-93.25969","y":"44.9804800000001","value":"2000","display":"105 5TH AVE S","fullname":"CANAL STREET LTD PARTNERSHIP","issuedate":"2021/01/04 14:59:51+00","milestone":"Closed","completedate":"2021/05/13 10:49:08+00","applicantcity":"MINNEAPOLIS","applicantaddress1":"33 6TH ST  SUITE 4510"},"geometry":{"type":"Point","coordinates":[-93.25969,44.98048]}},{"type":"Feature","properties":{"date":null,"year":0,"description":"TENANT IMPROVEMENT OF EXISTING BASEMENT AND MAIN FLOOR FOR NEW SPA AND TREATED ROOMS. AAJ (PROJECT DOX PLANS).     ***04/18/2022 - COMPLETE PLAN REVIEW PROCESS FOR REVISIONS AFTER PERMIT ISSUANCE CYCLE #1 - VERSION #4 PER STRUCTURAL ENGINEER'S REVISED DES","metadescription":"Commercial. Remodel. TENANT IMPROVEMENT OF EXISTING BASEMENT AND MAIN FLOOR FOR NEW SPA AND TREATED ROOMS. AAJ (PROJECT DOX PLANS).     ***04/18/2022 - COMPLETE PLAN REVIEW PROCESS FOR REVISIONS AFTER PERMIT ISSUANCE CYCLE #1 - VERSION #4 PER STRUCTURAL ENGINEER'S REVISED DES. Closed","address":null,"x":"-93.2497499999999","y":"44.9830700000001","value":"1400000","display":"110 5TH AVE SE","fullname":"BUHL SOAP LLC","issuedate":"2021/04/15 12:02:03+00","milestone":"Closed","completedate":"2022/09/26 12:14:33+00","applicantcity":"Edina","applicantaddress1":"5280 74th St N"},"geometry":{"type":"Point","coordinates":[-93.24975,44.98307]}},{"type":"Feature","properties":{"date":null,"year":0,"description":"2nd floor tenant finish: (3) toilets, (1) urinal, (4) lavs, (1) counter sink and (1) elec wtr htr","metadescription":"Plumbing. ComMin. 2nd floor tenant finish: (3) toilets, (1) urinal, (4) lavs, (1) counter sink and (1) elec wtr htr. Closed","address":null,"x":"-93.2703999999999","y":"44.98573","value":"0","display":"107 3RD AVE N","fullname":"AP 107 3RD AVE N LLC","issuedate":"2023/07/31 08:23:35+00","milestone":"Closed","completedate":"2024/02/15 08:18:35+00","applicantcity":"Blaine","applicantaddress1":"9124 Isanti St"},"geometry":{"type":"Point","coordinates":[-93.2704,44.98573]}},{"type":"Feature","properties":{"date":null,"year":0,"description":"SUITE 513.  TENANT IMPROVEMENT.  NEW ADA BATHROOM AND FINISHES. (JJL) B OCCUPANCY  FULLY SPRINKLED  I-B CONSTRUCTION, 7 FLOORS  ARCHITECT: TANEK - NATHANIEL SHEA #24515","metadescription":"Commercial. Remodel. SUITE 513.  TENANT IMPROVEMENT.  NEW ADA BATHROOM AND FINISHES. (JJL) B OCCUPANCY  FULLY SPRINKLED  I-B CONSTRUCTION, 7 FLOORS  ARCHITECT: TANEK - NATHANIEL SHEA #24515. Closed","address":null,"x":"-93.25969","y":"44.9804800000001","value":"48124","display":"105 5TH AVE S","fullname":"CANAL STREET LTD PARTNERSHIP","issuedate":"2024/02/16 13:15:56+00","milestone":"Closed","completedate":"2024/05/13 12:17:49+00","applicantcity":"MINNEAPOLIS","applicantaddress1":"33 6TH ST  SUITE 4510"},"geometry":{"type":"Point","coordinates":[-93.25969,44.98048]}},{"type":"Feature","properties":{"date":null,"year":0,"description":"TENANT IMPROVEMENT 2ND LEVEL  certificate of occupancy required:   no    special inspections required:  yes - structural fire proofing  const type:    I-B     occupancy:   B           2020 MSBC occupant load:   89 in tenant area    sprinklered: yes    ele","metadescription":"Commercial. Remodel. TENANT IMPROVEMENT 2ND LEVEL  certificate of occupancy required:   no    special inspections required:  yes - structural fire proofing  const type:    I-B     occupancy:   B           2020 MSBC occupant load:   89 in tenant area    sprinklered: yes    ele. Closed","address":null,"x":"-93.25969","y":"44.9804800000001","value":"700000","display":"105 5TH AVE S","fullname":"CANAL STREET LTD PARTNERSHIP","issuedate":"2021/06/03 09:14:13+00","milestone":"Closed","completedate":"2021/07/12 10:24:10+00","applicantcity":"MINNEAPOLIS","applicantaddress1":"33 6TH ST  SUITE 4510"},"geometry":{"type":"Point","coordinates":[-93.25969,44.98048]}},{"type":"Feature","properties":{"date":null,"year":0,"description":"HPC #500 women's foundation tenant improvement  certificate of occupancy required:   no   \n\n special inspections required:  no   \n\n const type:    1-B     occupancy:   B           2020 MSBC   \n\n occupant load:   109      \n\n sprinklered: yes   \n\n architect","metadescription":"Commercial. Remodel. HPC #500 women's foundation tenant improvement  certificate of occupancy required:   no   \n\n special inspections required:  no   \n\n const type:    1-B     occupancy:   B           2020 MSBC   \n\n occupant load:   109      \n\n sprinklered: yes   \n\n architect. Closed","address":null,"x":"-93.25969","y":"44.9804800000001","value":"166729","display":"105 5TH AVE S","fullname":"CANAL STREET LTD PARTNERSHIP","issuedate":"2024/02/16 13:15:38+00","milestone":"Closed","completedate":"2024/05/17 13:32:08+00","applicantcity":"MINNEAPOLIS","applicantaddress1":"33 6TH ST  SUITE 4510"},"geometry":{"type":"Point","coordinates":[-93.25969,44.98048]}},{"type":"Feature","properties":{"date":null,"year":0,"description":"Tenant Improvement - Minneapolis Elections & Voting Services  certificate of occupancy required:  no     special inspections required:  no      const type:   2B      occupancy: B             2020 MSBC  occupant load:     26   sprinklered: yes       Tenant","metadescription":"Commercial. Remodel. Tenant Improvement - Minneapolis Elections & Voting Services  certificate of occupancy required:  no     special inspections required:  no      const type:   2B      occupancy: B             2020 MSBC  occupant load:     26   sprinklered: yes       Tenant. Closed","address":null,"x":"-93.23812","y":"44.9890500000001","value":"218815","display":"1049 10TH AVE SE","fullname":"HBC ACQUISTIONS LLC","issuedate":"2023/01/27 11:05:38+00","milestone":"Closed","completedate":"2023/04/19 08:10:55+00","applicantcity":"Minneapolis","applicantaddress1":"121 8th St S #1200"},"geometry":{"type":"Point","coordinates":[-93.23812,44.98905]}},{"type":"Feature","properties":{"date":null,"year":0,"description":"Suite 300 tenant improvement   certificate of occupancy required:   no    const type:     3-B    occupancy:     B         2020 MSBC  occupant load:    15    sprinklered: yes    Tenant:           Floor(s):  3rd  architect:   J Wallace #61723","metadescription":"Commercial. Remodel. Suite 300 tenant improvement   certificate of occupancy required:   no    const type:     3-B    occupancy:     B         2020 MSBC  occupant load:    15    sprinklered: yes    Tenant:           Floor(s):  3rd  architect:   J Wallace #61723. Closed","address":null,"x":"-93.2703999999999","y":"44.98573","value":"170000","display":"107 3RD AVE N","fullname":"AP 107 3RD AVE N LLC","issuedate":"2024/06/04 15:25:33+00","milestone":"Closed","completedate":"2024/09/05 13:06:52+00","applicantcity":"Charlotte","applicantaddress1":"1616 Camden Rd #210"},"geometry":{"type":"Point","coordinates":[-93.2704,44.98573]}},{"type":"Feature","properties":{"date":null,"year":0,"description":"Tenant Improvement - Suite 350 - Modus Engagement Inc.  certificate of occupancy required:  no    special inspections required:  no  const type: IIIB        occupancy:   B           2020 MSBC sprinklered: yes  sac: 2.64 charges  2.64 credits = 0.00 net me","metadescription":"Commercial. Remodel. Tenant Improvement - Suite 350 - Modus Engagement Inc.  certificate of occupancy required:  no    special inspections required:  no  const type: IIIB        occupancy:   B           2020 MSBC sprinklered: yes  sac: 2.64 charges  2.64 credits = 0.00 net me. Closed","address":null,"x":"-93.26223","y":"44.9815","value":"218154","display":"101 3RD AVE S","fullname":"BARREL HOUSE LLC","issuedate":"2021/09/28 09:13:10+00","milestone":"Closed","completedate":"2021/11/01 10:35:04+00","applicantcity":"Edina","applicantaddress1":"5280 74th St N"},"geometry":{"type":"Point","coordinates":[-93.26223,44.9815]}},{"type":"Feature","properties":{"date":null,"year":0,"description":"Tenant Improvement - FedEx Office - Accessory to hotel   certificate of occupancy required:  no     special inspections required:  no   SEPARATE PERMITS ARE REQUIRED FOR ELECTRICAL, PLUMBING, AND HEATING/AIR CONDITIONING/VENTILATION WORK.      const type:","metadescription":"Commercial. Remodel. Tenant Improvement - FedEx Office - Accessory to hotel   certificate of occupancy required:  no     special inspections required:  no   SEPARATE PERMITS ARE REQUIRED FOR ELECTRICAL, PLUMBING, AND HEATING/AIR CONDITIONING/VENTILATION WORK.      const type:. Issued","address":null,"x":"-93.27273","y":"44.9724800000001","value":"150000","display":"1001 MARQUETTE AVE","fullname":"CITY OF MINNEAPOLIS - CPED","issuedate":"2026/05/05 13:32:46+00","milestone":"Final Inspection","applicantcity":"Dallas","applicantaddress1":"2641 Irving BLVD"},"geometry":{"type":"Point","coordinates":[-93.27273,44.97248]}},{"type":"Feature","properties":{"date":null,"year":0,"description":"Tenant finish out of HVAC system  adding fan-powered boxes, vav boxes, hot water piping, supply diffusers, return grilles and all associated duct work. Refer to attached drawings.","metadescription":"Mechanical. ComMFDNR. Tenant finish out of HVAC system  adding fan-powered boxes, vav boxes, hot water piping, supply diffusers, return grilles and all associated duct work. Refer to attached drawings.. Closed","address":null,"x":"-93.27563","y":"44.97396","value":"59100","display":"1000 NICOLLET MALL","fullname":"DAYTON HUDSON CORPORATION","issuedate":"2021/07/08 16:40:41+00","milestone":"Closed","completedate":"2021/12/22 14:47:24+00","applicantcity":"Minneapolis","applicantaddress1":"2318 1st St NE"},"geometry":{"type":"Point","coordinates":[-93.27563,44.97396]}},{"type":"Feature","properties":{"date":null,"year":0,"description":"TENANT IMPROVEMENT OF EXISTING OFFICE SPACE IN A COMMERCIAL BUILDING. AAJ#1        certificate of occupancy required: NO  mechanical plans required for certificate of occupancy  mechanical plans/letter of means of compliance submitted\\  special inspection","metadescription":"Commercial. Remodel. TENANT IMPROVEMENT OF EXISTING OFFICE SPACE IN A COMMERCIAL BUILDING. AAJ#1        certificate of occupancy required: NO  mechanical plans required for certificate of occupancy  mechanical plans/letter of means of compliance submitted\\  special inspection. Closed","address":null,"x":"-93.27028","y":"44.97146","value":"45000","display":"1001 3RD AVE S","fullname":"CLAR MINNEAPOLIS MN LLC","issuedate":"2017/10/25 14:13:05+00","milestone":"Closed","completedate":"2017/12/04 10:40:59+00","applicantcity":"MINNEAPOLIS","applicantaddress1":"730 2ND AVE S"},"geometry":{"type":"Point","coordinates":[-93.27028,44.97146]}},{"type":"Feature","properties":{"date":null,"year":0,"description":"Tenant improvement - Bright Minds Childcare   CERTIFICATE OF OCCUPANCY REQUIRED - AN AUTHORIZED REPRESENTATIVE OF THE PERMIT APPLICANT MUST CALL 612-673-2327 TO SCHEDULE A CERTIFICATE OF OCCUPANCY INSPECTION TWENTY (20) BUSINESS DAYS BEFORE THE DATE OF DE","metadescription":"Commercial. Remodel. Tenant improvement - Bright Minds Childcare   CERTIFICATE OF OCCUPANCY REQUIRED - AN AUTHORIZED REPRESENTATIVE OF THE PERMIT APPLICANT MUST CALL 612-673-2327 TO SCHEDULE A CERTIFICATE OF OCCUPANCY INSPECTION TWENTY (20) BUSINESS DAYS BEFORE THE DATE OF DE. Issued","address":null,"x":"-93.29328","y":"44.9997100000001","value":"100000","display":"1000 WEST BROADWAY","fullname":"HAWTHORN CROSSINGS LTD PARTNERSHIP","issuedate":"2026/03/12 10:22:18+00","milestone":"Inspection","applicantcity":"Hopkins","applicantaddress1":"901 4th Street N"},"geometry":{"type":"Point","coordinates":[-93.29328,44.99971]}},{"type":"Feature","properties":{"date":null,"year":0,"description":"TENANT IMPROVEMENT NON STRUCTURAL, ALL LEVELS (MAA)   certificate of occupancy required:  NO   const type:    IIIB     occupancy:      B        2020 MSBC occupant load:  332     sprinklered: YES Tenant: RILEY HAYES           Floor(s):      architect:  MIK","metadescription":"Commercial. Remodel. TENANT IMPROVEMENT NON STRUCTURAL, ALL LEVELS (MAA)   certificate of occupancy required:  NO   const type:    IIIB     occupancy:      B        2020 MSBC occupant load:  332     sprinklered: YES Tenant: RILEY HAYES           Floor(s):      architect:  MIK. Closed","address":null,"x":"-93.26223","y":"44.9815","value":"225000","display":"101 3RD AVE S","fullname":"BARREL HOUSE LLC","issuedate":"2022/02/14 14:52:28+00","milestone":"Closed","completedate":"2022/06/28 12:51:59+00","applicantcity":"Edina","applicantaddress1":"5280 74th St N"},"geometry":{"type":"Point","coordinates":[-93.26223,44.9815]}},{"type":"Feature","properties":{"date":null,"year":0,"description":"Tenant Improvement of HVAC system including 9 heat pump fan-coil units, condensing units, energy recovery unit , supply\rdiffusers, return grilles and all associated duct work. Refer to attached\rdrawings.","metadescription":"Mechanical. Comm-MFD. Tenant Improvement of HVAC system including 9 heat pump fan-coil units, condensing units, energy recovery unit , supply\rdiffusers, return grilles and all associated duct work. Refer to attached\rdrawings.. Closed","address":null,"x":"-93.29328","y":"44.9997100000001","value":"112500","display":"1030 WEST BROADWAY","fullname":"HAWTHORN CROSSINGS LTD PARTNERSHIP","issuedate":"2021/02/04 11:29:52+00","milestone":"Closed","completedate":"2021/05/13 07:00:32+00","applicantcity":"Eden Prairie","applicantaddress1":"7875 Fuller Rd"},"geometry":{"type":"Point","coordinates":[-93.29328,44.99971]}},{"type":"Feature","properties":{"date":null,"year":0,"description":"15th  floor tenant build out expansion\r\rTENANT IMPROVEMENT EXPANSION SPACE FOR OFFICES ONLY.  (KSA#1)  PARTIONS ONLY WITH CARPETING\r*B-R/R\tBUSINESS OCCUPANCY REMODEL OR REPAIR\r\rcertificate of occupancy required   no\r\rconst type:   IIA      occupancy:   24","metadescription":"Commercial. Remodel. 15th  floor tenant build out expansion\r\rTENANT IMPROVEMENT EXPANSION SPACE FOR OFFICES ONLY.  (KSA#1)  PARTIONS ONLY WITH CARPETING\r*B-R/R\tBUSINESS OCCUPANCY REMODEL OR REPAIR\r\rcertificate of occupancy required   no\r\rconst type:   IIA      occupancy:   24. Closed","address":null,"x":"-93.26568","y":"44.98139","value":"94436","display":"100 WASHINGTON AVE S","fullname":"PION WASH SQ OWNER LLC ET AL","issuedate":"2017/01/19 09:55:23+00","milestone":"Closed","completedate":"2019/02/21 11:54:12+00","applicantcity":"MINNEAPOLIS","applicantaddress1":"2316 4TH AVE S"},"geometry":{"type":"Point","coordinates":[-93.26568,44.98139]}},{"type":"Feature","properties":{"date":null,"year":0,"description":"TENANT IMPROVEMENT FOR NEW OFFICE SUITE IN EXISTING COMMERCIAL BUILDING (BUTLER SQUARE BUILDING). AAJ#1.   NOTE: 10/24/2017 - APPLICANT CAME TODAY AND SUBMIT REVISED PLAN WITH WRITTEN CONDITION OF APPROVAL FOR SUSPENDED CLOUD CEILING ON PLAN SHEET # A2.1","metadescription":"Commercial. Remodel. TENANT IMPROVEMENT FOR NEW OFFICE SUITE IN EXISTING COMMERCIAL BUILDING (BUTLER SQUARE BUILDING). AAJ#1.   NOTE: 10/24/2017 - APPLICANT CAME TODAY AND SUBMIT REVISED PLAN WITH WRITTEN CONDITION OF APPROVAL FOR SUSPENDED CLOUD CEILING ON PLAN SHEET # A2.1. Closed","address":null,"x":"-93.27527","y":"44.9804100000001","value":"270000","display":"100 6TH ST N","fullname":"BUTLER PROPERTIES LLC","issuedate":"2017/10/25 14:06:06+00","milestone":"Closed","completedate":"2018/01/08 11:11:46+00","applicantcity":"SAINT PAUL","applicantaddress1":"2737 FAIRVIEW AVE N"},"geometry":{"type":"Point","coordinates":[-93.27527,44.98041]}},{"type":"Feature","properties":{"date":null,"year":0,"description":"TENANT IMPROVEMENT FOR OFFICE REMODEL AT 5TH AND 16TH FLOOR (MAA)  5TH FLOOR: CONVERT CONFERENCE ROOM INTO 2 OFFICE AND ADD 2 MORE OFFICES.  16TH FLOOR: REMOVE WALL NEXT TO KITCHENETTE  FOR EXPENSION AND ADD 6 OFFICE.  certificate of occupancy required:","metadescription":"Commercial. Remodel. TENANT IMPROVEMENT FOR OFFICE REMODEL AT 5TH AND 16TH FLOOR (MAA)  5TH FLOOR: CONVERT CONFERENCE ROOM INTO 2 OFFICE AND ADD 2 MORE OFFICES.  16TH FLOOR: REMOVE WALL NEXT TO KITCHENETTE  FOR EXPENSION AND ADD 6 OFFICE.  certificate of occupancy required:. Closed","address":null,"x":"-93.26568","y":"44.98139","value":"190000","display":"100 WASHINGTON AVE S","fullname":"PION WASH SQ OWNER LLC ET AL","issuedate":"2020/03/09 11:19:16+00","milestone":"Closed","completedate":"2020/06/08 10:44:12+00","applicantcity":"MINNEAPOLIS","applicantaddress1":"730 2ND AVE S SUITE 1233"},"geometry":{"type":"Point","coordinates":[-93.26568,44.98139]}},{"type":"Feature","properties":{"date":null,"year":0,"description":"Tenant Improvement - Suite 2000 *****  certificate of occupancy required:  no   ***** special inspections required:  no*****  const type:  1A       ***occupancy: B             ***2015 MSBC***** occupant load: 467     ***** sprinklered: yes   ***** Tenant:","metadescription":"Commercial. Remodel. Tenant Improvement - Suite 2000 *****  certificate of occupancy required:  no   ***** special inspections required:  no*****  const type:  1A       ***occupancy: B             ***2015 MSBC***** occupant load: 467     ***** sprinklered: yes   ***** Tenant:. Closed","address":null,"x":"-93.26863","y":"44.97837","value":"409851","display":"100 5TH ST S","fullname":"FIFTH ST TOWERS PROP LLC","issuedate":"2019/11/25 14:20:02+00","milestone":"Closed","completedate":"2020/04/27 11:58:08+00","applicantcity":"MINNEAPOLIS","applicantaddress1":"730 2ND AVE S"},"geometry":{"type":"Point","coordinates":[-93.26863,44.97837]}},{"type":"Feature","properties":{"date":null,"year":0,"description":"Tenant Improvement - Suite 1550  certificate of occupancy required:  no    special inspections required:  no  const type:  1A       occupancy:   B           2020 MSBC sprinklered: yes  Tenant:  Gregerson, Rosow, Johnson, and Nilan            architect:  E","metadescription":"Commercial. Remodel. Tenant Improvement - Suite 1550  certificate of occupancy required:  no    special inspections required:  no  const type:  1A       occupancy:   B           2020 MSBC sprinklered: yes  Tenant:  Gregerson, Rosow, Johnson, and Nilan            architect:  E. Closed","address":null,"x":"-93.26568","y":"44.98139","value":"37757","display":"100 WASHINGTON AVE S","fullname":"PION WASH SQ OWNER LLC ET AL","issuedate":"2021/04/02 12:38:12+00","milestone":"Closed","completedate":"2021/05/11 10:51:56+00","applicantcity":"MINNEAPOLIS","applicantaddress1":"33 6TH ST  SUITE 4510"},"geometry":{"type":"Point","coordinates":[-93.26568,44.98139]}},{"type":"Feature","properties":{"date":null,"year":0,"description":"Tenant Improvement - Levels 4, 5, & 6   certificate of occupancy required:  no     special inspections required:  no     const type:    1A     occupancy:     B & S-2         2020 MSBC  sprinklered: yes   20% accessibility upgrades:  Ambulatory Toilet Stal","metadescription":"Commercial. Remodel. Tenant Improvement - Levels 4, 5, & 6   certificate of occupancy required:  no     special inspections required:  no     const type:    1A     occupancy:     B & S-2         2020 MSBC  sprinklered: yes   20% accessibility upgrades:  Ambulatory Toilet Stal. Closed","address":null,"x":"-93.27028","y":"44.97146","value":"16000000","display":"1001 3RD AVE S","fullname":"CLAR MINNEAPOLIS MN LLC","issuedate":"2024/12/05 08:10:06+00","milestone":"Closed","completedate":"2025/11/03 08:53:35+00","applicantcity":"Minneapolis","applicantaddress1":"730 2nd Ave S Suite 1233"},"geometry":{"type":"Point","coordinates":[-93.27028,44.97146]}},{"type":"Feature","properties":{"date":null,"year":0,"description":"TENANT IMPROVEMENT (MAA)     certificate of occupancy required:  yes  no     mechanical plans required for certificate of occupancy  mechanical plans/letter of means of compliance submitted\\  special inspections required:  yes  no     const type: IIA","metadescription":"Commercial. Remodel. TENANT IMPROVEMENT (MAA)     certificate of occupancy required:  yes  no     mechanical plans required for certificate of occupancy  mechanical plans/letter of means of compliance submitted\\  special inspections required:  yes  no     const type: IIA. Closed","address":null,"x":"-93.26568","y":"44.98139","value":"85000","display":"100 WASHINGTON AVE S","fullname":"PION WASH SQ OWNER LLC ET AL","issuedate":"2024/09/26 09:50:33+00","milestone":"Closed","completedate":"2026/06/08 12:25:20+00","applicantcity":"Minneapolis","applicantaddress1":"730 2nd Ave S #1233"},"geometry":{"type":"Point","coordinates":[-93.26568,44.98139]}},{"type":"Feature","properties":{"date":null,"year":0,"description":"TENANT IMPROVEMENT AT SUITE 500 (MAA #02)  *************DONE WITH REVIEW 5/8/2017 NEED SAC LETTER AND ENERGY CALCS**********              certificate of occupancy required       NO     mechanical plans required for certificate of occupancy    mechanical p","metadescription":"Commercial. Remodel. TENANT IMPROVEMENT AT SUITE 500 (MAA #02)  *************DONE WITH REVIEW 5/8/2017 NEED SAC LETTER AND ENERGY CALCS**********              certificate of occupancy required       NO     mechanical plans required for certificate of occupancy    mechanical p. Closed","address":null,"x":"-93.26568","y":"44.98139","value":"1200000","display":"100 WASHINGTON AVE S","fullname":"PION WASH SQ OWNER LLC ET AL","issuedate":"2017/05/16 11:42:50+00","milestone":"Closed","completedate":"2019/05/24 10:32:32+00","applicantcity":"MINNEAPOLIS","applicantaddress1":"121 so 8th st #1200"},"geometry":{"type":"Point","coordinates":[-93.26568,44.98139]}},{"type":"Feature","properties":{"date":null,"year":0,"description":"Tenant finish out, utilizing existing heat pumps and adding eleven new heat pumps 1-3 ton, supply diffusers, return grills and associated duct work. Refer to attached drawings.","metadescription":"Mechanical. Comm-MFD. Tenant finish out, utilizing existing heat pumps and adding eleven new heat pumps 1-3 ton, supply diffusers, return grills and associated duct work. Refer to attached drawings.. Closed","address":null,"x":"-93.26863","y":"44.97837","value":"75065","display":"100 5TH ST S","fullname":"FIFTH ST TOWERS PROP LLC","issuedate":"2020/07/28 15:43:17+00","milestone":"Closed","completedate":"2020/10/19 15:46:59+00","applicantcity":"Vadnais Heights","applicantaddress1":"1001 Labore Industrial Court #B"},"geometry":{"type":"Point","coordinates":[-93.26863,44.97837]}},{"type":"Feature","properties":{"date":null,"year":0,"description":"Tenant Improvement 25th Floor    certificate of occupancy required:  no   ***** special inspections required:  no*****    const type:   1A      ***occupancy:    B          ***2015 MSBC***** occupant load:  138    ***** sprinklered: yes   ***** 20% accessi","metadescription":"Commercial. Remodel. Tenant Improvement 25th Floor    certificate of occupancy required:  no   ***** special inspections required:  no*****    const type:   1A      ***occupancy:    B          ***2015 MSBC***** occupant load:  138    ***** sprinklered: yes   ***** 20% accessi. Closed","address":null,"x":"-93.26863","y":"44.97837","value":"681181","display":"100 5TH ST S","fullname":"FIFTH ST TOWERS PROP LLC","issuedate":"2020/02/28 13:20:38+00","milestone":"Closed","completedate":"2020/05/06 14:21:20+00","applicantcity":"PLYMOUTH","applicantaddress1":"13821 INDUSTRIAL BLVD"},"geometry":{"type":"Point","coordinates":[-93.26863,44.97837]}},{"type":"Feature","properties":{"date":null,"year":0,"description":"HVAC system for tenant Improvement, utilizing and relocating 4 existing heat pumps and replacing one heat pump, GRDs and all associated ductwork. Refer to attached drawings.","metadescription":"Mechanical. ComMFDNR. HVAC system for tenant Improvement, utilizing and relocating 4 existing heat pumps and replacing one heat pump, GRDs and all associated ductwork. Refer to attached drawings.. Closed","address":null,"x":"-93.26223","y":"44.9815","value":"21650","display":"101 3RD AVE S","fullname":"BARREL HOUSE LLC","issuedate":"2021/10/07 07:18:03+00","milestone":"Closed","completedate":"2021/10/22 15:40:54+00","applicantcity":"Blaine","applicantaddress1":"3526 88th Ave NE"},"geometry":{"type":"Point","coordinates":[-93.26223,44.9815]}},{"type":"Feature","properties":{"date":null,"year":0,"description":"TENANT IMPROVEMENT FOR NEW OFFICE SPACE IN SUITE # 476A IN EXISTING BUTLER SQUARE BUILDING. AAJ#1   certificate of occupancy required: NO. ***NO CHANGE IN OCCUPANCY***  mechanical plans required for certificate of occupancy  mechanical plans/letter of mea","metadescription":"Commercial. Remodel. TENANT IMPROVEMENT FOR NEW OFFICE SPACE IN SUITE # 476A IN EXISTING BUTLER SQUARE BUILDING. AAJ#1   certificate of occupancy required: NO. ***NO CHANGE IN OCCUPANCY***  mechanical plans required for certificate of occupancy  mechanical plans/letter of mea. Closed","address":null,"x":"-93.27527","y":"44.9804100000001","value":"175000","display":"100 6TH ST N","fullname":"BUTLER PROPERTIES LLC","issuedate":"2017/11/07 14:44:49+00","milestone":"Closed","completedate":"2017/12/14 14:14:48+00","applicantcity":"SAINT PAUL","applicantaddress1":"2737 FAIRVIEW AVE N"},"geometry":{"type":"Point","coordinates":[-93.27527,44.98041]}},{"type":"Feature","properties":{"date":null,"year":0,"description":"TENANT IMPROVEMENT TO REMODEL EXISTING OFFICE SPACE FOR NEW TENANT. AAJ#1.  certificate of occupancy required: YES     mechanical plans required for certificate of occupancy mechanical plans/letter of means of compliance submitted\\ special inspections req","metadescription":"Commercial. Remodel. TENANT IMPROVEMENT TO REMODEL EXISTING OFFICE SPACE FOR NEW TENANT. AAJ#1.  certificate of occupancy required: YES     mechanical plans required for certificate of occupancy mechanical plans/letter of means of compliance submitted\\ special inspections req. Closed","address":null,"x":"-93.26568","y":"44.98139","value":"143855","display":"100 WASHINGTON AVE S","fullname":"PION WASH SQ OWNER LLC ET AL","issuedate":"2019/12/03 12:38:16+00","milestone":"Closed","completedate":"2020/01/23 09:50:03+00","applicantcity":"MINNEAPOLIS","applicantaddress1":"33 6TH ST  SUITE 4510"},"geometry":{"type":"Point","coordinates":[-93.26568,44.98139]}},{"type":"Feature","properties":{"date":null,"year":0,"description":"Tenant improvement in existing office space -ACW     certificate of occupancy required:    no     special inspections required:    no     const type:  IV       occupancy:  B            2020 MSBC  occupant load:      14  sprinklered: yes       Tenant:   Mo","metadescription":"Commercial. Remodel. Tenant improvement in existing office space -ACW     certificate of occupancy required:    no     special inspections required:    no     const type:  IV       occupancy:  B            2020 MSBC  occupant load:      14  sprinklered: yes       Tenant:   Mo. Closed","address":null,"x":"-93.27527","y":"44.9804100000001","value":"70286","display":"100 6TH ST N","fullname":"BUTLER PROPERTIES LLC","issuedate":"2025/05/16 13:50:18+00","milestone":"Closed","completedate":"2025/06/27 11:01:13+00","applicantcity":"Roseville","applicantaddress1":"2737 Fairview Ave N"},"geometry":{"type":"Point","coordinates":[-93.27527,44.98041]}},{"type":"Feature","properties":{"date":null,"year":0,"description":"INTERIOR  DEMOLITION OF TENANT SPACES - SUITE #208 AND #209 OF MIXED USED BUILDING IN PREPARATION FOR FUTURE TENANT IMPROVEMENT WORK. AAJ#2.        Tenant:  RIVERPLACE  - EASTBRIDGE         Floor(s): 2ND FLOOR  - SUITE #208 AND # 209  sac: _N/A_charges  _","metadescription":"Commercial. Remodel. INTERIOR  DEMOLITION OF TENANT SPACES - SUITE #208 AND #209 OF MIXED USED BUILDING IN PREPARATION FOR FUTURE TENANT IMPROVEMENT WORK. AAJ#2.        Tenant:  RIVERPLACE  - EASTBRIDGE         Floor(s): 2ND FLOOR  - SUITE #208 AND # 209  sac: _N/A_charges  _. Closed","address":null,"x":"-93.2587","y":"44.9874800000001","value":"19257","display":"10 2ND ST NE","fullname":"RP MINNEAPOLIS PROPCO LLC","issuedate":"2018/10/17 13:35:09+00","milestone":"Closed","completedate":"2019/01/08 09:22:15+00","applicantcity":"MINNEAPOLIS","applicantaddress1":"33 6TH ST  SUITE 4510"},"geometry":{"type":"Point","coordinates":[-93.2587,44.98748]}},{"type":"Feature","properties":{"date":null,"year":0,"description":"Suite #300 interior tenant improvement  certificate of occupancy required:   no    special inspections required:    no  const type:   II-B      occupancy:      B        2020 MSBC occupant load:  228 in suite     sprinklered: yes   Tenant:   Gravie","metadescription":"Commercial. Remodel. Suite #300 interior tenant improvement  certificate of occupancy required:   no    special inspections required:    no  const type:   II-B      occupancy:      B        2020 MSBC occupant load:  228 in suite     sprinklered: yes   Tenant:   Gravie. Closed","address":null,"x":"-93.2587","y":"44.9874800000001","value":"1310919","display":"10 2ND ST NE","fullname":"RP MINNEAPOLIS PROPCO LLC","issuedate":"2022/05/12 14:11:44+00","milestone":"Closed","completedate":"2023/01/09 06:37:39+00","applicantcity":"MINNEAPOLIS","applicantaddress1":"33 6TH ST  SUITE 4510"},"geometry":{"type":"Point","coordinates":[-93.2587,44.98748]}},{"type":"Feature","properties":{"date":null,"year":0,"description":"Tenant finish out, using main building supply system adding 10 VAV box, GRD's and all associated ductwork. Refer to attached drawings.","metadescription":"Mechanical. ComMFDNR. Tenant finish out, using main building supply system adding 10 VAV box, GRD's and all associated ductwork. Refer to attached drawings.. Closed","address":null,"x":"-93.27171","y":"44.9796900000001","value":"63500","display":"10 5TH ST S","fullname":"LUMBER EXCHANGE LLC","issuedate":"2022/01/03 10:49:20+00","milestone":"Closed","completedate":"2022/02/02 14:33:45+00","applicantcity":"St Paul","applicantaddress1":"3260 Fanum Rd"},"geometry":{"type":"Point","coordinates":[-93.27171,44.97969]}},{"type":"Feature","properties":{"date":null,"year":0,"description":"Tenant Improvement - LinkUP    certificate of occupancy required:  no     special inspections required:  no      const type:  2A       occupancy:     B         2020 MSBC  occupant load:      120  sprinklered: yes       20% accessibility upgrades:  new sin","metadescription":"Commercial. Remodel. Tenant Improvement - LinkUP    certificate of occupancy required:  no     special inspections required:  no      const type:  2A       occupancy:     B         2020 MSBC  occupant load:      120  sprinklered: yes       20% accessibility upgrades:  new sin. Closed","address":null,"x":"-93.25875","y":"44.98686","value":"350000","display":"1 MAIN ST SE","fullname":"RP MINNEAPOLIS PROPCO, LLC","issuedate":"2024/04/18 16:09:33+00","milestone":"Closed","completedate":"2024/10/04 15:45:00+00","applicantcity":"Minneapolis","applicantaddress1":"500 N 3rd St. #100"},"geometry":{"type":"Point","coordinates":[-93.25875,44.98686]}},{"type":"Feature","properties":{"date":null,"year":0,"description":"TENANT IMPROVEMENT  certificate of occupancy required:   no special inspections required:  no  const type: 1A        occupancy:    B          2015 MSBC occupant load:  28 sprinklered: yes  Tenant:   Super Go Faster        Floor(s):  15   architect:  Colli","metadescription":"Commercial. Remodel. TENANT IMPROVEMENT  certificate of occupancy required:   no special inspections required:  no  const type: 1A        occupancy:    B          2015 MSBC occupant load:  28 sprinklered: yes  Tenant:   Super Go Faster        Floor(s):  15   architect:  Colli. Closed","address":null,"x":"-93.2721","y":"44.9732500000001","value":"22300","display":"920 2ND AVE S","fullname":"FORUM OFFICE REALTY LLC ETAL","issuedate":"2018/05/29 12:50:13+00","milestone":"Closed","completedate":"2018/06/29 11:38:22+00","applicantcity":"EDINA","applicantaddress1":"6800 FRANCE AVE SUITE 555"},"geometry":{"type":"Point","coordinates":[-93.2721,44.97325]}},{"type":"Feature","properties":{"date":null,"year":0,"description":"#703 /PURINA - TENANT IMPROVEMENTS  certificate of occupancy required:   no     const type:  1-A       occupancy:   B           2020 MSBC  occupant load:    71    sprinklered: yes    architect:  M Hustad #17408","metadescription":"Commercial. Remodel. #703 /PURINA - TENANT IMPROVEMENTS  certificate of occupancy required:   no     const type:  1-A       occupancy:   B           2020 MSBC  occupant load:    71    sprinklered: yes    architect:  M Hustad #17408. Closed","address":null,"x":"-93.27241","y":"44.9739500000001","value":"137196","display":"901 MARQUETTE AVE","fullname":"901 MARQUETTE LLC","issuedate":"2023/04/13 13:55:14+00","milestone":"Closed","completedate":"2023/06/23 08:49:52+00","applicantcity":"MINNEAPOLIS","applicantaddress1":"33 6TH ST  SUITE 4510"},"geometry":{"type":"Point","coordinates":[-93.27241,44.97395]}},{"type":"Feature","properties":{"date":null,"year":0,"description":"Tenant Improvement of HVAC system, using shell building equipment and installing GRDs and all associated ductwork. Refer to attached drawings.","metadescription":"Mechanical. ComMFDNR. Tenant Improvement of HVAC system, using shell building equipment and installing GRDs and all associated ductwork. Refer to attached drawings.. Closed","address":null,"x":"-93.2923699999999","y":"44.9988900000001","value":"21000","display":"927 WEST BROADWAY","fullname":"927 BUILDING LLC","issuedate":"2023/03/14 09:30:42+00","milestone":"Closed","completedate":"2023/07/27 12:56:30+00","applicantcity":"Ham Lake","applicantaddress1":"16411 Aberdeen St NE"},"geometry":{"type":"Point","coordinates":[-93.29237,44.99889]}},{"type":"Feature","properties":{"date":null,"year":0,"description":"14th floor tenant improvement\r\rINTERIOR TENENT IMPROVEMENT (KAS#1)            INTERNATIONAL CENTER BUILDING 14TH FLOOR                             DEMO OLD PARTITIONS ADD NEW PARTITIONS FOR NEW TENENT.                       \r75% OF NEW LIGHTING TO BE Ener","metadescription":"Commercial. Remodel. 14th floor tenant improvement\r\rINTERIOR TENENT IMPROVEMENT (KAS#1)            INTERNATIONAL CENTER BUILDING 14TH FLOOR                             DEMO OLD PARTITIONS ADD NEW PARTITIONS FOR NEW TENENT.                       \r75% OF NEW LIGHTING TO BE Ener. Closed","address":null,"x":"-93.2721","y":"44.9732500000001","value":"480778","display":"920 2ND AVE S","fullname":"FORUM OFFICE REALTY LLC ETAL","issuedate":"2017/01/10 13:22:41+00","milestone":"Closed","completedate":"2017/05/22 11:59:38+00","applicantcity":"MINNEAPOLIS","applicantaddress1":"2316 4TH AVE S"},"geometry":{"type":"Point","coordinates":[-93.2721,44.97325]}},{"type":"Feature","properties":{"date":null,"year":0,"description":"TENANT IMPROVEMENT - COMMON AREA FOR SPEC TENANT SPACES         certificate of occupancy required:  no special inspections required:  no   const type:  1A       occupancy:   B           2015 MSBC  occupant load:    sprinklered: yes    Tenant:   Spec","metadescription":"Commercial. Remodel. TENANT IMPROVEMENT - COMMON AREA FOR SPEC TENANT SPACES         certificate of occupancy required:  no special inspections required:  no   const type:  1A       occupancy:   B           2015 MSBC  occupant load:    sprinklered: yes    Tenant:   Spec. Closed","address":null,"x":"-93.27241","y":"44.9739500000001","value":"456275","display":"901 MARQUETTE AVE","fullname":"901 MARQUETTE LLC","issuedate":"2018/01/05 10:04:46+00","milestone":"Closed","completedate":"2019/03/07 09:58:29+00","applicantcity":"MINNEAPOLIS","applicantaddress1":"33 6TH ST  SUITE 4510"},"geometry":{"type":"Point","coordinates":[-93.27241,44.97395]}},{"type":"Feature","properties":{"date":null,"year":0,"description":"tenant improvements suite # 110  certificate of occupancy required    no special inspections required   no  const type:         occupancy:    b          2015 MSBC occupant load:  35 sprinklered: yes   Tenant:           Floor(s): 1 sac: __charges  __credit","metadescription":"Commercial. Remodel. tenant improvements suite # 110  certificate of occupancy required    no special inspections required   no  const type:         occupancy:    b          2015 MSBC occupant load:  35 sprinklered: yes   Tenant:           Floor(s): 1 sac: __charges  __credit. Closed","address":null,"x":"-93.2721","y":"44.9732500000001","value":"14645","display":"920 2ND AVE S","fullname":"FORUM OFFICE REALTY LLC ETAL","issuedate":"2017/03/24 15:13:10+00","milestone":"Closed","completedate":"2017/05/08 13:34:58+00","applicantcity":"MINNEAPOLIS","applicantaddress1":"2316 4TH AVE S"},"geometry":{"type":"Point","coordinates":[-93.2721,44.97325]}},{"type":"Feature","properties":{"date":null,"year":0,"description":"Remove and replace existing concrete floor whole building.  Clean and repair surfaces for future tenant improvement.  Additional permits required for occupancy","metadescription":"Commercial. Remodel. Remove and replace existing concrete floor whole building.  Clean and repair surfaces for future tenant improvement.  Additional permits required for occupancy. Closed","address":null,"x":"-93.29171","y":"44.9487500000001","value":"161990","display":"918 LAKE ST W","fullname":"WEST LAKE COLFAX LLC","issuedate":"2018/06/06 13:45:00+00","milestone":"Closed","completedate":"2019/01/28 13:28:39+00","applicantcity":"Eden Prairie","applicantaddress1":"14675 Martin Dr  #200"},"geometry":{"type":"Point","coordinates":[-93.29171,44.94875]}},{"type":"Feature","properties":{"date":null,"year":0,"description":"TENANT IMPROVEMENT.  4TH FLOOR CORRIDOR.  (JJL)     certificate of occupancy required:    no     special inspections required:  no      const type:   IB      occupancy:    B          2020 MSBC  occupant load:    NO CHANGE OF OCCUPANCY  56  sprinklered: ye","metadescription":"Commercial. Remodel. TENANT IMPROVEMENT.  4TH FLOOR CORRIDOR.  (JJL)     certificate of occupancy required:    no     special inspections required:  no      const type:   IB      occupancy:    B          2020 MSBC  occupant load:    NO CHANGE OF OCCUPANCY  56  sprinklered: ye. Closed","address":null,"x":"-93.27406","y":"44.9739500000001","value":"43560","display":"84 10TH ST S","fullname":"ESSEX BUILDING LLC","issuedate":"2024/06/07 15:37:21+00","milestone":"Closed","completedate":"2024/09/10 08:07:44+00","applicantcity":"Minneapolis","applicantaddress1":"1087 10th Ave SE"},"geometry":{"type":"Point","coordinates":[-93.27406,44.97395]}},{"type":"Feature","properties":{"date":null,"year":0,"description":"1ST, 3RD FLOOR AND ROOF. TENANT IMPROVEMENTS (MAA #01)  MINOR CONSTRUCTION WORK FOR CHANGE OF OCCUPANCY FROM RESTAURANT TO THEATER  48\" CLEARANCE IS REQUIRED BETWEEN DOORS IN  SERIES PER MSAC SECTION 404.2.5   AS PER ARCHITECT  \"  The interior vestibule d","metadescription":"Commercial. Remodel. 1ST, 3RD FLOOR AND ROOF. TENANT IMPROVEMENTS (MAA #01)  MINOR CONSTRUCTION WORK FOR CHANGE OF OCCUPANCY FROM RESTAURANT TO THEATER  48\" CLEARANCE IS REQUIRED BETWEEN DOORS IN  SERIES PER MSAC SECTION 404.2.5   AS PER ARCHITECT  \"  The interior vestibule d. Closed","address":null,"x":"-93.27743","y":"44.9765400000001","value":"124230","display":"900 HENNEPIN AVE","fullname":"HENNEPIN THEATRE TRUST","issuedate":"2017/11/17 14:33:11+00","milestone":"Closed","completedate":"2018/01/05 09:42:37+00","applicantcity":"SAINT PAUL","applicantaddress1":"1375 ST ANTHONY AVE"},"geometry":{"type":"Point","coordinates":[-93.27743,44.97654]}},{"type":"Feature","properties":{"date":null,"year":0,"description":"TENANT IMPROVEMENT FOR NEW INTERIOR BUILD OUT IN EXISTING MIXED-USED COMMERCIAL BUILDING. AAJ#1 certificate of occupancy required: NO mechanical plans required for certificate of occupancy mechanical plans/letter of means of compliance submitted\\ special","metadescription":"Commercial. Remodel. TENANT IMPROVEMENT FOR NEW INTERIOR BUILD OUT IN EXISTING MIXED-USED COMMERCIAL BUILDING. AAJ#1 certificate of occupancy required: NO mechanical plans required for certificate of occupancy mechanical plans/letter of means of compliance submitted\\ special. Closed","address":null,"x":"-93.27241","y":"44.9739500000001","value":"227050","display":"901 MARQUETTE AVE","fullname":"901 MARQUETTE LLC","issuedate":"2019/04/19 09:18:12+00","milestone":"Closed","completedate":"2019/07/09 12:25:10+00","applicantcity":"MINNEAPOLIS","applicantaddress1":"730 2ND AVE S"},"geometry":{"type":"Point","coordinates":[-93.27241,44.97395]}},{"type":"Feature","properties":{"date":null,"year":0,"description":"39TH FLOOR.  TENANT IMPROVEMENT REMODEL.  NO STRUCTURAL WORK.  NO CHANGE TO EXITING.  (JJL)     certificate of occupancy required:  NO  special inspections required:  NO     const type:  IA       occupancy:  B, A2, A3          2020 MSBC  occupant load:","metadescription":"Commercial. Remodel. 39TH FLOOR.  TENANT IMPROVEMENT REMODEL.  NO STRUCTURAL WORK.  NO CHANGE TO EXITING.  (JJL)     certificate of occupancy required:  NO  special inspections required:  NO     const type:  IA       occupancy:  B, A2, A3          2020 MSBC  occupant load:. Closed","address":null,"x":"-93.27083","y":"44.97695","value":"784000","display":"90 7TH ST S","fullname":"90 7TH STREET SOUTH LLC","issuedate":"2025/12/18 13:42:15+00","milestone":"Closed","completedate":"2026/05/07 10:22:08+00","applicantcity":"MINNEAPOLIS","applicantaddress1":"730 2ND AVE S"},"geometry":{"type":"Point","coordinates":[-93.27083,44.97695]}},{"type":"Feature","properties":{"date":null,"year":0,"description":"TENANT IMPROVEMENT-EXISTING OFFICE SPACE REMODEL 9TH FLOOR  (WSS)  certificate of occupancy required    no  special inspections required    no  const type:  TYPE 1       occupancy:      B        2015 MSBC occupant load:  294 sprinklered: yes    Tenant:","metadescription":"Commercial. Remodel. TENANT IMPROVEMENT-EXISTING OFFICE SPACE REMODEL 9TH FLOOR  (WSS)  certificate of occupancy required    no  special inspections required    no  const type:  TYPE 1       occupancy:      B        2015 MSBC occupant load:  294 sprinklered: yes    Tenant:. Closed","address":null,"x":"-93.27083","y":"44.97695","value":"1002570","display":"90 7TH ST S","fullname":"90 7TH STREET SOUTH LLC","issuedate":"2017/06/16 11:34:54+00","milestone":"Closed","completedate":"2019/04/11 13:49:35+00","applicantcity":"MINNEAPOLIS","applicantaddress1":"121 S 8TH ST SUITE 1200"},"geometry":{"type":"Point","coordinates":[-93.27083,44.97695]}},{"type":"Feature","properties":{"date":null,"year":0,"description":"Tenant Improvement - Suite 100  certificate of occupancy required:  no    special inspections required:  no  const type:  3B       occupancy:      B        2020 MSBC occupant load:  16     sprinklered: yes  Tenant:   Interface        Floor(s):   1 sac: 0.","metadescription":"Commercial. Remodel. Tenant Improvement - Suite 100  certificate of occupancy required:  no    special inspections required:  no  const type:  3B       occupancy:      B        2020 MSBC occupant load:  16     sprinklered: yes  Tenant:   Interface        Floor(s):   1 sac: 0.. Closed","address":null,"x":"-93.24665","y":"44.9990900000001","value":"67400","display":"945 BROADWAY ST NE","fullname":"NP BROADWAY LLC","issuedate":"2021/03/29 17:32:44+00","milestone":"Closed","completedate":"2021/06/30 08:26:54+00","applicantcity":"Edina","applicantaddress1":"5151 Edina Indstrial Blvd #650"},"geometry":{"type":"Point","coordinates":[-93.24665,44.99909]}},{"type":"Feature","properties":{"date":null,"year":0,"description":"TENANT IMPROVEMENT TO RENOVATE NORTH SECTION (HALF) OF EXISTING OFFICE SPACE ON 4TH FLOOR OF AN HIGH RISE COMMERCIAL BUILDING. AAJ (PROJECT DOX PLAN).     certificate of occupancy required: NO mechanical plans required for certificate of occupancy mechani","metadescription":"Commercial. Remodel. TENANT IMPROVEMENT TO RENOVATE NORTH SECTION (HALF) OF EXISTING OFFICE SPACE ON 4TH FLOOR OF AN HIGH RISE COMMERCIAL BUILDING. AAJ (PROJECT DOX PLAN).     certificate of occupancy required: NO mechanical plans required for certificate of occupancy mechani. Closed","address":null,"x":"-93.26947","y":"44.9724400000001","value":"2550928","display":"901 3RD AVE S","fullname":"RIVERSOURCE LIFE INSURANCE CO","issuedate":"2020/07/01 08:38:14+00","milestone":"Closed","completedate":"2020/10/06 09:12:51+00","applicantcity":"MINNEAPOLIS","applicantaddress1":"121 8TH ST S"},"geometry":{"type":"Point","coordinates":[-93.26947,44.97244]}},{"type":"Feature","properties":{"date":null,"year":0,"description":"The overall project entails a Tenant Improvement remodel to floors 20-21 and 23-27 (7 total) of the Wells Fargo Center.  Faegre Baker Daniels  is the tenant for the remodel and currently occupy the existing. The total renovation consists of approximately","metadescription":"Commercial. Remodel. The overall project entails a Tenant Improvement remodel to floors 20-21 and 23-27 (7 total) of the Wells Fargo Center.  Faegre Baker Daniels  is the tenant for the remodel and currently occupy the existing. The total renovation consists of approximately. Closed","address":null,"x":"-93.27083","y":"44.97695","value":"8742390","display":"90 7TH ST S","fullname":"90 7TH STREET SOUTH LLC","issuedate":"2018/01/25 14:29:31+00","milestone":"Closed","completedate":"2018/11/30 13:20:10+00","applicantcity":"MINNEAPOLIS","applicantaddress1":"700 MEADOW LN"},"geometry":{"type":"Point","coordinates":[-93.27083,44.97695]}},{"type":"Feature","properties":{"date":null,"year":0,"description":"Tenant improvement remodel level 29 -ACW     certificate of occupancy required:  no     special inspections required:    no     const type:         occupancy:    B          2020 MSBC  occupant load:      135  sprinklered: yes    energy code chapter used:","metadescription":"Commercial. Remodel. Tenant improvement remodel level 29 -ACW     certificate of occupancy required:  no     special inspections required:    no     const type:         occupancy:    B          2020 MSBC  occupant load:      135  sprinklered: yes    energy code chapter used:. Closed","address":null,"x":"-93.27083","y":"44.97695","value":"107985","display":"90 7TH ST S","fullname":"90 7TH STREET SOUTH LLC","issuedate":"2025/12/01 13:22:12+00","milestone":"Closed","completedate":"2026/01/30 09:34:42+00","applicantcity":"Minneapolis","applicantaddress1":"730 2nd Ave S #1233"},"geometry":{"type":"Point","coordinates":[-93.27083,44.97695]}},{"type":"Feature","properties":{"date":null,"year":0,"description":"TENANT IMPROVEMENT -OFFICE  (WSS) certificate of occupancy required    yes special inspections required    no  const type:   3B      occupancy:  B            2015 MSBC occupant load:  53 sprinklered: yes   Tenant:   SPARK GAP VENTURES        Floor(s):4TH","metadescription":"Commercial. Remodel. TENANT IMPROVEMENT -OFFICE  (WSS) certificate of occupancy required    yes special inspections required    no  const type:   3B      occupancy:  B            2015 MSBC occupant load:  53 sprinklered: yes   Tenant:   SPARK GAP VENTURES        Floor(s):4TH. Closed","address":null,"x":"-93.24348","y":"44.9918200000001","value":"300000","display":"861 HENNEPIN AVE E","fullname":"861 E HENNEPIN LLC","issuedate":"2017/08/03 14:21:29+00","milestone":"Closed","completedate":"2018/03/02 09:49:18+00","applicantcity":"CORCORAN","applicantaddress1":"7545 COMMERCE ST W"},"geometry":{"type":"Point","coordinates":[-93.24348,44.99182]}},{"type":"Feature","properties":{"date":null,"year":0,"description":"TENANT IMPROVEMENT FOR NEW OFFICE SPACE ON 13TH FLOOR OF EXISTING COMMERCIAL BUILDING. AAJ#1.     certificate of occupancy required: NO mechanical plans required for certificate of occupancy mechanical plans/letter of means of compliance submitted\\ specia","metadescription":"Commercial. Remodel. TENANT IMPROVEMENT FOR NEW OFFICE SPACE ON 13TH FLOOR OF EXISTING COMMERCIAL BUILDING. AAJ#1.     certificate of occupancy required: NO mechanical plans required for certificate of occupancy mechanical plans/letter of means of compliance submitted\\ specia. Closed","address":null,"x":"-93.2721","y":"44.9732500000001","value":"777217","display":"920 2ND AVE S","fullname":"FORUM OFFICE REALTY LLC ETAL","issuedate":"2019/07/16 10:22:13+00","milestone":"Closed","completedate":"2019/11/06 14:40:26+00","applicantcity":"minneapolis","applicantaddress1":"33 so 6th st"},"geometry":{"type":"Point","coordinates":[-93.2721,44.97325]}},{"type":"Feature","properties":{"date":null,"year":0,"description":"Tenant Improvement  certificate of occupancy required:  no   const type:  VB       occupancy:    M          2020 MSBC  occupant load:  107 sprinklered: yes    Tenant:   goPuff       sac: 0.95 charges  1.76 credits = -0.81 net  met council letter dated: 4-","metadescription":"Commercial. Remodel. Tenant Improvement  certificate of occupancy required:  no   const type:  VB       occupancy:    M          2020 MSBC  occupant load:  107 sprinklered: yes    Tenant:   goPuff       sac: 0.95 charges  1.76 credits = -0.81 net  met council letter dated: 4-. Closed","address":null,"x":"-93.2468499999999","y":"44.96441","value":"167000","display":"815 CEDAR AVE S","fullname":"SPOTTED DOG HOLDINGS LLC","issuedate":"2021/06/03 09:15:52+00","milestone":"Closed","completedate":"2021/09/20 15:09:13+00","applicantcity":"Minneapolis","applicantaddress1":"10 South 8th Street"},"geometry":{"type":"Point","coordinates":[-93.24685,44.96441]}},{"type":"Feature","properties":{"date":null,"year":0,"description":"TENANT IMPROVEMENT OF EXISTING 2ND FLOOR OF TARGET STORE FOR RESTROOMS REMODEL AND INTERIOR LIGHTING UPGRADES (900 NICOLLET MALL). AAJ (PROJECT DOX PLANS AND DOCUMENTS).     certificate of occupancy required: NO mechanical plans required for certificate o","metadescription":"Commercial. Remodel. TENANT IMPROVEMENT OF EXISTING 2ND FLOOR OF TARGET STORE FOR RESTROOMS REMODEL AND INTERIOR LIGHTING UPGRADES (900 NICOLLET MALL). AAJ (PROJECT DOX PLANS AND DOCUMENTS).     certificate of occupancy required: NO mechanical plans required for certificate o. Closed","address":null,"x":"-93.2749899999999","y":"44.97479","value":"630383","display":"900 NICOLLET MALL","issuedate":"2021/04/27 07:05:14+00","milestone":"Closed","completedate":"2022/12/06 08:51:23+00","applicantcity":"Seattle","applicantaddress1":"1101 Second Ave, Ste 100"},"geometry":{"type":"Point","coordinates":[-93.27499,44.97479]}},{"type":"Feature","properties":{"date":null,"year":0,"description":"NON-STRUCTURAL INTERIOR DEMO OF PARTITIONS, CEILINGS, FINISHES AT NORTH AND SOUTH SIDES OF FLOORS 10, 11 AND 12 IN PREPARATION FOR TENANT IMPROVEMENTS. EXISTING STAIRWAYS AND ELEVATOR LOBBY CONSTRUCTION TO REMAIN INTACT.        certificate of occupancy re","metadescription":"Commercial. Remodel. NON-STRUCTURAL INTERIOR DEMO OF PARTITIONS, CEILINGS, FINISHES AT NORTH AND SOUTH SIDES OF FLOORS 10, 11 AND 12 IN PREPARATION FOR TENANT IMPROVEMENTS. EXISTING STAIRWAYS AND ELEVATOR LOBBY CONSTRUCTION TO REMAIN INTACT.        certificate of occupancy re. Closed","address":null,"x":"-93.26947","y":"44.9724400000001","value":"576000","display":"901 3RD AVE S","fullname":"RIVERSOURCE LIFE INSURANCE CO","issuedate":"2023/01/06 08:16:38+00","milestone":"Closed","completedate":"2024/12/23 10:39:36+00","applicantcity":"Minneapolis","applicantaddress1":"730 2nd Ave S #1233"},"geometry":{"type":"Point","coordinates":[-93.26947,44.97244]}},{"type":"Feature","properties":{"date":null,"year":0,"description":"Demolition on first floor in prep for future tenant improvement  Remodel second floor for new office use.  certificate of occupancy required  yes mechanical plans required for certificate of occupancy mechanical plans/letter of means of compliance submitt","metadescription":"Commercial. Remodel. Demolition on first floor in prep for future tenant improvement  Remodel second floor for new office use.  certificate of occupancy required  yes mechanical plans required for certificate of occupancy mechanical plans/letter of means of compliance submitt. Closed","address":null,"x":"-93.27743","y":"44.9765400000001","value":"212000","display":"900 HENNEPIN AVE","fullname":"HENNEPIN THEATRE TRUST","issuedate":"2017/03/29 14:32:35+00","milestone":"Closed","completedate":"2017/05/17 13:58:11+00","applicantcity":"SAINT PAUL","applicantaddress1":"1375 ST ANTHONY AVE"},"geometry":{"type":"Point","coordinates":[-93.27743,44.97654]}},{"type":"Feature","properties":{"date":null,"year":0,"description":"TENANT FINISH  - OFFICE (WSS)  certificate of occupancy required   no  special inspections required    no  const type:   1A      occupancy:  B            2015 MSBC occupant load:  35 sprinklered: yes     Tenant:    TRUSTED CHOICE       Floor(s): SUITE 152","metadescription":"Commercial. Remodel. TENANT FINISH  - OFFICE (WSS)  certificate of occupancy required   no  special inspections required    no  const type:   1A      occupancy:  B            2015 MSBC occupant load:  35 sprinklered: yes     Tenant:    TRUSTED CHOICE       Floor(s): SUITE 152. Closed","address":null,"x":"-93.2718599999999","y":"44.9737000000001","value":"47620","display":"900 2ND AVE S","fullname":"FORUM OFFICE REALTY LLC ETAL","issuedate":"2017/09/26 15:14:01+00","milestone":"Closed","completedate":"2017/11/15 14:08:49+00","applicantcity":"EDINA","applicantaddress1":"6800 FRANCE AVE SUITE 555"},"geometry":{"type":"Point","coordinates":[-93.27186,44.9737]}},{"type":"Feature","properties":{"date":null,"year":0,"description":"TENANT IMPROVEMENT-15TH FLOOR    certificate of occupancy required:  no  special inspections required:  no   const type:  1A       occupancy:   B           2015 MSBC  occupant load:  344  sprinklered: yes    Tenant:  Wells Fargo         Floor(s):  15  sac","metadescription":"Commercial. Remodel. TENANT IMPROVEMENT-15TH FLOOR    certificate of occupancy required:  no  special inspections required:  no   const type:  1A       occupancy:   B           2015 MSBC  occupant load:  344  sprinklered: yes    Tenant:  Wells Fargo         Floor(s):  15  sac. Closed","address":null,"x":"-93.27083","y":"44.97695","value":"1320000","display":"90 7TH ST S","fullname":"90 7TH STREET SOUTH LLC","issuedate":"2017/12/08 12:55:29+00","milestone":"Closed","completedate":"2018/06/11 12:55:34+00","applicantcity":"MINNEAPOLIS","applicantaddress1":"121 S 8TH ST SUITE 1200"},"geometry":{"type":"Point","coordinates":[-93.27083,44.97695]}},{"type":"Feature","properties":{"date":null,"year":0,"description":"Dunn Brothers Coffee - Tenant Improvement     CERTIFICATE OF OCCUPANCY REQUIRED - AN AUTHORIZED REPRESENTATIVE OF THE PERMIT APPLICANT MUST CALL 612-673-2327 TO SCHEDULE A CERTIFICATE OF OCCUPANCY INSPECTION TWENTY (20) BUSINESS DAYS BEFORE THE DATE OF DE","metadescription":"Commercial. Remodel. Dunn Brothers Coffee - Tenant Improvement     CERTIFICATE OF OCCUPANCY REQUIRED - AN AUTHORIZED REPRESENTATIVE OF THE PERMIT APPLICANT MUST CALL 612-673-2327 TO SCHEDULE A CERTIFICATE OF OCCUPANCY INSPECTION TWENTY (20) BUSINESS DAYS BEFORE THE DATE OF DE. Closed","address":null,"x":"-93.2266099999999","y":"44.9734100000001","value":"250000","display":"808 WASHINGTON AVE SE","fullname":"BILL AND LIBBYS BLDG ACCNT LLC","issuedate":"2024/07/24 15:08:44+00","milestone":"Closed","completedate":"2024/10/17 09:45:42+00","applicantcity":"MAPLE GROVE","applicantaddress1":"11102 86TH AVE N"},"geometry":{"type":"Point","coordinates":[-93.22661,44.97341]}},{"type":"Feature","properties":{"date":null,"year":0,"description":"Non-Structural Tenant improvement    certificate of occupancy required:   no    special inspections required:   no    const type:    II-B     occupancy:   B           2020 MSBC occupant load:   127    sprinklered: yes    Tenant: MN Oncology      Floor(s):","metadescription":"Commercial. Remodel. Non-Structural Tenant improvement    certificate of occupancy required:   no    special inspections required:   no    const type:    II-B     occupancy:   B           2020 MSBC occupant load:   127    sprinklered: yes    Tenant: MN Oncology      Floor(s):. Closed","address":null,"x":"-93.26051","y":"44.9558000000001","value":"948000","display":"910 26TH ST E","fullname":"HEALTH CARE PROPERTY INVESTMENTS INC.","issuedate":"2021/12/28 10:39:57+00","milestone":"Closed","completedate":"2022/12/15 08:15:42+00","applicantcity":"Plymouth","applicantaddress1":"2820 Vicksburg Lane N"},"geometry":{"type":"Point","coordinates":[-93.26051,44.9558]}},{"type":"Feature","properties":{"date":null,"year":0,"description":"Tenant Improvement - Demo only - 17th, 18th & 19th Floors  certificate of occupancy required:    no   \n\n const type:   1-B      occupancy:   TBD           2020 MSBC           \n\n sprinklered: yes   \n\n 20% accessibility upgrades_ deferred  \n\n architect:  M","metadescription":"Commercial. Remodel. Tenant Improvement - Demo only - 17th, 18th & 19th Floors  certificate of occupancy required:    no   \n\n const type:   1-B      occupancy:   TBD           2020 MSBC           \n\n sprinklered: yes   \n\n 20% accessibility upgrades_ deferred  \n\n architect:  M. Closed","address":null,"x":"-93.27241","y":"44.9739500000001","value":"80300","display":"901 MARQUETTE AVE","fullname":"901 MARQUETTE LLC","issuedate":"2024/03/07 14:02:54+00","milestone":"Closed","completedate":"2025/03/25 12:58:29+00","applicantcity":"Minneapolis","applicantaddress1":"730 2nd Ave S #1233"},"geometry":{"type":"Point","coordinates":[-93.27241,44.97395]}},{"type":"Feature","properties":{"date":null,"year":0,"description":"TENANT IMPROVEMENT OF EXISTING TENANT SPACE TO ADD NEW DEMISING WALL ON 3RD FLOOR OF A COMMERCIAL BUILDING. AAJ (PROJETC DOX PLAN).     - ADD NEW FLOOR TO DECK PARTITION WALL WITH 3 5/8\" METALL STUD AND 5/8\" GYPSUM BOARD ON EACH SIDE  AND CREATE NEW 3'0\"","metadescription":"Commercial. Remodel. TENANT IMPROVEMENT OF EXISTING TENANT SPACE TO ADD NEW DEMISING WALL ON 3RD FLOOR OF A COMMERCIAL BUILDING. AAJ (PROJETC DOX PLAN).     - ADD NEW FLOOR TO DECK PARTITION WALL WITH 3 5/8\" METALL STUD AND 5/8\" GYPSUM BOARD ON EACH SIDE  AND CREATE NEW 3'0\". Closed","address":null,"x":"-93.27883","y":"44.9895900000001","value":"9890","display":"800 WASHINGTON AVE N","issuedate":"2022/06/06 09:28:08+00","milestone":"Closed","completedate":"2022/06/23 09:28:26+00","applicantcity":"Minneapolis","applicantaddress1":"730 2nd Ave S #1233"},"geometry":{"type":"Point","coordinates":[-93.27883,44.98959]}},{"type":"Feature","properties":{"date":null,"year":0,"description":"Tenant Improvement - 1st Floor - 614 Company  certificate of occupancy required:  no     special inspections required:  no      const type:   2A      occupancy:     B         2020 MSBC  occupant load:    39    sprinklered: yes          sac: not necessary","metadescription":"Commercial. Remodel. Tenant Improvement - 1st Floor - 614 Company  certificate of occupancy required:  no     special inspections required:  no      const type:   2A      occupancy:     B         2020 MSBC  occupant load:    39    sprinklered: yes          sac: not necessary. Closed","address":null,"x":"-93.2736199999999","y":"44.97448","value":"122248","display":"81 9TH ST S","fullname":"Y-Q ASSOCIATES LTD PARTNERSHIP","issuedate":"2024/11/07 16:12:59+00","milestone":"Closed","completedate":"2026/06/08 12:29:34+00","applicantcity":"Minneapolis","applicantaddress1":"50 South 6th Street"},"geometry":{"type":"Point","coordinates":[-93.27362,44.97448]}},{"type":"Feature","properties":{"date":null,"year":0,"description":"SUITE 2690 - TENANT IMPROVEMENT (MAA)    certificate of occupancy required:  yes  no     mechanical plans required for certificate of occupancy  mechanical plans/letter of means of compliance submitted\\  special inspections required:  yes  no     const ty","metadescription":"Commercial. Remodel. SUITE 2690 - TENANT IMPROVEMENT (MAA)    certificate of occupancy required:  yes  no     mechanical plans required for certificate of occupancy  mechanical plans/letter of means of compliance submitted\\  special inspections required:  yes  no     const ty. Closed","address":null,"x":"-93.27385","y":"44.9756400000001","value":"310000","display":"800 NICOLLET MALL","fullname":"PIEDMONT-800 NIC AVE OWN LLC","issuedate":"2025/07/17 14:36:46+00","milestone":"Closed","completedate":"2025/10/14 06:54:44+00","applicantcity":"St Paul","applicantaddress1":"6675 Warner Ave S"},"geometry":{"type":"Point","coordinates":[-93.27385,44.97564]}},{"type":"Feature","properties":{"date":null,"year":0,"description":"TENANT IMPROVEMENT.  EXPANSION OF TENANT SPACE TO WHOLE FLOOR.  NO CHANGE TO EXITING OR STRUCTURAL WORK. (JJL)     certificate of occupancy required:    no   ***** special inspections required:    no*****  const type:  IA       ***occupancy:     B, A-3","metadescription":"Commercial. Remodel. TENANT IMPROVEMENT.  EXPANSION OF TENANT SPACE TO WHOLE FLOOR.  NO CHANGE TO EXITING OR STRUCTURAL WORK. (JJL)     certificate of occupancy required:    no   ***** special inspections required:    no*****  const type:  IA       ***occupancy:     B, A-3. Closed","address":null,"x":"-93.27513","y":"44.97641","value":"913964","display":"800 LASALLE AVE","fullname":"ZELLER-800 LASALLE AVE LLC","issuedate":"2022/03/03 16:19:32+00","milestone":"Closed","completedate":"2022/09/02 09:27:38+00","applicantcity":"Minneapolis","applicantaddress1":"121 8th St, Ste 1200"},"geometry":{"type":"Point","coordinates":[-93.27513,44.97641]}},{"type":"Feature","properties":{"date":null,"year":0,"description":"Tenant Improvement - Suite 1290 - Russell Reynolds Associates   certificate of occupancy required:  no     special inspections required:  no     const type:  II-A (assumed)       occupancy:   B           2020 MSBC  occupant load:   22     sprinklered: yes","metadescription":"Commercial. Remodel. Tenant Improvement - Suite 1290 - Russell Reynolds Associates   certificate of occupancy required:  no     special inspections required:  no     const type:  II-A (assumed)       occupancy:   B           2020 MSBC  occupant load:   22     sprinklered: yes. Closed","address":null,"x":"-93.27513","y":"44.97641","value":"515000","display":"800 LASALLE AVE","fullname":"ZELLER-800 LASALLE AVE LLC","issuedate":"2025/03/11 11:45:30+00","milestone":"Closed","completedate":"2025/05/22 10:10:18+00","applicantcity":"Minneapolis","applicantaddress1":"800 LASALLE AVE #200"},"geometry":{"type":"Point","coordinates":[-93.27513,44.97641]}},{"type":"Feature","properties":{"date":null,"year":0,"description":"Tenant improvement utilizing existing five heat pumps providing supply diffusers, return grills and all associated duct work. Refer to attached drawings.","metadescription":"Mechanical. Comm-MFD. Tenant improvement utilizing existing five heat pumps providing supply diffusers, return grills and all associated duct work. Refer to attached drawings.. Closed","address":null,"x":"-93.2718599999999","y":"44.9737000000001","value":"45400","display":"900 2ND AVE S","fullname":"FORUM OFFICE REALTY LLC ETAL","issuedate":"2020/04/23 10:30:05+00","milestone":"Closed","completedate":"2020/08/26 07:14:59+00","applicantcity":"MINNEAPOLIS","applicantaddress1":"2318 FIRST ST NE"},"geometry":{"type":"Point","coordinates":[-93.27186,44.9737]}},{"type":"Feature","properties":{"date":null,"year":0,"description":"Tenant Improvement of HVAC system for two floors adding or reusing fan-coil units hydronic piping, supply\rdiffusers, return grilles and all associated duct work.###### Contractor will provide demand controlled ventilation with co sensor per calculated out","metadescription":"Mechanical. Comm-MFD. Tenant Improvement of HVAC system for two floors adding or reusing fan-coil units hydronic piping, supply\rdiffusers, return grilles and all associated duct work.###### Contractor will provide demand controlled ventilation with co sensor per calculated out. Closed","address":null,"x":"-93.27144","y":"44.9748500000001","value":"1142790","display":"801 MARQUETTE AVE","fullname":"FSP 121 SOUTH EIGHTH ST LLC","issuedate":"2021/02/08 11:40:01+00","milestone":"Closed","completedate":"2021/07/26 15:34:12+00","applicantcity":"SOUTH SAINT PAUL","applicantaddress1":"225 BRIDGEPOINT DR"},"geometry":{"type":"Point","coordinates":[-93.27144,44.97485]}},{"type":"Feature","properties":{"date":null,"year":0,"description":"Demo work to prepare for tenant finish","metadescription":"Commercial. Remodel. Demo work to prepare for tenant finish. Closed","address":null,"x":"-93.2266099999999","y":"44.9734100000001","value":"10000","display":"808 WASHINGTON AVE SE","fullname":"BILL AND LIBBYS BLDG ACCNT LLC","issuedate":"2024/06/03 09:05:48+00","milestone":"Closed","completedate":"2024/08/13 13:23:18+00","applicantcity":"Maple Grove","applicantaddress1":"11102 91st Ave N"},"geometry":{"type":"Point","coordinates":[-93.22661,44.97341]}},{"type":"Feature","properties":{"date":null,"year":0,"description":"TENANT IMPROVEMENTS OF EXISTING BLDG FLOORS 1-3  certificate of occupancy required:   no   ***** special inspections required:  yes*****  const type:  VB       ***occupancy:   B           ***2020 MSBC***** occupant load:  199    ***** sprinklered: yes  **","metadescription":"Commercial. Remodel. TENANT IMPROVEMENTS OF EXISTING BLDG FLOORS 1-3  certificate of occupancy required:   no   ***** special inspections required:  yes*****  const type:  VB       ***occupancy:   B           ***2020 MSBC***** occupant load:  199    ***** sprinklered: yes  **. Closed","address":null,"x":"-93.27387","y":"44.9732500000001","value":"2833000","display":"89 10TH ST S","issuedate":"2020/12/01 14:32:46+00","milestone":"Closed","completedate":"2021/08/16 12:00:44+00","applicantcity":"Mendota Heights","applicantaddress1":"1100 Mendota Heights Rd"},"geometry":{"type":"Point","coordinates":[-93.27387,44.97325]}},{"type":"Feature","properties":{"date":null,"year":0,"description":"Non-structural tenant improvement #512  certificate of occupancy required:   no    special inspections required:   no  const type:  IV       occupancy:     B         2020 MSBC occupant load:    156   sprinklered: yes   sac: __ NA  architect:   Little #494","metadescription":"Commercial. Remodel. Non-structural tenant improvement #512  certificate of occupancy required:   no    special inspections required:   no  const type:  IV       occupancy:     B         2020 MSBC occupant load:    156   sprinklered: yes   sac: __ NA  architect:   Little #494. Closed","address":null,"x":"-93.27883","y":"44.9895900000001","value":"576000","display":"800 WASHINGTON AVE N","issuedate":"2021/07/30 12:56:21+00","milestone":"Closed","completedate":"2021/11/15 09:20:21+00","applicantcity":"Minneapolis","applicantaddress1":"730 2nd Ave S #1233"},"geometry":{"type":"Point","coordinates":[-93.27883,44.98959]}},{"type":"Feature","properties":{"date":null,"year":0,"description":"4/5/19 approved revisions to LL exiting of Fitness and headroom corrections of existing stair south of fire wall.  THIS PROJECT INCLUDES THE INTERIOR REMODELING OF LOWER LEVEL AND LEVEL 01, INCLUDING TENANT IMPROVEMENTS AND A NEW COMMUNICATION STAIR BETWE","metadescription":"Commercial. Remodel. 4/5/19 approved revisions to LL exiting of Fitness and headroom corrections of existing stair south of fire wall.  THIS PROJECT INCLUDES THE INTERIOR REMODELING OF LOWER LEVEL AND LEVEL 01, INCLUDING TENANT IMPROVEMENTS AND A NEW COMMUNICATION STAIR BETWE. Closed","address":null,"x":"-93.27883","y":"44.9895900000001","value":"3968582","display":"800 WASHINGTON AVE N","issuedate":"2018/10/29 12:04:59+00","milestone":"Closed","completedate":"2021/10/20 09:27:12+00","applicantcity":"Minneapolis","applicantaddress1":"800 Washington Ave N"},"geometry":{"type":"Point","coordinates":[-93.27883,44.98959]}},{"type":"Feature","properties":{"date":null,"year":0,"description":"LEVELS 9 AND 10 TENANT IMPROVEMENT  certificate of occupancy required:   no    special inspections required:   no  const type:   I-A      occupancy:   B           2020 MSBC occupant load:      37 sprinklered: yes  Tenant:           Floor(s):   9 and 10","metadescription":"Commercial. Remodel. LEVELS 9 AND 10 TENANT IMPROVEMENT  certificate of occupancy required:   no    special inspections required:   no  const type:   I-A      occupancy:   B           2020 MSBC occupant load:      37 sprinklered: yes  Tenant:           Floor(s):   9 and 10. Closed","address":null,"x":"-93.27385","y":"44.9756400000001","value":"375000","display":"800 NICOLLET MALL","fullname":"PIEDMONT-800 NIC AVE OWN LLC","issuedate":"2021/10/15 08:35:50+00","milestone":"Closed","completedate":"2022/12/15 07:58:26+00","applicantcity":"SAINT PAUL","applicantaddress1":"6675 WARNER AVE S"},"geometry":{"type":"Point","coordinates":[-93.27385,44.97564]}},{"type":"Feature","properties":{"date":null,"year":0,"description":"Tenant Improvement - North Half of 11th Floor, Suite 1100 - Zimmerman Reed  certificate of occupancy required:  no     special inspections required:  no     const type:   1A      occupancy:     B         2020 MSBC  occupant load:    214    sprinklered: ye","metadescription":"Commercial. Remodel. Tenant Improvement - North Half of 11th Floor, Suite 1100 - Zimmerman Reed  certificate of occupancy required:  no     special inspections required:  no     const type:   1A      occupancy:     B         2020 MSBC  occupant load:    214    sprinklered: ye. Closed","address":null,"x":"-93.27207","y":"44.9760900000001","value":"625000","display":"80 8TH ST S","fullname":"BRI 1855 IDS CENTER LLC","issuedate":"2025/10/21 13:11:40+00","milestone":"Closed","completedate":"2026/03/25 10:28:26+00","applicantcity":"Minneapolis","applicantaddress1":"121 South Eighth Street Suite 1200"},"geometry":{"type":"Point","coordinates":[-93.27207,44.97609]}},{"type":"Feature","properties":{"date":null,"year":0,"description":"46th floor renovation for future tenant improvement.    sck  floor is being abated and sprinklers will be installed.  separate permit required for tenant improvements","metadescription":"Commercial. Remodel. 46th floor renovation for future tenant improvement.    sck  floor is being abated and sprinklers will be installed.  separate permit required for tenant improvements. Closed","address":null,"x":"-93.27207","y":"44.9760900000001","value":"495376","display":"80 8TH ST S","fullname":"BRI 1855 IDS CENTER LLC","issuedate":"2020/10/30 09:35:44+00","milestone":"Closed","completedate":"2021/06/02 12:35:05+00","applicantcity":"Minneapolis","applicantaddress1":"121 8th St S, Ste 1200"},"geometry":{"type":"Point","coordinates":[-93.27207,44.97609]}},{"type":"Feature","properties":{"date":null,"year":0,"description":"Tenant Improvement - Suite 214 - Confetti Blossom Candies   certificate of occupancy required:  no   special inspections required:  no      occupancy:   M           2020 MSBC   sprinklered: yes   sac: 0.17 charges  2.15 credits = -1.98 net   met council l","metadescription":"Commercial. Remodel. Tenant Improvement - Suite 214 - Confetti Blossom Candies   certificate of occupancy required:  no   special inspections required:  no      occupancy:   M           2020 MSBC   sprinklered: yes   sac: 0.17 charges  2.15 credits = -1.98 net   met council l. Closed","address":null,"x":"-93.27513","y":"44.97641","value":"10000","display":"800 LASALLE AVE #214","fullname":"ZELLER-800 LASALLE AVE LLC","issuedate":"2026/03/26 15:29:06+00","milestone":"Closed","completedate":"2026/05/06 09:47:41+00","applicantcity":"Delano","applicantaddress1":"320 Freedom Ln"},"geometry":{"type":"Point","coordinates":[-93.27513,44.97641]}},{"type":"Feature","properties":{"date":null,"year":0,"description":"TENANT FIT OUT:  EXISTING BAR TO NEW RESTAURANT.  CHANGED LAYOUT, NEW FINISHES, BRICKWORK.  ANY STRUCTURAL WORK WILL REQUIRE A NEW PERMIT. (JJL)     certificate of occupancy required:    no special inspections required:  yes  no  const type:  VB       occ","metadescription":"Commercial. Remodel. TENANT FIT OUT:  EXISTING BAR TO NEW RESTAURANT.  CHANGED LAYOUT, NEW FINISHES, BRICKWORK.  ANY STRUCTURAL WORK WILL REQUIRE A NEW PERMIT. (JJL)     certificate of occupancy required:    no special inspections required:  yes  no  const type:  VB       occ. Closed","address":null,"x":"-93.27824","y":"44.9344400000001","value":"235000","display":"8 38TH ST W","fullname":"3764 NICOLLET AVE LLC","issuedate":"2021/12/23 09:14:23+00","milestone":"Closed","completedate":"2022/04/25 10:26:11+00","applicantcity":"WOODBURY","applicantaddress1":"11900 VALLEY CREEK ROAD"},"geometry":{"type":"Point","coordinates":[-93.27824,44.93444]}},{"type":"Feature","properties":{"date":null,"year":0,"description":"(DMH#1)   REMODEL FOR 5TH FLOOR OFFICE TENANT FINISH.  9,745 SQ.FT.   EXISTING MENS AND WOMENS RESTROOMS.   SMALL CONFERENCES ROOMS.  MOSTLY OPEN OFFICE SPACE.       Const type:   1B     Occupancy: B           2015 MSBC occupant load: 141 (Archit calc.)","metadescription":"Commercial. Remodel. (DMH#1)   REMODEL FOR 5TH FLOOR OFFICE TENANT FINISH.  9,745 SQ.FT.   EXISTING MENS AND WOMENS RESTROOMS.   SMALL CONFERENCES ROOMS.  MOSTLY OPEN OFFICE SPACE.       Const type:   1B     Occupancy: B           2015 MSBC occupant load: 141 (Archit calc.). Closed","address":null,"x":"-93.2764099999999","y":"44.9773200000001","value":"219564","display":"800 HENNEPIN AVE","fullname":"THE PENCE BUILDING LLC","issuedate":"2019/10/17 12:23:45+00","milestone":"Closed","completedate":"2019/12/19 08:53:21+00","applicantcity":"MINNEAPOLIS","applicantaddress1":"1087 10TH AVE SE"},"geometry":{"type":"Point","coordinates":[-93.27641,44.97732]}},{"type":"Feature","properties":{"date":null,"year":0,"description":"TENANT IMPROVEMENT.  SUITE 2075.  (JJL)     certificate of occupancy required:  no     special inspections required:  no     const type:   IA      occupancy:    B          2020 MSBC  occupant load:  45  sprinklered: yes   20% accessibility upgrades___NEW","metadescription":"Commercial. Remodel. TENANT IMPROVEMENT.  SUITE 2075.  (JJL)     certificate of occupancy required:  no     special inspections required:  no     const type:   IA      occupancy:    B          2020 MSBC  occupant load:  45  sprinklered: yes   20% accessibility upgrades___NEW. Issued","address":null,"x":"-93.27513","y":"44.97641","value":"135105","display":"800 LASALLE AVE","fullname":"ZELLER-800 LASALLE AVE LLC","issuedate":"2025/07/24 16:15:25+00","milestone":"Final Inspection","applicantcity":"Eden Prairie","applicantaddress1":"10050 Crosstown Circle, Suite 110"},"geometry":{"type":"Point","coordinates":[-93.27513,44.97641]}},{"type":"Feature","properties":{"date":null,"year":0,"description":"Tenant Improvement - Cities Market Studios  *****  certificate of occupancy required:  no   ***** special inspections required:  no*****  const type:  1A       ***occupancy:  B            ***2015 MSBC***** occupant load:  86    ***** sprinklered: yes  ***","metadescription":"Commercial. Remodel. Tenant Improvement - Cities Market Studios  *****  certificate of occupancy required:  no   ***** special inspections required:  no*****  const type:  1A       ***occupancy:  B            ***2015 MSBC***** occupant load:  86    ***** sprinklered: yes  ***. Closed","address":null,"x":"-93.27444","y":"44.97592","value":"260000","display":"811 LASALLE AVE","fullname":"811 PROPERTY LLC","issuedate":"2019/08/14 12:15:50+00","milestone":"Closed","completedate":"2019/10/31 12:56:34+00","applicantcity":"Savage","applicantaddress1":"4839 12TH St W"},"geometry":{"type":"Point","coordinates":[-93.27444,44.97592]}},{"type":"Feature","properties":{"date":null,"year":0,"description":"Proposed Tenant Improvement for the Mosquito group  certificate of occupancy required:  no   ***** special inspections required:  yes*****  const. type:  IIB      occupancy:   B           ***2020 MSBC***** occupant load:  54    ***** sprinklered: yes   **","metadescription":"Commercial. Remodel. Proposed Tenant Improvement for the Mosquito group  certificate of occupancy required:  no   ***** special inspections required:  yes*****  const. type:  IIB      occupancy:   B           ***2020 MSBC***** occupant load:  54    ***** sprinklered: yes   **. Closed","address":null,"x":"-93.23982","y":"44.9889900000001","value":"300000","display":"801 9TH ST SE","issuedate":"2020/08/06 11:53:30+00","milestone":"Closed","completedate":"2024/02/09 10:33:42+00","applicantcity":"East Bethel","applicantaddress1":"19342 Rochester St NE"},"geometry":{"type":"Point","coordinates":[-93.23982,44.98899]}},{"type":"Feature","properties":{"date":null,"year":0,"description":"Tenant Improvement - Suite 290  certificate of occupancy required:  no    special inspections required:  no  const type:   2B      occupancy:    B          2020 MSBC occupant load:       sprinklered: yes  Tenant:  Snipers Nest   architect:   Ryan Schroede","metadescription":"Commercial. Remodel. Tenant Improvement - Suite 290  certificate of occupancy required:  no    special inspections required:  no  const type:   2B      occupancy:    B          2020 MSBC occupant load:       sprinklered: yes  Tenant:  Snipers Nest   architect:   Ryan Schroede. Closed","address":null,"x":"-93.29014","y":"44.97945","value":"20190","display":"811 GLENWOOD AVE","fullname":"ACKY GLENWOOD LLC","issuedate":"2021/10/28 10:50:38+00","milestone":"Closed","completedate":"2022/02/07 09:55:32+00","applicantcity":"Edina","applicantaddress1":"5280 W 74th St"},"geometry":{"type":"Point","coordinates":[-93.29014,44.97945]}},{"type":"Feature","properties":{"date":null,"year":0,"description":"Tenant Improvement *****  certificate of occupancy required:  no   ***** special inspections required:  no*****  occupancy:    B          ***2015 MSBC***** occupant load: 79     ***** sprinklered: yes   ***** Tenant:  Nicollet Investments         ***Suite","metadescription":"Commercial. Remodel. Tenant Improvement *****  certificate of occupancy required:  no   ***** special inspections required:  no*****  occupancy:    B          ***2015 MSBC***** occupant load: 79     ***** sprinklered: yes   ***** Tenant:  Nicollet Investments         ***Suite. Closed","address":null,"x":"-93.27883","y":"44.9895900000001","value":"218000","display":"800 WASHINGTON AVE N","issuedate":"2020/02/07 14:29:07+00","milestone":"Closed","completedate":"2021/10/20 09:29:12+00","applicantcity":"Minneapolis","applicantaddress1":"730 2nd Ave S"},"geometry":{"type":"Point","coordinates":[-93.27883,44.98959]}},{"type":"Feature","properties":{"date":null,"year":0,"description":"Tenant Improvement - Unit 450, COTY Inc  certificate of occupancy required:  no     special inspections required:  no      const type:  1A       occupancy:   B           2020 MSBC  occupant load:  71       sprinklered: yes        architect:   Douglas Kahl","metadescription":"Commercial. Remodel. Tenant Improvement - Unit 450, COTY Inc  certificate of occupancy required:  no     special inspections required:  no      const type:  1A       occupancy:   B           2020 MSBC  occupant load:  71       sprinklered: yes        architect:   Douglas Kahl. Closed","address":null,"x":"-93.27385","y":"44.9756400000001","value":"180040","display":"800 NICOLLET MALL","fullname":"PIEDMONT-800 NIC AVE OWN LLC","issuedate":"2024/07/11 15:06:24+00","milestone":"Closed","completedate":"2024/10/15 12:34:25+00","applicantcity":"Eden Prairie","applicantaddress1":"7148 Shady Oak Rd"},"geometry":{"type":"Point","coordinates":[-93.27385,44.97564]}},{"type":"Feature","properties":{"date":null,"year":0,"description":"suite # 2800 tenant improvement.  28TH FLOOR.  REMODEL OF SPACE FOR NEW TENANT.  NON COMBUSTIBLE CONSTRUCTION.  NO CHANGE OF EXISTING.  (JJL)***********     certificate of occupancy required:    no***************** mechanical plans required for certificat","metadescription":"Commercial. Remodel. suite # 2800 tenant improvement.  28TH FLOOR.  REMODEL OF SPACE FOR NEW TENANT.  NON COMBUSTIBLE CONSTRUCTION.  NO CHANGE OF EXISTING.  (JJL)***********     certificate of occupancy required:    no***************** mechanical plans required for certificat. Closed","address":null,"x":"-93.27385","y":"44.9756400000001","value":"224000","display":"800 NICOLLET MALL","fullname":"PIEDMONT-800 NIC AVE OWN LLC","issuedate":"2019/06/05 11:12:33+00","milestone":"Closed","completedate":"2019/08/28 12:04:51+00","applicantcity":"MINNEAPOLIS","applicantaddress1":"730 2nd Ave S #1233"},"geometry":{"type":"Point","coordinates":[-93.27385,44.97564]}},{"type":"Feature","properties":{"date":null,"year":0,"description":"Interior improvements for a Nordstrom Rack dept. store in an existing retail space. tenant improvement work includes finishes, stock storage, non structural partitions, new sales floor,Personnel offices and associated electrical, plumbing, and mechanical","metadescription":"Commercial. Remodel. Interior improvements for a Nordstrom Rack dept. store in an existing retail space. tenant improvement work includes finishes, stock storage, non structural partitions, new sales floor,Personnel offices and associated electrical, plumbing, and mechanical. Closed","address":null,"x":"-93.27207","y":"44.9760900000001","value":"2400000","display":"80 8TH ST S","fullname":"BRI 1855 IDS CENTER LLC","issuedate":"2017/03/27 10:12:16+00","milestone":"Closed","completedate":"2017/08/29 12:13:14+00","applicantcity":"seattle","applicantaddress1":"1700 7th ave #700"},"geometry":{"type":"Point","coordinates":[-93.27207,44.97609]}},{"type":"Feature","properties":{"date":null,"year":0,"description":"HVAC system for tenant finish out including 12 fan powered boxes and 22 vav boxes, on split heat pump unit, one exhaust fan, one booster pump for hydronic system, hydronic piping, server room CRAC unit and all associated duct and diffusers. Refer to attac","metadescription":"Mechanical. Comm-MFD. HVAC system for tenant finish out including 12 fan powered boxes and 22 vav boxes, on split heat pump unit, one exhaust fan, one booster pump for hydronic system, hydronic piping, server room CRAC unit and all associated duct and diffusers. Refer to attac. Closed","address":null,"x":"-93.27513","y":"44.97641","value":"132030","display":"800 LASALLE AVE","fullname":"ZELLER-800 LASALLE AVE LLC","issuedate":"2019/11/25 09:17:16+00","milestone":"Closed","completedate":"2020/01/08 16:02:45+00","applicantcity":"Vadnais Heights","applicantaddress1":"1001 Labore Industrial Court #B"},"geometry":{"type":"Point","coordinates":[-93.27513,44.97641]}},{"type":"Feature","properties":{"date":null,"year":0,"description":"Tenant finish of existing space","metadescription":"Plumbing. ComNoFdBv. Tenant finish of existing space. Closed","address":null,"x":"-93.28995","y":"44.9995200000001","value":"0","display":"800 WEST BROADWAY","fullname":"800 WEST BROADWAY LLC","issuedate":"2018/11/08 10:25:48+00","milestone":"Closed","completedate":"2019/06/21 11:23:26+00","applicantcity":"Shakopee","applicantaddress1":"1257 Marschall Rd"},"geometry":{"type":"Point","coordinates":[-93.28995,44.99952]}},{"type":"Feature","properties":{"date":null,"year":0,"description":"TENANT FINISH (FULL FLOOR) OF 8TH FLOOR OFFICE.           DTC-1   ALTERNATE APPROVED 3/26/2018 TO PERMIT SMOKE GUARD AT ELEVATOR  RATHER THAN SMOKE DOORS AT LOBBY. (ALTERNATE ON FILE)   HIGH RISE - YES, BUT LESS THAN 120' TO TOP FLOOR.    certificate of o","metadescription":"Commercial. Remodel. TENANT FINISH (FULL FLOOR) OF 8TH FLOOR OFFICE.           DTC-1   ALTERNATE APPROVED 3/26/2018 TO PERMIT SMOKE GUARD AT ELEVATOR  RATHER THAN SMOKE DOORS AT LOBBY. (ALTERNATE ON FILE)   HIGH RISE - YES, BUT LESS THAN 120' TO TOP FLOOR.    certificate of o. Closed","address":null,"x":"-93.27883","y":"44.9895900000001","value":"466978","display":"800 WASHINGTON AVE N","issuedate":"2018/03/06 11:54:08+00","milestone":"Closed","completedate":"2018/05/18 13:26:40+00","applicantcity":"MINNEAPOLIS","applicantaddress1":"730 2ND AVE S #1233"},"geometry":{"type":"Point","coordinates":[-93.27883,44.98959]}},{"type":"Feature","properties":{"date":null,"year":0,"description":"PLUMBING WORK FOR FIRST FLOOR FOOD MARKET, KITCHENS AND RESTROOMS. NORTH LOOP GALLEY   INITIAL TENANT FINISH   PLAN APPROVED WITHOUT REVIEW - CONTACT PLUMBING INSPECTOR AT START OF WORK.","metadescription":"Plumbing. ComFdBv. PLUMBING WORK FOR FIRST FLOOR FOOD MARKET, KITCHENS AND RESTROOMS. NORTH LOOP GALLEY   INITIAL TENANT FINISH   PLAN APPROVED WITHOUT REVIEW - CONTACT PLUMBING INSPECTOR AT START OF WORK.. Closed","address":null,"x":"-93.27735","y":"44.98749","value":"0","display":"729 WASHINGTON AVE N","issuedate":"2019/05/07 11:29:42+00","milestone":"Closed","completedate":"2019/11/22 15:15:54+00","applicantcity":"Eagan","applicantaddress1":"1975 Seneca Road #100"},"geometry":{"type":"Point","coordinates":[-93.27735,44.98749]}},{"type":"Feature","properties":{"date":null,"year":0,"description":"TENANT IMPROVEMENT FOR NEW OFFICE SPACE IN EXISTING COMMERCIAL BUILDING. AAJ#1     certificate of occupancy required: NO mechanical plans required for certificate of occupancy mechanical plans/letter of means of compliance submitted\\ special inspections r","metadescription":"Commercial. Remodel. TENANT IMPROVEMENT FOR NEW OFFICE SPACE IN EXISTING COMMERCIAL BUILDING. AAJ#1     certificate of occupancy required: NO mechanical plans required for certificate of occupancy mechanical plans/letter of means of compliance submitted\\ special inspections r. Closed","address":null,"x":"-93.27883","y":"44.9895900000001","value":"81951","display":"800 WASHINGTON AVE N","issuedate":"2017/02/27 11:46:36+00","milestone":"Closed","completedate":"2017/03/31 14:30:24+00","applicantcity":"PLYMOUTH","applicantaddress1":"14700 28TH AVE N STE 30"},"geometry":{"type":"Point","coordinates":[-93.27883,44.98959]}},{"type":"Feature","properties":{"date":null,"year":0,"description":"tenant improvement  Adding kitchenette, and some conference rooms.  (JJL)     certificate of occupancy required    no mechanical plans required for certificate of occupancy mechanical plans/letter of means of compliance submitted\\ special inspections requ","metadescription":"Commercial. Remodel. tenant improvement  Adding kitchenette, and some conference rooms.  (JJL)     certificate of occupancy required    no mechanical plans required for certificate of occupancy mechanical plans/letter of means of compliance submitted\\ special inspections requ. Closed","address":null,"x":"-93.27385","y":"44.9756400000001","value":"115500","display":"800 NICOLLET MALL","fullname":"PIEDMONT-800 NIC AVE OWN LLC","issuedate":"2018/03/19 11:10:06+00","milestone":"Closed","completedate":"2019/05/31 13:37:56+00","applicantcity":"ROGERS","applicantaddress1":"21025 COMMERCE BLVD"},"geometry":{"type":"Point","coordinates":[-93.27385,44.97564]}},{"type":"Feature","properties":{"date":null,"year":0,"description":"TENANT IMPROVEMENT.  NO STRUCTURAL WORK.  (JJL)     certificate of occupancy required    no  special inspections required    no  const type:  IIB       occupancy:    M/B          2020 MSBC occupant load:  58 sprinklered: no   elevator review ____NA____ 20","metadescription":"Commercial. Remodel. TENANT IMPROVEMENT.  NO STRUCTURAL WORK.  (JJL)     certificate of occupancy required    no  special inspections required    no  const type:  IIB       occupancy:    M/B          2020 MSBC occupant load:  58 sprinklered: no   elevator review ____NA____ 20. Closed","address":null,"x":"-93.2468499999999","y":"44.96441","value":"290000","display":"815 CEDAR AVE S","fullname":"SPOTTED DOG HOLDINGS LLC","issuedate":"2021/09/13 13:50:17+00","milestone":"Closed","completedate":"2024/04/11 11:55:20+00","applicantcity":"Chaska","applicantaddress1":"1345 Broadview Avenue"},"geometry":{"type":"Point","coordinates":[-93.24685,44.96441]}},{"type":"Feature","properties":{"date":null,"year":0,"description":"TENANT IMPROVEMENT INTERIOR REMODEL WORK OF EXISTING TENANT SPACE - SUITE 2680 IN 800 NICOLLET MALL - US BANCORP CENTER COMMERCIAL BUILDING. AAJ (PROJECT DOX PLANS)     certificate of occupancy required: NO  mechanical plans required for certificate of oc","metadescription":"Commercial. Remodel. TENANT IMPROVEMENT INTERIOR REMODEL WORK OF EXISTING TENANT SPACE - SUITE 2680 IN 800 NICOLLET MALL - US BANCORP CENTER COMMERCIAL BUILDING. AAJ (PROJECT DOX PLANS)     certificate of occupancy required: NO  mechanical plans required for certificate of oc. Closed","address":null,"x":"-93.27385","y":"44.9756400000001","value":"297641","display":"800 NICOLLET MALL","fullname":"PIEDMONT-800 NIC AVE OWN LLC","issuedate":"2024/10/15 14:38:31+00","milestone":"Closed","completedate":"2025/04/01 10:58:55+00","applicantcity":"Minneapolis","applicantaddress1":"121 8th St S"},"geometry":{"type":"Point","coordinates":[-93.27385,44.97564]}},{"type":"Feature","properties":{"date":null,"year":0,"description":"PLUMBING WORK FOR FIRST FLOOR FOOD MARKET, KITCHENS AND RESTROOMS. NORTH LOOP GALLEY   INITIAL TENANT FINISH   PLAN APPROVED WITHOUT REVIEW - CONTACT PLUMBING INSPECTOR AT START OF WORK.","metadescription":"Plumbing. ComFdBv. PLUMBING WORK FOR FIRST FLOOR FOOD MARKET, KITCHENS AND RESTROOMS. NORTH LOOP GALLEY   INITIAL TENANT FINISH   PLAN APPROVED WITHOUT REVIEW - CONTACT PLUMBING INSPECTOR AT START OF WORK.. Closed","address":null,"x":"-93.27759","y":"44.98729","value":"0","display":"729 WASHINGTON AVE N","issuedate":"2019/05/07 11:29:42+00","milestone":"Closed","completedate":"2019/11/22 15:15:54+00","applicantcity":"Eagan","applicantaddress1":"1975 Seneca Road #100"},"geometry":{"type":"Point","coordinates":[-93.27759,44.98729]}},{"type":"Feature","properties":{"date":null,"year":0,"description":"PLUMBING WORK FOR FIRST FLOOR FOOD MARKET, KITCHENS AND RESTROOMS. NORTH LOOP GALLEY   INITIAL TENANT FINISH   PLAN APPROVED WITHOUT REVIEW - CONTACT PLUMBING INSPECTOR AT START OF WORK.","metadescription":"Plumbing. ComFdBv. PLUMBING WORK FOR FIRST FLOOR FOOD MARKET, KITCHENS AND RESTROOMS. NORTH LOOP GALLEY   INITIAL TENANT FINISH   PLAN APPROVED WITHOUT REVIEW - CONTACT PLUMBING INSPECTOR AT START OF WORK.. Closed","address":null,"x":"-93.2778499999999","y":"44.98711","value":"0","display":"729 WASHINGTON AVE N","issuedate":"2019/05/07 11:29:42+00","milestone":"Closed","completedate":"2019/11/22 15:15:54+00","applicantcity":"Eagan","applicantaddress1":"1975 Seneca Road #100"},"geometry":{"type":"Point","coordinates":[-93.27785,44.98711]}},{"type":"Feature","properties":{"date":null,"year":0,"description":"PLUMBING WORK FOR FIRST FLOOR FOOD MARKET, KITCHENS AND RESTROOMS. NORTH LOOP GALLEY   INITIAL TENANT FINISH   PLAN APPROVED WITHOUT REVIEW - CONTACT PLUMBING INSPECTOR AT START OF WORK.","metadescription":"Plumbing. ComFdBv. PLUMBING WORK FOR FIRST FLOOR FOOD MARKET, KITCHENS AND RESTROOMS. NORTH LOOP GALLEY   INITIAL TENANT FINISH   PLAN APPROVED WITHOUT REVIEW - CONTACT PLUMBING INSPECTOR AT START OF WORK.. Closed","address":null,"x":"-93.27817","y":"44.98771","value":"0","display":"729 WASHINGTON AVE N","issuedate":"2019/05/07 11:29:42+00","milestone":"Closed","completedate":"2019/11/22 15:15:54+00","applicantcity":"Eagan","applicantaddress1":"1975 Seneca Road #100"},"geometry":{"type":"Point","coordinates":[-93.27817,44.98771]}},{"type":"Feature","properties":{"date":null,"year":0,"description":"TENANT IMPROVEMENT 15TH FLOOR SUITE 1535 - APPROX 2500 SQ FT.    SCK#1","metadescription":"Commercial. Remodel. TENANT IMPROVEMENT 15TH FLOOR SUITE 1535 - APPROX 2500 SQ FT.    SCK#1. Closed","address":null,"x":"-93.27513","y":"44.97641","value":"112076","display":"800 LASALLE AVE","fullname":"ZELLER-800 LASALLE AVE LLC","issuedate":"2017/07/05 14:35:09+00","milestone":"Closed","completedate":"2017/10/06 13:14:53+00","applicantcity":"MINNEAPOLIS","applicantaddress1":"ATTN TODD HAYES"},"geometry":{"type":"Point","coordinates":[-93.27513,44.97641]}},{"type":"Feature","properties":{"date":null,"year":0,"description":"4TH FLOOR TENANT IMPROVEMENT.    SINGLE TENANT - ALSO OCCUPIES 5, 6, AND 7.   sck*****  certificate of occupancy required:  yes   **********   const type:   1B      occupancy:         B     2015 MSBC************** sprinklered: yes  ********** Tenant:","metadescription":"Commercial. Remodel. 4TH FLOOR TENANT IMPROVEMENT.    SINGLE TENANT - ALSO OCCUPIES 5, 6, AND 7.   sck*****  certificate of occupancy required:  yes   **********   const type:   1B      occupancy:         B     2015 MSBC************** sprinklered: yes  ********** Tenant:. Closed","address":null,"x":"-93.27854","y":"44.9880400000001","value":"2000000","display":"729 WASHINGTON AVE N","issuedate":"2019/08/09 12:03:31+00","milestone":"Closed","completedate":"2022/07/14 06:48:18+00","applicantcity":"MINNEAPOLIS","applicantaddress1":"1220 MARSHALL ST"},"geometry":{"type":"Point","coordinates":[-93.27854,44.98804]}},{"type":"Feature","properties":{"date":null,"year":0,"description":"INTERIOR TENANT FINISH APPROX 4,030 SF FOR OFFICES AT SUITE 1350     certificate of occupancy required :no special inspections required:no  const type:    I-A     occupancy:   B           2015 MSBC occupant load:  41 sprinklered: yes energy code chapter u","metadescription":"Commercial. Remodel. INTERIOR TENANT FINISH APPROX 4,030 SF FOR OFFICES AT SUITE 1350     certificate of occupancy required :no special inspections required:no  const type:    I-A     occupancy:   B           2015 MSBC occupant load:  41 sprinklered: yes energy code chapter u. Closed","address":null,"x":"-93.271","y":"44.9755500000001","value":"184962","display":"733 MARQUETTE AVE","fullname":"ST PAUL FIRE & MARINE INS CO","issuedate":"2017/06/06 12:02:09+00","milestone":"Closed","completedate":"2017/08/01 13:23:04+00","applicantcity":"MINNEAPOLIS","applicantaddress1":"1087 10TH AVE SE"},"geometry":{"type":"Point","coordinates":[-93.271,44.97555]}},{"type":"Feature","properties":{"date":null,"year":0,"description":"Tenant Improvement in existing building -ACW     certificate of occupancy required:    no     special inspections required:  no     const type:  IA       occupancy:    B          2020 MSBC  occupant load:      48  sprinklered: yes       Floor(s):  30 + 3","metadescription":"Commercial. Remodel. Tenant Improvement in existing building -ACW     certificate of occupancy required:    no     special inspections required:  no     const type:  IA       occupancy:    B          2020 MSBC  occupant load:      48  sprinklered: yes       Floor(s):  30 + 3. Issued","address":null,"x":"-93.27513","y":"44.97641","value":"103745","display":"800 LASALLE AVE","fullname":"ZELLER-800 LASALLE AVE LLC","issuedate":"2025/08/05 08:21:13+00","milestone":"Inspection","applicantcity":"Eden Prairie","applicantaddress1":"10050 Crosstown Circle, Suite 110"},"geometry":{"type":"Point","coordinates":[-93.27513,44.97641]}},{"type":"Feature","properties":{"date":null,"year":0,"description":"Tenant Improvement - Suite 1400 *****  certificate of occupancy required:  no   ***** mechanical plans required for certificate of occupancy***** mechanical plans/letter of means of compliance submitted\\***** special inspections required:   no*****  const","metadescription":"Commercial. Remodel. Tenant Improvement - Suite 1400 *****  certificate of occupancy required:  no   ***** mechanical plans required for certificate of occupancy***** mechanical plans/letter of means of compliance submitted\\***** special inspections required:   no*****  const. Closed","address":null,"x":"-93.2704899999999","y":"44.9752800000001","value":"439308","display":"730 2ND AVE S","fullname":"ST PAUL FIRE & MARINE INS CO","issuedate":"2019/10/10 09:11:06+00","milestone":"Closed","completedate":"2019/12/06 12:06:47+00","applicantcity":"MINNEAPOLIS","applicantaddress1":"730 2ND AVE S SUITE 1233"},"geometry":{"type":"Point","coordinates":[-93.27049,44.97528]}},{"type":"Feature","properties":{"date":null,"year":0,"description":"Tenant finish out of HVAC system  adding fan-powered boxes, vav boxes, hot water piping, supply diffusers, return grilles and all associated duct work. Refer to attached drawings.","metadescription":"Mechanical. ComMFDNR. Tenant finish out of HVAC system  adding fan-powered boxes, vav boxes, hot water piping, supply diffusers, return grilles and all associated duct work. Refer to attached drawings.. Closed","address":null,"x":"-93.27759","y":"44.98729","value":"288815","display":"729 WASHINGTON AVE N","issuedate":"2021/07/06 08:32:11+00","milestone":"Closed","completedate":"2021/08/26 07:08:23+00","applicantcity":"Minneapolis","applicantaddress1":"2318 1st St NE"},"geometry":{"type":"Point","coordinates":[-93.27759,44.98729]}},{"type":"Feature","properties":{"date":null,"year":0,"description":"TENANT IMPROVEMENT FOR EXPANSION OF EXISTNG TENANT SPACE IN EXISTING COMMERCIAL BUILDING. AAJ#1   certificate of occupancy required: NO mechanical plans required for certificate of occupancy mechanical plans/letter of means of compliance submitted\\ specia","metadescription":"Commercial. Remodel. TENANT IMPROVEMENT FOR EXPANSION OF EXISTNG TENANT SPACE IN EXISTING COMMERCIAL BUILDING. AAJ#1   certificate of occupancy required: NO mechanical plans required for certificate of occupancy mechanical plans/letter of means of compliance submitted\\ specia. Closed","address":null,"x":"-93.2736199999999","y":"44.97448","value":"129980","display":"81 9TH ST S","fullname":"Y-Q ASSOCIATES LTD PARTNERSHIP","issuedate":"2019/06/04 10:04:17+00","milestone":"Closed","completedate":"2019/08/22 12:36:29+00","applicantcity":"MINNEAPOLIS","applicantaddress1":"50 6TH ST S STE 1413"},"geometry":{"type":"Point","coordinates":[-93.27362,44.97448]}},{"type":"Feature","properties":{"date":null,"year":0,"description":"TENANT IMPROVEMENT TO CREATE NEW DEMISING WALLS TO ENCLOSE ELEVATOR LOBBY AREA AND TWO FUTURE OFFICE SUITES(SHELL BUILD OUT ONLY) - SUITE #500 AND SUITE#530. AAJ#1        certificate of occupancy required : NO  mechanical plans required for certificate of","metadescription":"Commercial. Remodel. TENANT IMPROVEMENT TO CREATE NEW DEMISING WALLS TO ENCLOSE ELEVATOR LOBBY AREA AND TWO FUTURE OFFICE SUITES(SHELL BUILD OUT ONLY) - SUITE #500 AND SUITE#530. AAJ#1        certificate of occupancy required : NO  mechanical plans required for certificate of. Closed","address":null,"x":"-93.27527","y":"44.9902000000001","value":"11400","display":"724 1ST ST N","fullname":"724 OFFICE ASSOCIATES LLC","issuedate":"2017/10/12 16:16:11+00","milestone":"Closed","completedate":"2018/01/16 11:24:09+00","applicantcity":"EDINA","applicantaddress1":"4600 W 77TH SUITE 275"},"geometry":{"type":"Point","coordinates":[-93.27527,44.9902]}},{"type":"Feature","properties":{"date":null,"year":0,"description":"PLUMBING WORK FOR FIRST FLOOR FOOD MARKET, KITCHENS AND RESTROOMS. NORTH LOOP GALLEY   INITIAL TENANT FINISH   PLAN APPROVED WITHOUT REVIEW - CONTACT PLUMBING INSPECTOR AT START OF WORK.","metadescription":"Plumbing. ComFdBv. PLUMBING WORK FOR FIRST FLOOR FOOD MARKET, KITCHENS AND RESTROOMS. NORTH LOOP GALLEY   INITIAL TENANT FINISH   PLAN APPROVED WITHOUT REVIEW - CONTACT PLUMBING INSPECTOR AT START OF WORK.. Closed","address":null,"x":"-93.27854","y":"44.9880400000001","value":"0","display":"729 WASHINGTON AVE N","issuedate":"2019/05/07 11:29:42+00","milestone":"Closed","completedate":"2019/11/22 15:15:54+00","applicantcity":"Eagan","applicantaddress1":"1975 Seneca Road #100"},"geometry":{"type":"Point","coordinates":[-93.27854,44.98804]}},{"type":"Feature","properties":{"date":null,"year":0,"description":"RANDSTAD SUITE 2600.  TENANT IMPROVEMENT.  (JJL)     certificate of occupancy required:    no   ***** special inspections required:   no*****  const type:  IA       ***occupancy:   B           ***2020 MSBC***** occupant load: 122     ***** sprinklered: ye","metadescription":"Commercial. Remodel. RANDSTAD SUITE 2600.  TENANT IMPROVEMENT.  (JJL)     certificate of occupancy required:    no   ***** special inspections required:   no*****  const type:  IA       ***occupancy:   B           ***2020 MSBC***** occupant load: 122     ***** sprinklered: ye. Closed","address":null,"x":"-93.27207","y":"44.9760900000001","value":"275000","display":"80 8TH ST S","fullname":"BRI 1855 IDS CENTER LLC","issuedate":"2022/02/17 12:20:18+00","milestone":"Closed","completedate":"2022/05/02 10:42:33+00","applicantcity":"Minneapolis","applicantaddress1":"1201 Marquette Ave S"},"geometry":{"type":"Point","coordinates":[-93.27207,44.97609]}},{"type":"Feature","properties":{"date":null,"year":0,"description":"Tenant Improvement - Suite 4200 - INTERIOR DEMO ONLY  certificate of occupancy required:  no    special inspections required:  no  const type:   1A      occupancy:    B          2020 MSBC sprinklered: Partial   architect:  Mary Hustad  #17408","metadescription":"Commercial. Remodel. Tenant Improvement - Suite 4200 - INTERIOR DEMO ONLY  certificate of occupancy required:  no    special inspections required:  no  const type:   1A      occupancy:    B          2020 MSBC sprinklered: Partial   architect:  Mary Hustad  #17408. Closed","address":null,"x":"-93.27207","y":"44.9760900000001","value":"114283","display":"80 8TH ST S","fullname":"BRI 1855 IDS CENTER LLC","issuedate":"2022/02/17 10:32:26+00","milestone":"Closed","completedate":"2023/03/30 06:20:30+00","applicantcity":"Minneapolis","applicantaddress1":"121 8th St, Ste 1200"},"geometry":{"type":"Point","coordinates":[-93.27207,44.97609]}},{"type":"Feature","properties":{"date":null,"year":0,"description":"Tenant Improvement - new adult daycare - comfort senior care     CERTIFICATE OF OCCUPANCY REQUIRED - AN AUTHORIZED REPRESENTATIVE OF THE PERMIT APPLICANT MUST CALL 612-673-2327 TO SCHEDULE A CERTIFICATE OF OCCUPANCY INSPECTION TWENTY (20) BUSINESS DAYS BE","metadescription":"Commercial. Remodel. Tenant Improvement - new adult daycare - comfort senior care     CERTIFICATE OF OCCUPANCY REQUIRED - AN AUTHORIZED REPRESENTATIVE OF THE PERMIT APPLICANT MUST CALL 612-673-2327 TO SCHEDULE A CERTIFICATE OF OCCUPANCY INSPECTION TWENTY (20) BUSINESS DAYS BE. Closed","address":null,"x":"-93.26211","y":"44.96295","value":"25000","display":"806 FRANKLIN AVE E","fullname":"810 EAST FRANKLIN LLC","issuedate":"2024/04/29 08:51:00+00","milestone":"Closed","completedate":"2024/05/16 11:09:58+00","applicantcity":"Minneapolis","applicantaddress1":"806 E Franklin Ave"},"geometry":{"type":"Point","coordinates":[-93.26211,44.96295]}},{"type":"Feature","properties":{"date":null,"year":0,"description":"Tenant finish out of HVAC system  adding fan-powered boxes, vav boxes, hot water piping, supply diffusers, return grilles and all associated duct work. Refer to attached drawings.","metadescription":"Mechanical. ComMFDNR. Tenant finish out of HVAC system  adding fan-powered boxes, vav boxes, hot water piping, supply diffusers, return grilles and all associated duct work. Refer to attached drawings.. Closed","address":null,"x":"-93.27887","y":"44.98794","value":"288815","display":"729 WASHINGTON AVE N","issuedate":"2021/07/06 08:32:11+00","milestone":"Closed","completedate":"2021/08/26 07:08:23+00","applicantcity":"Minneapolis","applicantaddress1":"2318 1st St NE"},"geometry":{"type":"Point","coordinates":[-93.27887,44.98794]}},{"type":"Feature","properties":{"date":null,"year":0,"description":"SUITE 1280 TENANT IMPROVEMENT.     sck#1","metadescription":"Commercial. Remodel. SUITE 1280 TENANT IMPROVEMENT.     sck#1. Closed","address":null,"x":"-93.27207","y":"44.9760900000001","value":"9810","display":"80 8TH ST S","fullname":"BRI 1855 IDS CENTER LLC","issuedate":"2017/11/17 09:46:21+00","milestone":"Closed","completedate":"2018/01/10 09:49:21+00","applicantcity":"MINNEAPOLISS","applicantaddress1":"121 S 8TH SUITE 1200"},"geometry":{"type":"Point","coordinates":[-93.27207,44.97609]}},{"type":"Feature","properties":{"date":null,"year":0,"description":"Tenant improvement at suite #W1750 -ACW     certificate of occupancy required:    no     special inspections required:  no     occupancy:   B           2020 MSBC  occupant load:      48  sprinklered: yes       Tenant:     Community Reinvestment Fund","metadescription":"Commercial. Remodel. Tenant improvement at suite #W1750 -ACW     certificate of occupancy required:    no     special inspections required:  no     occupancy:   B           2020 MSBC  occupant load:      48  sprinklered: yes       Tenant:     Community Reinvestment Fund. Issued","address":null,"x":"-93.2728","y":"44.9755900000001","value":"53150","display":"801 NICOLLET MALL","fullname":"NICOLLETT OFFICE FEE OWNER, LLC","issuedate":"2026/05/28 08:32:17+00","milestone":"Inspection","applicantcity":"MINNEAPOLIS","applicantaddress1":"33 6TH ST  SUITE 4510"},"geometry":{"type":"Point","coordinates":[-93.2728,44.97559]}},{"type":"Feature","properties":{"date":null,"year":0,"description":"TENANT IMPROVEMENT AT SUITE 285 (MAA#01)     const type:  1-A       occupancy:    B          2015 MSBC occupant load:  31 sprinklered: YES  20% accessibility upgrades____FULLY______ Tenant: HENNEPIN PARTNERS          Floor(s):   architect:  RICHARD LUNDIN","metadescription":"Commercial. Remodel. TENANT IMPROVEMENT AT SUITE 285 (MAA#01)     const type:  1-A       occupancy:    B          2015 MSBC occupant load:  31 sprinklered: YES  20% accessibility upgrades____FULLY______ Tenant: HENNEPIN PARTNERS          Floor(s):   architect:  RICHARD LUNDIN. Closed","address":null,"x":"-93.2704899999999","y":"44.9752800000001","value":"231430","display":"730 2ND AVE S","fullname":"ST PAUL FIRE & MARINE INS CO","issuedate":"2018/08/08 08:35:20+00","milestone":"Closed","completedate":"2018/11/15 10:48:23+00","applicantcity":"Edina","applicantaddress1":"5280 W 74th ST"},"geometry":{"type":"Point","coordinates":[-93.27049,44.97528]}},{"type":"Feature","properties":{"date":null,"year":0,"description":"TENANT IMPROVEMENT FOR NEW OFFICE SUITE #810 IN EXISTING OFFICE BUILDING. AAJ (PROJECT DOX PLANS).     certificate of occupancy required: NO mechanical plans required for certificate of occupancy mechanical plans/letter of means of compliance submitted\\ s","metadescription":"Commercial. Remodel. TENANT IMPROVEMENT FOR NEW OFFICE SUITE #810 IN EXISTING OFFICE BUILDING. AAJ (PROJECT DOX PLANS).     certificate of occupancy required: NO mechanical plans required for certificate of occupancy mechanical plans/letter of means of compliance submitted\\ s. Closed","address":null,"x":"-93.2779","y":"44.9882000000001","value":"72219","display":"729 WASHINGTON AVE N","issuedate":"2020/06/23 08:53:46+00","milestone":"Closed","completedate":"2020/10/08 06:54:30+00","applicantcity":"Minneapolis","applicantaddress1":"729 Washington Ave N"},"geometry":{"type":"Point","coordinates":[-93.2779,44.9882]}},{"type":"Feature","properties":{"date":null,"year":0,"description":"Tenant finish out of HVAC system  adding fan-powered boxes, vav boxes, hot water piping, supply diffusers, return grilles and all associated duct work. Refer to attached drawings.","metadescription":"Mechanical. ComMFDNR. Tenant finish out of HVAC system  adding fan-powered boxes, vav boxes, hot water piping, supply diffusers, return grilles and all associated duct work. Refer to attached drawings.. Closed","address":null,"x":"-93.2779","y":"44.9882000000001","value":"288815","display":"729 WASHINGTON AVE N","issuedate":"2021/07/06 08:32:11+00","milestone":"Closed","completedate":"2021/08/26 07:08:23+00","applicantcity":"Minneapolis","applicantaddress1":"2318 1st St NE"},"geometry":{"type":"Point","coordinates":[-93.2779,44.9882]}},{"type":"Feature","properties":{"date":null,"year":0,"description":"TENANT IMPROVEMENT FOR NEW OFFICE SPACE IN EXISTING COMMERCIAL MIXED-USED BUILDING. AAJ#1        certificate of occupancy required: NO  mechanical plans required for certificate of occupancy  mechanical plans/letter of means of compliance submitted\\  spec","metadescription":"Commercial. Remodel. TENANT IMPROVEMENT FOR NEW OFFICE SPACE IN EXISTING COMMERCIAL MIXED-USED BUILDING. AAJ#1        certificate of occupancy required: NO  mechanical plans required for certificate of occupancy  mechanical plans/letter of means of compliance submitted\\  spec. Closed","address":null,"x":"-93.27385","y":"44.9756400000001","value":"190997","display":"800 NICOLLET MALL","fullname":"PIEDMONT-800 NIC AVE OWN LLC","issuedate":"2019/03/06 11:14:42+00","milestone":"Closed","completedate":"2019/04/26 09:32:25+00","applicantcity":"MINNEAPOLIS","applicantaddress1":"33 6TH ST  SUITE 4510"},"geometry":{"type":"Point","coordinates":[-93.27385,44.97564]}},{"type":"Feature","properties":{"date":null,"year":0,"description":"interior tenant finish unit # 200.  EXISTING LAYOUT TO STAY THE SAME.  ADDING BATHROOM AND MOTHERS ROOM.  MAJORITY OF WORK IS DEMO OF OLD FINISHES AND REPLACING WITH NEW FINISHES, NEW DOORS. FOX SPORTS NORTH (JJL)     certificate of occupancy required:","metadescription":"Commercial. Remodel. interior tenant finish unit # 200.  EXISTING LAYOUT TO STAY THE SAME.  ADDING BATHROOM AND MOTHERS ROOM.  MAJORITY OF WORK IS DEMO OF OLD FINISHES AND REPLACING WITH NEW FINISHES, NEW DOORS. FOX SPORTS NORTH (JJL)     certificate of occupancy required:. Closed","address":null,"x":"-93.27513","y":"44.97641","value":"190506","display":"800 LASALLE AVE","fullname":"ZELLER-800 LASALLE AVE LLC","issuedate":"2019/01/29 09:51:32+00","milestone":"Closed","completedate":"2020/03/25 10:47:10+00","applicantcity":"MINNEAPOLIS","applicantaddress1":"50 S 6TH ST"},"geometry":{"type":"Point","coordinates":[-93.27513,44.97641]}},{"type":"Feature","properties":{"date":null,"year":0,"description":"#1610 tenant improvements  certificate of occupancy required:   no    const type:    1-A     occupancy:     B         2020 MSBC  occupant load:   no change     sprinklered: yes    Tenant:   Spec Suite        Floor(s):  16th  architect:       engineer:","metadescription":"Commercial. Remodel. #1610 tenant improvements  certificate of occupancy required:   no    const type:    1-A     occupancy:     B         2020 MSBC  occupant load:   no change     sprinklered: yes    Tenant:   Spec Suite        Floor(s):  16th  architect:       engineer:. Closed","address":null,"x":"-93.27513","y":"44.97641","value":"33960","display":"800 LASALLE AVE","fullname":"ZELLER-800 LASALLE AVE LLC","issuedate":"2023/12/04 14:54:08+00","milestone":"Closed","completedate":"2024/03/07 08:43:14+00","applicantcity":"Minneapolis","applicantaddress1":"730 2nd Ave S #1233"},"geometry":{"type":"Point","coordinates":[-93.27513,44.97641]}},{"type":"Feature","properties":{"date":null,"year":0,"description":"4TH FLOOR TENANT IMPROVEMENT.    SINGLE TENANT - ALSO OCCUPIES 5, 6, AND 7.   sck*****  certificate of occupancy required:  yes   **********   const type:   1B      occupancy:         B     2015 MSBC************** sprinklered: yes  ********** Tenant:","metadescription":"Commercial. Remodel. 4TH FLOOR TENANT IMPROVEMENT.    SINGLE TENANT - ALSO OCCUPIES 5, 6, AND 7.   sck*****  certificate of occupancy required:  yes   **********   const type:   1B      occupancy:         B     2015 MSBC************** sprinklered: yes  ********** Tenant:. Closed","address":null,"x":"-93.27887","y":"44.98794","value":"2000000","display":"729 WASHINGTON AVE N","issuedate":"2019/08/09 12:03:31+00","milestone":"Closed","completedate":"2022/07/14 06:48:18+00","applicantcity":"MINNEAPOLIS","applicantaddress1":"1220 MARSHALL ST"},"geometry":{"type":"Point","coordinates":[-93.27887,44.98794]}},{"type":"Feature","properties":{"date":null,"year":0,"description":"TENANT IMPROVEMENT FOR NEW OFFICE SUITE #810 IN EXISTING OFFICE BUILDING. AAJ (PROJECT DOX PLANS).     certificate of occupancy required: NO mechanical plans required for certificate of occupancy mechanical plans/letter of means of compliance submitted\\ s","metadescription":"Commercial. Remodel. TENANT IMPROVEMENT FOR NEW OFFICE SUITE #810 IN EXISTING OFFICE BUILDING. AAJ (PROJECT DOX PLANS).     certificate of occupancy required: NO mechanical plans required for certificate of occupancy mechanical plans/letter of means of compliance submitted\\ s. Closed","address":null,"x":"-93.27759","y":"44.98729","value":"72219","display":"729 WASHINGTON AVE N","issuedate":"2020/06/23 08:53:46+00","milestone":"Closed","completedate":"2020/10/08 06:54:30+00","applicantcity":"Minneapolis","applicantaddress1":"729 Washington Ave N"},"geometry":{"type":"Point","coordinates":[-93.27759,44.98729]}},{"type":"Feature","properties":{"date":null,"year":0,"description":"4TH FLOOR TENANT IMPROVEMENT.    SINGLE TENANT - ALSO OCCUPIES 5, 6, AND 7.   sck*****  certificate of occupancy required:  yes   **********   const type:   1B      occupancy:         B     2015 MSBC************** sprinklered: yes  ********** Tenant:","metadescription":"Commercial. Remodel. 4TH FLOOR TENANT IMPROVEMENT.    SINGLE TENANT - ALSO OCCUPIES 5, 6, AND 7.   sck*****  certificate of occupancy required:  yes   **********   const type:   1B      occupancy:         B     2015 MSBC************** sprinklered: yes  ********** Tenant:. Closed","address":null,"x":"-93.27759","y":"44.98729","value":"2000000","display":"729 WASHINGTON AVE N","issuedate":"2019/08/09 12:03:31+00","milestone":"Closed","completedate":"2022/07/14 06:48:18+00","applicantcity":"MINNEAPOLIS","applicantaddress1":"1220 MARSHALL ST"},"geometry":{"type":"Point","coordinates":[-93.27759,44.98729]}},{"type":"Feature","properties":{"date":null,"year":0,"description":"PLUMBING WORK FOR FIRST FLOOR FOOD MARKET, KITCHENS AND RESTROOMS. NORTH LOOP GALLEY   INITIAL TENANT FINISH   PLAN APPROVED WITHOUT REVIEW - CONTACT PLUMBING INSPECTOR AT START OF WORK.","metadescription":"Plumbing. ComFdBv. PLUMBING WORK FOR FIRST FLOOR FOOD MARKET, KITCHENS AND RESTROOMS. NORTH LOOP GALLEY   INITIAL TENANT FINISH   PLAN APPROVED WITHOUT REVIEW - CONTACT PLUMBING INSPECTOR AT START OF WORK.. Closed","address":null,"x":"-93.2779","y":"44.9882000000001","value":"0","display":"729 WASHINGTON AVE N","issuedate":"2019/05/07 11:29:42+00","milestone":"Closed","completedate":"2019/11/22 15:15:54+00","applicantcity":"Eagan","applicantaddress1":"1975 Seneca Road #100"},"geometry":{"type":"Point","coordinates":[-93.2779,44.9882]}},{"type":"Feature","properties":{"date":null,"year":0,"description":"Tenant finish out of HVAC system  adding fan-powered boxes, vav boxes, hot water piping, supply diffusers, return grilles and all associated duct work. Refer to attached drawings.","metadescription":"Mechanical. ComMFDNR. Tenant finish out of HVAC system  adding fan-powered boxes, vav boxes, hot water piping, supply diffusers, return grilles and all associated duct work. Refer to attached drawings.. Closed","address":null,"x":"-93.2778499999999","y":"44.98711","value":"288815","display":"729 WASHINGTON AVE N","issuedate":"2021/07/06 08:32:11+00","milestone":"Closed","completedate":"2021/08/26 07:08:23+00","applicantcity":"Minneapolis","applicantaddress1":"2318 1st St NE"},"geometry":{"type":"Point","coordinates":[-93.27785,44.98711]}},{"type":"Feature","properties":{"date":null,"year":0,"description":"TENANT IMPROVEMENT SUITE 333.   certificate of occupancy required:  no   ***** special inspections required:  no*****  const type:  IV    ***occupancy:  B            ***2015 MSBC***** occupant load:   69   ***** sprinklered: yes   ***** Tenant:   Child Tr","metadescription":"Commercial. Remodel. TENANT IMPROVEMENT SUITE 333.   certificate of occupancy required:  no   ***** special inspections required:  no*****  const type:  IV    ***occupancy:  B            ***2015 MSBC***** occupant load:   69   ***** sprinklered: yes   ***** Tenant:   Child Tr. Closed","address":null,"x":"-93.27467","y":"44.9897700000001","value":"65000","display":"708 1ST ST N","fullname":"CHRISTOPHER R ODELL","issuedate":"2019/10/21 10:11:25+00","milestone":"Closed","completedate":"2021/07/23 07:36:37+00","applicantcity":"Minneapolis","applicantaddress1":"900 3rd St N"},"geometry":{"type":"Point","coordinates":[-93.27467,44.98977]}},{"type":"Feature","properties":{"date":null,"year":0,"description":"TENANT IMPROVEMENT FOR NEW OFFICE SUITE #810 IN EXISTING OFFICE BUILDING. AAJ (PROJECT DOX PLANS).     certificate of occupancy required: NO mechanical plans required for certificate of occupancy mechanical plans/letter of means of compliance submitted\\ s","metadescription":"Commercial. Remodel. TENANT IMPROVEMENT FOR NEW OFFICE SUITE #810 IN EXISTING OFFICE BUILDING. AAJ (PROJECT DOX PLANS).     certificate of occupancy required: NO mechanical plans required for certificate of occupancy mechanical plans/letter of means of compliance submitted\\ s. Closed","address":null,"x":"-93.27887","y":"44.98794","value":"72219","display":"729 WASHINGTON AVE N","issuedate":"2020/06/23 08:53:46+00","milestone":"Closed","completedate":"2020/10/08 06:54:30+00","applicantcity":"Minneapolis","applicantaddress1":"729 Washington Ave N"},"geometry":{"type":"Point","coordinates":[-93.27887,44.98794]}},{"type":"Feature","properties":{"date":null,"year":0,"description":"HVAC system for tenant finish out, including 77 VAV boxes and associated duct and supply and return registers. Refer to attached drawings.","metadescription":"Mechanical. Comm-MFD. HVAC system for tenant finish out, including 77 VAV boxes and associated duct and supply and return registers. Refer to attached drawings.. Closed","address":null,"x":"-93.27064","y":"44.9759300000001","value":"601340","display":"705 MARQUETTE AVE","fullname":"ST PAUL FIRE & MARINE INS CO","issuedate":"2019/11/15 09:15:16+00","milestone":"Closed","completedate":"2020/01/08 16:10:23+00","applicantcity":"SOUTH SAINT PAUL","applicantaddress1":"225 BRIDGEPOINT DR"},"geometry":{"type":"Point","coordinates":[-93.27064,44.97593]}},{"type":"Feature","properties":{"date":null,"year":0,"description":"Tenant improvement -ACW     certificate of occupancy required:   no     special inspections required:    no     const type:  IIB       occupancy:     B         2020 MSBC  occupant load:      6  sprinklered: yes       architect:  Bares, Tyler Karl","metadescription":"Commercial. Remodel. Tenant improvement -ACW     certificate of occupancy required:   no     special inspections required:    no     const type:  IIB       occupancy:     B         2020 MSBC  occupant load:      6  sprinklered: yes       architect:  Bares, Tyler Karl. Issued","address":null,"x":"-93.27735","y":"44.98749","value":"18000","display":"701 WASHINGTON AVE N","fullname":"701 WASHINGTON INVESTMENT LLC","issuedate":"2026/06/03 16:13:04+00","milestone":"Inspection","applicantcity":"Edina","applicantaddress1":"5280 74th St W"},"geometry":{"type":"Point","coordinates":[-93.27735,44.98749]}},{"type":"Feature","properties":{"date":null,"year":0,"description":"TENANT IMPROVEMENT FOR NEW OFFICE SUITE #810 IN EXISTING OFFICE BUILDING. AAJ (PROJECT DOX PLANS).     certificate of occupancy required: NO mechanical plans required for certificate of occupancy mechanical plans/letter of means of compliance submitted\\ s","metadescription":"Commercial. Remodel. TENANT IMPROVEMENT FOR NEW OFFICE SUITE #810 IN EXISTING OFFICE BUILDING. AAJ (PROJECT DOX PLANS).     certificate of occupancy required: NO mechanical plans required for certificate of occupancy mechanical plans/letter of means of compliance submitted\\ s. Closed","address":null,"x":"-93.27735","y":"44.98749","value":"72219","display":"729 WASHINGTON AVE N","issuedate":"2020/06/23 08:53:46+00","milestone":"Closed","completedate":"2020/10/08 06:54:30+00","applicantcity":"Minneapolis","applicantaddress1":"729 Washington Ave N"},"geometry":{"type":"Point","coordinates":[-93.27735,44.98749]}},{"type":"Feature","properties":{"date":null,"year":0,"description":"2nd Floor Tenant Improvement   certificate of occupancy required:  no   ***** special inspections required:  no *****  const type:  1B       ***occupancy:  B            ***2020 MSBC***** occupant load: 33     ***** sprinklered: yes   ***** Tenant:    Tran","metadescription":"Commercial. Remodel. 2nd Floor Tenant Improvement   certificate of occupancy required:  no   ***** special inspections required:  no *****  const type:  1B       ***occupancy:  B            ***2020 MSBC***** occupant load: 33     ***** sprinklered: yes   ***** Tenant:    Tran. Closed","address":null,"x":"-93.27014","y":"44.97565","value":"91350","display":"706 2ND AVE S","fullname":"ST PAUL FIRE & MARINE INS CO","issuedate":"2020/10/09 08:55:33+00","milestone":"Closed","completedate":"2021/02/25 09:46:19+00","applicantcity":"MINNEAPOLIS","applicantaddress1":"730 2ND AVE S"},"geometry":{"type":"Point","coordinates":[-93.27014,44.97565]}},{"type":"Feature","properties":{"date":null,"year":0,"description":"PLUMBING WORK FOR FIRST FLOOR FOOD MARKET, KITCHENS AND RESTROOMS. NORTH LOOP GALLEY   INITIAL TENANT FINISH   PLAN APPROVED WITHOUT REVIEW - CONTACT PLUMBING INSPECTOR AT START OF WORK.","metadescription":"Plumbing. ComFdBv. PLUMBING WORK FOR FIRST FLOOR FOOD MARKET, KITCHENS AND RESTROOMS. NORTH LOOP GALLEY   INITIAL TENANT FINISH   PLAN APPROVED WITHOUT REVIEW - CONTACT PLUMBING INSPECTOR AT START OF WORK.. Closed","address":null,"x":"-93.27842","y":"44.98828","value":"0","display":"729 WASHINGTON AVE N","issuedate":"2019/05/07 11:29:42+00","milestone":"Closed","completedate":"2019/11/22 15:15:54+00","applicantcity":"Eagan","applicantaddress1":"1975 Seneca Road #100"},"geometry":{"type":"Point","coordinates":[-93.27842,44.98828]}},{"type":"Feature","properties":{"date":null,"year":0,"description":"Tenant finish out of HVAC system  adding fan-powered boxes, vav boxes, hot water piping, supply diffusers, return grilles and all associated duct work. Refer to attached drawings.","metadescription":"Mechanical. ComMFDNR. Tenant finish out of HVAC system  adding fan-powered boxes, vav boxes, hot water piping, supply diffusers, return grilles and all associated duct work. Refer to attached drawings.. Closed","address":null,"x":"-93.27854","y":"44.9880400000001","value":"288815","display":"729 WASHINGTON AVE N","issuedate":"2021/07/06 08:32:11+00","milestone":"Closed","completedate":"2021/08/26 07:08:23+00","applicantcity":"Minneapolis","applicantaddress1":"2318 1st St NE"},"geometry":{"type":"Point","coordinates":[-93.27854,44.98804]}},{"type":"Feature","properties":{"date":null,"year":0,"description":"Tenant Improvement - New Dental Office Space - Suite C101  certificate of occupancy required:  no    special inspections required:  no  occupancy:   B           2020 MSBC occupant load:     11  sprinklered: yes    Tenant:  Minnesota Surgical & Dental Spec","metadescription":"Commercial. Remodel. Tenant Improvement - New Dental Office Space - Suite C101  certificate of occupancy required:  no    special inspections required:  no  occupancy:   B           2020 MSBC occupant load:     11  sprinklered: yes    Tenant:  Minnesota Surgical & Dental Spec. Closed","address":null,"x":"-93.26505","y":"44.9729300000001","value":"340000","display":"740 PORTLAND AVE #C101","fullname":"DEKADE TRUST LLC.","issuedate":"2021/07/30 09:12:38+00","milestone":"Closed","completedate":"2021/12/16 10:30:22+00","applicantcity":"Minneapolis","applicantaddress1":"740 Portland Ave  #1513"},"geometry":{"type":"Point","coordinates":[-93.26505,44.97293]}},{"type":"Feature","properties":{"date":null,"year":0,"description":"TENANT IMPROVEMENT FOR INTERIOR REMODEL OF FAIRVIEW PHARMACY OFFICES IN EXISTING MIXED-USED COMMERCIAL BUILDING. AAJ#1.     certificate of occupancy required: NO. EXISTING MIXED-USED OFFICE AND WAREHOUSE BUILDING.  mechanical plans required for certificat","metadescription":"Commercial. Remodel. TENANT IMPROVEMENT FOR INTERIOR REMODEL OF FAIRVIEW PHARMACY OFFICES IN EXISTING MIXED-USED COMMERCIAL BUILDING. AAJ#1.     certificate of occupancy required: NO. EXISTING MIXED-USED OFFICE AND WAREHOUSE BUILDING.  mechanical plans required for certificat. Closed","address":null,"x":"-93.21701","y":"44.98071","value":"375000","display":"700 24TH AVE SE","fullname":"KASOTA 24TH LLC","issuedate":"2018/03/13 09:21:58+00","milestone":"Closed","completedate":"2018/06/07 08:55:16+00","applicantcity":"ROSEVILLE","applicantaddress1":"2965 PARTRIDGE RD"},"geometry":{"type":"Point","coordinates":[-93.21701,44.98071]}},{"type":"Feature","properties":{"date":null,"year":0,"description":"Dunn Brothers Coffee - Tenant Improvement - Skyway Level  (Previous Tenant:  Caribou Coffee)  certificate of occupancy required:  no     special inspections required:  no      SEPARATE PERMITS ARE REQUIRED FOR ELECTRICAL, PLUMBING, AND HEATING/AIR CONDITI","metadescription":"Commercial. Remodel. Dunn Brothers Coffee - Tenant Improvement - Skyway Level  (Previous Tenant:  Caribou Coffee)  certificate of occupancy required:  no     special inspections required:  no      SEPARATE PERMITS ARE REQUIRED FOR ELECTRICAL, PLUMBING, AND HEATING/AIR CONDITI. Closed","address":null,"x":"-93.27083","y":"44.97695","value":"149949","display":"651 NICOLLET MALL","issuedate":"2024/09/13 09:23:41+00","milestone":"Closed","completedate":"2025/03/03 09:51:22+00","applicantcity":"MAPLE GROVE","applicantaddress1":"11102 86TH AVE N"},"geometry":{"type":"Point","coordinates":[-93.27083,44.97695]}},{"type":"Feature","properties":{"date":null,"year":0,"description":"Interior tenant finish-out work. Adding employee Break Room, cubicles, and office refurbishment.  certificate of occupancy required:   no     special inspections required:   no  const type:  2-B       occupancy:  B, F-1           2020 MSBC   occupant load","metadescription":"Commercial. Remodel. Interior tenant finish-out work. Adding employee Break Room, cubicles, and office refurbishment.  certificate of occupancy required:   no     special inspections required:   no  const type:  2-B       occupancy:  B, F-1           2020 MSBC   occupant load. Closed","address":null,"x":"-93.2254599999999","y":"44.99697","value":"125000","display":"650 TAFT ST NE","issuedate":"2023/09/22 13:51:04+00","milestone":"Closed","completedate":"2025/03/12 06:42:32+00","applicantcity":"St. Paul","applicantaddress1":"60 Plato Blvd, Suite 300"},"geometry":{"type":"Point","coordinates":[-93.22546,44.99697]}},{"type":"Feature","properties":{"date":null,"year":0,"description":"TENANT IMPROVEMENT FOR NEW OFFICE SUITE #810 IN EXISTING OFFICE BUILDING. AAJ (PROJECT DOX PLANS).     certificate of occupancy required: NO mechanical plans required for certificate of occupancy mechanical plans/letter of means of compliance submitted\\ s","metadescription":"Commercial. Remodel. TENANT IMPROVEMENT FOR NEW OFFICE SUITE #810 IN EXISTING OFFICE BUILDING. AAJ (PROJECT DOX PLANS).     certificate of occupancy required: NO mechanical plans required for certificate of occupancy mechanical plans/letter of means of compliance submitted\\ s. Closed","address":null,"x":"-93.2778499999999","y":"44.98711","value":"72219","display":"729 WASHINGTON AVE N","issuedate":"2020/06/23 08:53:46+00","milestone":"Closed","completedate":"2020/10/08 06:54:30+00","applicantcity":"Minneapolis","applicantaddress1":"729 Washington Ave N"},"geometry":{"type":"Point","coordinates":[-93.27785,44.98711]}},{"type":"Feature","properties":{"date":null,"year":0,"description":"4TH FLOOR TENANT IMPROVEMENT.    SINGLE TENANT - ALSO OCCUPIES 5, 6, AND 7.   sck*****  certificate of occupancy required:  yes   **********   const type:   1B      occupancy:         B     2015 MSBC************** sprinklered: yes  ********** Tenant:","metadescription":"Commercial. Remodel. 4TH FLOOR TENANT IMPROVEMENT.    SINGLE TENANT - ALSO OCCUPIES 5, 6, AND 7.   sck*****  certificate of occupancy required:  yes   **********   const type:   1B      occupancy:         B     2015 MSBC************** sprinklered: yes  ********** Tenant:. Closed","address":null,"x":"-93.2778499999999","y":"44.98711","value":"2000000","display":"729 WASHINGTON AVE N","issuedate":"2019/08/09 12:03:31+00","milestone":"Closed","completedate":"2022/07/14 06:48:18+00","applicantcity":"MINNEAPOLIS","applicantaddress1":"1220 MARSHALL ST"},"geometry":{"type":"Point","coordinates":[-93.27785,44.98711]}},{"type":"Feature","properties":{"date":null,"year":0,"description":"4TH FLOOR TENANT IMPROVEMENT.    SINGLE TENANT - ALSO OCCUPIES 5, 6, AND 7.   sck*****  certificate of occupancy required:  yes   **********   const type:   1B      occupancy:         B     2015 MSBC************** sprinklered: yes  ********** Tenant:","metadescription":"Commercial. Remodel. 4TH FLOOR TENANT IMPROVEMENT.    SINGLE TENANT - ALSO OCCUPIES 5, 6, AND 7.   sck*****  certificate of occupancy required:  yes   **********   const type:   1B      occupancy:         B     2015 MSBC************** sprinklered: yes  ********** Tenant:. Closed","address":null,"x":"-93.2779","y":"44.9882000000001","value":"2000000","display":"729 WASHINGTON AVE N","issuedate":"2019/08/09 12:03:31+00","milestone":"Closed","completedate":"2022/07/14 06:48:18+00","applicantcity":"MINNEAPOLIS","applicantaddress1":"1220 MARSHALL ST"},"geometry":{"type":"Point","coordinates":[-93.2779,44.9882]}},{"type":"Feature","properties":{"date":null,"year":0,"description":"Tenant improvement of an existing building for the purpose of a new ice cream shop (NO SEATING) (MAA#01)  SAC IS BASED ON 273 SQFT TO ACCOMODATE 18 SEATS   certificate of occupancy required  no  mechanical plans required for certificate of occupancy  mech","metadescription":"Commercial. Remodel. Tenant improvement of an existing building for the purpose of a new ice cream shop (NO SEATING) (MAA#01)  SAC IS BASED ON 273 SQFT TO ACCOMODATE 18 SEATS   certificate of occupancy required  no  mechanical plans required for certificate of occupancy  mech. Closed","address":null,"x":"-93.2648","y":"44.94813","value":"90000","display":"701 LAKE ST E","fullname":"JAKRIS LTD","issuedate":"2018/01/29 14:17:06+00","milestone":"Closed","completedate":"2018/06/12 08:42:52+00","applicantcity":"MINNEAPOLIS","applicantaddress1":"800 WASHINGTON AVE N STE. 208"},"geometry":{"type":"Point","coordinates":[-93.2648,44.94813]}},{"type":"Feature","properties":{"date":null,"year":0,"description":"Tenant Improvement adding 7 VAV boxes one transfer fan and all associated ductwork, supply diffusers and return grills. Refer to attached  drawings.","metadescription":"Mechanical. Comm-MFD. Tenant Improvement adding 7 VAV boxes one transfer fan and all associated ductwork, supply diffusers and return grills. Refer to attached  drawings.. Closed","address":null,"x":"-93.2729199999999","y":"44.97671","value":"66200","display":"700 NICOLLET MALL","fullname":"601 W COMPANIES MINNESOTA LLC","issuedate":"2020/04/14 09:43:32+00","milestone":"Closed","completedate":"2020/04/27 08:50:30+00","applicantcity":"Bloomington","applicantaddress1":"8850 Wentworth Ave S"},"geometry":{"type":"Point","coordinates":[-93.27292,44.97671]}},{"type":"Feature","properties":{"date":null,"year":0,"description":"Tenant Improvements  certificate of occupancy required:  no   ********** special inspections required:  no**********  const type:  1B       occupancy:  B            2015 MSBC************** occupant load: 455     ********** sprinklered: yes  ********** Ten","metadescription":"Commercial. Remodel. Tenant Improvements  certificate of occupancy required:  no   ********** special inspections required:  no**********  const type:  1B       occupancy:  B            2015 MSBC************** occupant load: 455     ********** sprinklered: yes  ********** Ten. Closed","address":null,"x":"-93.2729199999999","y":"44.97671","value":"1386425","display":"700 NICOLLET MALL","fullname":"601 W COMPANIES MINNESOTA LLC","issuedate":"2019/06/28 14:17:33+00","milestone":"Closed","completedate":"2019/12/17 12:42:03+00","applicantcity":"Minneapolis","applicantaddress1":"730 2nd Ave S"},"geometry":{"type":"Point","coordinates":[-93.27292,44.97671]}},{"type":"Feature","properties":{"date":null,"year":0,"description":"Tenant improvement | convert storage area to interior parking  certificate of occupancy required:  no     special inspections required:  no      const type:  2B       occupancy:    B          2020 MSBC  occupant load:    595    sprinklered: yes       Tena","metadescription":"Commercial. Remodel. Tenant improvement | convert storage area to interior parking  certificate of occupancy required:  no     special inspections required:  no      const type:  2B       occupancy:    B          2020 MSBC  occupant load:    595    sprinklered: yes       Tena. Closed","address":null,"x":"-93.28068","y":"44.9858800000001","value":"437822","display":"700 5TH ST N","issuedate":"2022/08/08 15:20:58+00","milestone":"Closed","completedate":"2022/11/23 07:12:44+00","applicantcity":"ROGERS","applicantaddress1":"21025 COMMERCE BLVD STE 1000"},"geometry":{"type":"Point","coordinates":[-93.28068,44.98588]}},{"type":"Feature","properties":{"date":null,"year":0,"description":"Tenant Fit Out - Identifix  |  CERTIFICATE OF OCCUPANCY REQUIRED - AN AUTHORIZED REPRESENTATIVE OF THE PERMIT APPLICANT MUST CALL 612-673-2327 TO SCHEDULE A CERTIFICATE OF OCCUPANCY INSPECTION TWENTY (20) BUSINESS DAYS BEFORE THE DATE OF DESIRED OCCUPANCY","metadescription":"Commercial. Remodel. Tenant Fit Out - Identifix  |  CERTIFICATE OF OCCUPANCY REQUIRED - AN AUTHORIZED REPRESENTATIVE OF THE PERMIT APPLICANT MUST CALL 612-673-2327 TO SCHEDULE A CERTIFICATE OF OCCUPANCY INSPECTION TWENTY (20) BUSINESS DAYS BEFORE THE DATE OF DESIRED OCCUPANCY. Closed","address":null,"x":"-93.28068","y":"44.9858800000001","value":"2000000","display":"700 5TH ST N","issuedate":"2019/08/06 11:02:58+00","milestone":"Closed","completedate":"2020/02/28 08:57:58+00","applicantcity":"MINNEAPOLIS","applicantaddress1":"730 2nd Ave S #1233"},"geometry":{"type":"Point","coordinates":[-93.28068,44.98588]}},{"type":"Feature","properties":{"date":null,"year":0,"description":"TENANT IMPROVEMENTS OF SUITE 100 (MAA)  certificate of occupancy required:  NO    const type:    II B     occupancy:      B, S-1        2020 MSBC occupant load:    60   sprinklered: YES   Tenant:  CSC SERVICE WORKS         Floor(s):   MAIN LEVEL sac: __ c","metadescription":"Commercial. Remodel. TENANT IMPROVEMENTS OF SUITE 100 (MAA)  certificate of occupancy required:  NO    const type:    II B     occupancy:      B, S-1        2020 MSBC occupant load:    60   sprinklered: YES   Tenant:  CSC SERVICE WORKS         Floor(s):   MAIN LEVEL sac: __ c. Closed","address":null,"x":"-93.2254599999999","y":"44.99697","value":"175250","display":"650 TAFT ST NE","issuedate":"2021/09/09 09:13:37+00","milestone":"Closed","completedate":"2023/09/26 10:44:50+00","applicantcity":"Edina","applicantaddress1":"5151 Edina Indstrial Blvd #650"},"geometry":{"type":"Point","coordinates":[-93.22546,44.99697]}},{"type":"Feature","properties":{"date":null,"year":0,"description":"HVAC for tenant Improvement, adding new VAV boxes and reusing existing fan powered boxes, one chilled water fan coil, chilled water  piping, supply\rdiffusers, return grilles and all associated duct work. Refer to attached drawings.","metadescription":"Mechanical. ComMFDNR. HVAC for tenant Improvement, adding new VAV boxes and reusing existing fan powered boxes, one chilled water fan coil, chilled water  piping, supply\rdiffusers, return grilles and all associated duct work. Refer to attached drawings.. Closed","address":null,"x":"-93.2729199999999","y":"44.97671","value":"220000","display":"700 NICOLLET MALL","fullname":"601 W COMPANIES MINNESOTA LLC","issuedate":"2021/05/13 10:22:03+00","milestone":"Closed","completedate":"2021/06/21 10:05:32+00","applicantcity":"Minneapolis","applicantaddress1":"2318 1st St NE"},"geometry":{"type":"Point","coordinates":[-93.27292,44.97671]}},{"type":"Feature","properties":{"date":null,"year":0,"description":"Tenant finish out HVAC system including four rooftop units with gas heat, one exhaust fan, gas piping, supply diffusers, return grills and all associated\rduct work. Refer to attached drawings.","metadescription":"Mechanical. Comm-MFD. Tenant finish out HVAC system including four rooftop units with gas heat, one exhaust fan, gas piping, supply diffusers, return grills and all associated\rduct work. Refer to attached drawings.. Closed","address":null,"x":"-93.2166099999999","y":"44.9799","value":"72000","display":"668 24TH AVE SE","fullname":"KASOTA 24TH LLC","issuedate":"2020/04/21 10:21:08+00","milestone":"Closed","completedate":"2021/08/19 11:00:51+00","applicantcity":"MINNEAPOLIS","applicantaddress1":"2318 1ST ST NE"},"geometry":{"type":"Point","coordinates":[-93.21661,44.9799]}},{"type":"Feature","properties":{"date":null,"year":0,"description":"TENANT IMPROVEMENT AND EXPNESION OF 4TH FLOOR OFFICE TO 3RD FLOOR (MAA)  ADD INTERNAL OPEN STAIRS AND ELEVATOR TO CONNECT 4TH AND 3RD FLOOR.  certificate of occupancy required:  NO  ***** special inspections required:  YES*****  const type:     II B    **","metadescription":"Commercial. Remodel. TENANT IMPROVEMENT AND EXPNESION OF 4TH FLOOR OFFICE TO 3RD FLOOR (MAA)  ADD INTERNAL OPEN STAIRS AND ELEVATOR TO CONNECT 4TH AND 3RD FLOOR.  certificate of occupancy required:  NO  ***** special inspections required:  YES*****  const type:     II B    **. Closed","address":null,"x":"-93.27137","y":"44.9771900000001","value":"414900","display":"651 NICOLLET MALL","issuedate":"2020/04/28 09:56:18+00","milestone":"Closed","completedate":"2020/08/26 14:13:48+00","applicantcity":"Minneapolis","applicantaddress1":"651 Nicollet Mall #450"},"geometry":{"type":"Point","coordinates":[-93.27137,44.97719]}},{"type":"Feature","properties":{"date":null,"year":0,"description":"tenant improvement suite 400 (MAA #02)    certificate of occupancy required  NO      const type:  IA       occupancy:    B          2015 MSBC occupant load:  45 sprinklered: YES  Tenant:  UNITED PROPERTIES         Floor(s): sac: _1.92_charges  _1.86_credi","metadescription":"Commercial. Remodel. tenant improvement suite 400 (MAA #02)    certificate of occupancy required  NO      const type:  IA       occupancy:    B          2015 MSBC occupant load:  45 sprinklered: YES  Tenant:  UNITED PROPERTIES         Floor(s): sac: _1.92_charges  _1.86_credi. Closed","address":null,"x":"-93.27083","y":"44.97695","value":"275524","display":"651 NICOLLET MALL","issuedate":"2017/12/04 13:48:43+00","milestone":"Closed","completedate":"2018/05/10 05:56:45+00","applicantcity":"BLOOMINGTON","applicantaddress1":"3600 AMERICAN BLVD W STE 750"},"geometry":{"type":"Point","coordinates":[-93.27083,44.97695]}},{"type":"Feature","properties":{"date":null,"year":0,"description":"TENANT IMPROVEMENT FOR EXPANSION OF EXISTING OFFICE SPACE IN OFFICE BUILDING. AAJ#1     certificate of occupancy required: NO mechanical plans required for certificate of occupancy mechanical plans/letter of means of compliance submitted\\ special inspecti","metadescription":"Commercial. Remodel. TENANT IMPROVEMENT FOR EXPANSION OF EXISTING OFFICE SPACE IN OFFICE BUILDING. AAJ#1     certificate of occupancy required: NO mechanical plans required for certificate of occupancy mechanical plans/letter of means of compliance submitted\\ special inspecti. Closed","address":null,"x":"-93.27735","y":"44.98749","value":"201253","display":"701 WASHINGTON AVE N","fullname":"701 WASHINGTON INVESTMENT LLC","issuedate":"2017/02/24 09:50:11+00","milestone":"Closed","completedate":"2017/04/27 09:22:27+00","applicantcity":"COON RAPIDS","applicantaddress1":"9255 EAST RIVER RD NW"},"geometry":{"type":"Point","coordinates":[-93.27735,44.98749]}},{"type":"Feature","properties":{"date":null,"year":0,"description":"Tenant Improvement - 1st Floor L01  certificate of occupancy required:  no ***** special inspections required:  no *****  occupancy:   M         ***  2015 MSBC ***** occupant load:  378  ***** sprinklered: yes  ***** Tenant:  Maker's Mart      ***   Floor","metadescription":"Commercial. Remodel. Tenant Improvement - 1st Floor L01  certificate of occupancy required:  no ***** special inspections required:  no *****  occupancy:   M         ***  2015 MSBC ***** occupant load:  378  ***** sprinklered: yes  ***** Tenant:  Maker's Mart      ***   Floor. Closed","address":null,"x":"-93.2729199999999","y":"44.97671","value":"1322178","display":"700 NICOLLET MALL","fullname":"601 W COMPANIES MINNESOTA LLC","issuedate":"2020/05/12 13:55:54+00","milestone":"Closed","completedate":"2020/06/30 12:41:56+00","applicantcity":"Minneapolis","applicantaddress1":"730 2nd Ave S"},"geometry":{"type":"Point","coordinates":[-93.27292,44.97671]}},{"type":"Feature","properties":{"date":null,"year":0,"description":"TENANT IMPROVEMENT      const type: V        occupancy: B             2020 MSBC  occupant load:   248  tenant: CANOPY MENTAL HEALTH     architect: Shultz, David R - 21488","metadescription":"Commercial. Remodel. TENANT IMPROVEMENT      const type: V        occupancy: B             2020 MSBC  occupant load:   248  tenant: CANOPY MENTAL HEALTH     architect: Shultz, David R - 21488. Closed","address":null,"x":"-93.2524299999999","y":"44.99125","value":"237165","display":"615 1ST AVE NE","fullname":"615 PROPERTIES LLC","issuedate":"2022/12/27 12:22:24+00","milestone":"Closed","completedate":"2023/03/27 12:38:54+00","applicantcity":"Minneapolis","applicantaddress1":"1087 10th Ave SE"},"geometry":{"type":"Point","coordinates":[-93.25243,44.99125]}},{"type":"Feature","properties":{"date":null,"year":0,"description":"tenant improvement suite 400 (MAA #02)    certificate of occupancy required  NO      const type:  IA       occupancy:    B          2015 MSBC occupant load:  45 sprinklered: YES  Tenant:  UNITED PROPERTIES         Floor(s): sac: _1.92_charges  _1.86_credi","metadescription":"Commercial. Remodel. tenant improvement suite 400 (MAA #02)    certificate of occupancy required  NO      const type:  IA       occupancy:    B          2015 MSBC occupant load:  45 sprinklered: YES  Tenant:  UNITED PROPERTIES         Floor(s): sac: _1.92_charges  _1.86_credi. Closed","address":null,"x":"-93.27137","y":"44.9771900000001","value":"275524","display":"651 NICOLLET MALL","issuedate":"2017/12/04 13:48:43+00","milestone":"Closed","completedate":"2018/05/10 05:56:45+00","applicantcity":"BLOOMINGTON","applicantaddress1":"3600 AMERICAN BLVD W STE 750"},"geometry":{"type":"Point","coordinates":[-93.27137,44.97719]}},{"type":"Feature","properties":{"date":null,"year":0,"description":"tenant improvement, Applicant brought in two sets of plan with a certificate of no change application for the additional work that is going to be done for this tenant improvement. Per Jeff Lazar, a new permit needed to be start for additional work related","metadescription":"Commercial. Remodel. tenant improvement, Applicant brought in two sets of plan with a certificate of no change application for the additional work that is going to be done for this tenant improvement. Per Jeff Lazar, a new permit needed to be start for additional work related. Closed","address":null,"x":"-93.27588","y":"44.98744","value":"60000","display":"606 WASHINGTON AVE N","fullname":"606 NORTH LOOP LLC","issuedate":"2019/11/12 14:31:12+00","milestone":"Closed","completedate":"2020/08/10 07:11:12+00","applicantcity":"Edina","applicantaddress1":"5151 Edina Industrial Blvd #650"},"geometry":{"type":"Point","coordinates":[-93.27588,44.98744]}},{"type":"Feature","properties":{"date":null,"year":0,"description":"TENANT IMPROVEMENT AND EXPNESION OF 4TH FLOOR OFFICE TO 3RD FLOOR (MAA)  ADD INTERNAL OPEN STAIRS AND ELEVATOR TO CONNECT 4TH AND 3RD FLOOR.  certificate of occupancy required:  NO  ***** special inspections required:  YES*****  const type:     II B    **","metadescription":"Commercial. Remodel. TENANT IMPROVEMENT AND EXPNESION OF 4TH FLOOR OFFICE TO 3RD FLOOR (MAA)  ADD INTERNAL OPEN STAIRS AND ELEVATOR TO CONNECT 4TH AND 3RD FLOOR.  certificate of occupancy required:  NO  ***** special inspections required:  YES*****  const type:     II B    **. Closed","address":null,"x":"-93.27083","y":"44.97695","value":"414900","display":"651 NICOLLET MALL","issuedate":"2020/04/28 09:56:18+00","milestone":"Closed","completedate":"2020/08/26 14:13:48+00","applicantcity":"Minneapolis","applicantaddress1":"651 Nicollet Mall #450"},"geometry":{"type":"Point","coordinates":[-93.27083,44.97695]}},{"type":"Feature","properties":{"date":null,"year":0,"description":"tenant improvement #1600  certificate of occupancy required:   no     special inspections required:    no  const type:    1-B     occupancy:   B           2020 MSBC  occupant load:    no change    sprinklered: yes      architect: T Solberg #58820      eng","metadescription":"Commercial. Remodel. tenant improvement #1600  certificate of occupancy required:   no     special inspections required:    no  const type:    1-B     occupancy:   B           2020 MSBC  occupant load:    no change    sprinklered: yes      architect: T Solberg #58820      eng. Closed","address":null,"x":"-93.2682599999999","y":"44.9760000000001","value":"709613","display":"650 3RD AVE S","fullname":"225 6TH ST PROP OWNER LLC","issuedate":"2022/12/08 10:04:40+00","milestone":"Closed","completedate":"2025/03/28 05:58:02+00","applicantcity":"Minneapolis","applicantaddress1":"730 2nd Ave S #1233"},"geometry":{"type":"Point","coordinates":[-93.26826,44.976]}},{"type":"Feature","properties":{"date":null,"year":0,"description":"Tenant Improvement - Salon & Barbershop   CERTIFICATE OF OCCUPANCY REQUIRED - AN AUTHORIZED REPRESENTATIVE OF THE PERMIT APPLICANT MUST CALL 612-673-2327 TO SCHEDULE A CERTIFICATE OF OCCUPANCY INSPECTION TWENTY (20) BUSINESS DAYS BEFORE THE DATE OF DESIRE","metadescription":"Commercial. Remodel. Tenant Improvement - Salon & Barbershop   CERTIFICATE OF OCCUPANCY REQUIRED - AN AUTHORIZED REPRESENTATIVE OF THE PERMIT APPLICANT MUST CALL 612-673-2327 TO SCHEDULE A CERTIFICATE OF OCCUPANCY INSPECTION TWENTY (20) BUSINESS DAYS BEFORE THE DATE OF DESIRE. Closed","address":null,"x":"-93.26683","y":"44.94863","value":"30420","display":"610 LAKE ST E #B","fullname":"SANTIAGO D GUACHAMIN ARTIEDA","issuedate":"2023/09/12 12:32:40+00","milestone":"Closed","completedate":"2024/07/19 08:03:19+00","applicantcity":"Minneapolis","applicantaddress1":"610 E Lake St #B"},"geometry":{"type":"Point","coordinates":[-93.26683,44.94863]}},{"type":"Feature","properties":{"date":null,"year":0,"description":"4/11/2019- Reissued 2nd set of approved plans field copy due to loss of original set. (DMH)   TENANT FINISH-STREET LEVEL (MAA) certificate of occupancy required YES mechanical plans required for certificate of occupancy: YES mechanical plans/letter of mea","metadescription":"Commercial. Remodel. 4/11/2019- Reissued 2nd set of approved plans field copy due to loss of original set. (DMH)   TENANT FINISH-STREET LEVEL (MAA) certificate of occupancy required YES mechanical plans required for certificate of occupancy: YES mechanical plans/letter of mea. Closed","address":null,"x":"-93.2299","y":"44.9734100000001","value":"600000","display":"606 WASHINGTON AVE SE","fullname":"600 WASHINGTON PARTNERSHIP","issuedate":"2019/02/13 15:31:28+00","milestone":"Closed","completedate":"2019/07/09 14:08:09+00","applicantcity":"St Louis","applicantaddress1":"6500 Chippewa St #200"},"geometry":{"type":"Point","coordinates":[-93.2299,44.97341]}},{"type":"Feature","properties":{"date":null,"year":0,"description":"TENANT IMPROVEMENT ON THE 4TH FLOOR -ACW       certificate of occupancy required:  no    special inspections required:  no         const type:      IB   occupancy:  B, A            2020 MSBC    occupant load:  105    sprinklered: yes           Floor(s): 1","metadescription":"Commercial. Remodel. TENANT IMPROVEMENT ON THE 4TH FLOOR -ACW       certificate of occupancy required:  no    special inspections required:  no         const type:      IB   occupancy:  B, A            2020 MSBC    occupant load:  105    sprinklered: yes           Floor(s): 1. Issued","address":null,"x":"-93.2380699999999","y":"44.9671300000001","value":"98000","display":"606 24TH AVE S #300","fullname":"FAIRVIEW HOSPITAL HEALTHCARE SERVICES","issuedate":"2026/04/24 08:36:12+00","milestone":"Inspection","applicantcity":"Roseville","applicantaddress1":"2965 Partridge Rd."},"geometry":{"type":"Point","coordinates":[-93.23807,44.96713]}},{"type":"Feature","properties":{"date":null,"year":0,"description":"interior plumbing of a tenant finish out from existing space  request for plans sent 2024-11-08 - lea","metadescription":"Plumbing. FoodBev. interior plumbing of a tenant finish out from existing space  request for plans sent 2024-11-08 - lea. Closed","address":null,"x":"-93.27485","y":"44.9787900000001","value":"0","display":"600 HENNEPIN AVE","fullname":"BAEV LASALLE MINNEAPOLIS HENNEPIN AVE","issuedate":"2024/11/12 12:42:48+00","milestone":"Closed","completedate":"2025/01/21 12:41:08+00","applicantcity":"Plymouth","applicantaddress1":"855 Highway 169 N"},"geometry":{"type":"Point","coordinates":[-93.27485,44.97879]}},{"type":"Feature","properties":{"date":null,"year":0,"description":"tenant improvements suite # 2530","metadescription":"Commercial. Remodel. tenant improvements suite # 2530. Closed","address":null,"x":"-93.2705999999999","y":"44.97817","value":"97627","display":"60 6TH ST S","issuedate":"2019/05/10 09:50:39+00","milestone":"Closed","completedate":"2019/08/28 12:02:24+00","applicantcity":"MINNEAPOLIS","applicantaddress1":"ATTN TODD HAYES"},"geometry":{"type":"Point","coordinates":[-93.2706,44.97817]}},{"type":"Feature","properties":{"date":null,"year":0,"description":"tenant improvements unit # 720  certificate of occupancy required:  NO special inspections required:  NO  const type:  I-A       occupancy:       B       2015 MSBC occupant load:  NO CHANGE sprinklered: YES Tenant:  MPLS HEART INSTITUTE         Floor(s):","metadescription":"Commercial. Remodel. tenant improvements unit # 720  certificate of occupancy required:  NO special inspections required:  NO  const type:  I-A       occupancy:       B       2015 MSBC occupant load:  NO CHANGE sprinklered: YES Tenant:  MPLS HEART INSTITUTE         Floor(s):. Closed","address":null,"x":"-93.26057","y":"44.95241","value":"181387","display":"920 28TH ST E","issuedate":"2019/03/18 10:47:07+00","milestone":"Closed","completedate":"2019/04/11 12:54:35+00","applicantcity":"Minneapolis","applicantaddress1":"730 2nd Ave S"},"geometry":{"type":"Point","coordinates":[-93.26057,44.95241]}},{"type":"Feature","properties":{"date":null,"year":0,"description":"Tenant Improvement - Suite 2500  certificate of occupancy required:  no   ***** special inspections required:  no*****  const type:  1A       ***occupancy:   B           ***2015 MSBC***** sprinklered: yes  ***** Tenant: Harvard Maintenance    ***Floor(s):","metadescription":"Commercial. Remodel. Tenant Improvement - Suite 2500  certificate of occupancy required:  no   ***** special inspections required:  no*****  const type:  1A       ***occupancy:   B           ***2015 MSBC***** sprinklered: yes  ***** Tenant: Harvard Maintenance    ***Floor(s):. Closed","address":null,"x":"-93.2702199999999","y":"44.97774","value":"72580","display":"60 6TH ST S","issuedate":"2020/06/11 17:11:15+00","milestone":"Closed","completedate":"2020/07/09 10:28:31+00","applicantcity":"Minneapolis","applicantaddress1":"121 8th St S #1200"},"geometry":{"type":"Point","coordinates":[-93.27022,44.97774]}},{"type":"Feature","properties":{"date":null,"year":0,"description":"TENANT IMPROVEMENT FOR NEW OFFICE SPACE IN EXISTING COMMERCIAL HIGH-RISE BUILDING. AAJ#1     certificate of occupancy required: NO mechanical plans required for certificate of occupancy mechanical plans/letter of means of compliance submitted\\ special ins","metadescription":"Commercial. Remodel. TENANT IMPROVEMENT FOR NEW OFFICE SPACE IN EXISTING COMMERCIAL HIGH-RISE BUILDING. AAJ#1     certificate of occupancy required: NO mechanical plans required for certificate of occupancy mechanical plans/letter of means of compliance submitted\\ special ins. Closed","address":null,"x":"-93.2702199999999","y":"44.97774","value":"229371","display":"60 6TH ST S","issuedate":"2017/03/17 15:10:51+00","milestone":"Closed","completedate":"2017/05/17 13:47:21+00","applicantcity":"MINNEAPOLIS MN","applicantaddress1":"121  South 8th St  #1200"},"geometry":{"type":"Point","coordinates":[-93.27022,44.97774]}},{"type":"Feature","properties":{"date":null,"year":0,"description":"Laundromat tenant improvement -ACW      certificate of occupancy required:  no     special inspections required:    no     const type:    IIB     occupancy:B              2020 MSBC  occupant load:     25   sprinklered: yes  no    energy code chapter used:","metadescription":"Commercial. Remodel. Laundromat tenant improvement -ACW      certificate of occupancy required:  no     special inspections required:    no     const type:    IIB     occupancy:B              2020 MSBC  occupant load:     25   sprinklered: yes  no    energy code chapter used:. Closed","address":null,"x":"-93.2918799999999","y":"44.9997100000001","value":"164000","display":"914 WEST BROADWAY","fullname":"HAWTHORN CROSSINGS LTD PARTNERSHIP","issuedate":"2025/12/22 10:10:06+00","milestone":"Closed","completedate":"2026/02/11 10:55:31+00","applicantcity":"Plymouth","applicantaddress1":"11670 61st Ave N"},"geometry":{"type":"Point","coordinates":[-93.29188,44.99971]}},{"type":"Feature","properties":{"date":null,"year":0,"description":"21,000 sf of tenant improvement located on the 2nd and 3rd floors of the Mayo Clinic Sports Medicine Center.  certificate of occupancy required  yes    mechanical plans/letter of means of compliance submitted\\ special inspections required    no  const typ","metadescription":"Commercial. Remodel. 21,000 sf of tenant improvement located on the 2nd and 3rd floors of the Mayo Clinic Sports Medicine Center.  certificate of occupancy required  yes    mechanical plans/letter of means of compliance submitted\\ special inspections required    no  const typ. Closed","address":null,"x":"-93.27485","y":"44.9787900000001","value":"4002135","display":"600 HENNEPIN AVE","fullname":"BAEV LASALLE MINNEAPOLIS HENNEPIN AVE","issuedate":"2017/05/15 14:21:56+00","milestone":"Closed","completedate":"2019/03/29 14:25:06+00","applicantcity":"GOLDEN VALLEY","applicantaddress1":"700 MEADOW LN N"},"geometry":{"type":"Point","coordinates":[-93.27485,44.97879]}},{"type":"Feature","properties":{"date":null,"year":0,"description":"3rd floor tenant improvement    All work outside of scope limits to be under separate permit.   Exit signage required.  Verify locations with inspector.        certificate of occupancy required  NO          const type:   1B      occupancy:    B          2","metadescription":"Commercial. Remodel. 3rd floor tenant improvement    All work outside of scope limits to be under separate permit.   Exit signage required.  Verify locations with inspector.        certificate of occupancy required  NO          const type:   1B      occupancy:    B          2. Closed","address":null,"x":"-93.273","y":"44.9780000000001","value":"382689","display":"600 NICOLLET MALL","fullname":"33 CITY CENTER 33 SOUTH PROPERTY LLC","issuedate":"2017/11/17 09:37:15+00","milestone":"Closed","completedate":"2018/02/27 11:17:01+00","applicantcity":"MINNEAPOLIS","applicantaddress1":"121 so 8th st #1200"},"geometry":{"type":"Point","coordinates":[-93.273,44.978]}},{"type":"Feature","properties":{"date":null,"year":0,"description":"TENANT IMPROVEMENT FOR NEW OFFICE SPACE IN EXISTING COMMERCIAL HIGH-RISE BUILDING. AAJ#1     certificate of occupancy required: NO mechanical plans required for certificate of occupancy mechanical plans/letter of means of compliance submitted\\ special ins","metadescription":"Commercial. Remodel. TENANT IMPROVEMENT FOR NEW OFFICE SPACE IN EXISTING COMMERCIAL HIGH-RISE BUILDING. AAJ#1     certificate of occupancy required: NO mechanical plans required for certificate of occupancy mechanical plans/letter of means of compliance submitted\\ special ins. Closed","address":null,"x":"-93.26989","y":"44.9781300000001","value":"229371","display":"60 6TH ST S","issuedate":"2017/03/17 15:10:51+00","milestone":"Closed","completedate":"2017/05/17 13:47:21+00","applicantcity":"MINNEAPOLIS MN","applicantaddress1":"121  South 8th St  #1200"},"geometry":{"type":"Point","coordinates":[-93.26989,44.97813]}},{"type":"Feature","properties":{"date":null,"year":0,"description":"TENANT IMPROVEMENT SUITE 750 FOR HUDDLE ROOMS, TWO CONFERENCE ROOMS 1,738 SF. (LAH)     const type:  1A       occupancy:    B          2015 MSBC occupant load:  145 sprinklered: YES FULLY   Tenant:   ELIRE CONSULTING        Floor(s):  7 sac: __charges  __","metadescription":"Commercial. Remodel. TENANT IMPROVEMENT SUITE 750 FOR HUDDLE ROOMS, TWO CONFERENCE ROOMS 1,738 SF. (LAH)     const type:  1A       occupancy:    B          2015 MSBC occupant load:  145 sprinklered: YES FULLY   Tenant:   ELIRE CONSULTING        Floor(s):  7 sac: __charges  __. Closed","address":null,"x":"-93.2721","y":"44.9732500000001","value":"151522","display":"920 2ND AVE S","fullname":"FORUM OFFICE REALTY LLC ETAL","issuedate":"2017/11/21 16:09:19+00","milestone":"Closed","completedate":"2018/03/07 11:40:45+00","applicantcity":"MINNEAPOLIS","applicantaddress1":"33 SOUTH 6TH STREET #4510"},"geometry":{"type":"Point","coordinates":[-93.2721,44.97325]}},{"type":"Feature","properties":{"date":null,"year":0,"description":"Tenant Improvement - Suite 2500  certificate of occupancy required:  no   ***** special inspections required:  no*****  const type:  1A       ***occupancy:   B           ***2015 MSBC***** sprinklered: yes  ***** Tenant: Harvard Maintenance    ***Floor(s):","metadescription":"Commercial. Remodel. Tenant Improvement - Suite 2500  certificate of occupancy required:  no   ***** special inspections required:  no*****  const type:  1A       ***occupancy:   B           ***2015 MSBC***** sprinklered: yes  ***** Tenant: Harvard Maintenance    ***Floor(s):. Closed","address":null,"x":"-93.26989","y":"44.9781300000001","value":"72580","display":"60 6TH ST S","issuedate":"2020/06/11 17:11:15+00","milestone":"Closed","completedate":"2020/07/09 10:28:31+00","applicantcity":"Minneapolis","applicantaddress1":"121 8th St S #1200"},"geometry":{"type":"Point","coordinates":[-93.26989,44.97813]}},{"type":"Feature","properties":{"date":null,"year":0,"description":"Tenant Improvement - Suite 2500  certificate of occupancy required:  no   ***** special inspections required:  no*****  const type:  1A       ***occupancy:   B           ***2015 MSBC***** sprinklered: yes  ***** Tenant: Harvard Maintenance    ***Floor(s):","metadescription":"Commercial. Remodel. Tenant Improvement - Suite 2500  certificate of occupancy required:  no   ***** special inspections required:  no*****  const type:  1A       ***occupancy:   B           ***2015 MSBC***** sprinklered: yes  ***** Tenant: Harvard Maintenance    ***Floor(s):. Closed","address":null,"x":"-93.2705999999999","y":"44.97817","value":"72580","display":"60 6TH ST S","issuedate":"2020/06/11 17:11:15+00","milestone":"Closed","completedate":"2020/07/09 10:28:31+00","applicantcity":"Minneapolis","applicantaddress1":"121 8th St S #1200"},"geometry":{"type":"Point","coordinates":[-93.2706,44.97817]}},{"type":"Feature","properties":{"date":null,"year":0,"description":"TENANT IMPROVEMENT FOR NEW OFFICE SPACE IN EXISTING COMMERCIAL HIGH-RISE BUILDING. AAJ#1     certificate of occupancy required: NO mechanical plans required for certificate of occupancy mechanical plans/letter of means of compliance submitted\\ special ins","metadescription":"Commercial. Remodel. TENANT IMPROVEMENT FOR NEW OFFICE SPACE IN EXISTING COMMERCIAL HIGH-RISE BUILDING. AAJ#1     certificate of occupancy required: NO mechanical plans required for certificate of occupancy mechanical plans/letter of means of compliance submitted\\ special ins. Closed","address":null,"x":"-93.2705999999999","y":"44.97817","value":"229371","display":"60 6TH ST S","issuedate":"2017/03/17 15:10:51+00","milestone":"Closed","completedate":"2017/05/17 13:47:21+00","applicantcity":"MINNEAPOLIS MN","applicantaddress1":"121  South 8th St  #1200"},"geometry":{"type":"Point","coordinates":[-93.2706,44.97817]}},{"type":"Feature","properties":{"date":null,"year":0,"description":"#3550 interior tenant finish.  certificate of occupancy required:  no        const type:  1a       occupancy:      b        2020 MSBC   sprinklered: yes      architect:      hustad #17408","metadescription":"Commercial. Remodel. #3550 interior tenant finish.  certificate of occupancy required:  no        const type:  1a       occupancy:      b        2020 MSBC   sprinklered: yes      architect:      hustad #17408. Issued","address":null,"x":"-93.26989","y":"44.9781300000001","value":"127894","display":"60 6TH ST S","issuedate":"2026/05/20 12:47:49+00","milestone":"Inspection","applicantcity":"MINNEAPOLIS","applicantaddress1":"33 6TH ST  SUITE 4510"},"geometry":{"type":"Point","coordinates":[-93.26989,44.97813]}},{"type":"Feature","properties":{"date":null,"year":0,"description":"#3550 interior tenant finish.  certificate of occupancy required:  no        const type:  1a       occupancy:      b        2020 MSBC   sprinklered: yes      architect:      hustad #17408","metadescription":"Commercial. Remodel. #3550 interior tenant finish.  certificate of occupancy required:  no        const type:  1a       occupancy:      b        2020 MSBC   sprinklered: yes      architect:      hustad #17408. Issued","address":null,"x":"-93.2702199999999","y":"44.97774","value":"127894","display":"60 6TH ST S","issuedate":"2026/05/20 12:47:49+00","milestone":"Inspection","applicantcity":"MINNEAPOLIS","applicantaddress1":"33 6TH ST  SUITE 4510"},"geometry":{"type":"Point","coordinates":[-93.27022,44.97774]}},{"type":"Feature","properties":{"date":null,"year":0,"description":"tenant improvements suite # 2530","metadescription":"Commercial. Remodel. tenant improvements suite # 2530. Closed","address":null,"x":"-93.2702199999999","y":"44.97774","value":"97627","display":"60 6TH ST S","issuedate":"2019/05/10 09:50:39+00","milestone":"Closed","completedate":"2019/08/28 12:02:24+00","applicantcity":"MINNEAPOLIS","applicantaddress1":"ATTN TODD HAYES"},"geometry":{"type":"Point","coordinates":[-93.27022,44.97774]}},{"type":"Feature","properties":{"date":null,"year":0,"description":"Tenant Improvement -ACW     certificate of occupancy required:   no     special inspections required:  no     const type:   I-A      occupancy:  B            2020 MSBC  occupant load:      49  sprinklered: yes       Tenant:  Cummins & Cummins         Floo","metadescription":"Commercial. Remodel. Tenant Improvement -ACW     certificate of occupancy required:   no     special inspections required:  no     const type:   I-A      occupancy:  B            2020 MSBC  occupant load:      49  sprinklered: yes       Tenant:  Cummins & Cummins         Floo. Issued","address":null,"x":"-93.27241","y":"44.9739500000001","value":"191738","display":"901 MARQUETTE AVE","fullname":"901 MARQUETTE LLC","issuedate":"2026/05/27 07:55:55+00","milestone":"Inspection","applicantcity":"MINNEAPOLIS","applicantaddress1":"33 6TH ST  SUITE 4510"},"geometry":{"type":"Point","coordinates":[-93.27241,44.97395]}},{"type":"Feature","properties":{"date":null,"year":0,"description":"TENANT IMPROVEMENT 3RD FLOOR CONNECTIONS (ROTUNDA/COMMON AREA).    sck#1","metadescription":"Commercial. Remodel. TENANT IMPROVEMENT 3RD FLOOR CONNECTIONS (ROTUNDA/COMMON AREA).    sck#1. Closed","address":null,"x":"-93.27083","y":"44.97695","value":"1200000","display":"90 7TH ST S","fullname":"90 7TH STREET SOUTH LLC","issuedate":"2017/10/04 09:19:09+00","milestone":"Closed","completedate":"2018/01/29 12:32:29+00","applicantcity":"MINNEAPOLIS","applicantaddress1":"121 S 8TH ST"},"geometry":{"type":"Point","coordinates":[-93.27083,44.97695]}},{"type":"Feature","properties":{"date":null,"year":0,"description":"Tenant Improvement - Southwest portion of floor 29 - BMO Bank  certificate of occupancy required:  no     special inspections required:  no  SEPARATE PERMITS ARE REQUIRED FOR ELECTRICAL, PLUMBING, HEATING/AIR CONDITIONING/VENTILATION WORK.  const type:","metadescription":"Commercial. Remodel. Tenant Improvement - Southwest portion of floor 29 - BMO Bank  certificate of occupancy required:  no     special inspections required:  no  SEPARATE PERMITS ARE REQUIRED FOR ELECTRICAL, PLUMBING, HEATING/AIR CONDITIONING/VENTILATION WORK.  const type:. Closed","address":null,"x":"-93.27083","y":"44.97695","value":"577959","display":"90 7TH ST S","fullname":"90 7TH STREET SOUTH LLC","issuedate":"2025/03/17 11:48:25+00","milestone":"Closed","completedate":"2025/06/25 09:41:13+00","applicantcity":"Chicago","applicantaddress1":"808 N Dearborn St"},"geometry":{"type":"Point","coordinates":[-93.27083,44.97695]}},{"type":"Feature","properties":{"date":null,"year":0,"description":"Tenant Improvement - Colliers Mortgage - Floors 32, 33, & 34  certificate of occupancy required:  no     special inspections required:  yes   SEPARATE PERMITS ARE REQUIRED FOR ELECTRICAL, PLUMBING, AND HEATING/AIR CONDITIONING/VENTILATION WORK.      const","metadescription":"Commercial. Remodel. Tenant Improvement - Colliers Mortgage - Floors 32, 33, & 34  certificate of occupancy required:  no     special inspections required:  yes   SEPARATE PERMITS ARE REQUIRED FOR ELECTRICAL, PLUMBING, AND HEATING/AIR CONDITIONING/VENTILATION WORK.      const. Issued","address":null,"x":"-93.27083","y":"44.97695","value":"4497163","display":"90 7TH ST S","fullname":"90 7TH STREET SOUTH LLC","issuedate":"2026/03/05 11:39:07+00","milestone":"Final Inspection","applicantcity":"Eden Prairie","applicantaddress1":"7148 Shady Oak Rd"},"geometry":{"type":"Point","coordinates":[-93.27083,44.97695]}},{"type":"Feature","properties":{"date":null,"year":0,"description":"(DMH - ProjectDox)  DEMO EXISTING DEMISING WALL TO EXPAND TENANT IMPROVEMENT FOR NEW 3,000 SQFT TENANT SPACE.  TWO EXITS PROVIDED.   EXISTING RESTROOMS IN COMMON CORRIDOR.  EXISTING ELEVATOR.     Const type:  III-B        Occupancy: B           2020 MSBC","metadescription":"Commercial. Remodel. (DMH - ProjectDox)  DEMO EXISTING DEMISING WALL TO EXPAND TENANT IMPROVEMENT FOR NEW 3,000 SQFT TENANT SPACE.  TWO EXITS PROVIDED.   EXISTING RESTROOMS IN COMMON CORRIDOR.  EXISTING ELEVATOR.     Const type:  III-B        Occupancy: B           2020 MSBC. Closed","address":null,"x":"-93.24348","y":"44.9918200000001","value":"75000","display":"861 HENNEPIN AVE E","fullname":"861 E HENNEPIN LLC","issuedate":"2022/03/03 09:59:33+00","milestone":"Closed","completedate":"2022/06/17 10:54:45+00","applicantcity":"CORCORAN","applicantaddress1":"7545 COMMERCE ST W"},"geometry":{"type":"Point","coordinates":[-93.24348,44.99182]}},{"type":"Feature","properties":{"date":null,"year":0,"description":"Upgrades to spec warehouse shell. Note, shell only. Certificate of occupancy and separate construction permit required for each future tenant improvement. Payment of SAC charges is required at time of Tenant Improvement -ACW      certificate of occupancy","metadescription":"Commercial. Remodel. Upgrades to spec warehouse shell. Note, shell only. Certificate of occupancy and separate construction permit required for each future tenant improvement. Payment of SAC charges is required at time of Tenant Improvement -ACW      certificate of occupancy. Issued","address":null,"x":"-93.24225","y":"44.99035","value":"365000","display":"575 9TH ST SE","fullname":"HILLCREST DEVELOPMENT LLLP","issuedate":"2026/04/23 15:40:54+00","milestone":"Inspection","applicantcity":"Inver Grove Heights","applicantaddress1":"1985 102nd St E"},"geometry":{"type":"Point","coordinates":[-93.24225,44.99035]}},{"type":"Feature","properties":{"date":null,"year":0,"description":"Tenant Improvement - Circle of Discipline Gymnasium  CERTIFICATE OF OCCUPANCY REQUIRED - AN AUTHORIZED REPRESENTATIVE OF THE PERMIT APPLICANT MUST CALL 612-673-2327 TO SCHEDULE A CERTIFICATE OF OCCUPANCY INSPECTION TWENTY (20) BUSINESS DAYS BEFORE THE DAT","metadescription":"Commercial. Remodel. Tenant Improvement - Circle of Discipline Gymnasium  CERTIFICATE OF OCCUPANCY REQUIRED - AN AUTHORIZED REPRESENTATIVE OF THE PERMIT APPLICANT MUST CALL 612-673-2327 TO SCHEDULE A CERTIFICATE OF OCCUPANCY INSPECTION TWENTY (20) BUSINESS DAYS BEFORE THE DAT. Closed","address":null,"x":"-93.23982","y":"44.9889900000001","value":"651926","display":"801 9TH ST SE","issuedate":"2021/05/03 08:25:43+00","milestone":"Closed","completedate":"2022/06/09 10:00:48+00","applicantcity":"Cambridge","applicantaddress1":"380 Garfield St S"},"geometry":{"type":"Point","coordinates":[-93.23982,44.98899]}},{"type":"Feature","properties":{"date":null,"year":0,"description":"TENANT IMPROVEMENT AT SUITE 200 (MAA)        certificate of occupancy required:  NO  mechanical plans required for certificate of occupancy  mechanical plans/letter of means of compliance submitted\\  special inspections required:  yes  no   const type:","metadescription":"Commercial. Remodel. TENANT IMPROVEMENT AT SUITE 200 (MAA)        certificate of occupancy required:  NO  mechanical plans required for certificate of occupancy  mechanical plans/letter of means of compliance submitted\\  special inspections required:  yes  no   const type:. Closed","address":null,"x":"-93.24225","y":"44.99035","value":"128500","display":"575 9TH ST SE","fullname":"HILLCREST DEVELOPMENT LLLP","issuedate":"2018/08/14 13:35:58+00","milestone":"Closed","completedate":"2018/10/26 13:44:47+00","applicantcity":"EDINA","applicantaddress1":"5151 Edina Instrustrial Blvd"},"geometry":{"type":"Point","coordinates":[-93.24225,44.99035]}},{"type":"Feature","properties":{"date":null,"year":0,"description":"HVAC system for Tenant Improvement including VAV boxes, supply\rdiffusers, return grilles and all associated duct work. Refer to attached\rdrawings.","metadescription":"Mechanical. Comm-MFD. HVAC system for Tenant Improvement including VAV boxes, supply\rdiffusers, return grilles and all associated duct work. Refer to attached\rdrawings.. Closed","address":null,"x":"-93.27883","y":"44.9895900000001","value":"33390","display":"800 WASHINGTON AVE N","issuedate":"2021/03/15 10:14:10+00","milestone":"Closed","completedate":"2021/03/24 11:17:31+00","applicantcity":"SAINT PAUL","applicantaddress1":"3260 FANUM RD"},"geometry":{"type":"Point","coordinates":[-93.27883,44.98959]}},{"type":"Feature","properties":{"date":null,"year":0,"description":"SUITE 95 TENANT IMPROVEMENT - NEW SKKYLIGHTS.  NO STRUCTURAL WORK.  DO NOT CUT EXISTING ROOF JOISTS.  NO CHANGE OF EXITING.  NEW FLOOR FINISHES.  NEW DOORS. (JJL)     certificate of occupancy required:    no mechanical plans required for certificate of oc","metadescription":"Commercial. Remodel. SUITE 95 TENANT IMPROVEMENT - NEW SKKYLIGHTS.  NO STRUCTURAL WORK.  DO NOT CUT EXISTING ROOF JOISTS.  NO CHANGE OF EXITING.  NEW FLOOR FINISHES.  NEW DOORS. (JJL)     certificate of occupancy required:    no mechanical plans required for certificate of oc. Closed","address":null,"x":"-93.24225","y":"44.99035","value":"64544","display":"575 9TH ST SE","fullname":"HILLCREST DEVELOPMENT LLLP","issuedate":"2019/05/16 15:40:55+00","milestone":"Closed","completedate":"2019/07/11 10:44:56+00","applicantcity":"Edina","applicantaddress1":"5151 Edina Industrial Blvd #650"},"geometry":{"type":"Point","coordinates":[-93.24225,44.99035]}},{"type":"Feature","properties":{"date":null,"year":0,"description":"Tenant Improvement - Mother Dough Bakery - Suite 224  certificate of occupancy required:  no  special inspections required:  no     occupancy:      A-2        2020 MSBC  sprinklered: yes   sac: 11.02 charges  11.02 credits = 0.00  net  met council letter","metadescription":"Commercial. Remodel. Tenant Improvement - Mother Dough Bakery - Suite 224  certificate of occupancy required:  no  special inspections required:  no     occupancy:      A-2        2020 MSBC  sprinklered: yes   sac: 11.02 charges  11.02 credits = 0.00  net  met council letter. Closed","address":null,"x":"-93.27385","y":"44.9756400000001","value":"720000","display":"800 NICOLLET MALL #224","fullname":"PIEDMONT-800 NIC AVE OWN LLC","issuedate":"2025/11/12 14:33:37+00","milestone":"Closed","completedate":"2026/02/11 12:06:52+00","applicantcity":"Golden Valley","applicantaddress1":"830 Boone Ave N"},"geometry":{"type":"Point","coordinates":[-93.27385,44.97564]}},{"type":"Feature","properties":{"date":null,"year":0,"description":"Tenant Improvement - Cities Market Studios  *****  certificate of occupancy required:  no   ***** special inspections required:  no*****  const type:  1A       ***occupancy:  B            ***2015 MSBC***** occupant load:  86    ***** sprinklered: yes  ***","metadescription":"Commercial. Remodel. Tenant Improvement - Cities Market Studios  *****  certificate of occupancy required:  no   ***** special inspections required:  no*****  const type:  1A       ***occupancy:  B            ***2015 MSBC***** occupant load:  86    ***** sprinklered: yes  ***. Closed","address":null,"x":"-93.27444","y":"44.97592","value":"260000","display":"811 LASALLE AVE","fullname":"LASALLE PLAZA RAMP LLC","issuedate":"2019/08/14 12:15:50+00","milestone":"Closed","completedate":"2019/10/31 12:56:34+00","applicantcity":"Savage","applicantaddress1":"4839 12TH St W"},"geometry":{"type":"Point","coordinates":[-93.27444,44.97592]}},{"type":"Feature","properties":{"date":null,"year":0,"description":"Tenant Improvement - Suite 25 - Ingredient  certificate of occupancy required:  no    special inspections required:  no  const type:   5B      occupancy:    B          2020 MSBC occupant load:    41   sprinklered:  no   sac: 3.11 charges  2.29 credits = 0","metadescription":"Commercial. Remodel. Tenant Improvement - Suite 25 - Ingredient  certificate of occupancy required:  no    special inspections required:  no  const type:   5B      occupancy:    B          2020 MSBC occupant load:    41   sprinklered:  no   sac: 3.11 charges  2.29 credits = 0. Closed","address":null,"x":"-93.24225","y":"44.99035","value":"199000","display":"575 9TH ST SE #25","fullname":"HILLCREST DEVELOPMENT LLLP","issuedate":"2022/04/05 14:33:06+00","milestone":"Closed","completedate":"2022/07/11 12:49:39+00","applicantcity":"Minnetonka","applicantaddress1":"10901 Bren Road E"},"geometry":{"type":"Point","coordinates":[-93.24225,44.99035]}},{"type":"Feature","properties":{"date":null,"year":0,"description":"TENANT IMPROVEMENTS IN SUITE 2125  (KAS#1) DEMO EXISTING PARTITION WALLS FOR NEW      certificate of occupancy required   no mechanical plans required for certificate of occupancy mechanical plans/letter of means of compliance submitted\\ special inspectio","metadescription":"Commercial. Remodel. TENANT IMPROVEMENTS IN SUITE 2125  (KAS#1) DEMO EXISTING PARTITION WALLS FOR NEW      certificate of occupancy required   no mechanical plans required for certificate of occupancy mechanical plans/letter of means of compliance submitted\\ special inspectio. Closed","address":null,"x":"-93.27513","y":"44.97641","value":"269485","display":"800 LASALLE AVE","fullname":"ZELLER-800 LASALLE AVE LLC","issuedate":"2017/05/17 13:11:11+00","milestone":"Closed","completedate":"2019/05/14 14:41:05+00","applicantcity":"PLYMOUTH","applicantaddress1":"13821 INDUSTRIAL PARK BLVD"},"geometry":{"type":"Point","coordinates":[-93.27513,44.97641]}},{"type":"Feature","properties":{"date":null,"year":0,"description":"Office suite tenant improvement -ACW     certificate of occupancy required:  no     special inspections required:   no     const type:  1-A       occupancy:   B           2020 MSBC  occupant load:      55  sprinklered: yes    energy code chapter used:  9.","metadescription":"Commercial. Remodel. Office suite tenant improvement -ACW     certificate of occupancy required:  no     special inspections required:   no     const type:  1-A       occupancy:   B           2020 MSBC  occupant load:      55  sprinklered: yes    energy code chapter used:  9.. Closed","address":null,"x":"-93.27513","y":"44.97641","value":"200000","display":"800 LASALLE AVE","fullname":"ZELLER-800 LASALLE AVE LLC","issuedate":"2025/09/12 10:05:54+00","milestone":"Closed","completedate":"2025/12/19 10:12:36+00","applicantcity":"Eden Prairie","applicantaddress1":"10050 Crosstown Circle, Suite 110"},"geometry":{"type":"Point","coordinates":[-93.27513,44.97641]}},{"type":"Feature","properties":{"date":null,"year":0,"description":"# 2250 TENANT IMPROVEMENT (MAA)      certificate of occupancy required:  yes  no     mechanical plans required for certificate of occupancy  mechanical plans/letter of means of compliance submitted\\  special inspections required:  yes  no     const type:","metadescription":"Commercial. Remodel. # 2250 TENANT IMPROVEMENT (MAA)      certificate of occupancy required:  yes  no     mechanical plans required for certificate of occupancy  mechanical plans/letter of means of compliance submitted\\  special inspections required:  yes  no     const type:. Closed","address":null,"x":"-93.27513","y":"44.97641","value":"230000","display":"800 LASALLE AVE","fullname":"ZELLER-800 LASALLE AVE LLC","issuedate":"2023/12/07 09:35:17+00","milestone":"Closed","completedate":"2024/06/17 08:39:34+00","applicantcity":"Eden Prairie","applicantaddress1":"10050 Crosstown Circle"},"geometry":{"type":"Point","coordinates":[-93.27513,44.97641]}},{"type":"Feature","properties":{"date":null,"year":0,"description":"SUITE 52 TENANT IMPROVEMENT.  \"DR CASSIE\".  UPDATING BATHROOM TO BE ADA.  REMODELING EXISTING OFFICE SPACES.  MISC FRAMING.  NO STRUCTURAL WORK.  (JJL)************     certificate of occupancy required: s  no***************** mechanical plans required for","metadescription":"Commercial. Remodel. SUITE 52 TENANT IMPROVEMENT.  \"DR CASSIE\".  UPDATING BATHROOM TO BE ADA.  REMODELING EXISTING OFFICE SPACES.  MISC FRAMING.  NO STRUCTURAL WORK.  (JJL)************     certificate of occupancy required: s  no***************** mechanical plans required for. Closed","address":null,"x":"-93.24225","y":"44.99035","value":"56400","display":"575 9TH ST SE","fullname":"HILLCREST DEVELOPMENT LLLP","issuedate":"2019/05/06 11:11:00+00","milestone":"Closed","completedate":"2019/06/20 12:53:32+00","applicantcity":"Edina","applicantaddress1":"5151 Edina Industrial Blvd #650"},"geometry":{"type":"Point","coordinates":[-93.24225,44.99035]}},{"type":"Feature","properties":{"date":null,"year":0,"description":"TENANT IMPROVEMENT OF EXISTING OFFICE SPACE IN A COMMERCIAL BUILDING. AAJ#1.    certificate of occupancy required: NO  mechanical plans required for certificate of occupancy  mechanical plans/letter of means of compliance submitted\\  special inspections r","metadescription":"Commercial. Remodel. TENANT IMPROVEMENT OF EXISTING OFFICE SPACE IN A COMMERCIAL BUILDING. AAJ#1.    certificate of occupancy required: NO  mechanical plans required for certificate of occupancy  mechanical plans/letter of means of compliance submitted\\  special inspections r. Closed","address":null,"x":"-93.27385","y":"44.9756400000001","value":"89000","display":"800 NICOLLET MALL","fullname":"PIEDMONT-800 NIC AVE OWN LLC","issuedate":"2018/01/29 12:22:29+00","milestone":"Closed","completedate":"2019/05/30 12:20:22+00","applicantcity":"PLYMOUTH","applicantaddress1":"14700 28TH AVE N STE 30"},"geometry":{"type":"Point","coordinates":[-93.27385,44.97564]}},{"type":"Feature","properties":{"date":null,"year":0,"description":"Tenant improvement in existing space -ACW     certificate of occupancy required:  no   special inspections required:  no      const type:    I-A     occupancy:  B            2020 MSBC   occupant load:  7  sprinklered: yes       SAC:  Total Charge: 0.24  T","metadescription":"Commercial. Remodel. Tenant improvement in existing space -ACW     certificate of occupancy required:  no   special inspections required:  no      const type:    I-A     occupancy:  B            2020 MSBC   occupant load:  7  sprinklered: yes       SAC:  Total Charge: 0.24  T. Closed","address":null,"x":"-93.27385","y":"44.9756400000001","value":"96395","display":"800 NICOLLET MALL","fullname":"PIEDMONT-800 NIC AVE OWN LLC","issuedate":"2025/10/08 10:40:14+00","milestone":"Closed","completedate":"2026/02/04 12:29:55+00","applicantcity":"MINNEAPOLIS","applicantaddress1":"33 6TH ST  SUITE 4510"},"geometry":{"type":"Point","coordinates":[-93.27385,44.97564]}},{"type":"Feature","properties":{"date":null,"year":0,"description":"4TH FLOOR TENANT IMPROVEMENT.    SINGLE TENANT - ALSO OCCUPIES 5, 6, AND 7.   sck*****  certificate of occupancy required:  yes   **********   const type:   1B      occupancy:         B     2015 MSBC************** sprinklered: yes  ********** Tenant:","metadescription":"Commercial. Remodel. 4TH FLOOR TENANT IMPROVEMENT.    SINGLE TENANT - ALSO OCCUPIES 5, 6, AND 7.   sck*****  certificate of occupancy required:  yes   **********   const type:   1B      occupancy:         B     2015 MSBC************** sprinklered: yes  ********** Tenant:. Closed","address":null,"x":"-93.27735","y":"44.98749","value":"2000000","display":"729 WASHINGTON AVE N","issuedate":"2019/08/09 12:03:31+00","milestone":"Closed","completedate":"2022/07/14 06:48:18+00","applicantcity":"MINNEAPOLIS","applicantaddress1":"1220 MARSHALL ST"},"geometry":{"type":"Point","coordinates":[-93.27735,44.98749]}},{"type":"Feature","properties":{"date":null,"year":0,"description":"PARTIAL DEMOLITION AND TENANT IMPROVEMENT OF EXISTING DAYCARE AREA OF RICHFIELD LUTHERAN CHURCH. AAJ (PROJECT DOX PLANS).      ALSO,    - REPLACE CONCRETE STOOP AT EXTERIOR EXIT DOOR OF ROOM #107 AS NOTED ON CONSTRUCTION PLANS.       certificate of occupa","metadescription":"Commercial. Remodel. PARTIAL DEMOLITION AND TENANT IMPROVEMENT OF EXISTING DAYCARE AREA OF RICHFIELD LUTHERAN CHURCH. AAJ (PROJECT DOX PLANS).      ALSO,    - REPLACE CONCRETE STOOP AT EXTERIOR EXIT DOOR OF ROOM #107 AS NOTED ON CONSTRUCTION PLANS.       certificate of occupa. Closed","address":null,"x":"-93.27886","y":"44.8942300000001","value":"205308","display":"8 60TH ST W","fullname":"RICHFIELD LUTHERAN CHURCH","issuedate":"2022/07/27 13:18:25+00","milestone":"Closed","completedate":"2022/12/05 13:55:44+00","applicantcity":"Elk River","applicantaddress1":"10908 171st Ave NW"},"geometry":{"type":"Point","coordinates":[-93.27886,44.89423]}},{"type":"Feature","properties":{"date":null,"year":0,"description":"Tenant finish out of HVAC system  adding fan-powered boxes, vav boxes, hot water piping, supply diffusers, return grilles and all associated duct work. Refer to attached drawings.","metadescription":"Mechanical. ComMFDNR. Tenant finish out of HVAC system  adding fan-powered boxes, vav boxes, hot water piping, supply diffusers, return grilles and all associated duct work. Refer to attached drawings.. Closed","address":null,"x":"-93.27735","y":"44.98749","value":"288815","display":"729 WASHINGTON AVE N","issuedate":"2021/07/06 08:32:11+00","milestone":"Closed","completedate":"2021/08/26 07:08:23+00","applicantcity":"Minneapolis","applicantaddress1":"2318 1st St NE"},"geometry":{"type":"Point","coordinates":[-93.27735,44.98749]}},{"type":"Feature","properties":{"date":null,"year":0,"description":"4TH FLOOR TENANT IMPROVEMENT.    SINGLE TENANT - ALSO OCCUPIES 5, 6, AND 7.   sck*****  certificate of occupancy required:  yes   **********   const type:   1B      occupancy:         B     2015 MSBC************** sprinklered: yes  ********** Tenant:","metadescription":"Commercial. Remodel. 4TH FLOOR TENANT IMPROVEMENT.    SINGLE TENANT - ALSO OCCUPIES 5, 6, AND 7.   sck*****  certificate of occupancy required:  yes   **********   const type:   1B      occupancy:         B     2015 MSBC************** sprinklered: yes  ********** Tenant:. Closed","address":null,"x":"-93.27817","y":"44.98771","value":"2000000","display":"729 WASHINGTON AVE N","issuedate":"2019/08/09 12:03:31+00","milestone":"Closed","completedate":"2022/07/14 06:48:18+00","applicantcity":"MINNEAPOLIS","applicantaddress1":"1220 MARSHALL ST"},"geometry":{"type":"Point","coordinates":[-93.27817,44.98771]}},{"type":"Feature","properties":{"date":null,"year":0,"description":"TENANT IMPROVEMENT FOR NEW OFFICE SUITE #810 IN EXISTING OFFICE BUILDING. AAJ (PROJECT DOX PLANS).     certificate of occupancy required: NO mechanical plans required for certificate of occupancy mechanical plans/letter of means of compliance submitted\\ s","metadescription":"Commercial. Remodel. TENANT IMPROVEMENT FOR NEW OFFICE SUITE #810 IN EXISTING OFFICE BUILDING. AAJ (PROJECT DOX PLANS).     certificate of occupancy required: NO mechanical plans required for certificate of occupancy mechanical plans/letter of means of compliance submitted\\ s. Closed","address":null,"x":"-93.27854","y":"44.9880400000001","value":"72219","display":"729 WASHINGTON AVE N","issuedate":"2020/06/23 08:53:46+00","milestone":"Closed","completedate":"2020/10/08 06:54:30+00","applicantcity":"Minneapolis","applicantaddress1":"729 Washington Ave N"},"geometry":{"type":"Point","coordinates":[-93.27854,44.98804]}},{"type":"Feature","properties":{"date":null,"year":0,"description":"PLUMBING WORK FOR FIRST FLOOR FOOD MARKET, KITCHENS AND RESTROOMS. NORTH LOOP GALLEY   INITIAL TENANT FINISH   PLAN APPROVED WITHOUT REVIEW - CONTACT PLUMBING INSPECTOR AT START OF WORK.","metadescription":"Plumbing. ComFdBv. PLUMBING WORK FOR FIRST FLOOR FOOD MARKET, KITCHENS AND RESTROOMS. NORTH LOOP GALLEY   INITIAL TENANT FINISH   PLAN APPROVED WITHOUT REVIEW - CONTACT PLUMBING INSPECTOR AT START OF WORK.. Closed","address":null,"x":"-93.27887","y":"44.98794","value":"0","display":"729 WASHINGTON AVE N","issuedate":"2019/05/07 11:29:42+00","milestone":"Closed","completedate":"2019/11/22 15:15:54+00","applicantcity":"Eagan","applicantaddress1":"1975 Seneca Road #100"},"geometry":{"type":"Point","coordinates":[-93.27887,44.98794]}},{"type":"Feature","properties":{"date":null,"year":0,"description":"12TH FLOOR.  TENANT IMPROVEMENT.  BATHROOMS.  ADDING (2) NEW GENDER NUETRAL BATHROOMS.  (JJL)     certificate of occupancy required:    no   *****    special inspections required:    no*****      const type:   IIB      ***occupancy:   B, A2, S           *","metadescription":"Commercial. Remodel. 12TH FLOOR.  TENANT IMPROVEMENT.  BATHROOMS.  ADDING (2) NEW GENDER NUETRAL BATHROOMS.  (JJL)     certificate of occupancy required:    no   *****    special inspections required:    no*****      const type:   IIB      ***occupancy:   B, A2, S           *. Closed","address":null,"x":"-93.2704899999999","y":"44.9752800000001","value":"250000","display":"730 2ND AVE S","fullname":"ST PAUL FIRE & MARINE INS CO","issuedate":"2022/06/14 14:22:57+00","milestone":"Closed","completedate":"2024/05/09 09:38:02+00","applicantcity":"MINNEAPOLIS","applicantaddress1":"730 2ND AVE S"},"geometry":{"type":"Point","coordinates":[-93.27049,44.97528]}},{"type":"Feature","properties":{"date":null,"year":0,"description":"TENANT IMPROVEMENT FOR NEW OFFICE SUITE #810 IN EXISTING OFFICE BUILDING. AAJ (PROJECT DOX PLANS).     certificate of occupancy required: NO mechanical plans required for certificate of occupancy mechanical plans/letter of means of compliance submitted\\ s","metadescription":"Commercial. Remodel. TENANT IMPROVEMENT FOR NEW OFFICE SUITE #810 IN EXISTING OFFICE BUILDING. AAJ (PROJECT DOX PLANS).     certificate of occupancy required: NO mechanical plans required for certificate of occupancy mechanical plans/letter of means of compliance submitted\\ s. Closed","address":null,"x":"-93.27817","y":"44.98771","value":"72219","display":"729 WASHINGTON AVE N","issuedate":"2020/06/23 08:53:46+00","milestone":"Closed","completedate":"2020/10/08 06:54:30+00","applicantcity":"Minneapolis","applicantaddress1":"729 Washington Ave N"},"geometry":{"type":"Point","coordinates":[-93.27817,44.98771]}},{"type":"Feature","properties":{"date":null,"year":0,"description":"TENANT IMPROVEMENT FOR NEW OFFICE SUITE #810 IN EXISTING OFFICE BUILDING. AAJ (PROJECT DOX PLANS).     certificate of occupancy required: NO mechanical plans required for certificate of occupancy mechanical plans/letter of means of compliance submitted\\ s","metadescription":"Commercial. Remodel. TENANT IMPROVEMENT FOR NEW OFFICE SUITE #810 IN EXISTING OFFICE BUILDING. AAJ (PROJECT DOX PLANS).     certificate of occupancy required: NO mechanical plans required for certificate of occupancy mechanical plans/letter of means of compliance submitted\\ s. Closed","address":null,"x":"-93.27842","y":"44.98828","value":"72219","display":"729 WASHINGTON AVE N","issuedate":"2020/06/23 08:53:46+00","milestone":"Closed","completedate":"2020/10/08 06:54:30+00","applicantcity":"Minneapolis","applicantaddress1":"729 Washington Ave N"},"geometry":{"type":"Point","coordinates":[-93.27842,44.98828]}},{"type":"Feature","properties":{"date":null,"year":0,"description":"4TH FLOOR TENANT IMPROVEMENT.    SINGLE TENANT - ALSO OCCUPIES 5, 6, AND 7.   sck*****  certificate of occupancy required:  yes   **********   const type:   1B      occupancy:         B     2015 MSBC************** sprinklered: yes  ********** Tenant:","metadescription":"Commercial. Remodel. 4TH FLOOR TENANT IMPROVEMENT.    SINGLE TENANT - ALSO OCCUPIES 5, 6, AND 7.   sck*****  certificate of occupancy required:  yes   **********   const type:   1B      occupancy:         B     2015 MSBC************** sprinklered: yes  ********** Tenant:. Closed","address":null,"x":"-93.27842","y":"44.98828","value":"2000000","display":"729 WASHINGTON AVE N","issuedate":"2019/08/09 12:03:31+00","milestone":"Closed","completedate":"2022/07/14 06:48:18+00","applicantcity":"MINNEAPOLIS","applicantaddress1":"1220 MARSHALL ST"},"geometry":{"type":"Point","coordinates":[-93.27842,44.98828]}},{"type":"Feature","properties":{"date":null,"year":0,"description":"Tenant finish out of HVAC system  adding fan-powered boxes, vav boxes, hot water piping, supply diffusers, return grilles and all associated duct work. Refer to attached drawings.","metadescription":"Mechanical. ComMFDNR. Tenant finish out of HVAC system  adding fan-powered boxes, vav boxes, hot water piping, supply diffusers, return grilles and all associated duct work. Refer to attached drawings.. Closed","address":null,"x":"-93.27817","y":"44.98771","value":"288815","display":"729 WASHINGTON AVE N","issuedate":"2021/07/06 08:32:11+00","milestone":"Closed","completedate":"2021/08/26 07:08:23+00","applicantcity":"Minneapolis","applicantaddress1":"2318 1st St NE"},"geometry":{"type":"Point","coordinates":[-93.27817,44.98771]}},{"type":"Feature","properties":{"date":null,"year":0,"description":"Tenant finish out of HVAC system  adding fan-powered boxes, vav boxes, hot water piping, supply diffusers, return grilles and all associated duct work. Refer to attached drawings.","metadescription":"Mechanical. ComMFDNR. Tenant finish out of HVAC system  adding fan-powered boxes, vav boxes, hot water piping, supply diffusers, return grilles and all associated duct work. Refer to attached drawings.. Closed","address":null,"x":"-93.27842","y":"44.98828","value":"288815","display":"729 WASHINGTON AVE N","issuedate":"2021/07/06 08:32:11+00","milestone":"Closed","completedate":"2021/08/26 07:08:23+00","applicantcity":"Minneapolis","applicantaddress1":"2318 1st St NE"},"geometry":{"type":"Point","coordinates":[-93.27842,44.98828]}},{"type":"Feature","properties":{"date":null,"year":0,"description":"Tenant improvement #400 Compass Capital  certificate of occupancy required:  no     special inspections required:  no      occupancy:    B          2020 MSBC","metadescription":"Commercial. Remodel. Tenant improvement #400 Compass Capital  certificate of occupancy required:  no     special inspections required:  no      occupancy:    B          2020 MSBC. Closed","address":null,"x":"-93.27014","y":"44.97565","value":"17768","display":"706 2ND AVE S","fullname":"ST PAUL FIRE & MARINE INS CO","issuedate":"2023/07/07 13:27:34+00","milestone":"Closed","completedate":"2023/08/04 08:38:03+00","applicantcity":"MINNEAPOLIS","applicantaddress1":"33 6TH ST  SUITE 4510"},"geometry":{"type":"Point","coordinates":[-93.27014,44.97565]}},{"type":"Feature","properties":{"date":null,"year":0,"description":"Tenant finish out utilizing existing fan powered boxes with hot water heating coils adding VAV boxes, transfer fans, supply\rdiffusers, return grilles and all associated duct work. Refer to attached\rdrawings.","metadescription":"Mechanical. Comm-MFD. Tenant finish out utilizing existing fan powered boxes with hot water heating coils adding VAV boxes, transfer fans, supply\rdiffusers, return grilles and all associated duct work. Refer to attached\rdrawings.. Closed","address":null,"x":"-93.2729199999999","y":"44.97671","value":"545700","display":"700 NICOLLET MALL","fullname":"601 W COMPANIES MINNESOTA LLC","issuedate":"2021/01/07 08:49:26+00","milestone":"Closed","completedate":"2021/02/08 15:48:05+00","applicantcity":"Minneapolis","applicantaddress1":"2318 1st St NE"},"geometry":{"type":"Point","coordinates":[-93.27292,44.97671]}},{"type":"Feature","properties":{"date":null,"year":0,"description":"Gray Fox Coffee - Tenant Improvement - Skyway Level by Crystal Court Skyway Access   CERTIFICATE OF OCCUPANCY REQUIRED - AN AUTHORIZED REPRESENTATIVE OF THE PERMIT APPLICANT MUST CALL 612-673-2327 TO SCHEDULE A CERTIFICATE OF OCCUPANCY INSPECTION TWENTY (","metadescription":"Commercial. Remodel. Gray Fox Coffee - Tenant Improvement - Skyway Level by Crystal Court Skyway Access   CERTIFICATE OF OCCUPANCY REQUIRED - AN AUTHORIZED REPRESENTATIVE OF THE PERMIT APPLICANT MUST CALL 612-673-2327 TO SCHEDULE A CERTIFICATE OF OCCUPANCY INSPECTION TWENTY (. Closed","address":null,"x":"-93.2729199999999","y":"44.97671","value":"259200","display":"700 NICOLLET MALL #DAYTON SKY","fullname":"601 W COMPANIES MINNESOTA LLC","issuedate":"2024/03/28 08:26:09+00","milestone":"Closed","completedate":"2024/06/27 14:23:01+00","applicantcity":"Minneapolis","applicantaddress1":"730 2nd Ave S #1233"},"geometry":{"type":"Point","coordinates":[-93.27292,44.97671]}},{"type":"Feature","properties":{"date":null,"year":0,"description":"Tenant improvement on 11th and 12th floors This permit was issued to replace BLDG55535 (KIVA T93180) TENANT IMPROVEMENT WORK - RENOVATION OF 11TH AND 12TH FLOORS (WSS) PLAN REVIEW SIGNED OFF FOR ZONING - ZONING APPROVAL NOT NEEDED IN B-4 ZONE BUT ELMS DOE","metadescription":"Commercial. Remodel. Tenant improvement on 11th and 12th floors This permit was issued to replace BLDG55535 (KIVA T93180) TENANT IMPROVEMENT WORK - RENOVATION OF 11TH AND 12TH FLOORS (WSS) PLAN REVIEW SIGNED OFF FOR ZONING - ZONING APPROVAL NOT NEEDED IN B-4 ZONE BUT ELMS DOE. Closed","address":null,"x":"-93.26663","y":"44.97414","value":"1364155","display":"701 4TH AVE S","fullname":"HENNEPIN COUNTY","issuedate":"2016/12/05 13:16:39+00","milestone":"Closed","completedate":"2020/01/06 10:49:29+00","applicantcity":"ROGERS","applicantaddress1":"21025 COMMERCE BLVD"},"geometry":{"type":"Point","coordinates":[-93.26663,44.97414]}},{"type":"Feature","properties":{"date":null,"year":0,"description":"HVAC system for tenant finish out, adding 10 new VAV boxes, modification of ductworks for existing FPVAV boxes, adding transfer fan, GRDs and all associated ductwork. Refer to\rattached drawings.","metadescription":"Mechanical. ComMFDNR. HVAC system for tenant finish out, adding 10 new VAV boxes, modification of ductworks for existing FPVAV boxes, adding transfer fan, GRDs and all associated ductwork. Refer to\rattached drawings.. Closed","address":null,"x":"-93.2729199999999","y":"44.97671","value":"88100","display":"700 NICOLLET MALL","fullname":"601 W COMPANIES MINNESOTA LLC","issuedate":"2022/07/18 13:44:37+00","milestone":"Closed","completedate":"2022/08/22 09:16:59+00","applicantcity":"SOUTH SAINT PAUL","applicantaddress1":"225 BRIDGEPOINT DR"},"geometry":{"type":"Point","coordinates":[-93.27292,44.97671]}},{"type":"Feature","properties":{"date":null,"year":0,"description":"Dunn Brothers Coffee - Tenant Improvement - Skyway Level  (Previous Tenant:  Caribou Coffee)  certificate of occupancy required:  no     special inspections required:  no      SEPARATE PERMITS ARE REQUIRED FOR ELECTRICAL, PLUMBING, AND HEATING/AIR CONDITI","metadescription":"Commercial. Remodel. Dunn Brothers Coffee - Tenant Improvement - Skyway Level  (Previous Tenant:  Caribou Coffee)  certificate of occupancy required:  no     special inspections required:  no      SEPARATE PERMITS ARE REQUIRED FOR ELECTRICAL, PLUMBING, AND HEATING/AIR CONDITI. Closed","address":null,"x":"-93.27137","y":"44.9771900000001","value":"149949","display":"651 NICOLLET MALL","issuedate":"2024/09/13 09:23:41+00","milestone":"Closed","completedate":"2025/03/03 09:51:22+00","applicantcity":"MAPLE GROVE","applicantaddress1":"11102 86TH AVE N"},"geometry":{"type":"Point","coordinates":[-93.27137,44.97719]}},{"type":"Feature","properties":{"date":null,"year":0,"description":"Tenant finish out adding four fan powered boxes and six VAV boxes with associated ductwork, hydronic piping and supply diffusers.","metadescription":"Mechanical. Comm-MFD. Tenant finish out adding four fan powered boxes and six VAV boxes with associated ductwork, hydronic piping and supply diffusers.. Closed","address":null,"x":"-93.2729199999999","y":"44.97671","value":"281150","display":"700 NICOLLET MALL","fullname":"601 W COMPANIES MINNESOTA LLC","issuedate":"2020/04/21 14:34:45+00","milestone":"Closed","completedate":"2020/06/26 15:44:54+00","applicantcity":"Edina","applicantaddress1":"5251 W 74th St"},"geometry":{"type":"Point","coordinates":[-93.27292,44.97671]}},{"type":"Feature","properties":{"date":null,"year":0,"description":"Interior tenant improvement adding supply air for 12 new offices, installing makeup air and exhaust for garage area. Refer to attached drawings.","metadescription":"Mechanical. ComMFDNR. Interior tenant improvement adding supply air for 12 new offices, installing makeup air and exhaust for garage area. Refer to attached drawings.. Closed","address":null,"x":"-93.28068","y":"44.9858800000001","value":"40000","display":"700 5TH ST N","issuedate":"2022/08/15 11:17:51+00","milestone":"Closed","completedate":"2022/09/13 15:43:42+00","applicantcity":"Ham Lake","applicantaddress1":"1544 134th Ave NE"},"geometry":{"type":"Point","coordinates":[-93.28068,44.98588]}},{"type":"Feature","properties":{"date":null,"year":0,"description":"8TH FLOOR TENANT IMPROVEMENT   certificate of occupancy required:   no     special inspections required:   no  const type:   1-B      occupancy:    B          2020 MSBC  occupant load:  221 in  Unilever suite     sprinklered: yes    Tenant:   Unilever","metadescription":"Commercial. Remodel. 8TH FLOOR TENANT IMPROVEMENT   certificate of occupancy required:   no     special inspections required:   no  const type:   1-B      occupancy:    B          2020 MSBC  occupant load:  221 in  Unilever suite     sprinklered: yes    Tenant:   Unilever. Closed","address":null,"x":"-93.2729199999999","y":"44.97671","value":"655000","display":"700 NICOLLET MALL","fullname":"601 W COMPANIES MINNESOTA LLC","issuedate":"2022/06/28 10:03:45+00","milestone":"Closed","completedate":"2022/11/15 12:12:15+00","applicantcity":"Minneapolis","applicantaddress1":"730 2nd Ave S #1233"},"geometry":{"type":"Point","coordinates":[-93.27292,44.97671]}},{"type":"Feature","properties":{"date":null,"year":0,"description":"INTERIOR RENOVATION CORE AND SHELL WORK IN PREP FOR FUTURE TENANT IMPROVEMENTS     certificate of occupancy required:  YES mechanical plans required for certificate of occupancy mechanical plans/letter of means of compliance submitted\\ special inspections","metadescription":"Commercial. Remodel. INTERIOR RENOVATION CORE AND SHELL WORK IN PREP FOR FUTURE TENANT IMPROVEMENTS     certificate of occupancy required:  YES mechanical plans required for certificate of occupancy mechanical plans/letter of means of compliance submitted\\ special inspections. Closed","address":null,"x":"-93.2729199999999","y":"44.97671","value":"43800000","display":"700 NICOLLET MALL","fullname":"601 W COMPANIES MINNESOTA LLC","issuedate":"2018/08/30 14:44:28+00","milestone":"Closed","completedate":"2019/12/13 13:19:24+00","applicantcity":"MINNEAPOLIS","applicantaddress1":"730 2ND AVE S STE1233"},"geometry":{"type":"Point","coordinates":[-93.27292,44.97671]}},{"type":"Feature","properties":{"date":null,"year":0,"description":"duct distribution, new heating and ac system, erv air exchange system per plans.  BLDG1032101         Tenant Improvement - Salon & Barbershop   BLDG1006842    CERTIFICATE OF OCCUPANCY REQUIRED - AN AUTHORIZED REPRESENTATIVE OF THE PERMIT APPLICANT MUST CA","metadescription":"Mechanical. ComMFDNR. duct distribution, new heating and ac system, erv air exchange system per plans.  BLDG1032101         Tenant Improvement - Salon & Barbershop   BLDG1006842    CERTIFICATE OF OCCUPANCY REQUIRED - AN AUTHORIZED REPRESENTATIVE OF THE PERMIT APPLICANT MUST CA. Closed","address":null,"x":"-93.26683","y":"44.94863","value":"24000","display":"610 LAKE ST E","fullname":"SANTIAGO D GUACHAMIN ARTIEDA","issuedate":"2023/12/11 15:57:25+00","milestone":"Closed","completedate":"2024/06/25 13:32:51+00","applicantcity":"Minneapolis","applicantaddress1":"1512 Monroe St NE"},"geometry":{"type":"Point","coordinates":[-93.26683,44.94863]}},{"type":"Feature","properties":{"date":null,"year":0,"description":"tenant finish\r\r*B-R/R\tBUSINESS OCCUPANCY REMODEL OR REPAIR\rTENANT FINISH WORK  SUITE 13.  ADD DOOR 005.  RECONFIGURE NORTH ENTRANCE\rcertificate of occupancy required  yes  \rmechanical plans required for certificate of occupancy\r\rspecial inspections requir","metadescription":"Commercial. Remodel. tenant finish\r\r*B-R/R\tBUSINESS OCCUPANCY REMODEL OR REPAIR\rTENANT FINISH WORK  SUITE 13.  ADD DOOR 005.  RECONFIGURE NORTH ENTRANCE\rcertificate of occupancy required  yes  \rmechanical plans required for certificate of occupancy\r\rspecial inspections requir. Closed","address":null,"x":"-93.24281","y":"44.9892800000001","value":"7500","display":"610 9TH ST SE","fullname":"NORTH CO LLC","issuedate":"2017/01/24 13:26:24+00","milestone":"Closed","completedate":"2017/04/11 08:39:43+00","applicantcity":"Minneapolis","applicantaddress1":"816 9th St SE"},"geometry":{"type":"Point","coordinates":[-93.24281,44.98928]}},{"type":"Feature","properties":{"date":null,"year":0,"description":"Ste 1450 tenant improvement (Northco)   certificate of occupancy required:  yes   ***** special inspections required:  no*****  const type:  III-B       ***occupancy:  B            ***2020 MSBC***** occupant load:  117    ***** sprinklered: yes  ***** ene","metadescription":"Commercial. Remodel. Ste 1450 tenant improvement (Northco)   certificate of occupancy required:  yes   ***** special inspections required:  no*****  const type:  III-B       ***occupancy:  B            ***2020 MSBC***** occupant load:  117    ***** sprinklered: yes  ***** ene. Closed","address":null,"x":"-93.24281","y":"44.9892800000001","value":"526211","display":"610 9TH ST SE","fullname":"NORTH CO LLC","issuedate":"2020/11/12 13:07:28+00","milestone":"Closed","completedate":"2021/09/15 07:43:42+00","applicantcity":"Minneapolis","applicantaddress1":"730 2nd Ave S"},"geometry":{"type":"Point","coordinates":[-93.24281,44.98928]}},{"type":"Feature","properties":{"date":null,"year":0,"description":"tenant improvements suite # 2530","metadescription":"Commercial. Remodel. tenant improvements suite # 2530. Closed","address":null,"x":"-93.26989","y":"44.9781300000001","value":"97627","display":"60 6TH ST S","issuedate":"2019/05/10 09:50:39+00","milestone":"Closed","completedate":"2019/08/28 12:02:24+00","applicantcity":"MINNEAPOLIS","applicantaddress1":"ATTN TODD HAYES"},"geometry":{"type":"Point","coordinates":[-93.26989,44.97813]}},{"type":"Feature","properties":{"date":null,"year":0,"description":"TENANT FINISH FOR NEW BAKERY/RESTAURANT APPROX 1,738 SF   certificate of occupancy required : yes  mechanical plans required for certificate of occupancy: YES mechanical plans/letter of means of compliance submitted\\ special inspections required :  no  co","metadescription":"Commercial. Remodel. TENANT FINISH FOR NEW BAKERY/RESTAURANT APPROX 1,738 SF   certificate of occupancy required : yes  mechanical plans required for certificate of occupancy: YES mechanical plans/letter of means of compliance submitted\\ special inspections required :  no  co. Closed","address":null,"x":"-93.3082699999999","y":"44.9047","value":"278000","display":"5401 PENN AVE S","fullname":"HIR-GUST LLC","issuedate":"2017/06/15 13:45:42+00","milestone":"Closed","completedate":"2018/01/17 08:22:05+00","applicantcity":"MINNEAPOLIS","applicantaddress1":"4749 CHICAGO AVE S  #2"},"geometry":{"type":"Point","coordinates":[-93.30827,44.9047]}},{"type":"Feature","properties":{"date":null,"year":0,"description":"Interior Tenant Improvement - Wells Fargo Branch certificate of occupancy IS required: yes ********** mechanical plans required for certificate of occupancy********** mechanical plans dated 7/1/19********* This contractor must coordinate work with special","metadescription":"Commercial. Remodel. Interior Tenant Improvement - Wells Fargo Branch certificate of occupancy IS required: yes ********** mechanical plans required for certificate of occupancy********** mechanical plans dated 7/1/19********* This contractor must coordinate work with special. Closed","address":null,"x":"-93.26444","y":"44.9719000000001","value":"215000","display":"601 8TH ST S","fullname":"THE LARKING LLC","issuedate":"2019/09/16 09:39:04+00","milestone":"Closed","completedate":"2022/04/05 12:21:02+00","applicantcity":"DALLAS","applicantaddress1":"8828 NORTH STEMMONS FREEWAY-#500"},"geometry":{"type":"Point","coordinates":[-93.26444,44.9719]}},{"type":"Feature","properties":{"date":null,"year":0,"description":"#3550 interior tenant finish.  certificate of occupancy required:  no        const type:  1a       occupancy:      b        2020 MSBC   sprinklered: yes      architect:      hustad #17408","metadescription":"Commercial. Remodel. #3550 interior tenant finish.  certificate of occupancy required:  no        const type:  1a       occupancy:      b        2020 MSBC   sprinklered: yes      architect:      hustad #17408. Issued","address":null,"x":"-93.2705999999999","y":"44.97817","value":"127894","display":"60 6TH ST S","issuedate":"2026/05/20 12:47:49+00","milestone":"Inspection","applicantcity":"MINNEAPOLIS","applicantaddress1":"33 6TH ST  SUITE 4510"},"geometry":{"type":"Point","coordinates":[-93.2706,44.97817]}},{"type":"Feature","properties":{"date":null,"year":0,"description":"TENANT FINISH FOR NEW BAKERY/RESTAURANT APPROX 1,738 SF   certificate of occupancy required : yes  mechanical plans required for certificate of occupancy: YES mechanical plans/letter of means of compliance submitted\\ special inspections required :  no  co","metadescription":"Commercial. Remodel. TENANT FINISH FOR NEW BAKERY/RESTAURANT APPROX 1,738 SF   certificate of occupancy required : yes  mechanical plans required for certificate of occupancy: YES mechanical plans/letter of means of compliance submitted\\ special inspections required :  no  co. Closed","address":null,"x":"-93.3082699999999","y":"44.9047","value":"278000","display":"5401 PENN AVE S","issuedate":"2017/06/15 13:45:42+00","milestone":"Closed","completedate":"2018/01/17 08:22:05+00","applicantcity":"MINNEAPOLIS","applicantaddress1":"4749 CHICAGO AVE S  #2"},"geometry":{"type":"Point","coordinates":[-93.30827,44.9047]}},{"type":"Feature","properties":{"date":null,"year":0,"description":"TENANT FINISH FOR NEW BAKERY/RESTAURANT APPROX 1,738 SF   certificate of occupancy required : yes  mechanical plans required for certificate of occupancy: YES mechanical plans/letter of means of compliance submitted\\ special inspections required :  no  co","metadescription":"Commercial. Remodel. TENANT FINISH FOR NEW BAKERY/RESTAURANT APPROX 1,738 SF   certificate of occupancy required : yes  mechanical plans required for certificate of occupancy: YES mechanical plans/letter of means of compliance submitted\\ special inspections required :  no  co. Closed","address":null,"x":"-93.3082699999999","y":"44.9042900000001","value":"278000","display":"5401 PENN AVE S","issuedate":"2017/06/15 13:45:42+00","milestone":"Closed","completedate":"2018/01/17 08:22:05+00","applicantcity":"MINNEAPOLIS","applicantaddress1":"4749 CHICAGO AVE S  #2"},"geometry":{"type":"Point","coordinates":[-93.30827,44.90429]}},{"type":"Feature","properties":{"date":null,"year":0,"description":"TENANT IMPROVEMENT FOR NEW OFFICE SPACE IN EXISTING COMMERCIAL MIXED-USED BUILDING. AAJ#2        certificate of occupancy required: NO  mechanical plans required for certificate of occupancy  mechanical plans/letter of means of compliance submitted\\  spec","metadescription":"Commercial. Remodel. TENANT IMPROVEMENT FOR NEW OFFICE SPACE IN EXISTING COMMERCIAL MIXED-USED BUILDING. AAJ#2        certificate of occupancy required: NO  mechanical plans required for certificate of occupancy  mechanical plans/letter of means of compliance submitted\\  spec. Closed","address":null,"x":"-93.24225","y":"44.99035","value":"25000","display":"575 9TH ST SE","fullname":"HILLCREST DEVELOPMENT LLLP","issuedate":"2019/02/01 09:20:20+00","milestone":"Closed","completedate":"2019/03/13 10:41:54+00","applicantcity":"Bloomington","applicantaddress1":"7803 Glenroy Rd #200"},"geometry":{"type":"Point","coordinates":[-93.24225,44.99035]}},{"type":"Feature","properties":{"date":null,"year":0,"description":"TENANT IMPROVEMENT.  LEVEL 2 ONLY.  NO CHANGE TO EXITING OR STRUCTURAL WORK. SMOKE SHUTTERS TO REMAIN AT ATRIUM.   (JJL)     certificate of occupancy required:    no   *****  special inspections required:    no*****   const type:  IB       ***occupancy:","metadescription":"Commercial. Remodel. TENANT IMPROVEMENT.  LEVEL 2 ONLY.  NO CHANGE TO EXITING OR STRUCTURAL WORK. SMOKE SHUTTERS TO REMAIN AT ATRIUM.   (JJL)     certificate of occupancy required:    no   *****  special inspections required:    no*****   const type:  IB       ***occupancy:. Closed","address":null,"x":"-93.27118","y":"44.97869","value":"525364","display":"520 NICOLLET MALL","issuedate":"2023/01/20 16:05:39+00","milestone":"Closed","completedate":"2023/11/17 13:48:34+00","applicantcity":"Minneapolis","applicantaddress1":"730 2nd Ave S #1233"},"geometry":{"type":"Point","coordinates":[-93.27118,44.97869]}},{"type":"Feature","properties":{"date":null,"year":0,"description":"TENANT FINISH APPROX 6600 SF SUITE 400 AT OFFICES (JAG)*** REMODEL ELEVATOR LOBBY.***   certificate of occupancy required :  no***  mechanical plans required for certificate of occupancy ***  mechanical plans/letter of means of compliance submitted\\ YES *","metadescription":"Commercial. Remodel. TENANT FINISH APPROX 6600 SF SUITE 400 AT OFFICES (JAG)*** REMODEL ELEVATOR LOBBY.***   certificate of occupancy required :  no***  mechanical plans required for certificate of occupancy ***  mechanical plans/letter of means of compliance submitted\\ YES *. Closed","address":null,"x":"-93.27118","y":"44.97869","value":"30000","display":"520 NICOLLET MALL","issuedate":"2019/05/06 11:45:00+00","milestone":"Closed","completedate":"2019/08/23 12:23:27+00","applicantcity":"PLYMOUTH","applicantaddress1":"14700 28TH AVE N STE 30"},"geometry":{"type":"Point","coordinates":[-93.27118,44.97869]}},{"type":"Feature","properties":{"date":null,"year":0,"description":"Tenant Improvement - La Michoacana Rose - WALL FINISH ONLY  certificate of occupancy required:  no    special inspections required:  no  occupancy:      B        2020 MSBC sac: 3.99 charges  3.99 credits = 0.00 net met council letter dated: 10/26/21","metadescription":"Commercial. Remodel. Tenant Improvement - La Michoacana Rose - WALL FINISH ONLY  certificate of occupancy required:  no    special inspections required:  no  occupancy:      B        2020 MSBC sac: 3.99 charges  3.99 credits = 0.00 net met council letter dated: 10/26/21. Closed","address":null,"x":"-93.32866","y":"44.9109800000001","value":"500","display":"5055 FRANCE AVE S","fullname":"KALSYBRO COMPANY INC","issuedate":"2021/10/28 15:49:54+00","milestone":"Closed","completedate":"2021/10/29 11:13:20+00","applicantcity":"Minneapolis","applicantaddress1":"5055 France Ave S"},"geometry":{"type":"Point","coordinates":[-93.32866,44.91098]}},{"type":"Feature","properties":{"date":null,"year":0,"description":"tenant improvements suite # 600 *****   certificate of occupancy required: no *****   special inspections required: no*****   const type: 1A ***occupancy: B ***2015 MSBC*****   sprinklered: yes *****   20% accessibility upgrades:  Restroom modifications &","metadescription":"Commercial. Remodel. tenant improvements suite # 600 *****   certificate of occupancy required: no *****   special inspections required: no*****   const type: 1A ***occupancy: B ***2015 MSBC*****   sprinklered: yes *****   20% accessibility upgrades:  Restroom modifications &. Closed","address":null,"x":"-93.26989","y":"44.9781300000001","value":"38250","display":"510 MARQUETTE AVE","fullname":"IPERS 510 MARQUETTE INC","issuedate":"2019/08/19 12:10:35+00","milestone":"Closed","completedate":"2020/10/19 06:41:27+00","applicantcity":"Edina","applicantaddress1":"5151 Edina Industrial Blvd #650"},"geometry":{"type":"Point","coordinates":[-93.26989,44.97813]}},{"type":"Feature","properties":{"date":null,"year":0,"description":"Tenant improvement -ACW     certificate of occupancy required:   no     special inspections required:   no     const type:    IV     occupancy:    B          2020 MSBC  occupant load:      27  sprinklered: yes    Floor(s):   3rd     architect:      Englan","metadescription":"Commercial. Remodel. Tenant improvement -ACW     certificate of occupancy required:   no     special inspections required:   no     const type:    IV     occupancy:    B          2020 MSBC  occupant load:      27  sprinklered: yes    Floor(s):   3rd     architect:      Englan. Issued","address":null,"x":"-93.25408","y":"44.9903600000001","value":"100000","display":"501 1ST AVE NE","fullname":"BURLAP LOFTS LLC","issuedate":"2026/06/08 14:55:30+00","milestone":"Inspection","applicantcity":"Minneapolis","applicantaddress1":"1834 E 38th ST"},"geometry":{"type":"Point","coordinates":[-93.25408,44.99036]}},{"type":"Feature","properties":{"date":null,"year":0,"description":"tenant finish\r\rTENANT FINISH TO 1,250 S.F SPACE FOR PET SUPPLY STORE.   FRAME FOR 207 S.F STORAGE ROOM, FLOORING AND PAINTING.  (DMH#2)\rRESTROOMS IN ADJACENT COMMON HALL. \r\rARCHITECT: LAMPERT,#13669\r\rAPPROVED PLANS AND PERMIT MUST BE ON SITE BEFORE INSPEC","metadescription":"Commercial. Remodel. tenant finish\r\rTENANT FINISH TO 1,250 S.F SPACE FOR PET SUPPLY STORE.   FRAME FOR 207 S.F STORAGE ROOM, FLOORING AND PAINTING.  (DMH#2)\rRESTROOMS IN ADJACENT COMMON HALL. \r\rARCHITECT: LAMPERT,#13669\r\rAPPROVED PLANS AND PERMIT MUST BE ON SITE BEFORE INSPEC. Closed","address":null,"x":"-93.28761","y":"44.9061600000001","value":"62000","display":"5315 LYNDALE AVE S","fullname":"5301 BOULEVARD COMMONS LLC","issuedate":"2016/12/28 11:09:32+00","milestone":"Closed","completedate":"2020/03/12 12:48:28+00","applicantcity":"SOUTH SAINT PAUL","applicantaddress1":"181 BRIDGEPOINT DR"},"geometry":{"type":"Point","coordinates":[-93.28761,44.90616]}},{"type":"Feature","properties":{"date":null,"year":0,"description":"OFFICE REMODEL AND TENANT IMPROVEMENT, SOME MECHANICAL A,D LIGHITN UPGRADES AT UNIT 3000 (MAA #01)  NO CHANGE IN EXITING OR HVACE LOAD        certificate of occupancy required   YES            const type:       I -A      occupancy:          B          201","metadescription":"Commercial. Remodel. OFFICE REMODEL AND TENANT IMPROVEMENT, SOME MECHANICAL A,D LIGHITN UPGRADES AT UNIT 3000 (MAA #01)  NO CHANGE IN EXITING OR HVACE LOAD        certificate of occupancy required   YES            const type:       I -A      occupancy:          B          201. Closed","address":null,"x":"-93.26036","y":"44.97891","value":"200000","display":"500 WASHINGTON AVE S","fullname":"CSM INVESTORS II INC.","issuedate":"2017/03/14 09:17:25+00","milestone":"Closed","completedate":"2018/12/05 09:55:10+00","applicantcity":"Minneapolis","applicantaddress1":"500 Washington Ave S #3000"},"geometry":{"type":"Point","coordinates":[-93.26036,44.97891]}},{"type":"Feature","properties":{"date":null,"year":0,"description":"suite # 3100 tenant improvements   certificate of occupancy required:  no  special inspections required:  yes   const type: IIB (assumed)        occupancy:    B          2015 MSBC  occupant load:  141  sprinklered: yes    elevator review ________     Tena","metadescription":"Commercial. Remodel. suite # 3100 tenant improvements   certificate of occupancy required:  no  special inspections required:  yes   const type: IIB (assumed)        occupancy:    B          2015 MSBC  occupant load:  141  sprinklered: yes    elevator review ________     Tena. Closed","address":null,"x":"-93.26036","y":"44.97891","value":"440000","display":"500 WASHINGTON AVE S","fullname":"CSM INVESTORS II INC.","issuedate":"2018/10/01 09:26:57+00","milestone":"Closed","completedate":"2019/03/08 09:45:04+00","applicantcity":"MINNEAPOLIS","applicantaddress1":"500 WASHINGTON AVE S # 3000"},"geometry":{"type":"Point","coordinates":[-93.26036,44.97891]}},{"type":"Feature","properties":{"date":null,"year":0,"description":"Interior tenant improvement BLDG64730 (T94906) was canceled and replaced by this permit INTERIOR BUILDOUT OF EXISTING OFFICE SPACE FOR TRAINING PURPOSES.   TRAINING ROOM OCCUPANCY BASED ON 15 SQUARE FEET PER OCCUPANT.   ALL INTERIOR FINISH MATERIALS SHALL","metadescription":"Commercial. Remodel. Interior tenant improvement BLDG64730 (T94906) was canceled and replaced by this permit INTERIOR BUILDOUT OF EXISTING OFFICE SPACE FOR TRAINING PURPOSES.   TRAINING ROOM OCCUPANCY BASED ON 15 SQUARE FEET PER OCCUPANT.   ALL INTERIOR FINISH MATERIALS SHALL. Closed","address":null,"x":"-93.2501099999999","y":"44.9695100000001","value":"713335","display":"505 15TH AVE S","fullname":"FIVE FIFTEEN LIMITED PARTNERSHIP","issuedate":"2016/12/07 13:43:09+00","milestone":"Closed","completedate":"2018/04/23 11:07:32+00","applicantcity":"MINNEAPOLIS","applicantaddress1":"80 8TH ST S # 1916"},"geometry":{"type":"Point","coordinates":[-93.25011,44.96951]}},{"type":"Feature","properties":{"date":null,"year":0,"description":"INTERIOR REMODEL FOR TENANT IMPROVEMENT OF EXISTING TENANT SPACE FOR NEW TATTOO/ MAKEUP SHOP IN EXISTING COMMERCIAL BUILDING. AAJ (PROJECT DOX PLANS).       certificate of occupancy required: YES. FROM MERCANTILE (M) TO TATTOO SHOP (B)  mechanical plans r","metadescription":"Commercial. Remodel. INTERIOR REMODEL FOR TENANT IMPROVEMENT OF EXISTING TENANT SPACE FOR NEW TATTOO/ MAKEUP SHOP IN EXISTING COMMERCIAL BUILDING. AAJ (PROJECT DOX PLANS).       certificate of occupancy required: YES. FROM MERCANTILE (M) TO TATTOO SHOP (B)  mechanical plans r. Closed","address":null,"x":"-93.2531299999999","y":"44.9894400000001","value":"15000","display":"513 CENTRAL AVE NE","fullname":"LAZAROS CHRISTOFORIDES TRUST","issuedate":"2022/05/11 08:19:22+00","milestone":"Closed","completedate":"2025/06/05 09:37:51+00","applicantcity":"SAINT PAUL","applicantaddress1":"1453 UNIVERSITY AVE"},"geometry":{"type":"Point","coordinates":[-93.25313,44.98944]}},{"type":"Feature","properties":{"date":null,"year":0,"description":"TENANT IMPROVEMENT FOR INTERIOR REMODEL OF EXISTING OFFICE  SPACE ON 8TH FLOOR OF HENNEPIN COUNTY HEALTH SERVICES BUILDING. AAJ (PROJECT DOX PLANS AND DOCUMENT)      certificate of occupancy required: NO mechanical plans required for certificate of occupa","metadescription":"Commercial. Remodel. TENANT IMPROVEMENT FOR INTERIOR REMODEL OF EXISTING OFFICE  SPACE ON 8TH FLOOR OF HENNEPIN COUNTY HEALTH SERVICES BUILDING. AAJ (PROJECT DOX PLANS AND DOCUMENT)      certificate of occupancy required: NO mechanical plans required for certificate of occupa. Closed","address":null,"x":"-93.26217","y":"44.97459","value":"478784","display":"525 PORTLAND AVE","fullname":"HENNEPIN COUNTY","issuedate":"2022/01/27 12:46:54+00","milestone":"Closed","completedate":"2022/10/12 12:08:31+00","applicantcity":"Wayzata","applicantaddress1":"1000 Twelve Oaks Center Drive"},"geometry":{"type":"Point","coordinates":[-93.26217,44.97459]}},{"type":"Feature","properties":{"date":null,"year":0,"description":"DISCOVER STRENGTH OFFICE - TENANT IMPROVEMENT SUITE 1233 ***collected SAC under 1026612***   certificate of occupancy required:  no     const type:    2-B     occupancy:   B           2020 MSBC   occupant load:      no change  sprinklered:   no    archite","metadescription":"Commercial. Remodel. DISCOVER STRENGTH OFFICE - TENANT IMPROVEMENT SUITE 1233 ***collected SAC under 1026612***   certificate of occupancy required:  no     const type:    2-B     occupancy:   B           2020 MSBC   occupant load:      no change  sprinklered:   no    archite. Closed","address":null,"x":"-93.32866","y":"44.9113100000001","value":"100000","display":"5041 FRANCE AVE S","fullname":"BROCO PROPERTIES LLC","issuedate":"2023/06/28 09:08:19+00","milestone":"Closed","completedate":"2023/09/05 10:09:12+00","applicantcity":"Minneapolis","applicantaddress1":"730 2nd Ave S #1233"},"geometry":{"type":"Point","coordinates":[-93.32866,44.91131]}},{"type":"Feature","properties":{"date":null,"year":0,"description":"Demolition and shell prep for future tenant improvement - 22nd Floor   certificate of occupancy required:  no     special inspections required:  no     const type:  1A       occupancy:    B          2020 MSBC  occupant load:     213 (full floor)   sprinkl","metadescription":"Commercial. Remodel. Demolition and shell prep for future tenant improvement - 22nd Floor   certificate of occupancy required:  no     special inspections required:  no     const type:  1A       occupancy:    B          2020 MSBC  occupant load:     213 (full floor)   sprinkl. Closed","address":null,"x":"-93.27178","y":"44.9784100000001","value":"70412.22","display":"50 6TH ST S","fullname":"SOUTH SIXTH OFFICE LLC","issuedate":"2025/01/14 11:30:16+00","milestone":"Closed","completedate":"2025/01/28 10:18:13+00","applicantcity":"MINNEAPOLIS","applicantaddress1":"50 6TH ST S #1413"},"geometry":{"type":"Point","coordinates":[-93.27178,44.97841]}},{"type":"Feature","properties":{"date":null,"year":0,"description":"Main Level Tenant Improvement - Suite 100  certificate of occupancy required:  no   ***** special inspections required:  no*****  const type:  1B       ***occupancy:  B            ***2020 MSBC***** occupant load:  21     ***** sprinklered: yes  ***** Tena","metadescription":"Commercial. Remodel. Main Level Tenant Improvement - Suite 100  certificate of occupancy required:  no   ***** special inspections required:  no*****  const type:  1B       ***occupancy:  B            ***2020 MSBC***** occupant load:  21     ***** sprinklered: yes  ***** Tena. Closed","address":null,"x":"-93.27118","y":"44.97869","value":"160000","display":"520 NICOLLET MALL","issuedate":"2020/09/24 13:22:06+00","milestone":"Closed","completedate":"2021/03/15 12:18:31+00","applicantcity":"Minneapolis","applicantaddress1":"414 Nicollet Mall"},"geometry":{"type":"Point","coordinates":[-93.27118,44.97869]}},{"type":"Feature","properties":{"date":null,"year":0,"description":"TENANT IMPROVEMENT OF EXISTING SAFELITE AUTO GLASS IN EXISTING COMMERCIAL BUILDING. AAJ#2     certificate of occupancy required: NO mechanical plans required for certificate of occupancy mechanical plans/letter of means of compliance submitted\\ special in","metadescription":"Commercial. Remodel. TENANT IMPROVEMENT OF EXISTING SAFELITE AUTO GLASS IN EXISTING COMMERCIAL BUILDING. AAJ#2     certificate of occupancy required: NO mechanical plans required for certificate of occupancy mechanical plans/letter of means of compliance submitted\\ special in. Closed","address":null,"x":"-93.20928","y":"44.97209","value":"95000","display":"504 MALCOLM AVE SE","fullname":"MERITEX TWIN CITIES IND I LLC","issuedate":"2017/04/17 10:37:58+00","milestone":"Closed","completedate":"2017/06/02 08:19:14+00","applicantcity":"PLYMOUTH","applicantaddress1":"14030 21ST AVE N"},"geometry":{"type":"Point","coordinates":[-93.20928,44.97209]}},{"type":"Feature","properties":{"date":null,"year":0,"description":"New Tenant Improvement Project in Existing Vacant Space  certificate of occupancy required:  no special inspections required:  no  const type:  1A        occupancy:   B           2015 MSBC occupant load:  89 sprinklered: yes  Tenant:   Innovative Office S","metadescription":"Commercial. Remodel. New Tenant Improvement Project in Existing Vacant Space  certificate of occupancy required:  no special inspections required:  no  const type:  1A        occupancy:   B           2015 MSBC occupant load:  89 sprinklered: yes  Tenant:   Innovative Office S. Closed","address":null,"x":"-93.26989","y":"44.9781300000001","value":"350000","display":"510 MARQUETTE AVE","fullname":"IPERS 510 MARQUETTE INC","issuedate":"2018/02/21 12:53:05+00","milestone":"Closed","completedate":"2018/07/27 11:46:21+00","applicantcity":"MINNEAPOLIS","applicantaddress1":"121 so 8th st #1200"},"geometry":{"type":"Point","coordinates":[-93.26989,44.97813]}},{"type":"Feature","properties":{"date":null,"year":0,"description":"Tenant Improvement of newly demised office -ACW     certificate of occupancy required:  no     special inspections required:  no     const type:   IA      occupancy:   B          2020 MSBC  occupant load:      31  sprinklered: yes         Tenant:   Maplet","metadescription":"Commercial. Remodel. Tenant Improvement of newly demised office -ACW     certificate of occupancy required:  no     special inspections required:  no     const type:   IA      occupancy:   B          2020 MSBC  occupant load:      31  sprinklered: yes         Tenant:   Maplet. Issued","address":null,"x":"-93.27178","y":"44.9784100000001","value":"91784","display":"50 6TH ST S","fullname":"SOUTH SIXTH OFFICE LLC","issuedate":"2026/03/06 14:16:06+00","milestone":"Final Inspection","applicantcity":"MINNEAPOLIS","applicantaddress1":"50 6TH ST S #1413"},"geometry":{"type":"Point","coordinates":[-93.27178,44.97841]}},{"type":"Feature","properties":{"date":null,"year":0,"description":"Tenant Improvement Office Buildouts - Suites 310 & 320  certificate of occupancy required:  no     special inspections required:  no     const type:   IV      occupancy:   B           2020 MSBC  occupant load:  21 (Ste 310), 16 (Ste 320)       sprinklered","metadescription":"Commercial. Remodel. Tenant Improvement Office Buildouts - Suites 310 & 320  certificate of occupancy required:  no     special inspections required:  no     const type:   IV      occupancy:   B           2020 MSBC  occupant load:  21 (Ste 310), 16 (Ste 320)       sprinklered. Closed","address":null,"x":"-93.25408","y":"44.9903600000001","value":"100000","display":"501 1ST AVE NE","fullname":"BURLAP LOFTS LLC","issuedate":"2025/03/13 12:32:07+00","milestone":"Closed","completedate":"2025/12/16 10:31:13+00","applicantcity":"Minneapolis","applicantaddress1":"1834 38th St E"},"geometry":{"type":"Point","coordinates":[-93.25408,44.99036]}},{"type":"Feature","properties":{"date":null,"year":0,"description":"Remodel of existing space to facilitate future tenant improvement projects. Remodel includes new connector structure between the spaces, new elevator, new windows, and remodeled MEPs.    CAIM to allow fire escapes as required 2nd exit access was denied.","metadescription":"Commercial. Remodel. Remodel of existing space to facilitate future tenant improvement projects. Remodel includes new connector structure between the spaces, new elevator, new windows, and remodeled MEPs.    CAIM to allow fire escapes as required 2nd exit access was denied.. Closed","address":null,"x":"-93.25408","y":"44.9903600000001","value":"3192900","display":"501 1ST AVE NE","fullname":"BURLAP LOFTS LLC","issuedate":"2024/01/26 10:01:41+00","milestone":"Closed","completedate":"2024/10/28 10:18:39+00","applicantcity":"Minneapolis","applicantaddress1":"1834 E 38th St"},"geometry":{"type":"Point","coordinates":[-93.25408,44.99036]}},{"type":"Feature","properties":{"date":null,"year":0,"description":"tenant improvements to existing childcare center New south entry provides an accessible route.    Post-issue revisions added new direct exits for spaces serving children under 2.5 years.   certificate of occupancy required:   no    special inspections req","metadescription":"Commercial. Remodel. tenant improvements to existing childcare center New south entry provides an accessible route.    Post-issue revisions added new direct exits for spaces serving children under 2.5 years.   certificate of occupancy required:   no    special inspections req. Closed","address":null,"x":"-93.32357","y":"44.91216","value":"27500","display":"5009 BEARD AVE S","fullname":"CHABAD'S YOUNG PROS MPLS","issuedate":"2023/08/29 12:50:34+00","milestone":"Closed","completedate":"2024/02/05 09:55:01+00","applicantcity":"Minneapolis","applicantaddress1":"5414 Washburn Ave S"},"geometry":{"type":"Point","coordinates":[-93.32357,44.91216]}},{"type":"Feature","properties":{"date":null,"year":0,"description":"TENANT FINISH NEW PROPERTY MAINTENANCE & OFFICE BUILDING   NEW 1.5 TON LENNOX SPIT STSTEM & FAN COIL WITH DISTRIBUTION PER PLANS","metadescription":"Mechanical. Comm-MFD. TENANT FINISH NEW PROPERTY MAINTENANCE & OFFICE BUILDING   NEW 1.5 TON LENNOX SPIT STSTEM & FAN COIL WITH DISTRIBUTION PER PLANS. Closed","address":null,"x":"-93.27169","y":"44.9884000000001","value":"15050","display":"50 4TH AVE N","fullname":"IRET  PROPERTIES","issuedate":"2018/10/18 11:08:35+00","milestone":"Closed","completedate":"2019/03/22 16:06:22+00","applicantcity":"SHAKOPEE","applicantaddress1":"1257 MARSCHALL RD"},"geometry":{"type":"Point","coordinates":[-93.27169,44.9884]}},{"type":"Feature","properties":{"date":null,"year":0,"description":"Tenant Improvement - New Coffee Shop - Sunbeam Coffee   CERTIFICATE OF OCCUPANCY REQUIRED - AN AUTHORIZED REPRESENTATIVE OF THE PERMIT APPLICANT MUST CALL 612-673-2327 TO SCHEDULE A CERTIFICATE OF OCCUPANCY INSPECTION TWENTY (20) BUSINESS DAYS BEFORE THE","metadescription":"Commercial. Remodel. Tenant Improvement - New Coffee Shop - Sunbeam Coffee   CERTIFICATE OF OCCUPANCY REQUIRED - AN AUTHORIZED REPRESENTATIVE OF THE PERMIT APPLICANT MUST CALL 612-673-2327 TO SCHEDULE A CERTIFICATE OF OCCUPANCY INSPECTION TWENTY (20) BUSINESS DAYS BEFORE THE. Closed","address":null,"x":"-93.22256","y":"44.9198900000001","value":"242000","display":"4553 34TH AVE S","fullname":"YOUNGEST CHILD LLC","issuedate":"2023/12/01 12:02:30+00","milestone":"Closed","completedate":"2024/02/26 07:01:30+00","applicantcity":"Minneapolis","applicantaddress1":"3560 Snelling Ave"},"geometry":{"type":"Point","coordinates":[-93.22256,44.91989]}},{"type":"Feature","properties":{"date":null,"year":0,"description":"TENANT IMPROVEMENTS.  NEW COOLER.  RELOCATION OF POWER POLE.  NEW DOORS.  NEW LINTEL.  (JJL)  ENGINEER: JOHN HARELAND #18250        A2 OCCUPANCY  VB CONSTRUCTION  ARCHITECT: LITTLE BOX - JEREMY NELSON #45181  SAC DETERMINATION LETTER DATE: 7/21/21 - 0 SAC","metadescription":"Commercial. Remodel. TENANT IMPROVEMENTS.  NEW COOLER.  RELOCATION OF POWER POLE.  NEW DOORS.  NEW LINTEL.  (JJL)  ENGINEER: JOHN HARELAND #18250        A2 OCCUPANCY  VB CONSTRUCTION  ARCHITECT: LITTLE BOX - JEREMY NELSON #45181  SAC DETERMINATION LETTER DATE: 7/21/21 - 0 SAC. Closed","address":null,"x":"-93.27755","y":"44.9203200000001","value":"28400","display":"4537 NICOLLET AVE","fullname":"INTI MPLS LLC","issuedate":"2021/09/09 13:30:58+00","milestone":"Closed","completedate":"2022/05/10 12:55:24+00","applicantcity":"Edina","applicantaddress1":"5151 Edina Indstrial Blvd #650"},"geometry":{"type":"Point","coordinates":[-93.27755,44.92032]}},{"type":"Feature","properties":{"date":null,"year":0,"description":"Tenant improvement in existing office space -ACW     certificate of occupancy required:    no     special inspections required:  no     const type:   I-A      occupancy:    B          2020 MSBC  occupant load:    73   sprinklered: yes       Tenant: Atkins","metadescription":"Commercial. Remodel. Tenant improvement in existing office space -ACW     certificate of occupancy required:    no     special inspections required:  no     const type:   I-A      occupancy:    B          2020 MSBC  occupant load:    73   sprinklered: yes       Tenant: Atkins. Closed","address":null,"x":"-93.2744","y":"44.9771400000001","value":"179831","display":"45 7TH ST S","issuedate":"2025/07/28 11:10:28+00","milestone":"Closed","completedate":"2025/10/27 10:06:54+00","applicantcity":"MINNEAPOLIS","applicantaddress1":"33 6TH ST  SUITE 4510"},"geometry":{"type":"Point","coordinates":[-93.2744,44.97714]}},{"type":"Feature","properties":{"date":null,"year":0,"description":"Tenant improvement in existing office space -ACW     certificate of occupancy required:    no     special inspections required:  no     const type:   I-A      occupancy:    B          2020 MSBC  occupant load:    73   sprinklered: yes       Tenant: Atkins","metadescription":"Commercial. Remodel. Tenant improvement in existing office space -ACW     certificate of occupancy required:    no     special inspections required:  no     const type:   I-A      occupancy:    B          2020 MSBC  occupant load:    73   sprinklered: yes       Tenant: Atkins. Closed","address":null,"x":"-93.2729199999999","y":"44.97671","value":"179831","display":"45 7TH ST S","issuedate":"2025/07/28 11:10:28+00","milestone":"Closed","completedate":"2025/10/27 10:06:54+00","applicantcity":"MINNEAPOLIS","applicantaddress1":"33 6TH ST  SUITE 4510"},"geometry":{"type":"Point","coordinates":[-93.27292,44.97671]}},{"type":"Feature","properties":{"date":null,"year":0,"description":"Tenant improvement of HVAC system adding one VAV box , GRDs and all associated ductwork. Refer to attached drawings.","metadescription":"Mechanical. ComMFDNR. Tenant improvement of HVAC system adding one VAV box , GRDs and all associated ductwork. Refer to attached drawings.. Closed","address":null,"x":"-93.31462","y":"44.92357","value":"8000","display":"4353 UPTON AVE S","fullname":"SOUTH UPTON PROPERTIES PARTNERSHIP","issuedate":"2021/10/14 09:46:50+00","milestone":"Closed","completedate":"2021/12/06 08:22:12+00","applicantcity":"Shakopee","applicantaddress1":"1257 Marschall Rd"},"geometry":{"type":"Point","coordinates":[-93.31462,44.92357]}},{"type":"Feature","properties":{"date":null,"year":0,"description":"Tenant improvement in existing office space -ACW     certificate of occupancy required:    no     special inspections required:  no     const type:   I-A      occupancy:    B          2020 MSBC  occupant load:    73   sprinklered: yes       Tenant: Atkins","metadescription":"Commercial. Remodel. Tenant improvement in existing office space -ACW     certificate of occupancy required:    no     special inspections required:  no     const type:   I-A      occupancy:    B          2020 MSBC  occupant load:    73   sprinklered: yes       Tenant: Atkins. Closed","address":null,"x":"-93.27352","y":"44.97702","value":"179831","display":"45 7TH ST S","issuedate":"2025/07/28 11:10:28+00","milestone":"Closed","completedate":"2025/10/27 10:06:54+00","applicantcity":"MINNEAPOLIS","applicantaddress1":"33 6TH ST  SUITE 4510"},"geometry":{"type":"Point","coordinates":[-93.27352,44.97702]}},{"type":"Feature","properties":{"date":null,"year":0,"description":"TENANT IMPROVEMENT FOR NEW OFFICE SPACE IN EXISTING COMMERCIAL BUILDING. AAJ#1.     certificate of occupancy required: NO mechanical plans required for certificate of occupancy mechanical plans/letter of means of compliance submitted\\ special inspections","metadescription":"Commercial. Remodel. TENANT IMPROVEMENT FOR NEW OFFICE SPACE IN EXISTING COMMERCIAL BUILDING. AAJ#1.     certificate of occupancy required: NO mechanical plans required for certificate of occupancy mechanical plans/letter of means of compliance submitted\\ special inspections. Closed","address":null,"x":"-93.2579699999999","y":"44.9861300000001","value":"490000","display":"43 MAIN ST SE","fullname":"RP MINNEAPOLIS PROPCO, LLC","issuedate":"2017/03/21 10:29:42+00","milestone":"Closed","completedate":"2017/06/15 13:40:51+00","applicantcity":"MINNEAPOLIS","applicantaddress1":"730 2ND AVE S #1233"},"geometry":{"type":"Point","coordinates":[-93.25797,44.98613]}},{"type":"Feature","properties":{"date":null,"year":0,"description":"TENANT IMPROVEMENT WEST 1/2 OF STRUCTURE FOR NEW YOGA STUDIO      certificate of occupancy required:  yes  (SEE ATTACHED PROCEDURE) mechanical plans required for certificate of occupancy mechanical plans/letter of means of compliance submitted\\ special in","metadescription":"Commercial. Remodel. TENANT IMPROVEMENT WEST 1/2 OF STRUCTURE FOR NEW YOGA STUDIO      certificate of occupancy required:  yes  (SEE ATTACHED PROCEDURE) mechanical plans required for certificate of occupancy mechanical plans/letter of means of compliance submitted\\ special in. Closed","address":null,"x":"-93.27754","y":"44.9242100000001","value":"130000","display":"4325 NICOLLET AVE","fullname":"4700 NIC LLC & 43 NIC LLC","issuedate":"2017/04/04 16:30:05+00","milestone":"Closed","completedate":"2017/05/05 09:28:58+00","applicantcity":"LITTLE CANADA","applicantaddress1":"75 VIKING DR W # 104"},"geometry":{"type":"Point","coordinates":[-93.27754,44.92421]}},{"type":"Feature","properties":{"date":null,"year":0,"description":"TENANT IMPROVEMENT TO COMBINE OFFICE SUITE #509 AND SUITE #510 AS ONE SUITE(#509) DUE TO EXPANSION OF SUITE #509  ON 5TH FLOOR OF EXISTING OFFICE BUILDING. AAJ#1.     certificate of occupancy required: NO mechanical plans required for certificate of occup","metadescription":"Commercial. Remodel. TENANT IMPROVEMENT TO COMBINE OFFICE SUITE #509 AND SUITE #510 AS ONE SUITE(#509) DUE TO EXPANSION OF SUITE #509  ON 5TH FLOOR OF EXISTING OFFICE BUILDING. AAJ#1.     certificate of occupancy required: NO mechanical plans required for certificate of occup. Closed","address":null,"x":"-93.2579699999999","y":"44.9861300000001","value":"27191","display":"43 MAIN ST SE","fullname":"RP MINNEAPOLIS PROPCO, LLC","issuedate":"2019/11/21 15:25:17+00","milestone":"Closed","completedate":"2020/01/09 09:06:50+00","applicantcity":"MINNEAPOLIS","applicantaddress1":"33 6TH ST  SUITE 4510"},"geometry":{"type":"Point","coordinates":[-93.25797,44.98613]}},{"type":"Feature","properties":{"date":null,"year":0,"description":"Tenant finish out per approved plan.","metadescription":"Mechanical. ComMFDNR. Tenant finish out per approved plan.. Closed","address":null,"x":"-93.25402","y":"44.9885100000001","value":"28850","display":"426 HENNEPIN AVE E","fullname":"AMFP V 420 HENSEN LLC","issuedate":"2024/12/03 14:19:17+00","milestone":"Closed","completedate":"2025/02/12 07:38:19+00","applicantcity":"New Hope","applicantaddress1":"5417 Boone Ave N"},"geometry":{"type":"Point","coordinates":[-93.25402,44.98851]}},{"type":"Feature","properties":{"date":null,"year":0,"description":"BLDG1095159    2 new HVAC systems per plans.           Life safety plans are avaiable in the following projectdox link.  BLDG1084754        TENANT IMPROVEMENT TO AN EXISTING SPACE.  AUTOMATIC DOOR OPENER FOR ACCESSIBLE ENTRANCE. (JJL)     certificate of o","metadescription":"Mechanical. ComMFDNR. BLDG1095159    2 new HVAC systems per plans.           Life safety plans are avaiable in the following projectdox link.  BLDG1084754        TENANT IMPROVEMENT TO AN EXISTING SPACE.  AUTOMATIC DOOR OPENER FOR ACCESSIBLE ENTRANCE. (JJL)     certificate of o. Closed","address":null,"x":"-93.29114","y":"44.9246200000001","value":"41650","display":"4308 BRYANT AVE S","fullname":"4308 BRYANT LLC","issuedate":"2024/11/19 16:01:25+00","milestone":"Closed","completedate":"2025/03/05 13:43:03+00","applicantcity":"New Hope","applicantaddress1":"5417 Boone Ave N"},"geometry":{"type":"Point","coordinates":[-93.29114,44.92462]}},{"type":"Feature","properties":{"date":null,"year":0,"description":"tenant improvement for Adrenaline Health offices approx. 1000 sq ft.   sck  certificate of occupancy required:  yes  - first tenant in new building   ***** special inspections required:   no*****  const type:    4ht     ***occupancy:   b           ***2020","metadescription":"Commercial. Remodel. tenant improvement for Adrenaline Health offices approx. 1000 sq ft.   sck  certificate of occupancy required:  yes  - first tenant in new building   ***** special inspections required:   no*****  const type:    4ht     ***occupancy:   b           ***2020. Closed","address":null,"x":"-93.31462","y":"44.92357","value":"35000","display":"4353 UPTON AVE S","fullname":"SOUTH UPTON PROPERTIES PARTNERSHIP","issuedate":"2020/07/02 14:26:45+00","milestone":"Closed","completedate":"2020/08/12 11:30:31+00","applicantcity":"Buffalo","applicantaddress1":"300 Brighton Ave S"},"geometry":{"type":"Point","coordinates":[-93.31462,44.92357]}},{"type":"Feature","properties":{"date":null,"year":0,"description":"Tenant improvement combining two suites into one.  Open retail furniture showroom / sales.  certificate of occupancy required:  yes  - first tenant in new building   const type:    3b     occupancy:    m          2020 MSBC  sprinklered: yes  sac: _0_ char","metadescription":"Commercial. Remodel. Tenant improvement combining two suites into one.  Open retail furniture showroom / sales.  certificate of occupancy required:  yes  - first tenant in new building   const type:    3b     occupancy:    m          2020 MSBC  sprinklered: yes  sac: _0_ char. Closed","address":null,"x":"-93.31462","y":"44.92357","value":"44685","display":"4353 UPTON AVE S","fullname":"SOUTH UPTON PROPERTIES PARTNERSHIP","issuedate":"2021/02/11 09:08:07+00","milestone":"Closed","completedate":"2021/03/30 13:05:35+00","applicantcity":"Golden Valley","applicantaddress1":"8900 10th  Ave N"},"geometry":{"type":"Point","coordinates":[-93.31462,44.92357]}},{"type":"Feature","properties":{"date":null,"year":0,"description":"Tenant Improvement of HVAC system adding two new VAV boxes, supply\rdiffusers, return grilles and all associated duct work. Refer to attached\rdrawings.","metadescription":"Mechanical. Comm-MFD. Tenant Improvement of HVAC system adding two new VAV boxes, supply\rdiffusers, return grilles and all associated duct work. Refer to attached\rdrawings.. Closed","address":null,"x":"-93.31462","y":"44.92357","value":"15000","display":"4353 UPTON AVE S","fullname":"SOUTH UPTON PROPERTIES PARTNERSHIP","issuedate":"2021/03/01 08:47:11+00","milestone":"Closed","completedate":"2021/03/11 09:25:08+00","applicantcity":"Shakopee","applicantaddress1":"1257 Marschall Rd"},"geometry":{"type":"Point","coordinates":[-93.31462,44.92357]}},{"type":"Feature","properties":{"date":null,"year":0,"description":"Office/warehouse speculative vacancy prep and remodel - Suite 400  Separate permits and SAC determination required for future tenant improvement  certificate of occupancy required:  no special inspections required:  no  const type:  2B       occupancy:","metadescription":"Commercial. Remodel. Office/warehouse speculative vacancy prep and remodel - Suite 400  Separate permits and SAC determination required for future tenant improvement  certificate of occupancy required:  no special inspections required:  no  const type:  2B       occupancy:. Closed","address":null,"x":"-93.20948","y":"44.9952700000001","value":"369550","display":"451 INDUSTRIAL BLVD","fullname":"TCI LL, LLC","issuedate":"2022/01/18 09:09:15+00","milestone":"Closed","completedate":"2022/11/01 09:07:28+00","applicantcity":"Plymutth","applicantaddress1":"14700 28th Ave #30"},"geometry":{"type":"Point","coordinates":[-93.20948,44.99527]}},{"type":"Feature","properties":{"date":null,"year":0,"description":"9176 SFT TENANT IMPROVEMENT PROJECT ON 6TH FLOOR (MAA)  certificate of occupancy required:  NO   const type:    B     occupancy:      IV       2020 MSBC occupant load:  146   sprinklered: YES  20% accessibility upgrades_____FULLY_____ Tenant:  UNITED PROE","metadescription":"Commercial. Remodel. 9176 SFT TENANT IMPROVEMENT PROJECT ON 6TH FLOOR (MAA)  certificate of occupancy required:  NO   const type:    B     occupancy:      IV       2020 MSBC occupant load:  146   sprinklered: YES  20% accessibility upgrades_____FULLY_____ Tenant:  UNITED PROE. Closed","address":null,"x":"-93.27368","y":"44.9808800000001","value":"412000","display":"416 1ST AVE N","fullname":"KICKERNICK LLC","issuedate":"2021/06/03 10:08:35+00","milestone":"Closed","completedate":"2021/09/08 09:57:51+00","applicantcity":"MINNEAPOLIS","applicantaddress1":"33 6TH ST  SUITE 4510"},"geometry":{"type":"Point","coordinates":[-93.27368,44.98088]}},{"type":"Feature","properties":{"date":null,"year":0,"description":"Tenant improvement utilizing three existing heat pumps and modifying ductwork, supply diffusers per attached plan.","metadescription":"Mechanical. ComMFDNR. Tenant improvement utilizing three existing heat pumps and modifying ductwork, supply diffusers per attached plan.. Closed","address":null,"x":"-93.27368","y":"44.9808800000001","value":"22000","display":"416 1ST AVE N","fullname":"KICKERNICK LLC","issuedate":"2021/05/06 07:39:40+00","milestone":"Closed","completedate":"2021/07/26 15:56:17+00","applicantcity":"Woodbury","applicantaddress1":"2415 Ventura Dr, Ste 100"},"geometry":{"type":"Point","coordinates":[-93.27368,44.98088]}},{"type":"Feature","properties":{"date":null,"year":0,"description":"Tenant improvement in existing office space -ACW     certificate of occupancy required:    no     special inspections required:  no     const type:   I-A      occupancy:    B          2020 MSBC  occupant load:    73   sprinklered: yes       Tenant: Atkins","metadescription":"Commercial. Remodel. Tenant improvement in existing office space -ACW     certificate of occupancy required:    no     special inspections required:  no     const type:   I-A      occupancy:    B          2020 MSBC  occupant load:    73   sprinklered: yes       Tenant: Atkins. Closed","address":null,"x":"-93.27394","y":"44.9766500000001","value":"179831","display":"45 7TH ST S","issuedate":"2025/07/28 11:10:28+00","milestone":"Closed","completedate":"2025/10/27 10:06:54+00","applicantcity":"MINNEAPOLIS","applicantaddress1":"33 6TH ST  SUITE 4510"},"geometry":{"type":"Point","coordinates":[-93.27394,44.97665]}},{"type":"Feature","properties":{"date":null,"year":0,"description":"BLDG1137893   tenant improvement project for the entire fourth floor of 414 Nicollet Mall building. Mechanical piping scope includes heating water piping to VAV and FPVAV boxes. Ductwork/ventilation scope under separate permit.   BLDG1135066","metadescription":"Mechanical. ComMFDNR. BLDG1137893   tenant improvement project for the entire fourth floor of 414 Nicollet Mall building. Mechanical piping scope includes heating water piping to VAV and FPVAV boxes. Ductwork/ventilation scope under separate permit.   BLDG1135066. Closed","address":null,"x":"-93.2705799999999","y":"44.97947","value":"94055","display":"414 NICOLLET MALL","fullname":"NORTHERN  STATES POWER CO","issuedate":"2025/09/03 15:51:28+00","milestone":"Closed","completedate":"2026/02/24 09:48:11+00","applicantcity":"South St Paul","applicantaddress1":"225 Bridgepoint Dr"},"geometry":{"type":"Point","coordinates":[-93.27058,44.97947]}},{"type":"Feature","properties":{"date":null,"year":0,"description":"TENANT IMPROVEMENT TO AN EXISTING SPACE.  AUTOMATIC DOOR OPENER FOR ACCESSIBLE ENTRANCE. (JJL)     certificate of occupancy required:  yes    special inspections required:   no       const type:  V-B    occupancy:   B           2020 MSBC  occupant load:","metadescription":"Commercial. Remodel. TENANT IMPROVEMENT TO AN EXISTING SPACE.  AUTOMATIC DOOR OPENER FOR ACCESSIBLE ENTRANCE. (JJL)     certificate of occupancy required:  yes    special inspections required:   no       const type:  V-B    occupancy:   B           2020 MSBC  occupant load:. Closed","address":null,"x":"-93.29114","y":"44.9246200000001","value":"600000","display":"4308 BRYANT AVE S","fullname":"4308 BRYANT LLC","issuedate":"2024/10/17 13:47:58+00","milestone":"Closed","completedate":"2025/03/03 08:04:10+00","applicantcity":"ELK RIVER","applicantaddress1":"10908 171ST AVE NW"},"geometry":{"type":"Point","coordinates":[-93.29114,44.92462]}},{"type":"Feature","properties":{"date":null,"year":0,"description":"Tenant finish out, adding gas furnace with economizer, DX coil and condensing unit. heat recovery unit, duct heater, relief hood, gas piping,   GRDs and all associated ductwork. Refer to\rattached drawings.","metadescription":"Mechanical. ComMFDNR. Tenant finish out, adding gas furnace with economizer, DX coil and condensing unit. heat recovery unit, duct heater, relief hood, gas piping,   GRDs and all associated ductwork. Refer to\rattached drawings.. Closed","address":null,"x":"-93.31501","y":"44.92447","value":"55000","display":"4304 UPTON AVE S","fullname":"4300 UPTON LLC","issuedate":"2022/04/04 12:26:42+00","milestone":"Closed","completedate":"2024/10/22 14:05:37+00","applicantcity":"Bloomington","applicantaddress1":"8850 Wentworth Ave S"},"geometry":{"type":"Point","coordinates":[-93.31501,44.92447]}},{"type":"Feature","properties":{"date":null,"year":0,"description":"Tenant finish out of HVAC system utilizing existing fan coils and adding supply\rdiffusers, return grilles and all associated duct work. Refer to attached\rdrawings.","metadescription":"Mechanical. Comm-MFD. Tenant finish out of HVAC system utilizing existing fan coils and adding supply\rdiffusers, return grilles and all associated duct work. Refer to attached\rdrawings.. Closed","address":null,"x":"-93.27531","y":"44.9852700000001","value":"28500","display":"411 WASHINGTON AVE N","fullname":"NLP MINNEAPOLIS PROPCO LLC","issuedate":"2021/02/25 09:29:56+00","milestone":"Closed","completedate":"2021/05/27 12:08:29+00","applicantcity":"MINNEAPOLIS","applicantaddress1":"311 1ST AVE N #402"},"geometry":{"type":"Point","coordinates":[-93.27531,44.98527]}},{"type":"Feature","properties":{"date":null,"year":0,"description":"HVAC for tenant finish out adding two new rooftop units, two unit heaters, 5 exhaust fans,  GRDs and all associated ductwork. Refer to\nattached drawings.","metadescription":"Mechanical. ComMFDNR. HVAC for tenant finish out adding two new rooftop units, two unit heaters, 5 exhaust fans,  GRDs and all associated ductwork. Refer to\nattached drawings.. Closed","address":null,"x":"-93.26131","y":"45.03448","value":"76500","display":"420 37TH AVE NE","fullname":"CPREIF NORDEAST BIZ CTR LLC","issuedate":"2023/05/04 12:32:39+00","milestone":"Closed","completedate":"2023/08/10 13:17:42+00","applicantcity":"Andover","applicantaddress1":"15440 Silverod St NW"},"geometry":{"type":"Point","coordinates":[-93.26131,45.03448]}},{"type":"Feature","properties":{"date":null,"year":0,"description":"Tenant Improvement of HVAC system adding two ton rooftop unit, exhaust fan, GRD's and all associated ductwork. Refer to attached drawings.","metadescription":"Mechanical. ComMFDNR. Tenant Improvement of HVAC system adding two ton rooftop unit, exhaust fan, GRD's and all associated ductwork. Refer to attached drawings.. Closed","address":null,"x":"-93.27753","y":"44.92567","value":"14500","display":"4237 NICOLLET AVE","fullname":"VILNO LLC","issuedate":"2021/11/23 14:15:24+00","milestone":"Closed","completedate":"2022/01/03 08:34:05+00","applicantcity":"Minneapolis","applicantaddress1":"2318 1st St NE"},"geometry":{"type":"Point","coordinates":[-93.27753,44.92567]}},{"type":"Feature","properties":{"date":null,"year":0,"description":"Ste 650 - tenant improvement office remodel  certificate of occupancy required:    no      const type:   I-B      occupancy:   B           2020 MSBC occupant load:   72    sprinklered: yes  Tenant:   University Foundation Advisors        Floor(s):   6th","metadescription":"Commercial. Remodel. Ste 650 - tenant improvement office remodel  certificate of occupancy required:    no      const type:   I-B      occupancy:   B           2020 MSBC occupant load:   72    sprinklered: yes  Tenant:   University Foundation Advisors        Floor(s):   6th. Closed","address":null,"x":"-93.27708","y":"44.9838700000001","value":"372650","display":"409 5TH AVE N","fullname":"FORD UNITED LLC","issuedate":"2021/07/19 10:49:28+00","milestone":"Closed","completedate":"2021/12/13 09:05:20+00","applicantcity":"MINNEAPOLIS","applicantaddress1":"730 2ND AVE S"},"geometry":{"type":"Point","coordinates":[-93.27708,44.98387]}},{"type":"Feature","properties":{"date":null,"year":0,"description":"TENANT IMPROVEMENT AT UNIT 103 (MAA)  CO Required: Yes.   const type:  IV A     ***occupancy:      B        ***2015 MSBC***** occupant load:     8 sprinklered: YES Tenant:   CENTERED WEALTH        ***Floor(s):   ***** sac: _.29_ charges  ***__.29 credits","metadescription":"Commercial. Remodel. TENANT IMPROVEMENT AT UNIT 103 (MAA)  CO Required: Yes.   const type:  IV A     ***occupancy:      B        ***2015 MSBC***** occupant load:     8 sprinklered: YES Tenant:   CENTERED WEALTH        ***Floor(s):   ***** sac: _.29_ charges  ***__.29 credits. Closed","address":null,"x":"-93.31462","y":"44.92357","value":"69602","display":"4353 UPTON AVE S","fullname":"SOUTH UPTON PROPERTIES PARTNERSHIP","issuedate":"2020/06/16 15:27:12+00","milestone":"Closed","completedate":"2020/09/08 17:34:36+00","applicantcity":"Golden Valley","applicantaddress1":"8900 10th  Ave N"},"geometry":{"type":"Point","coordinates":[-93.31462,44.92357]}},{"type":"Feature","properties":{"date":null,"year":0,"description":"5,365 TENANT IMPROVEMENT PROJECT ON 6TH FLOOR (MAA)  certificate of occupancy required:  NO   const type:    B     occupancy:      IV       2020 MSBC occupant load:  119     sprinklered: YES  20% accessibility upgrades_____FULLY_____ Tenant:  UNITED PROEP","metadescription":"Commercial. Remodel. 5,365 TENANT IMPROVEMENT PROJECT ON 6TH FLOOR (MAA)  certificate of occupancy required:  NO   const type:    B     occupancy:      IV       2020 MSBC occupant load:  119     sprinklered: YES  20% accessibility upgrades_____FULLY_____ Tenant:  UNITED PROEP. Closed","address":null,"x":"-93.27368","y":"44.9808800000001","value":"241000","display":"416 1ST AVE N","fullname":"KICKERNICK LLC","issuedate":"2021/06/01 15:48:06+00","milestone":"Closed","completedate":"2021/09/08 09:57:09+00","applicantcity":"MINNEAPOLIS","applicantaddress1":"33 6TH ST  SUITE 4510"},"geometry":{"type":"Point","coordinates":[-93.27368,44.98088]}},{"type":"Feature","properties":{"date":null,"year":0,"description":"Tenant Improvement  CERTIFICATE OF OCCUPANCY REQUIRED - AN AUTHORIZED REPRESENTATIVE OF THE PERMIT APPLICANT MUST CALL 612-673-2327 TO SCHEDULE A CERTIFICATE OF OCCUPANCY INSPECTION TWENTY (20) BUSINESS DAYS BEFORE THE DATE OF DESIRED OCCUPANCY - SEE ATTA","metadescription":"Commercial. Remodel. Tenant Improvement  CERTIFICATE OF OCCUPANCY REQUIRED - AN AUTHORIZED REPRESENTATIVE OF THE PERMIT APPLICANT MUST CALL 612-673-2327 TO SCHEDULE A CERTIFICATE OF OCCUPANCY INSPECTION TWENTY (20) BUSINESS DAYS BEFORE THE DATE OF DESIRED OCCUPANCY - SEE ATTA. Closed","address":null,"x":"-93.27531","y":"44.9852700000001","value":"140850","display":"411 WASHINGTON AVE N","fullname":"NLP MINNEAPOLIS PROPCO LLC","issuedate":"2019/10/24 15:52:35+00","milestone":"Closed","completedate":"2020/10/30 09:11:23+00","applicantcity":"Minneapolis","applicantaddress1":"510 1st Ave N, #600"},"geometry":{"type":"Point","coordinates":[-93.27531,44.98527]}},{"type":"Feature","properties":{"date":null,"year":0,"description":"Tenant Improvement, Suite 1060 - Aaron Care Day Support Services  certificate of occupancy required:  no     special inspections required:  no     const type:  VB       occupancy:  E            2020 MSBC  occupant load:   26     sprinklered: yes       sac","metadescription":"Commercial. Remodel. Tenant Improvement, Suite 1060 - Aaron Care Day Support Services  certificate of occupancy required:  no     special inspections required:  no     const type:  VB       occupancy:  E            2020 MSBC  occupant load:   26     sprinklered: yes       sac. Issued","address":null,"x":"-93.22123","y":"44.92972","value":"500","display":"4020 MINNEHAHA AVE","fullname":"LIBERTE PROPERTIES COMMERCIAL LLC","issuedate":"2025/08/04 15:51:41+00","milestone":"Final Inspection","applicantcity":"Minneapolis","applicantaddress1":"4020 Minnehaha Ave"},"geometry":{"type":"Point","coordinates":[-93.22123,44.92972]}},{"type":"Feature","properties":{"date":null,"year":0,"description":"Tenant improvement project for the 4th floor of 414 Nicollet Mall building. Scope of project is the entire floor of the building.","metadescription":"Plumbing. ComMin. Tenant improvement project for the 4th floor of 414 Nicollet Mall building. Scope of project is the entire floor of the building.. Closed","address":null,"x":"-93.2705799999999","y":"44.97947","value":"0","display":"414 NICOLLET MALL","fullname":"NORTHERN  STATES POWER CO","issuedate":"2025/08/21 08:18:11+00","milestone":"Closed","completedate":"2026/02/04 08:27:05+00","applicantcity":"South St Paul","applicantaddress1":"225 Bridgepoint Dr"},"geometry":{"type":"Point","coordinates":[-93.27058,44.97947]}},{"type":"Feature","properties":{"date":null,"year":0,"description":"HVAC for tenant improvement, will utilize existing rooftop unit, replacing existing zone dampers with VAV boxes, installing fin tube radiation, GRDs and all associated ductwork. Refer to\rattached drawings.","metadescription":"Mechanical. ComMFDNR. HVAC for tenant improvement, will utilize existing rooftop unit, replacing existing zone dampers with VAV boxes, installing fin tube radiation, GRDs and all associated ductwork. Refer to\rattached drawings.. Closed","address":null,"x":"-93.27586","y":"44.9847500000001","value":"50000","display":"401 3RD ST N","fullname":"DGB INVESTORS LLC","issuedate":"2021/08/11 08:01:31+00","milestone":"Closed","completedate":"2022/01/20 10:43:57+00","applicantcity":"Woodbury","applicantaddress1":"2415 Ventura Dr, Ste 100"},"geometry":{"type":"Point","coordinates":[-93.27586,44.98475]}},{"type":"Feature","properties":{"date":null,"year":0,"description":"Tenant Improvement - Suite 470  certificate of occupancy required:  no     special inspections required:  no      const type:   4      occupancy:   B        2020 MSBC  occupant load:    8   sprinklered: yes  Tenant:   Spec      architect:    Nathaniel She","metadescription":"Commercial. Remodel. Tenant Improvement - Suite 470  certificate of occupancy required:  no     special inspections required:  no      const type:   4      occupancy:   B        2020 MSBC  occupant load:    8   sprinklered: yes  Tenant:   Spec      architect:    Nathaniel She. Closed","address":null,"x":"-93.27586","y":"44.9847500000001","value":"99788","display":"401 3RD ST N","fullname":"DGB INVESTORS LLC","issuedate":"2023/01/17 15:27:34+00","milestone":"Closed","completedate":"2023/03/23 09:43:55+00","applicantcity":"MINNEAPOLIS","applicantaddress1":"33 6TH ST  SUITE 4510"},"geometry":{"type":"Point","coordinates":[-93.27586,44.98475]}},{"type":"Feature","properties":{"date":null,"year":0,"description":"Interior tenant improvements - Suite 440 HKM Law  certificate of occupancy required:   no     const type:   4     occupancy:   B           2020 MSBC  occupant load:      no change  sprinklered: yes    architect:    N Shea #24515","metadescription":"Commercial. Remodel. Interior tenant improvements - Suite 440 HKM Law  certificate of occupancy required:   no     const type:   4     occupancy:   B           2020 MSBC  occupant load:      no change  sprinklered: yes    architect:    N Shea #24515. Closed","address":null,"x":"-93.27586","y":"44.9847500000001","value":"140939","display":"401 3RD ST N","fullname":"DGB INVESTORS LLC","issuedate":"2023/06/23 15:59:26+00","milestone":"Closed","completedate":"2023/08/22 09:09:54+00","applicantcity":"MINNEAPOLIS","applicantaddress1":"33 6TH ST  SUITE 4510"},"geometry":{"type":"Point","coordinates":[-93.27586,44.98475]}},{"type":"Feature","properties":{"date":null,"year":0,"description":"INTERIOR TENANT IMPROVEMENT FOR NEW OFFICE SPACE IN EXISTING COMMERCIAL BUILDING. AAJ (PROJECT DOX PLANS)     ***09/09/2021 - ADDITIONAL PERMIT #    BLDG906812 ISSUED DUE TO ADDITIONAL WORK TO THIS SCOPE OF WORK BY DAVID BOND. SEE PERMIT #   BLDG906812 FO","metadescription":"Commercial. Remodel. INTERIOR TENANT IMPROVEMENT FOR NEW OFFICE SPACE IN EXISTING COMMERCIAL BUILDING. AAJ (PROJECT DOX PLANS)     ***09/09/2021 - ADDITIONAL PERMIT #    BLDG906812 ISSUED DUE TO ADDITIONAL WORK TO THIS SCOPE OF WORK BY DAVID BOND. SEE PERMIT #   BLDG906812 FO. Closed","address":null,"x":"-93.27586","y":"44.9847500000001","value":"140850","display":"401 3RD ST N","fullname":"DGB INVESTORS LLC","issuedate":"2021/07/19 16:04:43+00","milestone":"Closed","completedate":"2021/11/17 13:00:28+00","applicantcity":"MINNEAPOLIS","applicantaddress1":"33 6TH ST  SUITE 4510"},"geometry":{"type":"Point","coordinates":[-93.27586,44.98475]}},{"type":"Feature","properties":{"date":null,"year":0,"description":"TENANT IMPROVEMENT TO DEMOLISH EXISTING WHITE BOX AND RESTROOM FIXTURES AND REMODEL OF SUITE #235 OF A COMMERCIAL BUILDING. AAJ ( PROJECT DOX PLANS).     ***NOTE: INSTALL NEW WALL RATED ASSEMBLY PER UL DESIGN #U419 WITH ONE HOUR FIRE RESISTANCE ***     ce","metadescription":"Commercial. Remodel. TENANT IMPROVEMENT TO DEMOLISH EXISTING WHITE BOX AND RESTROOM FIXTURES AND REMODEL OF SUITE #235 OF A COMMERCIAL BUILDING. AAJ ( PROJECT DOX PLANS).     ***NOTE: INSTALL NEW WALL RATED ASSEMBLY PER UL DESIGN #U419 WITH ONE HOUR FIRE RESISTANCE ***     ce. Closed","address":null,"x":"-93.27586","y":"44.9847500000001","value":"55000","display":"401 3RD ST N","fullname":"DGB INVESTORS LLC","issuedate":"2020/10/08 15:21:00+00","milestone":"Closed","completedate":"2021/01/04 07:08:53+00","applicantcity":"Minneapolis","applicantaddress1":"730 2nd Ave S"},"geometry":{"type":"Point","coordinates":[-93.27586,44.98475]}},{"type":"Feature","properties":{"date":null,"year":0,"description":"Tenant Improvement Suite 680  Additional work to BLDG891278.  certificate of occupancy required: NO special inspections required: NO  const type:  IV       occupancy:  B            2020 MSBC occupant load:  4,695 SF. / 150 GROSS = 31.3 = 31 TOTAL OCCUPANT","metadescription":"Commercial. Remodel. Tenant Improvement Suite 680  Additional work to BLDG891278.  certificate of occupancy required: NO special inspections required: NO  const type:  IV       occupancy:  B            2020 MSBC occupant load:  4,695 SF. / 150 GROSS = 31.3 = 31 TOTAL OCCUPANT. Closed","address":null,"x":"-93.27586","y":"44.9847500000001","value":"12567","display":"401 3RD ST N","fullname":"DGB INVESTORS LLC","issuedate":"2021/09/27 13:59:46+00","milestone":"Closed","completedate":"2021/11/17 13:01:10+00","applicantcity":"MINNEAPOLIS","applicantaddress1":"33 6TH ST  SUITE 4510"},"geometry":{"type":"Point","coordinates":[-93.27586,44.98475]}},{"type":"Feature","properties":{"date":null,"year":0,"description":"HVAC system for tenant finish out for level 4-6. Including, supply diffusers, return grills and all associated duct work and will utilize fan-coils installed under BLDG813175. Refer to\rattached drawings.","metadescription":"Mechanical. Comm-MFD. HVAC system for tenant finish out for level 4-6. Including, supply diffusers, return grills and all associated duct work and will utilize fan-coils installed under BLDG813175. Refer to\rattached drawings.. Closed","address":null,"x":"-93.27531","y":"44.9852700000001","value":"85890","display":"411 WASHINGTON AVE N","fullname":"NLP MINNEAPOLIS PROPCO LLC","issuedate":"2020/05/26 15:01:27+00","milestone":"Closed","completedate":"2020/10/05 13:43:23+00","applicantcity":"MINNEAPOLIS","applicantaddress1":"311 1ST AVE N #402"},"geometry":{"type":"Point","coordinates":[-93.27531,44.98527]}},{"type":"Feature","properties":{"date":null,"year":0,"description":"HVAC system  for tenant finish out  including  one exhaust fans, one electric wall heater, supply diffusers, return grills and all associated duct work. Refer to attached drawings.","metadescription":"Mechanical. Comm-MFD. HVAC system  for tenant finish out  including  one exhaust fans, one electric wall heater, supply diffusers, return grills and all associated duct work. Refer to attached drawings.. Closed","address":null,"x":"-93.27531","y":"44.9852700000001","value":"30000","display":"411 WASHINGTON AVE N","fullname":"NLP MINNEAPOLIS PROPCO LLC","issuedate":"2020/09/04 13:51:36+00","milestone":"Closed","completedate":"2021/01/12 16:15:47+00","applicantcity":"Hamel","applicantaddress1":"725 Tower Dr"},"geometry":{"type":"Point","coordinates":[-93.27531,44.98527]}},{"type":"Feature","properties":{"date":null,"year":0,"description":"Tenant improvement of new cafe in existing space -ACW      certificate of occupancy required:  no     special inspections required:   no     const type:   II-B assumed     occupancy:   B           2020 MSBC  occupant load:      17  sprinklered: yes    ene","metadescription":"Commercial. Remodel. Tenant improvement of new cafe in existing space -ACW      certificate of occupancy required:  no     special inspections required:   no     const type:   II-B assumed     occupancy:   B           2020 MSBC  occupant load:      17  sprinklered: yes    ene. Closed","address":null,"x":"-93.27368","y":"44.9808800000001","value":"90000","display":"430 1ST AVE N","fullname":"KICKERNICK LLC","issuedate":"2025/11/04 14:41:19+00","milestone":"Closed","completedate":"2026/02/13 08:52:11+00","applicantcity":"Maplewood","applicantaddress1":"PO Box 17398"},"geometry":{"type":"Point","coordinates":[-93.27368,44.98088]}},{"type":"Feature","properties":{"date":null,"year":0,"description":"COMPLETE INTERIOR REMODEL/TENANT IMPROVEMENT OF MINNESOTA GRAIN EXCHANGE OFFICE SPACE.  DEMO INTERIOR WALLS.  NEW OFFICES AND MEETING ROOMS. (JJL)     certificate of occupancy required:    no   ***** mechanical plans required for certificate of occupancy*","metadescription":"Commercial. Remodel. COMPLETE INTERIOR REMODEL/TENANT IMPROVEMENT OF MINNESOTA GRAIN EXCHANGE OFFICE SPACE.  DEMO INTERIOR WALLS.  NEW OFFICES AND MEETING ROOMS. (JJL)     certificate of occupancy required:    no   ***** mechanical plans required for certificate of occupancy*. Closed","address":null,"x":"-93.26366","y":"44.9775700000001","value":"194212","display":"400 4TH ST S","fullname":"MGEX REAL ESTATE HLDGS LLC","issuedate":"2020/12/10 11:17:00+00","milestone":"Closed","completedate":"2021/06/22 10:49:31+00","applicantcity":"PLYMOUTH","applicantaddress1":"725 HIGHWAY 169 N"},"geometry":{"type":"Point","coordinates":[-93.26366,44.97757]}},{"type":"Feature","properties":{"date":null,"year":0,"description":"Tenant Fit-Out - Suite 109/110M   certificate of occupancy required:  no   ***** special inspections required:  no*****    const type:  IIIB       ***occupancy:   B           ***2020 MSBC***** sprinklered: yes  ***** Floor(s):  Main *****     architect: T","metadescription":"Commercial. Remodel. Tenant Fit-Out - Suite 109/110M   certificate of occupancy required:  no   ***** special inspections required:  no*****    const type:  IIIB       ***occupancy:   B           ***2020 MSBC***** sprinklered: yes  ***** Floor(s):  Main *****     architect: T. Closed","address":null,"x":"-93.26366","y":"44.9775700000001","value":"196114","display":"400 4TH ST S","fullname":"MGEX REAL ESTATE HLDGS LLC","issuedate":"2020/12/10 12:26:50+00","milestone":"Closed","completedate":"2021/05/18 10:12:00+00","applicantcity":"PLYMOUTH","applicantaddress1":"725 HIGHWAY 169 N"},"geometry":{"type":"Point","coordinates":[-93.26366,44.97757]}},{"type":"Feature","properties":{"date":null,"year":0,"description":"Tenant Improvement - Suite 560  certificate of occupancy required: no     special inspections required:  no      const type:  4       occupancy:   B           2020 MSBC  occupant load:     33   sprinklered: yes   Tenant:  Logic Stream     architect:   Nat","metadescription":"Commercial. Remodel. Tenant Improvement - Suite 560  certificate of occupancy required: no     special inspections required:  no      const type:  4       occupancy:   B           2020 MSBC  occupant load:     33   sprinklered: yes   Tenant:  Logic Stream     architect:   Nat. Closed","address":null,"x":"-93.27586","y":"44.9847500000001","value":"139035","display":"401 3RD ST N","fullname":"DGB INVESTORS LLC","issuedate":"2023/06/15 08:12:21+00","milestone":"Closed","completedate":"2023/07/24 09:06:17+00","applicantcity":"MINNEAPOLIS","applicantaddress1":"33 6TH ST  SUITE 4510"},"geometry":{"type":"Point","coordinates":[-93.27586,44.98475]}},{"type":"Feature","properties":{"date":null,"year":0,"description":"Non-structural tenant improvement suite 660  certificate of occupancy required:    no    special inspections required:    no  const type:    IV     occupancy:      B        2020 MSBC occupant load:     7  sprinklered: yes  Tenant:           Floor(s):   6t","metadescription":"Commercial. Remodel. Non-structural tenant improvement suite 660  certificate of occupancy required:    no    special inspections required:    no  const type:    IV     occupancy:      B        2020 MSBC occupant load:     7  sprinklered: yes  Tenant:           Floor(s):   6t. Closed","address":null,"x":"-93.27586","y":"44.9847500000001","value":"57947","display":"401 3RD ST N","fullname":"DGB INVESTORS LLC","issuedate":"2021/11/15 09:29:40+00","milestone":"Closed","completedate":"2022/04/04 12:13:46+00","applicantcity":"MINNEAPOLIS","applicantaddress1":"33 6TH ST  SUITE 4510"},"geometry":{"type":"Point","coordinates":[-93.27586,44.98475]}},{"type":"Feature","properties":{"date":null,"year":0,"description":"Tenant Improvement - Suite 290  certificate of occupancy required:  no    special inspections required:  no  const type:  IV       occupancy:     B         2020 MSBC occupant load:   7    sprinklered: yes  Tenant:    Focus Financial       sac: 0.41 charge","metadescription":"Commercial. Remodel. Tenant Improvement - Suite 290  certificate of occupancy required:  no    special inspections required:  no  const type:  IV       occupancy:     B         2020 MSBC occupant load:   7    sprinklered: yes  Tenant:    Focus Financial       sac: 0.41 charge. Closed","address":null,"x":"-93.27586","y":"44.9847500000001","value":"70000","display":"401 3RD ST N","fullname":"DGB INVESTORS LLC","issuedate":"2021/08/09 09:25:27+00","milestone":"Closed","completedate":"2021/11/17 08:54:35+00","applicantcity":"Edina","applicantaddress1":"5280 W 74th St"},"geometry":{"type":"Point","coordinates":[-93.27586,44.98475]}},{"type":"Feature","properties":{"date":null,"year":0,"description":"Tenant Improvement - Change of Use from Storage to Office  Note:  This permit also reclassifies this building from a Type IIB Construction to a Type VB Construction   certificate of occupancy required:  yes  special inspections required:  no  const type:","metadescription":"Commercial. Remodel. Tenant Improvement - Change of Use from Storage to Office  Note:  This permit also reclassifies this building from a Type IIB Construction to a Type VB Construction   certificate of occupancy required:  yes  special inspections required:  no  const type:. Closed","address":null,"x":"-93.2211","y":"44.9931","value":"795000","display":"401 HARDING ST NE","fullname":"SRRT HARDING LLC","issuedate":"2018/03/27 09:10:00+00","milestone":"Closed","completedate":"2018/09/18 11:57:37+00","applicantcity":"EDINA","applicantaddress1":"4600 77TH ST W # 275"},"geometry":{"type":"Point","coordinates":[-93.2211,44.9931]}},{"type":"Feature","properties":{"date":null,"year":0,"description":"tenant improvements #590  certificate of occupancy required:    no     special inspections required:    no  const type:    4     occupancy:   B           2020 MSBC  occupant load:    27  sprinklered: yes     Tenant:           Floor(s):  5   architect:  N","metadescription":"Commercial. Remodel. tenant improvements #590  certificate of occupancy required:    no     special inspections required:    no  const type:    4     occupancy:   B           2020 MSBC  occupant load:    27  sprinklered: yes     Tenant:           Floor(s):  5   architect:  N. Closed","address":null,"x":"-93.27586","y":"44.9847500000001","value":"86450","display":"401 3RD ST N","fullname":"DGB INVESTORS LLC","issuedate":"2022/12/02 16:13:04+00","milestone":"Closed","completedate":"2023/03/03 09:57:24+00","applicantcity":"MINNEAPOLIS","applicantaddress1":"33 6TH ST  SUITE 4510"},"geometry":{"type":"Point","coordinates":[-93.27586,44.98475]}},{"type":"Feature","properties":{"date":null,"year":0,"description":"Tenant Improvement - Tattoo Spirit  certificate of occupancy required:  no    special inspections required:  no  const type:   VB      occupancy:   B           2020 MSBC occupant load:    13   sprinklered:  no   20% accessibility upgrades:  restroom sac:","metadescription":"Commercial. Remodel. Tenant Improvement - Tattoo Spirit  certificate of occupancy required:  no    special inspections required:  no  const type:   VB      occupancy:   B           2020 MSBC occupant load:    13   sprinklered:  no   20% accessibility upgrades:  restroom sac:. Closed","address":null,"x":"-93.28864","y":"44.9306800000001","value":"20000","display":"3948 LYNDALE AVE S","fullname":"FARMSTEAD LLC","issuedate":"2022/03/17 16:26:59+00","milestone":"Closed","completedate":"2022/04/25 10:08:46+00","applicantcity":"Maple Grove","applicantaddress1":"6481 Pineview Ln N"},"geometry":{"type":"Point","coordinates":[-93.28864,44.93068]}},{"type":"Feature","properties":{"date":null,"year":0,"description":"TENANT IMPROVEMENT OF SPACE ON SECOND FLOOR.  CONVERT EMPLOYEE LUNCH ROOM / GATHERING SPACE TO A CAFE FOR EMPLOYEES","metadescription":"Plumbing. ComFdBv. TENANT IMPROVEMENT OF SPACE ON SECOND FLOOR.  CONVERT EMPLOYEE LUNCH ROOM / GATHERING SPACE TO A CAFE FOR EMPLOYEES. Closed","address":null,"x":"-93.26955","y":"44.9793900000001","value":"0","display":"401 NICOLLET MALL","fullname":"401 NICOLLET LP","issuedate":"2017/04/11 09:48:17+00","milestone":"Closed","completedate":"2017/07/17 07:18:11+00","applicantcity":"Blaine","applicantaddress1":"9124 Isanti St  NE"},"geometry":{"type":"Point","coordinates":[-93.26955,44.97939]}},{"type":"Feature","properties":{"date":null,"year":0,"description":"******Approved base on all water source heat pumps are under 5 ton, if using any water source heat pump unit 5 ton or higher contractor should provide water side economizer.******  HVAC system for Tenant Improvement, adding four water source heat pumps wi","metadescription":"Mechanical. ComMFDNR. ******Approved base on all water source heat pumps are under 5 ton, if using any water source heat pump unit 5 ton or higher contractor should provide water side economizer.******  HVAC system for Tenant Improvement, adding four water source heat pumps wi. Closed","address":null,"x":"-93.27368","y":"44.9808800000001","value":"97000","display":"416 1ST AVE N","fullname":"KICKERNICK LLC","issuedate":"2021/07/29 09:20:50+00","milestone":"Closed","completedate":"2021/09/14 09:01:25+00","applicantcity":"Woodbury","applicantaddress1":"2415 Ventura Dr, Ste 100"},"geometry":{"type":"Point","coordinates":[-93.27368,44.98088]}},{"type":"Feature","properties":{"date":null,"year":0,"description":"restroom and exit\r\rTenant finish of small office space for B Occupancy church ( 2 rooms each less than 50 occupants).  DTC\rFinish unisex accessible single user restroom. Install exterior rear exit door (2nd exit)\rSAC - 1 charge, 1 credit, 0 net\rTenant: Co","metadescription":"Commercial. Remodel. restroom and exit\r\rTenant finish of small office space for B Occupancy church ( 2 rooms each less than 50 occupants).  DTC\rFinish unisex accessible single user restroom. Install exterior rear exit door (2nd exit)\rSAC - 1 charge, 1 credit, 0 net\rTenant: Co. Closed","address":null,"x":"-93.31396","y":"45.03108","value":"7500","display":"4155 THOMAS AVE N","fullname":"2100 GRAND AVE S LLC","issuedate":"2017/01/12 10:10:53+00","milestone":"Closed","completedate":"2017/04/04 09:27:08+00","applicantcity":"Minneapolis","applicantaddress1":"521 7TH St S #112"},"geometry":{"type":"Point","coordinates":[-93.31396,45.03108]}},{"type":"Feature","properties":{"date":null,"year":0,"description":"Tenant Improvement - Art Able   CERTIFICATE OF OCCUPANCY REQUIRED - AN AUTHORIZED REPRESENTATIVE OF THE PERMIT APPLICANT MUST CALL 612-673-2327 TO SCHEDULE A CERTIFICATE OF OCCUPANCY INSPECTION TWENTY (20) BUSINESS DAYS BEFORE THE DATE OF DESIRED OCCUPANC","metadescription":"Commercial. Remodel. Tenant Improvement - Art Able   CERTIFICATE OF OCCUPANCY REQUIRED - AN AUTHORIZED REPRESENTATIVE OF THE PERMIT APPLICANT MUST CALL 612-673-2327 TO SCHEDULE A CERTIFICATE OF OCCUPANCY INSPECTION TWENTY (20) BUSINESS DAYS BEFORE THE DATE OF DESIRED OCCUPANC. Closed","address":null,"x":"-93.24708","y":"44.9338100000001","value":"90000","display":"3805 CEDAR AVE S","fullname":"JOHN C PFLEPSEN ET AL TRSTE","issuedate":"2025/10/16 11:00:31+00","milestone":"Closed","completedate":"2026/01/29 13:53:07+00","applicantcity":"Minneapolis","applicantaddress1":"1834 E 38th ST"},"geometry":{"type":"Point","coordinates":[-93.24708,44.93381]}},{"type":"Feature","properties":{"date":null,"year":0,"description":"Tenant finish of 3 stories  certificate of occupancy required:  YES **** mechanical plans required for certificate of occupancy***** mechanical plans/letter of means of compliance submitted\\***** special inspections required:   NO  **  const type:  II-A","metadescription":"Commercial. Remodel. Tenant finish of 3 stories  certificate of occupancy required:  YES **** mechanical plans required for certificate of occupancy***** mechanical plans/letter of means of compliance submitted\\***** special inspections required:   NO  **  const type:  II-A. Closed","address":null,"x":"-93.27531","y":"44.9852700000001","value":"752680","display":"411 WASHINGTON AVE N","fullname":"NLP MINNEAPOLIS PROPCO LLC","issuedate":"2020/06/16 18:35:47+00","milestone":"Closed","completedate":"2024/09/23 07:23:12+00","applicantcity":"Minneapolis","applicantaddress1":"510 1st Ave N, #600"},"geometry":{"type":"Point","coordinates":[-93.27531,44.98527]}},{"type":"Feature","properties":{"date":null,"year":0,"description":"Dental office tenant improvement -ACW     certificate of occupancy required:   no     special inspections required:    no     const type:   5B      occupancy:    B          2020 MSBC  occupant load:      8  sprinklered: no     architect:    Lapacz, Adam J","metadescription":"Commercial. Remodel. Dental office tenant improvement -ACW     certificate of occupancy required:   no     special inspections required:    no     const type:   5B      occupancy:    B          2020 MSBC  occupant load:      8  sprinklered: no     architect:    Lapacz, Adam J. Issued","address":null,"x":"-93.2137099999999","y":"44.9480800000001","value":"144445","display":"4103 LAKE ST E","fullname":"MICHAEL P SKADRON","issuedate":"2026/02/17 09:23:59+00","milestone":"Final Inspection","applicantcity":"Elk River","applicantaddress1":"10908 171st Ave NW"},"geometry":{"type":"Point","coordinates":[-93.21371,44.94808]}},{"type":"Feature","properties":{"date":null,"year":0,"description":"Tenant improvement to convert bank into coffee shop -ACW      certificate of occupancy required:  yes       mechanical plans required for certificate of occupancy  special inspections required:  no     const type:    V-B     occupancy:     A-2         202","metadescription":"Commercial. Remodel. Tenant improvement to convert bank into coffee shop -ACW      certificate of occupancy required:  yes       mechanical plans required for certificate of occupancy  special inspections required:  no     const type:    V-B     occupancy:     A-2         202. Issued","address":null,"x":"-93.2468699999999","y":"45.03475","value":"80000","display":"3651 CENTRAL AVE NE","fullname":"3651 CENTRAL LLC","issuedate":"2025/11/12 11:47:34+00","milestone":"Inspection","applicantcity":"Brooklyn Park","applicantaddress1":"10600 Rhode Island Ave N"},"geometry":{"type":"Point","coordinates":[-93.24687,45.03475]}},{"type":"Feature","properties":{"date":null,"year":0,"description":"Tenant Improvement - Integrity Tax Services     certificate of occupancy required:  no   special inspections required:  yes      const type:   V      occupancy:      B        2020 MSBC  occupant load:   24  sprinklered:  no    20% accessibility upgrades:","metadescription":"Commercial. Remodel. Tenant Improvement - Integrity Tax Services     certificate of occupancy required:  no   special inspections required:  yes      const type:   V      occupancy:      B        2020 MSBC  occupant load:   24  sprinklered:  no    20% accessibility upgrades:. Issued","address":null,"x":"-93.27768","y":"44.93613","value":"150000","display":"3645 NICOLLET AVE","fullname":"3645 NICOLLET PROPERTY LLC","issuedate":"2025/11/06 10:12:04+00","milestone":"Inspection","applicantcity":"Burnsville","applicantaddress1":"1061 Cliff RD E"},"geometry":{"type":"Point","coordinates":[-93.27768,44.93613]}},{"type":"Feature","properties":{"date":null,"year":0,"description":"NON STRUC REMODEL REMOVING EXISTING PARTITION AND RE-DIVIDE 50TH STREET SIDE INTO SIX NEW SHELL OFFICE SUITES  (JAG)  APPROX 3,234 SF SHARED CORRIDOR/RESTROOM STRUCTURE. NO TENANT FINISH THIS PERMIT.  certificate of occupancy required;no. mechanical plans","metadescription":"Commercial. Remodel. NON STRUC REMODEL REMOVING EXISTING PARTITION AND RE-DIVIDE 50TH STREET SIDE INTO SIX NEW SHELL OFFICE SUITES  (JAG)  APPROX 3,234 SF SHARED CORRIDOR/RESTROOM STRUCTURE. NO TENANT FINISH THIS PERMIT.  certificate of occupancy required;no. mechanical plans. Closed","address":null,"x":"-93.3279899999999","y":"44.9122300000001","value":"18000","display":"3801 50TH ST W","fullname":"RTC INVESTMENT PROPERTIES LLC","issuedate":"2018/10/09 08:39:33+00","milestone":"Closed","completedate":"2019/02/01 09:03:35+00","applicantcity":"AFTON","applicantaddress1":"12974 30TH ST S"},"geometry":{"type":"Point","coordinates":[-93.32799,44.91223]}},{"type":"Feature","properties":{"date":null,"year":0,"description":"(DMH-ProjectDox)   TENANT IMPROVEMENT TO 6,770 SQ.FT. MAIN FLOOR AREA FOR GYMNASTICS, YOGA/ DANCE STUDIO.  FORMALLY A BOWLING ALLEY.    INSTALL NEW PARTITION WALLS FOR 1,095 SQ.FT. YOGA/ DANCE AREA, SMALL OFFICE, 2 ADA SINGLE USER RESTROOMS AND JANITOR MO","metadescription":"Commercial. Remodel. (DMH-ProjectDox)   TENANT IMPROVEMENT TO 6,770 SQ.FT. MAIN FLOOR AREA FOR GYMNASTICS, YOGA/ DANCE STUDIO.  FORMALLY A BOWLING ALLEY.    INSTALL NEW PARTITION WALLS FOR 1,095 SQ.FT. YOGA/ DANCE AREA, SMALL OFFICE, 2 ADA SINGLE USER RESTROOMS AND JANITOR MO. Closed","address":null,"x":"-93.25305","y":"44.92906","value":"155000","display":"4040 BLOOMINGTON AVE","fullname":"STORE MASTER FUNDING VII LLC","issuedate":"2020/07/24 14:21:37+00","milestone":"Closed","completedate":"2023/02/24 10:37:14+00","applicantcity":"St Paul","applicantaddress1":"1894 Worchester Ave"},"geometry":{"type":"Point","coordinates":[-93.25305,44.92906]}},{"type":"Feature","properties":{"date":null,"year":0,"description":"Tenant Improvement of HVAC system utilizing existing air handling unit, adding VAV boxes, finned tube radiation heating,  supply diffusers, return grilles and all associated duct work. Refer to attached drawings.","metadescription":"Mechanical. ComMFDNR. Tenant Improvement of HVAC system utilizing existing air handling unit, adding VAV boxes, finned tube radiation heating,  supply diffusers, return grilles and all associated duct work. Refer to attached drawings.. Closed","address":null,"x":"-93.27586","y":"44.9847500000001","value":"150000","display":"401 3RD ST N","fullname":"DGB INVESTORS LLC","issuedate":"2021/05/07 07:53:20+00","milestone":"Closed","completedate":"2021/10/05 15:59:16+00","applicantcity":"Woodbury","applicantaddress1":"2415 Ventura Dr, Ste 100"},"geometry":{"type":"Point","coordinates":[-93.27586,44.98475]}},{"type":"Feature","properties":{"date":null,"year":0,"description":"TENANT IMPROVEMENT AT SUITE #140 MANAGEMENT OFFICE - DESIGNERS GUILD BUILDING.  SELECT DEMO TO INSTALL GLAZING AT INTERIOR WALL, CONSTRUCTION PARTITION WALLS FOR ONE ENCLOSED OFFICE, CREATE KITCHENETTE/BREAKROOM, REMAINDER IS OPEN OFFICE. architect:   SHE","metadescription":"Commercial. Remodel. TENANT IMPROVEMENT AT SUITE #140 MANAGEMENT OFFICE - DESIGNERS GUILD BUILDING.  SELECT DEMO TO INSTALL GLAZING AT INTERIOR WALL, CONSTRUCTION PARTITION WALLS FOR ONE ENCLOSED OFFICE, CREATE KITCHENETTE/BREAKROOM, REMAINDER IS OPEN OFFICE. architect:   SHE. Closed","address":null,"x":"-93.27586","y":"44.9847500000001","value":"29751","display":"401 3RD ST N","fullname":"DGB INVESTORS LLC","issuedate":"2023/02/13 13:58:47+00","milestone":"Closed","completedate":"2023/08/22 09:12:40+00","applicantcity":"MINNEAPOLIS","applicantaddress1":"33 6TH ST  SUITE 4510"},"geometry":{"type":"Point","coordinates":[-93.27586,44.98475]}},{"type":"Feature","properties":{"date":null,"year":0,"description":"TENANT IMPROVEMENTS (MAA)      const type:  IV       occupancy:      B        2020 MSBC  occupant load:     20   sprinklered:YES   20% accessibility upgrades____FULLY______  Tenant: GAPEN          Floor(s):        architect:  NATE SHEA  24515","metadescription":"Commercial. Remodel. TENANT IMPROVEMENTS (MAA)      const type:  IV       occupancy:      B        2020 MSBC  occupant load:     20   sprinklered:YES   20% accessibility upgrades____FULLY______  Tenant: GAPEN          Floor(s):        architect:  NATE SHEA  24515. Closed","address":null,"x":"-93.27586","y":"44.9847500000001","value":"243628","display":"401 3RD ST N","fullname":"DGB INVESTORS LLC","issuedate":"2023/01/19 10:27:56+00","milestone":"Closed","completedate":"2023/04/17 08:44:56+00","applicantcity":"MINNEAPOLIS","applicantaddress1":"33 6TH ST  SUITE 4510"},"geometry":{"type":"Point","coordinates":[-93.27586,44.98475]}},{"type":"Feature","properties":{"date":null,"year":0,"description":"Tenant Improvement. Modify ML bathroom to make it ADA.  Replace ML break room sink. Add LL  break room sink.","metadescription":"Plumbing. ComMin. Tenant Improvement. Modify ML bathroom to make it ADA.  Replace ML break room sink. Add LL  break room sink.. Closed","address":null,"x":"-93.3246599999999","y":"44.92294","value":"0","display":"3511 44TH ST W","fullname":"44TH HOLDINGS LLC","issuedate":"2023/06/20 10:59:46+00","milestone":"Closed","completedate":"2023/10/24 09:53:27+00","applicantcity":"Rockford","applicantaddress1":"8220 Ravenrock Road"},"geometry":{"type":"Point","coordinates":[-93.32466,44.92294]}},{"type":"Feature","properties":{"date":null,"year":0,"description":"DEMO ONLY TO 1,574 S.F MAIN FLOOR OFFICE SPACE FOR FUTURE TENANT IMPROVEMENTS.  (DMH#1)  OTHER WORK BEING DONE IN BUILDING UNDER SEPARATE PERMIT FOR PHASE I WORK IDENTIFIED.     Const type: III-B       Occupancy:            2015 MSBC occupant load:  (Arch","metadescription":"Commercial. Remodel. DEMO ONLY TO 1,574 S.F MAIN FLOOR OFFICE SPACE FOR FUTURE TENANT IMPROVEMENTS.  (DMH#1)  OTHER WORK BEING DONE IN BUILDING UNDER SEPARATE PERMIT FOR PHASE I WORK IDENTIFIED.     Const type: III-B       Occupancy:            2015 MSBC occupant load:  (Arch. Closed","address":null,"x":"-93.32437","y":"44.92292","value":"2500","display":"3509 44TH ST W","fullname":"3509 LLC","issuedate":"2017/06/05 10:23:00+00","milestone":"Closed","completedate":"2017/08/10 14:52:40+00","applicantcity":"MINNEAPOLIS","applicantaddress1":"3509 W 44TH ST"},"geometry":{"type":"Point","coordinates":[-93.32437,44.92292]}},{"type":"Feature","properties":{"date":null,"year":0,"description":"TENANT IMPROVEMENT FOR PARTIAL INTERIOR RENOVATION WORK OF EXISTING OFFICE SPACE IN A COMMERCIAL BUILDING. AAJ#1    certificate of occupancy required: NO  mechanical plans required for certificate of occupancy  mechanical plans/letter of means of complian","metadescription":"Commercial. Remodel. TENANT IMPROVEMENT FOR PARTIAL INTERIOR RENOVATION WORK OF EXISTING OFFICE SPACE IN A COMMERCIAL BUILDING. AAJ#1    certificate of occupancy required: NO  mechanical plans required for certificate of occupancy  mechanical plans/letter of means of complian. Closed","address":null,"x":"-93.27401","y":"44.9843100000001","value":"195000","display":"333 WASHINGTON AVE N","fullname":"WSP UNION PLAZA LLC","issuedate":"2017/09/29 14:05:12+00","milestone":"Closed","completedate":"2018/01/22 07:27:07+00","applicantcity":"EDINA","applicantaddress1":"4600 77TH ST W STE 275"},"geometry":{"type":"Point","coordinates":[-93.27401,44.98431]}},{"type":"Feature","properties":{"date":null,"year":0,"description":"Tenant Improvement - Return space to vanilla shell  certificate of occupancy required:  no    special inspections required:  no  occupancy:   A2           2020 MSBC","metadescription":"Commercial. Remodel. Tenant Improvement - Return space to vanilla shell  certificate of occupancy required:  no    special inspections required:  no  occupancy:   A2           2020 MSBC. Closed","address":null,"x":"-93.32867","y":"44.91238","value":"8000","display":"3825 50TH ST W","fullname":"WEST 50TH STREET LLC","issuedate":"2021/09/15 09:30:04+00","milestone":"Closed","completedate":"2021/10/27 10:05:54+00","applicantcity":"Buffalo","applicantaddress1":"300 Brighton Ave S"},"geometry":{"type":"Point","coordinates":[-93.32867,44.91238]}},{"type":"Feature","properties":{"date":null,"year":0,"description":"TENANT IMPROVEMENT.  NEW OFFICE REMODEL.  EXISTING CABINETS TO REMAIN.  NO CHANGE OF EXITING. NO BATHROOMS.  NO STRUCTURAL WORK.  (JJL)****************  SUITE 100 (1ST FLOOR)***********     certificate of occupancy required:   no************** mechanical","metadescription":"Commercial. Remodel. TENANT IMPROVEMENT.  NEW OFFICE REMODEL.  EXISTING CABINETS TO REMAIN.  NO CHANGE OF EXITING. NO BATHROOMS.  NO STRUCTURAL WORK.  (JJL)****************  SUITE 100 (1ST FLOOR)***********     certificate of occupancy required:   no************** mechanical. Closed","address":null,"x":"-93.2670199999999","y":"44.97927","value":"43240","display":"330 2ND AVE S","fullname":"330 SOUTH SECOND LLC","issuedate":"2019/05/22 08:24:06+00","milestone":"Closed","completedate":"2019/06/28 11:32:16+00","applicantcity":"MINNEAPOLIS","applicantaddress1":"33 6TH ST  SUITE 4510"},"geometry":{"type":"Point","coordinates":[-93.26702,44.97927]}},{"type":"Feature","properties":{"date":null,"year":0,"description":"Tenant Improvement - Wild Flower Cannabis      CERTIFICATE OF OCCUPANCY REQUIRED - AN AUTHORIZED REPRESENTATIVE OF THE PERMIT APPLICANT MUST CALL 612-673-2327 TO SCHEDULE A CERTIFICATE OF OCCUPANCY INSPECTION TWENTY (20) BUSINESS DAYS BEFORE THE DATE OF D","metadescription":"Commercial. Remodel. Tenant Improvement - Wild Flower Cannabis      CERTIFICATE OF OCCUPANCY REQUIRED - AN AUTHORIZED REPRESENTATIVE OF THE PERMIT APPLICANT MUST CALL 612-673-2327 TO SCHEDULE A CERTIFICATE OF OCCUPANCY INSPECTION TWENTY (20) BUSINESS DAYS BEFORE THE DATE OF D. Closed","address":null,"x":"-93.25404","y":"44.98738","value":"10000","display":"326 CENTRAL AVE SE","fullname":"RECHELBACHER PROPERTIES INC","issuedate":"2025/09/10 10:28:37+00","milestone":"Closed","completedate":"2025/09/25 13:36:21+00","applicantcity":"Eden Prairie","applicantaddress1":"11890 Driftwood Rd"},"geometry":{"type":"Point","coordinates":[-93.25404,44.98738]}},{"type":"Feature","properties":{"date":null,"year":0,"description":"tenant improvement for architect office on 4th floor.","metadescription":"Plumbing. ComMin. tenant improvement for architect office on 4th floor.. Closed","address":null,"x":"-93.2763399999999","y":"44.98308","value":"0","display":"350 5TH ST N","fullname":"BIT NLG III INVESTORS LLC","issuedate":"2023/12/01 14:09:04+00","milestone":"Closed","completedate":"2024/06/26 13:56:00+00","applicantcity":"Eagan","applicantaddress1":"1975 Seneca Road #100"},"geometry":{"type":"Point","coordinates":[-93.27634,44.98308]}},{"type":"Feature","properties":{"date":null,"year":0,"description":"INTERIOR TENANT IMPROVEMENT OF EXISTING OFFICE SPACE  TO CREATE TWO NEW OFFICE ROOM AND RECEPTION AREA. AAJ#2.              certificate of occupancy required: NO            mechanical plans required for certificate of occupancy          mechanical plans/l","metadescription":"Commercial. Remodel. INTERIOR TENANT IMPROVEMENT OF EXISTING OFFICE SPACE  TO CREATE TWO NEW OFFICE ROOM AND RECEPTION AREA. AAJ#2.              certificate of occupancy required: NO            mechanical plans required for certificate of occupancy          mechanical plans/l. Closed","address":null,"x":"-93.21257","y":"45.0011700000001","value":"16375","display":"3433 BROADWAY ST NE","fullname":"ALTUS BROADWAY LLC","issuedate":"2018/05/01 14:45:41+00","milestone":"Closed","completedate":"2018/06/15 07:10:07+00","applicantcity":"ST PAUL","applicantaddress1":"2550 UNIVERSITY AVE W #416-S"},"geometry":{"type":"Point","coordinates":[-93.21257,45.00117]}},{"type":"Feature","properties":{"date":null,"year":0,"description":"Tenant improvement office remodel, Suite 530 only -ACW     certificate of occupancy required:    no     special inspections required:  no     const type:   IB     occupancy:   B           2020 MSBC  occupant load:      47  sprinklered: yes       Floor(s):","metadescription":"Commercial. Remodel. Tenant improvement office remodel, Suite 530 only -ACW     certificate of occupancy required:    no     special inspections required:  no     const type:   IB     occupancy:   B           2020 MSBC  occupant load:      47  sprinklered: yes       Floor(s):. Closed","address":null,"x":"-93.21257","y":"45.0011700000001","value":"198870","display":"3433 BROADWAY ST NE","fullname":"ALTUS BROADWAY LLC","issuedate":"2025/12/01 10:43:26+00","milestone":"Closed","completedate":"2026/02/18 08:10:26+00","applicantcity":"Edina","applicantaddress1":"5280 W 74th ST"},"geometry":{"type":"Point","coordinates":[-93.21257,45.00117]}},{"type":"Feature","properties":{"date":null,"year":0,"description":"SUITE 2420.  TENANT IMPROVEMENT.  NO STRUCTURAL WORK.  (JJL)     certificate of occupancy required:   no     special inspections required:    no     const type:    I-B     occupancy:    B          2020 MSBC  occupant load:  35      sprinklered: yes    Ten","metadescription":"Commercial. Remodel. SUITE 2420.  TENANT IMPROVEMENT.  NO STRUCTURAL WORK.  (JJL)     certificate of occupancy required:   no     special inspections required:    no     const type:    I-B     occupancy:    B          2020 MSBC  occupant load:  35      sprinklered: yes    Ten. Closed","address":null,"x":"-93.26789","y":"44.97439","value":"16843","display":"333 7TH ST S","fullname":"USPO MINNEAPOLIS LLC","issuedate":"2025/12/05 14:32:47+00","milestone":"Closed","completedate":"2026/01/22 10:56:28+00","applicantcity":"Minneapolis","applicantaddress1":"1087 10th Ave SE"},"geometry":{"type":"Point","coordinates":[-93.26789,44.97439]}},{"type":"Feature","properties":{"date":null,"year":0,"description":"Tenant Improvement of HVAC system utilizing existing VAV boxes and adding one new VAV box, supply\rdiffusers, return grilles and all associated duct work. Refer to attached\rdrawings.","metadescription":"Mechanical. Comm-MFD. Tenant Improvement of HVAC system utilizing existing VAV boxes and adding one new VAV box, supply\rdiffusers, return grilles and all associated duct work. Refer to attached\rdrawings.. Closed","address":null,"x":"-93.26789","y":"44.97439","value":"50400","display":"333 7TH ST S","fullname":"USPO MINNEAPOLIS LLC","issuedate":"2021/03/02 10:05:12+00","milestone":"Closed","completedate":"2021/04/09 10:38:31+00","applicantcity":"Minneapolis","applicantaddress1":"2318 1st St NE"},"geometry":{"type":"Point","coordinates":[-93.26789,44.97439]}},{"type":"Feature","properties":{"date":null,"year":0,"description":"TENANT IMPROVEMENTS 13TH/14TH FLOORS.  MARSH AND MCLENNAN COMPANY.  (JJL)     certificate of occupancy required:    no mechanical plans required for certificate of occupancy  SUBMITTED mechanical plans/letter of means of compliance submitted\\   YES specia","metadescription":"Commercial. Remodel. TENANT IMPROVEMENTS 13TH/14TH FLOORS.  MARSH AND MCLENNAN COMPANY.  (JJL)     certificate of occupancy required:    no mechanical plans required for certificate of occupancy  SUBMITTED mechanical plans/letter of means of compliance submitted\\   YES specia. Closed","address":null,"x":"-93.26789","y":"44.97439","value":"210000","display":"333 7TH ST S","fullname":"USPO MINNEAPOLIS LLC","issuedate":"2019/06/19 11:51:11+00","milestone":"Closed","completedate":"2019/09/18 11:43:12+00","applicantcity":"MINNEAPOLIS","applicantaddress1":"730 2ND AVE S"},"geometry":{"type":"Point","coordinates":[-93.26789,44.97439]}},{"type":"Feature","properties":{"date":null,"year":0,"description":"TENANT FIT OUT Suite 2330     certificate of occupancy required:  no special inspections required:  no  const type:  1A       occupancy:    B          2015 MSBC occupant load:   sprinklered: yes  Tenant:  Parr McKnight         Floor(s):  23   architect:","metadescription":"Commercial. Remodel. TENANT FIT OUT Suite 2330     certificate of occupancy required:  no special inspections required:  no  const type:  1A       occupancy:    B          2015 MSBC occupant load:   sprinklered: yes  Tenant:  Parr McKnight         Floor(s):  23   architect:. Closed","address":null,"x":"-93.26789","y":"44.97439","value":"120000","display":"333 7TH ST S","fullname":"USPO MINNEAPOLIS LLC","issuedate":"2017/11/27 12:33:51+00","milestone":"Closed","completedate":"2019/02/22 11:49:33+00","applicantcity":"MINNEAPOLIS","applicantaddress1":"1087 10TH AVE SE"},"geometry":{"type":"Point","coordinates":[-93.26789,44.97439]}},{"type":"Feature","properties":{"date":null,"year":0,"description":"tenant improvement, police station   Address for core improvements permit  1101 3rd Ave N  Address for Hotel improvements 331 11th Str S BLDG974712   certificate of occupancy required:  yes      mechanical permit required for certificate of occupancy   sp","metadescription":"Commercial. Remodel. tenant improvement, police station   Address for core improvements permit  1101 3rd Ave N  Address for Hotel improvements 331 11th Str S BLDG974712   certificate of occupancy required:  yes      mechanical permit required for certificate of occupancy   sp. Closed","address":null,"x":"-93.27102","y":"44.97049","value":"8238900","display":"330 12TH ST S","fullname":"1111 PARTNERS LLC","issuedate":"2024/07/02 16:04:37+00","milestone":"Closed","completedate":"2025/08/08 08:49:42+00","applicantcity":"Minneapolis","applicantaddress1":"533 3rd St S"},"geometry":{"type":"Point","coordinates":[-93.27102,44.97049]}},{"type":"Feature","properties":{"date":null,"year":0,"description":"Tenant Improvement - Pro Circular - Suite 260  certificate of occupancy required:  no     special inspections required:  no      const type: 1B        occupancy:   B           2020 MSBC  occupant load:     12   sprinklered: yes       sac: 0.68 charges  0.","metadescription":"Commercial. Remodel. Tenant Improvement - Pro Circular - Suite 260  certificate of occupancy required:  no     special inspections required:  no      const type: 1B        occupancy:   B           2020 MSBC  occupant load:     12   sprinklered: yes       sac: 0.68 charges  0.. Closed","address":null,"x":"-93.273","y":"44.9780000000001","value":"94000","display":"33 6TH ST S #2ND FL","fullname":"33 CITY CENTER 33 SOUTH PROPERTY LLC","issuedate":"2022/11/14 14:23:57+00","milestone":"Closed","completedate":"2022/12/15 07:54:58+00","applicantcity":"COON RAPIDS","applicantaddress1":"9255 EAST RIVER RD NW"},"geometry":{"type":"Point","coordinates":[-93.273,44.978]}},{"type":"Feature","properties":{"date":null,"year":0,"description":"TENANT IMPROVEMENT (MAA)   certificate of occupancy required:  NO  const type:  I A       occupancy:   B           2020 MSBC  occupant load:   29     sprinklered: YES    Tenant:    MADIGAN DAHL & HARLAN      Floor(s):   36TH     architect: PATRICK J. GIOR","metadescription":"Commercial. Remodel. TENANT IMPROVEMENT (MAA)   certificate of occupancy required:  NO  const type:  I A       occupancy:   B           2020 MSBC  occupant load:   29     sprinklered: YES    Tenant:    MADIGAN DAHL & HARLAN      Floor(s):   36TH     architect: PATRICK J. GIOR. Closed","address":null,"x":"-93.273","y":"44.9780000000001","value":"298096","display":"33 6TH ST S","fullname":"33 CITY CENTER 33 SOUTH PROPERTY LLC","issuedate":"2022/07/21 13:44:08+00","milestone":"Closed","completedate":"2022/09/29 12:43:13+00","applicantcity":"MINNEAPOLIS","applicantaddress1":"33 6TH ST  SUITE 4510"},"geometry":{"type":"Point","coordinates":[-93.273,44.978]}},{"type":"Feature","properties":{"date":null,"year":0,"description":"COSTCO BUSINESS CENTER - WORK ON BUILDING SHELL, CANOPIES, INTERIOR TENANT IMPROVEMENTS AND FINISHES.  ON SITE IMPROVEMENTS (WSS)  certificate of occupancy required    YES   special inspections required  YES   const type:  (5B, 1 STORY UNLIMITED AREA BUIL","metadescription":"Commercial. Remodel. COSTCO BUSINESS CENTER - WORK ON BUILDING SHELL, CANOPIES, INTERIOR TENANT IMPROVEMENTS AND FINISHES.  ON SITE IMPROVEMENTS (WSS)  certificate of occupancy required    YES   special inspections required  YES   const type:  (5B, 1 STORY UNLIMITED AREA BUIL. Closed","address":null,"x":"-93.21667","y":"45.0004000000001","value":"15447590","display":"3311 BROADWAY ST NE","fullname":"COSTCO WHOLESALE CORPORATION","issuedate":"2017/08/29 13:32:59+00","milestone":"Closed","completedate":"2018/09/10 13:37:32+00","applicantcity":"SEATTLE","applicantaddress1":"1101 2ND AVE STE 100"},"geometry":{"type":"Point","coordinates":[-93.21667,45.0004]}},{"type":"Feature","properties":{"date":null,"year":0,"description":"Tenant Improvement - Suite 360  certificate of occupancy required:  no     special inspections required:  no      const type:  1B       occupancy:     B         2020 MSBC  occupant load:    29    sprinklered: yes    Tenant:     Rice, Walther & Mosley, LLP","metadescription":"Commercial. Remodel. Tenant Improvement - Suite 360  certificate of occupancy required:  no     special inspections required:  no      const type:  1B       occupancy:     B         2020 MSBC  occupant load:    29    sprinklered: yes    Tenant:     Rice, Walther & Mosley, LLP. Closed","address":null,"x":"-93.2670199999999","y":"44.97927","value":"60808","display":"330 2ND AVE S","fullname":"330 SOUTH SECOND LLC","issuedate":"2022/06/23 16:18:13+00","milestone":"Closed","completedate":"2022/08/10 14:13:16+00","applicantcity":"MINNEAPOLIS","applicantaddress1":"33 6TH ST  SUITE 4510"},"geometry":{"type":"Point","coordinates":[-93.26702,44.97927]}},{"type":"Feature","properties":{"date":null,"year":0,"description":"Tenant Improvement of HVAC system  supply\rdiffusers, return grilles and all associated duct work. Refer to attached drawings.","metadescription":"Mechanical. ComMFDNR. Tenant Improvement of HVAC system  supply\rdiffusers, return grilles and all associated duct work. Refer to attached drawings.. Closed","address":null,"x":"-93.2670199999999","y":"44.97927","value":"20000","display":"330 2ND AVE S","fullname":"330 SOUTH SECOND LLC","issuedate":"2021/04/06 10:31:34+00","milestone":"Closed","completedate":"2021/08/16 15:55:40+00","applicantcity":"Woodbury","applicantaddress1":"2415 Ventura Dr, Ste 100"},"geometry":{"type":"Point","coordinates":[-93.26702,44.97927]}},{"type":"Feature","properties":{"date":null,"year":0,"description":"TENANT IMPROVEMENT OF EXISTING TENANT SPACE OF AN OFFICE BUILDING. AAJ#1` certificate of occupancy required: NO mechanical plans required for certificate of occupancy mechanical plans/letter of means of compliance submitted\\ special inspections required:","metadescription":"Commercial. Remodel. TENANT IMPROVEMENT OF EXISTING TENANT SPACE OF AN OFFICE BUILDING. AAJ#1` certificate of occupancy required: NO mechanical plans required for certificate of occupancy mechanical plans/letter of means of compliance submitted\\ special inspections required:. Closed","address":null,"x":"-93.2670199999999","y":"44.97927","value":"314273","display":"330 2ND AVE S","fullname":"330 SOUTH SECOND LLC","issuedate":"2018/04/25 11:14:26+00","milestone":"Closed","completedate":"2019/09/23 10:55:30+00","applicantcity":"MINNEAPOLIS","applicantaddress1":"33 6TH ST  SUITE 4510"},"geometry":{"type":"Point","coordinates":[-93.26702,44.97927]}},{"type":"Feature","properties":{"date":null,"year":0,"description":"New HVAC for 3 level precinct 1 addition.          BLDG1091229                      Life safety plans  G-101 - G 103    BLDG1036040            Tenant improvements for police station  Address for core improvements permit 1101 3rd Ave N  Address for Hotel i","metadescription":"Mechanical. ComMFDNR. New HVAC for 3 level precinct 1 addition.          BLDG1091229                      Life safety plans  G-101 - G 103    BLDG1036040            Tenant improvements for police station  Address for core improvements permit 1101 3rd Ave N  Address for Hotel i. Closed","address":null,"x":"-93.27102","y":"44.97049","value":"510000","display":"330 12TH ST S","fullname":"1111 PARTNERS LLC","issuedate":"2025/01/03 16:01:39+00","milestone":"Closed","completedate":"2025/09/17 08:30:21+00","applicantcity":"MINNEAPOLIS","applicantaddress1":"311 1ST AVE N #402"},"geometry":{"type":"Point","coordinates":[-93.27102,44.97049]}},{"type":"Feature","properties":{"date":null,"year":0,"description":"HVAC for tenant finish out including 6 water source heat\rpumps,   supply diffusers, return grilles and all\rassociated duct work. Refer to attached drawing.","metadescription":"Mechanical. Comm-MFD. HVAC for tenant finish out including 6 water source heat\rpumps,   supply diffusers, return grilles and all\rassociated duct work. Refer to attached drawing.. Closed","address":null,"x":"-93.27498","y":"44.9841500000001","value":"51880","display":"323 WASHINGTON AVE N","fullname":"LPF NORTH LOOP INVESTORS LLP","issuedate":"2020/12/23 13:04:49+00","milestone":"Closed","completedate":"2021/04/09 09:12:19+00","applicantcity":"Minneapolis","applicantaddress1":"2318 1st St NE"},"geometry":{"type":"Point","coordinates":[-93.27498,44.98415]}},{"type":"Feature","properties":{"date":null,"year":0,"description":"Tenant Improvement - 7th Floor  certificate of occupancy required: no     special inspections required:  no      occupancy:   B           2020 MSBC  occupant load:      423  sprinklered: yes","metadescription":"Commercial. Remodel. Tenant Improvement - 7th Floor  certificate of occupancy required: no     special inspections required:  no      occupancy:   B           2020 MSBC  occupant load:      423  sprinklered: yes. Closed","address":null,"x":"-93.27498","y":"44.9841500000001","value":"50000","display":"323 WASHINGTON AVE N","fullname":"LPF NORTH LOOP INVESTORS LLP","issuedate":"2022/06/06 12:02:12+00","milestone":"Closed","completedate":"2024/12/09 10:39:39+00","applicantcity":"Beverly Hills","applicantaddress1":"8370 Wilshire Blvd #330"},"geometry":{"type":"Point","coordinates":[-93.27498,44.98415]}},{"type":"Feature","properties":{"date":null,"year":0,"description":"Tenant Improvement - Ground Floor, West  certificate of occupancy required:  no   ***** special inspections required:  yes *****  const type:  1A       ***occupancy:   B           ***2020 MSBC***** occupant load:  156 (per scope of work)    ***** sprinkle","metadescription":"Commercial. Remodel. Tenant Improvement - Ground Floor, West  certificate of occupancy required:  no   ***** special inspections required:  yes *****  const type:  1A       ***occupancy:   B           ***2020 MSBC***** occupant load:  156 (per scope of work)    ***** sprinkle. Closed","address":null,"x":"-93.26517","y":"44.9771700000001","value":"2281729","display":"350 5TH ST S","fullname":"HENNEPIN COUNTY","issuedate":"2021/01/25 15:56:25+00","milestone":"Closed","completedate":"2023/03/29 09:32:46+00","applicantcity":"Golden Valley","applicantaddress1":"830 Boone Ave N"},"geometry":{"type":"Point","coordinates":[-93.26517,44.97717]}},{"type":"Feature","properties":{"date":null,"year":0,"description":"HVAC system for tenant Improvement will use existing rooftop\runit and install one PRV, bathroom fans, supply diffusers, return grilles and\rall associated duct work. Refer to attached drawings.","metadescription":"Mechanical. ComMFDNR. HVAC system for tenant Improvement will use existing rooftop\runit and install one PRV, bathroom fans, supply diffusers, return grilles and\rall associated duct work. Refer to attached drawings.. Closed","address":null,"x":"-93.3208299999999","y":"44.94913","value":"11630","display":"3234 LAKE ST W","fullname":"DORAN CALHOUN LLC","issuedate":"2021/07/22 13:17:59+00","milestone":"Closed","completedate":"2021/09/14 06:36:12+00","applicantcity":"Ham Lake","applicantaddress1":"4920 173rd Ave NE"},"geometry":{"type":"Point","coordinates":[-93.32083,44.94913]}},{"type":"Feature","properties":{"date":null,"year":0,"description":"Tenant Improvement - Treats Ice Cream Shop   CERTIFICATE OF OCCUPANCY REQUIRED - AN AUTHORIZED REPRESENTATIVE OF THE PERMIT APPLICANT MUST CALL 612-673-2327 TO SCHEDULE A CERTIFICATE OF OCCUPANCY INSPECTION TWENTY (20) BUSINESS DAYS BEFORE THE DATE OF DES","metadescription":"Commercial. Remodel. Tenant Improvement - Treats Ice Cream Shop   CERTIFICATE OF OCCUPANCY REQUIRED - AN AUTHORIZED REPRESENTATIVE OF THE PERMIT APPLICANT MUST CALL 612-673-2327 TO SCHEDULE A CERTIFICATE OF OCCUPANCY INSPECTION TWENTY (20) BUSINESS DAYS BEFORE THE DATE OF DES. Closed","address":null,"x":"-93.27137","y":"44.9859300000001","value":"140141","display":"314 2ND ST N","fullname":"RPM 2, LLC","issuedate":"2023/10/13 17:24:35+00","milestone":"Closed","completedate":"2024/03/18 08:39:36+00","applicantcity":"St Louis Park","applicantaddress1":"2222 Edgewood Ave S"},"geometry":{"type":"Point","coordinates":[-93.27137,44.98593]}},{"type":"Feature","properties":{"date":null,"year":0,"description":"Tenant improvement on Level 2 -ACW     certificate of occupancy required:    no     special inspections required:   no     const type:   III      occupancy:        B      2020 MSBC  occupant load:      16  sprinklered: yes    Tenant:     Element     Floor","metadescription":"Commercial. Remodel. Tenant improvement on Level 2 -ACW     certificate of occupancy required:    no     special inspections required:   no     const type:   III      occupancy:        B      2020 MSBC  occupant load:      16  sprinklered: yes    Tenant:     Element     Floor. Issued","address":null,"x":"-93.27239","y":"44.9817600000001","value":"25000","display":"322 1ST AVE N","fullname":"DP PROPERTY ACQUISTION LLC","issuedate":"2025/12/05 14:41:55+00","milestone":"Final Inspection","applicantcity":"Minneapolis","applicantaddress1":"3034 Benjamin St. NE"},"geometry":{"type":"Point","coordinates":[-93.27239,44.98176]}},{"type":"Feature","properties":{"date":null,"year":0,"description":"build out\r\rINTERIOR TENANT FINISH FOR NEW APPROX 3,455 SF RESTAURANT AT NE CORNER OF FIRST FLOOR (PODIUM LEVEL) OF MULTI USE BUILDING. SMALL STORAGE SPACE AT LL PARKING AREA. NO OUTDOOR SEATING. 2 MEN AND 2 WOMEN REQUIRED RESTROOMS REQUIRED IN LANDLORD BU","metadescription":"Commercial. Remodel. build out\r\rINTERIOR TENANT FINISH FOR NEW APPROX 3,455 SF RESTAURANT AT NE CORNER OF FIRST FLOOR (PODIUM LEVEL) OF MULTI USE BUILDING. SMALL STORAGE SPACE AT LL PARKING AREA. NO OUTDOOR SEATING. 2 MEN AND 2 WOMEN REQUIRED RESTROOMS REQUIRED IN LANDLORD BU. Closed","address":null,"x":"-93.27498","y":"44.9841500000001","value":"400000","display":"323 WASHINGTON AVE N","fullname":"LPF NORTH LOOP INVESTORS LLP","issuedate":"2017/02/17 14:41:32+00","milestone":"Closed","completedate":"2017/07/17 13:09:31+00","applicantcity":"BLAINE","applicantaddress1":"2201 107TH LN NE"},"geometry":{"type":"Point","coordinates":[-93.27498,44.98415]}},{"type":"Feature","properties":{"date":null,"year":0,"description":"Tenant Improvement - Suite 430 - NeuroStim  certificate of occupancy required:  no     special inspections required:  no     occupancy:    B          2020 MSBC  occupant load:     54   sprinklered: yes    sac: 1.48 charges  1.32 credits = 0.16 net  met co","metadescription":"Commercial. Remodel. Tenant Improvement - Suite 430 - NeuroStim  certificate of occupancy required:  no     special inspections required:  no     occupancy:    B          2020 MSBC  occupant load:     54   sprinklered: yes    sac: 1.48 charges  1.32 credits = 0.16 net  met co. Closed","address":null,"x":"-93.21257","y":"45.0011700000001","value":"123000","display":"3433 BROADWAY ST NE","fullname":"ALTUS BROADWAY LLC","issuedate":"2024/12/17 10:36:48+00","milestone":"Closed","completedate":"2025/04/01 10:04:12+00","applicantcity":"St Louis","applicantaddress1":"231 Bemiston AVE #650"},"geometry":{"type":"Point","coordinates":[-93.21257,45.00117]}},{"type":"Feature","properties":{"date":null,"year":0,"description":"Installation of supply and return ductwork for tenant finish out.  No new equipment. No plan submittal required.","metadescription":"Mechanical. Comm-MFD. Installation of supply and return ductwork for tenant finish out.  No new equipment. No plan submittal required.. Closed","address":null,"x":"-93.28401","y":"44.9486000000001","value":"29000","display":"316 LAKE ST W","fullname":"IBYS LLC","issuedate":"2020/11/03 10:14:22+00","milestone":"Closed","completedate":"2020/11/18 12:11:36+00","applicantcity":"Minnetonka","applicantaddress1":"14702 Excelsior Blvd"},"geometry":{"type":"Point","coordinates":[-93.28401,44.9486]}},{"type":"Feature","properties":{"date":null,"year":0,"description":"TENANT IMPROVEMENT OF EXISTING OFFICE SPACE IN A COMMERCIAL BUILDING. AAJ#1.      certificate of occupancy required: NO  mechanical plans required for certificate of occupancy  mechanical plans/letter of means of compliance submitted\\  special inspections","metadescription":"Commercial. Remodel. TENANT IMPROVEMENT OF EXISTING OFFICE SPACE IN A COMMERCIAL BUILDING. AAJ#1.      certificate of occupancy required: NO  mechanical plans required for certificate of occupancy  mechanical plans/letter of means of compliance submitted\\  special inspections. Closed","address":null,"x":"-93.25391","y":"44.9868000000001","value":"91083","display":"312 CENTRAL AVE SE","fullname":"THE LABOR TEMPLE ASSN INC","issuedate":"2018/01/29 11:45:23+00","milestone":"Closed","completedate":"2018/04/30 11:14:48+00","applicantcity":"MINNEAPOLIS","applicantaddress1":"33 6TH ST  SUITE 4510"},"geometry":{"type":"Point","coordinates":[-93.25391,44.9868]}},{"type":"Feature","properties":{"date":null,"year":0,"description":"Tenant Improvement - North Half of 1st floor - New Coffee Shop   certificate of occupancy required:  yes    special inspections required:  no     const type:  IIB       occupancy:     B         2020 MSBC  occupant load:     47   sprinklered:  no    20% ac","metadescription":"Commercial. Remodel. Tenant Improvement - North Half of 1st floor - New Coffee Shop   certificate of occupancy required:  yes    special inspections required:  no     const type:  IIB       occupancy:     B         2020 MSBC  occupant load:     47   sprinklered:  no    20% ac. Closed","address":null,"x":"-93.29869","y":"44.94503","value":"27000","display":"3142 HENNEPIN AVE","fullname":"TURNER FAMILY PROPERTIES LLC","issuedate":"2025/04/14 11:22:12+00","milestone":"Closed","completedate":"2025/10/02 12:03:14+00","applicantcity":"Minneapolis","applicantaddress1":"3142 Hennepin Ave"},"geometry":{"type":"Point","coordinates":[-93.29869,44.94503]}},{"type":"Feature","properties":{"date":null,"year":0,"description":"Tenant Improvement - Guacaya Bistreaux  certificate of occupancy required:  no special inspections required: no  const type:   2B      occupancy:    A2          2020 MSBC occupant load:  149 sprinklered: yes   sac: 12.69 charges  9.76 credits = 2.93 net","metadescription":"Commercial. Remodel. Tenant Improvement - Guacaya Bistreaux  certificate of occupancy required:  no special inspections required: no  const type:   2B      occupancy:    A2          2020 MSBC occupant load:  149 sprinklered: yes   sac: 12.69 charges  9.76 credits = 2.93 net. Closed","address":null,"x":"-93.27421","y":"44.98479","value":"310000","display":"337 WASHINGTON AVE N #100","fullname":"NORTHERN POP UP LLC","issuedate":"2022/02/18 09:13:42+00","milestone":"Closed","completedate":"2022/05/19 07:53:35+00","applicantcity":"Buffalo","applicantaddress1":"300 Brighton Avenue South"},"geometry":{"type":"Point","coordinates":[-93.27421,44.98479]}},{"type":"Feature","properties":{"date":null,"year":0,"description":"Tenant Improvement - White Box  certificate of occupancy required:  no    special inspections required:  no  occupancy:    B          2020 MSBC","metadescription":"Commercial. Remodel. Tenant Improvement - White Box  certificate of occupancy required:  no    special inspections required:  no  occupancy:    B          2020 MSBC. Closed","address":null,"x":"-93.23749","y":"45.02421","value":"8500","display":"3100 JOHNSON ST NE","fullname":"SAKALLAH GROUP LLC","issuedate":"2021/11/02 15:39:41+00","milestone":"Closed","completedate":"2024/11/15 07:09:18+00","applicantcity":"Minneapolis","applicantaddress1":"2920 Talmage Ave, Ste 110"},"geometry":{"type":"Point","coordinates":[-93.23749,45.02421]}},{"type":"Feature","properties":{"date":null,"year":0,"description":"Tenant Improvement SUITE 9200  certificate of occupancy required:  no special inspections required:  no  occupancy:    B          2015 MSBC occupant load:  27 sprinklered: yes   Tenant: Suite 9200           architect:  Tanek","metadescription":"Commercial. Remodel. Tenant Improvement SUITE 9200  certificate of occupancy required:  no special inspections required:  no  occupancy:    B          2015 MSBC occupant load:  27 sprinklered: yes   Tenant: Suite 9200           architect:  Tanek. Closed","address":null,"x":"-93.2640699999999","y":"44.97828","value":"75000","display":"310 4TH AVE S","fullname":"TRELLIS FLOUR EXCH ACQ LLC","issuedate":"2018/09/19 13:22:55+00","milestone":"Closed","completedate":"2019/01/11 10:05:56+00","applicantcity":"PLYMOUTH","applicantaddress1":"14700 28TH AVE N STE 30"},"geometry":{"type":"Point","coordinates":[-93.26407,44.97828]}},{"type":"Feature","properties":{"date":null,"year":0,"description":"TENANT IMPROVEMENT.  LEVEL 1 ONLY.  ORIGINAL PERMIT BLDG233867. (JJL)     certificate of occupancy required:  NO     special inspections required:  NO      const type:   II-B      occupancy:  M, AND S2 ON LEVEL 1, B ON LEVEL 2            2020 MSBC   occup","metadescription":"Commercial. Remodel. TENANT IMPROVEMENT.  LEVEL 1 ONLY.  ORIGINAL PERMIT BLDG233867. (JJL)     certificate of occupancy required:  NO     special inspections required:  NO      const type:   II-B      occupancy:  M, AND S2 ON LEVEL 1, B ON LEVEL 2            2020 MSBC   occup. Closed","address":null,"x":"-93.30778","y":"45.0127800000001","value":"272713","display":"3120 PENN AVE N","fullname":"PENN LOWRY CROSSING LLC","issuedate":"2024/12/19 08:06:19+00","milestone":"Closed","completedate":"2025/06/05 15:36:11+00","applicantcity":"Mendota Heights","applicantaddress1":"1100 Mendota Heights Rd,"},"geometry":{"type":"Point","coordinates":[-93.30778,45.01278]}},{"type":"Feature","properties":{"date":null,"year":0,"description":"Tenant Improvement - Doggie Daycare and Boarding  NO REVISIONS TO EXTERIOR OPENINGS APPROVED AS PART OF THIS PERMIT  certificate of occupancy required:  no   ***** special inspections required:  no*****  occupancy:    B          ***2015 MSBC***** sac: 4.8","metadescription":"Commercial. Remodel. Tenant Improvement - Doggie Daycare and Boarding  NO REVISIONS TO EXTERIOR OPENINGS APPROVED AS PART OF THIS PERMIT  certificate of occupancy required:  no   ***** special inspections required:  no*****  occupancy:    B          ***2015 MSBC***** sac: 4.8. Closed","address":null,"x":"-93.32172","y":"44.94717","value":"300000","display":"3054 EXCELSIOR BLVD #200","fullname":"GOOD GUY PROPERTIES LLC","issuedate":"2020/06/09 14:02:21+00","milestone":"Closed","completedate":"2020/10/15 12:15:45+00","applicantcity":"Mound","applicantaddress1":"4841 Island View Dr"},"geometry":{"type":"Point","coordinates":[-93.32172,44.94717]}},{"type":"Feature","properties":{"date":null,"year":0,"description":"TENANT IMPROVEMENT OF 3000 SFT OF SHELL SPACE INTO A RESTAURANT IN A MULTI-TENANT BUILDING -ACW      certificate of occupancy required:  yes         CONST TYPE:   IA  NUMBER OF STORIES:    1  OCCUPANCY:  A-2            2020 MSBC  OCCUPANT LOAD:  300  SPRI","metadescription":"Commercial. Remodel. TENANT IMPROVEMENT OF 3000 SFT OF SHELL SPACE INTO A RESTAURANT IN A MULTI-TENANT BUILDING -ACW      certificate of occupancy required:  yes         CONST TYPE:   IA  NUMBER OF STORIES:    1  OCCUPANCY:  A-2            2020 MSBC  OCCUPANT LOAD:  300  SPRI. Issued","address":null,"x":"-93.27881","y":"44.94712","value":"1200000","display":"3042 NICOLLET AVE","issuedate":"2026/02/13 13:15:18+00","milestone":"Final Inspection","applicantcity":"St Paul","applicantaddress1":"1375 Saint Anthony Avenue"},"geometry":{"type":"Point","coordinates":[-93.27881,44.94712]}},{"type":"Feature","properties":{"date":null,"year":0,"description":"Tenant Improvement   certificate of occupancy required:  yes    special inspections required:  no      const type:  1A       occupancy: B             2020 MSBC  occupant load:    20    sprinklered: yes     sac: 0.76 charges  0.66 credits = 0.10 net   met","metadescription":"Commercial. Remodel. Tenant Improvement   certificate of occupancy required:  yes    special inspections required:  no      const type:  1A       occupancy: B             2020 MSBC  occupant load:    20    sprinklered: yes     sac: 0.76 charges  0.66 credits = 0.10 net   met. Closed","address":null,"x":"-93.23549","y":"44.99181","value":"60000","display":"305 ULYSSES ST NE","fullname":"1101 EAST HENNEPIN II, LLC","issuedate":"2022/07/29 09:31:01+00","milestone":"Closed","completedate":"2025/12/03 09:50:15+00","applicantcity":"MINNEAPOLIS","applicantaddress1":"1 19TH ST EAST"},"geometry":{"type":"Point","coordinates":[-93.23549,44.99181]}},{"type":"Feature","properties":{"date":null,"year":0,"description":"IOMOSAIC/SUITE 250 - TENANT IMPROVEMENT  certificate of occupancy required:    no    special inspections required:   no  const type:  4       occupancy:      B        2020 MSBC  sprinklered: yes    architect:  N Shea #24515","metadescription":"Commercial. Remodel. IOMOSAIC/SUITE 250 - TENANT IMPROVEMENT  certificate of occupancy required:    no    special inspections required:   no  const type:  4       occupancy:      B        2020 MSBC  sprinklered: yes    architect:  N Shea #24515. Closed","address":null,"x":"-93.27586","y":"44.9847500000001","value":"145310","display":"305 5TH AVE N","fullname":"DGB INVESTORS LLC","issuedate":"2024/06/18 09:12:33+00","milestone":"Closed","completedate":"2024/09/30 10:31:29+00","applicantcity":"MINNEAPOLIS","applicantaddress1":"33 6TH ST  SUITE 4510"},"geometry":{"type":"Point","coordinates":[-93.27586,44.98475]}},{"type":"Feature","properties":{"date":null,"year":0,"description":"Tenant Improvement - Upper Level - Queermunity Center    CERTIFICATE OF OCCUPANCY REQUIRED - AN AUTHORIZED REPRESENTATIVE OF THE PERMIT APPLICANT MUST CALL 612-673-2327 TO SCHEDULE A CERTIFICATE OF OCCUPANCY INSPECTION TWENTY (20) BUSINESS DAYS BEFORE THE","metadescription":"Commercial. Remodel. Tenant Improvement - Upper Level - Queermunity Center    CERTIFICATE OF OCCUPANCY REQUIRED - AN AUTHORIZED REPRESENTATIVE OF THE PERMIT APPLICANT MUST CALL 612-673-2327 TO SCHEDULE A CERTIFICATE OF OCCUPANCY INSPECTION TWENTY (20) BUSINESS DAYS BEFORE THE. Closed","address":null,"x":"-93.29867","y":"44.94712","value":"104115","display":"3036 HENNEPIN AVE","fullname":"YAD BRYANT BUILDING LLC","issuedate":"2024/09/16 13:48:03+00","milestone":"Closed","completedate":"2024/10/21 09:25:24+00","applicantcity":"St Paul","applicantaddress1":"1971 Ashland Dr"},"geometry":{"type":"Point","coordinates":[-93.29867,44.94712]}},{"type":"Feature","properties":{"date":null,"year":0,"description":"TENANT IMPROVEMENT (MAA)       certificate of occupancy required:  NO     const type:  III B       occupancy:         B     2020 MSBC  occupant load:   34     sprinklered: YES       architect:  MICHAEL ROHER 47471","metadescription":"Commercial. Remodel. TENANT IMPROVEMENT (MAA)       certificate of occupancy required:  NO     const type:  III B       occupancy:         B     2020 MSBC  occupant load:   34     sprinklered: YES       architect:  MICHAEL ROHER 47471. Closed","address":null,"x":"-93.31844","y":"44.94748","value":"24960","display":"3033 EXCELSIOR BLVD","fullname":"ACKY CALHOUN LLC","issuedate":"2023/02/08 08:44:29+00","milestone":"Closed","completedate":"2023/05/17 10:20:41+00","applicantcity":"EDINA","applicantaddress1":"5280 N. 74th St"},"geometry":{"type":"Point","coordinates":[-93.31844,44.94748]}},{"type":"Feature","properties":{"date":null,"year":0,"description":"TENANT IMPROVEMENT.  SUITE 600.  (JJL)     certificate of occupancy required:   no     special inspections required:   no      const type:  IA       occupancy:   B           2020 MSBC  occupant load:      51  sprinklered: yes    20% accessibility upgrades","metadescription":"Commercial. Remodel. TENANT IMPROVEMENT.  SUITE 600.  (JJL)     certificate of occupancy required:   no     special inspections required:   no      const type:  IA       occupancy:   B           2020 MSBC  occupant load:      51  sprinklered: yes    20% accessibility upgrades. Closed","address":null,"x":"-93.2670199999999","y":"44.97927","value":"108500","display":"330 2ND AVE S","fullname":"330 SOUTH SECOND LLC","issuedate":"2024/07/08 15:38:53+00","milestone":"Closed","completedate":"2024/09/23 10:39:24+00","applicantcity":"MINNEAPOLIS","applicantaddress1":"33 6TH ST  SUITE 4510"},"geometry":{"type":"Point","coordinates":[-93.26702,44.97927]}},{"type":"Feature","properties":{"date":null,"year":0,"description":"Tenant Improvement - Suite 380 - Arts Midwest  certificate of occupancy required:  no    special inspections required:  no  const type:  3B       occupancy:  B            2020 MSBC occupant load:   20    sprinklered: yes  sac: 1.09 charges  1.09 credits =","metadescription":"Commercial. Remodel. Tenant Improvement - Suite 380 - Arts Midwest  certificate of occupancy required:  no    special inspections required:  no  const type:  3B       occupancy:  B            2020 MSBC occupant load:   20    sprinklered: yes  sac: 1.09 charges  1.09 credits =. Closed","address":null,"x":"-93.31844","y":"44.94748","value":"98850","display":"3033 EXCELSIOR BLVD","fullname":"ACKY CALHOUN LLC","issuedate":"2021/12/27 11:18:44+00","milestone":"Closed","completedate":"2023/07/25 09:53:57+00","applicantcity":"EDINA","applicantaddress1":"5280 N. 74th St"},"geometry":{"type":"Point","coordinates":[-93.31844,44.94748]}},{"type":"Feature","properties":{"date":null,"year":0,"description":"TENANT IMPROVEMENT OF MAIN FLOOR STORAGE ROOM AND 2ND FLOOR OFFICE SUITE OF A BUSINESS (OFFICE) BUILDING. AAJ (PROJECT DOX PLAN)      certificate of occupancy required: NO  mechanical plans required for certificate of occupancy  mechanical plans/letter of","metadescription":"Commercial. Remodel. TENANT IMPROVEMENT OF MAIN FLOOR STORAGE ROOM AND 2ND FLOOR OFFICE SUITE OF A BUSINESS (OFFICE) BUILDING. AAJ (PROJECT DOX PLAN)      certificate of occupancy required: NO  mechanical plans required for certificate of occupancy  mechanical plans/letter of. Expired","address":null,"x":"-93.2469599999999","y":"44.9703900000001","value":"15700","display":"325 CEDAR AVE S","fullname":"KOR LLC","issuedate":"2024/11/01 11:23:50+00","milestone":"Expired","applicantcity":"WOODBURY","applicantaddress1":"1752 SHEFFIELD DR"},"geometry":{"type":"Point","coordinates":[-93.24696,44.97039]}},{"type":"Feature","properties":{"date":null,"year":0,"description":"#500 madison industrial tenant improvement  certificate of occupancy required:   no   \n\n const type:   4      occupancy:       B       2020 MSBC   \n\n occupant load:   46      \n\n sprinklered: yes \n   \n\n Tenant:   Madison        Floor(s):  5th \n\n architect:","metadescription":"Commercial. Remodel. #500 madison industrial tenant improvement  certificate of occupancy required:   no   \n\n const type:   4      occupancy:       B       2020 MSBC   \n\n occupant load:   46      \n\n sprinklered: yes \n   \n\n Tenant:   Madison        Floor(s):  5th \n\n architect:. Closed","address":null,"x":"-93.27586","y":"44.9847500000001","value":"85244","display":"305 5TH AVE N","fullname":"DGB INVESTORS LLC","issuedate":"2023/12/21 08:23:27+00","milestone":"Closed","completedate":"2024/02/22 12:04:05+00","applicantcity":"MINNEAPOLIS","applicantaddress1":"33 6TH ST  SUITE 4510"},"geometry":{"type":"Point","coordinates":[-93.27586,44.98475]}},{"type":"Feature","properties":{"date":null,"year":0,"description":"TENANT IMPROVEMENT FOR INTERIOR FINISH FOR NEW STARBUCKS COFFEE RETAIL STORE IN EXISTING COMMERCIAL BUILDING. AAJ (PROJECT DOX PLANS) (Food PLAN15546  approved)         ***03/21/2023  - COMPLETE PLAN REVIEW PROCESS FOR REVISIONS AFTER PERMIT ISSUANCE CYCL","metadescription":"Commercial. Remodel. TENANT IMPROVEMENT FOR INTERIOR FINISH FOR NEW STARBUCKS COFFEE RETAIL STORE IN EXISTING COMMERCIAL BUILDING. AAJ (PROJECT DOX PLANS) (Food PLAN15546  approved)         ***03/21/2023  - COMPLETE PLAN REVIEW PROCESS FOR REVISIONS AFTER PERMIT ISSUANCE CYCL. Closed","address":null,"x":"-93.273","y":"44.9780000000001","value":"425000","display":"33 6TH ST S","fullname":"33 CITY CENTER 33 SOUTH PROPERTY LLC","issuedate":"2022/12/09 16:09:41+00","milestone":"Closed","completedate":"2023/06/23 13:18:27+00","applicantcity":"Nashville","applicantaddress1":"2949 Sidco Dr"},"geometry":{"type":"Point","coordinates":[-93.273,44.978]}},{"type":"Feature","properties":{"date":null,"year":0,"description":"Suite 580 tenant improvement  certificate of occupancy required:   no     special inspections required:    no  const type:    4     occupancy:    B          2020 MSBC  occupant load:   10     sprinklered: yes    Tenant:   Diverse Marketing        Floor(s)","metadescription":"Commercial. Remodel. Suite 580 tenant improvement  certificate of occupancy required:   no     special inspections required:    no  const type:    4     occupancy:    B          2020 MSBC  occupant load:   10     sprinklered: yes    Tenant:   Diverse Marketing        Floor(s). Closed","address":null,"x":"-93.27586","y":"44.9847500000001","value":"88037","display":"305 5TH AVE N","fullname":"DGB INVESTORS LLC","issuedate":"2022/09/29 09:22:00+00","milestone":"Closed","completedate":"2022/12/30 07:53:46+00","applicantcity":"MINNEAPOLIS","applicantaddress1":"33 6TH ST  SUITE 4510"},"geometry":{"type":"Point","coordinates":[-93.27586,44.98475]}},{"type":"Feature","properties":{"date":null,"year":0,"description":"Tenant Improvement on 4th floor in existing building -ACW     certificate of occupancy required:    no     special inspections required:    no     const type:   IV (HT)     occupancy:   B           2020 MSBC  occupant load:     66   sprinklered: yes    Te","metadescription":"Commercial. Remodel. Tenant Improvement on 4th floor in existing building -ACW     certificate of occupancy required:    no     special inspections required:    no     const type:   IV (HT)     occupancy:   B           2020 MSBC  occupant load:     66   sprinklered: yes    Te. Closed","address":null,"x":"-93.27586","y":"44.9847500000001","value":"184646","display":"305 5TH AVE N","fullname":"DGB INVESTORS LLC","issuedate":"2025/06/05 10:52:39+00","milestone":"Closed","completedate":"2025/10/06 10:16:36+00","applicantcity":"MINNEAPOLIS","applicantaddress1":"33 6TH ST  SUITE 4510"},"geometry":{"type":"Point","coordinates":[-93.27586,44.98475]}},{"type":"Feature","properties":{"date":null,"year":0,"description":"INTERIOR TENANT IMPROVEMENTS  certificate of occupancy required:  no    special inspections required:    no  const type: I-B        occupancy:      B        2020 MSBC occupant load:   50    sprinklered: yes  Tenant: Park State Bank          Floor(s):   Th","metadescription":"Commercial. Remodel. INTERIOR TENANT IMPROVEMENTS  certificate of occupancy required:  no    special inspections required:    no  const type: I-B        occupancy:      B        2020 MSBC occupant load:   50    sprinklered: yes  Tenant: Park State Bank          Floor(s):   Th. Closed","address":null,"x":"-93.31844","y":"44.94748","value":"70000","display":"3033 EXCELSIOR BLVD","fullname":"ACKY CALHOUN LLC","issuedate":"2021/05/13 14:57:16+00","milestone":"Closed","completedate":"2021/09/08 15:36:23+00","applicantcity":"PLYMOUTH","applicantaddress1":"14700 28TH AVE N STE 30"},"geometry":{"type":"Point","coordinates":[-93.31844,44.94748]}},{"type":"Feature","properties":{"date":null,"year":0,"description":"Tenant Improvement - Suite 310 - West Lake Dental Center  certificate of occupancy required:  no     special inspections required:  no  const type:  2A       occupancy:     B         2020 MSBC   occupant load:     18   sprinklered: yes     sac: 1.12 charg","metadescription":"Commercial. Remodel. Tenant Improvement - Suite 310 - West Lake Dental Center  certificate of occupancy required:  no     special inspections required:  no  const type:  2A       occupancy:     B         2020 MSBC   occupant load:     18   sprinklered: yes     sac: 1.12 charg. Closed","address":null,"x":"-93.31844","y":"44.94748","value":"410000","display":"3033 EXCELSIOR BLVD","fullname":"ACKY CALHOUN LLC","issuedate":"2022/08/08 14:21:07+00","milestone":"Closed","completedate":"2023/01/17 07:32:51+00","applicantcity":"St Louis Park","applicantaddress1":"4806 Park Glen Rd"},"geometry":{"type":"Point","coordinates":[-93.31844,44.94748]}},{"type":"Feature","properties":{"date":null,"year":0,"description":"Tenant Improvement 1st Floor - Wells Fargo   CERTIFICATE OF OCCUPANCY REQUIRED  SEPARATE PERMITS ARE REQUIRED FOR ELECTRICAL, PLUMBING, AND HEATING/AIR CONDITIONING/VENTILATION WORK.  OCCUPANCY:     B         2020 MSBC  SPRINKLERED: YES    FIRE ALARM: YES","metadescription":"Commercial. Remodel. Tenant Improvement 1st Floor - Wells Fargo   CERTIFICATE OF OCCUPANCY REQUIRED  SEPARATE PERMITS ARE REQUIRED FOR ELECTRICAL, PLUMBING, AND HEATING/AIR CONDITIONING/VENTILATION WORK.  OCCUPANCY:     B         2020 MSBC  SPRINKLERED: YES    FIRE ALARM: YES. Issued","address":null,"x":"-93.27881","y":"44.94712","value":"450000","display":"3030 NICOLLET AVE","issuedate":"2025/12/10 11:38:28+00","milestone":"Final Inspection","applicantcity":"Dallas","applicantaddress1":"8828 N Slemmons Fwy, Ste 500"},"geometry":{"type":"Point","coordinates":[-93.27881,44.94712]}},{"type":"Feature","properties":{"date":null,"year":0,"description":"TENANT IMPROVEMENT FOR NEW OFFICE SPACE IN A COMMERCIAL BUILDING. AAJ#1   certificate of occupancy required: NO. ***NO CHANGE IN USE*** mechanical plans required for certificate of occupancy mechanical plans/letter of means of compliance submitted\\ specia","metadescription":"Commercial. Remodel. TENANT IMPROVEMENT FOR NEW OFFICE SPACE IN A COMMERCIAL BUILDING. AAJ#1   certificate of occupancy required: NO. ***NO CHANGE IN USE*** mechanical plans required for certificate of occupancy mechanical plans/letter of means of compliance submitted\\ specia. Closed","address":null,"x":"-93.21928","y":"44.99974","value":"117814","display":"3001 BROADWAY ST NE","fullname":"BROADWAY RIDGE PARTNERS, LLC","issuedate":"2018/02/09 10:09:50+00","milestone":"Closed","completedate":"2021/07/28 08:16:25+00","applicantcity":"EDINA","applicantaddress1":"4600 77TH ST W STE 275"},"geometry":{"type":"Point","coordinates":[-93.21928,44.99974]}},{"type":"Feature","properties":{"date":null,"year":0,"description":"Tenant Improvement - Suite 410  certificate of occupancy required:  no    special inspections required:  no  const type:  2B       occupancy:   B           2020 MSBC occupant load:   179    sprinklered: yes  Tenant:   Rise Baking Co.         architect:","metadescription":"Commercial. Remodel. Tenant Improvement - Suite 410  certificate of occupancy required:  no    special inspections required:  no  const type:  2B       occupancy:   B           2020 MSBC occupant load:   179    sprinklered: yes  Tenant:   Rise Baking Co.         architect:. Closed","address":null,"x":"-93.21928","y":"44.99974","value":"389000","display":"3001 BROADWAY ST NE","fullname":"BROADWAY RIDGE PARTNERS, LLC","issuedate":"2021/09/16 08:57:44+00","milestone":"Closed","completedate":"2021/12/17 12:22:57+00","applicantcity":"Owatanna","applicantaddress1":"202 N Cedar Ave, Suite 1"},"geometry":{"type":"Point","coordinates":[-93.21928,44.99974]}},{"type":"Feature","properties":{"date":null,"year":0,"description":"Tenant Improvement/Expansion - Dollar Tree  certificate of occupancy required:  no   special inspections required:  no        SEPARATE PERMITS ARE REQUIRED FOR ELECTRICAL, PLUMBING, AND HEATING/AIR CONDITIONING/VENTILATION WORK.      const type:  2B","metadescription":"Commercial. Remodel. Tenant Improvement/Expansion - Dollar Tree  certificate of occupancy required:  no   special inspections required:  no        SEPARATE PERMITS ARE REQUIRED FOR ELECTRICAL, PLUMBING, AND HEATING/AIR CONDITIONING/VENTILATION WORK.      const type:  2B. Closed","address":null,"x":"-93.27727","y":"44.9479400000001","value":"500000","display":"3001 NICOLLET AVE","fullname":"NR DEVELOPMENT LLC","issuedate":"2023/06/01 13:11:21+00","milestone":"Closed","completedate":"2023/07/31 11:05:32+00","applicantcity":"Knokxville","applicantaddress1":"675 Reliability Circle"},"geometry":{"type":"Point","coordinates":[-93.27727,44.94794]}},{"type":"Feature","properties":{"date":null,"year":0,"description":"Tenant Improvement - Industrial Tech Classrooms (MAA)     certificate of occupancy required NO   const type:    II A     occupancy:    E, B          2020 MSBC occupant load:  85 sprinklered: yes  no   20% accessibility upgrades____FULLY______ Tenant:   CR","metadescription":"Commercial. Remodel. Tenant Improvement - Industrial Tech Classrooms (MAA)     certificate of occupancy required NO   const type:    II A     occupancy:    E, B          2020 MSBC occupant load:  85 sprinklered: yes  no   20% accessibility upgrades____FULLY______ Tenant:   CR. Closed","address":null,"x":"-93.27093","y":"44.9494300000001","value":"1000000","display":"2924 4TH AVE S","issuedate":"2020/09/01 14:40:36+00","milestone":"Closed","completedate":"2021/03/03 11:12:19+00","applicantcity":"Minneapolis","applicantaddress1":"533 3rd St S"},"geometry":{"type":"Point","coordinates":[-93.27093,44.94943]}},{"type":"Feature","properties":{"date":null,"year":0,"description":"TENANT IMPROVEMENT FOR NEW COMMERCIAL KITCHEN WITH NO SEATINGS IN SUITE #77 OF EXISTING KARMEL PLAZA COMMERCIAL BUILDING. AAJ (PROJECT DOX PLAN AND DOCUMENTS)     certificate of occupancy required: YES  mechanical plans required for certificate of occupan","metadescription":"Commercial. Remodel. TENANT IMPROVEMENT FOR NEW COMMERCIAL KITCHEN WITH NO SEATINGS IN SUITE #77 OF EXISTING KARMEL PLAZA COMMERCIAL BUILDING. AAJ (PROJECT DOX PLAN AND DOCUMENTS)     certificate of occupancy required: YES  mechanical plans required for certificate of occupan. Closed","address":null,"x":"-93.28217","y":"44.9498","value":"10000","display":"2910 PILLSBURY AVE","fullname":"KARMEL PROPERTIES LLC","issuedate":"2023/04/27 15:00:45+00","milestone":"Closed","completedate":"2023/09/08 12:27:19+00","applicantcity":"PENGILLY","applicantaddress1":"31572 SNOWBALL RD"},"geometry":{"type":"Point","coordinates":[-93.28217,44.9498]}},{"type":"Feature","properties":{"date":null,"year":0,"description":"non-structural demolition in prep for future tenant improvement.  Additional permits required for new construction","metadescription":"Commercial. Remodel. non-structural demolition in prep for future tenant improvement.  Additional permits required for new construction. Closed","address":null,"x":"-93.2966299999999","y":"44.94885","value":"5000","display":"2923 GIRARD AVE S","fullname":"FRG WALKWAY LLC","issuedate":"2017/10/02 15:41:40+00","milestone":"Closed","completedate":"2018/02/12 15:08:24+00","applicantcity":"MINNEAPOLIS","applicantaddress1":"2923 GIRARD SOUTH AVE"},"geometry":{"type":"Point","coordinates":[-93.29663,44.94885]}},{"type":"Feature","properties":{"date":null,"year":0,"description":"TENANT IMPROVEMENT AT SUITE 605 (MAA)       const type:   I B      occupancy:    B          2020 MSBC  occupant load:      37  sprinklered: YES   Tenant:  GUARDIAN PROPERTY MANAGEMENT         Floor(s):        architect: MARRY B. HUSTAD 17408     engineer:","metadescription":"Commercial. Remodel. TENANT IMPROVEMENT AT SUITE 605 (MAA)       const type:   I B      occupancy:    B          2020 MSBC  occupant load:      37  sprinklered: YES   Tenant:  GUARDIAN PROPERTY MANAGEMENT         Floor(s):        architect: MARRY B. HUSTAD 17408     engineer:. Closed","address":null,"x":"-93.21928","y":"44.99974","value":"117493","display":"3001 BROADWAY ST NE","fullname":"BROADWAY RIDGE PARTNERS, LLC","issuedate":"2023/08/11 12:42:22+00","milestone":"Closed","completedate":"2023/11/13 10:46:12+00","applicantcity":"MINNEAPOLIS","applicantaddress1":"33 6TH ST  SUITE 4510"},"geometry":{"type":"Point","coordinates":[-93.21928,44.99974]}},{"type":"Feature","properties":{"date":null,"year":0,"description":"TENANT IMPROVEMENT OF EXISTING OFFICE SPACE FOR NEW TENANT IN A COMMERCIAL BUILDING. AAJ#1.     certificate of occupancy required: NO mechanical plans required for certificate of occupancy mechanical plans/letter of means of compliance submitted\\ special","metadescription":"Commercial. Remodel. TENANT IMPROVEMENT OF EXISTING OFFICE SPACE FOR NEW TENANT IN A COMMERCIAL BUILDING. AAJ#1.     certificate of occupancy required: NO mechanical plans required for certificate of occupancy mechanical plans/letter of means of compliance submitted\\ special. Closed","address":null,"x":"-93.29867","y":"44.94906","value":"23161","display":"2908 HENNEPIN AVE","fullname":"ARMORY HOLDINGS LLC","issuedate":"2018/02/07 11:48:21+00","milestone":"Closed","completedate":"2018/05/29 09:21:20+00","applicantcity":"MAPLE GROVE","applicantaddress1":"7082 E FISH LAKE RD"},"geometry":{"type":"Point","coordinates":[-93.29867,44.94906]}},{"type":"Feature","properties":{"date":null,"year":0,"description":"PERMIT TO CONTINUE IN PROGRESS WORK TENANT IMPROVEMENT FOR WEWORKS OFFICE SPACE AT EAST END OF 5TH FLOOR IN MOZAIC EAST BLDG, INCLUDING OPEN OFFICE SPACE, 2 ENCLOSED PRIVATE OFFICES, 4 AV ROOMS, 2 SMALL CONFERENCE ROOMS, AND RECEPTION AREA.   (LAH)   ORIG","metadescription":"Commercial. Remodel. PERMIT TO CONTINUE IN PROGRESS WORK TENANT IMPROVEMENT FOR WEWORKS OFFICE SPACE AT EAST END OF 5TH FLOOR IN MOZAIC EAST BLDG, INCLUDING OPEN OFFICE SPACE, 2 ENCLOSED PRIVATE OFFICES, 4 AV ROOMS, 2 SMALL CONFERENCE ROOMS, AND RECEPTION AREA.   (LAH)   ORIG. Expired","address":null,"x":"-93.2964899999999","y":"44.94985","value":"1000","display":"2900 FREMONT AVE S #TRACT A","fullname":"MOZAIC COMMERCIAL LLC","issuedate":"2018/11/19 15:24:25+00","milestone":"Expired","applicantcity":"Golden Valley","applicantaddress1":"830 Boone Ave N"},"geometry":{"type":"Point","coordinates":[-93.29649,44.94985]}},{"type":"Feature","properties":{"date":null,"year":0,"description":"CLUB PILATES - TENANT IMPROVEMENT  certificate of occupancy required:    no     const type:    2-B     occupancy:  B (A-3 under 50 occupants)            2020 MSBC  occupant load:   23     sprinklered: yes     20% accessibility upgrades_fully accessible  a","metadescription":"Commercial. Remodel. CLUB PILATES - TENANT IMPROVEMENT  certificate of occupancy required:    no     const type:    2-B     occupancy:  B (A-3 under 50 occupants)            2020 MSBC  occupant load:   23     sprinklered: yes     20% accessibility upgrades_fully accessible  a. Closed","address":null,"x":"-93.3208299999999","y":"44.94913","value":"104000","display":"3200 LAKE ST W","fullname":"DORAN CALHOUN LLC","issuedate":"2023/01/12 14:12:59+00","milestone":"Closed","completedate":"2023/05/01 14:54:40+00","applicantcity":"Columbus","applicantaddress1":"15246 Lake Dr"},"geometry":{"type":"Point","coordinates":[-93.32083,44.94913]}},{"type":"Feature","properties":{"date":null,"year":0,"description":"TENANT IMPROVEMENT TO BUILD OUT CHIROPRACTIC OFFICE (MAA)     certificate of occupancy required:  NO *****   const type:  IIB       ***occupancy:       B       ***2020 MSBC***** occupant load:    9  ***** sprinklered: YES *****  20% accessibility upgrades","metadescription":"Commercial. Remodel. TENANT IMPROVEMENT TO BUILD OUT CHIROPRACTIC OFFICE (MAA)     certificate of occupancy required:  NO *****   const type:  IIB       ***occupancy:       B       ***2020 MSBC***** occupant load:    9  ***** sprinklered: YES *****  20% accessibility upgrades. Closed","address":null,"x":"-93.3208299999999","y":"44.94913","value":"35000","display":"3200 LAKE ST W","fullname":"DORAN CALHOUN LLC","issuedate":"2020/08/06 12:05:21+00","milestone":"Closed","completedate":"2020/09/09 07:48:08+00","applicantcity":"Eagan","applicantaddress1":"3460 Washington Drive, Suite 100"},"geometry":{"type":"Point","coordinates":[-93.32083,44.94913]}},{"type":"Feature","properties":{"date":null,"year":0,"description":"Tenant Improvement - Mudluk Gallery  certificate of occupancy required: no     special inspections required:  no       FLOOR ASSEMBLIES SEPARATING DWELLING UNITS FROM OTHER OCCUPANCIES CONTIGUOUS TO THEM IN THE SAME BUILDING SHALL BE CONSTRUCTED AS HORIZO","metadescription":"Commercial. Remodel. Tenant Improvement - Mudluk Gallery  certificate of occupancy required: no     special inspections required:  no       FLOOR ASSEMBLIES SEPARATING DWELLING UNITS FROM OTHER OCCUPANCIES CONTIGUOUS TO THEM IN THE SAME BUILDING SHALL BE CONSTRUCTED AS HORIZO. Closed","address":null,"x":"-93.25226","y":"44.94861","value":"55000","display":"2951 BLOOMINGTON AVE","fullname":"LA MICHOACANA PUREPECHA LLC","issuedate":"2022/11/17 10:20:42+00","milestone":"Closed","completedate":"2025/06/05 09:42:24+00","applicantcity":"Northfield","applicantaddress1":"2125 Lonsdale Blvd W"},"geometry":{"type":"Point","coordinates":[-93.25226,44.94861]}},{"type":"Feature","properties":{"date":null,"year":0,"description":"tenant finish to accommodate salon user certificate of occupancy required: YES mechanical plans required for certificate of occupancy mechanical plans/letter of means of compliance submitted\\ special inspections required: NO const type: V-B occupancy: B 2","metadescription":"Commercial. Remodel. tenant finish to accommodate salon user certificate of occupancy required: YES mechanical plans required for certificate of occupancy mechanical plans/letter of means of compliance submitted\\ special inspections required: NO const type: V-B occupancy: B 2. Closed","address":null,"x":"-93.29794","y":"44.94503","value":"200835","display":"3145 HENNEPIN AVE","fullname":"3145 HENNEPIN LLC","issuedate":"2019/04/02 08:09:39+00","milestone":"Closed","completedate":"2019/06/20 10:38:34+00","applicantcity":"MINNEAPOLIS","applicantaddress1":"PO BOX 6630"},"geometry":{"type":"Point","coordinates":[-93.29794,44.94503]}},{"type":"Feature","properties":{"date":null,"year":0,"description":"Tenant Improvement - Industrial Tech Classrooms (MAA)     certificate of occupancy required NO   const type:    II A     occupancy:    E, B          2020 MSBC occupant load:  85 sprinklered: yes  no   20% accessibility upgrades____FULLY______ Tenant:   CR","metadescription":"Commercial. Remodel. Tenant Improvement - Industrial Tech Classrooms (MAA)     certificate of occupancy required NO   const type:    II A     occupancy:    E, B          2020 MSBC occupant load:  85 sprinklered: yes  no   20% accessibility upgrades____FULLY______ Tenant:   CR. Closed","address":null,"x":"-93.27092","y":"44.94942","value":"1000000","display":"2924 4TH AVE S","issuedate":"2020/09/01 14:40:36+00","milestone":"Closed","completedate":"2021/03/03 11:12:19+00","applicantcity":"Minneapolis","applicantaddress1":"533 3rd St S"},"geometry":{"type":"Point","coordinates":[-93.27092,44.94942]}},{"type":"Feature","properties":{"date":null,"year":0,"description":"Demo portion of tenant improvement -ACW      certificate of occupancy required:  no     special inspections required:  no     const type:    II-B     occupancy:       B, A-3       2020 MSBC  occupant load:        sprinklered: yes       Tenant:      RISE U","metadescription":"Commercial. Remodel. Demo portion of tenant improvement -ACW      certificate of occupancy required:  no     special inspections required:  no     const type:    II-B     occupancy:       B, A-3       2020 MSBC  occupant load:        sprinklered: yes       Tenant:      RISE U. Issued","address":null,"x":"-93.29894","y":"44.9508500000001","value":"100000","display":"2828 HENNEPIN AVE","fullname":"TENDING THE SOIL MN LLC","issuedate":"2026/04/28 14:32:52+00","milestone":"Inspection","applicantcity":"St. Paul","applicantaddress1":"413 Wacouta St #250"},"geometry":{"type":"Point","coordinates":[-93.29894,44.95085]}},{"type":"Feature","properties":{"date":null,"year":0,"description":"TENANT IMPROVEMENT OF EXISTING OFFICE (MAA)     certificate of occupancy required:  NO     const type:  II B       occupancy:     B, SI, FI         2020 MSBC occupant load: 12  (FOR REMODELED SPACE) sprinklered: YES   Tenant:  REJAB         Floor(s):   MA","metadescription":"Commercial. Remodel. TENANT IMPROVEMENT OF EXISTING OFFICE (MAA)     certificate of occupancy required:  NO     const type:  II B       occupancy:     B, SI, FI         2020 MSBC occupant load: 12  (FOR REMODELED SPACE) sprinklered: YES   Tenant:  REJAB         Floor(s):   MA. Closed","address":null,"x":"-93.2795399999999","y":"45.00958","value":"37000","display":"2928 2ND ST N","fullname":"2800 N 2ND LLC","issuedate":"2021/10/07 12:29:42+00","milestone":"Closed","completedate":"2023/05/16 07:47:07+00","applicantcity":"Shakopee","applicantaddress1":"8408 Grove Cir"},"geometry":{"type":"Point","coordinates":[-93.27954,45.00958]}},{"type":"Feature","properties":{"date":null,"year":0,"description":"UNIT 215.  TENANT IMPROVEMENTS.  NO STRUCTURAL MODIFICATIONS.  (JJL)     certificate of occupancy required:  no   *****  special inspections required:   no*****      const type:  I-B       ***occupancy:  B            ***2020 MSBC*****  occupant load:  35","metadescription":"Commercial. Remodel. UNIT 215.  TENANT IMPROVEMENTS.  NO STRUCTURAL MODIFICATIONS.  (JJL)     certificate of occupancy required:  no   *****  special inspections required:   no*****      const type:  I-B       ***occupancy:  B            ***2020 MSBC*****  occupant load:  35. Closed","address":null,"x":"-93.28917","y":"44.98119","value":"246440","display":"275 MARKET ST","issuedate":"2023/09/07 11:54:36+00","milestone":"Closed","completedate":"2024/01/29 10:36:58+00","applicantcity":"Edina","applicantaddress1":"5151 Edina Indstrial Blvd #650"},"geometry":{"type":"Point","coordinates":[-93.28917,44.98119]}},{"type":"Feature","properties":{"date":null,"year":0,"description":"Tenant improvement demising suite, adding new walls, relocating doors, painting, flooring -ACW     certificate of occupancy required:  yes  special inspections required:  no     const type:   II-B      occupancy:  B            2020 MSBC  occupant load:","metadescription":"Commercial. Remodel. Tenant improvement demising suite, adding new walls, relocating doors, painting, flooring -ACW     certificate of occupancy required:  yes  special inspections required:  no     const type:   II-B      occupancy:  B            2020 MSBC  occupant load:. Issued","address":null,"x":"-93.28942","y":"44.9802","value":"61400","display":"275 MARKET ST","issuedate":"2025/12/08 11:10:22+00","milestone":"Final Inspection","applicantcity":"St Paul","applicantaddress1":"1971 Ashland Dr"},"geometry":{"type":"Point","coordinates":[-93.28942,44.9802]}},{"type":"Feature","properties":{"date":null,"year":0,"description":"UNIT 215.  TENANT IMPROVEMENTS.  NO STRUCTURAL MODIFICATIONS.  (JJL)     certificate of occupancy required:  no   *****  special inspections required:   no*****      const type:  I-B       ***occupancy:  B            ***2020 MSBC*****  occupant load:  35","metadescription":"Commercial. Remodel. UNIT 215.  TENANT IMPROVEMENTS.  NO STRUCTURAL MODIFICATIONS.  (JJL)     certificate of occupancy required:  no   *****  special inspections required:   no*****      const type:  I-B       ***occupancy:  B            ***2020 MSBC*****  occupant load:  35. Closed","address":null,"x":"-93.28882","y":"44.98116","value":"246440","display":"275 MARKET ST","issuedate":"2023/09/07 11:54:36+00","milestone":"Closed","completedate":"2024/01/29 10:36:58+00","applicantcity":"Edina","applicantaddress1":"5151 Edina Indstrial Blvd #650"},"geometry":{"type":"Point","coordinates":[-93.28882,44.98116]}},{"type":"Feature","properties":{"date":null,"year":0,"description":"Tenant improvement demising suite, adding new walls, relocating doors, painting, flooring -ACW     certificate of occupancy required:  yes  special inspections required:  no     const type:   II-B      occupancy:  B            2020 MSBC  occupant load:","metadescription":"Commercial. Remodel. Tenant improvement demising suite, adding new walls, relocating doors, painting, flooring -ACW     certificate of occupancy required:  yes  special inspections required:  no     const type:   II-B      occupancy:  B            2020 MSBC  occupant load:. Issued","address":null,"x":"-93.28882","y":"44.98128","value":"61400","display":"275 MARKET ST","issuedate":"2025/12/08 11:10:22+00","milestone":"Final Inspection","applicantcity":"St Paul","applicantaddress1":"1971 Ashland Dr"},"geometry":{"type":"Point","coordinates":[-93.28882,44.98128]}},{"type":"Feature","properties":{"date":null,"year":0,"description":"#188.  INTERNATIONAL MARKET SQUARE.  TENANT IMPROVEMENT TO HAIR SALON.  (JJL)    certificate of occupancy required:   no     special inspections required:    no     const type:   I-B      occupancy:  B            2020 MSBC  occupant load:      39  sprinkl","metadescription":"Commercial. Remodel. #188.  INTERNATIONAL MARKET SQUARE.  TENANT IMPROVEMENT TO HAIR SALON.  (JJL)    certificate of occupancy required:   no     special inspections required:    no     const type:   I-B      occupancy:  B            2020 MSBC  occupant load:      39  sprinkl. Closed","address":null,"x":"-93.28942","y":"44.9802","value":"565000","display":"275 MARKET ST","issuedate":"2025/01/15 14:13:19+00","milestone":"Closed","completedate":"2025/05/22 11:52:36+00","applicantcity":"St Paul","applicantaddress1":"1971 Ashland Dr"},"geometry":{"type":"Point","coordinates":[-93.28942,44.9802]}},{"type":"Feature","properties":{"date":null,"year":0,"description":"HVAC system for tenant Improvement utilizing existing 25 ton rooftop unit installing type 1 hood, makeup air, kitchen exhaust fans , supply\rdiffusers, return grilles and all associated duct work. Refer to attached\rdrawings.","metadescription":"Mechanical. Comm-MFD. HVAC system for tenant Improvement utilizing existing 25 ton rooftop unit installing type 1 hood, makeup air, kitchen exhaust fans , supply\rdiffusers, return grilles and all associated duct work. Refer to attached\rdrawings.. Closed","address":null,"x":"-93.23241","y":"44.9495700000001","value":"30000","display":"2912 27TH AVE S","fullname":"MINNEHAHA CROSSING LLC","issuedate":"2021/03/04 10:31:33+00","milestone":"Closed","completedate":"2021/10/14 10:46:26+00","applicantcity":"Minnetonka","applicantaddress1":"14702 Excelsior Blvd"},"geometry":{"type":"Point","coordinates":[-93.23241,44.94957]}},{"type":"Feature","properties":{"date":null,"year":0,"description":"TENANT IMPROVEMENT FOR NEW COMMERCIAL KITCHEN WITH NO SEATING IN SUITE #76 OF EXISTING KARMEL PLAZA COMMERCIAL BUILDING. AAJ (PROJECT DOX PLANS AND DOCUMENTS)    certificate of occupancy required: YES  mechanical plans required for certificate of occupanc","metadescription":"Commercial. Remodel. TENANT IMPROVEMENT FOR NEW COMMERCIAL KITCHEN WITH NO SEATING IN SUITE #76 OF EXISTING KARMEL PLAZA COMMERCIAL BUILDING. AAJ (PROJECT DOX PLANS AND DOCUMENTS)    certificate of occupancy required: YES  mechanical plans required for certificate of occupanc. Closed","address":null,"x":"-93.28217","y":"44.9498","value":"10000","display":"2910 PILLSBURY AVE","fullname":"KARMEL PROPERTIES LLC","issuedate":"2023/04/13 15:51:05+00","milestone":"Closed","completedate":"2023/09/08 12:25:52+00","applicantcity":"PENGILLY","applicantaddress1":"31572 SNOWBALL RD"},"geometry":{"type":"Point","coordinates":[-93.28217,44.9498]}},{"type":"Feature","properties":{"date":null,"year":0,"description":"Tenant Fit out of a new bank in existing building -ACW     certificate of occupancy required:    no     special inspections required:   no     SAC:  required: yes  Total Charge: 1.15  Total Credit: 1.00  Net SAC: 0.15 = 0 SAC Due     const type: I-A","metadescription":"Commercial. Remodel. Tenant Fit out of a new bank in existing building -ACW     certificate of occupancy required:    no     special inspections required:   no     SAC:  required: yes  Total Charge: 1.15  Total Credit: 1.00  Net SAC: 0.15 = 0 SAC Due     const type: I-A. Closed","address":null,"x":"-93.2338599999999","y":"44.9499000000001","value":"1344744","display":"2903 26TH AVE S","fullname":"MIDTOWN CORNER LLC","issuedate":"2025/06/06 11:30:27+00","milestone":"Closed","completedate":"2026/02/10 08:08:54+00","applicantcity":"Conshohocken","applicantaddress1":"181 Washington St, #430"},"geometry":{"type":"Point","coordinates":[-93.23386,44.9499]}},{"type":"Feature","properties":{"date":null,"year":0,"description":"UNIT 215.  TENANT IMPROVEMENTS.  NO STRUCTURAL MODIFICATIONS.  (JJL)     certificate of occupancy required:  no   *****  special inspections required:   no*****      const type:  I-B       ***occupancy:  B            ***2020 MSBC*****  occupant load:  35","metadescription":"Commercial. Remodel. UNIT 215.  TENANT IMPROVEMENTS.  NO STRUCTURAL MODIFICATIONS.  (JJL)     certificate of occupancy required:  no   *****  special inspections required:   no*****      const type:  I-B       ***occupancy:  B            ***2020 MSBC*****  occupant load:  35. Closed","address":null,"x":"-93.28882","y":"44.98128","value":"246440","display":"275 MARKET ST","issuedate":"2023/09/07 11:54:36+00","milestone":"Closed","completedate":"2024/01/29 10:36:58+00","applicantcity":"Edina","applicantaddress1":"5151 Edina Indstrial Blvd #650"},"geometry":{"type":"Point","coordinates":[-93.28882,44.98128]}},{"type":"Feature","properties":{"date":null,"year":0,"description":"TENANT IMPROVEMENT FOR NEW OFFICE SPACE IN EXISTING MIXED-USED COMMERCIAL BUILDING. AAJ#1     certificate of occupancy required: NO mechanical plans required for certificate of occupancy mechanical plans/letter of means of compliance submitted\\ special in","metadescription":"Commercial. Remodel. TENANT IMPROVEMENT FOR NEW OFFICE SPACE IN EXISTING MIXED-USED COMMERCIAL BUILDING. AAJ#1     certificate of occupancy required: NO mechanical plans required for certificate of occupancy mechanical plans/letter of means of compliance submitted\\ special in. Closed","address":null,"x":"-93.2179","y":"44.9716100000001","value":"75000","display":"2724 UNIVERSITY AVE SE","fullname":"2720 UNIVERSITY LLC","issuedate":"2017/03/07 15:22:27+00","milestone":"Closed","completedate":"2017/04/06 12:07:21+00","applicantcity":"PLYMOUTH","applicantaddress1":"13700 WATER TOWER CIR"},"geometry":{"type":"Point","coordinates":[-93.2179,44.97161]}},{"type":"Feature","properties":{"date":null,"year":0,"description":"TENANT FINISH - REMODEL EXISTING SUITE 102 AND EXPLAND INTO SUITE 115 (ACROSS THE HALL) AND PORTION OF SUITE 110 FOR NEW TENANT - INTERSOURCE SHOWROOM.  INSTALL NEW EXIT DOOR AT EXISTING STOREFRONT LOCATION IN SUITE 102. INSTALL NEW FINISHES AND FIXTURES","metadescription":"Commercial. Remodel. TENANT FINISH - REMODEL EXISTING SUITE 102 AND EXPLAND INTO SUITE 115 (ACROSS THE HALL) AND PORTION OF SUITE 110 FOR NEW TENANT - INTERSOURCE SHOWROOM.  INSTALL NEW EXIT DOOR AT EXISTING STOREFRONT LOCATION IN SUITE 102. INSTALL NEW FINISHES AND FIXTURES. Closed","address":null,"x":"-93.28942","y":"44.9802","value":"108200","display":"275 MARKET ST","issuedate":"2022/07/21 10:49:27+00","milestone":"Closed","completedate":"2022/09/21 11:36:18+00","applicantcity":"Lino Lakes","applicantaddress1":"6324 Cherokee Trl"},"geometry":{"type":"Point","coordinates":[-93.28942,44.9802]}},{"type":"Feature","properties":{"date":null,"year":0,"description":"INTERIOR TENANT IMPROVEMENT -SUITE 200  certificate of occupancy required:  no special inspections required:  no  const type:         occupancy:   E           2015 MSBC sprinklered:  no   Tenant:   Acorn Montessori        Floor(s):   architect:  Jacalyn M","metadescription":"Commercial. Remodel. INTERIOR TENANT IMPROVEMENT -SUITE 200  certificate of occupancy required:  no special inspections required:  no  const type:         occupancy:   E           2015 MSBC sprinklered:  no   Tenant:   Acorn Montessori        Floor(s):   architect:  Jacalyn M. Closed","address":null,"x":"-93.2716799999999","y":"44.93492","value":"18400","display":"310 38TH ST E","fullname":"SABATHANI COMM CENTER INC.","issuedate":"2018/07/18 14:06:03+00","milestone":"Closed","completedate":"2022/05/25 15:27:10+00","applicantcity":"Edina","applicantaddress1":"5280 W 74th ST"},"geometry":{"type":"Point","coordinates":[-93.27168,44.93492]}},{"type":"Feature","properties":{"date":null,"year":0,"description":"#188.  INTERNATIONAL MARKET SQUARE.  TENANT IMPROVEMENT TO HAIR SALON.  (JJL)    certificate of occupancy required:   no     special inspections required:    no     const type:   I-B      occupancy:  B            2020 MSBC  occupant load:      39  sprinkl","metadescription":"Commercial. Remodel. #188.  INTERNATIONAL MARKET SQUARE.  TENANT IMPROVEMENT TO HAIR SALON.  (JJL)    certificate of occupancy required:   no     special inspections required:    no     const type:   I-B      occupancy:  B            2020 MSBC  occupant load:      39  sprinkl. Closed","address":null,"x":"-93.28882","y":"44.98128","value":"565000","display":"275 MARKET ST","issuedate":"2025/01/15 14:13:19+00","milestone":"Closed","completedate":"2025/05/22 11:52:36+00","applicantcity":"St Paul","applicantaddress1":"1971 Ashland Dr"},"geometry":{"type":"Point","coordinates":[-93.28882,44.98128]}},{"type":"Feature","properties":{"date":null,"year":0,"description":"TENANT FINISH - REMODEL EXISTING SUITE 102 AND EXPLAND INTO SUITE 115 (ACROSS THE HALL) AND PORTION OF SUITE 110 FOR NEW TENANT - INTERSOURCE SHOWROOM.  INSTALL NEW EXIT DOOR AT EXISTING STOREFRONT LOCATION IN SUITE 102. INSTALL NEW FINISHES AND FIXTURES","metadescription":"Commercial. Remodel. TENANT FINISH - REMODEL EXISTING SUITE 102 AND EXPLAND INTO SUITE 115 (ACROSS THE HALL) AND PORTION OF SUITE 110 FOR NEW TENANT - INTERSOURCE SHOWROOM.  INSTALL NEW EXIT DOOR AT EXISTING STOREFRONT LOCATION IN SUITE 102. INSTALL NEW FINISHES AND FIXTURES. Closed","address":null,"x":"-93.28917","y":"44.98119","value":"108200","display":"275 MARKET ST","issuedate":"2022/07/21 10:49:27+00","milestone":"Closed","completedate":"2022/09/21 11:36:18+00","applicantcity":"Lino Lakes","applicantaddress1":"6324 Cherokee Trl"},"geometry":{"type":"Point","coordinates":[-93.28917,44.98119]}},{"type":"Feature","properties":{"date":null,"year":0,"description":"Restaurant tenant improvement in existing space -ACW     certificate of occupancy required:    no  special inspections required:  no     const type:    VB     occupancy:     B         2020 MSBC  occupant load:  44  sprinklered: yes       Tenant:    Bussin","metadescription":"Commercial. Remodel. Restaurant tenant improvement in existing space -ACW     certificate of occupancy required:    no  special inspections required:  no     const type:    VB     occupancy:     B         2020 MSBC  occupant load:  44  sprinklered: yes       Tenant:    Bussin. Closed","address":null,"x":"-93.32231","y":"44.9466","value":"300000","display":"3100 EXCELSIOR BLVD #102","fullname":"3100 EXCELSIOR BOULEVARD LLC","issuedate":"2026/02/10 09:28:23+00","milestone":"Closed","completedate":"2026/05/13 14:27:42+00","applicantcity":"St. Louis Park","applicantaddress1":"4931 35th St W"},"geometry":{"type":"Point","coordinates":[-93.32231,44.9466]}},{"type":"Feature","properties":{"date":null,"year":0,"description":"#188.  INTERNATIONAL MARKET SQUARE.  TENANT IMPROVEMENT TO HAIR SALON.  (JJL)    certificate of occupancy required:   no     special inspections required:    no     const type:   I-B      occupancy:  B            2020 MSBC  occupant load:      39  sprinkl","metadescription":"Commercial. Remodel. #188.  INTERNATIONAL MARKET SQUARE.  TENANT IMPROVEMENT TO HAIR SALON.  (JJL)    certificate of occupancy required:   no     special inspections required:    no     const type:   I-B      occupancy:  B            2020 MSBC  occupant load:      39  sprinkl. Closed","address":null,"x":"-93.28917","y":"44.98119","value":"565000","display":"275 MARKET ST","issuedate":"2025/01/15 14:13:19+00","milestone":"Closed","completedate":"2025/05/22 11:52:36+00","applicantcity":"St Paul","applicantaddress1":"1971 Ashland Dr"},"geometry":{"type":"Point","coordinates":[-93.28917,44.98119]}},{"type":"Feature","properties":{"date":null,"year":0,"description":"*****EXISTING BUILDING ONLY**** NO PART OF ADDITION (PDR) WORK ON THIS PERMIT  TENANT IMPROVEMENT FOR PLANET FITNESS/ PF BASELINE FITNESS (GYM / FITNESS CENTER) IN MINNEHAHA CENTER (NOTE THIS IS NOT A COVERED MALL - NO COMMON ENTRANCE).___________  GYP BO","metadescription":"Commercial. Addition. *****EXISTING BUILDING ONLY**** NO PART OF ADDITION (PDR) WORK ON THIS PERMIT  TENANT IMPROVEMENT FOR PLANET FITNESS/ PF BASELINE FITNESS (GYM / FITNESS CENTER) IN MINNEHAHA CENTER (NOTE THIS IS NOT A COVERED MALL - NO COMMON ENTRANCE).___________  GYP BO. Closed","address":null,"x":"-93.23625","y":"44.94935","value":"850000","display":"2852 26TH AVE S #10","fullname":"TARGET CORPORATION","issuedate":"2019/08/22 13:14:05+00","milestone":"Closed","completedate":"2020/02/26 13:56:02+00","applicantcity":"Minnetonka","applicantaddress1":"14525 Highway 7"},"geometry":{"type":"Point","coordinates":[-93.23625,44.94935]}},{"type":"Feature","properties":{"date":null,"year":0,"description":"INTERIOR DEMOLITION AND REMODEL FOR NEW TENANT IMPROVEMENT OF OFFICE SUITE# 368. AAJ (PROJECT DOX PLANS).       certificate of occupancy required: NO  mechanical plans required for certificate of occupancy  mechanical plans/letter of means of compliance s","metadescription":"Commercial. Remodel. INTERIOR DEMOLITION AND REMODEL FOR NEW TENANT IMPROVEMENT OF OFFICE SUITE# 368. AAJ (PROJECT DOX PLANS).       certificate of occupancy required: NO  mechanical plans required for certificate of occupancy  mechanical plans/letter of means of compliance s. Closed","address":null,"x":"-93.28942","y":"44.9802","value":"23500","display":"275 MARKET ST","issuedate":"2022/05/19 13:00:20+00","milestone":"Closed","completedate":"2022/06/13 09:39:51+00","applicantcity":"Roseville","applicantaddress1":"1900 County Rd  C West"},"geometry":{"type":"Point","coordinates":[-93.28942,44.9802]}},{"type":"Feature","properties":{"date":null,"year":0,"description":"INTERIOR TENANT IMPROVEMENT (MAA)     certificate of occupancy required:  NO   *****   const type:     I B    ***occupancy:       B       ***2015 MSBC***** occupant load:      45***** sprinklered: YES  20% accessibility upgrades____FULLY______***** Tenant","metadescription":"Commercial. Remodel. INTERIOR TENANT IMPROVEMENT (MAA)     certificate of occupancy required:  NO   *****   const type:     I B    ***occupancy:       B       ***2015 MSBC***** occupant load:      45***** sprinklered: YES  20% accessibility upgrades____FULLY______***** Tenant. Closed","address":null,"x":"-93.2640699999999","y":"44.97828","value":"250000","display":"310 4TH AVE S","fullname":"TRELLIS FLOUR EXCH ACQ LLC","issuedate":"2019/10/09 10:52:42+00","milestone":"Closed","completedate":"2021/01/27 10:05:41+00","applicantcity":"PLYMOUTH","applicantaddress1":"14700 28TH AVE N # 30"},"geometry":{"type":"Point","coordinates":[-93.26407,44.97828]}},{"type":"Feature","properties":{"date":null,"year":0,"description":"TENANT IMPROVEMENT AT SUITE 750 (MAA)     certificate of occupancy required:  NO   const type:  I A      occupancy:     B         ***2015 MSBC***** occupant load:     97 sprinklered:FULLY  Tenant: NJK HOLDING          ***Floor(s):   3RD   architect:","metadescription":"Commercial. Remodel. TENANT IMPROVEMENT AT SUITE 750 (MAA)     certificate of occupancy required:  NO   const type:  I A      occupancy:     B         ***2015 MSBC***** occupant load:     97 sprinklered:FULLY  Tenant: NJK HOLDING          ***Floor(s):   3RD   architect:. Closed","address":null,"x":"-93.21581","y":"44.9718300000001","value":"140000","display":"2829 UNIVERSITY AVE SE","fullname":"REGENTS OF THE UNIVERSITY OF MINNESOTA","issuedate":"2019/09/19 11:02:53+00","milestone":"Closed","completedate":"2021/03/11 07:09:36+00","applicantcity":"Edina","applicantaddress1":"7201 5th St N"},"geometry":{"type":"Point","coordinates":[-93.21581,44.97183]}},{"type":"Feature","properties":{"date":null,"year":0,"description":"TENANT IMPROVEMENT. 4TH FLOOR.  NO CHANGE TO EXITING. PHASES INCLUDED ON THIS PERMIT ARE PHASE 2-5 ALL LOCATED ON LEVEL 4.(JJL)     certificate of occupancy required:  no     special inspections required:    no      const type:   IIB      occupancy:   B,","metadescription":"Commercial. Remodel. TENANT IMPROVEMENT. 4TH FLOOR.  NO CHANGE TO EXITING. PHASES INCLUDED ON THIS PERMIT ARE PHASE 2-5 ALL LOCATED ON LEVEL 4.(JJL)     certificate of occupancy required:  no     special inspections required:    no      const type:   IIB      occupancy:   B,. Issued","address":null,"x":"-93.2633","y":"44.9512700000001","value":"750000","display":"2828 CHICAGO AVE #1","fullname":"HSRE MN MIDTOWN 2800 LLC","issuedate":"2024/09/19 15:49:06+00","milestone":"Inspection","applicantcity":"Plymouth","applicantaddress1":"2820 Upland Lane N"},"geometry":{"type":"Point","coordinates":[-93.2633,44.95127]}},{"type":"Feature","properties":{"date":null,"year":0,"description":"Suite #560 tenant improvements  certificate of occupancy required:   no     special inspections required:  no  const type:   2-B      occupancy:   B           2020 MSBC  occupant load:    17    sprinklered: yes     20% accessibility upgrades__suite fully","metadescription":"Commercial. Remodel. Suite #560 tenant improvements  certificate of occupancy required:   no     special inspections required:  no  const type:   2-B      occupancy:   B           2020 MSBC  occupant load:    17    sprinklered: yes     20% accessibility upgrades__suite fully. Closed","address":null,"x":"-93.31844","y":"44.94748","value":"141827","display":"3033 EXCELSIOR BLVD","fullname":"ACKY CALHOUN LLC","issuedate":"2023/02/08 08:47:43+00","milestone":"Closed","completedate":"2023/05/17 10:19:15+00","applicantcity":"EDINA","applicantaddress1":"5280 N. 74th St"},"geometry":{"type":"Point","coordinates":[-93.31844,44.94748]}},{"type":"Feature","properties":{"date":null,"year":0,"description":"HVAC system for tenant finish out including two rooftop units and 11 VAV boxes and two mini split system for server room and exhaust fan. Refer to attached drawings.","metadescription":"Mechanical. Comm-MFD. HVAC system for tenant finish out including two rooftop units and 11 VAV boxes and two mini split system for server room and exhaust fan. Refer to attached drawings.. Closed","address":null,"x":"-93.31844","y":"44.94748","value":"362700","display":"3033 EXCELSIOR BLVD","fullname":"ACKY CALHOUN LLC","issuedate":"2019/11/18 13:31:09+00","milestone":"Closed","completedate":"2020/01/22 13:18:23+00","applicantcity":"Bloomington","applicantaddress1":"930 80th St E"},"geometry":{"type":"Point","coordinates":[-93.31844,44.94748]}},{"type":"Feature","properties":{"date":null,"year":0,"description":"Tenant Improvement - Suite 575  certificate of occupancy required:  no     special inspections required:  no      const type:   3B      occupancy:    B          2020 MSBC  occupant load:    22    sprinklered: yes        architect:     Michael Roehr  #4747","metadescription":"Commercial. Remodel. Tenant Improvement - Suite 575  certificate of occupancy required:  no     special inspections required:  no      const type:   3B      occupancy:    B          2020 MSBC  occupant load:    22    sprinklered: yes        architect:     Michael Roehr  #4747. Closed","address":null,"x":"-93.31844","y":"44.94748","value":"24915","display":"3033 EXCELSIOR BLVD","fullname":"ACKY CALHOUN LLC","issuedate":"2022/08/24 10:31:46+00","milestone":"Closed","completedate":"2022/11/17 08:25:18+00","applicantcity":"Edina","applicantaddress1":"5280 74th St W"},"geometry":{"type":"Point","coordinates":[-93.31844,44.94748]}},{"type":"Feature","properties":{"date":null,"year":0,"description":"TENANT FINISH.  PREVIOUS OCCUPANCY WAS A BUSINESS.  NEW OCCUPANCY TO BE A BUSINESS.  NO CHANGES TO CORRIDOR OR EXITING.  ALL CONSTRUCTION TO BE NON-COMBUSTIBLE.  THIS SPACE WILL BE ADJACENT TO A FUTURE EXCERSIZE ROOM WHICH WILL BE ON A SEPARATE PERMIT.  A","metadescription":"Commercial. Remodel. TENANT FINISH.  PREVIOUS OCCUPANCY WAS A BUSINESS.  NEW OCCUPANCY TO BE A BUSINESS.  NO CHANGES TO CORRIDOR OR EXITING.  ALL CONSTRUCTION TO BE NON-COMBUSTIBLE.  THIS SPACE WILL BE ADJACENT TO A FUTURE EXCERSIZE ROOM WHICH WILL BE ON A SEPARATE PERMIT.  A. Closed","address":null,"x":"-93.21763","y":"44.9726200000001","value":"17000","display":"2701 UNIVERSITY AVE SE","fullname":"27TH & UNIVERSITY LLP","issuedate":"2018/09/18 15:13:32+00","milestone":"Closed","completedate":"2018/10/01 10:46:50+00","applicantcity":"Golden Valley","applicantaddress1":"750 Pennsylvania Ave S"},"geometry":{"type":"Point","coordinates":[-93.21763,44.97262]}},{"type":"Feature","properties":{"date":null,"year":0,"description":"TENANT IMPROVEMENT FOR NEW SJOQUIST ARCHITECT'S OFFICE ON MAIN FLOOR OF EXISTING COMMENRCIAL BUILDING. AAJ#1,  certificate of occupancy required: NO mechanical plans required for certificate of occupancy mechanical plans/letter of means of compliance subm","metadescription":"Commercial. Remodel. TENANT IMPROVEMENT FOR NEW SJOQUIST ARCHITECT'S OFFICE ON MAIN FLOOR OF EXISTING COMMENRCIAL BUILDING. AAJ#1,  certificate of occupancy required: NO mechanical plans required for certificate of occupancy mechanical plans/letter of means of compliance subm. Closed","address":null,"x":"-93.2137099999999","y":"44.97","value":"52588","display":"3020 UNIVERSITY AVE SE","fullname":"3020 ON THE RAIL LLC","issuedate":"2019/12/02 09:07:28+00","milestone":"Closed","completedate":"2020/01/28 13:09:05+00","applicantcity":"Elk River","applicantaddress1":"10908 171st Ave NW"},"geometry":{"type":"Point","coordinates":[-93.21371,44.97]}},{"type":"Feature","properties":{"date":null,"year":0,"description":"HEADWATERS TENANT IMPROVEMENT  certificate of occupancy required: no   ***** special inspections required:   no*****  const type:   II-B      ***occupancy:     B         ***2020 MSBC***** occupant load: 85     ***** sprinklered: yes   ***** 20% accessibil","metadescription":"Commercial. Remodel. HEADWATERS TENANT IMPROVEMENT  certificate of occupancy required: no   ***** special inspections required:   no*****  const type:   II-B      ***occupancy:     B         ***2020 MSBC***** occupant load: 85     ***** sprinklered: yes   ***** 20% accessibil. Closed","address":null,"x":"-93.24173","y":"44.9508200000001","value":"154000","display":"2801 21ST AVE S","fullname":"GREENWAY OFFICE LLC","issuedate":"2020/07/16 14:10:26+00","milestone":"Closed","completedate":"2022/02/07 14:30:13+00","applicantcity":"Andover","applicantaddress1":"2858 172nd Ave NW"},"geometry":{"type":"Point","coordinates":[-93.24173,44.95082]}},{"type":"Feature","properties":{"date":null,"year":0,"description":"TENANT IMPROVEMENT OF FOR NEW YOUTH CENTER - MIGIZI COMMUNICATIONS INSTITUTIONAL FACILITY BUILDING. AAJ#1.      certificate of occupancy required: YES.   mechanical plans required for certificate of occupancy mechanical plans/letter of means of compliance","metadescription":"Commercial. Remodel. TENANT IMPROVEMENT OF FOR NEW YOUTH CENTER - MIGIZI COMMUNICATIONS INSTITUTIONAL FACILITY BUILDING. AAJ#1.      certificate of occupancy required: YES.   mechanical plans required for certificate of occupancy mechanical plans/letter of means of compliance. Closed","address":null,"x":"-93.23272","y":"44.9476500000001","value":"511320","display":"3017 27TH AVE S","fullname":"2709 EAST LAKE LLC","issuedate":"2019/03/11 10:45:41+00","milestone":"Closed","completedate":"2019/06/20 10:15:43+00","applicantcity":"St Paul","applicantaddress1":"1375 St Anthony Ave"},"geometry":{"type":"Point","coordinates":[-93.23272,44.94765]}},{"type":"Feature","properties":{"date":null,"year":0,"description":"Tenant improvement demising suite, adding new walls, relocating doors, painting, flooring -ACW     certificate of occupancy required:  yes  special inspections required:  no     const type:   II-B      occupancy:  B            2020 MSBC  occupant load:","metadescription":"Commercial. Remodel. Tenant improvement demising suite, adding new walls, relocating doors, painting, flooring -ACW     certificate of occupancy required:  yes  special inspections required:  no     const type:   II-B      occupancy:  B            2020 MSBC  occupant load:. Issued","address":null,"x":"-93.28882","y":"44.98116","value":"61400","display":"275 MARKET ST","issuedate":"2025/12/08 11:10:22+00","milestone":"Final Inspection","applicantcity":"St Paul","applicantaddress1":"1971 Ashland Dr"},"geometry":{"type":"Point","coordinates":[-93.28882,44.98116]}},{"type":"Feature","properties":{"date":null,"year":0,"description":"INTERIOR DEMOLITION AND REMODEL FOR NEW TENANT IMPROVEMENT OF OFFICE SUITE# 368. AAJ (PROJECT DOX PLANS).       certificate of occupancy required: NO  mechanical plans required for certificate of occupancy  mechanical plans/letter of means of compliance s","metadescription":"Commercial. Remodel. INTERIOR DEMOLITION AND REMODEL FOR NEW TENANT IMPROVEMENT OF OFFICE SUITE# 368. AAJ (PROJECT DOX PLANS).       certificate of occupancy required: NO  mechanical plans required for certificate of occupancy  mechanical plans/letter of means of compliance s. Closed","address":null,"x":"-93.28917","y":"44.98119","value":"23500","display":"275 MARKET ST","issuedate":"2022/05/19 13:00:20+00","milestone":"Closed","completedate":"2022/06/13 09:39:51+00","applicantcity":"Roseville","applicantaddress1":"1900 County Rd  C West"},"geometry":{"type":"Point","coordinates":[-93.28917,44.98119]}},{"type":"Feature","properties":{"date":null,"year":0,"description":"#188.  INTERNATIONAL MARKET SQUARE.  TENANT IMPROVEMENT TO HAIR SALON.  (JJL)    certificate of occupancy required:   no     special inspections required:    no     const type:   I-B      occupancy:  B            2020 MSBC  occupant load:      39  sprinkl","metadescription":"Commercial. Remodel. #188.  INTERNATIONAL MARKET SQUARE.  TENANT IMPROVEMENT TO HAIR SALON.  (JJL)    certificate of occupancy required:   no     special inspections required:    no     const type:   I-B      occupancy:  B            2020 MSBC  occupant load:      39  sprinkl. Closed","address":null,"x":"-93.28882","y":"44.98116","value":"565000","display":"275 MARKET ST","issuedate":"2025/01/15 14:13:19+00","milestone":"Closed","completedate":"2025/05/22 11:52:36+00","applicantcity":"St Paul","applicantaddress1":"1971 Ashland Dr"},"geometry":{"type":"Point","coordinates":[-93.28882,44.98116]}},{"type":"Feature","properties":{"date":null,"year":0,"description":"FULL PLUMBING BUILDOUT FOR 1ST FLOOR COMMERCIALTENANT.  INITIAL TENANT FINISH FOR GROCERY STORE (ALDI).  PLUMBING PLAN INCLUDED, BUT NOT REVIEWED. - AT START OF JOB CONTACT PLUMBING INSPECTOR TO DISCUSS.","metadescription":"Plumbing. ComFdBv. FULL PLUMBING BUILDOUT FOR 1ST FLOOR COMMERCIALTENANT.  INITIAL TENANT FINISH FOR GROCERY STORE (ALDI).  PLUMBING PLAN INCLUDED, BUT NOT REVIEWED. - AT START OF JOB CONTACT PLUMBING INSPECTOR TO DISCUSS.. Closed","address":null,"x":"-93.2876199999999","y":"44.9550600000001","value":"0","display":"2601 LYNDALE AVE S","fullname":"REX 26 EXCHANGE LLC","issuedate":"2019/04/17 08:26:06+00","milestone":"Closed","completedate":"2019/07/30 08:04:13+00","applicantcity":"St Louis Park","applicantaddress1":"4829 Minnetonka Blvd"},"geometry":{"type":"Point","coordinates":[-93.28762,44.95506]}},{"type":"Feature","properties":{"date":null,"year":0,"description":"Tenant fit out - Suite 100  certificate of occupancy required:  no     special inspections required:  no     occupancy:     B         2020 MSBC  occupant load:     13   sprinklered: yes       Tenant:   Cordis Financial       architect:  Leonard Lampert  #","metadescription":"Commercial. Remodel. Tenant fit out - Suite 100  certificate of occupancy required:  no     special inspections required:  no     occupancy:     B         2020 MSBC  occupant load:     13   sprinklered: yes       Tenant:   Cordis Financial       architect:  Leonard Lampert  #. Closed","address":null,"x":"-93.21928","y":"44.99974","value":"30000","display":"3001 BROADWAY ST NE","fullname":"BROADWAY RIDGE PARTNERS, LLC","issuedate":"2024/11/15 09:53:48+00","milestone":"Closed","completedate":"2025/01/24 08:38:28+00","applicantcity":"Edina","applicantaddress1":"6550 York Ave S Suite 220"},"geometry":{"type":"Point","coordinates":[-93.21928,44.99974]}},{"type":"Feature","properties":{"date":null,"year":0,"description":"tenant finish","metadescription":"Plumbing. ComMin. tenant finish. Closed","address":null,"x":"-93.26911","y":"44.9814400000001","value":"0","display":"255 HENNEPIN AVE #3603","issuedate":"2023/06/20 11:42:59+00","milestone":"Closed","completedate":"2024/10/15 07:18:05+00","applicantcity":"St Louis Park","applicantaddress1":"6219 Cambridge ST"},"geometry":{"type":"Point","coordinates":[-93.26911,44.98144]}},{"type":"Feature","properties":{"date":null,"year":0,"description":"Tenant Improvement - Floors 5-7  CERTIFICATE OF OCCUPANCY REQUIRED - AN AUTHORIZED REPRESENTATIVE OF THE PERMIT APPLICANT MUST CALL 612-673-2327 TO SCHEDULE A CERTIFICATE OF OCCUPANCY INSPECTION TWENTY (20) BUSINESS DAYS BEFORE THE DATE OF DESIRED OCCUPAN","metadescription":"Commercial. Remodel. Tenant Improvement - Floors 5-7  CERTIFICATE OF OCCUPANCY REQUIRED - AN AUTHORIZED REPRESENTATIVE OF THE PERMIT APPLICANT MUST CALL 612-673-2327 TO SCHEDULE A CERTIFICATE OF OCCUPANCY INSPECTION TWENTY (20) BUSINESS DAYS BEFORE THE DATE OF DESIRED OCCUPAN. Closed","address":null,"x":"-93.26911","y":"44.9814400000001","value":"15208000","display":"250 NICOLLET MALL","issuedate":"2021/07/16 07:19:18+00","milestone":"Closed","completedate":"2022/04/15 12:02:38+00","applicantcity":"Minneapolis","applicantaddress1":"730 2nd Ave S"},"geometry":{"type":"Point","coordinates":[-93.26911,44.98144]}},{"type":"Feature","properties":{"date":null,"year":0,"description":"HVAC system for tenant improvement, installing VRF system with fan-coils, pool dehumidification unit, GRDs and associated ductwork per approved plans.","metadescription":"Mechanical. ComMFDNR. HVAC system for tenant improvement, installing VRF system with fan-coils, pool dehumidification unit, GRDs and associated ductwork per approved plans.. Issued","address":null,"x":"-93.27374","y":"44.9840300000001","value":"350000","display":"250 3RD AVE N","fullname":"RPM 4 LLC","issuedate":"2026/05/04 09:53:37+00","milestone":"Inspection","applicantcity":"White Bear Lake","applicantaddress1":"1875 Buerkle Rd"},"geometry":{"type":"Point","coordinates":[-93.27374,44.98403]}},{"type":"Feature","properties":{"date":null,"year":0,"description":"HVAC system for Target shell building installing 63 new rooftop units. Tenant finish out and gas piping aren't part of this permit. Refer to attached drawings.","metadescription":"Mechanical. ComMFDNR. HVAC system for Target shell building installing 63 new rooftop units. Tenant finish out and gas piping aren't part of this permit. Refer to attached drawings.. Closed","address":null,"x":"-93.21537","y":"44.9937200000001","value":"810000","display":"2650 WINTER ST NE","fullname":"TARGET CORPORATION","issuedate":"2021/09/30 14:15:41+00","milestone":"Closed","completedate":"2022/02/16 12:51:43+00","applicantcity":"Eden Prairie","applicantaddress1":"7875 Fuller Rd"},"geometry":{"type":"Point","coordinates":[-93.21537,44.99372]}},{"type":"Feature","properties":{"date":null,"year":0,"description":"Level 7 Tenant Improvement (SW corner) & Lounge Area  certificate of occupancy required:  no     special inspections required:  no      const type: 1A       occupancy:   B           2020 MSBC  sprinklered: yes      architect:  Roy Garrison  #55654","metadescription":"Commercial. Remodel. Level 7 Tenant Improvement (SW corner) & Lounge Area  certificate of occupancy required:  no     special inspections required:  no      const type: 1A       occupancy:   B           2020 MSBC  sprinklered: yes      architect:  Roy Garrison  #55654. Cancelled","address":null,"x":"-93.26911","y":"44.9814400000001","value":"615000","display":"250 NICOLLET MALL","issuedate":"2022/09/20 12:37:29+00","milestone":"Cancelled","applicantcity":"Minneapolis","applicantaddress1":"730 2nd Ave S"},"geometry":{"type":"Point","coordinates":[-93.26911,44.98144]}},{"type":"Feature","properties":{"date":null,"year":0,"description":"TENANT IMPROVEMENT.  DEMO PERMIT IS BLDG1093135.  MECHANICAL SYSTEM TO BE DESIGNED BASED ON BEAUTY SALON.  ALL DOORWAYS TO BE 32\" MIN OPENING PER MN ACCESSIBILTY CODE SECTION 404.2.2.   (JJL)      certificate of occupancy required:  yes      special inspe","metadescription":"Commercial. Remodel. TENANT IMPROVEMENT.  DEMO PERMIT IS BLDG1093135.  MECHANICAL SYSTEM TO BE DESIGNED BASED ON BEAUTY SALON.  ALL DOORWAYS TO BE 32\" MIN OPENING PER MN ACCESSIBILTY CODE SECTION 404.2.2.   (JJL)      certificate of occupancy required:  yes      special inspe. Closed","address":null,"x":"-93.2669","y":"45.0155500000001","value":"2958206","display":"2600 2ND ST NE","fullname":"EVOLVE MINNEAPOLIS LLC","issuedate":"2025/03/03 10:34:30+00","milestone":"Closed","completedate":"2026/04/28 15:28:41+00","applicantcity":"St Paul","applicantaddress1":"PO Box 270876"},"geometry":{"type":"Point","coordinates":[-93.2669,45.01555]}},{"type":"Feature","properties":{"date":null,"year":0,"description":"10th Floor Tenant Improvement   certificate of occupancy required:  no     special inspections required:  no     const type:  1A       occupancy:   B           2020 MSBC  occupant load:     241   sprinklered: yes    20% accessibility upgrades:  ambulatory","metadescription":"Commercial. Remodel. 10th Floor Tenant Improvement   certificate of occupancy required:  no     special inspections required:  no     const type:  1A       occupancy:   B           2020 MSBC  occupant load:     241   sprinklered: yes    20% accessibility upgrades:  ambulatory. Closed","address":null,"x":"-93.2678999999999","y":"44.9809500000001","value":"33100","display":"250 MARQUETTE AVE","fullname":"PACIFIC OAK SOR MARQUETTE PL","issuedate":"2025/03/13 08:49:28+00","milestone":"Closed","completedate":"2025/10/27 09:50:10+00","applicantcity":"Minneapolis","applicantaddress1":"730 2nd Ave S #1233"},"geometry":{"type":"Point","coordinates":[-93.2679,44.98095]}},{"type":"Feature","properties":{"date":null,"year":0,"description":"TENANT IMPROVEMENT/DEMO/REMODEL - FLR 2  certificate of occupancy required:   no     const type:  4       occupancy:   B           2020 MSBC  occupant load:  no change      sprinklered: yes      architect:   B Houwman #22604","metadescription":"Commercial. Remodel. TENANT IMPROVEMENT/DEMO/REMODEL - FLR 2  certificate of occupancy required:   no     const type:  4       occupancy:   B           2020 MSBC  occupant load:  no change      sprinklered: yes      architect:   B Houwman #22604. Closed","address":null,"x":"-93.27255","y":"44.9807700000001","value":"40000","display":"25 4TH ST N","fullname":"ROBITSHEK BLDG PARTNERS LP","issuedate":"2023/04/03 15:45:56+00","milestone":"Closed","completedate":"2023/04/24 14:12:21+00","applicantcity":"Chaska","applicantaddress1":"1345 Broadview Avenue"},"geometry":{"type":"Point","coordinates":[-93.27255,44.98077]}},{"type":"Feature","properties":{"date":null,"year":0,"description":"QURUXLEY RESTAURANT TENANT IMPROVEMENT *****   CERTIFICATE OF OCCUPANCY REQUIRED - AN AUTHORIZED REPRESENTATIVE OF THE PERMIT APPLICANT MUST CALL 612-673-2327 TO SCHEDULE A CERTIFICATE OF OCCUPANCY INSPECTION TWENTY (20) BUSINESS DAYS BEFORE THE DATE OF D","metadescription":"Commercial. Remodel. QURUXLEY RESTAURANT TENANT IMPROVEMENT *****   CERTIFICATE OF OCCUPANCY REQUIRED - AN AUTHORIZED REPRESENTATIVE OF THE PERMIT APPLICANT MUST CALL 612-673-2327 TO SCHEDULE A CERTIFICATE OF OCCUPANCY INSPECTION TWENTY (20) BUSINESS DAYS BEFORE THE DATE OF D. Closed","address":null,"x":"-93.23241","y":"44.9495700000001","value":"155000","display":"2912 27TH AVE S","fullname":"MINNEHAHA CROSSING LLC","issuedate":"2020/03/18 09:34:00+00","milestone":"Closed","completedate":"2020/03/25 14:30:21+00","applicantcity":"EAGAN","applicantaddress1":"4892 TWINS CT"},"geometry":{"type":"Point","coordinates":[-93.23241,44.94957]}},{"type":"Feature","properties":{"date":null,"year":0,"description":"Tenant finish out HVAC system, reusing two existing rooftop units adding one ductless split system, two electric wall heater, one exhaust fan,    supply diffusers, return grilles and all\rassociated duct work. Refer to attached drawings.","metadescription":"Mechanical. ComMFDNR. Tenant finish out HVAC system, reusing two existing rooftop units adding one ductless split system, two electric wall heater, one exhaust fan,    supply diffusers, return grilles and all\rassociated duct work. Refer to attached drawings.. Closed","address":null,"x":"-93.23268","y":"44.95","value":"50000","display":"2901 27TH AVE S","fullname":"DANIEL A MCLEOD","issuedate":"2021/07/08 12:12:42+00","milestone":"Closed","completedate":"2021/09/07 13:47:23+00","applicantcity":"Minneapolis","applicantaddress1":"2318 1st St NE"},"geometry":{"type":"Point","coordinates":[-93.23268,44.95]}},{"type":"Feature","properties":{"date":null,"year":0,"description":"2411/2415/2419 Tenant Improvements   certificate of occupancy required:  no     special inspections required:  no     const type:   VB      occupancy:     B         2020 MSBC  occupant load:     135   sprinklered:  no    20% accessibility upgrades:  restr","metadescription":"Commercial. Remodel. 2411/2415/2419 Tenant Improvements   certificate of occupancy required:  no     special inspections required:  no     const type:   VB      occupancy:     B         2020 MSBC  occupant load:     135   sprinklered:  no    20% accessibility upgrades:  restr. Closed","address":null,"x":"-93.27745","y":"44.9587900000001","value":"285000","display":"2411 NICOLLET AVE","fullname":"TASKS UNLIMITED LODGES INC","issuedate":"2025/03/21 11:56:18+00","milestone":"Closed","completedate":"2025/08/07 08:47:49+00","applicantcity":"PLYMOUTH","applicantaddress1":"14700 28TH AVE N STE 30"},"geometry":{"type":"Point","coordinates":[-93.27745,44.95879]}},{"type":"Feature","properties":{"date":null,"year":0,"description":"Tenant finish out HVAC system including fifteen fan powered boxes,  eleven VAV boxes, supply diffusers, return grills and all associated\rduct work. Refer to attached drawings.","metadescription":"Mechanical. Comm-MFD. Tenant finish out HVAC system including fifteen fan powered boxes,  eleven VAV boxes, supply diffusers, return grills and all associated\rduct work. Refer to attached drawings.. Closed","address":null,"x":"-93.27531","y":"44.9852700000001","value":"295500","display":"241 5TH AVE N","fullname":"NLP MINNEAPOLIS PROPCO LLC","issuedate":"2020/04/21 14:53:32+00","milestone":"Closed","completedate":"2020/07/02 12:51:10+00","applicantcity":"MINNEAPOLIS","applicantaddress1":"311 1ST AVE N #402"},"geometry":{"type":"Point","coordinates":[-93.27531,44.98527]}},{"type":"Feature","properties":{"date":null,"year":0,"description":"Tenant Improvement - Beem Light Sauna - 1st Floor   certificate of occupancy required:  yes (edited 12/23/25 - originally stated \"no\")     special inspections required:  no  occupancy:      B        2020 MSBC  SEPARATE PERMITS ARE REQUIRED FOR ELECTRICAL,","metadescription":"Commercial. Remodel. Tenant Improvement - Beem Light Sauna - 1st Floor   certificate of occupancy required:  yes (edited 12/23/25 - originally stated \"no\")     special inspections required:  no  occupancy:      B        2020 MSBC  SEPARATE PERMITS ARE REQUIRED FOR ELECTRICAL,. Closed","address":null,"x":"-93.25934","y":"44.9775900000001","value":"310200","display":"240 PARK AVE","fullname":"240 PARK AVE S LLC","issuedate":"2025/09/11 15:24:49+00","milestone":"Closed","completedate":"2025/12/16 14:24:56+00","applicantcity":"Sherman","applicantaddress1":"4708 FM 1417"},"geometry":{"type":"Point","coordinates":[-93.25934,44.97759]}},{"type":"Feature","properties":{"date":null,"year":0,"description":"TENANT IMPROVEMENT.   PHASE 3 - SHELL.  ELEVATOR AND POOL ADDITIONS.  MEP.  LOWER LEVEL WORK BELOW ROOF DECK ON DIFFERENT PERMITS.  POOL IS 48\" DEEP AND HAS TRANSFER WALL AND GRAB BAR FOR ACCESSIBILITY.  (JJL)     certificate of occupancy required:  yes","metadescription":"Commercial. Remodel. TENANT IMPROVEMENT.   PHASE 3 - SHELL.  ELEVATOR AND POOL ADDITIONS.  MEP.  LOWER LEVEL WORK BELOW ROOF DECK ON DIFFERENT PERMITS.  POOL IS 48\" DEEP AND HAS TRANSFER WALL AND GRAB BAR FOR ACCESSIBILITY.  (JJL)     certificate of occupancy required:  yes. Closed","address":null,"x":"-93.2585099999999","y":"44.97727","value":"2936000","display":"233 PARK AVE","fullname":"J. I CASE BUILDING LLC","issuedate":"2023/01/03 13:42:32+00","milestone":"Closed","completedate":"2023/06/28 13:21:21+00","applicantcity":"Minneapolis","applicantaddress1":"730 2nd Ave S #1233"},"geometry":{"type":"Point","coordinates":[-93.25851,44.97727]}},{"type":"Feature","properties":{"date":null,"year":0,"description":"FULL PLUMBING BUILDOUT FOR 1ST FLOOR COMMERCIALTENANT.  INITIAL TENANT FINISH FOR GROCERY STORE (ALDI).  PLUMBING PLAN INCLUDED, BUT NOT REVIEWED. - AT START OF JOB CONTACT PLUMBING INSPECTOR TO DISCUSS.","metadescription":"Plumbing. ComFdBv. FULL PLUMBING BUILDOUT FOR 1ST FLOOR COMMERCIALTENANT.  INITIAL TENANT FINISH FOR GROCERY STORE (ALDI).  PLUMBING PLAN INCLUDED, BUT NOT REVIEWED. - AT START OF JOB CONTACT PLUMBING INSPECTOR TO DISCUSS.. Closed","address":null,"x":"-93.2876199999999","y":"44.9550600000001","value":"0","display":"2601 LYNDALE AVE S","issuedate":"2019/04/17 08:26:06+00","milestone":"Closed","completedate":"2019/07/30 08:04:13+00","applicantcity":"St Louis Park","applicantaddress1":"4829 Minnetonka Blvd"},"geometry":{"type":"Point","coordinates":[-93.28762,44.95506]}},{"type":"Feature","properties":{"date":null,"year":0,"description":"FULL PLUMBING BUILDOUT FOR 1ST FLOOR COMMERCIALTENANT.  INITIAL TENANT FINISH FOR GROCERY STORE (ALDI).  PLUMBING PLAN INCLUDED, BUT NOT REVIEWED. - AT START OF JOB CONTACT PLUMBING INSPECTOR TO DISCUSS.","metadescription":"Plumbing. ComFdBv. FULL PLUMBING BUILDOUT FOR 1ST FLOOR COMMERCIALTENANT.  INITIAL TENANT FINISH FOR GROCERY STORE (ALDI).  PLUMBING PLAN INCLUDED, BUT NOT REVIEWED. - AT START OF JOB CONTACT PLUMBING INSPECTOR TO DISCUSS.. Closed","address":null,"x":"-93.28763","y":"44.9546300000001","value":"0","display":"2601 LYNDALE AVE S","issuedate":"2019/04/17 08:26:06+00","milestone":"Closed","completedate":"2019/07/30 08:04:13+00","applicantcity":"St Louis Park","applicantaddress1":"4829 Minnetonka Blvd"},"geometry":{"type":"Point","coordinates":[-93.28763,44.95463]}},{"type":"Feature","properties":{"date":null,"year":0,"description":"Non-structural tenant improvement  certificate of occupancy required:    no    special inspections required:   no  const type:  II-B       occupancy:  B, S-1            2020 MSBC occupant load:   105    sprinklered: yes  Tenant:  Cinequipt         Floor(s","metadescription":"Commercial. Remodel. Non-structural tenant improvement  certificate of occupancy required:    no    special inspections required:   no  const type:  II-B       occupancy:  B, S-1            2020 MSBC occupant load:   105    sprinklered: yes  Tenant:  Cinequipt         Floor(s. Closed","address":null,"x":"-93.31692","y":"45.0431800000001","value":"65320","display":"2601 49TH AVE N","fullname":"LAKEBREEZE INDUSTRIAL PORTFOLIO OWNER, LLC","issuedate":"2021/10/14 10:57:00+00","milestone":"Closed","completedate":"2022/04/19 07:39:43+00","applicantcity":"OSSEO","applicantaddress1":"108 BROADWAY ST W"},"geometry":{"type":"Point","coordinates":[-93.31692,45.04318]}},{"type":"Feature","properties":{"date":null,"year":0,"description":"Tenant Improvement - Suite 100  certificate of occupancy required:  no        occupancy:     B         2020 MSBC     architect: Robert Hunter  #41992","metadescription":"Commercial. Remodel. Tenant Improvement - Suite 100  certificate of occupancy required:  no        occupancy:     B         2020 MSBC     architect: Robert Hunter  #41992. Closed","address":null,"x":"-93.25498","y":"44.98929","value":"63090","display":"23 4TH ST NE","fullname":"GLMC CORP","issuedate":"2022/09/13 13:10:46+00","milestone":"Closed","completedate":"2022/10/21 12:36:32+00","applicantcity":"Minneapolis","applicantaddress1":"730 2nd Ave S #1233"},"geometry":{"type":"Point","coordinates":[-93.25498,44.98929]}},{"type":"Feature","properties":{"date":null,"year":0,"description":"Tenant Improvement - Skyway Level Restaurant - Mother Dough  certificate of occupancy required:  no special inspections required:  no  const type:   1A      occupancy:     A2         2020 MSBC occupant load:  28 sprinklered: yes  sac: 2.35 charges  2.77 c","metadescription":"Commercial. Remodel. Tenant Improvement - Skyway Level Restaurant - Mother Dough  certificate of occupancy required:  no special inspections required:  no  const type:   1A      occupancy:     A2         2020 MSBC occupant load:  28 sprinklered: yes  sac: 2.35 charges  2.77 c. Closed","address":null,"x":"-93.2682599999999","y":"44.9760000000001","value":"120000","display":"225 6TH ST S","fullname":"225 6TH ST PROP OWNER LLC","issuedate":"2022/01/19 08:22:58+00","milestone":"Closed","completedate":"2022/03/04 10:14:54+00","applicantcity":"Minneapolis","applicantaddress1":"730 2nd Ave S"},"geometry":{"type":"Point","coordinates":[-93.26826,44.976]}},{"type":"Feature","properties":{"date":null,"year":0,"description":"tenant improvements on floors 38 , 39 and 40th floors (MAA #02)          certificate of occupancy required       NO        mechanical plans/letter of means of compliance submitted: YES         const type:   I A           occupancy:      B, A-3","metadescription":"Commercial. Remodel. tenant improvements on floors 38 , 39 and 40th floors (MAA #02)          certificate of occupancy required       NO        mechanical plans/letter of means of compliance submitted: YES         const type:   I A           occupancy:      B, A-3. Closed","address":null,"x":"-93.2682599999999","y":"44.9760000000001","value":"5020119.19","display":"225 6TH ST S","fullname":"225 6TH ST PROP OWNER LLC","issuedate":"2017/05/16 14:51:59+00","milestone":"Closed","completedate":"2017/10/30 11:07:41+00","applicantcity":"MINNEAPLIS","applicantaddress1":"1220 MARSHALL ST NE"},"geometry":{"type":"Point","coordinates":[-93.26826,44.976]}},{"type":"Feature","properties":{"date":null,"year":0,"description":"Tenant Improvement - Stilo Cuts - Suite 130A  certificate of occupancy required:  no    special inspections required:  no  const type:  3B       occupancy:   B           2020 MSBC occupant load:    9   sprinklered: yes  sac: 1.75 charges  0.51 credits = 1","metadescription":"Commercial. Remodel. Tenant Improvement - Stilo Cuts - Suite 130A  certificate of occupancy required:  no    special inspections required:  no  const type:  3B       occupancy:   B           2020 MSBC occupant load:    9   sprinklered: yes  sac: 1.75 charges  0.51 credits = 1. Closed","address":null,"x":"-93.2718399999999","y":"44.98452","value":"6100","display":"224 WASHINGTON AVE N","fullname":"PACIFIC FLATS LLC","issuedate":"2021/10/19 12:19:15+00","milestone":"Closed","completedate":"2023/01/12 08:44:32+00","applicantcity":"Blaine","applicantaddress1":"12210 Buchanan Ct"},"geometry":{"type":"Point","coordinates":[-93.27184,44.98452]}},{"type":"Feature","properties":{"date":null,"year":0,"description":"TENANT IMPROVEMENT AT 13TH FLOOR (MAA)  CARPETING AND LIGHTING, NO BUILD OUT AT THIS TIME. PREAPRING SPACE FOR FUTURE TENANTS,   certificate of occupancy required:  no      const type:      1-A   ***occupancy:    B          ***2015 MSBC***** occupant load","metadescription":"Commercial. Remodel. TENANT IMPROVEMENT AT 13TH FLOOR (MAA)  CARPETING AND LIGHTING, NO BUILD OUT AT THIS TIME. PREAPRING SPACE FOR FUTURE TENANTS,   certificate of occupancy required:  no      const type:      1-A   ***occupancy:    B          ***2015 MSBC***** occupant load. Closed","address":null,"x":"-93.27001","y":"44.9737200000001","value":"95000","display":"222 9TH ST S","fullname":"X WH REDF2-TSE TWO22 PROPCO","issuedate":"2019/09/10 09:12:41+00","milestone":"Closed","completedate":"2020/01/03 10:06:16+00","applicantcity":"MINNEAPOLIS","applicantaddress1":"730 2ND AVE S"},"geometry":{"type":"Point","coordinates":[-93.27001,44.97372]}},{"type":"Feature","properties":{"date":null,"year":0,"description":"Tenant Improvement - Suite 470  certificate of occupancy required:  no     special inspections required:  no      const type:  1A        occupancy:    B          2020 MSBC  occupant load:  36       sprinklered: yes       Tenant:  Speculative","metadescription":"Commercial. Remodel. Tenant Improvement - Suite 470  certificate of occupancy required:  no     special inspections required:  no      const type:  1A        occupancy:    B          2020 MSBC  occupant load:  36       sprinklered: yes       Tenant:  Speculative. Closed","address":null,"x":"-93.27001","y":"44.9737200000001","value":"158000","display":"222 9TH ST S","fullname":"X WH REDF2-TSE TWO22 PROPCO","issuedate":"2022/09/06 16:50:44+00","milestone":"Closed","completedate":"2022/10/24 09:37:06+00","applicantcity":"MINNEAPOLIS","applicantaddress1":"730 2ND AVE S #1233"},"geometry":{"type":"Point","coordinates":[-93.27001,44.97372]}},{"type":"Feature","properties":{"date":null,"year":0,"description":"Tenant Improvement of HVAC system for nine floor of a high rise building, will utilize main air handling unit in each floor for ventilation air (OA), adding VAV boxes, fan-powered boxes,  fan-coils, transfer fans, finned tube radiation, hydronic piping","metadescription":"Mechanical. Comm-MFD. Tenant Improvement of HVAC system for nine floor of a high rise building, will utilize main air handling unit in each floor for ventilation air (OA), adding VAV boxes, fan-powered boxes,  fan-coils, transfer fans, finned tube radiation, hydronic piping. Closed","address":null,"x":"-93.26911","y":"44.9814400000001","value":"5000000","display":"250 NICOLLET MALL","issuedate":"2021/03/01 09:06:55+00","milestone":"Closed","completedate":"2022/04/20 08:38:18+00","applicantcity":"Eden Praire","applicantaddress1":"7450 Flying Cloud Drive"},"geometry":{"type":"Point","coordinates":[-93.26911,44.98144]}},{"type":"Feature","properties":{"date":null,"year":0,"description":"TENANT IMPROVEMENT (MAA)     const type:   1 A       occupancy:      M        2020 MSBC   occupant load:  11  sprinklered:YES   Tenant:  IN DISPENSARY         Floor(s):       sac: _.26_ charges  _.27 credits = _0_ net   met council letter dated: _02.16.20","metadescription":"Commercial. Remodel. TENANT IMPROVEMENT (MAA)     const type:   1 A       occupancy:      M        2020 MSBC   occupant load:  11  sprinklered:YES   Tenant:  IN DISPENSARY         Floor(s):       sac: _.26_ charges  _.27 credits = _0_ net   met council letter dated: _02.16.20. Closed","address":null,"x":"-93.26627","y":"44.9802500000001","value":"5000","display":"250 2ND AVE S #245","fullname":"SUSAN M INDARTE","issuedate":"2023/02/27 09:00:11+00","milestone":"Closed","completedate":"2023/04/20 12:28:31+00","applicantcity":"Maple Grove","applicantaddress1":"250 2nd Ave S #245A"},"geometry":{"type":"Point","coordinates":[-93.26627,44.98025]}},{"type":"Feature","properties":{"date":null,"year":0,"description":"TENANT IMPROVEMENT.  ADDING A SECURITY OFFICE ON 3RD FLOOR. (JJL)      certificate of occupancy required:   no     special inspections required:    no     const type:  IIB, IA       occupancy:  B, A            2020 MSBC, MN CONSERVATION CODE.  occupant lo","metadescription":"Commercial. Remodel. TENANT IMPROVEMENT.  ADDING A SECURITY OFFICE ON 3RD FLOOR. (JJL)      certificate of occupancy required:   no     special inspections required:    no     const type:  IIB, IA       occupancy:  B, A            2020 MSBC, MN CONSERVATION CODE.  occupant lo. Closed","address":null,"x":"-93.2393","y":"44.9469700000001","value":"32840","display":"2215 LAKE ST E","issuedate":"2025/02/04 14:04:32+00","milestone":"Closed","completedate":"2025/04/04 11:37:51+00","applicantcity":"Minneapolis","applicantaddress1":"730 2nd Ave S #1233"},"geometry":{"type":"Point","coordinates":[-93.2393,44.94697]}},{"type":"Feature","properties":{"date":null,"year":0,"description":"Tenant Improvement of HVAC system utilizing existing rooftop unit and providing exhaust fan, supply\rdiffusers, return grilles and all associated duct work. Refer to attached drawings.","metadescription":"Mechanical. Comm-MFD. Tenant Improvement of HVAC system utilizing existing rooftop unit and providing exhaust fan, supply\rdiffusers, return grilles and all associated duct work. Refer to attached drawings.. Closed","address":null,"x":"-93.24092","y":"44.94937","value":"5250","display":"2214 LAKE ST E","fullname":"HI LAKE LLC","issuedate":"2021/03/15 14:55:35+00","milestone":"Closed","completedate":"2021/07/09 13:48:45+00","applicantcity":"Bloomington","applicantaddress1":"8850 Wentworth Ave S"},"geometry":{"type":"Point","coordinates":[-93.24092,44.94937]}},{"type":"Feature","properties":{"date":null,"year":0,"description":"INTERIOR DEMOLITION AND REMODEL FOR NEW TENANT IMPROVEMENT OF OFFICE SUITE# 368. AAJ (PROJECT DOX PLANS).       certificate of occupancy required: NO  mechanical plans required for certificate of occupancy  mechanical plans/letter of means of compliance s","metadescription":"Commercial. Remodel. INTERIOR DEMOLITION AND REMODEL FOR NEW TENANT IMPROVEMENT OF OFFICE SUITE# 368. AAJ (PROJECT DOX PLANS).       certificate of occupancy required: NO  mechanical plans required for certificate of occupancy  mechanical plans/letter of means of compliance s. Closed","address":null,"x":"-93.28882","y":"44.98128","value":"23500","display":"275 MARKET ST","issuedate":"2022/05/19 13:00:20+00","milestone":"Closed","completedate":"2022/06/13 09:39:51+00","applicantcity":"Roseville","applicantaddress1":"1900 County Rd  C West"},"geometry":{"type":"Point","coordinates":[-93.28882,44.98128]}},{"type":"Feature","properties":{"date":null,"year":0,"description":"INTERIOR DEMOLITION AND REMODEL FOR NEW TENANT IMPROVEMENT OF OFFICE SUITE# 368. AAJ (PROJECT DOX PLANS).       certificate of occupancy required: NO  mechanical plans required for certificate of occupancy  mechanical plans/letter of means of compliance s","metadescription":"Commercial. Remodel. INTERIOR DEMOLITION AND REMODEL FOR NEW TENANT IMPROVEMENT OF OFFICE SUITE# 368. AAJ (PROJECT DOX PLANS).       certificate of occupancy required: NO  mechanical plans required for certificate of occupancy  mechanical plans/letter of means of compliance s. Closed","address":null,"x":"-93.28882","y":"44.98116","value":"23500","display":"275 MARKET ST","issuedate":"2022/05/19 13:00:20+00","milestone":"Closed","completedate":"2022/06/13 09:39:51+00","applicantcity":"Roseville","applicantaddress1":"1900 County Rd  C West"},"geometry":{"type":"Point","coordinates":[-93.28882,44.98116]}},{"type":"Feature","properties":{"date":null,"year":0,"description":"TENANT FINISH - REMODEL EXISTING SUITE 102 AND EXPLAND INTO SUITE 115 (ACROSS THE HALL) AND PORTION OF SUITE 110 FOR NEW TENANT - INTERSOURCE SHOWROOM.  INSTALL NEW EXIT DOOR AT EXISTING STOREFRONT LOCATION IN SUITE 102. INSTALL NEW FINISHES AND FIXTURES","metadescription":"Commercial. Remodel. TENANT FINISH - REMODEL EXISTING SUITE 102 AND EXPLAND INTO SUITE 115 (ACROSS THE HALL) AND PORTION OF SUITE 110 FOR NEW TENANT - INTERSOURCE SHOWROOM.  INSTALL NEW EXIT DOOR AT EXISTING STOREFRONT LOCATION IN SUITE 102. INSTALL NEW FINISHES AND FIXTURES. Closed","address":null,"x":"-93.28882","y":"44.98128","value":"108200","display":"275 MARKET ST","issuedate":"2022/07/21 10:49:27+00","milestone":"Closed","completedate":"2022/09/21 11:36:18+00","applicantcity":"Lino Lakes","applicantaddress1":"6324 Cherokee Trl"},"geometry":{"type":"Point","coordinates":[-93.28882,44.98128]}},{"type":"Feature","properties":{"date":null,"year":0,"description":"Tenant improvement demising suite, adding new walls, relocating doors, painting, flooring -ACW     certificate of occupancy required:  yes  special inspections required:  no     const type:   II-B      occupancy:  B            2020 MSBC  occupant load:","metadescription":"Commercial. Remodel. Tenant improvement demising suite, adding new walls, relocating doors, painting, flooring -ACW     certificate of occupancy required:  yes  special inspections required:  no     const type:   II-B      occupancy:  B            2020 MSBC  occupant load:. Issued","address":null,"x":"-93.28917","y":"44.98119","value":"61400","display":"275 MARKET ST","issuedate":"2025/12/08 11:10:22+00","milestone":"Final Inspection","applicantcity":"St Paul","applicantaddress1":"1971 Ashland Dr"},"geometry":{"type":"Point","coordinates":[-93.28917,44.98119]}},{"type":"Feature","properties":{"date":null,"year":0,"description":"TENANT FINISH - REMODEL EXISTING SUITE 102 AND EXPLAND INTO SUITE 115 (ACROSS THE HALL) AND PORTION OF SUITE 110 FOR NEW TENANT - INTERSOURCE SHOWROOM.  INSTALL NEW EXIT DOOR AT EXISTING STOREFRONT LOCATION IN SUITE 102. INSTALL NEW FINISHES AND FIXTURES","metadescription":"Commercial. Remodel. TENANT FINISH - REMODEL EXISTING SUITE 102 AND EXPLAND INTO SUITE 115 (ACROSS THE HALL) AND PORTION OF SUITE 110 FOR NEW TENANT - INTERSOURCE SHOWROOM.  INSTALL NEW EXIT DOOR AT EXISTING STOREFRONT LOCATION IN SUITE 102. INSTALL NEW FINISHES AND FIXTURES. Closed","address":null,"x":"-93.28882","y":"44.98116","value":"108200","display":"275 MARKET ST","issuedate":"2022/07/21 10:49:27+00","milestone":"Closed","completedate":"2022/09/21 11:36:18+00","applicantcity":"Lino Lakes","applicantaddress1":"6324 Cherokee Trl"},"geometry":{"type":"Point","coordinates":[-93.28882,44.98116]}},{"type":"Feature","properties":{"date":null,"year":0,"description":"UNIT 215.  TENANT IMPROVEMENTS.  NO STRUCTURAL MODIFICATIONS.  (JJL)     certificate of occupancy required:  no   *****  special inspections required:   no*****      const type:  I-B       ***occupancy:  B            ***2020 MSBC*****  occupant load:  35","metadescription":"Commercial. Remodel. UNIT 215.  TENANT IMPROVEMENTS.  NO STRUCTURAL MODIFICATIONS.  (JJL)     certificate of occupancy required:  no   *****  special inspections required:   no*****      const type:  I-B       ***occupancy:  B            ***2020 MSBC*****  occupant load:  35. Closed","address":null,"x":"-93.28942","y":"44.9802","value":"246440","display":"275 MARKET ST","issuedate":"2023/09/07 11:54:36+00","milestone":"Closed","completedate":"2024/01/29 10:36:58+00","applicantcity":"Edina","applicantaddress1":"5151 Edina Indstrial Blvd #650"},"geometry":{"type":"Point","coordinates":[-93.28942,44.9802]}},{"type":"Feature","properties":{"date":null,"year":0,"description":"Tenant Improvement of HVAC system utilizing two existing rooftop unit and providing exhaust fan, supply diffusers, return grilles and all associated duct work. Refer to attached drawings","metadescription":"Mechanical. Comm-MFD. Tenant Improvement of HVAC system utilizing two existing rooftop unit and providing exhaust fan, supply diffusers, return grilles and all associated duct work. Refer to attached drawings. Closed","address":null,"x":"-93.24092","y":"44.94937","value":"12050","display":"2210 LAKE ST E","fullname":"HI LAKE LLC","issuedate":"2021/03/15 14:54:51+00","milestone":"Closed","completedate":"2022/04/11 13:18:41+00","applicantcity":"Bloomington","applicantaddress1":"8850 Wentworth Ave S"},"geometry":{"type":"Point","coordinates":[-93.24092,44.94937]}},{"type":"Feature","properties":{"date":null,"year":0,"description":"Tenant Improvement of HVAC system utilizing two existing rooftop units and providing exhaust fan, supply diffusers, return grilles and all associated duct work. Refer to attached drawings","metadescription":"Mechanical. Comm-MFD. Tenant Improvement of HVAC system utilizing two existing rooftop units and providing exhaust fan, supply diffusers, return grilles and all associated duct work. Refer to attached drawings. Closed","address":null,"x":"-93.24092","y":"44.94937","value":"18100","display":"2204 LAKE ST E","fullname":"HI LAKE LLC","issuedate":"2021/03/15 14:53:18+00","milestone":"Closed","completedate":"2022/04/11 13:15:09+00","applicantcity":"Bloomington","applicantaddress1":"8850 Wentworth Ave S"},"geometry":{"type":"Point","coordinates":[-93.24092,44.94937]}},{"type":"Feature","properties":{"date":null,"year":0,"description":"INTERIOR DEMO ONLY FOR FUTURE TENANT IMPROVEMENT  special inspections required:  no  occupancy:   B           2015 MSBC Tenant:   Suite 240           engineer:   Becklin & Whitney","metadescription":"Commercial. Remodel. INTERIOR DEMO ONLY FOR FUTURE TENANT IMPROVEMENT  special inspections required:  no  occupancy:   B           2015 MSBC Tenant:   Suite 240           engineer:   Becklin & Whitney. Closed","address":null,"x":"-93.26627","y":"44.9802500000001","value":"4000","display":"250 2ND AVE S #240","fullname":"SUSAN M INDARTE","issuedate":"2018/09/24 13:44:04+00","milestone":"Closed","completedate":"2020/02/27 12:38:44+00","applicantcity":"MINNEAPOLIS","applicantaddress1":"250 2ND AVE S  #240"},"geometry":{"type":"Point","coordinates":[-93.26627,44.98025]}},{"type":"Feature","properties":{"date":null,"year":0,"description":"Tenant Improvement in existing building -ACW     certificate of occupancy required:    no     special inspections required:  no     const type: IV        occupancy:  B            2020 MSBC  occupant load:   67     sprinklered: yes    Tenant:  Altaris Whee","metadescription":"Commercial. Remodel. Tenant Improvement in existing building -ACW     certificate of occupancy required:    no     special inspections required:  no     const type: IV        occupancy:  B            2020 MSBC  occupant load:   67     sprinklered: yes    Tenant:  Altaris Whee. Closed","address":null,"x":"-93.27374","y":"44.9840300000001","value":"254270","display":"250 3RD AVE N","fullname":"RPM 4 LLC","issuedate":"2025/08/04 07:47:31+00","milestone":"Closed","completedate":"2026/03/10 13:02:20+00","applicantcity":"St. Louis Park","applicantaddress1":"2222 Edgewood Ave. S."},"geometry":{"type":"Point","coordinates":[-93.27374,44.98403]}},{"type":"Feature","properties":{"date":null,"year":0,"description":"TENANT IMPROVEMENT-OFFICE 2ND FLOOR.  NO EXTERIOR WORK OR EXTERIOR WINDOW REPLACEMENT (WSS)  certificate of occupancy required    no  special inspections required    no  const type:  TYPE 4HT       occupancy:  B            2015 MSBC occupant load:  52 spr","metadescription":"Commercial. Remodel. TENANT IMPROVEMENT-OFFICE 2ND FLOOR.  NO EXTERIOR WORK OR EXTERIOR WINDOW REPLACEMENT (WSS)  certificate of occupancy required    no  special inspections required    no  const type:  TYPE 4HT       occupancy:  B            2015 MSBC occupant load:  52 spr. Closed","address":null,"x":"-93.27255","y":"44.9807700000001","value":"250000","display":"25 4TH ST N","fullname":"ROBITSHEK BLDG PARTNERS LP","issuedate":"2017/05/15 13:51:15+00","milestone":"Closed","completedate":"2017/07/14 12:47:38+00","applicantcity":"JORDAN","applicantaddress1":"20560 LANGFORD WAY"},"geometry":{"type":"Point","coordinates":[-93.27255,44.98077]}},{"type":"Feature","properties":{"date":null,"year":0,"description":"tenant improvements  certificate of occupancy required:  no     special inspections required:  no  const type:    2-B     occupancy:  B           2020 MSBC   occupant load:   no change     sprinklered: yes     Tenant: Nonviolent Peaceforce          Floor(","metadescription":"Commercial. Remodel. tenant improvements  certificate of occupancy required:  no     special inspections required:  no  const type:    2-B     occupancy:  B           2020 MSBC   occupant load:   no change     sprinklered: yes     Tenant: Nonviolent Peaceforce          Floor(. Closed","address":null,"x":"-93.30778","y":"45.0127800000001","value":"126000","display":"2143 LOWRY AVE N","fullname":"PENN LOWRY CROSSING LLC","issuedate":"2023/08/21 12:49:16+00","milestone":"Closed","completedate":"2023/10/27 07:20:47+00","applicantcity":"Plymouth","applicantaddress1":"2605 Fernbrook Ln N #D"},"geometry":{"type":"Point","coordinates":[-93.30778,45.01278]}},{"type":"Feature","properties":{"date":null,"year":0,"description":"TENANT FINISH SUITE # 204/209 AT OFFICES (JAG)***  RESTROOMS PROVIDED BY BUILDING OWNER.***  certificate of occupancy required: no*** mechanical plans required for certificate of occupancy: NO *** mechanical plans/letter of means of compliance submitted\\","metadescription":"Commercial. Remodel. TENANT FINISH SUITE # 204/209 AT OFFICES (JAG)***  RESTROOMS PROVIDED BY BUILDING OWNER.***  certificate of occupancy required: no*** mechanical plans required for certificate of occupancy: NO *** mechanical plans/letter of means of compliance submitted\\. Closed","address":null,"x":"-93.21763","y":"44.9726200000001","value":"35000","display":"2701 UNIVERSITY AVE SE","fullname":"27TH & UNIVERSITY LLP","issuedate":"2019/04/23 12:21:58+00","milestone":"Closed","completedate":"2019/07/08 09:32:05+00","applicantcity":"Golden Valley","applicantaddress1":"750 Pennsylvania Ave S"},"geometry":{"type":"Point","coordinates":[-93.21763,44.97262]}},{"type":"Feature","properties":{"date":null,"year":0,"description":"Tenant Improvement - New Restaurant - Sweet Green (replacing Moose & Sadie's) - Suite 107  certificate of occupancy required:  no special inspections required:  no  const type:  V(per CDs)       occupancy:  A-2            2020 MSBC occupant load:  134 spr","metadescription":"Commercial. Remodel. Tenant Improvement - New Restaurant - Sweet Green (replacing Moose & Sadie's) - Suite 107  certificate of occupancy required:  no special inspections required:  no  const type:  V(per CDs)       occupancy:  A-2            2020 MSBC occupant load:  134 spr. Closed","address":null,"x":"-93.2722199999999","y":"44.9853200000001","value":"518000","display":"212 3RD AVE N #107","fullname":"AP COLONIAL WAREHOUSE LLC","issuedate":"2022/05/10 11:00:01+00","milestone":"Closed","completedate":"2025/04/07 13:10:15+00","applicantcity":"Omaha","applicantaddress1":"14344 Y St. Suite 204"},"geometry":{"type":"Point","coordinates":[-93.27222,44.98532]}},{"type":"Feature","properties":{"date":null,"year":0,"description":"suite # 315 interior tenant improvements.   SCK#1   certificate of occupancy required:   no  sprinklered: yes   Tenant:  HOCHTIEF         Floor(s):   3RD     architect:      HUSTAD","metadescription":"Commercial. Remodel. suite # 315 interior tenant improvements.   SCK#1   certificate of occupancy required:   no  sprinklered: yes   Tenant:  HOCHTIEF         Floor(s):   3RD     architect:      HUSTAD. Closed","address":null,"x":"-93.2722199999999","y":"44.9853200000001","value":"50000","display":"212 3RD AVE N","fullname":"AP COLONIAL WAREHOUSE LLC","issuedate":"2018/11/07 14:02:14+00","milestone":"Closed","completedate":"2019/01/14 10:26:03+00","applicantcity":"PLYMOUTH","applicantaddress1":"13821 INDUSTRIAL PARK BLVD"},"geometry":{"type":"Point","coordinates":[-93.27222,44.98532]}},{"type":"Feature","properties":{"date":null,"year":0,"description":"Tenant Improvement - New Mercantile Space   CERTIFICATE OF OCCUPANCY REQUIRED - AN AUTHORIZED REPRESENTATIVE OF THE PERMIT APPLICANT MUST CALL 612-673-2327 TO SCHEDULE A CERTIFICATE OF OCCUPANCY INSPECTION TWENTY (20) BUSINESS DAYS BEFORE THE DATE OF DESI","metadescription":"Commercial. Remodel. Tenant Improvement - New Mercantile Space   CERTIFICATE OF OCCUPANCY REQUIRED - AN AUTHORIZED REPRESENTATIVE OF THE PERMIT APPLICANT MUST CALL 612-673-2327 TO SCHEDULE A CERTIFICATE OF OCCUPANCY INSPECTION TWENTY (20) BUSINESS DAYS BEFORE THE DATE OF DESI. Closed","address":null,"x":"-93.23758","y":"44.9338100000001","value":"119390","display":"2337 38TH ST E","fullname":"38TH STREET APARTMENTS LLC","issuedate":"2024/10/24 12:43:13+00","milestone":"Closed","completedate":"2024/11/18 08:39:01+00","applicantcity":"Minneapolis","applicantaddress1":"1834 E 38th St"},"geometry":{"type":"Point","coordinates":[-93.23758,44.93381]}},{"type":"Feature","properties":{"date":null,"year":0,"description":"TENANT IMPROVEMENT (MAA)  certificate of occupancy required:  NO   const type:  III A       occupancy:   B           2020 MSBC occupant load:    21   sprinklered: YES  energy code chapter used:  MN 2020 20% accessibility upgrades___FULLY_______ Tenant:","metadescription":"Commercial. Remodel. TENANT IMPROVEMENT (MAA)  certificate of occupancy required:  NO   const type:  III A       occupancy:   B           2020 MSBC occupant load:    21   sprinklered: YES  energy code chapter used:  MN 2020 20% accessibility upgrades___FULLY_______ Tenant:. Closed","address":null,"x":"-93.2722199999999","y":"44.9853200000001","value":"70000","display":"212 3RD AVE N","fullname":"AP COLONIAL WAREHOUSE LLC","issuedate":"2021/10/06 13:16:37+00","milestone":"Closed","completedate":"2022/05/13 09:48:42+00","applicantcity":"MINNEAPOLIS","applicantaddress1":"33 6TH ST  SUITE 4510"},"geometry":{"type":"Point","coordinates":[-93.27222,44.98532]}},{"type":"Feature","properties":{"date":null,"year":0,"description":"Tenant Improvement of HVAC system including  new water source heat pumps, finned tube radiation, hydronic piping, supply\rdiffusers, return grilles and all associated duct work. Refer to attached drawings.","metadescription":"Mechanical. ComMFDNR. Tenant Improvement of HVAC system including  new water source heat pumps, finned tube radiation, hydronic piping, supply\rdiffusers, return grilles and all associated duct work. Refer to attached drawings.. Closed","address":null,"x":"-93.27134","y":"44.98161","value":"269000","display":"21 3RD ST N","fullname":"2180 LLC","issuedate":"2021/05/14 06:34:52+00","milestone":"Closed","completedate":"2021/08/16 15:57:54+00","applicantcity":"Woodbury","applicantaddress1":"2415 Ventura Dr, Ste 100"},"geometry":{"type":"Point","coordinates":[-93.27134,44.98161]}},{"type":"Feature","properties":{"date":null,"year":0,"description":"TENANT IMPROVEMENTS FOR NEW DENTAL OFFICE (WSS)  certificate of occupancy required: No    mechanical plans/letter of means of compliance submitted\\ special inspections required   no  const type:  TYPE 1       occupancy:   B           2015 MSBC occupant lo","metadescription":"Commercial. Remodel. TENANT IMPROVEMENTS FOR NEW DENTAL OFFICE (WSS)  certificate of occupancy required: No    mechanical plans/letter of means of compliance submitted\\ special inspections required   no  const type:  TYPE 1       occupancy:   B           2015 MSBC occupant lo. Closed","address":null,"x":"-93.27342","y":"44.9863500000001","value":"305483","display":"207 5TH AVE N","fullname":"KAD GROUP LLC","issuedate":"2017/05/30 15:10:05+00","milestone":"Closed","completedate":"2017/09/01 07:34:18+00","applicantcity":"SAINT LOUIS PARK","applicantaddress1":"4806 PARK GLEN RD"},"geometry":{"type":"Point","coordinates":[-93.27342,44.98635]}},{"type":"Feature","properties":{"date":null,"year":0,"description":"NON-STRUCTURAL INTERIOR TENANT IMPROVEMENTS TO SUITE 350 Reception and pantry   All disrupted rated assemblies must be restored and inspected / approved   certificate of occupancy required:  no   ***** special inspections required:  no*****  const type:","metadescription":"Commercial. Remodel. NON-STRUCTURAL INTERIOR TENANT IMPROVEMENTS TO SUITE 350 Reception and pantry   All disrupted rated assemblies must be restored and inspected / approved   certificate of occupancy required:  no   ***** special inspections required:  no*****  const type:. Closed","address":null,"x":"-93.27001","y":"44.9737200000001","value":"67200","display":"222 9TH ST S","fullname":"X WH REDF2-TSE TWO22 PROPCO","issuedate":"2020/08/13 09:43:27+00","milestone":"Closed","completedate":"2021/11/01 10:42:43+00","applicantcity":"Minneapolis","applicantaddress1":"730 2nd Ave S"},"geometry":{"type":"Point","coordinates":[-93.27001,44.97372]}},{"type":"Feature","properties":{"date":null,"year":0,"description":"Tenant Improvement - no work - inspection only ground floor, southwest corner.  No change of occupancy (B)             2020 MSBC","metadescription":"Commercial. Remodel. Tenant Improvement - no work - inspection only ground floor, southwest corner.  No change of occupancy (B)             2020 MSBC. Closed","address":null,"x":"-93.23414","y":"44.9577800000001","value":"500","display":"2600 25TH ST E","fullname":"KATAR PROPERTIES LLC","issuedate":"2024/09/13 09:21:23+00","milestone":"Closed","completedate":"2024/10/16 21:13:20+00","applicantcity":"Minneapolis","applicantaddress1":"2600 25th St E"},"geometry":{"type":"Point","coordinates":[-93.23414,44.95778]}},{"type":"Feature","properties":{"date":null,"year":0,"description":"Tenant Improvements - Suites 102, 201, 205  certificate of occupancy required:  no     special inspections required:  no     const type:   IIB      occupancy:     B         2020 MSBC  sprinklered: yes    Tenant:   Niron Magnetics        architect:   Leona","metadescription":"Commercial. Remodel. Tenant Improvements - Suites 102, 201, 205  certificate of occupancy required:  no     special inspections required:  no     const type:   IIB      occupancy:     B         2020 MSBC  sprinklered: yes    Tenant:   Niron Magnetics        architect:   Leona. Closed","address":null,"x":"-93.22471","y":"44.9981500000001","value":"103853","display":"2520 BROADWAY ST NE","fullname":"BOBRE HOLDINGS, LLC","issuedate":"2025/07/18 08:23:16+00","milestone":"Closed","completedate":"2025/08/21 09:48:56+00","applicantcity":"WEST ST PAUL","applicantaddress1":"322 MARIE AVE W"},"geometry":{"type":"Point","coordinates":[-93.22471,44.99815]}},{"type":"Feature","properties":{"date":null,"year":0,"description":"TENANT IMPROVEMENT SUITE 203     certificate of occupancy required:  no special inspections required:  no  const type:         occupancy:   B         2015 MSBC occupant load:   sprinklered: yes  Tenant:  New Counsel         Floor(s):  2   architect:  Moha","metadescription":"Commercial. Remodel. TENANT IMPROVEMENT SUITE 203     certificate of occupancy required:  no special inspections required:  no  const type:         occupancy:   B         2015 MSBC occupant load:   sprinklered: yes  Tenant:  New Counsel         Floor(s):  2   architect:  Moha. Closed","address":null,"x":"-93.2585099999999","y":"44.97727","value":"12500","display":"233 PARK AVE","fullname":"J. I CASE BUILDING LLC","issuedate":"2017/12/27 13:32:07+00","milestone":"Closed","completedate":"2022/03/09 14:06:40+00","applicantcity":"Minneapolis","applicantaddress1":"233 Park Ave S #201"},"geometry":{"type":"Point","coordinates":[-93.25851,44.97727]}},{"type":"Feature","properties":{"date":null,"year":0,"description":"TENANT IMPROVEMENT. DEMO, REMOVE STAIRCASE. DEMO ONLY.  PHASE 1 DEMO PLANS SUBMITTED ONLY(JJL)  ARCHITECT: BLUMENTALS ARCHITECTURE - SARAH BLOOM #55480     DEMO ONLY - LOWER LEVEL, LEVEL 1, LEVEL 2, AND LEVEL 3.","metadescription":"Commercial. Remodel. TENANT IMPROVEMENT. DEMO, REMOVE STAIRCASE. DEMO ONLY.  PHASE 1 DEMO PLANS SUBMITTED ONLY(JJL)  ARCHITECT: BLUMENTALS ARCHITECTURE - SARAH BLOOM #55480     DEMO ONLY - LOWER LEVEL, LEVEL 1, LEVEL 2, AND LEVEL 3.. Closed","address":null,"x":"-93.2585099999999","y":"44.97727","value":"500000","display":"233 PARK AVE","fullname":"J. I CASE BUILDING LLC","issuedate":"2021/09/28 09:05:25+00","milestone":"Closed","completedate":"2023/04/18 11:24:18+00","applicantcity":"Minneapolis","applicantaddress1":"730 2nd Ave S #1233"},"geometry":{"type":"Point","coordinates":[-93.25851,44.97727]}},{"type":"Feature","properties":{"date":null,"year":0,"description":"Tenant Improvement of HVAC system utilizing two existing rooftop units and providing exhaust fan, supply diffusers, return grilles and all associated duct work. Refer to attached drawings","metadescription":"Mechanical. Comm-MFD. Tenant Improvement of HVAC system utilizing two existing rooftop units and providing exhaust fan, supply diffusers, return grilles and all associated duct work. Refer to attached drawings. Closed","address":null,"x":"-93.24092","y":"44.94937","value":"13350","display":"2136 LAKE ST E","fullname":"HI LAKE LLC","issuedate":"2021/03/15 14:54:02+00","milestone":"Closed","completedate":"2021/07/30 06:34:51+00","applicantcity":"Bloomington","applicantaddress1":"8850 Wentworth Ave S"},"geometry":{"type":"Point","coordinates":[-93.24092,44.94937]}},{"type":"Feature","properties":{"date":null,"year":0,"description":"BOI-TECHNE TENANT IMPROVEMENT/REMODEL. BUILDING G, LEVEL 0 (BASEMENT). PHASE 1 AND 2 INCLUDED ON THIS PERMIT. RECONFIGURING SPACES, FLOOR REPAIR, REMOVING DOORS, ADDING DOORS, REMOVING NON-LOAD BEARING WALLS. (JJL)****************** certificate of occupan","metadescription":"Commercial. Remodel. BOI-TECHNE TENANT IMPROVEMENT/REMODEL. BUILDING G, LEVEL 0 (BASEMENT). PHASE 1 AND 2 INCLUDED ON THIS PERMIT. RECONFIGURING SPACES, FLOOR REPAIR, REMOVING DOORS, ADDING DOORS, REMOVING NON-LOAD BEARING WALLS. (JJL)****************** certificate of occupan. Closed","address":null,"x":"-93.2314499999999","y":"44.99607","value":"1491945","display":"2001 KENNEDY ST NE","fullname":"BIO TECHNE CORPORATION","issuedate":"2019/03/27 10:08:12+00","milestone":"Closed","completedate":"2019/08/06 07:22:51+00","applicantcity":"GOLDEN VALLEY","applicantaddress1":"830 BOONE AVE N"},"geometry":{"type":"Point","coordinates":[-93.23145,44.99607]}},{"type":"Feature","properties":{"date":null,"year":0,"description":"3rd Level SUITE #300 APPROX 5,000 SF SINGLE TENANT FINISH AT OFFICES (JAG)   EXITING AND SAC UNDER SHELL PERMIT BLDG 645958.   REVISION 5-22-18 (JAG) ANOTHER SAC LETTER DATED 5-18-18 RECEIVED FOR 0 CHARGES.   certificate of occupancy required  yes  mechan","metadescription":"Commercial. Remodel. 3rd Level SUITE #300 APPROX 5,000 SF SINGLE TENANT FINISH AT OFFICES (JAG)   EXITING AND SAC UNDER SHELL PERMIT BLDG 645958.   REVISION 5-22-18 (JAG) ANOTHER SAC LETTER DATED 5-18-18 RECEIVED FOR 0 CHARGES.   certificate of occupancy required  yes  mechan. Closed","address":null,"x":"-93.27129","y":"44.9840300000001","value":"179301","display":"200 WASHINGTON AVE N","fullname":"JOHN V RIMARCIK","issuedate":"2018/05/10 11:57:08+00","milestone":"Closed","completedate":"2018/08/08 13:06:06+00","applicantcity":"SAINT PAUL","applicantaddress1":"2288 UNIVERSITY AVE W"},"geometry":{"type":"Point","coordinates":[-93.27129,44.98403]}},{"type":"Feature","properties":{"date":null,"year":0,"description":"Tenant Improvement and expansion  certificate of occupancy required:  no     special inspections required:  no      const type:   2B      occupancy:    B/S/F          2020 MSBC  occupant load:    968    sprinklered: yes   20% accessibility upgrades:  comp","metadescription":"Commercial. Remodel. Tenant Improvement and expansion  certificate of occupancy required:  no     special inspections required:  no      const type:   2B      occupancy:    B/S/F          2020 MSBC  occupant load:    968    sprinklered: yes   20% accessibility upgrades:  comp. Closed","address":null,"x":"-93.22403","y":"44.98269","value":"190000","display":"2000 ELM ST SE","fullname":"B9 POLAR UNIVERSITY LLC","issuedate":"2022/08/15 15:01:08+00","milestone":"Closed","completedate":"2022/12/16 09:34:57+00","applicantcity":"Plymouth","applicantaddress1":"14700 28th Ave N"},"geometry":{"type":"Point","coordinates":[-93.22403,44.98269]}},{"type":"Feature","properties":{"date":null,"year":0,"description":"TENANT IMPROVEMENT 19TH FLOOR.       TWO HOUR FIRE RESISTIVE RATING REQUIRED FOR FLOOR CONSTRUCTION AND ASSOCIATED SECONDARY MEMBERS    certificate of occupancy required:  no  special inspections required:  yes   const type:  1A       occupancy: B","metadescription":"Commercial. Remodel. TENANT IMPROVEMENT 19TH FLOOR.       TWO HOUR FIRE RESISTIVE RATING REQUIRED FOR FLOOR CONSTRUCTION AND ASSOCIATED SECONDARY MEMBERS    certificate of occupancy required:  no  special inspections required:  yes   const type:  1A       occupancy: B. Closed","address":null,"x":"-93.26762","y":"44.9769000000001","value":"496658","display":"200 6TH ST S","fullname":"US BANK CORP RE TAX DEPT","issuedate":"2017/11/28 13:04:09+00","milestone":"Closed","completedate":"2018/02/21 10:49:09+00","applicantcity":"LAKEVILLE","applicantaddress1":"20520 KEOKUK AVE SUITE 100"},"geometry":{"type":"Point","coordinates":[-93.26762,44.9769]}},{"type":"Feature","properties":{"date":null,"year":0,"description":"Tenant Improvement 39th and 40th floors  certificate of occupancy required:  no     special inspections required:  no     const type:   1A      occupancy:      B        2020 MSBC  sprinklered: yes   Tenant:    US Bank  sac: 14.17 charges  14.17 credits =","metadescription":"Commercial. Remodel. Tenant Improvement 39th and 40th floors  certificate of occupancy required:  no     special inspections required:  no     const type:   1A      occupancy:      B        2020 MSBC  sprinklered: yes   Tenant:    US Bank  sac: 14.17 charges  14.17 credits =. Closed","address":null,"x":"-93.26762","y":"44.9769000000001","value":"9000000","display":"200 6TH ST S","fullname":"US BANK CORP RE TAX DEPT","issuedate":"2025/05/27 15:17:51+00","milestone":"Closed","completedate":"2025/12/05 11:32:43+00","applicantcity":"Minneapolis","applicantaddress1":"800 LASALLE AVE #200"},"geometry":{"type":"Point","coordinates":[-93.26762,44.9769]}},{"type":"Feature","properties":{"date":null,"year":0,"description":"Tenant finish out, replacing 15 ton air handling unit and it's condensing unit reuse of VAV boxes and supply diffusers, return grills and all associated duct work. Refer to attached drawings.","metadescription":"Mechanical. Comm-MFD. Tenant finish out, replacing 15 ton air handling unit and it's condensing unit reuse of VAV boxes and supply diffusers, return grills and all associated duct work. Refer to attached drawings.. Closed","address":null,"x":"-93.2722199999999","y":"44.9853200000001","value":"77635","display":"212 3RD AVE N","fullname":"AP COLONIAL WAREHOUSE LLC","issuedate":"2020/05/19 08:35:00+00","milestone":"Closed","completedate":"2020/06/03 15:48:53+00","applicantcity":"MINNEAPOLIS","applicantaddress1":"2318 FIRST ST NE"},"geometry":{"type":"Point","coordinates":[-93.27222,44.98532]}},{"type":"Feature","properties":{"date":null,"year":0,"description":"INTERIOR TENANT IMPROVEMENTS AT SUITE 500 NORTHBORNE PARTNERS.  NO STRUCTURAL WORK.  ALL NON COMBUSTIBLE CONSTRUCTION.  2 EXITS.  DOORS MAY NOT BE LOCKED IN ACCESSORY SPACE FOR 2ND EXIT.  (JJL)     certificate of occupancy required:    no   *****  special","metadescription":"Commercial. Remodel. INTERIOR TENANT IMPROVEMENTS AT SUITE 500 NORTHBORNE PARTNERS.  NO STRUCTURAL WORK.  ALL NON COMBUSTIBLE CONSTRUCTION.  2 EXITS.  DOORS MAY NOT BE LOCKED IN ACCESSORY SPACE FOR 2ND EXIT.  (JJL)     certificate of occupancy required:    no   *****  special. Closed","address":null,"x":"-93.2722199999999","y":"44.9853200000001","value":"397288","display":"212 3RD AVE N","fullname":"AP COLONIAL WAREHOUSE LLC","issuedate":"2021/10/12 14:46:23+00","milestone":"Closed","completedate":"2022/02/02 08:42:30+00","applicantcity":"MINNEAPOLIS","applicantaddress1":"33 6TH ST  SUITE 4510"},"geometry":{"type":"Point","coordinates":[-93.27222,44.98532]}},{"type":"Feature","properties":{"date":null,"year":0,"description":"9TH FLOOR TENANT IMPROVEMENT WORK FOR GATEWAY MANAGEMENT OFFICE ON 9TH FLOOR.  SOME STRUCTURAL WORK.  CONCRETE BEAM TO BE REINFORCED BY CARBON REINFORCED POLYMER (CRP).  CRP TO BE PROTECTED PER UL N850  (JJL)       certificate of occupancy required:   no","metadescription":"Commercial. Remodel. 9TH FLOOR TENANT IMPROVEMENT WORK FOR GATEWAY MANAGEMENT OFFICE ON 9TH FLOOR.  SOME STRUCTURAL WORK.  CONCRETE BEAM TO BE REINFORCED BY CARBON REINFORCED POLYMER (CRP).  CRP TO BE PROTECTED PER UL N850  (JJL)       certificate of occupancy required:   no. Closed","address":null,"x":"-93.26911","y":"44.9814400000001","value":"125000","display":"250 NICOLLET MALL","issuedate":"2021/11/04 10:13:13+00","milestone":"Closed","completedate":"2022/06/22 10:39:03+00","applicantcity":"MINNEAPOLIS","applicantaddress1":"730 2ND AVE S"},"geometry":{"type":"Point","coordinates":[-93.26911,44.98144]}},{"type":"Feature","properties":{"date":null,"year":0,"description":"COMPLETE FLOOR TENANT FINISH FOR NEW TENANT VOYA FINANCIAL","metadescription":"Plumbing. ComNoFdBv. COMPLETE FLOOR TENANT FINISH FOR NEW TENANT VOYA FINANCIAL. Closed","address":null,"x":"-93.2678999999999","y":"44.9809500000001","value":"0","display":"250 MARQUETTE AVE","fullname":"PACIFIC OAK SOR MARQUETTE PL","issuedate":"2022/06/28 09:10:30+00","milestone":"Closed","completedate":"2022/11/15 08:51:10+00","applicantcity":"SPRING LAKE PARK","applicantaddress1":"8260 ARTHUR ST NE STE A"},"geometry":{"type":"Point","coordinates":[-93.2679,44.98095]}},{"type":"Feature","properties":{"date":null,"year":0,"description":"9TH & 13TH FLOORS - PARTIAL INTERIOR DEMO.  No impact on core facilities in this permit but architect made aware that entire floor tenant improvements (like level 9) will require demonstration of ada compliance.  Any disruption of spray-on fire proofing m","metadescription":"Commercial. Remodel. 9TH & 13TH FLOORS - PARTIAL INTERIOR DEMO.  No impact on core facilities in this permit but architect made aware that entire floor tenant improvements (like level 9) will require demonstration of ada compliance.  Any disruption of spray-on fire proofing m. Closed","address":null,"x":"-93.2678999999999","y":"44.9809500000001","value":"57000","display":"250 MARQUETTE AVE","fullname":"PACIFIC OAK SOR MARQUETTE PL","issuedate":"2020/04/07 10:29:38+00","milestone":"Closed","completedate":"2021/04/28 07:30:43+00","applicantcity":"MINNEAPOLIS","applicantaddress1":"730 2ND AVE S"},"geometry":{"type":"Point","coordinates":[-93.2679,44.98095]}},{"type":"Feature","properties":{"date":null,"year":0,"description":"*** Adjust Fees***    Tenant Improvement - Partial Area Finish - Levels 7 & 10  (replacing permit BLDG962125)   certificate of occupancy required:  no     special inspections required:  no      const type: 1A       occupancy:   B           2020 MSBC  spri","metadescription":"Commercial. Remodel. *** Adjust Fees***    Tenant Improvement - Partial Area Finish - Levels 7 & 10  (replacing permit BLDG962125)   certificate of occupancy required:  no     special inspections required:  no      const type: 1A       occupancy:   B           2020 MSBC  spri. Closed","address":null,"x":"-93.26911","y":"44.9814400000001","value":"615000","display":"250 NICOLLET MALL","issuedate":"2023/01/04 09:42:49+00","milestone":"Closed","completedate":"2025/01/02 08:51:23+00","applicantcity":"Minneapolis","applicantaddress1":"730 2nd Ave S"},"geometry":{"type":"Point","coordinates":[-93.26911,44.98144]}},{"type":"Feature","properties":{"date":null,"year":0,"description":"Tenant finish out, adding three fan-powered boxes, four VAV boxes, fin tube radiation, hydronic piping, GRD's and all associated ductwork. Refer to attached drawings.","metadescription":"Mechanical. ComMFDNR. Tenant finish out, adding three fan-powered boxes, four VAV boxes, fin tube radiation, hydronic piping, GRD's and all associated ductwork. Refer to attached drawings.. Closed","address":null,"x":"-93.26911","y":"44.9814400000001","value":"117340","display":"250 NICOLLET MALL","issuedate":"2021/12/17 09:35:07+00","milestone":"Closed","completedate":"2022/05/24 13:57:20+00","applicantcity":"Eden Praire","applicantaddress1":"7450 Flying Cloud Drive"},"geometry":{"type":"Point","coordinates":[-93.26911,44.98144]}},{"type":"Feature","properties":{"date":null,"year":0,"description":"Tenant Improvement of HVAC system adding fan powered & VAV boxes, CRAC unit, hydronic piping, transfer fan, exhaust fans, one hydronic pump, finned tube radiation, hydronic piping, GRD's and all associated ductwork. Refer to attached drawings.","metadescription":"Mechanical. ComMFDNR. Tenant Improvement of HVAC system adding fan powered & VAV boxes, CRAC unit, hydronic piping, transfer fan, exhaust fans, one hydronic pump, finned tube radiation, hydronic piping, GRD's and all associated ductwork. Refer to attached drawings.. Closed","address":null,"x":"-93.26911","y":"44.9814400000001","value":"560500","display":"250 NICOLLET MALL","issuedate":"2021/12/02 11:54:54+00","milestone":"Closed","completedate":"2022/05/20 13:56:31+00","applicantcity":"Eden Praire","applicantaddress1":"7450 Flying Cloud Drive"},"geometry":{"type":"Point","coordinates":[-93.26911,44.98144]}},{"type":"Feature","properties":{"date":null,"year":0,"description":"THIS PERMIT WAS CREATED TO ADJUST THE VALUATION FOR BLDG908333.  NO DRAWINGS WITH THIS PERMIT.  TENANT IMPROVEMENT FOR 9TH FLOOR.  (JJL)","metadescription":"Commercial. Remodel. THIS PERMIT WAS CREATED TO ADJUST THE VALUATION FOR BLDG908333.  NO DRAWINGS WITH THIS PERMIT.  TENANT IMPROVEMENT FOR 9TH FLOOR.  (JJL). Closed","address":null,"x":"-93.26911","y":"44.9814400000001","value":"400000","display":"250 NICOLLET MALL","issuedate":"2021/11/18 09:17:26+00","milestone":"Closed","completedate":"2022/06/22 10:37:06+00","applicantcity":"MINNEAPOLIS","applicantaddress1":"730 2ND AVE S"},"geometry":{"type":"Point","coordinates":[-93.26911,44.98144]}},{"type":"Feature","properties":{"date":null,"year":0,"description":"Tenant Improvement Remodel Level 15 (MAA)     certificate of occupancy required:  NO  mechanical plans required for certificate of occupancy  mechanical plans/letter of means of compliance submitted\\  special inspections required:  NO     const type:   I","metadescription":"Commercial. Remodel. Tenant Improvement Remodel Level 15 (MAA)     certificate of occupancy required:  NO  mechanical plans required for certificate of occupancy  mechanical plans/letter of means of compliance submitted\\  special inspections required:  NO     const type:   I. Closed","address":null,"x":"-93.26911","y":"44.9814400000001","value":"1437095","display":"250 NICOLLET MALL","issuedate":"2024/01/16 11:42:33+00","milestone":"Closed","completedate":"2025/01/07 12:29:43+00","applicantcity":"Minneapolis","applicantaddress1":"730 2nd Ave S #1233"},"geometry":{"type":"Point","coordinates":[-93.26911,44.98144]}},{"type":"Feature","properties":{"date":null,"year":0,"description":"Tenant improvement of new suite in existing building -ACW    certificate of occupancy required:   no     special inspections required:   no     const type:     IIIB    occupancy:B              2020 MSBC  occupant load:      36  sprinklered: yes    Floor(s","metadescription":"Commercial. Remodel. Tenant improvement of new suite in existing building -ACW    certificate of occupancy required:   no     special inspections required:   no     const type:     IIIB    occupancy:B              2020 MSBC  occupant load:      36  sprinklered: yes    Floor(s. Closed","address":null,"x":"-93.28871","y":"44.9634800000001","value":"80000","display":"1936 LYNDALE AVE S","fullname":"WSFC LLC","issuedate":"2026/03/02 08:36:23+00","milestone":"Closed","completedate":"2026/04/23 07:39:13+00","applicantcity":"Inver Grove Heights","applicantaddress1":"1985 102nd St E"},"geometry":{"type":"Point","coordinates":[-93.28871,44.96348]}},{"type":"Feature","properties":{"date":null,"year":0,"description":"Retail tenant improvement Suites 105, 108, and 112 -ACW      certificate of occupancy required:  no   special inspections required:  no      const type:    II-B    occupancy:    M          2020 MSBC   occupant load:  49  sprinklered:   no       20% access","metadescription":"Commercial. Remodel. Retail tenant improvement Suites 105, 108, and 112 -ACW      certificate of occupancy required:  no   special inspections required:  no      const type:    II-B    occupancy:    M          2020 MSBC   occupant load:  49  sprinklered:   no       20% access. Issued","address":null,"x":"-93.2914499999999","y":"44.96173","value":"81500","display":"2101 HENNEPIN AVE","fullname":"GSH PROPERTIES 3 LLC","issuedate":"2026/03/23 14:05:28+00","milestone":"Inspection","applicantcity":"St Paul","applicantaddress1":"1894 Worchester Ave"},"geometry":{"type":"Point","coordinates":[-93.29145,44.96173]}},{"type":"Feature","properties":{"date":null,"year":0,"description":"Tenant Improvement - Suite A - Craft Hair Collective     CERTIFICATE OF OCCUPANCY REQUIRED - AN AUTHORIZED REPRESENTATIVE OF THE PERMIT APPLICANT MUST CALL 612-673-2327 TO SCHEDULE A CERTIFICATE OF OCCUPANCY INSPECTION TWENTY (20) BUSINESS DAYS BEFORE THE","metadescription":"Commercial. Remodel. Tenant Improvement - Suite A - Craft Hair Collective     CERTIFICATE OF OCCUPANCY REQUIRED - AN AUTHORIZED REPRESENTATIVE OF THE PERMIT APPLICANT MUST CALL 612-673-2327 TO SCHEDULE A CERTIFICATE OF OCCUPANCY INSPECTION TWENTY (20) BUSINESS DAYS BEFORE THE. Closed","address":null,"x":"-93.26487","y":"45.0006500000001","value":"22000","display":"230 13TH AVE NE","issuedate":"2024/01/04 10:24:10+00","milestone":"Closed","completedate":"2024/03/01 10:48:19+00","applicantcity":"MINNEAPOLIS","applicantaddress1":"P.O. Box 18542"},"geometry":{"type":"Point","coordinates":[-93.26487,45.00065]}},{"type":"Feature","properties":{"date":null,"year":0,"description":"Tenant Improvement - 1st Floor  certificate of occupancy required:  no    special inspections required:  yes   const type:  5B       occupancy:   B           2020 MSBC occupant load:      78 sprinklered:  no   Tenant:  Catalyst Mental Health         Floor","metadescription":"Commercial. Remodel. Tenant Improvement - 1st Floor  certificate of occupancy required:  no    special inspections required:  yes   const type:  5B       occupancy:   B           2020 MSBC occupant load:      78 sprinklered:  no   Tenant:  Catalyst Mental Health         Floor. Closed","address":null,"x":"-93.28763","y":"44.96349","value":"62390","display":"1915 LYNDALE AVE S","fullname":"1915 LYNDALE BUILDING LLC","issuedate":"2021/03/30 14:18:36+00","milestone":"Closed","completedate":"2021/06/11 12:16:43+00","applicantcity":"Edina","applicantaddress1":"5151 Edina Indstrial Blvd #650"},"geometry":{"type":"Point","coordinates":[-93.28763,44.96349]}},{"type":"Feature","properties":{"date":null,"year":0,"description":"TENANT IMPROVEMENT AT 4TH FLOOR (MAA#01)    const type:    I A     occupancy:     B, A3         2015 MSBC  occupant load:  97  sprinklered: YES    Tenant:   SHEPHERD DATA        Floor(s): 4TH     architect: NATE ENGER 47250","metadescription":"Commercial. Remodel. TENANT IMPROVEMENT AT 4TH FLOOR (MAA#01)    const type:    I A     occupancy:     B, A3         2015 MSBC  occupant load:  97  sprinklered: YES    Tenant:   SHEPHERD DATA        Floor(s): 4TH     architect: NATE ENGER 47250. Closed","address":null,"x":"-93.2682599999999","y":"44.9760000000001","value":"232515","display":"225 6TH ST S","fullname":"225 6TH ST PROP OWNER LLC","issuedate":"2018/10/19 10:37:36+00","milestone":"Closed","completedate":"2019/12/16 13:56:43+00","applicantcity":"MINNEAPOLIS","applicantaddress1":"50 6TH ST S STE 1413"},"geometry":{"type":"Point","coordinates":[-93.26826,44.976]}},{"type":"Feature","properties":{"date":null,"year":0,"description":"Capella Tower 16th floor tenant improvement, installing new ductwork, diffusers and relocating one heat pump. refer to attached drawings.","metadescription":"Mechanical. ComMFDNR. Capella Tower 16th floor tenant improvement, installing new ductwork, diffusers and relocating one heat pump. refer to attached drawings.. Closed","address":null,"x":"-93.2682599999999","y":"44.9760000000001","value":"28400","display":"225 6TH ST S","fullname":"225 6TH ST PROP OWNER LLC","issuedate":"2023/01/12 14:35:48+00","milestone":"Closed","completedate":"2023/03/29 10:01:46+00","applicantcity":"Minneapolis","applicantaddress1":"2318 1st St NE"},"geometry":{"type":"Point","coordinates":[-93.26826,44.976]}},{"type":"Feature","properties":{"date":null,"year":0,"description":"TENANT IMPROVEMENT FOR FITNESS CENTER","metadescription":"Plumbing. ComFdBv. TENANT IMPROVEMENT FOR FITNESS CENTER. Closed","address":null,"x":"-93.27531","y":"44.9852700000001","value":"0","display":"241 5TH AVE N","fullname":"NLP MINNEAPOLIS PROPCO LLC","issuedate":"2020/04/02 13:33:39+00","milestone":"Closed","completedate":"2021/02/22 13:15:59+00","applicantcity":"MINNEAPOLIS","applicantaddress1":"311 1ST AVE N #402"},"geometry":{"type":"Point","coordinates":[-93.27531,44.98527]}},{"type":"Feature","properties":{"date":null,"year":0,"description":"SMILE ORTHODONTICS TENANT IMPROVEMENT.  (JJL)     certificate of occupancy required:   no    special inspections required:  NO      const type:  II-B       occupancy:    B          2020 MSBC  occupant load:  71  sprinklered: yes    20% accessibility upgra","metadescription":"Commercial. Remodel. SMILE ORTHODONTICS TENANT IMPROVEMENT.  (JJL)     certificate of occupancy required:   no    special inspections required:  NO      const type:  II-B       occupancy:    B          2020 MSBC  occupant load:  71  sprinklered: yes    20% accessibility upgra. Closed","address":null,"x":"-93.29385","y":"44.96022","value":"425000","display":"2224 HENNEPIN AVE","fullname":"KENWOOD CENTER LLC","issuedate":"2024/01/30 14:16:13+00","milestone":"Closed","completedate":"2024/12/10 14:46:29+00","applicantcity":"Elk River","applicantaddress1":"10908 171st Ave NW"},"geometry":{"type":"Point","coordinates":[-93.29385,44.96022]}},{"type":"Feature","properties":{"date":null,"year":0,"description":"INTERIOR DEMO TO 2ND & 3RD FLOORS FOR NEW TENANT IMPROVEMENTS.  SUITE 325.  (DMH#2)  SEPARATE PERMITS REQUIRED FOR NEW IMPROVEMENTS.     Architect: #45590  (CUNNINGHAM GROUP)     APPROVED PLANS AND PERMIT MUST BE ON SITE BEFORE INSPECTIONS WILL BE PROVIDE","metadescription":"Commercial. Remodel. INTERIOR DEMO TO 2ND & 3RD FLOORS FOR NEW TENANT IMPROVEMENTS.  SUITE 325.  (DMH#2)  SEPARATE PERMITS REQUIRED FOR NEW IMPROVEMENTS.     Architect: #45590  (CUNNINGHAM GROUP)     APPROVED PLANS AND PERMIT MUST BE ON SITE BEFORE INSPECTIONS WILL BE PROVIDE. Closed","address":null,"x":"-93.2545699999999","y":"44.9844600000001","value":"52000","display":"201 MAIN ST SE","fullname":"URBAN CURRENTS LLC","issuedate":"2017/05/25 14:27:57+00","milestone":"Closed","completedate":"2018/01/24 14:38:55+00","applicantcity":"Minneapolis","applicantaddress1":"Attn: Brian Leitch"},"geometry":{"type":"Point","coordinates":[-93.25457,44.98446]}},{"type":"Feature","properties":{"date":null,"year":0,"description":"***revisions after issuance - MEP to ref***pool stair riser height***     Tenant Improvement - Suite 120 - All's Well Spa  Shell permit 718023   CERTIFICATE OF OCCUPANCY REQUIRED - AN AUTHORIZED REPRESENTATIVE OF THE PERMIT APPLICANT MUST CALL 612-673-232","metadescription":"Commercial. Remodel. ***revisions after issuance - MEP to ref***pool stair riser height***     Tenant Improvement - Suite 120 - All's Well Spa  Shell permit 718023   CERTIFICATE OF OCCUPANCY REQUIRED - AN AUTHORIZED REPRESENTATIVE OF THE PERMIT APPLICANT MUST CALL 612-673-232. Issued","address":null,"x":"-93.3001","y":"44.97826","value":"1946784","display":"201 IRVING AVE N","fullname":"MARKET 212 LLC","issuedate":"2026/03/02 12:12:03+00","milestone":"Inspection","applicantcity":"Edina","applicantaddress1":"5280 74th St W"},"geometry":{"type":"Point","coordinates":[-93.3001,44.97826]}},{"type":"Feature","properties":{"date":null,"year":0,"description":"Tenant Improvement - Unit B -   certificate of occupancy required:  no    special inspections required:  no       const type:  1A      occupancy:    M          2020 MSBC   occupant load:  27  sprinklered: yes        sac: 0.53 charges  0.53 credits = 0.00","metadescription":"Commercial. Remodel. Tenant Improvement - Unit B -   certificate of occupancy required:  no    special inspections required:  no       const type:  1A      occupancy:    M          2020 MSBC   occupant load:  27  sprinklered: yes        sac: 0.53 charges  0.53 credits = 0.00. Closed","address":null,"x":"-93.24092","y":"44.94937","value":"69320","display":"2218 LAKE ST E","fullname":"HI LAKE LLC","issuedate":"2022/11/22 14:50:05+00","milestone":"Closed","completedate":"2023/04/19 14:47:47+00","applicantcity":"Andover","applicantaddress1":"2858 172nd Ave NW"},"geometry":{"type":"Point","coordinates":[-93.24092,44.94937]}},{"type":"Feature","properties":{"date":null,"year":0,"description":"TENANT IMPROVEMENT OF EXISTING VACANT TENANT SPACE FOR NEW BOTANY COFFEE SHOP. AAJ#1     certificate of occupancy required: YES mechanical plans required for certificate of occupancy mechanical plans/letter of means of compliance submitted\\ special inspec","metadescription":"Commercial. Remodel. TENANT IMPROVEMENT OF EXISTING VACANT TENANT SPACE FOR NEW BOTANY COFFEE SHOP. AAJ#1     certificate of occupancy required: YES mechanical plans required for certificate of occupancy mechanical plans/letter of means of compliance submitted\\ special inspec. Closed","address":null,"x":"-93.24695","y":"44.9342500000001","value":"100000","display":"1830 38TH ST E","fullname":"LUBENOW PROPERTIES LLC ET AL","issuedate":"2017/04/21 14:51:12+00","milestone":"Closed","completedate":"2017/07/21 10:16:42+00","applicantcity":"MINNEAPOLIS","applicantaddress1":"1830 38TH ST E"},"geometry":{"type":"Point","coordinates":[-93.24695,44.93425]}},{"type":"Feature","properties":{"date":null,"year":0,"description":"tenant improvements interior remodel   DB approved post - issue revisions shown on sheets with upload date of 4/3/23  certificate of occupancy required:    no     special inspections required:  yes    const type:  3-A       occupancy:   B           2020 M","metadescription":"Commercial. Remodel. tenant improvements interior remodel   DB approved post - issue revisions shown on sheets with upload date of 4/3/23  certificate of occupancy required:    no     special inspections required:  yes    const type:  3-A       occupancy:   B           2020 M. Closed","address":null,"x":"-93.2585099999999","y":"44.97727","value":"4000000","display":"233 PARK AVE","fullname":"J. I CASE BUILDING LLC","issuedate":"2023/01/03 11:08:42+00","milestone":"Closed","completedate":"2023/06/28 13:23:07+00","applicantcity":"Minneapolis","applicantaddress1":"730 2nd Ave S #1233"},"geometry":{"type":"Point","coordinates":[-93.25851,44.97727]}},{"type":"Feature","properties":{"date":null,"year":0,"description":"Tenant Improvement - Partial 15th Floor  certificate of occupancy required:  no special inspections required:  no  const type: 1A        occupancy: B             2015 MSBC occupant load:  155 sprinklered: yes  Tenant:  US Bank         Floor(s):  15   arch","metadescription":"Commercial. Remodel. Tenant Improvement - Partial 15th Floor  certificate of occupancy required:  no special inspections required:  no  const type: 1A        occupancy: B             2015 MSBC occupant load:  155 sprinklered: yes  Tenant:  US Bank         Floor(s):  15   arch. Closed","address":null,"x":"-93.26762","y":"44.9769000000001","value":"291490","display":"200 6TH ST S","fullname":"US BANK CORP RE TAX DEPT","issuedate":"2018/04/04 15:08:41+00","milestone":"Closed","completedate":"2019/05/14 11:32:15+00","applicantcity":"SAINT PAUL","applicantaddress1":"6675 WARNER AVE S"},"geometry":{"type":"Point","coordinates":[-93.26762,44.9769]}},{"type":"Feature","properties":{"date":null,"year":0,"description":"TENANT IMPROVEMENTS AT FIRST FLOOR  (MAA)  certificate of occupancy required:  NO  *****   const type:  1-A       ***occupancy:       B       ***2015 MSBC***** occupant load:  112  ***** sprinklered: YES ***** 20% accessibility upgrades___FULLY_______****","metadescription":"Commercial. Remodel. TENANT IMPROVEMENTS AT FIRST FLOOR  (MAA)  certificate of occupancy required:  NO  *****   const type:  1-A       ***occupancy:       B       ***2015 MSBC***** occupant load:  112  ***** sprinklered: YES ***** 20% accessibility upgrades___FULLY_______****. Closed","address":null,"x":"-93.26748","y":"44.9820100000001","value":"75000","display":"20 WASHINGTON AVE S","fullname":"CALDERWOOD LODGE LLC","issuedate":"2020/04/21 09:08:24+00","milestone":"Closed","completedate":"2020/06/23 13:51:06+00","applicantcity":"MINNEAPOLIS","applicantaddress1":"730 2ND AVE S"},"geometry":{"type":"Point","coordinates":[-93.26748,44.98201]}},{"type":"Feature","properties":{"date":null,"year":0,"description":"Tenant Improvement - Sherwin Williams  certificate of occupancy required:  no   special inspections required:   no       const type:  2B       occupancy:    M         2020 MSBC   occupant load:  39  sprinklered: yes        sac: 1.36 charges  1.38 credits","metadescription":"Commercial. Remodel. Tenant Improvement - Sherwin Williams  certificate of occupancy required:  no   special inspections required:   no       const type:  2B       occupancy:    M         2020 MSBC   occupant load:  39  sprinklered: yes        sac: 1.36 charges  1.38 credits. Closed","address":null,"x":"-93.22757","y":"45.00624","value":"125000","display":"2305 18TH AVE NE","fullname":"STINSON MARKETPLACE LLC","issuedate":"2022/09/06 11:12:33+00","milestone":"Closed","completedate":"2022/12/08 12:34:25+00","applicantcity":"Edina","applicantaddress1":"6550 York Ave S Suite 220"},"geometry":{"type":"Point","coordinates":[-93.22757,45.00624]}},{"type":"Feature","properties":{"date":null,"year":0,"description":"The Simple Sandwich Tenant improvements - Relocating existing restaurant to new location.  ____________________________________________________________________________________________________________________________________________________________________","metadescription":"Commercial. Remodel. The Simple Sandwich Tenant improvements - Relocating existing restaurant to new location.  ____________________________________________________________________________________________________________________________________________________________________. Closed","address":null,"x":"-93.26685","y":"44.97817","value":"199600","display":"215 4TH ST S","fullname":"KHP IV MINNEAPOLIS LLC","issuedate":"2017/01/25 11:40:42+00","milestone":"Closed","completedate":"2017/04/10 10:45:35+00","applicantcity":"MINNEAPOLIS","applicantaddress1":"730 2ND AVE S # 1233"},"geometry":{"type":"Point","coordinates":[-93.26685,44.97817]}},{"type":"Feature","properties":{"date":null,"year":0,"description":"Tenant Improvement - Mid Level/South Half - The Coven  certificate of occupancy required:  no     special inspections required:  no     const type:  IIB       occupancy:     B         2020 MSBC  occupant load:      31  sprinklered: yes   sac: 1.52 charges","metadescription":"Commercial. Remodel. Tenant Improvement - Mid Level/South Half - The Coven  certificate of occupancy required:  no     special inspections required:  no     const type:  IIB       occupancy:     B         2020 MSBC  occupant load:      31  sprinklered: yes   sac: 1.52 charges. Closed","address":null,"x":"-93.2220399999999","y":"44.9919400000001","value":"168000","display":"2125 HENNEPIN AVE E","fullname":"NE HYDE LLC","issuedate":"2025/03/07 13:41:49+00","milestone":"Closed","completedate":"2025/05/01 09:11:04+00","applicantcity":"Edina","applicantaddress1":"5280 74th St W"},"geometry":{"type":"Point","coordinates":[-93.22204,44.99194]}},{"type":"Feature","properties":{"date":null,"year":0,"description":"FIRST-TIME TENANT IMPROVEMENT FOR NEW BANK  Building shell under BLDG830715  certificate of occupancy required:  yes      special inspections required:   no  const type: 1-A        occupancy:    B          2020 MSBC occupant load:   54    sprinklered: yes","metadescription":"Commercial. Remodel. FIRST-TIME TENANT IMPROVEMENT FOR NEW BANK  Building shell under BLDG830715  certificate of occupancy required:  yes      special inspections required:   no  const type: 1-A        occupancy:    B          2020 MSBC occupant load:   54    sprinklered: yes. Closed","address":null,"x":"-93.2393","y":"44.9469700000001","value":"413000","display":"2225 LAKE ST E","issuedate":"2022/04/04 16:16:33+00","milestone":"Closed","completedate":"2025/06/17 07:27:32+00","applicantcity":"Hopkins","applicantaddress1":"1415 5th St S #D"},"geometry":{"type":"Point","coordinates":[-93.2393,44.94697]}},{"type":"Feature","properties":{"date":null,"year":0,"description":"tenant improvement. smiles orthodontics  7/7/22 DB emailed applicant saying a SAC-only permit BLDG952898 is required to collect 1 SAC unit.  Determination rcvd day after CCSFinal PR Apprvl   certificate of occupancy is required for changing from M to B (r","metadescription":"Commercial. Remodel. tenant improvement. smiles orthodontics  7/7/22 DB emailed applicant saying a SAC-only permit BLDG952898 is required to collect 1 SAC unit.  Determination rcvd day after CCSFinal PR Apprvl   certificate of occupancy is required for changing from M to B (r. Closed","address":null,"x":"-93.29385","y":"44.96022","value":"250000","display":"2224 HENNEPIN AVE","fullname":"KENWOOD CENTER LLC","issuedate":"2022/06/09 12:14:18+00","milestone":"Closed","completedate":"2022/10/05 08:45:35+00","applicantcity":"Elk River","applicantaddress1":"10908 171st Ave NW"},"geometry":{"type":"Point","coordinates":[-93.29385,44.96022]}},{"type":"Feature","properties":{"date":null,"year":0,"description":"Tenant Improvement of HVAC system for two floors will use existing and adding new VAV boxes, 2 chilled water fan coil units, hydronic piping, supply\rdiffusers, return grilles and all associated duct work. Refer to attached\rdrawings.","metadescription":"Mechanical. Comm-MFD. Tenant Improvement of HVAC system for two floors will use existing and adding new VAV boxes, 2 chilled water fan coil units, hydronic piping, supply\rdiffusers, return grilles and all associated duct work. Refer to attached\rdrawings.. Closed","address":null,"x":"-93.27001","y":"44.9737200000001","value":"408730","display":"222 9TH ST S","fullname":"X WH REDF2-TSE TWO22 PROPCO","issuedate":"2021/02/23 09:14:42+00","milestone":"Closed","completedate":"2021/03/25 08:03:04+00","applicantcity":"Minneapolis","applicantaddress1":"2318 1st St NE"},"geometry":{"type":"Point","coordinates":[-93.27001,44.97372]}},{"type":"Feature","properties":{"date":null,"year":0,"description":"STE320-TENANT IMPROVEMENT  certificate of occupancy required:    no    special inspections required:   no  const type:   4      occupancy:    B          2020 MSBC occupant load:  163     sprinklered: yes    20% accessibility upgrades_ fully accessible Ten","metadescription":"Commercial. Remodel. STE320-TENANT IMPROVEMENT  certificate of occupancy required:    no    special inspections required:   no  const type:   4      occupancy:    B          2020 MSBC occupant load:  163     sprinklered: yes    20% accessibility upgrades_ fully accessible Ten. Closed","address":null,"x":"-93.2722199999999","y":"44.9853200000001","value":"285160","display":"212 3RD AVE N","fullname":"AP COLONIAL WAREHOUSE LLC","issuedate":"2022/04/15 12:02:06+00","milestone":"Closed","completedate":"2022/08/31 07:58:08+00","applicantcity":"EDINA","applicantaddress1":"5280 N. 74th St"},"geometry":{"type":"Point","coordinates":[-93.27222,44.98532]}},{"type":"Feature","properties":{"date":null,"year":0,"description":"TENANT IMPROVEMENT.  SUITE 515. NO STRUCTURAL WORK. (JJL)      certificate of occupancy required:    no   ***** special inspections required:    no*****  const type:  IV       ***occupancy:    B          ***2020 MSBC***** occupant load: 30     ***** sprin","metadescription":"Commercial. Remodel. TENANT IMPROVEMENT.  SUITE 515. NO STRUCTURAL WORK. (JJL)      certificate of occupancy required:    no   ***** special inspections required:    no*****  const type:  IV       ***occupancy:    B          ***2020 MSBC***** occupant load: 30     ***** sprin. Closed","address":null,"x":"-93.2722199999999","y":"44.9853200000001","value":"85950","display":"212 3RD AVE N","fullname":"AP COLONIAL WAREHOUSE LLC","issuedate":"2021/12/03 16:00:05+00","milestone":"Closed","completedate":"2022/03/08 10:50:27+00","applicantcity":"EDINA","applicantaddress1":"5280 N. 74th St"},"geometry":{"type":"Point","coordinates":[-93.27222,44.98532]}},{"type":"Feature","properties":{"date":null,"year":0,"description":"Ground Floor (upstream) Tenant Improvement - Sev Laser  certificate of occupancy required: no     special inspections required:  no      const type:     1-B    occupancy:   B          2020 MSBC  occupant load:  15      sprinklered: yes        sac: 1.25 ch","metadescription":"Commercial. Remodel. Ground Floor (upstream) Tenant Improvement - Sev Laser  certificate of occupancy required: no     special inspections required:  no      const type:     1-B    occupancy:   B          2020 MSBC  occupant load:  15      sprinklered: yes        sac: 1.25 ch. Closed","address":null,"x":"-93.26897","y":"44.9858100000001","value":"200000","display":"212 1ST ST N","issuedate":"2023/12/05 15:13:50+00","milestone":"Closed","completedate":"2024/02/27 10:55:30+00","applicantcity":"Pasadena","applicantaddress1":"261 E Colorado Blvd #207"},"geometry":{"type":"Point","coordinates":[-93.26897,44.98581]}},{"type":"Feature","properties":{"date":null,"year":0,"description":"Tenant Improvement of HVAC system utilizing two existing rooftop units and adding electric heaters, exhaust fan, supply\rdiffusers, return grilles and all associated duct work. Refer to attached drawings.","metadescription":"Mechanical. ComMFDNR. Tenant Improvement of HVAC system utilizing two existing rooftop units and adding electric heaters, exhaust fan, supply\rdiffusers, return grilles and all associated duct work. Refer to attached drawings.. Closed","address":null,"x":"-93.24092","y":"44.94937","value":"17810","display":"2116 LAKE ST E","fullname":"HI LAKE LLC","issuedate":"2021/03/15 14:51:35+00","milestone":"Closed","completedate":"2021/08/24 11:00:15+00","applicantcity":"Bloomington","applicantaddress1":"8850 Wentworth Ave S"},"geometry":{"type":"Point","coordinates":[-93.24092,44.94937]}},{"type":"Feature","properties":{"date":null,"year":0,"description":"TENANT IMPROVEMENT TO BARBER SHOP   certificate of occupancy required:  no   ***** special inspections required:   no*****  const type:  V-B       ***occupancy:      B        ***2015 MSBC***** occupant load:   11   ***** sprinklered:  no  ***** energy cod","metadescription":"Commercial. Remodel. TENANT IMPROVEMENT TO BARBER SHOP   certificate of occupancy required:  no   ***** special inspections required:   no*****  const type:  V-B       ***occupancy:      B        ***2015 MSBC***** occupant load:   11   ***** sprinklered:  no  ***** energy cod. Closed","address":null,"x":"-93.24686","y":"44.9396800000001","value":"3000","display":"1832 35TH ST E","fullname":"FORTEVA DEVELOPMENT LLC","issuedate":"2020/08/31 14:06:38+00","milestone":"Closed","completedate":"2022/02/23 12:25:03+00","applicantcity":"Minneapolis","applicantaddress1":"1832 35th St E"},"geometry":{"type":"Point","coordinates":[-93.24686,44.93968]}},{"type":"Feature","properties":{"date":null,"year":0,"description":"Tenant Improvement of HVAC system utilizing existing rooftop unit, adding exhaust fans, supply diffusers, return grilles and all associated duct work. Refer to attached drawings.","metadescription":"Mechanical. ComMFDNR. Tenant Improvement of HVAC system utilizing existing rooftop unit, adding exhaust fans, supply diffusers, return grilles and all associated duct work. Refer to attached drawings.. Closed","address":null,"x":"-93.24092","y":"44.94937","value":"10700","display":"2208 LAKE ST E","fullname":"HI LAKE LLC","issuedate":"2021/05/11 16:00:58+00","milestone":"Closed","completedate":"2021/07/21 13:00:46+00","applicantcity":"Golden Valley","applicantaddress1":"2330 Louisiana Ave N"},"geometry":{"type":"Point","coordinates":[-93.24092,44.94937]}},{"type":"Feature","properties":{"date":null,"year":0,"description":"Tenant Improvement - Vivid - Suite 150  certificate of occupancy required:   no     special inspections required:  no      const type:  IV       occupancy:   B           2020 MSBC  occupant load:   30     sprinklered: yes      architect:   David Kelly  #1","metadescription":"Commercial. Remodel. Tenant Improvement - Vivid - Suite 150  certificate of occupancy required:   no     special inspections required:  no      const type:  IV       occupancy:   B           2020 MSBC  occupant load:   30     sprinklered: yes      architect:   David Kelly  #1. Closed","address":null,"x":"-93.26965","y":"44.98531","value":"127000","display":"211 1ST ST N","fullname":"IDC PROPERTIES LLC","issuedate":"2022/08/18 11:14:16+00","milestone":"Closed","completedate":"2025/04/17 13:06:58+00","applicantcity":"MINNEAPOLIS","applicantaddress1":"510 1ST AVE N, #600"},"geometry":{"type":"Point","coordinates":[-93.26965,44.98531]}},{"type":"Feature","properties":{"date":null,"year":0,"description":"Tenant Improvement - Suite C - Wingstop       CERTIFICATE OF OCCUPANCY REQUIRED - AN AUTHORIZED REPRESENTATIVE OF THE PERMIT APPLICANT MUST CALL 612-673-2327 TO SCHEDULE A CERTIFICATE OF OCCUPANCY INSPECTION TWENTY (20) BUSINESS DAYS BEFORE THE DATE OF DE","metadescription":"Commercial. Remodel. Tenant Improvement - Suite C - Wingstop       CERTIFICATE OF OCCUPANCY REQUIRED - AN AUTHORIZED REPRESENTATIVE OF THE PERMIT APPLICANT MUST CALL 612-673-2327 TO SCHEDULE A CERTIFICATE OF OCCUPANCY INSPECTION TWENTY (20) BUSINESS DAYS BEFORE THE DATE OF DE. Closed","address":null,"x":"-93.22802","y":"45.0050800000001","value":"300000","display":"1710 NEW BRIGHTON BLVD #C","fullname":"SUP II QUARRY RETAIL, LLC","issuedate":"2025/12/01 13:30:24+00","milestone":"Closed","completedate":"2026/03/04 10:21:51+00","applicantcity":"Lino Lakes","applicantaddress1":"7455 Village dr #110"},"geometry":{"type":"Point","coordinates":[-93.22802,45.00508]}},{"type":"Feature","properties":{"date":null,"year":0,"description":"Tenant Improvement - Suite 312  certificate of occupancy required:  no     special inspections required:  no      const type:  3A       occupancy:    B          2020 MSBC  occupant load:     48   sprinklered: yes      Tenant:    OPN Architects     archite","metadescription":"Commercial. Remodel. Tenant Improvement - Suite 312  certificate of occupancy required:  no     special inspections required:  no      const type:  3A       occupancy:    B          2020 MSBC  occupant load:     48   sprinklered: yes      Tenant:    OPN Architects     archite. Closed","address":null,"x":"-93.2722199999999","y":"44.9853200000001","value":"123359","display":"212 3RD AVE N","fullname":"AP COLONIAL WAREHOUSE LLC","issuedate":"2023/01/31 09:17:52+00","milestone":"Closed","completedate":"2023/06/09 10:30:30+00","applicantcity":"Eden Prairie","applicantaddress1":"7148 Shady Oak Rd"},"geometry":{"type":"Point","coordinates":[-93.27222,44.98532]}},{"type":"Feature","properties":{"date":null,"year":0,"description":"INTERIOR TENANT IMPROVEMENT 2ND FLOOR __** a pdf of sheet A2-1 showing \"clouds\" in type IV construction attached in ELMS.  paste-up of partial A2-1 on print***certificate of occupancy required: no ***** special inspections required: no***** const type: IV","metadescription":"Commercial. Remodel. INTERIOR TENANT IMPROVEMENT 2ND FLOOR __** a pdf of sheet A2-1 showing \"clouds\" in type IV construction attached in ELMS.  paste-up of partial A2-1 on print***certificate of occupancy required: no ***** special inspections required: no***** const type: IV. Closed","address":null,"x":"-93.2722199999999","y":"44.9853200000001","value":"830000","display":"212 3RD AVE N","fullname":"AP COLONIAL WAREHOUSE LLC","issuedate":"2020/03/12 10:28:22+00","milestone":"Closed","completedate":"2020/11/20 11:09:33+00","applicantcity":"MINNEAPOLIS","applicantaddress1":"33 6TH ST  SUITE 4510"},"geometry":{"type":"Point","coordinates":[-93.27222,44.98532]}},{"type":"Feature","properties":{"date":null,"year":0,"description":"SUITE 500 - TENANT IMPROVEMENTS  certificate of occupancy required:   no   \n\n special inspections required:   no   \n\n const type:   4      occupancy:    B          2020 MSBC   \n\n occupant load:    47     \n\n sprinklered: yes   \n\n architect:  D Kahl #53844","metadescription":"Commercial. Remodel. SUITE 500 - TENANT IMPROVEMENTS  certificate of occupancy required:   no   \n\n special inspections required:   no   \n\n const type:   4      occupancy:    B          2020 MSBC   \n\n occupant load:    47     \n\n sprinklered: yes   \n\n architect:  D Kahl #53844. Closed","address":null,"x":"-93.2722199999999","y":"44.9853200000001","value":"45599","display":"212 3RD AVE N","fullname":"AP COLONIAL WAREHOUSE LLC","issuedate":"2024/05/14 16:14:24+00","milestone":"Closed","completedate":"2024/07/17 08:54:13+00","applicantcity":"MINNEAPOLIS","applicantaddress1":"33 6TH ST  SUITE 4510"},"geometry":{"type":"Point","coordinates":[-93.27222,44.98532]}},{"type":"Feature","properties":{"date":null,"year":0,"description":"Ground Floor (upstream) Tenant Improvement - Sev Laser  certificate of occupancy required: no     special inspections required:  no      const type:     1-B    occupancy:   B          2020 MSBC  occupant load:  15      sprinklered: yes        sac: 1.25 ch","metadescription":"Commercial. Remodel. Ground Floor (upstream) Tenant Improvement - Sev Laser  certificate of occupancy required: no     special inspections required:  no      const type:     1-B    occupancy:   B          2020 MSBC  occupant load:  15      sprinklered: yes        sac: 1.25 ch. Closed","address":null,"x":"-93.26926","y":"44.9860200000001","value":"200000","display":"212 1ST ST N","issuedate":"2023/12/05 15:13:50+00","milestone":"Closed","completedate":"2024/02/27 10:55:30+00","applicantcity":"Pasadena","applicantaddress1":"261 E Colorado Blvd #207"},"geometry":{"type":"Point","coordinates":[-93.26926,44.98602]}},{"type":"Feature","properties":{"date":null,"year":0,"description":"1. DOAS unit shall be equipped with energy recovery wheel as specified.  HVAC system for tenant Improvement, adding VRF system, dedicated outside air system (DOAS),  exhaust fan, GRDs and all associated ductwork. Refer to attached drawings.","metadescription":"Mechanical. ComMFDNR. 1. DOAS unit shall be equipped with energy recovery wheel as specified.  HVAC system for tenant Improvement, adding VRF system, dedicated outside air system (DOAS),  exhaust fan, GRDs and all associated ductwork. Refer to attached drawings.. Closed","address":null,"x":"-93.2722199999999","y":"44.9853200000001","value":"125000","display":"212 3RD AVE N #107","fullname":"AP COLONIAL WAREHOUSE LLC","issuedate":"2022/05/20 13:57:50+00","milestone":"Closed","completedate":"2022/10/20 13:07:27+00","applicantcity":"SAINT PAUL","applicantaddress1":"3260 FANUM RD"},"geometry":{"type":"Point","coordinates":[-93.27222,44.98532]}},{"type":"Feature","properties":{"date":null,"year":0,"description":"Ground Floor (upstream) Tenant Improvement - Sev Laser  certificate of occupancy required: no     special inspections required:  no      const type:     1-B    occupancy:   B          2020 MSBC  occupant load:  15      sprinklered: yes        sac: 1.25 ch","metadescription":"Commercial. Remodel. Ground Floor (upstream) Tenant Improvement - Sev Laser  certificate of occupancy required: no     special inspections required:  no      const type:     1-B    occupancy:   B          2020 MSBC  occupant load:  15      sprinklered: yes        sac: 1.25 ch. Closed","address":null,"x":"-93.26966","y":"44.9862800000001","value":"200000","display":"212 1ST ST N","issuedate":"2023/12/05 15:13:50+00","milestone":"Closed","completedate":"2024/02/27 10:55:30+00","applicantcity":"Pasadena","applicantaddress1":"261 E Colorado Blvd #207"},"geometry":{"type":"Point","coordinates":[-93.26966,44.98628]}},{"type":"Feature","properties":{"date":null,"year":0,"description":"TENANT IMPROVEMENT-ADDING BATHROOMS/PREP SINK/DRINKING FOUNTAIN/MOP SINK","metadescription":"Plumbing. ComNoFdBv. TENANT IMPROVEMENT-ADDING BATHROOMS/PREP SINK/DRINKING FOUNTAIN/MOP SINK. Closed","address":null,"x":"-93.2287699999999","y":"44.9919200000001","value":"0","display":"1621 HENNEPIN AVE E","fullname":"FISK BUILDING LLC","issuedate":"2021/06/21 09:15:38+00","milestone":"Closed","completedate":"2022/02/03 14:44:31+00","applicantcity":"Monticello","applicantaddress1":"PO Box 247"},"geometry":{"type":"Point","coordinates":[-93.22877,44.99192]}},{"type":"Feature","properties":{"date":null,"year":0,"description":"TENANT IMPROVEMENTS FOR NEW DENTAL OFFICE (WSS)  certificate of occupancy required: No    mechanical plans/letter of means of compliance submitted\\ special inspections required   no  const type:  TYPE 1       occupancy:   B           2015 MSBC occupant lo","metadescription":"Commercial. Remodel. TENANT IMPROVEMENTS FOR NEW DENTAL OFFICE (WSS)  certificate of occupancy required: No    mechanical plans/letter of means of compliance submitted\\ special inspections required   no  const type:  TYPE 1       occupancy:   B           2015 MSBC occupant lo. Closed","address":null,"x":"-93.27411","y":"44.9861900000001","value":"305483","display":"207 5TH AVE N","issuedate":"2017/05/30 15:10:05+00","milestone":"Closed","completedate":"2017/09/01 07:34:18+00","applicantcity":"SAINT LOUIS PARK","applicantaddress1":"4806 PARK GLEN RD"},"geometry":{"type":"Point","coordinates":[-93.27411,44.98619]}},{"type":"Feature","properties":{"date":null,"year":0,"description":"TENANT IMPROVEMENT (MAA)  certificate of occupancy required:  yes    mechanical plans required for certificate of occupancy  mechanical plans/letter of means of compliance submitted\\  special inspections required:  NO     const type:  II B       occupancy","metadescription":"Commercial. Remodel. TENANT IMPROVEMENT (MAA)  certificate of occupancy required:  yes    mechanical plans required for certificate of occupancy  mechanical plans/letter of means of compliance submitted\\  special inspections required:  NO     const type:  II B       occupancy. Expired","address":null,"x":"-93.22802","y":"45.0050800000001","value":"246500","display":"1710 NEW BRIGHTON BLVD #A","fullname":"SUP II QUARRY RETAIL, LLC","issuedate":"2024/06/03 08:48:21+00","milestone":"Expired","applicantcity":"Maple Grove","applicantaddress1":"8780 Valley Forge Ln"},"geometry":{"type":"Point","coordinates":[-93.22802,45.00508]}},{"type":"Feature","properties":{"date":null,"year":0,"description":"rerouting gas piping and ventitilation work / relocate existing furnace for tenant improvement / add 300 cfm exhaust fan to server room on 2nd floor","metadescription":"Mechanical. Comm-MFD. rerouting gas piping and ventitilation work / relocate existing furnace for tenant improvement / add 300 cfm exhaust fan to server room on 2nd floor. Closed","address":null,"x":"-93.3040099999999","y":"44.9487","value":"10500","display":"1710 LAKE ST W","issuedate":"2018/04/16 10:48:50+00","milestone":"Closed","completedate":"2018/05/15 07:19:34+00","applicantcity":"SAINT LOUIS PARK","applicantaddress1":"6757 OXFORD ST"},"geometry":{"type":"Point","coordinates":[-93.30401,44.9487]}},{"type":"Feature","properties":{"date":null,"year":0,"description":"Interior non-structural demolition in prep for future tenant improvement.  Additional permits required for construction and occupancy","metadescription":"Commercial. Remodel. Interior non-structural demolition in prep for future tenant improvement.  Additional permits required for construction and occupancy. Closed","address":null,"x":"-93.2774699999999","y":"44.9619700000001","value":"9000","display":"2025 NICOLLET AVE","fullname":"HOPFENSPIRGER REALTY INC","issuedate":"2019/02/21 13:30:28+00","milestone":"Closed","completedate":"2019/03/08 09:07:40+00","applicantcity":"Minneapolis","applicantaddress1":"2025 Nicollet Ave S # 203"},"geometry":{"type":"Point","coordinates":[-93.27747,44.96197]}},{"type":"Feature","properties":{"date":null,"year":0,"description":"2ND FLR tenant improvements\r\rREMODEL TO EXISTING 2ND FLOOR OFFICE SUITE OF 4 STORY BLDG.   INSTALL NEW RECEPTION DESK, INSTALL 4 DOOR LOCATIONS AND  (DMH#1)\rNEW DEMISING WALL WITH DOOR AT SOUTHEAST CORNER.   NO CHANGE IN EXITING, USE OR OCCUPANT LOAD. \r\rc","metadescription":"Commercial. Remodel. 2ND FLR tenant improvements\r\rREMODEL TO EXISTING 2ND FLOOR OFFICE SUITE OF 4 STORY BLDG.   INSTALL NEW RECEPTION DESK, INSTALL 4 DOOR LOCATIONS AND  (DMH#1)\rNEW DEMISING WALL WITH DOOR AT SOUTHEAST CORNER.   NO CHANGE IN EXITING, USE OR OCCUPANT LOAD. \r\rc. Closed","address":null,"x":"-93.2232099999999","y":"44.99193","value":"71008","display":"2021 HENNEPIN AVE E","fullname":"MSP PARK PLACE INC.","issuedate":"2017/01/11 11:20:50+00","milestone":"Closed","completedate":"2017/04/05 12:15:48+00","applicantcity":"MINNEAPOLIS","applicantaddress1":"1087 10TH AVE S"},"geometry":{"type":"Point","coordinates":[-93.22321,44.99193]}},{"type":"Feature","properties":{"date":null,"year":0,"description":"Tenant Improvement - Suite 130 - New Mercantile Tenant w/ New Exterior Entrance  certificate of occupancy required:  no   special inspections required:  no       const type:   3B      occupancy:  M            2020 MSBC   occupant load:  7  sprinklered: ye","metadescription":"Commercial. Remodel. Tenant Improvement - Suite 130 - New Mercantile Tenant w/ New Exterior Entrance  certificate of occupancy required:  no   special inspections required:  no       const type:   3B      occupancy:  M            2020 MSBC   occupant load:  7  sprinklered: ye. Closed","address":null,"x":"-93.28871","y":"44.9634800000001","value":"140000","display":"1936 LYNDALE AVE S","fullname":"WSFC LLC","issuedate":"2024/10/28 10:28:10+00","milestone":"Closed","completedate":"2024/12/02 13:46:28+00","applicantcity":"Eden Prairie","applicantaddress1":"6497 City West Parkway"},"geometry":{"type":"Point","coordinates":[-93.28871,44.96348]}},{"type":"Feature","properties":{"date":null,"year":0,"description":"SUITE 220 INTERIOR TENANT FINISH APPROX 2,234 SF OF EXISTING VACANT SHELL SPACE TO INCLUDE; FRAMING, DRYWALL, PLUMBING, HVAC AND ELECTRICAL.  RESTROOMS UNDER LANDLORD CONTROL INCLUDING REQUIRED COUNT.     certificate of occupancy required:  yes  mechanica","metadescription":"Commercial. Remodel. SUITE 220 INTERIOR TENANT FINISH APPROX 2,234 SF OF EXISTING VACANT SHELL SPACE TO INCLUDE; FRAMING, DRYWALL, PLUMBING, HVAC AND ELECTRICAL.  RESTROOMS UNDER LANDLORD CONTROL INCLUDING REQUIRED COUNT.     certificate of occupancy required:  yes  mechanica. Closed","address":null,"x":"-93.2287699999999","y":"44.9919200000001","value":"77183","display":"1621 HENNEPIN AVE E","fullname":"FISK BUILDING LLC","issuedate":"2017/04/10 12:30:30+00","milestone":"Closed","completedate":"2017/07/27 11:14:12+00","applicantcity":"MINNEAPOLIS","applicantaddress1":"900 3RD ST N"},"geometry":{"type":"Point","coordinates":[-93.22877,44.99192]}},{"type":"Feature","properties":{"date":null,"year":0,"description":"Small interior tenant improvement. Create offices, remove existing knee walls  certificate of occupancy required:   no     const type:  5-B       occupancy:   B           2020 MSBC   occupant load:   no change     sprinklered: no    architect: J Anderson","metadescription":"Commercial. Remodel. Small interior tenant improvement. Create offices, remove existing knee walls  certificate of occupancy required:   no     const type:  5-B       occupancy:   B           2020 MSBC   occupant load:   no change     sprinklered: no    architect: J Anderson. Closed","address":null,"x":"-93.29961","y":"44.99935","value":"10000","display":"1501 WEST BROADWAY","fullname":"NIMCO LTD","issuedate":"2023/10/26 13:10:45+00","milestone":"Closed","completedate":"2024/01/16 10:37:27+00","applicantcity":"Hopkins","applicantaddress1":"901 4th Street N"},"geometry":{"type":"Point","coordinates":[-93.29961,44.99935]}},{"type":"Feature","properties":{"date":null,"year":0,"description":"TENANT IMPROVEMENTS - SUITE 200 - BEST ABILITIES, LLC  ----- REMOVE SEVERAL PARTY WALLS - REBUILD AS DEMISING WALLS TO UNDERSIDE UPPER LEVEL  -----  architect: JOHN D ANDERSON - 23628  ----- occupancy: B const typ: II-B occupant load: 13  -----  2020 Minn","metadescription":"Commercial. Remodel. TENANT IMPROVEMENTS - SUITE 200 - BEST ABILITIES, LLC  ----- REMOVE SEVERAL PARTY WALLS - REBUILD AS DEMISING WALLS TO UNDERSIDE UPPER LEVEL  -----  architect: JOHN D ANDERSON - 23628  ----- occupancy: B const typ: II-B occupant load: 13  -----  2020 Minn. Closed","address":null,"x":"-93.23627","y":"44.9980800000001","value":"44000","display":"1600 BROADWAY ST NE","fullname":"MAGENTA VII LLC","issuedate":"2021/05/04 08:25:36+00","milestone":"Closed","completedate":"2021/06/15 09:11:22+00","applicantcity":"Edina","applicantaddress1":"5280 74th St N"},"geometry":{"type":"Point","coordinates":[-93.23627,44.99808]}},{"type":"Feature","properties":{"date":null,"year":0,"description":"HVAC system for tenant finish out will utilize three landlord provided rooftop units and will add 83 VAV boxes with electric heat, three split system, finned tube radiation, hydronic piping, supply diffusers, return grills and all associated duct work. Re","metadescription":"Mechanical. Comm-MFD. HVAC system for tenant finish out will utilize three landlord provided rooftop units and will add 83 VAV boxes with electric heat, three split system, finned tube radiation, hydronic piping, supply diffusers, return grills and all associated duct work. Re. Closed","address":null,"x":"-93.276","y":"44.9762400000001","value":"597250","display":"16 9TH ST S #1","fullname":"30 GROUP LLC","issuedate":"2020/09/17 16:08:42+00","milestone":"Closed","completedate":"2021/08/17 15:58:59+00","applicantcity":"MINNEAPOLIS","applicantaddress1":"311 1ST AVE N #402"},"geometry":{"type":"Point","coordinates":[-93.276,44.97624]}},{"type":"Feature","properties":{"date":null,"year":0,"description":"Tenant Improvement - Floors 5-7  certificate of occupancy required:  no   ***** special inspections required:  no*****  const type:  1B        ***occupancy:    B          ***2020 MSBC***** occupant load:   5th fl/440, 6th fl/267, 7th fl/241     ***** spri","metadescription":"Commercial. Remodel. Tenant Improvement - Floors 5-7  certificate of occupancy required:  no   ***** special inspections required:  no*****  const type:  1B        ***occupancy:    B          ***2020 MSBC***** occupant load:   5th fl/440, 6th fl/267, 7th fl/241     ***** spri. Closed","address":null,"x":"-93.276","y":"44.9762400000001","value":"1325700","display":"16 9TH ST S","fullname":"ZELLER-800 LASALLE AVE LLC","issuedate":"2020/08/26 13:36:55+00","milestone":"Closed","completedate":"2021/08/19 11:31:57+00","applicantcity":"MINNEAPOLIS","applicantaddress1":"510 1ST AVE N #600"},"geometry":{"type":"Point","coordinates":[-93.276,44.97624]}},{"type":"Feature","properties":{"date":null,"year":0,"description":"BUILDING A, SUITE 110.  TENANT IMPROVEMENT.  (JJL)     certificate of occupancy required:    no     special inspections required:    no      const type:  III-B       occupancy:   B, S-1     2020 MSBC  occupant load:  18      sprinklered: yes     20% acces","metadescription":"Commercial. Remodel. BUILDING A, SUITE 110.  TENANT IMPROVEMENT.  (JJL)     certificate of occupancy required:    no     special inspections required:    no      const type:  III-B       occupancy:   B, S-1     2020 MSBC  occupant load:  18      sprinklered: yes     20% acces. Closed","address":null,"x":"-93.28871","y":"44.9634800000001","value":"137000","display":"1936 LYNDALE AVE S","fullname":"WSFC LLC","issuedate":"2024/07/02 15:58:24+00","milestone":"Closed","completedate":"2024/10/01 14:28:44+00","applicantcity":"Eden Prairie","applicantaddress1":"6497 City West Pkwy"},"geometry":{"type":"Point","coordinates":[-93.28871,44.96348]}},{"type":"Feature","properties":{"date":null,"year":0,"description":"Tenant Improvement - Suite 135 - About  Face Facial Studio  certificate of occupancy required:  no     special inspections required:  no  SEPARATE PERMITS ARE REQUIRED FOR ELECTRICAL, PLUMBING, HEATING/AIR CONDITIONING/VENTILATION WORK.  const type:   III","metadescription":"Commercial. Remodel. Tenant Improvement - Suite 135 - About  Face Facial Studio  certificate of occupancy required:  no     special inspections required:  no  SEPARATE PERMITS ARE REQUIRED FOR ELECTRICAL, PLUMBING, HEATING/AIR CONDITIONING/VENTILATION WORK.  const type:   III. Closed","address":null,"x":"-93.28871","y":"44.9634800000001","value":"125541","display":"1936 LYNDALE AVE S","fullname":"WSFC LLC","issuedate":"2025/02/03 15:50:12+00","milestone":"Closed","completedate":"2025/04/14 13:33:43+00","applicantcity":"Eden Prairie","applicantaddress1":"6497 City West Pkwy"},"geometry":{"type":"Point","coordinates":[-93.28871,44.96348]}},{"type":"Feature","properties":{"date":null,"year":0,"description":"TENANT IMPROVEMENT AT SUITE 120 (MAA)     AS PER JIM NWHAM  \r\r    THIS BUILDING WAS VACATED, GUTTED AND THE BUILDING SHELL WAS\rREMODELED (INCL ACCESSIBLE RESTROOMS) UNDER BLDG636874 .    ALL FUTURE TENANT BUILD-OUT PERMITS WILL\rREQUIRE A NEW C OF O AND TH","metadescription":"Commercial. Remodel. TENANT IMPROVEMENT AT SUITE 120 (MAA)     AS PER JIM NWHAM  \r\r    THIS BUILDING WAS VACATED, GUTTED AND THE BUILDING SHELL WAS\rREMODELED (INCL ACCESSIBLE RESTROOMS) UNDER BLDG636874 .    ALL FUTURE TENANT BUILD-OUT PERMITS WILL\rREQUIRE A NEW C OF O AND TH. Closed","address":null,"x":"-93.27744","y":"44.96367","value":"48000","display":"1901 NICOLLET AVE","fullname":"1901 NICOLLET LLC","issuedate":"2021/01/25 14:49:18+00","milestone":"Closed","completedate":"2021/09/02 11:31:09+00","applicantcity":"CORCORAN","applicantaddress1":"7545 COMMERCE ST W"},"geometry":{"type":"Point","coordinates":[-93.27744,44.96367]}},{"type":"Feature","properties":{"date":null,"year":0,"description":"Tenant finish-out, including heat pumps , duct work and outside air ducts. Refer to attached drawings.","metadescription":"Mechanical. Comm-MFD. Tenant finish-out, including heat pumps , duct work and outside air ducts. Refer to attached drawings.. Closed","address":null,"x":"-93.2680799999999","y":"44.9781300000001","value":"300000","display":"150 5TH ST S","fullname":"FIFTH ST TOWERS PROP LLC","issuedate":"2018/12/04 09:36:11+00","milestone":"Closed","completedate":"2018/12/17 16:01:30+00","applicantcity":"MINNEAPOLIS","applicantaddress1":"2318 FIRST ST NE"},"geometry":{"type":"Point","coordinates":[-93.26808,44.97813]}},{"type":"Feature","properties":{"date":null,"year":0,"description":"Tenant Improvement - Suite 3400  certificate of occupancy required:  no     special inspections required:  no      const type:  1A       occupancy:    B          2020 MSBC  occupant load:      90  sprinklered: yes    Tenant:   Henschel Moberg PA        Fl","metadescription":"Commercial. Remodel. Tenant Improvement - Suite 3400  certificate of occupancy required:  no     special inspections required:  no      const type:  1A       occupancy:    B          2020 MSBC  occupant load:      90  sprinklered: yes    Tenant:   Henschel Moberg PA        Fl. Closed","address":null,"x":"-93.2680799999999","y":"44.9781300000001","value":"443108","display":"150 5TH ST S","fullname":"FIFTH ST TOWERS PROP LLC","issuedate":"2023/03/15 12:26:46+00","milestone":"Closed","completedate":"2023/07/31 11:44:25+00","applicantcity":"Eden Prairie","applicantaddress1":"7148 Shady Oak Rd"},"geometry":{"type":"Point","coordinates":[-93.26808,44.97813]}},{"type":"Feature","properties":{"date":null,"year":0,"description":"Tenant Improvement - 9th Floor  certificate of occupancy required:  no    special inspections required:  no  const type:  1B       occupancy:  B            2020 MSBC occupant load:      103 sprinklered: yes    sac: 3.07 charges  3.07 credits = 0.00 net me","metadescription":"Commercial. Remodel. Tenant Improvement - 9th Floor  certificate of occupancy required:  no    special inspections required:  no  const type:  1B       occupancy:  B            2020 MSBC occupant load:      103 sprinklered: yes    sac: 3.07 charges  3.07 credits = 0.00 net me. Closed","address":null,"x":"-93.27189","y":"44.979","value":"457183","display":"15 5TH ST S","fullname":"15 PARTNERS LLC","issuedate":"2021/09/28 15:32:54+00","milestone":"Closed","completedate":"2022/10/19 14:18:31+00","applicantcity":"MINNEAPOLIS","applicantaddress1":"730 2ND AVE S"},"geometry":{"type":"Point","coordinates":[-93.27189,44.979]}},{"type":"Feature","properties":{"date":null,"year":0,"description":"TENANT IMPROVEMENT OF ENTIRE BUILDING (TWO FLOORS) FOR NEW CATALYST MENTH HEALTH OFFICE. AAJ#1     ***REVISION TO EXISTING CORRIDOR WALLS AND DOORS ON MAIN FLOOR - AAJ#1***   - REVISED PLAN SHEET # A2.1 AND A4.1 WITH UPDATES ON EXISTING WALL TYPES IN CORR","metadescription":"Commercial. Remodel. TENANT IMPROVEMENT OF ENTIRE BUILDING (TWO FLOORS) FOR NEW CATALYST MENTH HEALTH OFFICE. AAJ#1     ***REVISION TO EXISTING CORRIDOR WALLS AND DOORS ON MAIN FLOOR - AAJ#1***   - REVISED PLAN SHEET # A2.1 AND A4.1 WITH UPDATES ON EXISTING WALL TYPES IN CORR. Closed","address":null,"x":"-93.28763","y":"44.96349","value":"409846","display":"1915 LYNDALE AVE S","fullname":"1915 LYNDALE BUILDING LLC","issuedate":"2017/10/23 13:26:35+00","milestone":"Closed","completedate":"2020/02/20 13:29:32+00","applicantcity":"EDINA","applicantaddress1":"4600 77TH ST W # 275"},"geometry":{"type":"Point","coordinates":[-93.28763,44.96349]}},{"type":"Feature","properties":{"date":null,"year":0,"description":"TENANT IMPROVEMENT FOR NEW LAW OFFICE ON 10TH FLOOR OF EXISTING FIFTH STREET TOWER(BUILDING # 150). AAJ#1  certificate of occupancy required: NO. ***NO CHANGE IN OCCUPANCY***  mechanical plans required for certificate of occupancy  mechanical plans/letter","metadescription":"Commercial. Remodel. TENANT IMPROVEMENT FOR NEW LAW OFFICE ON 10TH FLOOR OF EXISTING FIFTH STREET TOWER(BUILDING # 150). AAJ#1  certificate of occupancy required: NO. ***NO CHANGE IN OCCUPANCY***  mechanical plans required for certificate of occupancy  mechanical plans/letter. Closed","address":null,"x":"-93.2680799999999","y":"44.9781300000001","value":"852000","display":"150 5TH ST S","fullname":"FIFTH ST TOWERS PROP LLC","issuedate":"2018/05/31 13:32:55+00","milestone":"Closed","completedate":"2018/10/04 12:01:55+00","applicantcity":"Golden Valley","applicantaddress1":"830 Boone Ave N"},"geometry":{"type":"Point","coordinates":[-93.26808,44.97813]}},{"type":"Feature","properties":{"date":null,"year":0,"description":"Tenant finish out, using existing rooftop unit adding dampers, supply diffusers, return grilles and all associated duct work. Refer to attached drawings.","metadescription":"Mechanical. Comm-MFD. Tenant finish out, using existing rooftop unit adding dampers, supply diffusers, return grilles and all associated duct work. Refer to attached drawings.. Closed","address":null,"x":"-93.27744","y":"44.96367","value":"9570","display":"1901 NICOLLET AVE","fullname":"1901 NICOLLET LLC","issuedate":"2021/03/01 11:42:46+00","milestone":"Closed","completedate":"2021/09/02 15:48:35+00","applicantcity":"Edina","applicantaddress1":"5251 74th St W"},"geometry":{"type":"Point","coordinates":[-93.27744,44.96367]}},{"type":"Feature","properties":{"date":null,"year":0,"description":"Tenant Improvement on 6th floor - Remove finishes, install sheetrock, install floor/wall tile, new plumbing fixtures, replace toilet partitions/accessories and MEP  certificate of occupancy required:  no     special inspections required:   no  const type:","metadescription":"Commercial. Remodel. Tenant Improvement on 6th floor - Remove finishes, install sheetrock, install floor/wall tile, new plumbing fixtures, replace toilet partitions/accessories and MEP  certificate of occupancy required:  no     special inspections required:   no  const type:. Closed","address":null,"x":"-93.27189","y":"44.979","value":"159549","display":"15 5TH ST S","fullname":"15 PARTNERS LLC","issuedate":"2023/06/20 16:07:43+00","milestone":"Closed","completedate":"2023/09/26 13:51:57+00","applicantcity":"MINNEAPOLIS","applicantaddress1":"730 2ND AVE S"},"geometry":{"type":"Point","coordinates":[-93.27189,44.979]}},{"type":"Feature","properties":{"date":null,"year":0,"description":"1st Floor & Basement \"White Box\" for future Tenant Improvement  certificate of occupancy required:  no     special inspections required:  no      const type:   5B      occupancy:  B            2020 MSBC  occupant load:      13  sprinklered: yes   20% acce","metadescription":"Commercial. Remodel. 1st Floor & Basement \"White Box\" for future Tenant Improvement  certificate of occupancy required:  no     special inspections required:  no      const type:   5B      occupancy:  B            2020 MSBC  occupant load:      13  sprinklered: yes   20% acce. Closed","address":null,"x":"-93.27699","y":"44.9553300000001","value":"319285","display":"19 26TH ST E","fullname":"ACM NOVELTY PROPERTIES LLC","issuedate":"2024/10/03 14:53:00+00","milestone":"Closed","completedate":"2026/03/11 09:53:23+00","applicantcity":"St Paul","applicantaddress1":"2327 Wycliff St, Ste 138"},"geometry":{"type":"Point","coordinates":[-93.27699,44.95533]}},{"type":"Feature","properties":{"date":null,"year":0,"description":"*****Existing and new rooftop units will be equipped with demand control ventilation with co2 sensors*****  Tenant Improvement of HVAC system utilizing three existing and adding two new rooftop units, two exhaust fans, supply diffusers, return grilles and","metadescription":"Mechanical. ComMFDNR. *****Existing and new rooftop units will be equipped with demand control ventilation with co2 sensors*****  Tenant Improvement of HVAC system utilizing three existing and adding two new rooftop units, two exhaust fans, supply diffusers, return grilles and. Closed","address":null,"x":"-93.27685","y":"44.96874","value":"28000","display":"1402 1ST AVE S","fullname":"WAMO MANAGEMENT LLC","issuedate":"2021/04/19 14:38:10+00","milestone":"Closed","completedate":"2021/07/20 16:05:29+00","applicantcity":"Elk River","applicantaddress1":"19561 Vernon St. NW"},"geometry":{"type":"Point","coordinates":[-93.27685,44.96874]}},{"type":"Feature","properties":{"date":null,"year":0,"description":"TENANT IMPROVEMENT/BUILD OUT ON 1ST FL","metadescription":"Plumbing. ComFdBv. TENANT IMPROVEMENT/BUILD OUT ON 1ST FL. Closed","address":null,"x":"-93.2631699999999","y":"44.96471","value":"0","display":"1800 CHICAGO AVE","issuedate":"2020/03/31 15:04:24+00","milestone":"Closed","completedate":"2021/02/18 09:28:28+00","applicantcity":"SPRING LAKE PK","applicantaddress1":"8260 ARTHUR ST NE STE A"},"geometry":{"type":"Point","coordinates":[-93.26317,44.96471]}},{"type":"Feature","properties":{"date":null,"year":0,"description":"1,329 S.F  TENANT IMPROVEMENT/ EXPANSION TO ADD 6 SMALL OFFICES AND 2 SMALL CONFERENCE ROOMS INTO ADJACENT SPACE.   NO CHANGE IN USE OR EXIT.  (DMH#1)   Const type: 1-B        Occupancy:            2015 MSBC  occupant load: NO CHANGE  sprinklered: YES  20","metadescription":"Commercial. Remodel. 1,329 S.F  TENANT IMPROVEMENT/ EXPANSION TO ADD 6 SMALL OFFICES AND 2 SMALL CONFERENCE ROOMS INTO ADJACENT SPACE.   NO CHANGE IN USE OR EXIT.  (DMH#1)   Const type: 1-B        Occupancy:            2015 MSBC  occupant load: NO CHANGE  sprinklered: YES  20. Closed","address":null,"x":"-93.29787","y":"44.9495400000001","value":"63362","display":"1350 LAGOON AVE","issuedate":"2018/08/03 10:40:23+00","milestone":"Closed","completedate":"2018/11/06 08:59:54+00","applicantcity":"PLYMOUTH","applicantaddress1":"14700 28TH AVE N STE 30"},"geometry":{"type":"Point","coordinates":[-93.29787,44.94954]}},{"type":"Feature","properties":{"date":null,"year":0,"description":"1,329 S.F  TENANT IMPROVEMENT/ EXPANSION TO ADD 6 SMALL OFFICES AND 2 SMALL CONFERENCE ROOMS INTO ADJACENT SPACE.   NO CHANGE IN USE OR EXIT.  (DMH#1)   Const type: 1-B        Occupancy:            2015 MSBC  occupant load: NO CHANGE  sprinklered: YES  20","metadescription":"Commercial. Remodel. 1,329 S.F  TENANT IMPROVEMENT/ EXPANSION TO ADD 6 SMALL OFFICES AND 2 SMALL CONFERENCE ROOMS INTO ADJACENT SPACE.   NO CHANGE IN USE OR EXIT.  (DMH#1)   Const type: 1-B        Occupancy:            2015 MSBC  occupant load: NO CHANGE  sprinklered: YES  20. Closed","address":null,"x":"-93.29957","y":"44.9502600000001","value":"63362","display":"1350 LAGOON AVE","issuedate":"2018/08/03 10:40:23+00","milestone":"Closed","completedate":"2018/11/06 08:59:54+00","applicantcity":"PLYMOUTH","applicantaddress1":"14700 28TH AVE N STE 30"},"geometry":{"type":"Point","coordinates":[-93.29957,44.95026]}},{"type":"Feature","properties":{"date":null,"year":0,"description":"White Box for Future Tenant Improvement  certificate of occupancy required:  no     special inspections required:  no      const type:  1A      occupancy:  previously A2            2020 MSBC  sprinklered: yes        architect:  Mary Hustad  #17408","metadescription":"Commercial. Remodel. White Box for Future Tenant Improvement  certificate of occupancy required:  no     special inspections required:  no      const type:  1A      occupancy:  previously A2            2020 MSBC  sprinklered: yes        architect:  Mary Hustad  #17408. Closed","address":null,"x":"-93.2977299999999","y":"44.95005","value":"101024","display":"1348 LAGOON AVE","issuedate":"2022/09/16 12:08:47+00","milestone":"Closed","completedate":"2025/07/17 18:58:19+00","applicantcity":"MINNEAPOLIS","applicantaddress1":"33 6TH ST  SUITE 4510"},"geometry":{"type":"Point","coordinates":[-93.29773,44.95005]}},{"type":"Feature","properties":{"date":null,"year":0,"description":"White Box for Future Tenant Improvement  certificate of occupancy required:  no     special inspections required:  no      const type:  1A      occupancy:  previously A2            2020 MSBC  sprinklered: yes        architect:  Mary Hustad  #17408","metadescription":"Commercial. Remodel. White Box for Future Tenant Improvement  certificate of occupancy required:  no     special inspections required:  no      const type:  1A      occupancy:  previously A2            2020 MSBC  sprinklered: yes        architect:  Mary Hustad  #17408. Closed","address":null,"x":"-93.29957","y":"44.9502600000001","value":"101024","display":"1348 LAGOON AVE","issuedate":"2022/09/16 12:08:47+00","milestone":"Closed","completedate":"2025/07/17 18:58:19+00","applicantcity":"MINNEAPOLIS","applicantaddress1":"33 6TH ST  SUITE 4510"},"geometry":{"type":"Point","coordinates":[-93.29957,44.95026]}},{"type":"Feature","properties":{"date":null,"year":0,"description":"White Box for Future Tenant Improvement  certificate of occupancy required:  no     special inspections required:  no      const type:  1A      occupancy:  previously A2            2020 MSBC  sprinklered: yes        architect:  Mary Hustad  #17408","metadescription":"Commercial. Remodel. White Box for Future Tenant Improvement  certificate of occupancy required:  no     special inspections required:  no      const type:  1A      occupancy:  previously A2            2020 MSBC  sprinklered: yes        architect:  Mary Hustad  #17408. Closed","address":null,"x":"-93.29787","y":"44.9495400000001","value":"101024","display":"1348 LAGOON AVE","issuedate":"2022/09/16 12:08:47+00","milestone":"Closed","completedate":"2025/07/17 18:58:19+00","applicantcity":"MINNEAPOLIS","applicantaddress1":"33 6TH ST  SUITE 4510"},"geometry":{"type":"Point","coordinates":[-93.29787,44.94954]}},{"type":"Feature","properties":{"date":null,"year":0,"description":"restrooms\r\rTENANT IMPROVEMENTS TO EXISTING MEDICAL OFFICE SPACE - SUITE 150 (10,187 SF), CREATE NEW CONFERENCE ROOM AND OFFICE, ALTER AND EXPAND MENS AND WOMENS RESTROOMS FOR ACCESSIBILITY.  \r\rcertificate of occupancy required  NO\rmechanical plans require","metadescription":"Commercial. Remodel. restrooms\r\rTENANT IMPROVEMENTS TO EXISTING MEDICAL OFFICE SPACE - SUITE 150 (10,187 SF), CREATE NEW CONFERENCE ROOM AND OFFICE, ALTER AND EXPAND MENS AND WOMENS RESTROOMS FOR ACCESSIBILITY.  \r\rcertificate of occupancy required  NO\rmechanical plans require. Closed","address":null,"x":"-93.2456299999999","y":"45.0017500000001","value":"89000","display":"1331 TYLER ST NE","fullname":"MN TYLER OWNER LLC","issuedate":"2017/01/18 15:14:04+00","milestone":"Closed","completedate":"2018/03/16 08:35:29+00","applicantcity":"MINNEAPOLIS","applicantaddress1":"730 2ND AVE S"},"geometry":{"type":"Point","coordinates":[-93.24563,45.00175]}},{"type":"Feature","properties":{"date":null,"year":0,"description":"1,329 S.F  TENANT IMPROVEMENT/ EXPANSION TO ADD 6 SMALL OFFICES AND 2 SMALL CONFERENCE ROOMS INTO ADJACENT SPACE.   NO CHANGE IN USE OR EXIT.  (DMH#1)   Const type: 1-B        Occupancy:            2015 MSBC  occupant load: NO CHANGE  sprinklered: YES  20","metadescription":"Commercial. Remodel. 1,329 S.F  TENANT IMPROVEMENT/ EXPANSION TO ADD 6 SMALL OFFICES AND 2 SMALL CONFERENCE ROOMS INTO ADJACENT SPACE.   NO CHANGE IN USE OR EXIT.  (DMH#1)   Const type: 1-B        Occupancy:            2015 MSBC  occupant load: NO CHANGE  sprinklered: YES  20. Closed","address":null,"x":"-93.2977299999999","y":"44.95005","value":"63362","display":"1350 LAGOON AVE","issuedate":"2018/08/03 10:40:23+00","milestone":"Closed","completedate":"2018/11/06 08:59:54+00","applicantcity":"PLYMOUTH","applicantaddress1":"14700 28TH AVE N STE 30"},"geometry":{"type":"Point","coordinates":[-93.29773,44.95005]}},{"type":"Feature","properties":{"date":null,"year":0,"description":"Tenant improvement Suite C-1  certificate of occupancy required:   no     const type:  3-B        occupancy:  B            2020 MSBC   occupant load:    81    sprinklered: yes      sac: _1.49_ charges  _1.32_ credits = _0_ net  met council letter dated _4","metadescription":"Commercial. Remodel. Tenant improvement Suite C-1  certificate of occupancy required:   no     const type:  3-B        occupancy:  B            2020 MSBC   occupant load:    81    sprinklered: yes      sac: _1.49_ charges  _1.32_ credits = _0_ net  met council letter dated _4. Closed","address":null,"x":"-93.25056","y":"45.00102","value":"640000","display":"1325 QUINCY ST NE","fullname":"1325 PROPERTY OWNER LLC","issuedate":"2023/05/09 08:20:57+00","milestone":"Closed","completedate":"2023/08/02 08:56:38+00","applicantcity":"MINNEAPOLIS","applicantaddress1":"800 WASHINGTON AVE N # 600"},"geometry":{"type":"Point","coordinates":[-93.25056,45.00102]}},{"type":"Feature","properties":{"date":null,"year":0,"description":"White Box for Future Tenant Improvement  certificate of occupancy required:  no     special inspections required:  no      const type:  1A      occupancy:  previously A2            2020 MSBC  sprinklered: yes        architect:  Mary Hustad  #17408","metadescription":"Commercial. Remodel. White Box for Future Tenant Improvement  certificate of occupancy required:  no     special inspections required:  no      const type:  1A      occupancy:  previously A2            2020 MSBC  sprinklered: yes        architect:  Mary Hustad  #17408. Closed","address":null,"x":"-93.2964899999999","y":"44.94985","value":"101024","display":"1348 LAGOON AVE","issuedate":"2022/09/16 12:08:47+00","milestone":"Closed","completedate":"2025/07/17 18:58:19+00","applicantcity":"MINNEAPOLIS","applicantaddress1":"33 6TH ST  SUITE 4510"},"geometry":{"type":"Point","coordinates":[-93.29649,44.94985]}},{"type":"Feature","properties":{"date":null,"year":0,"description":"White Box for Future Tenant Improvement  certificate of occupancy required:  no     special inspections required:  no      const type:  1A      occupancy:  previously A2            2020 MSBC  sprinklered: yes        architect:  Mary Hustad  #17408","metadescription":"Commercial. Remodel. White Box for Future Tenant Improvement  certificate of occupancy required:  no     special inspections required:  no      const type:  1A      occupancy:  previously A2            2020 MSBC  sprinklered: yes        architect:  Mary Hustad  #17408. Closed","address":null,"x":"-93.29738","y":"44.9494100000001","value":"101024","display":"1348 LAGOON AVE","issuedate":"2022/09/16 12:08:47+00","milestone":"Closed","completedate":"2025/07/17 18:58:19+00","applicantcity":"MINNEAPOLIS","applicantaddress1":"33 6TH ST  SUITE 4510"},"geometry":{"type":"Point","coordinates":[-93.29738,44.94941]}},{"type":"Feature","properties":{"date":null,"year":0,"description":"White Box for Future Tenant Improvement  certificate of occupancy required:  no     special inspections required:  no      const type:  1A      occupancy:  previously A2            2020 MSBC  sprinklered: yes        architect:  Mary Hustad  #17408","metadescription":"Commercial. Remodel. White Box for Future Tenant Improvement  certificate of occupancy required:  no     special inspections required:  no      const type:  1A      occupancy:  previously A2            2020 MSBC  sprinklered: yes        architect:  Mary Hustad  #17408. Closed","address":null,"x":"-93.2961099999999","y":"44.9494700000001","value":"101024","display":"1348 LAGOON AVE","issuedate":"2022/09/16 12:08:47+00","milestone":"Closed","completedate":"2025/07/17 18:58:19+00","applicantcity":"MINNEAPOLIS","applicantaddress1":"33 6TH ST  SUITE 4510"},"geometry":{"type":"Point","coordinates":[-93.29611,44.94947]}},{"type":"Feature","properties":{"date":null,"year":0,"description":"White Box for Future Tenant Improvement  certificate of occupancy required:  no     special inspections required:  no      const type:  1A      occupancy:  previously A2            2020 MSBC  sprinklered: yes        architect:  Mary Hustad  #17408","metadescription":"Commercial. Remodel. White Box for Future Tenant Improvement  certificate of occupancy required:  no     special inspections required:  no      const type:  1A      occupancy:  previously A2            2020 MSBC  sprinklered: yes        architect:  Mary Hustad  #17408. Closed","address":null,"x":"-93.2973499999999","y":"44.9497200000001","value":"101024","display":"1348 LAGOON AVE","issuedate":"2022/09/16 12:08:47+00","milestone":"Closed","completedate":"2025/07/17 18:58:19+00","applicantcity":"MINNEAPOLIS","applicantaddress1":"33 6TH ST  SUITE 4510"},"geometry":{"type":"Point","coordinates":[-93.29735,44.94972]}},{"type":"Feature","properties":{"date":null,"year":0,"description":"Tenant Improvement - convert from business use to mercantile - NO WORK  CERTIFICATE OF OCCUPANCY REQUIRED - AN AUTHORIZED REPRESENTATIVE OF THE PERMIT APPLICANT MUST CALL 612-673-2327 TO SCHEDULE A CERTIFICATE OF OCCUPANCY INSPECTION TWENTY (20) BUSINESS","metadescription":"Commercial. Remodel. Tenant Improvement - convert from business use to mercantile - NO WORK  CERTIFICATE OF OCCUPANCY REQUIRED - AN AUTHORIZED REPRESENTATIVE OF THE PERMIT APPLICANT MUST CALL 612-673-2327 TO SCHEDULE A CERTIFICATE OF OCCUPANCY INSPECTION TWENTY (20) BUSINESS. Closed","address":null,"x":"-93.25542","y":"44.94809","value":"500","display":"1317 LAKE ST E","fullname":"NUSTAR INVESTMENTS LLC","issuedate":"2021/09/16 15:26:30+00","milestone":"Closed","completedate":"2022/08/05 10:04:37+00","applicantcity":"MINNEAPOLIS","applicantaddress1":"310 4TH AVE SO"},"geometry":{"type":"Point","coordinates":[-93.25542,44.94809]}},{"type":"Feature","properties":{"date":null,"year":0,"description":"Tenant Improvement of HVAC system including one furnace with DX coil and condensing unit, one exhaust fans, GRDs and all associated ductwork per approved plans.","metadescription":"Mechanical. ComMFDNR. Tenant Improvement of HVAC system including one furnace with DX coil and condensing unit, one exhaust fans, GRDs and all associated ductwork per approved plans.. Closed","address":null,"x":"-93.27829","y":"44.96561","value":"22000","display":"1724 NICOLLET AVE","fullname":"NICO II APARTMENTS PARTNERSHIP LLC","issuedate":"2026/03/16 10:36:18+00","milestone":"Closed","completedate":"2026/04/22 13:45:31+00","applicantcity":"Hamel","applicantaddress1":"795 Tower Dr"},"geometry":{"type":"Point","coordinates":[-93.27829,44.96561]}},{"type":"Feature","properties":{"date":null,"year":0,"description":"Interior tenant finish of existing space to include framing, drywall, paint, plumbing, electrical and HVAC.\r\rINTERIOR TENANT FINISH.*M-R/R\tMERCANTILE OCCUPANCY REMODEL OR REPAIR\r\rcertificate of occupancy required    no\r\rspecial inspections required  yes","metadescription":"Commercial. Remodel. Interior tenant finish of existing space to include framing, drywall, paint, plumbing, electrical and HVAC.\r\rINTERIOR TENANT FINISH.*M-R/R\tMERCANTILE OCCUPANCY REMODEL OR REPAIR\r\rcertificate of occupancy required    no\r\rspecial inspections required  yes. Closed","address":null,"x":"-93.2287699999999","y":"44.9919200000001","value":"22153","display":"1621 HENNEPIN AVE E","fullname":"FISK BUILDING LLC","issuedate":"2016/12/09 11:23:20+00","milestone":"Closed","completedate":"2017/01/18 08:11:40+00","applicantcity":"MINNEAPOLIS","applicantaddress1":"ATTN ROB SHAROT"},"geometry":{"type":"Point","coordinates":[-93.22877,44.99192]}},{"type":"Feature","properties":{"date":null,"year":0,"description":"Tenant Improvement - Identity Leasing  certificate of occupancy required:  no     special inspections required:  no      occupancy:  B            2020 MSBC  occupant load:     7   sprinklered: no    20% accessibility upgrades:  unisex restroom    sac: 1.2","metadescription":"Commercial. Remodel. Tenant Improvement - Identity Leasing  certificate of occupancy required:  no     special inspections required:  no      occupancy:  B            2020 MSBC  occupant load:     7   sprinklered: no    20% accessibility upgrades:  unisex restroom    sac: 1.2. Closed","address":null,"x":"-93.2360199999999","y":"44.9809700000001","value":"70000","display":"1325 4TH ST SE","fullname":"SAKALLAH DEVELOPMENT, LLC","issuedate":"2022/07/14 12:12:04+00","milestone":"Closed","completedate":"2024/02/13 10:28:40+00","applicantcity":"Elk River","applicantaddress1":"10908 171st Ave NW"},"geometry":{"type":"Point","coordinates":[-93.23602,44.98097]}},{"type":"Feature","properties":{"date":null,"year":0,"description":"Commercial space tenant fit out for a small grocery store -ACW     certificate of occupancy required:  yes    mechanical plans required for certificate of occupancy  special inspections required:   no      const type:  1-A       occupancy: M","metadescription":"Commercial. Remodel. Commercial space tenant fit out for a small grocery store -ACW     certificate of occupancy required:  yes    mechanical plans required for certificate of occupancy  special inspections required:   no      const type:  1-A       occupancy: M. Issued","address":null,"x":"-93.25023","y":"44.9487100000001","value":"52517","display":"1614 LAKE ST E","fullname":"DREH LLC","issuedate":"2025/10/22 15:39:01+00","milestone":"Inspection","applicantcity":"Minneapolis","applicantaddress1":"2944 17th Ave S"},"geometry":{"type":"Point","coordinates":[-93.25023,44.94871]}},{"type":"Feature","properties":{"date":null,"year":0,"description":"LEVEL 3 TENANT IMPROVEMENT/CHILLED BEAMS & FTR PER ENGINEERED DRAWINGS","metadescription":"Mechanical. Comm-MFD. LEVEL 3 TENANT IMPROVEMENT/CHILLED BEAMS & FTR PER ENGINEERED DRAWINGS. Closed","address":null,"x":"-93.30635","y":"44.99105","value":"124400","display":"1256 PENN AVE N","issuedate":"2018/02/05 10:31:34+00","milestone":"Closed","completedate":"2018/08/22 13:12:18+00","applicantcity":"New Hope","applicantaddress1":"7400 49th Ave N"},"geometry":{"type":"Point","coordinates":[-93.30635,44.99105]}},{"type":"Feature","properties":{"date":null,"year":0,"description":"FOR LEVEL 3 TENANT IMPROVEMENT - HANDWASHING SINK, TOILET, LAVATORY, SHOWER, KITCHEN SINK, AND FLOOR DRAIN","metadescription":"Plumbing. ComNoFdBv. FOR LEVEL 3 TENANT IMPROVEMENT - HANDWASHING SINK, TOILET, LAVATORY, SHOWER, KITCHEN SINK, AND FLOOR DRAIN. Closed","address":null,"x":"-93.30733","y":"44.9906","value":"0","display":"1256 PENN AVE N","issuedate":"2018/02/01 10:10:38+00","milestone":"Closed","completedate":"2018/07/13 11:52:36+00","applicantcity":"New Hope","applicantaddress1":"7400 49th Ave N"},"geometry":{"type":"Point","coordinates":[-93.30733,44.9906]}},{"type":"Feature","properties":{"date":null,"year":0,"description":"TENANT IMPROVEMENT - SUITE 220 - COMFORT THERAPUTICS   certificate of occupancy required:  no    special inspections required:   no  const type:   2B      occupancy:      B        2020 MSBC occupant load:    26   sprinklered: yes  sac: 1.46 charges  1.02","metadescription":"Commercial. Remodel. TENANT IMPROVEMENT - SUITE 220 - COMFORT THERAPUTICS   certificate of occupancy required:  no    special inspections required:   no  const type:   2B      occupancy:      B        2020 MSBC occupant load:    26   sprinklered: yes  sac: 1.46 charges  1.02. Closed","address":null,"x":"-93.23627","y":"44.9980800000001","value":"51000","display":"1600 BROADWAY ST NE","fullname":"MAGENTA VII LLC","issuedate":"2021/10/14 12:18:08+00","milestone":"Closed","completedate":"2022/01/31 08:25:04+00","applicantcity":"Edina","applicantaddress1":"5280 W 74th St"},"geometry":{"type":"Point","coordinates":[-93.23627,44.99808]}},{"type":"Feature","properties":{"date":null,"year":0,"description":"Finishes/Wall Framing for Future 1st fl tenant space. Tenant Separate Permit Required for Tenant Improvement Work certificate of occupancy required: no ***** mechanical plans required for certificate of occupancy***** mechanical plans/letter of means of c","metadescription":"Commercial. Remodel. Finishes/Wall Framing for Future 1st fl tenant space. Tenant Separate Permit Required for Tenant Improvement Work certificate of occupancy required: no ***** mechanical plans required for certificate of occupancy***** mechanical plans/letter of means of c. Closed","address":null,"x":"-93.25719","y":"45.00503","value":"20000","display":"1629 WASHINGTON ST NE","fullname":"GERALD W TIMM","issuedate":"2019/11/20 14:20:27+00","milestone":"Closed","completedate":"2021/11/09 11:45:07+00","applicantcity":"Minneapolis","applicantaddress1":"PO Box 27171"},"geometry":{"type":"Point","coordinates":[-93.25719,45.00503]}},{"type":"Feature","properties":{"date":null,"year":0,"description":"TENANT IMPROVEMENT FOR NEW RESTAURANT USING EXISTING RESTAURANT SPACE. AAJ#2.     certificate of occupancy required: NO. EXISTING TENANT SPACE WAS USED AS A RESTAURANT(LA CEIBA BISTRO RESTUARANT) mechanical plans required for certificate of occupancy mech","metadescription":"Commercial. Remodel. TENANT IMPROVEMENT FOR NEW RESTAURANT USING EXISTING RESTAURANT SPACE. AAJ#2.     certificate of occupancy required: NO. EXISTING TENANT SPACE WAS USED AS A RESTAURANT(LA CEIBA BISTRO RESTUARANT) mechanical plans required for certificate of occupancy mech. Closed","address":null,"x":"-93.2526799999999","y":"44.9393700000001","value":"20000","display":"1517 35TH ST E","issuedate":"2019/09/25 10:16:42+00","milestone":"Closed","completedate":"2019/12/04 14:22:58+00","applicantcity":"Minneapolis","applicantaddress1":"1517 East 35th Street"},"geometry":{"type":"Point","coordinates":[-93.25268,44.93937]}},{"type":"Feature","properties":{"date":null,"year":0,"description":"TENANT IMPROVEMENT - MEDITATION CENTER    certificate of occupancy required:  yes   mechanical plans required for certificate of occupancy  mechanical plans/letter of means of compliance submitted\\  special inspections required: no      const type:","metadescription":"Commercial. Remodel. TENANT IMPROVEMENT - MEDITATION CENTER    certificate of occupancy required:  yes   mechanical plans required for certificate of occupancy  mechanical plans/letter of means of compliance submitted\\  special inspections required: no      const type:. Closed","address":null,"x":"-93.2287699999999","y":"44.9919200000001","value":"87506","display":"1621 HENNEPIN AVE E","fullname":"FISK BUILDING LLC","issuedate":"2018/01/03 08:41:23+00","milestone":"Closed","completedate":"2021/04/28 14:17:10+00","applicantcity":"MINNEAPOLIS","applicantaddress1":"901 3rd st N STE 309"},"geometry":{"type":"Point","coordinates":[-93.22877,44.99192]}},{"type":"Feature","properties":{"date":null,"year":0,"description":"Tenant Improvement - New Take-out Restaurant - Greektown Kitchen  certificate of occupancy required:  no     special inspections required:  no  SEPARATE PERMITS ARE REQUIRED FOR ELECTRICAL, PLUMBING, HEATING/AIR CONDITIONING/VENTILATION WORK.  occupancy:","metadescription":"Commercial. Remodel. Tenant Improvement - New Take-out Restaurant - Greektown Kitchen  certificate of occupancy required:  no     special inspections required:  no  SEPARATE PERMITS ARE REQUIRED FOR ELECTRICAL, PLUMBING, HEATING/AIR CONDITIONING/VENTILATION WORK.  occupancy:. Issued","address":null,"x":"-93.23008","y":"44.98769","value":"52500","display":"1506 COMO AVE SE","fullname":"1500 COMO LLC","issuedate":"2025/06/18 08:33:47+00","milestone":"Inspection","applicantcity":"EAGAN","applicantaddress1":"4892 TWINS CT"},"geometry":{"type":"Point","coordinates":[-93.23008,44.98769]}},{"type":"Feature","properties":{"date":null,"year":0,"description":"Tenant Improvement - Claros Technologies  certificate of occupancy required:  no    special inspections required:  no  const type:  2B       occupancy:    B          2020 MSBC occupant load:    17   sprinklered: yes   sac: 4.20 charges  4.20 credits = 0.0","metadescription":"Commercial. Remodel. Tenant Improvement - Claros Technologies  certificate of occupancy required:  no    special inspections required:  no  const type:  2B       occupancy:    B          2020 MSBC occupant load:    17   sprinklered: yes   sac: 4.20 charges  4.20 credits = 0.0. Closed","address":null,"x":"-93.23627","y":"44.9980800000001","value":"274000","display":"1600 BROADWAY ST NE","fullname":"MAGENTA VII LLC","issuedate":"2021/11/15 10:36:48+00","milestone":"Closed","completedate":"2022/03/22 07:14:24+00","applicantcity":"Edina","applicantaddress1":"5280 W 74th St"},"geometry":{"type":"Point","coordinates":[-93.23627,44.99808]}},{"type":"Feature","properties":{"date":null,"year":0,"description":"NON-STRUCTURAL INTERIOR DEMOLITION OF 32ND AND 33RD FLOOR(S) OF COMMERCIAL BUILDING IN PREPARATION FOR FUTURE TENANT IMPROVEMENT WORK. AAJ#1.    const type:   1 - A      occupancy:   B - OFFICE            2015 MSBC  occupant load:  N/A. PERMIT IS FOR DEMO","metadescription":"Commercial. Remodel. NON-STRUCTURAL INTERIOR DEMOLITION OF 32ND AND 33RD FLOOR(S) OF COMMERCIAL BUILDING IN PREPARATION FOR FUTURE TENANT IMPROVEMENT WORK. AAJ#1.    const type:   1 - A      occupancy:   B - OFFICE            2015 MSBC  occupant load:  N/A. PERMIT IS FOR DEMO. Closed","address":null,"x":"-93.2680799999999","y":"44.9781300000001","value":"75050","display":"150 5TH ST S","fullname":"FIFTH ST TOWERS PROP LLC","issuedate":"2017/10/30 15:43:39+00","milestone":"Closed","completedate":"2019/03/06 10:03:01+00","applicantcity":"MINNEAPOLIS","applicantaddress1":"33 6TH ST  SUITE 4510"},"geometry":{"type":"Point","coordinates":[-93.26808,44.97813]}},{"type":"Feature","properties":{"date":null,"year":0,"description":"HVAC system for tenant improvement, including makeup air, lab hood exhaust and associated exhaust fan and associated ductwork. Refer to attached drawings.","metadescription":"Mechanical. ComMFDNR. HVAC system for tenant improvement, including makeup air, lab hood exhaust and associated exhaust fan and associated ductwork. Refer to attached drawings.. Closed","address":null,"x":"-93.23627","y":"44.9980800000001","value":"92000","display":"1600 BROADWAY ST NE","fullname":"MAGENTA VII LLC","issuedate":"2021/10/18 15:10:58+00","milestone":"Closed","completedate":"2023/04/11 07:25:49+00","applicantcity":"Savage","applicantaddress1":"8440 Eagle Creek Pkwy"},"geometry":{"type":"Point","coordinates":[-93.23627,44.99808]}},{"type":"Feature","properties":{"date":null,"year":0,"description":"Tenant Improvement - Barre 3 - Suite 110   CERTIFICATE OF OCCUPANCY REQUIRED - AN AUTHORIZED REPRESENTATIVE OF THE PERMIT APPLICANT MUST CALL 612-673-2327 TO SCHEDULE A CERTIFICATE OF OCCUPANCY INSPECTION TWENTY (20) BUSINESS DAYS BEFORE THE DATE OF DESIR","metadescription":"Commercial. Remodel. Tenant Improvement - Barre 3 - Suite 110   CERTIFICATE OF OCCUPANCY REQUIRED - AN AUTHORIZED REPRESENTATIVE OF THE PERMIT APPLICANT MUST CALL 612-673-2327 TO SCHEDULE A CERTIFICATE OF OCCUPANCY INSPECTION TWENTY (20) BUSINESS DAYS BEFORE THE DATE OF DESIR. Closed","address":null,"x":"-93.26953","y":"44.98459","value":"320014","display":"128 2ND ST N","issuedate":"2022/11/02 09:58:18+00","milestone":"Closed","completedate":"2025/05/15 09:58:15+00","applicantcity":"Dallas","applicantaddress1":"14001 Quorum Dr, #310"},"geometry":{"type":"Point","coordinates":[-93.26953,44.98459]}},{"type":"Feature","properties":{"date":null,"year":0,"description":"floor 10 tenant improvements","metadescription":"Plumbing. ComFdBv. floor 10 tenant improvements. Closed","address":null,"x":"-93.2680799999999","y":"44.9781300000001","value":"0","display":"150 5TH ST S","fullname":"FIFTH ST TOWERS PROP LLC","issuedate":"2018/06/06 09:00:41+00","milestone":"Closed","completedate":"2018/10/16 09:08:03+00","applicantcity":"Minneapolis","applicantaddress1":"315 Royalston Ave"},"geometry":{"type":"Point","coordinates":[-93.26808,44.97813]}},{"type":"Feature","properties":{"date":null,"year":0,"description":"LEVEL 3 TENANT IMPROVEMENT/CHILLED BEAMS & FTR PER ENGINEERED DRAWINGS","metadescription":"Mechanical. Comm-MFD. LEVEL 3 TENANT IMPROVEMENT/CHILLED BEAMS & FTR PER ENGINEERED DRAWINGS. Closed","address":null,"x":"-93.3078599999999","y":"44.9908600000001","value":"124400","display":"1256 PENN AVE N","issuedate":"2018/02/05 10:31:34+00","milestone":"Closed","completedate":"2018/08/22 13:12:18+00","applicantcity":"New Hope","applicantaddress1":"7400 49th Ave N"},"geometry":{"type":"Point","coordinates":[-93.30786,44.99086]}},{"type":"Feature","properties":{"date":null,"year":0,"description":"LEVEL 3 TENANT IMPROVEMENT/CHILLED BEAMS & FTR PER ENGINEERED DRAWINGS","metadescription":"Mechanical. Comm-MFD. LEVEL 3 TENANT IMPROVEMENT/CHILLED BEAMS & FTR PER ENGINEERED DRAWINGS. Closed","address":null,"x":"-93.3076","y":"44.9911500000001","value":"124400","display":"1256 PENN AVE N","issuedate":"2018/02/05 10:31:34+00","milestone":"Closed","completedate":"2018/08/22 13:12:18+00","applicantcity":"New Hope","applicantaddress1":"7400 49th Ave N"},"geometry":{"type":"Point","coordinates":[-93.3076,44.99115]}},{"type":"Feature","properties":{"date":null,"year":0,"description":"Suite# 3150 interior tenant improvement\r\roffice remodel in office suite 3150.    sck#1","metadescription":"Commercial. Remodel. Suite# 3150 interior tenant improvement\r\roffice remodel in office suite 3150.    sck#1. Closed","address":null,"x":"-93.2680799999999","y":"44.9781300000001","value":"49102","display":"150 5TH ST S","fullname":"FIFTH ST TOWERS PROP LLC","issuedate":"2016/12/21 14:14:30+00","milestone":"Closed","completedate":"2017/05/04 11:13:26+00","applicantcity":"MINNEAPOLIS","applicantaddress1":"2316 4TH AVE S"},"geometry":{"type":"Point","coordinates":[-93.26808,44.97813]}},{"type":"Feature","properties":{"date":null,"year":0,"description":"EMPYREAN TENANT IMPROVEMENT.    4TH FLOOR. NO STRUCTURAL WORK.  BATHROOM UPDATE.  BUILDING IS OVER 120'.  SMOKE PARTITIONS AT ELEVATOR.  (JJL)     certificate of occupancy required:    no   ***** mechanical plans required for certificate of occupancy*****","metadescription":"Commercial. Remodel. EMPYREAN TENANT IMPROVEMENT.    4TH FLOOR. NO STRUCTURAL WORK.  BATHROOM UPDATE.  BUILDING IS OVER 120'.  SMOKE PARTITIONS AT ELEVATOR.  (JJL)     certificate of occupancy required:    no   ***** mechanical plans required for certificate of occupancy*****. Closed","address":null,"x":"-93.27189","y":"44.979","value":"597631","display":"15 5TH ST S","fullname":"15 PARTNERS LLC","issuedate":"2020/09/15 11:52:47+00","milestone":"Closed","completedate":"2020/12/09 14:04:15+00","applicantcity":"PLYMOUTH","applicantaddress1":"13821 INDUSTRIAL PARK BLVD"},"geometry":{"type":"Point","coordinates":[-93.27189,44.979]}},{"type":"Feature","properties":{"date":null,"year":0,"description":"TENANT IMPROVEMENT AT 3RD FLOOR (MAA)  certificate of occupancy required:  NO      const type:   IB      occupancy:   B           2020 MSBC occupant load:   148    sprinklered: YES 20% accessibility upgrades___FULLY_______ Tenant:   15 BUILDING SPEC SUITE","metadescription":"Commercial. Remodel. TENANT IMPROVEMENT AT 3RD FLOOR (MAA)  certificate of occupancy required:  NO      const type:   IB      occupancy:   B           2020 MSBC occupant load:   148    sprinklered: YES 20% accessibility upgrades___FULLY_______ Tenant:   15 BUILDING SPEC SUITE. Closed","address":null,"x":"-93.27189","y":"44.979","value":"1177771","display":"15 5TH ST S","fullname":"15 PARTNERS LLC","issuedate":"2022/01/11 14:19:26+00","milestone":"Closed","completedate":"2022/07/19 11:40:22+00","applicantcity":"MINNEAPOLIS","applicantaddress1":"730 2ND AVE S"},"geometry":{"type":"Point","coordinates":[-93.27189,44.979]}},{"type":"Feature","properties":{"date":null,"year":0,"description":"FOR LEVEL 3 TENANT IMPROVEMENT - HANDWASHING SINK, TOILET, LAVATORY, SHOWER, KITCHEN SINK, AND FLOOR DRAIN","metadescription":"Plumbing. ComNoFdBv. FOR LEVEL 3 TENANT IMPROVEMENT - HANDWASHING SINK, TOILET, LAVATORY, SHOWER, KITCHEN SINK, AND FLOOR DRAIN. Closed","address":null,"x":"-93.3076","y":"44.9911500000001","value":"0","display":"1256 PENN AVE N","issuedate":"2018/02/01 10:10:38+00","milestone":"Closed","completedate":"2018/07/13 11:52:36+00","applicantcity":"New Hope","applicantaddress1":"7400 49th Ave N"},"geometry":{"type":"Point","coordinates":[-93.3076,44.99115]}},{"type":"Feature","properties":{"date":null,"year":0,"description":"FOR LEVEL 3 TENANT IMPROVEMENT - HANDWASHING SINK, TOILET, LAVATORY, SHOWER, KITCHEN SINK, AND FLOOR DRAIN","metadescription":"Plumbing. ComNoFdBv. FOR LEVEL 3 TENANT IMPROVEMENT - HANDWASHING SINK, TOILET, LAVATORY, SHOWER, KITCHEN SINK, AND FLOOR DRAIN. Closed","address":null,"x":"-93.3078599999999","y":"44.9908600000001","value":"0","display":"1256 PENN AVE N","issuedate":"2018/02/01 10:10:38+00","milestone":"Closed","completedate":"2018/07/13 11:52:36+00","applicantcity":"New Hope","applicantaddress1":"7400 49th Ave N"},"geometry":{"type":"Point","coordinates":[-93.30786,44.99086]}},{"type":"Feature","properties":{"date":null,"year":0,"description":"Tenant Improvement in existing building -ACW     certificate of occupancy required:   no     special inspections required:   no     occupancy:    B          2020 MSBC     SAC:  Total Charge: 0.57  Total Credit: 0.58  Net SAC: -0.01 = 0 SAC Due  met counci","metadescription":"Commercial. Remodel. Tenant Improvement in existing building -ACW     certificate of occupancy required:   no     special inspections required:   no     occupancy:    B          2020 MSBC     SAC:  Total Charge: 0.57  Total Credit: 0.58  Net SAC: -0.01 = 0 SAC Due  met counci. Issued","address":null,"x":"-93.25494","y":"44.9846700000001","value":"125000","display":"125 MAIN ST SE","fullname":"DEACON FLATS LLC","issuedate":"2025/11/20 13:42:01+00","milestone":"Final Inspection","applicantcity":"Coon Rapids","applicantaddress1":"11648 Bittersweet St"},"geometry":{"type":"Point","coordinates":[-93.25494,44.98467]}},{"type":"Feature","properties":{"date":null,"year":0,"description":"TENANT IMPROVEMENT - UNIT 1425 and 1430  B occup.  !-A fully sprink.    C of O - no  SAC - NA  Fully accessible","metadescription":"Commercial. Remodel. TENANT IMPROVEMENT - UNIT 1425 and 1430  B occup.  !-A fully sprink.    C of O - no  SAC - NA  Fully accessible. Closed","address":null,"x":"-93.2680799999999","y":"44.9781300000001","value":"40363","display":"150 5TH ST S","fullname":"FIFTH ST TOWERS PROP LLC","issuedate":"2020/04/28 08:56:58+00","milestone":"Closed","completedate":"2020/06/03 12:35:02+00","applicantcity":"Plymouth","applicantaddress1":"13821 Industrial Park Blvd"},"geometry":{"type":"Point","coordinates":[-93.26808,44.97813]}},{"type":"Feature","properties":{"date":null,"year":0,"description":"Three tenant finish out adding three rooftop units with gas heat, two exhaust fan, supply\rdiffusers, return grilles and all associated duct work. Refer to attached\rdrawings.","metadescription":"Mechanical. Comm-MFD. Three tenant finish out adding three rooftop units with gas heat, two exhaust fan, supply\rdiffusers, return grilles and all associated duct work. Refer to attached\rdrawings.. Closed","address":null,"x":"-93.29948","y":"44.99981","value":"37500","display":"1510 WEST BROADWAY","fullname":"2000 PLYMOUTH LLC","issuedate":"2021/01/14 15:44:08+00","milestone":"Closed","completedate":"2021/07/26 07:34:32+00","applicantcity":"Elk River","applicantaddress1":"19561 Vernon St. NW"},"geometry":{"type":"Point","coordinates":[-93.29948,44.99981]}},{"type":"Feature","properties":{"date":null,"year":0,"description":"unit # 110 tenant improvements.  MALLEY DESIGN OFFICE.  REMOVING SOME NON STRUCTURAL WALLS AND CREATING A CONFERENCE ROOM PLUS ELECTRICAL CLOSET.  ALL NON-COMBUSTIBLE CONSTRUCTION.  RELOCATED SPRINKLERS BASED ON ACOUSTICAL PANELS AS NEEDED. NO CHANGE TO E","metadescription":"Commercial. Remodel. unit # 110 tenant improvements.  MALLEY DESIGN OFFICE.  REMOVING SOME NON STRUCTURAL WALLS AND CREATING A CONFERENCE ROOM PLUS ELECTRICAL CLOSET.  ALL NON-COMBUSTIBLE CONSTRUCTION.  RELOCATED SPRINKLERS BASED ON ACOUSTICAL PANELS AS NEEDED. NO CHANGE TO E. Closed","address":null,"x":"-93.2450699999999","y":"45.0009600000001","value":"56000","display":"1229 TYLER ST NE","fullname":"MN TYLER OWNER LLC","issuedate":"2019/02/11 11:03:37+00","milestone":"Closed","completedate":"2019/03/29 07:06:44+00","applicantcity":"PLYMOUTH","applicantaddress1":"14700 28TH AVE N"},"geometry":{"type":"Point","coordinates":[-93.24507,45.00096]}},{"type":"Feature","properties":{"date":null,"year":0,"description":"TENANT IMPROVEMENT (JJL)           certificate of occupancy required:  yes     special inspections required:   no     const type:   2B      occupancy:       B       2015 MSBC  occupant load:  30  sprinklered: yes      elevator review ____NA____    Tenant:","metadescription":"Commercial. Remodel. TENANT IMPROVEMENT (JJL)           certificate of occupancy required:  yes     special inspections required:   no     const type:   2B      occupancy:       B       2015 MSBC  occupant load:  30  sprinklered: yes      elevator review ____NA____    Tenant:. Closed","address":null,"x":"-93.2680799999999","y":"44.9781300000001","value":"262988","display":"150 5TH ST S","fullname":"FIFTH ST TOWERS PROP LLC","issuedate":"2018/10/05 09:03:06+00","milestone":"Closed","completedate":"2019/03/01 05:57:27+00","applicantcity":"MINNEAPOLIS","applicantaddress1":"33 6TH ST  SUITE 4510"},"geometry":{"type":"Point","coordinates":[-93.26808,44.97813]}},{"type":"Feature","properties":{"date":null,"year":0,"description":"TENANT IMPROVEMENT 27TH FLOOR.  SUITE 2700.  BATHROOM UPGRADES TO BE ON A SEPARATE PERMIT.  (JJL)     certificate of occupancy required:    no mechanical plans required for certificate of occupancy mechanical plans/letter of means of compliance submitted\\","metadescription":"Commercial. Remodel. TENANT IMPROVEMENT 27TH FLOOR.  SUITE 2700.  BATHROOM UPGRADES TO BE ON A SEPARATE PERMIT.  (JJL)     certificate of occupancy required:    no mechanical plans required for certificate of occupancy mechanical plans/letter of means of compliance submitted\\. Closed","address":null,"x":"-93.2680799999999","y":"44.9781300000001","value":"1038977","display":"150 5TH ST S","fullname":"FIFTH ST TOWERS PROP LLC","issuedate":"2018/08/08 09:31:01+00","milestone":"Closed","completedate":"2018/11/15 10:47:08+00","applicantcity":"MINNEAPOLIS","applicantaddress1":"33 6TH ST  SUITE 4510"},"geometry":{"type":"Point","coordinates":[-93.26808,44.97813]}},{"type":"Feature","properties":{"date":null,"year":0,"description":"TENANT IMPROVEMENT FOR NEW FITNESS CENTER  WITH TOILET ROOMS IN EXISTING COMMERCIAL BUILDING. AAJ#1.     certificate of occupancy required: YES  mechanical plans required for certificate of occupancy  mechanical plans/letter of means of compliance submitt","metadescription":"Commercial. Remodel. TENANT IMPROVEMENT FOR NEW FITNESS CENTER  WITH TOILET ROOMS IN EXISTING COMMERCIAL BUILDING. AAJ#1.     certificate of occupancy required: YES  mechanical plans required for certificate of occupancy  mechanical plans/letter of means of compliance submitt. Closed","address":null,"x":"-93.2725599999999","y":"44.98242","value":"370000","display":"123 3RD ST N","fullname":"WHETSTONE COLWELL LLC","issuedate":"2017/11/08 14:21:11+00","milestone":"Closed","completedate":"2018/03/21 11:40:30+00","applicantcity":"PLYMOUTH","applicantaddress1":"14700 28TH AVE N"},"geometry":{"type":"Point","coordinates":[-93.27256,44.98242]}},{"type":"Feature","properties":{"date":null,"year":0,"description":"TENANT IMPROVEMENT  certificate of occupancy required:  no special inspections required:  no  const type:  1A       occupancy:      B        2015 MSBC occupant load:  30 sprinklered: yes  Tenant:   Duke Cannon        Floor(s): 6   architect:  HGA       en","metadescription":"Commercial. Remodel. TENANT IMPROVEMENT  certificate of occupancy required:  no special inspections required:  no  const type:  1A       occupancy:      B        2015 MSBC occupant load:  30 sprinklered: yes  Tenant:   Duke Cannon        Floor(s): 6   architect:  HGA       en. Closed","address":null,"x":"-93.2725599999999","y":"44.98242","value":"55250","display":"123 3RD ST N","fullname":"WHETSTONE COLWELL LLC","issuedate":"2018/07/05 14:23:48+00","milestone":"Closed","completedate":"2018/09/10 12:20:01+00","applicantcity":"PLYMOUTH","applicantaddress1":"14700 28TH AVE N STE 30"},"geometry":{"type":"Point","coordinates":[-93.27256,44.98242]}},{"type":"Feature","properties":{"date":null,"year":0,"description":"New Tenant Fit Out - Nail Salon   certificate of occupancy required:  UPDATE 05/30/18 - no change in occupancy classification - CofO not required (SZA)  mechanical plans required for certificate of occupancy  mechanical plans/letter of means of compliance","metadescription":"Commercial. Remodel. New Tenant Fit Out - Nail Salon   certificate of occupancy required:  UPDATE 05/30/18 - no change in occupancy classification - CofO not required (SZA)  mechanical plans required for certificate of occupancy  mechanical plans/letter of means of compliance. Closed","address":null,"x":"-93.29867","y":"44.9485900000001","value":"48000","display":"1422 LAKE ST W","fullname":"RAINBOW BUILDING & SHOPS LLC","issuedate":"2018/04/12 14:10:05+00","milestone":"Closed","completedate":"2018/06/13 14:25:48+00","applicantcity":"PLYMOUTH","applicantaddress1":"13821 INDUSTRIAL PARK BLVD"},"geometry":{"type":"Point","coordinates":[-93.29867,44.94859]}},{"type":"Feature","properties":{"date":null,"year":0,"description":"1,329 S.F  TENANT IMPROVEMENT/ EXPANSION TO ADD 6 SMALL OFFICES AND 2 SMALL CONFERENCE ROOMS INTO ADJACENT SPACE.   NO CHANGE IN USE OR EXIT.  (DMH#1)   Const type: 1-B        Occupancy:            2015 MSBC  occupant load: NO CHANGE  sprinklered: YES  20","metadescription":"Commercial. Remodel. 1,329 S.F  TENANT IMPROVEMENT/ EXPANSION TO ADD 6 SMALL OFFICES AND 2 SMALL CONFERENCE ROOMS INTO ADJACENT SPACE.   NO CHANGE IN USE OR EXIT.  (DMH#1)   Const type: 1-B        Occupancy:            2015 MSBC  occupant load: NO CHANGE  sprinklered: YES  20. Closed","address":null,"x":"-93.2961099999999","y":"44.9494700000001","value":"63362","display":"1350 LAGOON AVE","issuedate":"2018/08/03 10:40:23+00","milestone":"Closed","completedate":"2018/11/06 08:59:54+00","applicantcity":"PLYMOUTH","applicantaddress1":"14700 28TH AVE N STE 30"},"geometry":{"type":"Point","coordinates":[-93.29611,44.94947]}},{"type":"Feature","properties":{"date":null,"year":0,"description":"White Box for Future Tenant Improvement  certificate of occupancy required:  no     special inspections required:  no      const type:  1A      occupancy:  previously A2            2020 MSBC  sprinklered: yes        architect:  Mary Hustad  #17408","metadescription":"Commercial. Remodel. White Box for Future Tenant Improvement  certificate of occupancy required:  no     special inspections required:  no      const type:  1A      occupancy:  previously A2            2020 MSBC  sprinklered: yes        architect:  Mary Hustad  #17408. Closed","address":null,"x":"-93.29787","y":"44.9498","value":"101024","display":"1348 LAGOON AVE","issuedate":"2022/09/16 12:08:47+00","milestone":"Closed","completedate":"2025/07/17 18:58:19+00","applicantcity":"MINNEAPOLIS","applicantaddress1":"33 6TH ST  SUITE 4510"},"geometry":{"type":"Point","coordinates":[-93.29787,44.9498]}},{"type":"Feature","properties":{"date":null,"year":0,"description":"1,329 S.F  TENANT IMPROVEMENT/ EXPANSION TO ADD 6 SMALL OFFICES AND 2 SMALL CONFERENCE ROOMS INTO ADJACENT SPACE.   NO CHANGE IN USE OR EXIT.  (DMH#1)   Const type: 1-B        Occupancy:            2015 MSBC  occupant load: NO CHANGE  sprinklered: YES  20","metadescription":"Commercial. Remodel. 1,329 S.F  TENANT IMPROVEMENT/ EXPANSION TO ADD 6 SMALL OFFICES AND 2 SMALL CONFERENCE ROOMS INTO ADJACENT SPACE.   NO CHANGE IN USE OR EXIT.  (DMH#1)   Const type: 1-B        Occupancy:            2015 MSBC  occupant load: NO CHANGE  sprinklered: YES  20. Closed","address":null,"x":"-93.2964899999999","y":"44.94985","value":"63362","display":"1350 LAGOON AVE","issuedate":"2018/08/03 10:40:23+00","milestone":"Closed","completedate":"2018/11/06 08:59:54+00","applicantcity":"PLYMOUTH","applicantaddress1":"14700 28TH AVE N STE 30"},"geometry":{"type":"Point","coordinates":[-93.29649,44.94985]}},{"type":"Feature","properties":{"date":null,"year":0,"description":"1,329 S.F  TENANT IMPROVEMENT/ EXPANSION TO ADD 6 SMALL OFFICES AND 2 SMALL CONFERENCE ROOMS INTO ADJACENT SPACE.   NO CHANGE IN USE OR EXIT.  (DMH#1)   Const type: 1-B        Occupancy:            2015 MSBC  occupant load: NO CHANGE  sprinklered: YES  20","metadescription":"Commercial. Remodel. 1,329 S.F  TENANT IMPROVEMENT/ EXPANSION TO ADD 6 SMALL OFFICES AND 2 SMALL CONFERENCE ROOMS INTO ADJACENT SPACE.   NO CHANGE IN USE OR EXIT.  (DMH#1)   Const type: 1-B        Occupancy:            2015 MSBC  occupant load: NO CHANGE  sprinklered: YES  20. Closed","address":null,"x":"-93.2973499999999","y":"44.9497200000001","value":"63362","display":"1350 LAGOON AVE","issuedate":"2018/08/03 10:40:23+00","milestone":"Closed","completedate":"2018/11/06 08:59:54+00","applicantcity":"PLYMOUTH","applicantaddress1":"14700 28TH AVE N STE 30"},"geometry":{"type":"Point","coordinates":[-93.29735,44.94972]}},{"type":"Feature","properties":{"date":null,"year":0,"description":"1,329 S.F  TENANT IMPROVEMENT/ EXPANSION TO ADD 6 SMALL OFFICES AND 2 SMALL CONFERENCE ROOMS INTO ADJACENT SPACE.   NO CHANGE IN USE OR EXIT.  (DMH#1)   Const type: 1-B        Occupancy:            2015 MSBC  occupant load: NO CHANGE  sprinklered: YES  20","metadescription":"Commercial. Remodel. 1,329 S.F  TENANT IMPROVEMENT/ EXPANSION TO ADD 6 SMALL OFFICES AND 2 SMALL CONFERENCE ROOMS INTO ADJACENT SPACE.   NO CHANGE IN USE OR EXIT.  (DMH#1)   Const type: 1-B        Occupancy:            2015 MSBC  occupant load: NO CHANGE  sprinklered: YES  20. Closed","address":null,"x":"-93.29738","y":"44.9494100000001","value":"63362","display":"1350 LAGOON AVE","issuedate":"2018/08/03 10:40:23+00","milestone":"Closed","completedate":"2018/11/06 08:59:54+00","applicantcity":"PLYMOUTH","applicantaddress1":"14700 28TH AVE N STE 30"},"geometry":{"type":"Point","coordinates":[-93.29738,44.94941]}},{"type":"Feature","properties":{"date":null,"year":0,"description":"Tenant Improvement, Suite 800 - Kitware        CERTIFICATE OF OCCUPANCY REQUIRED - AN AUTHORIZED REPRESENTATIVE OF THE PERMIT APPLICANT MUST CALL 612-673-2327 TO SCHEDULE A CERTIFICATE OF OCCUPANCY INSPECTION TWENTY (20) BUSINESS DAYS BEFORE THE DATE OF D","metadescription":"Commercial. Remodel. Tenant Improvement, Suite 800 - Kitware        CERTIFICATE OF OCCUPANCY REQUIRED - AN AUTHORIZED REPRESENTATIVE OF THE PERMIT APPLICANT MUST CALL 612-673-2327 TO SCHEDULE A CERTIFICATE OF OCCUPANCY INSPECTION TWENTY (20) BUSINESS DAYS BEFORE THE DATE OF D. Closed","address":null,"x":"-93.2959099999999","y":"44.9501000000001","value":"210115","display":"1330 LAGOON AVE","issuedate":"2022/09/30 13:15:07+00","milestone":"Closed","completedate":"2022/12/21 09:11:07+00","applicantcity":"Edina","applicantaddress1":"5280 74th St W"},"geometry":{"type":"Point","coordinates":[-93.29591,44.9501]}},{"type":"Feature","properties":{"date":null,"year":0,"description":"tenant improvements suites 820 & 850  BLDG806730 was never issued so 8th Flr does not have any inspection history  certificate of occupancy required:  yes  - first time finish for occupancy   special inspections required:   no  const type:   1-B      occu","metadescription":"Commercial. Remodel. tenant improvements suites 820 & 850  BLDG806730 was never issued so 8th Flr does not have any inspection history  certificate of occupancy required:  yes  - first time finish for occupancy   special inspections required:   no  const type:   1-B      occu. Closed","address":null,"x":"-93.2959099999999","y":"44.9501000000001","value":"498450","display":"1330 LAGOON AVE","issuedate":"2022/09/01 10:50:06+00","milestone":"Closed","completedate":"2022/12/07 08:52:57+00","applicantcity":"Edina","applicantaddress1":"5280 74th St W"},"geometry":{"type":"Point","coordinates":[-93.29591,44.9501]}},{"type":"Feature","properties":{"date":null,"year":0,"description":"TENNANT IMPROVEMENT SCOPEPROJECT SCOPE: TENANT IMPROVEMENT    SCOPE SQ. FT: 392 SQ. FT.     THIS PROJECT CONSIST OF A TENANT IMPROVEMENT TO EXISTING BUILDING  LOCATED AT 1329 5TH STREET SE, MINNEAPOLIS MN 55414     INTERIOR  TENANT IMPROVEMENT SCOPE OF WO","metadescription":"Commercial. Remodel. TENNANT IMPROVEMENT SCOPEPROJECT SCOPE: TENANT IMPROVEMENT    SCOPE SQ. FT: 392 SQ. FT.     THIS PROJECT CONSIST OF A TENANT IMPROVEMENT TO EXISTING BUILDING  LOCATED AT 1329 5TH STREET SE, MINNEAPOLIS MN 55414     INTERIOR  TENANT IMPROVEMENT SCOPE OF WO. Closed","address":null,"x":"-93.2356","y":"44.9823200000001","value":"155000","display":"1329 5TH ST SE","fullname":"1313 5TH STREET MN OWNER LLC","issuedate":"2023/02/10 13:21:56+00","milestone":"Closed","completedate":"2023/11/02 09:20:29+00","applicantcity":"Maple Grove","applicantaddress1":"11102 86th Ave N"},"geometry":{"type":"Point","coordinates":[-93.2356,44.98232]}},{"type":"Feature","properties":{"date":null,"year":0,"description":"first floor tenant improvement for TCF bank branch.   sck  certificate of occupancy required:  no    special inspections required:   no  const type:   2b      occupancy:    b          2020 MSBC sprinklered: yes  Tenant:           Floor(s):    sac: _0_ cha","metadescription":"Commercial. Remodel. first floor tenant improvement for TCF bank branch.   sck  certificate of occupancy required:  no    special inspections required:   no  const type:   2b      occupancy:    b          2020 MSBC sprinklered: yes  Tenant:           Floor(s):    sac: _0_ cha. Closed","address":null,"x":"-93.2359299999999","y":"44.9814900000001","value":"250000","display":"1324 5TH ST SE","fullname":"SSC DINKYTOWN APARTMENTS LLC","issuedate":"2021/05/10 13:31:04+00","milestone":"Closed","completedate":"2021/08/05 07:29:09+00","applicantcity":"Minneapolis","applicantaddress1":"121 8th St S #1200"},"geometry":{"type":"Point","coordinates":[-93.23593,44.98149]}},{"type":"Feature","properties":{"date":null,"year":0,"description":"(DMH - ProjectDox)  TENANT IMPROVEMENT TO APPROX 1,650 SQFT MAIN FLOOR SPACE, SUITE #1010,  FOR FOOD ESTABLISHMENT.   KITCHEN, COOLER, STORAGE, FRONT COUNTER/SALES.   IN-DOOR SEATING FOR 42.  OUT-DOOR SEASONAL SEATING FOR 16.  RESTROOMS IN MAIN FLOOR COMM","metadescription":"Commercial. Remodel. (DMH - ProjectDox)  TENANT IMPROVEMENT TO APPROX 1,650 SQFT MAIN FLOOR SPACE, SUITE #1010,  FOR FOOD ESTABLISHMENT.   KITCHEN, COOLER, STORAGE, FRONT COUNTER/SALES.   IN-DOOR SEATING FOR 42.  OUT-DOOR SEASONAL SEATING FOR 16.  RESTROOMS IN MAIN FLOOR COMM. Closed","address":null,"x":"-93.2659","y":"44.9684800000001","value":"265857","display":"1400 PARK AVE","fullname":"MN 1400 PARK CHURCH LLC","issuedate":"2022/02/03 15:02:53+00","milestone":"Closed","completedate":"2022/06/09 13:08:09+00","applicantcity":"ST. PAUL","applicantaddress1":"2145 FORD PARKWAY SUITE 301"},"geometry":{"type":"Point","coordinates":[-93.2659,44.96848]}},{"type":"Feature","properties":{"date":null,"year":0,"description":"HVAC for tenant improvement, adding two DX fan-coils with electric heat and condensing units, two exhaust fans, GRDs and all associated ductwork. Refer to attached drawings.","metadescription":"Mechanical. ComMFDNR. HVAC for tenant improvement, adding two DX fan-coils with electric heat and condensing units, two exhaust fans, GRDs and all associated ductwork. Refer to attached drawings.. Closed","address":null,"x":"-93.23646","y":"44.9811500000001","value":"24000","display":"1309 4TH ST SE","fullname":"1307-1314 4TH ST SE DOYLE","issuedate":"2022/06/30 09:05:00+00","milestone":"Closed","completedate":"2022/11/08 07:16:37+00","applicantcity":"Austin","applicantaddress1":"1600 1st Ave Ne"},"geometry":{"type":"Point","coordinates":[-93.23646,44.98115]}},{"type":"Feature","properties":{"date":null,"year":0,"description":"Tenant Improvement - The Hideaway  CERTIFICATE OF OCCUPANCY REQUIRED - AN AUTHORIZED REPRESENTATIVE OF THE PERMIT APPLICANT MUST CALL 612-673-2327 TO SCHEDULE A CERTIFICATE OF OCCUPANCY INSPECTION TWENTY (20) BUSINESS DAYS BEFORE THE DATE OF DESIRED OCCUP","metadescription":"Commercial. Remodel. Tenant Improvement - The Hideaway  CERTIFICATE OF OCCUPANCY REQUIRED - AN AUTHORIZED REPRESENTATIVE OF THE PERMIT APPLICANT MUST CALL 612-673-2327 TO SCHEDULE A CERTIFICATE OF OCCUPANCY INSPECTION TWENTY (20) BUSINESS DAYS BEFORE THE DATE OF DESIRED OCCUP. Closed","address":null,"x":"-93.23646","y":"44.9811500000001","value":"84000","display":"1309 4TH ST SE","fullname":"1307-1314 4TH ST SE DOYLE","issuedate":"2022/07/06 12:05:31+00","milestone":"Closed","completedate":"2022/09/15 12:38:18+00","applicantcity":"Minneapolis","applicantaddress1":"2118 4th Ave S"},"geometry":{"type":"Point","coordinates":[-93.23646,44.98115]}},{"type":"Feature","properties":{"date":null,"year":0,"description":"1,329 S.F  TENANT IMPROVEMENT/ EXPANSION TO ADD 6 SMALL OFFICES AND 2 SMALL CONFERENCE ROOMS INTO ADJACENT SPACE.   NO CHANGE IN USE OR EXIT.  (DMH#1)   Const type: 1-B        Occupancy:            2015 MSBC  occupant load: NO CHANGE  sprinklered: YES  20","metadescription":"Commercial. Remodel. 1,329 S.F  TENANT IMPROVEMENT/ EXPANSION TO ADD 6 SMALL OFFICES AND 2 SMALL CONFERENCE ROOMS INTO ADJACENT SPACE.   NO CHANGE IN USE OR EXIT.  (DMH#1)   Const type: 1-B        Occupancy:            2015 MSBC  occupant load: NO CHANGE  sprinklered: YES  20. Closed","address":null,"x":"-93.29787","y":"44.9498","value":"63362","display":"1350 LAGOON AVE","issuedate":"2018/08/03 10:40:23+00","milestone":"Closed","completedate":"2018/11/06 08:59:54+00","applicantcity":"PLYMOUTH","applicantaddress1":"14700 28TH AVE N STE 30"},"geometry":{"type":"Point","coordinates":[-93.29787,44.9498]}},{"type":"Feature","properties":{"date":null,"year":0,"description":"Tenant Improvement of Suite 6800 -ACW      certificate of occupancy required:    no     special inspections required:    no     const type:  II-B       occupancy:     B         2020 MSBC  occupant load: 41       sprinklered: yes       Floor(s):   6      S","metadescription":"Commercial. Remodel. Tenant Improvement of Suite 6800 -ACW      certificate of occupancy required:    no     special inspections required:    no     const type:  II-B       occupancy:     B         2020 MSBC  occupant load: 41       sprinklered: yes       Floor(s):   6      S. Closed","address":null,"x":"-93.21495","y":"45.0015700000001","value":"16367","display":"1300 GODWARD ST NE","fullname":"ALTUS BROADWAY LLC","issuedate":"2025/05/23 11:55:14+00","milestone":"Closed","completedate":"2025/09/05 11:34:42+00","applicantcity":"Minneapolis","applicantaddress1":"1087 10th Ave SE"},"geometry":{"type":"Point","coordinates":[-93.21495,45.00157]}},{"type":"Feature","properties":{"date":null,"year":0,"description":"TENANT IMPROVEMENT FOR INTERIOR FINISH OF NEW OFFICE SPACE ON MAIN FLOOR OF EXISTING COMMERCIAL BUILING. AAJ (PROJECT DOX PLANS).     certificate of occupancy required: YES - NEW OFFICE SPACE. mechanical plans required for certificate of occupancy mechani","metadescription":"Commercial. Remodel. TENANT IMPROVEMENT FOR INTERIOR FINISH OF NEW OFFICE SPACE ON MAIN FLOOR OF EXISTING COMMERCIAL BUILING. AAJ (PROJECT DOX PLANS).     certificate of occupancy required: YES - NEW OFFICE SPACE. mechanical plans required for certificate of occupancy mechani. Closed","address":null,"x":"-93.25056","y":"45.00102","value":"567800","display":"1325 QUINCY ST NE","fullname":"1325 PROPERTY OWNER LLC","issuedate":"2020/06/18 11:40:30+00","milestone":"Closed","completedate":"2020/10/01 08:40:28+00","applicantcity":"Plymouth","applicantaddress1":"13821 Industiral Blvd"},"geometry":{"type":"Point","coordinates":[-93.25056,45.00102]}},{"type":"Feature","properties":{"date":null,"year":0,"description":"G2Planet Tenant Improvement  certificate of occupancy required:  no   ********** special inspections required:  no**********  const type: IIA        occupancy:   B           2015 MSBC************** occupant load: 217     ********** sprinklered: yes  *****","metadescription":"Commercial. Remodel. G2Planet Tenant Improvement  certificate of occupancy required:  no   ********** special inspections required:  no**********  const type: IIA        occupancy:   B           2015 MSBC************** occupant load: 217     ********** sprinklered: yes  *****. Closed","address":null,"x":"-93.21495","y":"45.0015700000001","value":"275000","display":"1300 GODWARD ST NE","fullname":"ALTUS BROADWAY LLC","issuedate":"2019/05/15 09:02:30+00","milestone":"Closed","completedate":"2019/08/01 13:03:25+00","applicantcity":"EDINA","applicantaddress1":"5280 N. 74th St"},"geometry":{"type":"Point","coordinates":[-93.21495,45.00157]}},{"type":"Feature","properties":{"date":null,"year":0,"description":"Tenant Improvement of HVAC system reusing existing rooftop units and adding new makeup air unit with exhaust fan,supply\rdiffusers, return grilles and all associated duct work. Refer to attached\rdrawings.","metadescription":"Mechanical. Comm-MFD. Tenant Improvement of HVAC system reusing existing rooftop units and adding new makeup air unit with exhaust fan,supply\rdiffusers, return grilles and all associated duct work. Refer to attached\rdrawings.. Closed","address":null,"x":"-93.25157","y":"45.00152","value":"78200","display":"1324 QUINCY ST NE","fullname":"QUINCY HOLDING LLC","issuedate":"2021/03/22 14:26:27+00","milestone":"Closed","completedate":"2021/12/03 14:02:27+00","applicantcity":"Hamel","applicantaddress1":"725 Tower Drive"},"geometry":{"type":"Point","coordinates":[-93.25157,45.00152]}},{"type":"Feature","properties":{"date":null,"year":0,"description":"Tenant Improvement - Levels 1 & 2 - Native American Community Clinic  CERTIFICATE OF OCCUPANCY REQUIRED - AN AUTHORIZED REPRESENTATIVE OF THE PERMIT APPLICANT MUST CALL 612-673-2327 TO SCHEDULE A CERTIFICATE OF OCCUPANCY INSPECTION TWENTY (20) BUSINESS DA","metadescription":"Commercial. Remodel. Tenant Improvement - Levels 1 & 2 - Native American Community Clinic  CERTIFICATE OF OCCUPANCY REQUIRED - AN AUTHORIZED REPRESENTATIVE OF THE PERMIT APPLICANT MUST CALL 612-673-2327 TO SCHEDULE A CERTIFICATE OF OCCUPANCY INSPECTION TWENTY (20) BUSINESS DA. Issued","address":null,"x":"-93.25681","y":"44.96227","value":"7625945","display":"1213 FRANKLIN AVE E","issuedate":"2026/01/20 09:56:24+00","milestone":"Final Inspection","applicantcity":"MINNEAPOLIS","applicantaddress1":"121 S 8TH ST"},"geometry":{"type":"Point","coordinates":[-93.25681,44.96227]}},{"type":"Feature","properties":{"date":null,"year":0,"description":"LEVEL 3 TENANT IMPROVEMENT/CHILLED BEAMS & FTR PER ENGINEERED DRAWINGS","metadescription":"Mechanical. Comm-MFD. LEVEL 3 TENANT IMPROVEMENT/CHILLED BEAMS & FTR PER ENGINEERED DRAWINGS. Closed","address":null,"x":"-93.30733","y":"44.9906","value":"124400","display":"1256 PENN AVE N","issuedate":"2018/02/05 10:31:34+00","milestone":"Closed","completedate":"2018/08/22 13:12:18+00","applicantcity":"New Hope","applicantaddress1":"7400 49th Ave N"},"geometry":{"type":"Point","coordinates":[-93.30733,44.9906]}},{"type":"Feature","properties":{"date":null,"year":0,"description":"Tenant Improvement - Suites 6000 & 6400  certificate of occupancy required:  no     special inspections required:  no      const type:  2A       occupancy:     B         2020 MSBC  sprinklered: yes       sac: 4.33 charges  4.50 credits = -0.17 net  met co","metadescription":"Commercial. Remodel. Tenant Improvement - Suites 6000 & 6400  certificate of occupancy required:  no     special inspections required:  no      const type:  2A       occupancy:     B         2020 MSBC  sprinklered: yes       sac: 4.33 charges  4.50 credits = -0.17 net  met co. Closed","address":null,"x":"-93.21495","y":"45.0015700000001","value":"90000","display":"1300 GODWARD ST NE","fullname":"ALTUS BROADWAY LLC","issuedate":"2022/12/15 12:11:39+00","milestone":"Closed","completedate":"2023/02/21 07:18:05+00","applicantcity":"Saint Louis Park","applicantaddress1":"4931 West 35th Steet"},"geometry":{"type":"Point","coordinates":[-93.21495,45.00157]}},{"type":"Feature","properties":{"date":null,"year":0,"description":"FOR LEVEL 3 TENANT IMPROVEMENT - HANDWASHING SINK, TOILET, LAVATORY, SHOWER, KITCHEN SINK, AND FLOOR DRAIN","metadescription":"Plumbing. ComNoFdBv. FOR LEVEL 3 TENANT IMPROVEMENT - HANDWASHING SINK, TOILET, LAVATORY, SHOWER, KITCHEN SINK, AND FLOOR DRAIN. Closed","address":null,"x":"-93.30635","y":"44.99105","value":"0","display":"1256 PENN AVE N","issuedate":"2018/02/01 10:10:38+00","milestone":"Closed","completedate":"2018/07/13 11:52:36+00","applicantcity":"New Hope","applicantaddress1":"7400 49th Ave N"},"geometry":{"type":"Point","coordinates":[-93.30635,44.99105]}},{"type":"Feature","properties":{"date":null,"year":0,"description":"Tenant Improvement - Suite 104  certificate of occupancy required:   no special inspections required:  no  occupancy:    B          2015 MSBC occupant load:  64 sprinklered: yes  Tenant:  Brandless         Floor(s):  1   architect:  HGA","metadescription":"Commercial. Remodel. Tenant Improvement - Suite 104  certificate of occupancy required:   no special inspections required:  no  occupancy:    B          2015 MSBC occupant load:  64 sprinklered: yes  Tenant:  Brandless         Floor(s):  1   architect:  HGA. Closed","address":null,"x":"-93.2725599999999","y":"44.98242","value":"214380","display":"123 3RD ST N","fullname":"WHETSTONE COLWELL LLC","issuedate":"2018/09/19 13:22:55+00","milestone":"Closed","completedate":"2020/01/27 12:37:33+00","applicantcity":"PLYMOUTH","applicantaddress1":"14700 28TH AVE N"},"geometry":{"type":"Point","coordinates":[-93.27256,44.98242]}},{"type":"Feature","properties":{"date":null,"year":0,"description":"HVAC for tenant finish out, adding and reusing VAV boxes, supply\rdiffusers, return grilles and all associated duct work. Refer to attached\rdrawings.","metadescription":"Mechanical. Comm-MFD. HVAC for tenant finish out, adding and reusing VAV boxes, supply\rdiffusers, return grilles and all associated duct work. Refer to attached\rdrawings.. Closed","address":null,"x":"-93.27109","y":"44.97441","value":"207100","display":"121 8TH ST S","fullname":"FSP 121 SOUTH EIGHTH ST LLC","issuedate":"2021/02/08 11:40:01+00","milestone":"Closed","completedate":"2021/07/26 15:30:29+00","applicantcity":"SOUTH SAINT PAUL","applicantaddress1":"225 BRIDGEPOINT DR"},"geometry":{"type":"Point","coordinates":[-93.27109,44.97441]}},{"type":"Feature","properties":{"date":null,"year":0,"description":"EXISTING BUILDING WITH INTERIOR TENANT IMPROVEMENT. NEW LULULEMON STORE. USING EXIT PASSAGEWAY FOR 2ND EXIT. EXIT PASSAGEWAY MUST BE 1 HOUR RATED. (1) BATHROOM, PLUS RETAIL AREA, PLUS STORAGE. CONFIRM THRESHOLDS MEET SECTION 1008.1.7. FULLY SPRINKLED. (JJ","metadescription":"Commercial. Remodel. EXISTING BUILDING WITH INTERIOR TENANT IMPROVEMENT. NEW LULULEMON STORE. USING EXIT PASSAGEWAY FOR 2ND EXIT. EXIT PASSAGEWAY MUST BE 1 HOUR RATED. (1) BATHROOM, PLUS RETAIL AREA, PLUS STORAGE. CONFIRM THRESHOLDS MEET SECTION 1008.1.7. FULLY SPRINKLED. (JJ. Closed","address":null,"x":"-93.27115","y":"44.9857400000001","value":"409611","display":"124 3RD AVE N","fullname":"124 NORTH PARTNERS LLC","issuedate":"2018/12/18 09:57:50+00","milestone":"Closed","completedate":"2019/03/19 14:03:57+00","applicantcity":"Schaumberg","applicantaddress1":"930 Morse Ave"},"geometry":{"type":"Point","coordinates":[-93.27115,44.98574]}},{"type":"Feature","properties":{"date":null,"year":0,"description":"Tenant finish - SUITE 260 - DUCTWORK & DIFFUSERS PER PLANS","metadescription":"Mechanical. Comm-MFD. Tenant finish - SUITE 260 - DUCTWORK & DIFFUSERS PER PLANS. Closed","address":null,"x":"-93.2961099999999","y":"44.9494700000001","value":"2450","display":"1300 LAGOON AVE","fullname":"ACKY WILLIAMS LTD PARTNERSHP","issuedate":"2017/03/23 15:04:20+00","milestone":"Closed","completedate":"2017/04/05 10:16:02+00","applicantcity":"Edina","applicantaddress1":"7333 Ohms Lane"},"geometry":{"type":"Point","coordinates":[-93.29611,44.94947]}},{"type":"Feature","properties":{"date":null,"year":0,"description":"TENANT IMPROVEMENT AT SUITE 302 (MAA)  certificate of occupancy required:  NO   const type:   II - B      occupancy:    B          2020 MSBC occupant load:  13     sprinklered: YES    architect:  JACKI AMDAL 17421     engineer:","metadescription":"Commercial. Remodel. TENANT IMPROVEMENT AT SUITE 302 (MAA)  certificate of occupancy required:  NO   const type:   II - B      occupancy:    B          2020 MSBC occupant load:  13     sprinklered: YES    architect:  JACKI AMDAL 17421     engineer:. Closed","address":null,"x":"-93.27115","y":"44.9857400000001","value":"38140","display":"124 3RD AVE N","fullname":"124 NORTH PARTNERS LLC","issuedate":"2021/08/19 14:09:02+00","milestone":"Closed","completedate":"2021/09/27 08:23:55+00","applicantcity":"Edina","applicantaddress1":"5151 Edina Indstrial Blvd #650"},"geometry":{"type":"Point","coordinates":[-93.27115,44.98574]}},{"type":"Feature","properties":{"date":null,"year":0,"description":"Interior tenant Improvement of floor 8   certificate of occupancy required:   no     special inspections required:  no  const type:   1-B      occupancy:    B          2020 MSBC  occupant load:   Suite 1  - 68  Suite 2 - 63  sprinklered: yes    20% access","metadescription":"Commercial. Remodel. Interior tenant Improvement of floor 8   certificate of occupancy required:   no     special inspections required:  no  const type:   1-B      occupancy:    B          2020 MSBC  occupant load:   Suite 1  - 68  Suite 2 - 63  sprinklered: yes    20% access. Closed","address":null,"x":"-93.2725599999999","y":"44.98242","value":"295850","display":"123 3RD ST N","fullname":"WHETSTONE COLWELL LLC","issuedate":"2022/10/25 16:21:32+00","milestone":"Closed","completedate":"2025/01/14 11:58:50+00","applicantcity":"Edina","applicantaddress1":"5280 74th St W"},"geometry":{"type":"Point","coordinates":[-93.27256,44.98242]}},{"type":"Feature","properties":{"date":null,"year":0,"description":"2ND FLOOR #221 BUILD OUT TENANT FINISH FOR WORK OUT STUDIO (KAS#1)     certificate of occupancy required   no mechanical plans required for certificate of occupancy mechanical plans/letter of means of compliance submitted special inspections required    n","metadescription":"Commercial. Remodel. 2ND FLOOR #221 BUILD OUT TENANT FINISH FOR WORK OUT STUDIO (KAS#1)     certificate of occupancy required   no mechanical plans required for certificate of occupancy mechanical plans/letter of means of compliance submitted special inspections required    n. Closed","address":null,"x":"-93.26627","y":"44.9802500000001","value":"550000","display":"121 WASHINGTON AVE S #G221","fullname":"PETER S LAM","issuedate":"2017/05/15 13:07:35+00","milestone":"Closed","completedate":"2017/08/31 11:49:01+00","applicantcity":"SAINT PAUL","applicantaddress1":"1833 NEBRASKA AVE E"},"geometry":{"type":"Point","coordinates":[-93.26627,44.98025]}},{"type":"Feature","properties":{"date":null,"year":0,"description":"TENANT IMPROVEMENT-BUFFALO WILD WINGS     certificate of occupancy required:  no  special inspections required: yes   const type: IIB        occupancy:  A-2            2015 MSBC  occupant load:  138  sprinklered: yes  Tenant:  Buffalo Wild Wings         F","metadescription":"Commercial. Remodel. TENANT IMPROVEMENT-BUFFALO WILD WINGS     certificate of occupancy required:  no  special inspections required: yes   const type: IIB        occupancy:  A-2            2015 MSBC  occupant load:  138  sprinklered: yes  Tenant:  Buffalo Wild Wings         F. Closed","address":null,"x":"-93.2951","y":"44.9481400000001","value":"222615","display":"1221 LAKE ST W #111","fullname":"CALHOUN PARK COMPANIES, LLC","issuedate":"2018/03/27 10:18:29+00","milestone":"Closed","completedate":"2018/07/16 15:14:46+00","applicantcity":"MINNEAPOLIS","applicantaddress1":"10 8TH ST S"},"geometry":{"type":"Point","coordinates":[-93.2951,44.94814]}},{"type":"Feature","properties":{"date":null,"year":0,"description":"SUITE 950.  INTERIOR TENANT IMPROVEMENT.  (JJL)     certificate of occupancy required:  no     special inspections required:    no     const type:   I-B      occupancy:  B            2020 MSBC  occupant load:   66  sprinklered: yes    Tenant:  DELUXE PLAZ","metadescription":"Commercial. Remodel. SUITE 950.  INTERIOR TENANT IMPROVEMENT.  (JJL)     certificate of occupancy required:  no     special inspections required:    no     const type:   I-B      occupancy:  B            2020 MSBC  occupant load:   66  sprinklered: yes    Tenant:  DELUXE PLAZ. Issued","address":null,"x":"-93.27109","y":"44.97441","value":"142883","display":"121 8TH ST S","fullname":"FSP 121 SOUTH EIGHTH ST LLC","issuedate":"2026/04/01 13:57:12+00","milestone":"Final Inspection","applicantcity":"MINNEAPOLIS","applicantaddress1":"33 6TH ST  SUITE 4510"},"geometry":{"type":"Point","coordinates":[-93.27109,44.97441]}},{"type":"Feature","properties":{"date":null,"year":0,"description":"HVAC system for tenant finish out, adding 14 VAV boxes, base board heater supply\rdiffusers, return grills and all associated duct work. Refer to attached\rdrawings.","metadescription":"Mechanical. Comm-MFD. HVAC system for tenant finish out, adding 14 VAV boxes, base board heater supply\rdiffusers, return grills and all associated duct work. Refer to attached\rdrawings.. Closed","address":null,"x":"-93.27189","y":"44.979","value":"70000","display":"15 5TH ST S","fullname":"15 PARTNERS LLC","issuedate":"2020/08/11 12:28:21+00","milestone":"Closed","completedate":"2020/10/28 14:55:19+00","applicantcity":"Blaine","applicantaddress1":"3526 88th Ave NE"},"geometry":{"type":"Point","coordinates":[-93.27189,44.979]}},{"type":"Feature","properties":{"date":null,"year":0,"description":"TENANT IMPROVEMENT FOR NEW ADULT DAYCARE IN EXISTING TENANT SPACE OF A COMMERCIAL BUILDING. AAJ     certificate of occupancy required: YES - CHANGING TO I-4 (ADULT DAYCARE) FROM B (OFFICE) mechanical plans required for certificate of occupancy mechanical","metadescription":"Commercial. Remodel. TENANT IMPROVEMENT FOR NEW ADULT DAYCARE IN EXISTING TENANT SPACE OF A COMMERCIAL BUILDING. AAJ     certificate of occupancy required: YES - CHANGING TO I-4 (ADULT DAYCARE) FROM B (OFFICE) mechanical plans required for certificate of occupancy mechanical. Closed","address":null,"x":"-93.29471","y":"45.02203","value":"27500","display":"1201 37TH AVE N","fullname":"BUBAH BARAKA PROPERTIES LLC","issuedate":"2017/06/16 10:45:35+00","milestone":"Closed","completedate":"2018/03/13 11:07:02+00","applicantcity":"NEW BRIGHTON","applicantaddress1":"151 SILVER LAKE RD # 111"},"geometry":{"type":"Point","coordinates":[-93.29471,45.02203]}},{"type":"Feature","properties":{"date":null,"year":0,"description":"TENANT IMPROVEMENT AT UNIT # 2310 (MAA)  const type:   1-A      occupancy:    B          2015 MSBC occupant load:  13 sprinklered: yes     Tenant:  CANADIAN PACIFIC         Floor(s): 23RD   architect:    COLE DANIEL BAESSLER # 55643","metadescription":"Commercial. Remodel. TENANT IMPROVEMENT AT UNIT # 2310 (MAA)  const type:   1-A      occupancy:    B          2015 MSBC occupant load:  13 sprinklered: yes     Tenant:  CANADIAN PACIFIC         Floor(s): 23RD   architect:    COLE DANIEL BAESSLER # 55643. Closed","address":null,"x":"-93.26875","y":"44.97736","value":"24418","display":"120 6TH ST S","fullname":"AX CPP LP","issuedate":"2018/11/07 10:15:56+00","milestone":"Closed","completedate":"2018/12/14 11:49:42+00","applicantcity":"MInneapolis","applicantaddress1":"811 LaSalle Ave"},"geometry":{"type":"Point","coordinates":[-93.26875,44.97736]}},{"type":"Feature","properties":{"date":null,"year":0,"description":"TENANT IMPROVEMENT AT UNIT # 2305 (MAA)  const type:   1-A      occupancy:    B          2015 MSBC occupant load:  13 sprinklered: yes     Tenant:  CANADIAN PACIFIC         Floor(s): 23RD   architect:    COLE DANIEL BAESSLER # 55643","metadescription":"Commercial. Remodel. TENANT IMPROVEMENT AT UNIT # 2305 (MAA)  const type:   1-A      occupancy:    B          2015 MSBC occupant load:  13 sprinklered: yes     Tenant:  CANADIAN PACIFIC         Floor(s): 23RD   architect:    COLE DANIEL BAESSLER # 55643. Closed","address":null,"x":"-93.26875","y":"44.97736","value":"34192","display":"120 6TH ST S","fullname":"AX CPP LP","issuedate":"2018/11/07 10:18:28+00","milestone":"Closed","completedate":"2019/01/07 11:06:23+00","applicantcity":"MInneapolis","applicantaddress1":"811 LaSalle Ave"},"geometry":{"type":"Point","coordinates":[-93.26875,44.97736]}},{"type":"Feature","properties":{"date":null,"year":0,"description":"OFFICE TENANT IMPROVEMENT - SUITE 1220.    SCK#1","metadescription":"Commercial. Remodel. OFFICE TENANT IMPROVEMENT - SUITE 1220.    SCK#1. Closed","address":null,"x":"-93.26875","y":"44.97736","value":"74677","display":"120 6TH ST S","fullname":"AX CPP LP","issuedate":"2017/11/15 15:22:06+00","milestone":"Closed","completedate":"2019/07/18 13:04:02+00","applicantcity":"MINNEAPOLIS","applicantaddress1":"33 SOUTH 6TH STREET #4510"},"geometry":{"type":"Point","coordinates":[-93.26875,44.97736]}},{"type":"Feature","properties":{"date":null,"year":0,"description":"PLUMBING TENANT FINISH 37TH FLOOR","metadescription":"Plumbing. ComNoFdBv. PLUMBING TENANT FINISH 37TH FLOOR. Closed","address":null,"x":"-93.25105","y":"44.97646","value":"0","display":"1111 WEST RIVER PKWY","issuedate":"2022/05/16 14:15:51+00","milestone":"Closed","completedate":"2022/11/30 11:20:34+00","applicantcity":"St Louis Park","applicantaddress1":"6219 Cambridge ST"},"geometry":{"type":"Point","coordinates":[-93.25105,44.97646]}},{"type":"Feature","properties":{"date":null,"year":0,"description":"Tenant Improvements - Suites 100 & 300   certificate of occupancy required:  no     special inspections required:  no     SEPARATE PERMITS ARE REQUIRED FOR ELECTRICAL, PLUMBING, AND HEATING/AIR CONDITIONING/VENTILATION WORK.     const type:    2B     occu","metadescription":"Commercial. Remodel. Tenant Improvements - Suites 100 & 300   certificate of occupancy required:  no     special inspections required:  no     SEPARATE PERMITS ARE REQUIRED FOR ELECTRICAL, PLUMBING, AND HEATING/AIR CONDITIONING/VENTILATION WORK.     const type:    2B     occu. Closed","address":null,"x":"-93.27955","y":"44.9732100000001","value":"2000000","display":"1201 HARMON PL","fullname":"1201 INVESTMENTS LLC","issuedate":"2025/03/19 15:57:43+00","milestone":"Closed","completedate":"2025/08/15 12:40:36+00","applicantcity":"Breezy Point","applicantaddress1":"29861 Mohican Cir"},"geometry":{"type":"Point","coordinates":[-93.27955,44.97321]}},{"type":"Feature","properties":{"date":null,"year":0,"description":"Tenant Improvement - Suite 1200   certificate of occupancy required:  no     special inspections required:  no      const type:   1A      occupancy:     B         2020 MSBC  occupant load:     18   sprinklered: yes   Tenant:   Artis REIT   sac: 1.00 charg","metadescription":"Commercial. Remodel. Tenant Improvement - Suite 1200   certificate of occupancy required:  no     special inspections required:  no      const type:   1A      occupancy:     B         2020 MSBC  occupant load:     18   sprinklered: yes   Tenant:   Artis REIT   sac: 1.00 charg. Closed","address":null,"x":"-93.26875","y":"44.97736","value":"129000","display":"120 6TH ST S","fullname":"AX CPP LP","issuedate":"2023/10/02 08:33:23+00","milestone":"Closed","completedate":"2023/11/28 14:49:30+00","applicantcity":"Minneapolis","applicantaddress1":"730 2nd Ave S Ste 1233"},"geometry":{"type":"Point","coordinates":[-93.26875,44.97736]}},{"type":"Feature","properties":{"date":null,"year":0,"description":"TENANT IMPROVEMENT OF EXISTING OFFICE SPACE IN PREPARATION FOR FUTURE TENANT. AAJ#1    certificate of occupancy required: NO  mechanical plans required for certificate of occupancy  mechanical plans/letter of means of compliance submitted\\  special inspec","metadescription":"Commercial. Remodel. TENANT IMPROVEMENT OF EXISTING OFFICE SPACE IN PREPARATION FOR FUTURE TENANT. AAJ#1    certificate of occupancy required: NO  mechanical plans required for certificate of occupancy  mechanical plans/letter of means of compliance submitted\\  special inspec. Closed","address":null,"x":"-93.26875","y":"44.97736","value":"65000","display":"120 6TH ST S","fullname":"AX CPP LP","issuedate":"2018/06/01 15:48:04+00","milestone":"Closed","completedate":"2018/08/29 14:20:51+00","applicantcity":"SAVAGE","applicantaddress1":"4839 124TH ST W"},"geometry":{"type":"Point","coordinates":[-93.26875,44.97736]}},{"type":"Feature","properties":{"date":null,"year":0,"description":"3rd Floor Tenant Improvement - Create new tenant space within existing office space  certificate of occupancy required:   no     special inspections required:  no      const type:  1B       occupancy:     B         2020 MSBC  sprinklered: yes        archi","metadescription":"Commercial. Remodel. 3rd Floor Tenant Improvement - Create new tenant space within existing office space  certificate of occupancy required:   no     special inspections required:  no      const type:  1B       occupancy:     B         2020 MSBC  sprinklered: yes        archi. Closed","address":null,"x":"-93.25067","y":"44.9750500000001","value":"7250","display":"1200 WASHINGTON AVE S","issuedate":"2023/05/23 10:46:08+00","milestone":"Closed","completedate":"2023/10/13 12:15:14+00","applicantcity":"BLOOMINGTON","applicantaddress1":"9700 4TH AVE S"},"geometry":{"type":"Point","coordinates":[-93.25067,44.97505]}},{"type":"Feature","properties":{"date":null,"year":0,"description":"tenant improvements on 9th 10th and 11th floors.     sck#2     certificate of occupancy required   no special inspections required  no  const type:   1a      occupancy:     b         2015 MSBC sprinklered: yes    architect:    mueller","metadescription":"Commercial. Remodel. tenant improvements on 9th 10th and 11th floors.     sck#2     certificate of occupancy required   no special inspections required  no  const type:   1a      occupancy:     b         2015 MSBC sprinklered: yes    architect:    mueller. Closed","address":null,"x":"-93.26875","y":"44.97736","value":"400000","display":"120 6TH ST S","fullname":"AX CPP LP","issuedate":"2017/04/14 13:53:56+00","milestone":"Closed","completedate":"2017/10/27 12:08:02+00","applicantcity":"plymouth","applicantaddress1":"14030 21st ave n"},"geometry":{"type":"Point","coordinates":[-93.26875,44.97736]}},{"type":"Feature","properties":{"date":null,"year":0,"description":"TENANT IMPROVEMENT OF EXISTING OFFICE SPACE IN PREPARATION FOR FUTURE TENANT. AAJ#1        certificate of occupancy required: NO  mechanical plans required for certificate of occupancy  mechanical plans/letter of means of compliance submitted\\  special in","metadescription":"Commercial. Remodel. TENANT IMPROVEMENT OF EXISTING OFFICE SPACE IN PREPARATION FOR FUTURE TENANT. AAJ#1        certificate of occupancy required: NO  mechanical plans required for certificate of occupancy  mechanical plans/letter of means of compliance submitted\\  special in. Closed","address":null,"x":"-93.26875","y":"44.97736","value":"60000","display":"120 6TH ST S","fullname":"AX CPP LP","issuedate":"2018/06/01 15:45:58+00","milestone":"Closed","completedate":"2018/08/29 14:25:08+00","applicantcity":"SAVAGE","applicantaddress1":"4839 124TH ST W"},"geometry":{"type":"Point","coordinates":[-93.26875,44.97736]}},{"type":"Feature","properties":{"date":null,"year":0,"description":"HVAC system for tenant finish out relocating water source heat pump and associated ductwork and supply diffusers.","metadescription":"Mechanical. Comm-MFD. HVAC system for tenant finish out relocating water source heat pump and associated ductwork and supply diffusers.. Closed","address":null,"x":"-93.26223","y":"44.9815","value":"21800","display":"111 3RD AVE S","fullname":"BARREL HOUSE LLC","issuedate":"2020/09/17 08:35:05+00","milestone":"Closed","completedate":"2020/10/29 16:02:10+00","applicantcity":"Minneapolis","applicantaddress1":"2318 1st St NE"},"geometry":{"type":"Point","coordinates":[-93.26223,44.9815]}},{"type":"Feature","properties":{"date":null,"year":0,"description":"Tenant Improvement - Suite 400  certificate of occupancy required:  no   ***** special inspections required:  no*****  occupancy:   B           ***2015 MSBC***** occupant load: 46     ***** sprinklered: yes   ***** Tenant:  Core States         ***Floor(s)","metadescription":"Commercial. Remodel. Tenant Improvement - Suite 400  certificate of occupancy required:  no   ***** special inspections required:  no*****  occupancy:   B           ***2015 MSBC***** occupant load: 46     ***** sprinklered: yes   ***** Tenant:  Core States         ***Floor(s). Closed","address":null,"x":"-93.26223","y":"44.9815","value":"250000","display":"111 3RD AVE S","fullname":"BARREL HOUSE LLC","issuedate":"2020/07/01 10:09:29+00","milestone":"Closed","completedate":"2020/10/15 12:42:43+00","applicantcity":"Minneapolis","applicantaddress1":"800 Washington Ave N Ste 208"},"geometry":{"type":"Point","coordinates":[-93.26223,44.9815]}},{"type":"Feature","properties":{"date":null,"year":0,"description":"Initial Tenant improvement of shell space for new tattoo establishment  certificate of occupancy required:  yes    special inspections required:  no  const type: I-A        occupancy:   B           2020 MSBC occupant load:    7   sprinklered: yes Tenant:","metadescription":"Commercial. Remodel. Initial Tenant improvement of shell space for new tattoo establishment  certificate of occupancy required:  yes    special inspections required:  no  const type: I-A        occupancy:   B           2020 MSBC occupant load:    7   sprinklered: yes Tenant:. Closed","address":null,"x":"-93.2387899999999","y":"44.9820800000001","value":"48000","display":"1119 4TH ST SE","fullname":"MINNESOTA BANK AND TRUST","issuedate":"2021/06/04 09:24:20+00","milestone":"Closed","completedate":"2021/06/29 08:35:20+00","applicantcity":"Minneapolis","applicantaddress1":"2118 4th Ave S"},"geometry":{"type":"Point","coordinates":[-93.23879,44.98208]}},{"type":"Feature","properties":{"date":null,"year":0,"description":"Scope includes modifying existing domestic water piping, sanitary waste and vent piping, and natural gas  piping for tenant improvements in 34th floor units: 34A, 34B and 34C. Install new plumbing fixtures.      All plumbing shall be installed in accordan","metadescription":"Plumbing. ComMaj. Scope includes modifying existing domestic water piping, sanitary waste and vent piping, and natural gas  piping for tenant improvements in 34th floor units: 34A, 34B and 34C. Install new plumbing fixtures.      All plumbing shall be installed in accordan. Closed","address":null,"x":"-93.25105","y":"44.97646","value":"0","display":"1111 WEST RIVER PKWY","issuedate":"2025/04/04 13:22:59+00","milestone":"Closed","completedate":"2026/02/03 12:55:37+00","applicantcity":"New Hope","applicantaddress1":"7400 49th Ave N"},"geometry":{"type":"Point","coordinates":[-93.25105,44.97646]}},{"type":"Feature","properties":{"date":null,"year":0,"description":"3rd Floor Tenant Improvement - Create new tenant space within existing office space  certificate of occupancy required:   no     special inspections required:  no      const type:  1B       occupancy:     B         2020 MSBC  sprinklered: yes        archi","metadescription":"Commercial. Remodel. 3rd Floor Tenant Improvement - Create new tenant space within existing office space  certificate of occupancy required:   no     special inspections required:  no      const type:  1B       occupancy:     B         2020 MSBC  sprinklered: yes        archi. Closed","address":null,"x":"-93.25067","y":"44.9750500000001","value":"7250","display":"1200 WASHINGTON AVE S","fullname":"SUPERCOMPUTER LLC","issuedate":"2023/05/23 10:46:08+00","milestone":"Closed","completedate":"2023/10/13 12:15:14+00","applicantcity":"BLOOMINGTON","applicantaddress1":"9700 4TH AVE S"},"geometry":{"type":"Point","coordinates":[-93.25067,44.97505]}},{"type":"Feature","properties":{"date":null,"year":0,"description":"TENANT IMPROVEMENT FOR OFFICE SPACE EXPANSION ON 4TH FLOOR FOR HENRICKSEN OFFICE ON FIRST FLOOR (SUITE#100) OF EXISTING OFFICE BUILDING. AAJ#1     certificate of occupancy required: NO mechanical plans required for certificate of occupancy mechanical plan","metadescription":"Commercial. Remodel. TENANT IMPROVEMENT FOR OFFICE SPACE EXPANSION ON 4TH FLOOR FOR HENRICKSEN OFFICE ON FIRST FLOOR (SUITE#100) OF EXISTING OFFICE BUILDING. AAJ#1     certificate of occupancy required: NO mechanical plans required for certificate of occupancy mechanical plan. Closed","address":null,"x":"-93.25118","y":"44.97722","value":"35800","display":"1101 WEST RIVER PKWY","fullname":"ARCADIA ON THE RIVER LLC","issuedate":"2018/02/02 11:08:12+00","milestone":"Closed","completedate":"2019/06/05 11:20:37+00","applicantcity":"BLOOMINGTON","applicantaddress1":"220 90TH ST W"},"geometry":{"type":"Point","coordinates":[-93.25118,44.97722]}},{"type":"Feature","properties":{"date":null,"year":0,"description":"TENANT IMPROVEMENT #1750. No impact on rated assemblies","metadescription":"Commercial. Remodel. TENANT IMPROVEMENT #1750. No impact on rated assemblies. Closed","address":null,"x":"-93.26875","y":"44.97736","value":"44000","display":"120 6TH ST S","fullname":"AX CPP LP","issuedate":"2019/05/02 10:42:26+00","milestone":"Closed","completedate":"2019/09/17 14:15:19+00","applicantcity":"MINNEAPOLIS","applicantaddress1":"33 6TH ST  SUITE 4510"},"geometry":{"type":"Point","coordinates":[-93.26875,44.97736]}},{"type":"Feature","properties":{"date":null,"year":0,"description":"Bar/Restaurant buildout for Tilt Bar and Restaurant and Arcade: (kas#1)    A-R/R\tASSEMBLY OCCUPANCY REMODEL NEW TENANT IMPROVEMENT IN PREVIOUSLY UNOCCUPIED SPACE IN NEW BUILDING COMPLETED 11/16 certificate of occupancy required  YES 20% accessibility upgr","metadescription":"Commercial. Remodel. Bar/Restaurant buildout for Tilt Bar and Restaurant and Arcade: (kas#1)    A-R/R\tASSEMBLY OCCUPANCY REMODEL NEW TENANT IMPROVEMENT IN PREVIOUSLY UNOCCUPIED SPACE IN NEW BUILDING COMPLETED 11/16 certificate of occupancy required  YES 20% accessibility upgr. Closed","address":null,"x":"-93.2756899999999","y":"44.95511","value":"189927","display":"113 26TH ST E","fullname":"MINNEAPOLIS COLLEGE OF ART AND DESIGN","issuedate":"2017/02/10 10:02:30+00","milestone":"Closed","completedate":"2021/07/26 10:38:54+00","applicantcity":"MINNEAPOLIS","applicantaddress1":"1710 W Lake St Suite 200"},"geometry":{"type":"Point","coordinates":[-93.27569,44.95511]}},{"type":"Feature","properties":{"date":null,"year":0,"description":"OFFICE EXPENSION AND INTERIOR TENANT IMPROVEMENTS SUITE # 200 (MAA)  PHONE ROOM NEEDS TO BE ACCESSIBLE AS PER ARCHITECT HE WILL MAKE CORRECTION SND SEND THE REVISED LAYOUT TO OUR OFFICE.   certificate of occupancy required:  NO     const type:  1 A","metadescription":"Commercial. Remodel. OFFICE EXPENSION AND INTERIOR TENANT IMPROVEMENTS SUITE # 200 (MAA)  PHONE ROOM NEEDS TO BE ACCESSIBLE AS PER ARCHITECT HE WILL MAKE CORRECTION SND SEND THE REVISED LAYOUT TO OUR OFFICE.   certificate of occupancy required:  NO     const type:  1 A. Closed","address":null,"x":"-93.2668199999999","y":"44.98049","value":"255799","display":"111 WASHINGTON AVE S","fullname":"PION WASH SQ OWNER LLC ET AL","issuedate":"2018/08/24 13:45:20+00","milestone":"Closed","completedate":"2018/11/08 08:40:11+00","applicantcity":"minneapolis","applicantaddress1":"33 so 6th st"},"geometry":{"type":"Point","coordinates":[-93.26682,44.98049]}},{"type":"Feature","properties":{"date":null,"year":0,"description":"TENANT IMPROVEMENT OFFICE REMODEL. ** certificate of occupancy required: no ***** special inspections required: no***** const type: IA ***occupancy: B ***2015 MSBC***** occupant load: 162 ***** sprinklered: yes ***** energy code chapter used: 1323 (IECC c","metadescription":"Commercial. Remodel. TENANT IMPROVEMENT OFFICE REMODEL. ** certificate of occupancy required: no ***** special inspections required: no***** const type: IA ***occupancy: B ***2015 MSBC***** occupant load: 162 ***** sprinklered: yes ***** energy code chapter used: 1323 (IECC c. Closed","address":null,"x":"-93.2668199999999","y":"44.98049","value":"274155","display":"111 WASHINGTON AVE S","fullname":"PION WASH SQ OWNER LLC ET AL","issuedate":"2020/02/20 13:59:24+00","milestone":"Closed","completedate":"2020/05/05 12:14:10+00","applicantcity":"MINNEAPOLIS","applicantaddress1":"730 2ND AVE S"},"geometry":{"type":"Point","coordinates":[-93.26682,44.98049]}},{"type":"Feature","properties":{"date":null,"year":0,"description":"TENANT IMPROVEMENT FOR NEW RESTAURANT  - SAMMY'S AVENUE EATERY IN EXISTING COMMERCIAL BUILDING. AAJ#1        certificate of occupancy required: YES  mechanical plans required for certificate of occupancy  mechanical plans/letter of means of compliance sub","metadescription":"Commercial. Remodel. TENANT IMPROVEMENT FOR NEW RESTAURANT  - SAMMY'S AVENUE EATERY IN EXISTING COMMERCIAL BUILDING. AAJ#1        certificate of occupancy required: YES  mechanical plans required for certificate of occupancy  mechanical plans/letter of means of compliance sub. Closed","address":null,"x":"-93.29434","y":"44.99888","value":"83473","display":"1101 WEST BROADWAY","fullname":"TRUSTEES OF THE DIOCESE OF MINNESOTA INC","issuedate":"2017/12/27 13:50:23+00","milestone":"Closed","completedate":"2019/07/12 11:23:04+00","applicantcity":"MINNEAPOLIS","applicantaddress1":"5400 MAIN ST NE # 203"},"geometry":{"type":"Point","coordinates":[-93.29434,44.99888]}},{"type":"Feature","properties":{"date":null,"year":0,"description":"TENANT IMPROVEMENT (MAA)  certificate of occupancy required:  NO special inspections required:  YES  const type:   IV     occupancy:     B         2020 MSBC occupant load:      47 sprinklered: YES energy code chapter used:  MN ENERGY CODE 2020 20% accessi","metadescription":"Commercial. Remodel. TENANT IMPROVEMENT (MAA)  certificate of occupancy required:  NO special inspections required:  YES  const type:   IV     occupancy:     B         2020 MSBC occupant load:      47 sprinklered: YES energy code chapter used:  MN ENERGY CODE 2020 20% accessi. Closed","address":null,"x":"-93.2497499999999","y":"44.9830700000001","value":"136350","display":"110 5TH AVE SE","fullname":"BUHL SOAP LLC","issuedate":"2021/12/14 10:31:32+00","milestone":"Closed","completedate":"2022/08/02 12:55:57+00","applicantcity":"Edina","applicantaddress1":"5280 74th St N"},"geometry":{"type":"Point","coordinates":[-93.24975,44.98307]}},{"type":"Feature","properties":{"date":null,"year":0,"description":"Tenant Improvement - Suite 200  certificate of occupancy required:  no    special inspections required:  no  const type:   IIB & IV      occupancy:    B          2020 MSBC occupant load:   106    sprinklered: yes   Tenant: PKT Enterprises sac: 2.70 charge","metadescription":"Commercial. Remodel. Tenant Improvement - Suite 200  certificate of occupancy required:  no    special inspections required:  no  const type:   IIB & IV      occupancy:    B          2020 MSBC occupant load:   106    sprinklered: yes   Tenant: PKT Enterprises sac: 2.70 charge. Closed","address":null,"x":"-93.2497499999999","y":"44.9830700000001","value":"121542","display":"110 5TH AVE SE","fullname":"BUHL SOAP LLC","issuedate":"2021/07/20 16:32:36+00","milestone":"Closed","completedate":"2021/09/28 08:09:56+00","applicantcity":"Edina","applicantaddress1":"5151 Edina Industrial Blvd"},"geometry":{"type":"Point","coordinates":[-93.24975,44.98307]}},{"type":"Feature","properties":{"date":null,"year":0,"description":"Tenant improvement for message therapy wellness -ACW     certificate of occupancy required:   no     special inspections required:   no     const type:   1A      occupancy:    B          2020 MSBC  occupant load:      29  sprinklered: yes       20% access","metadescription":"Commercial. Remodel. Tenant improvement for message therapy wellness -ACW     certificate of occupancy required:   no     special inspections required:   no     const type:   1A      occupancy:    B          2020 MSBC  occupant load:      29  sprinklered: yes       20% access. Issued","address":null,"x":"-93.2697199999999","y":"44.98377","value":"250000","display":"109 2ND ST N","fullname":"VELO APARTMENTS LLC","issuedate":"2026/05/22 15:26:51+00","milestone":"Inspection","applicantcity":"Modesto","applicantaddress1":"616 14th St"},"geometry":{"type":"Point","coordinates":[-93.26972,44.98377]}}]}
