{"type":"FeatureCollection","features":[{"type":"Feature","properties":{"date":null,"year":0,"description":"INTERIOR REMODEL OF COMMON AREAS AND ADDITION OF VESTIBULE AT MAIN LEVEL (MAA #02)  EXTERIOR LANDSCAPING.  ********* COMBUSTABLE INSULATION IS NOT PERMITTED IN TYPE I CONSTRUCTION************      ******** DONE WITH REVIEW WAITING FOR ZONING APPROVAL 3/17","metadescription":"Commercial. Remodel. INTERIOR REMODEL OF COMMON AREAS AND ADDITION OF VESTIBULE AT MAIN LEVEL (MAA #02)  EXTERIOR LANDSCAPING.  ********* COMBUSTABLE INSULATION IS NOT PERMITTED IN TYPE I CONSTRUCTION************      ******** DONE WITH REVIEW WAITING FOR ZONING APPROVAL 3/17. Closed","address":null,"x":"-93.25452","y":"44.9850200000001","value":"1500000","display":"100 2ND ST SE","issuedate":"2017/06/16 10:10:35+00","milestone":"Closed","completedate":"2018/04/09 08:53:46+00","applicantcity":"MINNEAPOLIS","applicantaddress1":"6465 WAYZATA BLVD, STE 110"},"geometry":{"type":"Point","coordinates":[-93.25452,44.98502]}},{"type":"Feature","properties":{"date":null,"year":0,"description":"INTERIOR REMODEL OF COMMON AREAS AND ADDITION OF VESTIBULE AT MAIN LEVEL (MAA #02)  EXTERIOR LANDSCAPING.  ********* COMBUSTABLE INSULATION IS NOT PERMITTED IN TYPE I CONSTRUCTION************      ******** DONE WITH REVIEW WAITING FOR ZONING APPROVAL 3/17","metadescription":"Commercial. Remodel. INTERIOR REMODEL OF COMMON AREAS AND ADDITION OF VESTIBULE AT MAIN LEVEL (MAA #02)  EXTERIOR LANDSCAPING.  ********* COMBUSTABLE INSULATION IS NOT PERMITTED IN TYPE I CONSTRUCTION************      ******** DONE WITH REVIEW WAITING FOR ZONING APPROVAL 3/17. Closed","address":null,"x":"-93.2552699999999","y":"44.98528","value":"1500000","display":"100 2ND ST SE","issuedate":"2017/06/16 10:10:35+00","milestone":"Closed","completedate":"2018/04/09 08:53:46+00","applicantcity":"MINNEAPOLIS","applicantaddress1":"6465 WAYZATA BLVD, STE 110"},"geometry":{"type":"Point","coordinates":[-93.25527,44.98528]}},{"type":"Feature","properties":{"date":null,"year":0,"description":"INTERIOR REMODEL OF COMMON AREAS AND ADDITION OF VESTIBULE AT MAIN LEVEL (MAA #02)  EXTERIOR LANDSCAPING.  ********* COMBUSTABLE INSULATION IS NOT PERMITTED IN TYPE I CONSTRUCTION************      ******** DONE WITH REVIEW WAITING FOR ZONING APPROVAL 3/17","metadescription":"Commercial. Remodel. INTERIOR REMODEL OF COMMON AREAS AND ADDITION OF VESTIBULE AT MAIN LEVEL (MAA #02)  EXTERIOR LANDSCAPING.  ********* COMBUSTABLE INSULATION IS NOT PERMITTED IN TYPE I CONSTRUCTION************      ******** DONE WITH REVIEW WAITING FOR ZONING APPROVAL 3/17. Closed","address":null,"x":"-93.25488","y":"44.9848900000001","value":"1500000","display":"100 2ND ST SE","issuedate":"2017/06/16 10:10:35+00","milestone":"Closed","completedate":"2018/04/09 08:53:46+00","applicantcity":"MINNEAPOLIS","applicantaddress1":"6465 WAYZATA BLVD, STE 110"},"geometry":{"type":"Point","coordinates":[-93.25488,44.98489]}},{"type":"Feature","properties":{"date":null,"year":0,"description":"INTERIOR REMODEL OF COMMON AREAS AND ADDITION OF VESTIBULE AT MAIN LEVEL (MAA #02)  EXTERIOR LANDSCAPING.  ********* COMBUSTABLE INSULATION IS NOT PERMITTED IN TYPE I CONSTRUCTION************      ******** DONE WITH REVIEW WAITING FOR ZONING APPROVAL 3/17","metadescription":"Commercial. Remodel. INTERIOR REMODEL OF COMMON AREAS AND ADDITION OF VESTIBULE AT MAIN LEVEL (MAA #02)  EXTERIOR LANDSCAPING.  ********* COMBUSTABLE INSULATION IS NOT PERMITTED IN TYPE I CONSTRUCTION************      ******** DONE WITH REVIEW WAITING FOR ZONING APPROVAL 3/17. Closed","address":null,"x":"-93.2552699999999","y":"44.98528","value":"1500000","display":"100 2ND ST SE","issuedate":"2017/06/16 10:10:35+00","milestone":"Closed","completedate":"2018/04/09 08:53:46+00","applicantcity":"MINNEAPOLIS","applicantaddress1":"6465 WAYZATA BLVD, STE 110"},"geometry":{"type":"Point","coordinates":[-93.25527,44.98528]}},{"type":"Feature","properties":{"date":null,"year":0,"description":"INTERIOR REMODEL OF COMMON AREAS AND ADDITION OF VESTIBULE AT MAIN LEVEL (MAA #02)  EXTERIOR LANDSCAPING.  ********* COMBUSTABLE INSULATION IS NOT PERMITTED IN TYPE I CONSTRUCTION************      ******** DONE WITH REVIEW WAITING FOR ZONING APPROVAL 3/17","metadescription":"Commercial. Remodel. INTERIOR REMODEL OF COMMON AREAS AND ADDITION OF VESTIBULE AT MAIN LEVEL (MAA #02)  EXTERIOR LANDSCAPING.  ********* COMBUSTABLE INSULATION IS NOT PERMITTED IN TYPE I CONSTRUCTION************      ******** DONE WITH REVIEW WAITING FOR ZONING APPROVAL 3/17. Closed","address":null,"x":"-93.2552699999999","y":"44.98528","value":"1500000","display":"100 2ND ST SE","fullname":"STEVEN PETERSON","issuedate":"2017/06/16 10:10:35+00","milestone":"Closed","completedate":"2018/04/09 08:53:46+00","applicantcity":"MINNEAPOLIS","applicantaddress1":"6465 WAYZATA BLVD, STE 110"},"geometry":{"type":"Point","coordinates":[-93.25527,44.98528]}},{"type":"Feature","properties":{"date":null,"year":0,"description":"INTERIOR REMODEL OF COMMON AREAS AND ADDITION OF VESTIBULE AT MAIN LEVEL (MAA #02)  EXTERIOR LANDSCAPING.  ********* COMBUSTABLE INSULATION IS NOT PERMITTED IN TYPE I CONSTRUCTION************      ******** DONE WITH REVIEW WAITING FOR ZONING APPROVAL 3/17","metadescription":"Commercial. Remodel. INTERIOR REMODEL OF COMMON AREAS AND ADDITION OF VESTIBULE AT MAIN LEVEL (MAA #02)  EXTERIOR LANDSCAPING.  ********* COMBUSTABLE INSULATION IS NOT PERMITTED IN TYPE I CONSTRUCTION************      ******** DONE WITH REVIEW WAITING FOR ZONING APPROVAL 3/17. Closed","address":null,"x":"-93.2552699999999","y":"44.98528","value":"1500000","display":"100 2ND ST SE","fullname":"GAIL M BALEGO","issuedate":"2017/06/16 10:10:35+00","milestone":"Closed","completedate":"2018/04/09 08:53:46+00","applicantcity":"MINNEAPOLIS","applicantaddress1":"6465 WAYZATA BLVD, STE 110"},"geometry":{"type":"Point","coordinates":[-93.25527,44.98528]}},{"type":"Feature","properties":{"date":null,"year":0,"description":"INTERIOR REMODEL OF COMMON AREAS AND ADDITION OF VESTIBULE AT MAIN LEVEL (MAA #02)  EXTERIOR LANDSCAPING.  ********* COMBUSTABLE INSULATION IS NOT PERMITTED IN TYPE I CONSTRUCTION************      ******** DONE WITH REVIEW WAITING FOR ZONING APPROVAL 3/17","metadescription":"Commercial. Remodel. INTERIOR REMODEL OF COMMON AREAS AND ADDITION OF VESTIBULE AT MAIN LEVEL (MAA #02)  EXTERIOR LANDSCAPING.  ********* COMBUSTABLE INSULATION IS NOT PERMITTED IN TYPE I CONSTRUCTION************      ******** DONE WITH REVIEW WAITING FOR ZONING APPROVAL 3/17. Closed","address":null,"x":"-93.2552699999999","y":"44.98528","value":"1500000","display":"100 2ND ST SE","fullname":"RALPH STRANGIS","issuedate":"2017/06/16 10:10:35+00","milestone":"Closed","completedate":"2018/04/09 08:53:46+00","applicantcity":"MINNEAPOLIS","applicantaddress1":"6465 WAYZATA BLVD, STE 110"},"geometry":{"type":"Point","coordinates":[-93.25527,44.98528]}},{"type":"Feature","properties":{"date":null,"year":0,"description":"INTERIOR REMODEL OF COMMON AREAS AND ADDITION OF VESTIBULE AT MAIN LEVEL (MAA #02)  EXTERIOR LANDSCAPING.  ********* COMBUSTABLE INSULATION IS NOT PERMITTED IN TYPE I CONSTRUCTION************      ******** DONE WITH REVIEW WAITING FOR ZONING APPROVAL 3/17","metadescription":"Commercial. Remodel. INTERIOR REMODEL OF COMMON AREAS AND ADDITION OF VESTIBULE AT MAIN LEVEL (MAA #02)  EXTERIOR LANDSCAPING.  ********* COMBUSTABLE INSULATION IS NOT PERMITTED IN TYPE I CONSTRUCTION************      ******** DONE WITH REVIEW WAITING FOR ZONING APPROVAL 3/17. Closed","address":null,"x":"-93.2552699999999","y":"44.98528","value":"1500000","display":"100 2ND ST SE","fullname":"WILLIAM R STOERI","issuedate":"2017/06/16 10:10:35+00","milestone":"Closed","completedate":"2018/04/09 08:53:46+00","applicantcity":"MINNEAPOLIS","applicantaddress1":"6465 WAYZATA BLVD, STE 110"},"geometry":{"type":"Point","coordinates":[-93.25527,44.98528]}},{"type":"Feature","properties":{"date":null,"year":0,"description":"INTERIOR REMODEL OF COMMON AREAS AND ADDITION OF VESTIBULE AT MAIN LEVEL (MAA #02)  EXTERIOR LANDSCAPING.  ********* COMBUSTABLE INSULATION IS NOT PERMITTED IN TYPE I CONSTRUCTION************      ******** DONE WITH REVIEW WAITING FOR ZONING APPROVAL 3/17","metadescription":"Commercial. Remodel. INTERIOR REMODEL OF COMMON AREAS AND ADDITION OF VESTIBULE AT MAIN LEVEL (MAA #02)  EXTERIOR LANDSCAPING.  ********* COMBUSTABLE INSULATION IS NOT PERMITTED IN TYPE I CONSTRUCTION************      ******** DONE WITH REVIEW WAITING FOR ZONING APPROVAL 3/17. Closed","address":null,"x":"-93.2552699999999","y":"44.98528","value":"1500000","display":"100 2ND ST SE","fullname":"DANIEL D WILKENING","issuedate":"2017/06/16 10:10:35+00","milestone":"Closed","completedate":"2018/04/09 08:53:46+00","applicantcity":"MINNEAPOLIS","applicantaddress1":"6465 WAYZATA BLVD, STE 110"},"geometry":{"type":"Point","coordinates":[-93.25527,44.98528]}},{"type":"Feature","properties":{"date":null,"year":0,"description":"INTERIOR REMODEL OF COMMON AREAS AND ADDITION OF VESTIBULE AT MAIN LEVEL (MAA #02)  EXTERIOR LANDSCAPING.  ********* COMBUSTABLE INSULATION IS NOT PERMITTED IN TYPE I CONSTRUCTION************      ******** DONE WITH REVIEW WAITING FOR ZONING APPROVAL 3/17","metadescription":"Commercial. Remodel. INTERIOR REMODEL OF COMMON AREAS AND ADDITION OF VESTIBULE AT MAIN LEVEL (MAA #02)  EXTERIOR LANDSCAPING.  ********* COMBUSTABLE INSULATION IS NOT PERMITTED IN TYPE I CONSTRUCTION************      ******** DONE WITH REVIEW WAITING FOR ZONING APPROVAL 3/17. Closed","address":null,"x":"-93.2552699999999","y":"44.98528","value":"1500000","display":"100 2ND ST SE","fullname":"HASHEM ABUKHADRA","issuedate":"2017/06/16 10:10:35+00","milestone":"Closed","completedate":"2018/04/09 08:53:46+00","applicantcity":"MINNEAPOLIS","applicantaddress1":"6465 WAYZATA BLVD, STE 110"},"geometry":{"type":"Point","coordinates":[-93.25527,44.98528]}},{"type":"Feature","properties":{"date":null,"year":0,"description":"INTERIOR REMODEL OF COMMON AREAS AND ADDITION OF VESTIBULE AT MAIN LEVEL (MAA #02)  EXTERIOR LANDSCAPING.  ********* COMBUSTABLE INSULATION IS NOT PERMITTED IN TYPE I CONSTRUCTION************      ******** DONE WITH REVIEW WAITING FOR ZONING APPROVAL 3/17","metadescription":"Commercial. Remodel. INTERIOR REMODEL OF COMMON AREAS AND ADDITION OF VESTIBULE AT MAIN LEVEL (MAA #02)  EXTERIOR LANDSCAPING.  ********* COMBUSTABLE INSULATION IS NOT PERMITTED IN TYPE I CONSTRUCTION************      ******** DONE WITH REVIEW WAITING FOR ZONING APPROVAL 3/17. Closed","address":null,"x":"-93.2552699999999","y":"44.98528","value":"1500000","display":"100 2ND ST SE","fullname":"SCOTT ACKER","issuedate":"2017/06/16 10:10:35+00","milestone":"Closed","completedate":"2018/04/09 08:53:46+00","applicantcity":"MINNEAPOLIS","applicantaddress1":"6465 WAYZATA BLVD, STE 110"},"geometry":{"type":"Point","coordinates":[-93.25527,44.98528]}},{"type":"Feature","properties":{"date":null,"year":0,"description":"INTERIOR REMODEL OF COMMON AREAS AND ADDITION OF VESTIBULE AT MAIN LEVEL (MAA #02)  EXTERIOR LANDSCAPING.  ********* COMBUSTABLE INSULATION IS NOT PERMITTED IN TYPE I CONSTRUCTION************      ******** DONE WITH REVIEW WAITING FOR ZONING APPROVAL 3/17","metadescription":"Commercial. Remodel. INTERIOR REMODEL OF COMMON AREAS AND ADDITION OF VESTIBULE AT MAIN LEVEL (MAA #02)  EXTERIOR LANDSCAPING.  ********* COMBUSTABLE INSULATION IS NOT PERMITTED IN TYPE I CONSTRUCTION************      ******** DONE WITH REVIEW WAITING FOR ZONING APPROVAL 3/17. Closed","address":null,"x":"-93.2552699999999","y":"44.98528","value":"1500000","display":"100 2ND ST SE","fullname":"CHARLES C HOLLEY TRUSTEE","issuedate":"2017/06/16 10:10:35+00","milestone":"Closed","completedate":"2018/04/09 08:53:46+00","applicantcity":"MINNEAPOLIS","applicantaddress1":"6465 WAYZATA BLVD, STE 110"},"geometry":{"type":"Point","coordinates":[-93.25527,44.98528]}},{"type":"Feature","properties":{"date":null,"year":0,"description":"INTERIOR REMODEL OF COMMON AREAS AND ADDITION OF VESTIBULE AT MAIN LEVEL (MAA #02)  EXTERIOR LANDSCAPING.  ********* COMBUSTABLE INSULATION IS NOT PERMITTED IN TYPE I CONSTRUCTION************      ******** DONE WITH REVIEW WAITING FOR ZONING APPROVAL 3/17","metadescription":"Commercial. Remodel. INTERIOR REMODEL OF COMMON AREAS AND ADDITION OF VESTIBULE AT MAIN LEVEL (MAA #02)  EXTERIOR LANDSCAPING.  ********* COMBUSTABLE INSULATION IS NOT PERMITTED IN TYPE I CONSTRUCTION************      ******** DONE WITH REVIEW WAITING FOR ZONING APPROVAL 3/17. Closed","address":null,"x":"-93.2552699999999","y":"44.98528","value":"1500000","display":"100 2ND ST SE","fullname":"REBECCA J ROLLE","issuedate":"2017/06/16 10:10:35+00","milestone":"Closed","completedate":"2018/04/09 08:53:46+00","applicantcity":"MINNEAPOLIS","applicantaddress1":"6465 WAYZATA BLVD, STE 110"},"geometry":{"type":"Point","coordinates":[-93.25527,44.98528]}},{"type":"Feature","properties":{"date":null,"year":0,"description":"INTERIOR REMODEL OF COMMON AREAS AND ADDITION OF VESTIBULE AT MAIN LEVEL (MAA #02)  EXTERIOR LANDSCAPING.  ********* COMBUSTABLE INSULATION IS NOT PERMITTED IN TYPE I CONSTRUCTION************      ******** DONE WITH REVIEW WAITING FOR ZONING APPROVAL 3/17","metadescription":"Commercial. Remodel. INTERIOR REMODEL OF COMMON AREAS AND ADDITION OF VESTIBULE AT MAIN LEVEL (MAA #02)  EXTERIOR LANDSCAPING.  ********* COMBUSTABLE INSULATION IS NOT PERMITTED IN TYPE I CONSTRUCTION************      ******** DONE WITH REVIEW WAITING FOR ZONING APPROVAL 3/17. Closed","address":null,"x":"-93.25567","y":"44.9847800000001","value":"1500000","display":"100 2ND ST SE","issuedate":"2017/06/16 10:10:35+00","milestone":"Closed","completedate":"2018/04/09 08:53:46+00","applicantcity":"MINNEAPOLIS","applicantaddress1":"6465 WAYZATA BLVD, STE 110"},"geometry":{"type":"Point","coordinates":[-93.25567,44.98478]}},{"type":"Feature","properties":{"date":null,"year":0,"description":"INTERIOR REMODEL OF COMMON AREAS AND ADDITION OF VESTIBULE AT MAIN LEVEL (MAA #02)  EXTERIOR LANDSCAPING.  ********* COMBUSTABLE INSULATION IS NOT PERMITTED IN TYPE I CONSTRUCTION************      ******** DONE WITH REVIEW WAITING FOR ZONING APPROVAL 3/17","metadescription":"Commercial. Remodel. INTERIOR REMODEL OF COMMON AREAS AND ADDITION OF VESTIBULE AT MAIN LEVEL (MAA #02)  EXTERIOR LANDSCAPING.  ********* COMBUSTABLE INSULATION IS NOT PERMITTED IN TYPE I CONSTRUCTION************      ******** DONE WITH REVIEW WAITING FOR ZONING APPROVAL 3/17. Closed","address":null,"x":"-93.2552699999999","y":"44.98528","value":"1500000","display":"100 2ND ST SE","fullname":"CARROLL C CISEK","issuedate":"2017/06/16 10:10:35+00","milestone":"Closed","completedate":"2018/04/09 08:53:46+00","applicantcity":"MINNEAPOLIS","applicantaddress1":"6465 WAYZATA BLVD, STE 110"},"geometry":{"type":"Point","coordinates":[-93.25527,44.98528]}},{"type":"Feature","properties":{"date":null,"year":0,"description":"INTERIOR REMODEL OF COMMON AREAS AND ADDITION OF VESTIBULE AT MAIN LEVEL (MAA #02)  EXTERIOR LANDSCAPING.  ********* COMBUSTABLE INSULATION IS NOT PERMITTED IN TYPE I CONSTRUCTION************      ******** DONE WITH REVIEW WAITING FOR ZONING APPROVAL 3/17","metadescription":"Commercial. Remodel. INTERIOR REMODEL OF COMMON AREAS AND ADDITION OF VESTIBULE AT MAIN LEVEL (MAA #02)  EXTERIOR LANDSCAPING.  ********* COMBUSTABLE INSULATION IS NOT PERMITTED IN TYPE I CONSTRUCTION************      ******** DONE WITH REVIEW WAITING FOR ZONING APPROVAL 3/17. Closed","address":null,"x":"-93.2552699999999","y":"44.98528","value":"1500000","display":"100 2ND ST SE","fullname":"DAVID KOEHLER","issuedate":"2017/06/16 10:10:35+00","milestone":"Closed","completedate":"2018/04/09 08:53:46+00","applicantcity":"MINNEAPOLIS","applicantaddress1":"6465 WAYZATA BLVD, STE 110"},"geometry":{"type":"Point","coordinates":[-93.25527,44.98528]}},{"type":"Feature","properties":{"date":null,"year":0,"description":"INTERIOR REMODEL OF COMMON AREAS AND ADDITION OF VESTIBULE AT MAIN LEVEL (MAA #02)  EXTERIOR LANDSCAPING.  ********* COMBUSTABLE INSULATION IS NOT PERMITTED IN TYPE I CONSTRUCTION************      ******** DONE WITH REVIEW WAITING FOR ZONING APPROVAL 3/17","metadescription":"Commercial. Remodel. INTERIOR REMODEL OF COMMON AREAS AND ADDITION OF VESTIBULE AT MAIN LEVEL (MAA #02)  EXTERIOR LANDSCAPING.  ********* COMBUSTABLE INSULATION IS NOT PERMITTED IN TYPE I CONSTRUCTION************      ******** DONE WITH REVIEW WAITING FOR ZONING APPROVAL 3/17. Closed","address":null,"x":"-93.2552699999999","y":"44.98528","value":"1500000","display":"100 2ND ST SE","fullname":"HARLAN T M CAVERT REV LV TRUST","issuedate":"2017/06/16 10:10:35+00","milestone":"Closed","completedate":"2018/04/09 08:53:46+00","applicantcity":"MINNEAPOLIS","applicantaddress1":"6465 WAYZATA BLVD, STE 110"},"geometry":{"type":"Point","coordinates":[-93.25527,44.98528]}},{"type":"Feature","properties":{"date":null,"year":0,"description":"INTERIOR REMODEL OF COMMON AREAS AND ADDITION OF VESTIBULE AT MAIN LEVEL (MAA #02)  EXTERIOR LANDSCAPING.  ********* COMBUSTABLE INSULATION IS NOT PERMITTED IN TYPE I CONSTRUCTION************      ******** DONE WITH REVIEW WAITING FOR ZONING APPROVAL 3/17","metadescription":"Commercial. Remodel. INTERIOR REMODEL OF COMMON AREAS AND ADDITION OF VESTIBULE AT MAIN LEVEL (MAA #02)  EXTERIOR LANDSCAPING.  ********* COMBUSTABLE INSULATION IS NOT PERMITTED IN TYPE I CONSTRUCTION************      ******** DONE WITH REVIEW WAITING FOR ZONING APPROVAL 3/17. Closed","address":null,"x":"-93.2552699999999","y":"44.98528","value":"1500000","display":"100 2ND ST SE","fullname":"AAYUSH GABRANI","issuedate":"2017/06/16 10:10:35+00","milestone":"Closed","completedate":"2018/04/09 08:53:46+00","applicantcity":"MINNEAPOLIS","applicantaddress1":"6465 WAYZATA BLVD, STE 110"},"geometry":{"type":"Point","coordinates":[-93.25527,44.98528]}},{"type":"Feature","properties":{"date":null,"year":0,"description":"INTERIOR REMODEL OF COMMON AREAS AND ADDITION OF VESTIBULE AT MAIN LEVEL (MAA #02)  EXTERIOR LANDSCAPING.  ********* COMBUSTABLE INSULATION IS NOT PERMITTED IN TYPE I CONSTRUCTION************      ******** DONE WITH REVIEW WAITING FOR ZONING APPROVAL 3/17","metadescription":"Commercial. Remodel. INTERIOR REMODEL OF COMMON AREAS AND ADDITION OF VESTIBULE AT MAIN LEVEL (MAA #02)  EXTERIOR LANDSCAPING.  ********* COMBUSTABLE INSULATION IS NOT PERMITTED IN TYPE I CONSTRUCTION************      ******** DONE WITH REVIEW WAITING FOR ZONING APPROVAL 3/17. Closed","address":null,"x":"-93.2552699999999","y":"44.98528","value":"1500000","display":"100 2ND ST SE","fullname":"DWIGHT CURRIE","issuedate":"2017/06/16 10:10:35+00","milestone":"Closed","completedate":"2018/04/09 08:53:46+00","applicantcity":"MINNEAPOLIS","applicantaddress1":"6465 WAYZATA BLVD, STE 110"},"geometry":{"type":"Point","coordinates":[-93.25527,44.98528]}},{"type":"Feature","properties":{"date":null,"year":0,"description":"INTERIOR REMODEL OF COMMON AREAS AND ADDITION OF VESTIBULE AT MAIN LEVEL (MAA #02)  EXTERIOR LANDSCAPING.  ********* COMBUSTABLE INSULATION IS NOT PERMITTED IN TYPE I CONSTRUCTION************      ******** DONE WITH REVIEW WAITING FOR ZONING APPROVAL 3/17","metadescription":"Commercial. Remodel. INTERIOR REMODEL OF COMMON AREAS AND ADDITION OF VESTIBULE AT MAIN LEVEL (MAA #02)  EXTERIOR LANDSCAPING.  ********* COMBUSTABLE INSULATION IS NOT PERMITTED IN TYPE I CONSTRUCTION************      ******** DONE WITH REVIEW WAITING FOR ZONING APPROVAL 3/17. Closed","address":null,"x":"-93.2552699999999","y":"44.98528","value":"1500000","display":"100 2ND ST SE","fullname":"PAMELA LAMPERT TRUST","issuedate":"2017/06/16 10:10:35+00","milestone":"Closed","completedate":"2018/04/09 08:53:46+00","applicantcity":"MINNEAPOLIS","applicantaddress1":"6465 WAYZATA BLVD, STE 110"},"geometry":{"type":"Point","coordinates":[-93.25527,44.98528]}},{"type":"Feature","properties":{"date":null,"year":0,"description":"INTERIOR REMODEL OF COMMON AREAS AND ADDITION OF VESTIBULE AT MAIN LEVEL (MAA #02)  EXTERIOR LANDSCAPING.  ********* COMBUSTABLE INSULATION IS NOT PERMITTED IN TYPE I CONSTRUCTION************      ******** DONE WITH REVIEW WAITING FOR ZONING APPROVAL 3/17","metadescription":"Commercial. Remodel. INTERIOR REMODEL OF COMMON AREAS AND ADDITION OF VESTIBULE AT MAIN LEVEL (MAA #02)  EXTERIOR LANDSCAPING.  ********* COMBUSTABLE INSULATION IS NOT PERMITTED IN TYPE I CONSTRUCTION************      ******** DONE WITH REVIEW WAITING FOR ZONING APPROVAL 3/17. Closed","address":null,"x":"-93.2552699999999","y":"44.98528","value":"1500000","display":"100 2ND ST SE","fullname":"JOHN WILSON","issuedate":"2017/06/16 10:10:35+00","milestone":"Closed","completedate":"2018/04/09 08:53:46+00","applicantcity":"MINNEAPOLIS","applicantaddress1":"6465 WAYZATA BLVD, STE 110"},"geometry":{"type":"Point","coordinates":[-93.25527,44.98528]}},{"type":"Feature","properties":{"date":null,"year":0,"description":"INTERIOR REMODEL OF COMMON AREAS AND ADDITION OF VESTIBULE AT MAIN LEVEL (MAA #02)  EXTERIOR LANDSCAPING.  ********* COMBUSTABLE INSULATION IS NOT PERMITTED IN TYPE I CONSTRUCTION************      ******** DONE WITH REVIEW WAITING FOR ZONING APPROVAL 3/17","metadescription":"Commercial. Remodel. INTERIOR REMODEL OF COMMON AREAS AND ADDITION OF VESTIBULE AT MAIN LEVEL (MAA #02)  EXTERIOR LANDSCAPING.  ********* COMBUSTABLE INSULATION IS NOT PERMITTED IN TYPE I CONSTRUCTION************      ******** DONE WITH REVIEW WAITING FOR ZONING APPROVAL 3/17. Closed","address":null,"x":"-93.2552699999999","y":"44.98528","value":"1500000","display":"100 2ND ST SE","fullname":"MICHAEL J SHARP","issuedate":"2017/06/16 10:10:35+00","milestone":"Closed","completedate":"2018/04/09 08:53:46+00","applicantcity":"MINNEAPOLIS","applicantaddress1":"6465 WAYZATA BLVD, STE 110"},"geometry":{"type":"Point","coordinates":[-93.25527,44.98528]}},{"type":"Feature","properties":{"date":null,"year":0,"description":"INTERIOR REMODEL OF COMMON AREAS AND ADDITION OF VESTIBULE AT MAIN LEVEL (MAA #02)  EXTERIOR LANDSCAPING.  ********* COMBUSTABLE INSULATION IS NOT PERMITTED IN TYPE I CONSTRUCTION************      ******** DONE WITH REVIEW WAITING FOR ZONING APPROVAL 3/17","metadescription":"Commercial. Remodel. INTERIOR REMODEL OF COMMON AREAS AND ADDITION OF VESTIBULE AT MAIN LEVEL (MAA #02)  EXTERIOR LANDSCAPING.  ********* COMBUSTABLE INSULATION IS NOT PERMITTED IN TYPE I CONSTRUCTION************      ******** DONE WITH REVIEW WAITING FOR ZONING APPROVAL 3/17. Closed","address":null,"x":"-93.2552699999999","y":"44.98528","value":"1500000","display":"100 2ND ST SE","fullname":"KERI M MADER","issuedate":"2017/06/16 10:10:35+00","milestone":"Closed","completedate":"2018/04/09 08:53:46+00","applicantcity":"MINNEAPOLIS","applicantaddress1":"6465 WAYZATA BLVD, STE 110"},"geometry":{"type":"Point","coordinates":[-93.25527,44.98528]}},{"type":"Feature","properties":{"date":null,"year":0,"description":"INTERIOR REMODEL OF COMMON AREAS AND ADDITION OF VESTIBULE AT MAIN LEVEL (MAA #02)  EXTERIOR LANDSCAPING.  ********* COMBUSTABLE INSULATION IS NOT PERMITTED IN TYPE I CONSTRUCTION************      ******** DONE WITH REVIEW WAITING FOR ZONING APPROVAL 3/17","metadescription":"Commercial. Remodel. INTERIOR REMODEL OF COMMON AREAS AND ADDITION OF VESTIBULE AT MAIN LEVEL (MAA #02)  EXTERIOR LANDSCAPING.  ********* COMBUSTABLE INSULATION IS NOT PERMITTED IN TYPE I CONSTRUCTION************      ******** DONE WITH REVIEW WAITING FOR ZONING APPROVAL 3/17. Closed","address":null,"x":"-93.2552699999999","y":"44.98528","value":"1500000","display":"100 2ND ST SE","fullname":"THE J DAVID BOWELL TRUST","issuedate":"2017/06/16 10:10:35+00","milestone":"Closed","completedate":"2018/04/09 08:53:46+00","applicantcity":"MINNEAPOLIS","applicantaddress1":"6465 WAYZATA BLVD, STE 110"},"geometry":{"type":"Point","coordinates":[-93.25527,44.98528]}},{"type":"Feature","properties":{"date":null,"year":0,"description":"INTERIOR REMODEL OF COMMON AREAS AND ADDITION OF VESTIBULE AT MAIN LEVEL (MAA #02)  EXTERIOR LANDSCAPING.  ********* COMBUSTABLE INSULATION IS NOT PERMITTED IN TYPE I CONSTRUCTION************      ******** DONE WITH REVIEW WAITING FOR ZONING APPROVAL 3/17","metadescription":"Commercial. Remodel. INTERIOR REMODEL OF COMMON AREAS AND ADDITION OF VESTIBULE AT MAIN LEVEL (MAA #02)  EXTERIOR LANDSCAPING.  ********* COMBUSTABLE INSULATION IS NOT PERMITTED IN TYPE I CONSTRUCTION************      ******** DONE WITH REVIEW WAITING FOR ZONING APPROVAL 3/17. Closed","address":null,"x":"-93.2552699999999","y":"44.98528","value":"1500000","display":"100 2ND ST SE","fullname":"ELIZABETH TISEL","issuedate":"2017/06/16 10:10:35+00","milestone":"Closed","completedate":"2018/04/09 08:53:46+00","applicantcity":"MINNEAPOLIS","applicantaddress1":"6465 WAYZATA BLVD, STE 110"},"geometry":{"type":"Point","coordinates":[-93.25527,44.98528]}},{"type":"Feature","properties":{"date":null,"year":0,"description":"INTERIOR REMODEL OF COMMON AREAS AND ADDITION OF VESTIBULE AT MAIN LEVEL (MAA #02)  EXTERIOR LANDSCAPING.  ********* COMBUSTABLE INSULATION IS NOT PERMITTED IN TYPE I CONSTRUCTION************      ******** DONE WITH REVIEW WAITING FOR ZONING APPROVAL 3/17","metadescription":"Commercial. Remodel. INTERIOR REMODEL OF COMMON AREAS AND ADDITION OF VESTIBULE AT MAIN LEVEL (MAA #02)  EXTERIOR LANDSCAPING.  ********* COMBUSTABLE INSULATION IS NOT PERMITTED IN TYPE I CONSTRUCTION************      ******** DONE WITH REVIEW WAITING FOR ZONING APPROVAL 3/17. Closed","address":null,"x":"-93.2552699999999","y":"44.98528","value":"1500000","display":"100 2ND ST SE","fullname":"LYNN BOOTH","issuedate":"2017/06/16 10:10:35+00","milestone":"Closed","completedate":"2018/04/09 08:53:46+00","applicantcity":"MINNEAPOLIS","applicantaddress1":"6465 WAYZATA BLVD, STE 110"},"geometry":{"type":"Point","coordinates":[-93.25527,44.98528]}},{"type":"Feature","properties":{"date":null,"year":0,"description":"INTERIOR REMODEL OF COMMON AREAS AND ADDITION OF VESTIBULE AT MAIN LEVEL (MAA #02)  EXTERIOR LANDSCAPING.  ********* COMBUSTABLE INSULATION IS NOT PERMITTED IN TYPE I CONSTRUCTION************      ******** DONE WITH REVIEW WAITING FOR ZONING APPROVAL 3/17","metadescription":"Commercial. Remodel. INTERIOR REMODEL OF COMMON AREAS AND ADDITION OF VESTIBULE AT MAIN LEVEL (MAA #02)  EXTERIOR LANDSCAPING.  ********* COMBUSTABLE INSULATION IS NOT PERMITTED IN TYPE I CONSTRUCTION************      ******** DONE WITH REVIEW WAITING FOR ZONING APPROVAL 3/17. Closed","address":null,"x":"-93.2552699999999","y":"44.98528","value":"1500000","display":"100 2ND ST SE","fullname":"MARK ROBINOW","issuedate":"2017/06/16 10:10:35+00","milestone":"Closed","completedate":"2018/04/09 08:53:46+00","applicantcity":"MINNEAPOLIS","applicantaddress1":"6465 WAYZATA BLVD, STE 110"},"geometry":{"type":"Point","coordinates":[-93.25527,44.98528]}},{"type":"Feature","properties":{"date":null,"year":0,"description":"INTERIOR REMODEL OF COMMON AREAS AND ADDITION OF VESTIBULE AT MAIN LEVEL (MAA #02)  EXTERIOR LANDSCAPING.  ********* COMBUSTABLE INSULATION IS NOT PERMITTED IN TYPE I CONSTRUCTION************      ******** DONE WITH REVIEW WAITING FOR ZONING APPROVAL 3/17","metadescription":"Commercial. Remodel. INTERIOR REMODEL OF COMMON AREAS AND ADDITION OF VESTIBULE AT MAIN LEVEL (MAA #02)  EXTERIOR LANDSCAPING.  ********* COMBUSTABLE INSULATION IS NOT PERMITTED IN TYPE I CONSTRUCTION************      ******** DONE WITH REVIEW WAITING FOR ZONING APPROVAL 3/17. Closed","address":null,"x":"-93.2552699999999","y":"44.98528","value":"1500000","display":"100 2ND ST SE","fullname":"DOUGLAS M DIRKS","issuedate":"2017/06/16 10:10:35+00","milestone":"Closed","completedate":"2018/04/09 08:53:46+00","applicantcity":"MINNEAPOLIS","applicantaddress1":"6465 WAYZATA BLVD, STE 110"},"geometry":{"type":"Point","coordinates":[-93.25527,44.98528]}},{"type":"Feature","properties":{"date":null,"year":0,"description":"INTERIOR REMODEL OF COMMON AREAS AND ADDITION OF VESTIBULE AT MAIN LEVEL (MAA #02)  EXTERIOR LANDSCAPING.  ********* COMBUSTABLE INSULATION IS NOT PERMITTED IN TYPE I CONSTRUCTION************      ******** DONE WITH REVIEW WAITING FOR ZONING APPROVAL 3/17","metadescription":"Commercial. Remodel. INTERIOR REMODEL OF COMMON AREAS AND ADDITION OF VESTIBULE AT MAIN LEVEL (MAA #02)  EXTERIOR LANDSCAPING.  ********* COMBUSTABLE INSULATION IS NOT PERMITTED IN TYPE I CONSTRUCTION************      ******** DONE WITH REVIEW WAITING FOR ZONING APPROVAL 3/17. Closed","address":null,"x":"-93.2552699999999","y":"44.98528","value":"1500000","display":"100 2ND ST SE","fullname":"ROBERT L KRAMER TRUST","issuedate":"2017/06/16 10:10:35+00","milestone":"Closed","completedate":"2018/04/09 08:53:46+00","applicantcity":"MINNEAPOLIS","applicantaddress1":"6465 WAYZATA BLVD, STE 110"},"geometry":{"type":"Point","coordinates":[-93.25527,44.98528]}},{"type":"Feature","properties":{"date":null,"year":0,"description":"INTERIOR REMODEL OF COMMON AREAS AND ADDITION OF VESTIBULE AT MAIN LEVEL (MAA #02)  EXTERIOR LANDSCAPING.  ********* COMBUSTABLE INSULATION IS NOT PERMITTED IN TYPE I CONSTRUCTION************      ******** DONE WITH REVIEW WAITING FOR ZONING APPROVAL 3/17","metadescription":"Commercial. Remodel. INTERIOR REMODEL OF COMMON AREAS AND ADDITION OF VESTIBULE AT MAIN LEVEL (MAA #02)  EXTERIOR LANDSCAPING.  ********* COMBUSTABLE INSULATION IS NOT PERMITTED IN TYPE I CONSTRUCTION************      ******** DONE WITH REVIEW WAITING FOR ZONING APPROVAL 3/17. Closed","address":null,"x":"-93.2552699999999","y":"44.98528","value":"1500000","display":"100 2ND ST SE","fullname":"NIDAROS METRO HOLDINGS LLC","issuedate":"2017/06/16 10:10:35+00","milestone":"Closed","completedate":"2018/04/09 08:53:46+00","applicantcity":"MINNEAPOLIS","applicantaddress1":"6465 WAYZATA BLVD, STE 110"},"geometry":{"type":"Point","coordinates":[-93.25527,44.98528]}},{"type":"Feature","properties":{"date":null,"year":0,"description":"INTERIOR REMODEL OF COMMON AREAS AND ADDITION OF VESTIBULE AT MAIN LEVEL (MAA #02)  EXTERIOR LANDSCAPING.  ********* COMBUSTABLE INSULATION IS NOT PERMITTED IN TYPE I CONSTRUCTION************      ******** DONE WITH REVIEW WAITING FOR ZONING APPROVAL 3/17","metadescription":"Commercial. Remodel. INTERIOR REMODEL OF COMMON AREAS AND ADDITION OF VESTIBULE AT MAIN LEVEL (MAA #02)  EXTERIOR LANDSCAPING.  ********* COMBUSTABLE INSULATION IS NOT PERMITTED IN TYPE I CONSTRUCTION************      ******** DONE WITH REVIEW WAITING FOR ZONING APPROVAL 3/17. Closed","address":null,"x":"-93.2552699999999","y":"44.98528","value":"1500000","display":"100 2ND ST SE","fullname":"ESRA KUCUKCIFTCI","issuedate":"2017/06/16 10:10:35+00","milestone":"Closed","completedate":"2018/04/09 08:53:46+00","applicantcity":"MINNEAPOLIS","applicantaddress1":"6465 WAYZATA BLVD, STE 110"},"geometry":{"type":"Point","coordinates":[-93.25527,44.98528]}},{"type":"Feature","properties":{"date":null,"year":0,"description":"INTERIOR REMODEL OF COMMON AREAS AND ADDITION OF VESTIBULE AT MAIN LEVEL (MAA #02)  EXTERIOR LANDSCAPING.  ********* COMBUSTABLE INSULATION IS NOT PERMITTED IN TYPE I CONSTRUCTION************      ******** DONE WITH REVIEW WAITING FOR ZONING APPROVAL 3/17","metadescription":"Commercial. Remodel. INTERIOR REMODEL OF COMMON AREAS AND ADDITION OF VESTIBULE AT MAIN LEVEL (MAA #02)  EXTERIOR LANDSCAPING.  ********* COMBUSTABLE INSULATION IS NOT PERMITTED IN TYPE I CONSTRUCTION************      ******** DONE WITH REVIEW WAITING FOR ZONING APPROVAL 3/17. Closed","address":null,"x":"-93.2552699999999","y":"44.98528","value":"1500000","display":"100 2ND ST SE","fullname":"BRAD LF HOESCHEN TRUST","issuedate":"2017/06/16 10:10:35+00","milestone":"Closed","completedate":"2018/04/09 08:53:46+00","applicantcity":"MINNEAPOLIS","applicantaddress1":"6465 WAYZATA BLVD, STE 110"},"geometry":{"type":"Point","coordinates":[-93.25527,44.98528]}},{"type":"Feature","properties":{"date":null,"year":0,"description":"INTERIOR REMODEL OF COMMON AREAS AND ADDITION OF VESTIBULE AT MAIN LEVEL (MAA #02)  EXTERIOR LANDSCAPING.  ********* COMBUSTABLE INSULATION IS NOT PERMITTED IN TYPE I CONSTRUCTION************      ******** DONE WITH REVIEW WAITING FOR ZONING APPROVAL 3/17","metadescription":"Commercial. Remodel. INTERIOR REMODEL OF COMMON AREAS AND ADDITION OF VESTIBULE AT MAIN LEVEL (MAA #02)  EXTERIOR LANDSCAPING.  ********* COMBUSTABLE INSULATION IS NOT PERMITTED IN TYPE I CONSTRUCTION************      ******** DONE WITH REVIEW WAITING FOR ZONING APPROVAL 3/17. Closed","address":null,"x":"-93.2552699999999","y":"44.98528","value":"1500000","display":"100 2ND ST SE","fullname":"MARK D FUNKMEYER REVOC TRUST","issuedate":"2017/06/16 10:10:35+00","milestone":"Closed","completedate":"2018/04/09 08:53:46+00","applicantcity":"MINNEAPOLIS","applicantaddress1":"6465 WAYZATA BLVD, STE 110"},"geometry":{"type":"Point","coordinates":[-93.25527,44.98528]}},{"type":"Feature","properties":{"date":null,"year":0,"description":"INTERIOR REMODEL OF COMMON AREAS AND ADDITION OF VESTIBULE AT MAIN LEVEL (MAA #02)  EXTERIOR LANDSCAPING.  ********* COMBUSTABLE INSULATION IS NOT PERMITTED IN TYPE I CONSTRUCTION************      ******** DONE WITH REVIEW WAITING FOR ZONING APPROVAL 3/17","metadescription":"Commercial. Remodel. INTERIOR REMODEL OF COMMON AREAS AND ADDITION OF VESTIBULE AT MAIN LEVEL (MAA #02)  EXTERIOR LANDSCAPING.  ********* COMBUSTABLE INSULATION IS NOT PERMITTED IN TYPE I CONSTRUCTION************      ******** DONE WITH REVIEW WAITING FOR ZONING APPROVAL 3/17. Closed","address":null,"x":"-93.2552699999999","y":"44.98528","value":"1500000","display":"100 2ND ST SE","fullname":"JAMES A BERMAN","issuedate":"2017/06/16 10:10:35+00","milestone":"Closed","completedate":"2018/04/09 08:53:46+00","applicantcity":"MINNEAPOLIS","applicantaddress1":"6465 WAYZATA BLVD, STE 110"},"geometry":{"type":"Point","coordinates":[-93.25527,44.98528]}},{"type":"Feature","properties":{"date":null,"year":0,"description":"INTERIOR REMODEL OF COMMON AREAS AND ADDITION OF VESTIBULE AT MAIN LEVEL (MAA #02)  EXTERIOR LANDSCAPING.  ********* COMBUSTABLE INSULATION IS NOT PERMITTED IN TYPE I CONSTRUCTION************      ******** DONE WITH REVIEW WAITING FOR ZONING APPROVAL 3/17","metadescription":"Commercial. Remodel. INTERIOR REMODEL OF COMMON AREAS AND ADDITION OF VESTIBULE AT MAIN LEVEL (MAA #02)  EXTERIOR LANDSCAPING.  ********* COMBUSTABLE INSULATION IS NOT PERMITTED IN TYPE I CONSTRUCTION************      ******** DONE WITH REVIEW WAITING FOR ZONING APPROVAL 3/17. Closed","address":null,"x":"-93.2552699999999","y":"44.98528","value":"1500000","display":"100 2ND ST SE","fullname":"JANET M CARSTENS REV TR","issuedate":"2017/06/16 10:10:35+00","milestone":"Closed","completedate":"2018/04/09 08:53:46+00","applicantcity":"MINNEAPOLIS","applicantaddress1":"6465 WAYZATA BLVD, STE 110"},"geometry":{"type":"Point","coordinates":[-93.25527,44.98528]}},{"type":"Feature","properties":{"date":null,"year":0,"description":"INTERIOR REMODEL OF COMMON AREAS AND ADDITION OF VESTIBULE AT MAIN LEVEL (MAA #02)  EXTERIOR LANDSCAPING.  ********* COMBUSTABLE INSULATION IS NOT PERMITTED IN TYPE I CONSTRUCTION************      ******** DONE WITH REVIEW WAITING FOR ZONING APPROVAL 3/17","metadescription":"Commercial. Remodel. INTERIOR REMODEL OF COMMON AREAS AND ADDITION OF VESTIBULE AT MAIN LEVEL (MAA #02)  EXTERIOR LANDSCAPING.  ********* COMBUSTABLE INSULATION IS NOT PERMITTED IN TYPE I CONSTRUCTION************      ******** DONE WITH REVIEW WAITING FOR ZONING APPROVAL 3/17. Closed","address":null,"x":"-93.2552699999999","y":"44.98528","value":"1500000","display":"100 2ND ST SE","fullname":"THOMAS E OSLUND","issuedate":"2017/06/16 10:10:35+00","milestone":"Closed","completedate":"2018/04/09 08:53:46+00","applicantcity":"MINNEAPOLIS","applicantaddress1":"6465 WAYZATA BLVD, STE 110"},"geometry":{"type":"Point","coordinates":[-93.25527,44.98528]}},{"type":"Feature","properties":{"date":null,"year":0,"description":"INTERIOR REMODEL OF COMMON AREAS AND ADDITION OF VESTIBULE AT MAIN LEVEL (MAA #02)  EXTERIOR LANDSCAPING.  ********* COMBUSTABLE INSULATION IS NOT PERMITTED IN TYPE I CONSTRUCTION************      ******** DONE WITH REVIEW WAITING FOR ZONING APPROVAL 3/17","metadescription":"Commercial. Remodel. INTERIOR REMODEL OF COMMON AREAS AND ADDITION OF VESTIBULE AT MAIN LEVEL (MAA #02)  EXTERIOR LANDSCAPING.  ********* COMBUSTABLE INSULATION IS NOT PERMITTED IN TYPE I CONSTRUCTION************      ******** DONE WITH REVIEW WAITING FOR ZONING APPROVAL 3/17. Closed","address":null,"x":"-93.2552699999999","y":"44.98528","value":"1500000","display":"100 2ND ST SE","fullname":"MARGARET M SWANSON TRUST","issuedate":"2017/06/16 10:10:35+00","milestone":"Closed","completedate":"2018/04/09 08:53:46+00","applicantcity":"MINNEAPOLIS","applicantaddress1":"6465 WAYZATA BLVD, STE 110"},"geometry":{"type":"Point","coordinates":[-93.25527,44.98528]}},{"type":"Feature","properties":{"date":null,"year":0,"description":"INTERIOR REMODEL OF COMMON AREAS AND ADDITION OF VESTIBULE AT MAIN LEVEL (MAA #02)  EXTERIOR LANDSCAPING.  ********* COMBUSTABLE INSULATION IS NOT PERMITTED IN TYPE I CONSTRUCTION************      ******** DONE WITH REVIEW WAITING FOR ZONING APPROVAL 3/17","metadescription":"Commercial. Remodel. INTERIOR REMODEL OF COMMON AREAS AND ADDITION OF VESTIBULE AT MAIN LEVEL (MAA #02)  EXTERIOR LANDSCAPING.  ********* COMBUSTABLE INSULATION IS NOT PERMITTED IN TYPE I CONSTRUCTION************      ******** DONE WITH REVIEW WAITING FOR ZONING APPROVAL 3/17. Closed","address":null,"x":"-93.2552699999999","y":"44.98528","value":"1500000","display":"100 2ND ST SE","fullname":"JUNG LEE KIM","issuedate":"2017/06/16 10:10:35+00","milestone":"Closed","completedate":"2018/04/09 08:53:46+00","applicantcity":"MINNEAPOLIS","applicantaddress1":"6465 WAYZATA BLVD, STE 110"},"geometry":{"type":"Point","coordinates":[-93.25527,44.98528]}},{"type":"Feature","properties":{"date":null,"year":0,"description":"INTERIOR REMODEL OF COMMON AREAS AND ADDITION OF VESTIBULE AT MAIN LEVEL (MAA #02)  EXTERIOR LANDSCAPING.  ********* COMBUSTABLE INSULATION IS NOT PERMITTED IN TYPE I CONSTRUCTION************      ******** DONE WITH REVIEW WAITING FOR ZONING APPROVAL 3/17","metadescription":"Commercial. Remodel. INTERIOR REMODEL OF COMMON AREAS AND ADDITION OF VESTIBULE AT MAIN LEVEL (MAA #02)  EXTERIOR LANDSCAPING.  ********* COMBUSTABLE INSULATION IS NOT PERMITTED IN TYPE I CONSTRUCTION************      ******** DONE WITH REVIEW WAITING FOR ZONING APPROVAL 3/17. Closed","address":null,"x":"-93.2552699999999","y":"44.98528","value":"1500000","display":"100 2ND ST SE","fullname":"SHARON L HALL","issuedate":"2017/06/16 10:10:35+00","milestone":"Closed","completedate":"2018/04/09 08:53:46+00","applicantcity":"MINNEAPOLIS","applicantaddress1":"6465 WAYZATA BLVD, STE 110"},"geometry":{"type":"Point","coordinates":[-93.25527,44.98528]}},{"type":"Feature","properties":{"date":null,"year":0,"description":"INTERIOR REMODEL OF COMMON AREAS AND ADDITION OF VESTIBULE AT MAIN LEVEL (MAA #02)  EXTERIOR LANDSCAPING.  ********* COMBUSTABLE INSULATION IS NOT PERMITTED IN TYPE I CONSTRUCTION************      ******** DONE WITH REVIEW WAITING FOR ZONING APPROVAL 3/17","metadescription":"Commercial. Remodel. INTERIOR REMODEL OF COMMON AREAS AND ADDITION OF VESTIBULE AT MAIN LEVEL (MAA #02)  EXTERIOR LANDSCAPING.  ********* COMBUSTABLE INSULATION IS NOT PERMITTED IN TYPE I CONSTRUCTION************      ******** DONE WITH REVIEW WAITING FOR ZONING APPROVAL 3/17. Closed","address":null,"x":"-93.2552699999999","y":"44.98528","value":"1500000","display":"100 2ND ST SE","fullname":"NICOLE ISAACSON","issuedate":"2017/06/16 10:10:35+00","milestone":"Closed","completedate":"2018/04/09 08:53:46+00","applicantcity":"MINNEAPOLIS","applicantaddress1":"6465 WAYZATA BLVD, STE 110"},"geometry":{"type":"Point","coordinates":[-93.25527,44.98528]}},{"type":"Feature","properties":{"date":null,"year":0,"description":"INTERIOR REMODEL OF COMMON AREAS AND ADDITION OF VESTIBULE AT MAIN LEVEL (MAA #02)  EXTERIOR LANDSCAPING.  ********* COMBUSTABLE INSULATION IS NOT PERMITTED IN TYPE I CONSTRUCTION************      ******** DONE WITH REVIEW WAITING FOR ZONING APPROVAL 3/17","metadescription":"Commercial. Remodel. INTERIOR REMODEL OF COMMON AREAS AND ADDITION OF VESTIBULE AT MAIN LEVEL (MAA #02)  EXTERIOR LANDSCAPING.  ********* COMBUSTABLE INSULATION IS NOT PERMITTED IN TYPE I CONSTRUCTION************      ******** DONE WITH REVIEW WAITING FOR ZONING APPROVAL 3/17. Closed","address":null,"x":"-93.2552699999999","y":"44.98528","value":"1500000","display":"100 2ND ST SE","issuedate":"2017/06/16 10:10:35+00","milestone":"Closed","completedate":"2018/04/09 08:53:46+00","applicantcity":"MINNEAPOLIS","applicantaddress1":"6465 WAYZATA BLVD, STE 110"},"geometry":{"type":"Point","coordinates":[-93.25527,44.98528]}},{"type":"Feature","properties":{"date":null,"year":0,"description":"INTERIOR REMODEL OF COMMON AREAS AND ADDITION OF VESTIBULE AT MAIN LEVEL (MAA #02)  EXTERIOR LANDSCAPING.  ********* COMBUSTABLE INSULATION IS NOT PERMITTED IN TYPE I CONSTRUCTION************      ******** DONE WITH REVIEW WAITING FOR ZONING APPROVAL 3/17","metadescription":"Commercial. Remodel. INTERIOR REMODEL OF COMMON AREAS AND ADDITION OF VESTIBULE AT MAIN LEVEL (MAA #02)  EXTERIOR LANDSCAPING.  ********* COMBUSTABLE INSULATION IS NOT PERMITTED IN TYPE I CONSTRUCTION************      ******** DONE WITH REVIEW WAITING FOR ZONING APPROVAL 3/17. Closed","address":null,"x":"-93.2552699999999","y":"44.98528","value":"1500000","display":"100 2ND ST SE","fullname":"STEPHEN C ROSHOLT","issuedate":"2017/06/16 10:10:35+00","milestone":"Closed","completedate":"2018/04/09 08:53:46+00","applicantcity":"MINNEAPOLIS","applicantaddress1":"6465 WAYZATA BLVD, STE 110"},"geometry":{"type":"Point","coordinates":[-93.25527,44.98528]}},{"type":"Feature","properties":{"date":null,"year":0,"description":"INTERIOR REMODEL OF COMMON AREAS AND ADDITION OF VESTIBULE AT MAIN LEVEL (MAA #02)  EXTERIOR LANDSCAPING.  ********* COMBUSTABLE INSULATION IS NOT PERMITTED IN TYPE I CONSTRUCTION************      ******** DONE WITH REVIEW WAITING FOR ZONING APPROVAL 3/17","metadescription":"Commercial. Remodel. INTERIOR REMODEL OF COMMON AREAS AND ADDITION OF VESTIBULE AT MAIN LEVEL (MAA #02)  EXTERIOR LANDSCAPING.  ********* COMBUSTABLE INSULATION IS NOT PERMITTED IN TYPE I CONSTRUCTION************      ******** DONE WITH REVIEW WAITING FOR ZONING APPROVAL 3/17. Closed","address":null,"x":"-93.2552699999999","y":"44.98528","value":"1500000","display":"100 2ND ST SE","fullname":"CATHARINE C REID","issuedate":"2017/06/16 10:10:35+00","milestone":"Closed","completedate":"2018/04/09 08:53:46+00","applicantcity":"MINNEAPOLIS","applicantaddress1":"6465 WAYZATA BLVD, STE 110"},"geometry":{"type":"Point","coordinates":[-93.25527,44.98528]}},{"type":"Feature","properties":{"date":null,"year":0,"description":"INTERIOR REMODEL OF COMMON AREAS AND ADDITION OF VESTIBULE AT MAIN LEVEL (MAA #02)  EXTERIOR LANDSCAPING.  ********* COMBUSTABLE INSULATION IS NOT PERMITTED IN TYPE I CONSTRUCTION************      ******** DONE WITH REVIEW WAITING FOR ZONING APPROVAL 3/17","metadescription":"Commercial. Remodel. INTERIOR REMODEL OF COMMON AREAS AND ADDITION OF VESTIBULE AT MAIN LEVEL (MAA #02)  EXTERIOR LANDSCAPING.  ********* COMBUSTABLE INSULATION IS NOT PERMITTED IN TYPE I CONSTRUCTION************      ******** DONE WITH REVIEW WAITING FOR ZONING APPROVAL 3/17. Closed","address":null,"x":"-93.2552699999999","y":"44.98528","value":"1500000","display":"100 2ND ST SE","fullname":"PATRICK S KEATING","issuedate":"2017/06/16 10:10:35+00","milestone":"Closed","completedate":"2018/04/09 08:53:46+00","applicantcity":"MINNEAPOLIS","applicantaddress1":"6465 WAYZATA BLVD, STE 110"},"geometry":{"type":"Point","coordinates":[-93.25527,44.98528]}},{"type":"Feature","properties":{"date":null,"year":0,"description":"INTERIOR REMODEL OF COMMON AREAS AND ADDITION OF VESTIBULE AT MAIN LEVEL (MAA #02)  EXTERIOR LANDSCAPING.  ********* COMBUSTABLE INSULATION IS NOT PERMITTED IN TYPE I CONSTRUCTION************      ******** DONE WITH REVIEW WAITING FOR ZONING APPROVAL 3/17","metadescription":"Commercial. Remodel. INTERIOR REMODEL OF COMMON AREAS AND ADDITION OF VESTIBULE AT MAIN LEVEL (MAA #02)  EXTERIOR LANDSCAPING.  ********* COMBUSTABLE INSULATION IS NOT PERMITTED IN TYPE I CONSTRUCTION************      ******** DONE WITH REVIEW WAITING FOR ZONING APPROVAL 3/17. Closed","address":null,"x":"-93.2552699999999","y":"44.98528","value":"1500000","display":"100 2ND ST SE","fullname":"PAUL JARVI","issuedate":"2017/06/16 10:10:35+00","milestone":"Closed","completedate":"2018/04/09 08:53:46+00","applicantcity":"MINNEAPOLIS","applicantaddress1":"6465 WAYZATA BLVD, STE 110"},"geometry":{"type":"Point","coordinates":[-93.25527,44.98528]}},{"type":"Feature","properties":{"date":null,"year":0,"description":"INTERIOR REMODEL OF COMMON AREAS AND ADDITION OF VESTIBULE AT MAIN LEVEL (MAA #02)  EXTERIOR LANDSCAPING.  ********* COMBUSTABLE INSULATION IS NOT PERMITTED IN TYPE I CONSTRUCTION************      ******** DONE WITH REVIEW WAITING FOR ZONING APPROVAL 3/17","metadescription":"Commercial. Remodel. INTERIOR REMODEL OF COMMON AREAS AND ADDITION OF VESTIBULE AT MAIN LEVEL (MAA #02)  EXTERIOR LANDSCAPING.  ********* COMBUSTABLE INSULATION IS NOT PERMITTED IN TYPE I CONSTRUCTION************      ******** DONE WITH REVIEW WAITING FOR ZONING APPROVAL 3/17. Closed","address":null,"x":"-93.2552699999999","y":"44.98528","value":"1500000","display":"100 2ND ST SE","fullname":"DIANNE POPE","issuedate":"2017/06/16 10:10:35+00","milestone":"Closed","completedate":"2018/04/09 08:53:46+00","applicantcity":"MINNEAPOLIS","applicantaddress1":"6465 WAYZATA BLVD, STE 110"},"geometry":{"type":"Point","coordinates":[-93.25527,44.98528]}},{"type":"Feature","properties":{"date":null,"year":0,"description":"INTERIOR REMODEL OF COMMON AREAS AND ADDITION OF VESTIBULE AT MAIN LEVEL (MAA #02)  EXTERIOR LANDSCAPING.  ********* COMBUSTABLE INSULATION IS NOT PERMITTED IN TYPE I CONSTRUCTION************      ******** DONE WITH REVIEW WAITING FOR ZONING APPROVAL 3/17","metadescription":"Commercial. Remodel. INTERIOR REMODEL OF COMMON AREAS AND ADDITION OF VESTIBULE AT MAIN LEVEL (MAA #02)  EXTERIOR LANDSCAPING.  ********* COMBUSTABLE INSULATION IS NOT PERMITTED IN TYPE I CONSTRUCTION************      ******** DONE WITH REVIEW WAITING FOR ZONING APPROVAL 3/17. Closed","address":null,"x":"-93.2552699999999","y":"44.98528","value":"1500000","display":"100 2ND ST SE","fullname":"GREGOR D DOUGAL","issuedate":"2017/06/16 10:10:35+00","milestone":"Closed","completedate":"2018/04/09 08:53:46+00","applicantcity":"MINNEAPOLIS","applicantaddress1":"6465 WAYZATA BLVD, STE 110"},"geometry":{"type":"Point","coordinates":[-93.25527,44.98528]}},{"type":"Feature","properties":{"date":null,"year":0,"description":"INTERIOR REMODEL OF COMMON AREAS AND ADDITION OF VESTIBULE AT MAIN LEVEL (MAA #02)  EXTERIOR LANDSCAPING.  ********* COMBUSTABLE INSULATION IS NOT PERMITTED IN TYPE I CONSTRUCTION************      ******** DONE WITH REVIEW WAITING FOR ZONING APPROVAL 3/17","metadescription":"Commercial. Remodel. INTERIOR REMODEL OF COMMON AREAS AND ADDITION OF VESTIBULE AT MAIN LEVEL (MAA #02)  EXTERIOR LANDSCAPING.  ********* COMBUSTABLE INSULATION IS NOT PERMITTED IN TYPE I CONSTRUCTION************      ******** DONE WITH REVIEW WAITING FOR ZONING APPROVAL 3/17. Closed","address":null,"x":"-93.2552699999999","y":"44.98528","value":"1500000","display":"100 2ND ST SE","fullname":"P D JACOB","issuedate":"2017/06/16 10:10:35+00","milestone":"Closed","completedate":"2018/04/09 08:53:46+00","applicantcity":"MINNEAPOLIS","applicantaddress1":"6465 WAYZATA BLVD, STE 110"},"geometry":{"type":"Point","coordinates":[-93.25527,44.98528]}},{"type":"Feature","properties":{"date":null,"year":0,"description":"INTERIOR REMODEL OF COMMON AREAS AND ADDITION OF VESTIBULE AT MAIN LEVEL (MAA #02)  EXTERIOR LANDSCAPING.  ********* COMBUSTABLE INSULATION IS NOT PERMITTED IN TYPE I CONSTRUCTION************      ******** DONE WITH REVIEW WAITING FOR ZONING APPROVAL 3/17","metadescription":"Commercial. Remodel. INTERIOR REMODEL OF COMMON AREAS AND ADDITION OF VESTIBULE AT MAIN LEVEL (MAA #02)  EXTERIOR LANDSCAPING.  ********* COMBUSTABLE INSULATION IS NOT PERMITTED IN TYPE I CONSTRUCTION************      ******** DONE WITH REVIEW WAITING FOR ZONING APPROVAL 3/17. Closed","address":null,"x":"-93.2552699999999","y":"44.98528","value":"1500000","display":"100 2ND ST SE","fullname":"LESLIE A TUNE","issuedate":"2017/06/16 10:10:35+00","milestone":"Closed","completedate":"2018/04/09 08:53:46+00","applicantcity":"MINNEAPOLIS","applicantaddress1":"6465 WAYZATA BLVD, STE 110"},"geometry":{"type":"Point","coordinates":[-93.25527,44.98528]}},{"type":"Feature","properties":{"date":null,"year":0,"description":"INTERIOR REMODEL OF COMMON AREAS AND ADDITION OF VESTIBULE AT MAIN LEVEL (MAA #02)  EXTERIOR LANDSCAPING.  ********* COMBUSTABLE INSULATION IS NOT PERMITTED IN TYPE I CONSTRUCTION************      ******** DONE WITH REVIEW WAITING FOR ZONING APPROVAL 3/17","metadescription":"Commercial. Remodel. INTERIOR REMODEL OF COMMON AREAS AND ADDITION OF VESTIBULE AT MAIN LEVEL (MAA #02)  EXTERIOR LANDSCAPING.  ********* COMBUSTABLE INSULATION IS NOT PERMITTED IN TYPE I CONSTRUCTION************      ******** DONE WITH REVIEW WAITING FOR ZONING APPROVAL 3/17. Closed","address":null,"x":"-93.2552699999999","y":"44.98528","value":"1500000","display":"100 2ND ST SE","fullname":"PETER A LAIRD","issuedate":"2017/06/16 10:10:35+00","milestone":"Closed","completedate":"2018/04/09 08:53:46+00","applicantcity":"MINNEAPOLIS","applicantaddress1":"6465 WAYZATA BLVD, STE 110"},"geometry":{"type":"Point","coordinates":[-93.25527,44.98528]}},{"type":"Feature","properties":{"date":null,"year":0,"description":"INTERIOR REMODEL OF COMMON AREAS AND ADDITION OF VESTIBULE AT MAIN LEVEL (MAA #02)  EXTERIOR LANDSCAPING.  ********* COMBUSTABLE INSULATION IS NOT PERMITTED IN TYPE I CONSTRUCTION************      ******** DONE WITH REVIEW WAITING FOR ZONING APPROVAL 3/17","metadescription":"Commercial. Remodel. INTERIOR REMODEL OF COMMON AREAS AND ADDITION OF VESTIBULE AT MAIN LEVEL (MAA #02)  EXTERIOR LANDSCAPING.  ********* COMBUSTABLE INSULATION IS NOT PERMITTED IN TYPE I CONSTRUCTION************      ******** DONE WITH REVIEW WAITING FOR ZONING APPROVAL 3/17. Closed","address":null,"x":"-93.2552699999999","y":"44.98528","value":"1500000","display":"100 2ND ST SE","fullname":"MORRIS E KNOPF","issuedate":"2017/06/16 10:10:35+00","milestone":"Closed","completedate":"2018/04/09 08:53:46+00","applicantcity":"MINNEAPOLIS","applicantaddress1":"6465 WAYZATA BLVD, STE 110"},"geometry":{"type":"Point","coordinates":[-93.25527,44.98528]}},{"type":"Feature","properties":{"date":null,"year":0,"description":"INTERIOR REMODEL OF COMMON AREAS AND ADDITION OF VESTIBULE AT MAIN LEVEL (MAA #02)  EXTERIOR LANDSCAPING.  ********* COMBUSTABLE INSULATION IS NOT PERMITTED IN TYPE I CONSTRUCTION************      ******** DONE WITH REVIEW WAITING FOR ZONING APPROVAL 3/17","metadescription":"Commercial. Remodel. INTERIOR REMODEL OF COMMON AREAS AND ADDITION OF VESTIBULE AT MAIN LEVEL (MAA #02)  EXTERIOR LANDSCAPING.  ********* COMBUSTABLE INSULATION IS NOT PERMITTED IN TYPE I CONSTRUCTION************      ******** DONE WITH REVIEW WAITING FOR ZONING APPROVAL 3/17. Closed","address":null,"x":"-93.2552699999999","y":"44.98528","value":"1500000","display":"100 2ND ST SE","fullname":"JOHN L WIRTH TRUST","issuedate":"2017/06/16 10:10:35+00","milestone":"Closed","completedate":"2018/04/09 08:53:46+00","applicantcity":"MINNEAPOLIS","applicantaddress1":"6465 WAYZATA BLVD, STE 110"},"geometry":{"type":"Point","coordinates":[-93.25527,44.98528]}},{"type":"Feature","properties":{"date":null,"year":0,"description":"INTERIOR REMODEL OF COMMON AREAS AND ADDITION OF VESTIBULE AT MAIN LEVEL (MAA #02)  EXTERIOR LANDSCAPING.  ********* COMBUSTABLE INSULATION IS NOT PERMITTED IN TYPE I CONSTRUCTION************      ******** DONE WITH REVIEW WAITING FOR ZONING APPROVAL 3/17","metadescription":"Commercial. Remodel. INTERIOR REMODEL OF COMMON AREAS AND ADDITION OF VESTIBULE AT MAIN LEVEL (MAA #02)  EXTERIOR LANDSCAPING.  ********* COMBUSTABLE INSULATION IS NOT PERMITTED IN TYPE I CONSTRUCTION************      ******** DONE WITH REVIEW WAITING FOR ZONING APPROVAL 3/17. Closed","address":null,"x":"-93.2552699999999","y":"44.98528","value":"1500000","display":"100 2ND ST SE","fullname":"JAMES C MELVILLE","issuedate":"2017/06/16 10:10:35+00","milestone":"Closed","completedate":"2018/04/09 08:53:46+00","applicantcity":"MINNEAPOLIS","applicantaddress1":"6465 WAYZATA BLVD, STE 110"},"geometry":{"type":"Point","coordinates":[-93.25527,44.98528]}},{"type":"Feature","properties":{"date":null,"year":0,"description":"INTERIOR REMODEL OF COMMON AREAS AND ADDITION OF VESTIBULE AT MAIN LEVEL (MAA #02)  EXTERIOR LANDSCAPING.  ********* COMBUSTABLE INSULATION IS NOT PERMITTED IN TYPE I CONSTRUCTION************      ******** DONE WITH REVIEW WAITING FOR ZONING APPROVAL 3/17","metadescription":"Commercial. Remodel. INTERIOR REMODEL OF COMMON AREAS AND ADDITION OF VESTIBULE AT MAIN LEVEL (MAA #02)  EXTERIOR LANDSCAPING.  ********* COMBUSTABLE INSULATION IS NOT PERMITTED IN TYPE I CONSTRUCTION************      ******** DONE WITH REVIEW WAITING FOR ZONING APPROVAL 3/17. Closed","address":null,"x":"-93.2552699999999","y":"44.98528","value":"1500000","display":"100 2ND ST SE","fullname":"MICHELE D GIAMPAOLO","issuedate":"2017/06/16 10:10:35+00","milestone":"Closed","completedate":"2018/04/09 08:53:46+00","applicantcity":"MINNEAPOLIS","applicantaddress1":"6465 WAYZATA BLVD, STE 110"},"geometry":{"type":"Point","coordinates":[-93.25527,44.98528]}},{"type":"Feature","properties":{"date":null,"year":0,"description":"INTERIOR REMODEL OF COMMON AREAS AND ADDITION OF VESTIBULE AT MAIN LEVEL (MAA #02)  EXTERIOR LANDSCAPING.  ********* COMBUSTABLE INSULATION IS NOT PERMITTED IN TYPE I CONSTRUCTION************      ******** DONE WITH REVIEW WAITING FOR ZONING APPROVAL 3/17","metadescription":"Commercial. Remodel. INTERIOR REMODEL OF COMMON AREAS AND ADDITION OF VESTIBULE AT MAIN LEVEL (MAA #02)  EXTERIOR LANDSCAPING.  ********* COMBUSTABLE INSULATION IS NOT PERMITTED IN TYPE I CONSTRUCTION************      ******** DONE WITH REVIEW WAITING FOR ZONING APPROVAL 3/17. Closed","address":null,"x":"-93.2552699999999","y":"44.98528","value":"1500000","display":"100 2ND ST SE","fullname":"MICHAEL R WAGNER","issuedate":"2017/06/16 10:10:35+00","milestone":"Closed","completedate":"2018/04/09 08:53:46+00","applicantcity":"MINNEAPOLIS","applicantaddress1":"6465 WAYZATA BLVD, STE 110"},"geometry":{"type":"Point","coordinates":[-93.25527,44.98528]}},{"type":"Feature","properties":{"date":null,"year":0,"description":"INTERIOR REMODEL OF COMMON AREAS AND ADDITION OF VESTIBULE AT MAIN LEVEL (MAA #02)  EXTERIOR LANDSCAPING.  ********* COMBUSTABLE INSULATION IS NOT PERMITTED IN TYPE I CONSTRUCTION************      ******** DONE WITH REVIEW WAITING FOR ZONING APPROVAL 3/17","metadescription":"Commercial. Remodel. INTERIOR REMODEL OF COMMON AREAS AND ADDITION OF VESTIBULE AT MAIN LEVEL (MAA #02)  EXTERIOR LANDSCAPING.  ********* COMBUSTABLE INSULATION IS NOT PERMITTED IN TYPE I CONSTRUCTION************      ******** DONE WITH REVIEW WAITING FOR ZONING APPROVAL 3/17. Closed","address":null,"x":"-93.2552699999999","y":"44.98528","value":"1500000","display":"100 2ND ST SE","fullname":"PETER GOELZER","issuedate":"2017/06/16 10:10:35+00","milestone":"Closed","completedate":"2018/04/09 08:53:46+00","applicantcity":"MINNEAPOLIS","applicantaddress1":"6465 WAYZATA BLVD, STE 110"},"geometry":{"type":"Point","coordinates":[-93.25527,44.98528]}},{"type":"Feature","properties":{"date":null,"year":0,"description":"INTERIOR REMODEL OF COMMON AREAS AND ADDITION OF VESTIBULE AT MAIN LEVEL (MAA #02)  EXTERIOR LANDSCAPING.  ********* COMBUSTABLE INSULATION IS NOT PERMITTED IN TYPE I CONSTRUCTION************      ******** DONE WITH REVIEW WAITING FOR ZONING APPROVAL 3/17","metadescription":"Commercial. Remodel. INTERIOR REMODEL OF COMMON AREAS AND ADDITION OF VESTIBULE AT MAIN LEVEL (MAA #02)  EXTERIOR LANDSCAPING.  ********* COMBUSTABLE INSULATION IS NOT PERMITTED IN TYPE I CONSTRUCTION************      ******** DONE WITH REVIEW WAITING FOR ZONING APPROVAL 3/17. Closed","address":null,"x":"-93.2552699999999","y":"44.98528","value":"1500000","display":"100 2ND ST SE","fullname":"VICTORIA N JOHNSON","issuedate":"2017/06/16 10:10:35+00","milestone":"Closed","completedate":"2018/04/09 08:53:46+00","applicantcity":"MINNEAPOLIS","applicantaddress1":"6465 WAYZATA BLVD, STE 110"},"geometry":{"type":"Point","coordinates":[-93.25527,44.98528]}},{"type":"Feature","properties":{"date":null,"year":0,"description":"INTERIOR REMODEL OF COMMON AREAS AND ADDITION OF VESTIBULE AT MAIN LEVEL (MAA #02)  EXTERIOR LANDSCAPING.  ********* COMBUSTABLE INSULATION IS NOT PERMITTED IN TYPE I CONSTRUCTION************      ******** DONE WITH REVIEW WAITING FOR ZONING APPROVAL 3/17","metadescription":"Commercial. Remodel. INTERIOR REMODEL OF COMMON AREAS AND ADDITION OF VESTIBULE AT MAIN LEVEL (MAA #02)  EXTERIOR LANDSCAPING.  ********* COMBUSTABLE INSULATION IS NOT PERMITTED IN TYPE I CONSTRUCTION************      ******** DONE WITH REVIEW WAITING FOR ZONING APPROVAL 3/17. Closed","address":null,"x":"-93.2552699999999","y":"44.98528","value":"1500000","display":"100 2ND ST SE","fullname":"RAYMOND J WALDRON","issuedate":"2017/06/16 10:10:35+00","milestone":"Closed","completedate":"2018/04/09 08:53:46+00","applicantcity":"MINNEAPOLIS","applicantaddress1":"6465 WAYZATA BLVD, STE 110"},"geometry":{"type":"Point","coordinates":[-93.25527,44.98528]}},{"type":"Feature","properties":{"date":null,"year":0,"description":"INTERIOR REMODEL OF COMMON AREAS AND ADDITION OF VESTIBULE AT MAIN LEVEL (MAA #02)  EXTERIOR LANDSCAPING.  ********* COMBUSTABLE INSULATION IS NOT PERMITTED IN TYPE I CONSTRUCTION************      ******** DONE WITH REVIEW WAITING FOR ZONING APPROVAL 3/17","metadescription":"Commercial. Remodel. INTERIOR REMODEL OF COMMON AREAS AND ADDITION OF VESTIBULE AT MAIN LEVEL (MAA #02)  EXTERIOR LANDSCAPING.  ********* COMBUSTABLE INSULATION IS NOT PERMITTED IN TYPE I CONSTRUCTION************      ******** DONE WITH REVIEW WAITING FOR ZONING APPROVAL 3/17. Closed","address":null,"x":"-93.2552699999999","y":"44.98528","value":"1500000","display":"100 2ND ST SE","fullname":"ROBERT R RANGEL","issuedate":"2017/06/16 10:10:35+00","milestone":"Closed","completedate":"2018/04/09 08:53:46+00","applicantcity":"MINNEAPOLIS","applicantaddress1":"6465 WAYZATA BLVD, STE 110"},"geometry":{"type":"Point","coordinates":[-93.25527,44.98528]}},{"type":"Feature","properties":{"date":null,"year":0,"description":"INTERIOR REMODEL OF COMMON AREAS AND ADDITION OF VESTIBULE AT MAIN LEVEL (MAA #02)  EXTERIOR LANDSCAPING.  ********* COMBUSTABLE INSULATION IS NOT PERMITTED IN TYPE I CONSTRUCTION************      ******** DONE WITH REVIEW WAITING FOR ZONING APPROVAL 3/17","metadescription":"Commercial. Remodel. INTERIOR REMODEL OF COMMON AREAS AND ADDITION OF VESTIBULE AT MAIN LEVEL (MAA #02)  EXTERIOR LANDSCAPING.  ********* COMBUSTABLE INSULATION IS NOT PERMITTED IN TYPE I CONSTRUCTION************      ******** DONE WITH REVIEW WAITING FOR ZONING APPROVAL 3/17. Closed","address":null,"x":"-93.2552699999999","y":"44.98528","value":"1500000","display":"100 2ND ST SE","fullname":"RICHARD C PFLAGER","issuedate":"2017/06/16 10:10:35+00","milestone":"Closed","completedate":"2018/04/09 08:53:46+00","applicantcity":"MINNEAPOLIS","applicantaddress1":"6465 WAYZATA BLVD, STE 110"},"geometry":{"type":"Point","coordinates":[-93.25527,44.98528]}},{"type":"Feature","properties":{"date":null,"year":0,"description":"MASONRY REPAIR WORK, TERRA COTTA UNIT, WINDOW RESTORATION AND REPLACEMENT OF EXISTING ORPHEUM THEATER BUILDING AS REQUIRED BY HERITAGE PRESERVATION COMMISSION. AAJ#2        ***NOTE: SEE ATTACHED CERTIFICATE OF NO CHANGE APPROVED BY ZONING HPC STAFF AND WO","metadescription":"Commercial. Remodel. MASONRY REPAIR WORK, TERRA COTTA UNIT, WINDOW RESTORATION AND REPLACEMENT OF EXISTING ORPHEUM THEATER BUILDING AS REQUIRED BY HERITAGE PRESERVATION COMMISSION. AAJ#2        ***NOTE: SEE ATTACHED CERTIFICATE OF NO CHANGE APPROVED BY ZONING HPC STAFF AND WO. Closed","address":null,"x":"-93.2779199999999","y":"44.9767200000001","value":"246530","display":"910 HENNEPIN AVE","fullname":"HENNEPIN THEATRE TRUST","issuedate":"2018/08/22 14:16:34+00","milestone":"Closed","completedate":"2019/11/05 11:15:31+00","applicantcity":"FRIDLEY","applicantaddress1":"7701 EAST RIVER RD"},"geometry":{"type":"Point","coordinates":[-93.27792,44.97672]}},{"type":"Feature","properties":{"date":null,"year":0,"description":"new exterior front stoop West side of bldg\r2/8/17 - Applicant came into office and received zoning approval for larger front landing and steps.  DMH#1\rCONSTRUCT NEW 5'-2\" CONCRETE LANDING AND STEPS WITH 2 PIER FOOTINGS JUST NORTH OF MAIN ENTRY AT WEST SID","metadescription":"Commercial. Remodel. new exterior front stoop West side of bldg\r2/8/17 - Applicant came into office and received zoning approval for larger front landing and steps.  DMH#1\rCONSTRUCT NEW 5'-2\" CONCRETE LANDING AND STEPS WITH 2 PIER FOOTINGS JUST NORTH OF MAIN ENTRY AT WEST SID. Closed","address":null,"x":"-93.24348","y":"44.9918200000001","value":"18500","display":"861 HENNEPIN AVE E","fullname":"861 E HENNEPIN LLC","issuedate":"2017/01/13 12:56:32+00","milestone":"Closed","completedate":"2017/02/13 11:09:32+00","applicantcity":"PLYMOUTH","applicantaddress1":"14700 28TH AVE N STE 30"},"geometry":{"type":"Point","coordinates":[-93.24348,44.99182]}},{"type":"Feature","properties":{"date":null,"year":0,"description":"food and zoning. new gas range","metadescription":"Plumbing. ComFdBv. food and zoning. new gas range. Closed","address":null,"x":"-93.28844","y":"45.0000700000001","value":"0","display":"710 WEST BROADWAY","fullname":"THE SANCTUARY COVENANT CHURCH INC","issuedate":"2020/12/03 14:48:29+00","milestone":"Closed","completedate":"2023/06/02 10:08:27+00","applicantcity":"Plymouth","applicantaddress1":"855 Hwy 169 N"},"geometry":{"type":"Point","coordinates":[-93.28844,45.00007]}},{"type":"Feature","properties":{"date":null,"year":0,"description":"INSTALL 3 TELECOMMUNICATIONS ANTENNAS ON EXISTING 150\" MONOPOLE, ALSO ADD EQUIPMENT & CABINET AT BASE.   ANTENNAS TO BE INSTALLED AT 134' HEIGHT ON MONOPOLE   PER ATTACHED ZONING APPROVAL LETTER.   ENGR: FDH/VELOCITEL, ABEL #41120","metadescription":"Commercial. Remodel. INSTALL 3 TELECOMMUNICATIONS ANTENNAS ON EXISTING 150\" MONOPOLE, ALSO ADD EQUIPMENT & CABINET AT BASE.   ANTENNAS TO BE INSTALLED AT 134' HEIGHT ON MONOPOLE   PER ATTACHED ZONING APPROVAL LETTER.   ENGR: FDH/VELOCITEL, ABEL #41120. Closed","address":null,"x":"-93.2471","y":"44.9814400000001","value":"30000","display":"701 MAIN ST SE","fullname":"MPLS STONE ARCH PARTNERS","issuedate":"2017/11/07 13:20:07+00","milestone":"Closed","completedate":"2019/04/17 12:28:17+00","applicantcity":"CARONSBURG","applicantaddress1":"2000 CORPORATE DR"},"geometry":{"type":"Point","coordinates":[-93.2471,44.98144]}},{"type":"Feature","properties":{"date":null,"year":0,"description":"REVISE DUCT / ZONING PER PLANS FOR NEW LAYOUT / PLANS ATTACHED","metadescription":"Mechanical. Comm-MFD. REVISE DUCT / ZONING PER PLANS FOR NEW LAYOUT / PLANS ATTACHED. Closed","address":null,"x":"-93.27014","y":"44.97565","value":"22600","display":"706 2ND AVE S","fullname":"ST PAUL FIRE & MARINE INS CO","issuedate":"2019/09/03 08:34:44+00","milestone":"Closed","completedate":"2020/01/08 16:09:29+00","applicantcity":"SOUTH SAINT PAUL","applicantaddress1":"225 BRIDGEPOINT DR"},"geometry":{"type":"Point","coordinates":[-93.27014,44.97565]}},{"type":"Feature","properties":{"date":null,"year":0,"description":"Install in-floor heat for 2nd floor bathroom, includes new zoning at boiler","metadescription":"Mechanical. ExistRes. Install in-floor heat for 2nd floor bathroom, includes new zoning at boiler. Closed","address":null,"x":"-93.29974","y":"44.9850000000001","value":"0","display":"635 ELWOOD AVE N","fullname":"DAVID R LAUTERBACH","issuedate":"2025/10/30 08:55:00+00","milestone":"Closed","completedate":"2025/12/30 13:43:33+00","applicantcity":"Plymouth","applicantaddress1":"3410 Kilmer Lane N"},"geometry":{"type":"Point","coordinates":[-93.29974,44.985]}},{"type":"Feature","properties":{"date":null,"year":0,"description":"Tenant improvement on 11th and 12th floors This permit was issued to replace BLDG55535 (KIVA T93180) TENANT IMPROVEMENT WORK - RENOVATION OF 11TH AND 12TH FLOORS (WSS) PLAN REVIEW SIGNED OFF FOR ZONING - ZONING APPROVAL NOT NEEDED IN B-4 ZONE BUT ELMS DOE","metadescription":"Commercial. Remodel. Tenant improvement on 11th and 12th floors This permit was issued to replace BLDG55535 (KIVA T93180) TENANT IMPROVEMENT WORK - RENOVATION OF 11TH AND 12TH FLOORS (WSS) PLAN REVIEW SIGNED OFF FOR ZONING - ZONING APPROVAL NOT NEEDED IN B-4 ZONE BUT ELMS DOE. Closed","address":null,"x":"-93.26663","y":"44.97414","value":"1364155","display":"701 4TH AVE S","fullname":"HENNEPIN COUNTY","issuedate":"2016/12/05 13:16:39+00","milestone":"Closed","completedate":"2020/01/06 10:49:29+00","applicantcity":"ROGERS","applicantaddress1":"21025 COMMERCE BLVD"},"geometry":{"type":"Point","coordinates":[-93.26663,44.97414]}},{"type":"Feature","properties":{"date":null,"year":0,"description":"REPLACE STOOP AND STEPS SUPPORTED BY EXISTING FOUNDATION ZONING MUST APPROVE REGRADING FRONT YARD WITH NEW WALK, GRADE STEPS TO CITY WALK AND NEW RETAINING WALLS  MINIMUM LANDING SIZE 36\" BY 36\"    7 3/4\" MAXIMUM RISE ALLOWED AND 10\" MINIMUM TREAD ALLOWED","metadescription":"Res. Addition. REPLACE STOOP AND STEPS SUPPORTED BY EXISTING FOUNDATION ZONING MUST APPROVE REGRADING FRONT YARD WITH NEW WALK, GRADE STEPS TO CITY WALK AND NEW RETAINING WALLS  MINIMUM LANDING SIZE 36\" BY 36\"    7 3/4\" MAXIMUM RISE ALLOWED AND 10\" MINIMUM TREAD ALLOWED. Closed","address":null,"x":"-93.31719","y":"44.9046500000001","value":"2000","display":"5415 WASHBURN AVE S","fullname":"DELORES JUSTINE MCDONALD","issuedate":"2022/06/28 15:36:37+00","milestone":"Closed","completedate":"2022/08/23 07:18:57+00","applicantcity":"Wayzata","applicantaddress1":"PO Box 366"},"geometry":{"type":"Point","coordinates":[-93.31719,44.90465]}},{"type":"Feature","properties":{"date":null,"year":0,"description":"************************************CHANGE TO DRAWINGS.  ORIGINAL PLANS HAD 3 WINDOWS ON NORTH SIDE.  UPDATED PLAN ONLY HAS 2 WINDOWS.  ZONING APPROVED.  I STAMPED UPDATED PLAN.  OK (JJL)*******************************************  (DMH#2) CONSTRUCT 23' X","metadescription":"Res. Addition. ************************************CHANGE TO DRAWINGS.  ORIGINAL PLANS HAD 3 WINDOWS ON NORTH SIDE.  UPDATED PLAN ONLY HAS 2 WINDOWS.  ZONING APPROVED.  I STAMPED UPDATED PLAN.  OK (JJL)*******************************************  (DMH#2) CONSTRUCT 23' X. Closed","address":null,"x":"-93.31418","y":"44.8967900000001","value":"36500","display":"5844 THOMAS AVE S","fullname":"WILLIAM WINSELMAN","issuedate":"2019/10/03 11:16:26+00","milestone":"Closed","completedate":"2022/11/08 10:17:54+00","applicantcity":"MINNEAPOLIS","applicantaddress1":"5901 ABBOTT AVE"},"geometry":{"type":"Point","coordinates":[-93.31418,44.89679]}},{"type":"Feature","properties":{"date":null,"year":0,"description":"INSTALL NEW KITCHEN TOE KICK.  NEW FEED/RETURN AT BOILER AND NEW ZONING","metadescription":"Mechanical. ExistRes. INSTALL NEW KITCHEN TOE KICK.  NEW FEED/RETURN AT BOILER AND NEW ZONING. Closed","address":null,"x":"-93.24842","y":"44.9873700000001","value":"0","display":"514 4TH AVE SE","fullname":"NOAH CHAPPELL","issuedate":"2024/09/19 11:05:34+00","milestone":"Closed","completedate":"2025/04/28 08:58:52+00","applicantcity":"Plymouth","applicantaddress1":"3410 Kilmer Lane N"},"geometry":{"type":"Point","coordinates":[-93.24842,44.98737]}},{"type":"Feature","properties":{"date":null,"year":0,"description":"CONSTRUCT 30'X14' SINGLE LEVEL REAR ADDITION TO SFD FOR NEW MAIN FLOOR MASTER BEDROOM AND KITCHEN REMODEL/ EXPANSION. ALSO CONSTRUCT 26 BY 24 DET. GARAGE. 2015 IRC-4 (DMH#1)***REVISION (4-15-19 (JAG) MATCH GARAGE SIDING TO HOME STUCCO PER ZONING REQ. 2 LA","metadescription":"Res. Addition. CONSTRUCT 30'X14' SINGLE LEVEL REAR ADDITION TO SFD FOR NEW MAIN FLOOR MASTER BEDROOM AND KITCHEN REMODEL/ EXPANSION. ALSO CONSTRUCT 26 BY 24 DET. GARAGE. 2015 IRC-4 (DMH#1)***REVISION (4-15-19 (JAG) MATCH GARAGE SIDING TO HOME STUCCO PER ZONING REQ. 2 LA. Closed","address":null,"x":"-93.20665","y":"44.9081100000001","value":"69960","display":"5228 47TH AVE S","fullname":"EMILY A DRESSEN","issuedate":"2018/06/14 15:54:11+00","milestone":"Closed","completedate":"2019/05/10 07:26:32+00","applicantcity":"Minneapolis","applicantaddress1":"5228 47TH Ave S"},"geometry":{"type":"Point","coordinates":[-93.20665,44.90811]}},{"type":"Feature","properties":{"date":null,"year":0,"description":"(DMH#2)   MODIFY EXISTING SIDE YARD WOOD LANDING AND STEPS TO MEET ZONING REQMTS.    APPROX 4'X4' LANDING AND 2 STEPS TO FRONT AND REAR YARD.   LANDING IS LESS THAN 30\" ABOVE GRADE.  Grippable handrail height 34\u001a-38\u001a above nose of tread required at 4 or m","metadescription":"Res. Addition. (DMH#2)   MODIFY EXISTING SIDE YARD WOOD LANDING AND STEPS TO MEET ZONING REQMTS.    APPROX 4'X4' LANDING AND 2 STEPS TO FRONT AND REAR YARD.   LANDING IS LESS THAN 30\" ABOVE GRADE.  Grippable handrail height 34\u001a-38\u001a above nose of tread required at 4 or m. Closed","address":null,"x":"-93.30846","y":"45.0501400000001","value":"600","display":"5225 OLIVER AVE N","fullname":"NICOLE E SOUKUP","issuedate":"2020/01/02 11:53:12+00","milestone":"Closed","completedate":"2022/03/28 11:29:11+00","applicantcity":"Minneapolis","applicantaddress1":"5225 Oliver Ave N"},"geometry":{"type":"Point","coordinates":[-93.30846,45.05014]}},{"type":"Feature","properties":{"date":null,"year":0,"description":"Install in-floor heat at 2nd fl half bath, add zoning at boiler for new in-floor zones.","metadescription":"Mechanical. ExistRes. Install in-floor heat at 2nd fl half bath, add zoning at boiler for new in-floor zones.. Closed","address":null,"x":"-93.2724899999999","y":"44.90867","value":"0","display":"5201 3RD AVE S","fullname":"GABRIEL L GOLDEN","issuedate":"2024/01/18 11:52:24+00","milestone":"Closed","completedate":"2024/03/04 13:09:34+00","applicantcity":"Plymouth","applicantaddress1":"3410 Kilmer Ln N"},"geometry":{"type":"Point","coordinates":[-93.27249,44.90867]}},{"type":"Feature","properties":{"date":null,"year":0,"description":"(DMH - ProjectDox)  BASEMENT REMODEL IN UNIT 5120 OF SIDE BY SIDE DUPLEX TO FAMILY ROOM AND 3/4 BATHROOM.   NOT REVIEWED FOR ANY SLEEPING ROOMS.   NO KITCHEN/ WET BAR ALLOWED PER ZONING.    INSTALL CEMENT BACKER BOARD FOR CERAMIC TILE SURFACES AT TUB/SHOW","metadescription":"Res. Remodel. (DMH - ProjectDox)  BASEMENT REMODEL IN UNIT 5120 OF SIDE BY SIDE DUPLEX TO FAMILY ROOM AND 3/4 BATHROOM.   NOT REVIEWED FOR ANY SLEEPING ROOMS.   NO KITCHEN/ WET BAR ALLOWED PER ZONING.    INSTALL CEMENT BACKER BOARD FOR CERAMIC TILE SURFACES AT TUB/SHOW. Closed","address":null,"x":"-93.26305","y":"44.9101000000001","value":"10000","display":"5120 CHICAGO AVE","fullname":"MATTHEW J SCOTT","issuedate":"2022/07/28 16:27:29+00","milestone":"Closed","completedate":"2023/09/07 11:06:10+00","applicantcity":"Minneapolis","applicantaddress1":"5120 Chicago Ave"},"geometry":{"type":"Point","coordinates":[-93.26305,44.9101]}},{"type":"Feature","properties":{"date":null,"year":0,"description":"Extend Existing Deck Over Driveway  09/20/2018 REVISION TO DECK LOCATION TO MAINTAIN 6' MIN. ZONING-REQ'D SETBACK AT SOUTH SIDE, SHIFTING DECK 12\".  INSTALL TWO 6x6 POSTS ON PIER FOOTINGS AT NORTH END OF DECK. (LAH)   GENERAL COMMENTS:   APPLICANT MUST LO","metadescription":"Res. Addition. Extend Existing Deck Over Driveway  09/20/2018 REVISION TO DECK LOCATION TO MAINTAIN 6' MIN. ZONING-REQ'D SETBACK AT SOUTH SIDE, SHIFTING DECK 12\".  INSTALL TWO 6x6 POSTS ON PIER FOOTINGS AT NORTH END OF DECK. (LAH)   GENERAL COMMENTS:   APPLICANT MUST LO. Closed","address":null,"x":"-93.2828699999999","y":"44.9117800000001","value":"3000","display":"5029 GLADSTONE AVE","fullname":"STEVEN C MOORE","issuedate":"2018/09/04 13:03:50+00","milestone":"Closed","completedate":"2023/04/27 10:42:39+00","applicantcity":"MINNEAPOLIS","applicantaddress1":"143 5TH AVE NE"},"geometry":{"type":"Point","coordinates":[-93.28287,44.91178]}},{"type":"Feature","properties":{"date":null,"year":0,"description":"REPLACE STOOP AND SINGLE STEP ON SIDE OF EXISTING SFD.   MINIMUM LANDING SIZE 36\" BY 36\"  7 3/4\" MAXIMUM RISE ALLOWED AND 10\" MINIMUM TREAD ALLOWED  FROST FOOTING DEPTH MUST BE 42\" MINIMUM DEPTH  NOTE:  ZONING APPROVAL REQUIRED IF STAIRS EXCEED FOUR FEET","metadescription":"Res. Addition. REPLACE STOOP AND SINGLE STEP ON SIDE OF EXISTING SFD.   MINIMUM LANDING SIZE 36\" BY 36\"  7 3/4\" MAXIMUM RISE ALLOWED AND 10\" MINIMUM TREAD ALLOWED  FROST FOOTING DEPTH MUST BE 42\" MINIMUM DEPTH  NOTE:  ZONING APPROVAL REQUIRED IF STAIRS EXCEED FOUR FEET. Expired","address":null,"x":"-93.30211","y":"45.0501600000001","value":"1105","display":"5227 JAMES AVE N","fullname":"JAMES THOMAS","issuedate":"2024/02/14 09:03:42+00","milestone":"Expired","applicantcity":"Albertville","applicantaddress1":"PO Box 107"},"geometry":{"type":"Point","coordinates":[-93.30211,45.05016]}},{"type":"Feature","properties":{"date":null,"year":0,"description":"REWORK ENTIRE MECHANICAL ROOM DUCTWORK, RESIZE FOR 3 FLOOR ZONING, 4S/A2R/A LOWER-LEVEL BATH, PLAYROOM, REC AREA, ZONED DUCT 1 LOWER, 1 MAIN 1 2ND AND 3RD FLOOR TOGETHER, ALTER EXISTING S/A&R/A FOR 2ND FLOOR BATH CLOSET AREA.  MODIFY VENT/HANG NEW RANGE H","metadescription":"Mechanical. ExistRes. REWORK ENTIRE MECHANICAL ROOM DUCTWORK, RESIZE FOR 3 FLOOR ZONING, 4S/A2R/A LOWER-LEVEL BATH, PLAYROOM, REC AREA, ZONED DUCT 1 LOWER, 1 MAIN 1 2ND AND 3RD FLOOR TOGETHER, ALTER EXISTING S/A&R/A FOR 2ND FLOOR BATH CLOSET AREA.  MODIFY VENT/HANG NEW RANGE H. Closed","address":null,"x":"-93.31291","y":"44.91569","value":"0","display":"4810 SHERIDAN AVE S","fullname":"WILL AND WEINER LIVING TRUST","issuedate":"2023/02/28 08:05:56+00","milestone":"Closed","completedate":"2023/09/21 09:12:34+00","applicantcity":"Maple Grove","applicantaddress1":"18550 County Rd 81"},"geometry":{"type":"Point","coordinates":[-93.31291,44.91569]}},{"type":"Feature","properties":{"date":null,"year":0,"description":"PERMIT FOR ZONING REVIEW/APPROVAL ONLY OF PRIVATE SIDEWALK AND STEPS TO PUBLIC SIDEWALK (NOT PART OF THE MEANS OF EGRESS FROM THE DWELLING - NO BUILDING CODE REVIEW/APPROVAL). FRONT CONCRETE STEPS FROM PRIVATE SIDEWALK TO PUBLIC SIDEWALK DO NOT REQUIRE A","metadescription":"Res. Addition. PERMIT FOR ZONING REVIEW/APPROVAL ONLY OF PRIVATE SIDEWALK AND STEPS TO PUBLIC SIDEWALK (NOT PART OF THE MEANS OF EGRESS FROM THE DWELLING - NO BUILDING CODE REVIEW/APPROVAL). FRONT CONCRETE STEPS FROM PRIVATE SIDEWALK TO PUBLIC SIDEWALK DO NOT REQUIRE A. Expired","address":null,"x":"-93.24893","y":"44.91742","value":"1000","display":"4712 18TH AVE S","fullname":"LAURIE J THOMAS","issuedate":"2023/10/05 15:52:44+00","milestone":"Expired","applicantcity":"Elk River","applicantaddress1":"16200 US Hwy 10"},"geometry":{"type":"Point","coordinates":[-93.24893,44.91742]}},{"type":"Feature","properties":{"date":null,"year":0,"description":"ZONING AND HPC FLAGS ON PROPERTY  Attic bathroom - tub sink toilet","metadescription":"Plumbing. Res. ZONING AND HPC FLAGS ON PROPERTY  Attic bathroom - tub sink toilet. Closed","address":null,"x":"-93.29381","y":"44.91799","value":"0","display":"4648 DUPONT AVE S","fullname":"PHILIP G MALKERSON","issuedate":"2020/05/28 10:34:07+00","milestone":"Closed","completedate":"2020/11/30 12:58:51+00","applicantcity":"St Michael","applicantaddress1":"4145 Mackenzie Ct NE"},"geometry":{"type":"Point","coordinates":[-93.29381,44.91799]}},{"type":"Feature","properties":{"date":null,"year":0,"description":"CONSTRUCT TWO STORY ADDITION WITH CRAWL SPACE TO EXISTING SINGLE FAMILY HOUSE. AAJ#1.            ***06/22/2017 - REVISION TO NORTH ELEVATION WALL TO ALLOW PROPOSED ADDITION(9'6\" NEW WALL) TO FLUSH WITH EXISTING HOUSE WALL PER ZONING APPROVAL. SEE ATTACHED","metadescription":"Res. Remodel. CONSTRUCT TWO STORY ADDITION WITH CRAWL SPACE TO EXISTING SINGLE FAMILY HOUSE. AAJ#1.            ***06/22/2017 - REVISION TO NORTH ELEVATION WALL TO ALLOW PROPOSED ADDITION(9'6\" NEW WALL) TO FLUSH WITH EXISTING HOUSE WALL PER ZONING APPROVAL. SEE ATTACHED. Closed","address":null,"x":"-93.2925099999999","y":"44.9212400000001","value":"135000","display":"4500 COLFAX AVE S","fullname":"TODD W FRITZ","issuedate":"2017/05/25 15:55:44+00","milestone":"Closed","completedate":"2019/01/04 13:02:29+00","applicantcity":"MINNEAPOLIS","applicantaddress1":"4330 NICOLLET AVE S"},"geometry":{"type":"Point","coordinates":[-93.29251,44.92124]}},{"type":"Feature","properties":{"date":null,"year":0,"description":"SURFACE MOUNT HIGH-PRESSURE GAS LINE 60 FOOT DOWN THE HOUSE AND 15 FOOT AROUND THE CORNER TO THE GENERATOR LOCATION.  TOTAL ROUNDABOUT 75 FOOT.       Per Zoning: No generators allowed in the front or side\nyards.  The generator can only be located in strai","metadescription":"Mechanical. ExistRes. SURFACE MOUNT HIGH-PRESSURE GAS LINE 60 FOOT DOWN THE HOUSE AND 15 FOOT AROUND THE CORNER TO THE GENERATOR LOCATION.  TOTAL ROUNDABOUT 75 FOOT.       Per Zoning: No generators allowed in the front or side\nyards.  The generator can only be located in strai. Cancelled","address":null,"x":"-93.32445","y":"44.92085","value":"0","display":"4512 BEARD AVE S","fullname":"JUSTIN KARIM","issuedate":"2024/10/21 09:13:51+00","milestone":"Cancelled","applicantcity":"Elk River","applicantaddress1":"10215 Twin Lakes Rd NW"},"geometry":{"type":"Point","coordinates":[-93.32445,44.92085]}},{"type":"Feature","properties":{"date":null,"year":0,"description":"GENERATOR:  Run gas line approximately 50 feet to generator location       Generators are not allowed in a required yard setback, so no front or side yards.  If it\u001as in the back behind the house then it is good from a zoning perspective.  We regulate by s","metadescription":"Plumbing. Res. GENERATOR:  Run gas line approximately 50 feet to generator location       Generators are not allowed in a required yard setback, so no front or side yards.  If it\u001as in the back behind the house then it is good from a zoning perspective.  We regulate by s. Closed","address":null,"x":"-93.3197699999999","y":"44.9162900000001","value":"0","display":"4753 YORK AVE S","fullname":"HAMIN E BLAIR III REV TR ","issuedate":"2025/02/28 11:24:57+00","milestone":"Closed","completedate":"2025/04/22 13:16:30+00","applicantcity":"Elk River","applicantaddress1":"10215 Twin Lake Rd NW"},"geometry":{"type":"Point","coordinates":[-93.31977,44.91629]}},{"type":"Feature","properties":{"date":null,"year":0,"description":"CONSTRUCT DETACHED 22' BY 22'  WOOD FRAME GARAGE.  7/18/18 - Applicant came into office to revise garage location 3' from East line and 2' from South line.  Nothing retained.  Zoning approved by MWEE.  (DMH)   REVISION 7/20/2018 (MAA)    REAR SETBACK TO B","metadescription":"Res. Accessory. CONSTRUCT DETACHED 22' BY 22'  WOOD FRAME GARAGE.  7/18/18 - Applicant came into office to revise garage location 3' from East line and 2' from South line.  Nothing retained.  Zoning approved by MWEE.  (DMH)   REVISION 7/20/2018 (MAA)    REAR SETBACK TO B. Closed","address":null,"x":"-93.29177","y":"44.92019","value":"15000","display":"4537 COLFAX AVE S","fullname":"RONALD B WEBB","issuedate":"2018/07/10 16:11:56+00","milestone":"Closed","completedate":"2020/04/21 13:36:51+00","applicantcity":"Edina","applicantaddress1":"4625 Bruce Ave"},"geometry":{"type":"Point","coordinates":[-93.29177,44.92019]}},{"type":"Feature","properties":{"date":null,"year":0,"description":"MAIN FLOOR REMODEL AND BASEMENT FINISH  OF EXISTING SINGLE FAMILY HOUSE. AAJ#2.     MAIN FLOOR  REMODEL:   - REMODEL EXISTING KITCHEN AND BATHROOM AS NOTED ON FLOOR PLAN, EXCLUDING ALL ABOVE GRADE WINDOWS TO BE  REPLACE WHICH IS PENDING ZONING APPROVAL.","metadescription":"Res. Remodel. MAIN FLOOR REMODEL AND BASEMENT FINISH  OF EXISTING SINGLE FAMILY HOUSE. AAJ#2.     MAIN FLOOR  REMODEL:   - REMODEL EXISTING KITCHEN AND BATHROOM AS NOTED ON FLOOR PLAN, EXCLUDING ALL ABOVE GRADE WINDOWS TO BE  REPLACE WHICH IS PENDING ZONING APPROVAL.. Closed","address":null,"x":"-93.31405","y":"45.0350800000001","value":"25000","display":"4359 THOMAS AVE N","fullname":"CAMERON GINOCHIO","issuedate":"2019/01/15 15:15:16+00","milestone":"Closed","completedate":"2020/01/31 09:08:56+00","applicantcity":"MINNEAPOLIS","applicantaddress1":"5648 HUMBOLDT AVE S"},"geometry":{"type":"Point","coordinates":[-93.31405,45.03508]}},{"type":"Feature","properties":{"date":null,"year":0,"description":"CONSTRUCT REAR TWO STORY ADDITION WITH UNFINISHED BASEMENT FLOOR, REBUILD DETACHED GARAGE AND REMODEL EXISTING SINGLE FAMILY HOUSE. AAJ#2.     09/19/2017 - REVISION TO DETACHED GARAGE HEIGHT AS APPROVED BY ZONING DEPARTMENT - AAJ#2***        DEMOLITION WO","metadescription":"Res. Addition. CONSTRUCT REAR TWO STORY ADDITION WITH UNFINISHED BASEMENT FLOOR, REBUILD DETACHED GARAGE AND REMODEL EXISTING SINGLE FAMILY HOUSE. AAJ#2.     09/19/2017 - REVISION TO DETACHED GARAGE HEIGHT AS APPROVED BY ZONING DEPARTMENT - AAJ#2***        DEMOLITION WO. Closed","address":null,"x":"-93.22745","y":"44.9184000000001","value":"100000","display":"4640 31ST AVE S","fullname":"ANDREW T BUSSEY","issuedate":"2017/09/27 14:56:53+00","milestone":"Closed","completedate":"2022/01/27 15:15:16+00","applicantcity":"Minneapolis","applicantaddress1":"4640 31ST Ave S"},"geometry":{"type":"Point","coordinates":[-93.22745,44.9184]}},{"type":"Feature","properties":{"date":null,"year":0,"description":"per zoning inspector, replace double kitchen sink to a single and disconnect and remove gas range.","metadescription":"Plumbing. Res. per zoning inspector, replace double kitchen sink to a single and disconnect and remove gas range.. Closed","address":null,"x":"-93.21188","y":"44.89646","value":"0","display":"4222 59TH ST E","fullname":"MEKO PROPERTIES LLC","issuedate":"2018/01/05 08:33:27+00","milestone":"Closed","completedate":"2018/01/11 09:27:40+00","applicantcity":"Coon Rapids","applicantaddress1":"12690 Hummingbird St NW"},"geometry":{"type":"Point","coordinates":[-93.21188,44.89646]}},{"type":"Feature","properties":{"date":null,"year":0,"description":"nothing kept.  need  cover sheet with zoning and HPC approvals.   PARTIAL WHITE BOX FINISH TO APPROX. 48' X 37' INTERIOR OF FORMER COFFEE SHOP .  PREVIOUS DEMO PERMIT ISSUED BLDG 703115.  CONSTRUCT NEW STAIRS TO BASEMENT LEVEL AT REAR OF  (DMH#1)   SHOP.","metadescription":"Commercial. Remodel. nothing kept.  need  cover sheet with zoning and HPC approvals.   PARTIAL WHITE BOX FINISH TO APPROX. 48' X 37' INTERIOR OF FORMER COFFEE SHOP .  PREVIOUS DEMO PERMIT ISSUED BLDG 703115.  CONSTRUCT NEW STAIRS TO BASEMENT LEVEL AT REAR OF  (DMH#1)   SHOP.. Closed","address":null,"x":"-93.23569","y":"44.98101","value":"100000","display":"411 14TH AVE SE","fullname":"411 SE DINKYTOWN, LLC","issuedate":"2018/05/24 12:09:17+00","milestone":"Closed","completedate":"2018/07/18 09:05:51+00","applicantcity":"ST PAUL","applicantaddress1":"476 SNELLING AVE S"},"geometry":{"type":"Point","coordinates":[-93.23569,44.98101]}},{"type":"Feature","properties":{"date":null,"year":0,"description":"(GON) 2-5-20 Revision Finish non-habitable Basement space, Stairway landing headroom is non-compliant. ADDING  WINDOW AND WELL at sfd.  (JAG)*** NON-STRUCTURAL FINISH OF BASEMENT FOR NEW ROOM, BATH, FAMILY ROOM AND KITCHENETTE AREA PER ZONING. ENERGY WALL","metadescription":"Res. Remodel. (GON) 2-5-20 Revision Finish non-habitable Basement space, Stairway landing headroom is non-compliant. ADDING  WINDOW AND WELL at sfd.  (JAG)*** NON-STRUCTURAL FINISH OF BASEMENT FOR NEW ROOM, BATH, FAMILY ROOM AND KITCHENETTE AREA PER ZONING. ENERGY WALL. Closed","address":null,"x":"-93.2368","y":"44.9328800000001","value":"80000","display":"3841 24TH AVE S","fullname":"RHIANNON D WILLIAMS","issuedate":"2019/05/03 11:11:13+00","milestone":"Closed","completedate":"2020/02/04 13:36:54+00","applicantcity":"Minneapolis","applicantaddress1":"2837 Coolidge St NE"},"geometry":{"type":"Point","coordinates":[-93.2368,44.93288]}},{"type":"Feature","properties":{"date":null,"year":0,"description":"Run gas line aprx 60 feet to generator location    GENERATOR SETBACK REQUIREMENTS   \n\n     \n\n Generators are not allowed in a required yard setback, so no\nfront or side yards.  If it\u001as in the back behind the house then it is good\nfrom a zoning perspective","metadescription":"Plumbing. Res. Run gas line aprx 60 feet to generator location    GENERATOR SETBACK REQUIREMENTS   \n\n     \n\n Generators are not allowed in a required yard setback, so no\nfront or side yards.  If it\u001as in the back behind the house then it is good\nfrom a zoning perspective. Closed","address":null,"x":"-93.32301","y":"44.93361","value":"0","display":"3812 ABBOTT AVE S","fullname":"CATHERINE S SIMS TRUST ","issuedate":"2025/04/14 09:33:20+00","milestone":"Closed","completedate":"2025/07/15 14:43:50+00","applicantcity":"Elk River","applicantaddress1":"10215 Twin Lake Rd NW"},"geometry":{"type":"Point","coordinates":[-93.32301,44.93361]}},{"type":"Feature","properties":{"date":null,"year":0,"description":"Add 3 flat panel radiators to basement and zoning, venting of dryer","metadescription":"Mechanical. ExistRes. Add 3 flat panel radiators to basement and zoning, venting of dryer. Closed","address":null,"x":"-93.2507899999999","y":"44.93537","value":"0","display":"3717 16TH AVE S","fullname":"MATTHEW D OLSON","issuedate":"2025/02/10 07:37:18+00","milestone":"Closed","completedate":"2025/04/30 10:09:32+00","applicantcity":"Blaine","applicantaddress1":"1550 91st Ave NE Ste 301"},"geometry":{"type":"Point","coordinates":[-93.25079,44.93537]}},{"type":"Feature","properties":{"date":null,"year":0,"description":"BASEMENT FINISH  new shower room and bathroom remodeling of group home qualifying as SFD under zoning .","metadescription":"Res. Remodel. BASEMENT FINISH  new shower room and bathroom remodeling of group home qualifying as SFD under zoning .. Closed","address":null,"x":"-93.31438","y":"45.0254100000001","value":"35000","display":"3842 UPTON AVE N","fullname":"DANIELLE TERRAE BROWN","issuedate":"2017/08/08 14:14:34+00","milestone":"Closed","completedate":"2018/02/13 11:49:09+00","applicantcity":"ROBBINSDALE","applicantaddress1":"3417 26 1/2 AVE N"},"geometry":{"type":"Point","coordinates":[-93.31438,45.02541]}},{"type":"Feature","properties":{"date":null,"year":0,"description":"non-struct Interior remodel - Kitchen & Bath.. Tempered glass required if sill lower than 60\" AFF ***2/4/2020 applicant drawings adding 5 pad footings, new 6x6 columns, and changing exterior windows and doors (zoning apprvd).","metadescription":"Res. Remodel. non-struct Interior remodel - Kitchen & Bath.. Tempered glass required if sill lower than 60\" AFF ***2/4/2020 applicant drawings adding 5 pad footings, new 6x6 columns, and changing exterior windows and doors (zoning apprvd).. Closed","address":null,"x":"-93.23558","y":"44.93875","value":"60000","display":"3523 25TH AVE S","fullname":"RENOVATION CONCEPTS LLC","issuedate":"2019/11/21 12:13:03+00","milestone":"Closed","completedate":"2020/08/20 15:58:56+00","applicantcity":"Blaine","applicantaddress1":"1521 94th Ln Ne #A"},"geometry":{"type":"Point","coordinates":[-93.23558,44.93875]}},{"type":"Feature","properties":{"date":null,"year":0,"description":"Installed new 1.5 ton mini split system for room 23- Data room in lower level. Condensing unit located in back alley, Sitting on wall bracket. (The applicant has been notified the height cannot exceed 5ft. per zoning. and was notified vehicle impact barri","metadescription":"Mechanical. ComMFDNR. Installed new 1.5 ton mini split system for room 23- Data room in lower level. Condensing unit located in back alley, Sitting on wall bracket. (The applicant has been notified the height cannot exceed 5ft. per zoning. and was notified vehicle impact barri. Closed","address":null,"x":"-93.23934","y":"44.93514","value":"8000","display":"3720 23RD AVE S","fullname":"SENIOR CARE PROVIDENCE LLC","issuedate":"2026/04/17 15:48:07+00","milestone":"Closed","completedate":"2026/04/28 13:53:23+00","applicantcity":"Maplewood","applicantaddress1":"2495 Maplewood Dr"},"geometry":{"type":"Point","coordinates":[-93.23934,44.93514]}},{"type":"Feature","properties":{"date":null,"year":0,"description":"9/11 applicant changing rough opening on windows.  Approved by zoning.  a framing and sheathing extension inspection will be required while still open to view.  replace 7 windows, reside home","metadescription":"Res. Misc. 9/11 applicant changing rough opening on windows.  Approved by zoning.  a framing and sheathing extension inspection will be required while still open to view.  replace 7 windows, reside home. Closed","address":null,"x":"-93.23929","y":"45.0345100000001","value":"7892","display":"3639 BUCHANAN ST NE","fullname":"TAI W LUU","issuedate":"2019/08/19 11:47:02+00","milestone":"Closed","completedate":"2020/04/29 07:44:56+00","applicantcity":"Minneapolis","applicantaddress1":"3639 Buchanan St Ne"},"geometry":{"type":"Point","coordinates":[-93.23929,45.03451]}},{"type":"Feature","properties":{"date":null,"year":0,"description":"FOR BASEMENT REMODELING:  One new supply duct to feed basement for zoning\n1rst floor and basement areas","metadescription":"Mechanical. ExistRes. FOR BASEMENT REMODELING:  One new supply duct to feed basement for zoning\n1rst floor and basement areas. Closed","address":null,"x":"-93.20856","y":"44.93753","value":"0","display":"3609 45TH AVE S","fullname":"MATTHEW J MILLS","issuedate":"2023/06/16 11:42:01+00","milestone":"Closed","completedate":"2023/10/11 08:09:11+00","applicantcity":"Bloomington","applicantaddress1":"10048 Nord Rd"},"geometry":{"type":"Point","coordinates":[-93.20856,44.93753]}},{"type":"Feature","properties":{"date":null,"year":0,"description":"IN BASEMENT - ROUGH-IN 4 NEW WALL HUNG RADIATORS WITH NEW ZONING AT BOILER","metadescription":"Mechanical. ExistRes. IN BASEMENT - ROUGH-IN 4 NEW WALL HUNG RADIATORS WITH NEW ZONING AT BOILER. Closed","address":null,"x":"-93.28021","y":"44.93825","value":"0","display":"3542 BLAISDELL AVE","fullname":"BRIAN S HEDBERG","issuedate":"2025/02/03 08:10:31+00","milestone":"Closed","completedate":"2025/04/14 13:28:42+00","applicantcity":"Plymouth","applicantaddress1":"3410 Kilmer Lane N"},"geometry":{"type":"Point","coordinates":[-93.28021,44.93825]}},{"type":"Feature","properties":{"date":null,"year":0,"description":"(DMH-ProjectDox)    11/6/24- Plan revision for Zoning approval and Retaining Wall location adjustment. - DMH.  Construct Single Family Dwelling with T-mass foundation and Residential Elevator.  Finished walk-out basement level with bathrooms, family room","metadescription":"Res. New. (DMH-ProjectDox)    11/6/24- Plan revision for Zoning approval and Retaining Wall location adjustment. - DMH.  Construct Single Family Dwelling with T-mass foundation and Residential Elevator.  Finished walk-out basement level with bathrooms, family room. Open","address":null,"x":"-93.31983","y":"44.9548500000001","value":"2500000","display":"34 PARK LN","fullname":"BRIAN FITTERER","issuedate":"2023/04/13 16:29:22+00","milestone":"Inspection","applicantcity":"Minneapolis","applicantaddress1":"1307 2nd Ave N"},"geometry":{"type":"Point","coordinates":[-93.31983,44.95485]}},{"type":"Feature","properties":{"date":null,"year":0,"description":"ZONING APPROVAL FOR 6' FENCE","metadescription":"Commercial. Remodel. ZONING APPROVAL FOR 6' FENCE. Closed","address":null,"x":"-93.28146","y":"45.01602","value":"1000","display":"3334 WASHINGTON AVE N","fullname":"JCJ INVESTMENTS LLC","issuedate":"2019/10/28 14:57:22+00","milestone":"Closed","completedate":"2022/03/23 08:28:57+00","applicantcity":"Minneapolis","applicantaddress1":"346 Penn Ave N #1"},"geometry":{"type":"Point","coordinates":[-93.28146,45.01602]}},{"type":"Feature","properties":{"date":null,"year":0,"description":"ALTER TELECOMMUNICATIONS EQUIPMENT -VERIZON IS CHANGING OUT ALL OF THE EXISTING ANTENNAS WITH COMMSCOPE ANTENNAS, REMOVE (6) RRU's AND REPLACING WITH NEW RRU'S, ADD (3) RRU's WITH A2 MODULES AND DISTRIBUTION BOXES - SUBJECT TO ZONING CONDITIONS OF APPROVA","metadescription":"Commercial. Remodel. ALTER TELECOMMUNICATIONS EQUIPMENT -VERIZON IS CHANGING OUT ALL OF THE EXISTING ANTENNAS WITH COMMSCOPE ANTENNAS, REMOVE (6) RRU's AND REPLACING WITH NEW RRU'S, ADD (3) RRU's WITH A2 MODULES AND DISTRIBUTION BOXES - SUBJECT TO ZONING CONDITIONS OF APPROVA. Closed","address":null,"x":"-93.22989","y":"44.9368900000001","value":"25000","display":"3601 HIAWATHA AVE","fullname":"SS HIAWATHA II LLC","issuedate":"2016/12/23 10:45:12+00","milestone":"Closed","completedate":"2018/09/20 15:48:01+00","applicantcity":"ROCHESTOR","applicantaddress1":"2625 MONROE ST NW"},"geometry":{"type":"Point","coordinates":[-93.22989,44.93689]}},{"type":"Feature","properties":{"date":null,"year":0,"description":"CONVERT OFFICE BLDG TO 149 ROOM HOTEL, PARKING GARAGE AND SHELL SPACE FOR RETAIL   Building Record BLDG979506  PDR PLAN15317 Hilary Dvorak Alyssa Brandt was zoning supervisor  certificate of occupancy required  yes    Per 909.21  hoistway pressurization,","metadescription":"Commercial. Remodel. CONVERT OFFICE BLDG TO 149 ROOM HOTEL, PARKING GARAGE AND SHELL SPACE FOR RETAIL   Building Record BLDG979506  PDR PLAN15317 Hilary Dvorak Alyssa Brandt was zoning supervisor  certificate of occupancy required  yes    Per 909.21  hoistway pressurization,. Closed","address":null,"x":"-93.27102","y":"44.97049","value":"6857000","display":"331 11TH ST S","fullname":"1111 PARTNERS LLC","issuedate":"2023/03/22 09:03:04+00","milestone":"Closed","completedate":"2025/03/04 10:27:12+00","applicantcity":"Minneapolis","applicantaddress1":"510 1st Ave N #600"},"geometry":{"type":"Point","coordinates":[-93.27102,44.97049]}},{"type":"Feature","properties":{"date":null,"year":0,"description":"Replacing 11 windows in existing openings at 3151 grand ave s (3149 grand ave s is master zoning address, per city)","metadescription":"Res. Misc. Replacing 11 windows in existing openings at 3151 grand ave s (3149 grand ave s is master zoning address, per city). Closed","address":null,"x":"-93.2839499999999","y":"44.94491","value":"8400","display":"3149 GRAND AVE S","fullname":"JAMES A BOLLMAN","issuedate":"2018/10/02 12:52:36+00","milestone":"Closed","completedate":"2018/11/26 07:15:14+00","applicantcity":"NORTH SAINT PAUL","applicantaddress1":"2106 11TH AVE E"},"geometry":{"type":"Point","coordinates":[-93.28395,44.94491]}},{"type":"Feature","properties":{"date":null,"year":0,"description":"***STEPS REBUILD AT GRADE NOT ATTACHED TO HOUSE IS EXEMPTED FROM PERMIT PER CPED PLAN REVIEW DEPARTMENT'S POLICY - AAJ***    ***FYI: ALL STEPS REBUILD ARE REQUIRED TO COMPLY TO 2020 MN. RESIDENTIAL CODE SECTION R311.7 AND ZONING DEPARTMENT'S REVIEW IS REQ","metadescription":"Res. Addition. ***STEPS REBUILD AT GRADE NOT ATTACHED TO HOUSE IS EXEMPTED FROM PERMIT PER CPED PLAN REVIEW DEPARTMENT'S POLICY - AAJ***    ***FYI: ALL STEPS REBUILD ARE REQUIRED TO COMPLY TO 2020 MN. RESIDENTIAL CODE SECTION R311.7 AND ZONING DEPARTMENT'S REVIEW IS REQ. Closed","address":null,"x":"-93.21876","y":"44.9440300000001","value":"300","display":"3229 37TH AVE S","fullname":"RYAN CAMPBELL","issuedate":"2022/05/18 10:29:00+00","milestone":"Closed","completedate":"2024/07/23 10:10:10+00","applicantcity":"Minneapolis","applicantaddress1":"3229 37th Ave S"},"geometry":{"type":"Point","coordinates":[-93.21876,44.94403]}},{"type":"Feature","properties":{"date":null,"year":0,"description":"Stolen copper: re-connect basement baseboard, bring basement zoning up to code, re-install new piping, valves, venting.","metadescription":"Mechanical. ExistRes. Stolen copper: re-connect basement baseboard, bring basement zoning up to code, re-install new piping, valves, venting.. Closed","address":null,"x":"-93.29143","y":"45.01","value":"0","display":"2914 COLFAX AVE N","fullname":"CORY COUILLARD","issuedate":"2024/02/14 13:30:07+00","milestone":"Closed","completedate":"2024/02/29 14:20:11+00","applicantcity":"Plymouth","applicantaddress1":"3410 Kilmer Ln N"},"geometry":{"type":"Point","coordinates":[-93.29143,45.01]}},{"type":"Feature","properties":{"date":null,"year":0,"description":"RELOCATE DUCT & DIFFUSERS FOR NEW LAYOUT. REZONE HEAT PUMPS TO NEW LAYOUTS, ADD (1) NEW HEATPUMP TO MATCH ZONING. ADD (1) ELECTRIC HEATER IN NEW VESTIBLE\r\rRELOCATE DUCT & DIFFUSERS FOR NEW LAYOUT. REZONE HEAT PUMPS TO NEW LAYOUTS, ADD (1) NEW HEATPUMP TO","metadescription":"Mechanical. Comm-MFD. RELOCATE DUCT & DIFFUSERS FOR NEW LAYOUT. REZONE HEAT PUMPS TO NEW LAYOUTS, ADD (1) NEW HEATPUMP TO MATCH ZONING. ADD (1) ELECTRIC HEATER IN NEW VESTIBLE\r\rRELOCATE DUCT & DIFFUSERS FOR NEW LAYOUT. REZONE HEAT PUMPS TO NEW LAYOUTS, ADD (1) NEW HEATPUMP TO. Closed","address":null,"x":"-93.21928","y":"44.99974","value":"43000","display":"3001 BROADWAY ST NE","fullname":"BROADWAY RIDGE PARTNERS, LLC","issuedate":"2016/12/09 11:45:51+00","milestone":"Closed","completedate":"2017/01/23 08:50:27+00","applicantcity":"MINNEAPOLIS","applicantaddress1":"2318 1ST ST NE"},"geometry":{"type":"Point","coordinates":[-93.21928,44.99974]}},{"type":"Feature","properties":{"date":null,"year":0,"description":"Replacing 11 windows in existing openings at 3151 Grand Ave S (3149 is master zoning address per city)","metadescription":"Res. Misc. Replacing 11 windows in existing openings at 3151 Grand Ave S (3149 is master zoning address per city). Cancelled","address":null,"x":"-93.23112","y":"44.9451300000001","value":"8400","display":"3151 28TH AVE S","fullname":"3151 LLC","issuedate":"2018/10/02 12:28:05+00","milestone":"Cancelled","applicantcity":"NORTH SAINT PAUL","applicantaddress1":"2106 11TH AVE E"},"geometry":{"type":"Point","coordinates":[-93.23112,44.94513]}},{"type":"Feature","properties":{"date":null,"year":0,"description":"change the few steps on private walkway to city sidewalk to slope instead, replace timber retaining with 1 course block - permit for zoning approval (bldg. code approval not required)","metadescription":"Res. Accessory. change the few steps on private walkway to city sidewalk to slope instead, replace timber retaining with 1 course block - permit for zoning approval (bldg. code approval not required). Closed","address":null,"x":"-93.2647899999999","y":"44.94786","value":"1000","display":"3013 PARK AVE","fullname":"MANUEL SAUL BUNAY CABRERA","issuedate":"2018/05/29 09:05:16+00","milestone":"Closed","completedate":"2021/11/05 14:48:23+00","applicantcity":"Minneapolis","applicantaddress1":"3013 Park Ave"},"geometry":{"type":"Point","coordinates":[-93.26479,44.94786]}},{"type":"Feature","properties":{"date":null,"year":0,"description":"Resurface existing deck -ACW     12 ft. maximum average roof height (unless specifically approved by zoning office).  Anchor bolts must be within 12 in. of each end of each piece of plate and 6 ft. on center maximum.  Truss diagrams must be available to i","metadescription":"Res. Remodel. Resurface existing deck -ACW     12 ft. maximum average roof height (unless specifically approved by zoning office).  Anchor bolts must be within 12 in. of each end of each piece of plate and 6 ft. on center maximum.  Truss diagrams must be available to i. Closed","address":null,"x":"-93.2250099999999","y":"44.95986","value":"13074","display":"2309 32ND AVE S","fullname":"MATT BURDICK","issuedate":"2026/01/20 11:51:48+00","milestone":"Closed","completedate":"2026/03/16 09:10:41+00","applicantcity":"Elk River","applicantaddress1":"8110 River Rd NE"},"geometry":{"type":"Point","coordinates":[-93.22501,44.95986]}},{"type":"Feature","properties":{"date":null,"year":0,"description":"NON STRUCTURAL INTERIOR DEMOLITION OF EXISTING BUILDING TO BE CONVERTED INTO ALCOHOL AND DRUG CENTERS WITH UP TO 31 OCCUPANTS AS APPROVED BY ZONING DEPARTMENT. AAJ#1      Tenant:  NUWAY INC          Floor(s): BASEMENT FLOOR THROUGH 3RD FLOOR - INTERIOR NO","metadescription":"Commercial. Remodel. NON STRUCTURAL INTERIOR DEMOLITION OF EXISTING BUILDING TO BE CONVERTED INTO ALCOHOL AND DRUG CENTERS WITH UP TO 31 OCCUPANTS AS APPROVED BY ZONING DEPARTMENT. AAJ#1      Tenant:  NUWAY INC          Floor(s): BASEMENT FLOOR THROUGH 3RD FLOOR - INTERIOR NO. Closed","address":null,"x":"-93.27565","y":"44.9615200000001","value":"55953","display":"2104 STEVENS AVE","fullname":"NUWAY HOUSE INC","issuedate":"2019/05/23 14:34:16+00","milestone":"Closed","completedate":"2019/12/31 08:23:34+00","applicantcity":"St Paul","applicantaddress1":"1375 St Anthony Ave"},"geometry":{"type":"Point","coordinates":[-93.27565,44.96152]}},{"type":"Feature","properties":{"date":null,"year":0,"description":"Basement: Install heating pex, add zoning at boiler, Install 3 radiators-living room, bedroom, towel bar in bath.","metadescription":"Mechanical. ExistRes. Basement: Install heating pex, add zoning at boiler, Install 3 radiators-living room, bedroom, towel bar in bath.. Closed","address":null,"x":"-93.23533","y":"44.96124","value":"0","display":"2516 22ND ST E","fullname":"JEFFREY A DEMARS","issuedate":"2022/09/23 13:19:18+00","milestone":"Closed","completedate":"2023/10/26 14:37:19+00","applicantcity":"Plymouth","applicantaddress1":"3410 Kilmer Ln N"},"geometry":{"type":"Point","coordinates":[-93.23533,44.96124]}},{"type":"Feature","properties":{"date":null,"year":0,"description":"This permit is to update City records to properly classify the structure as a duplex.   No work performed under this permit.  See zoning comments for additional info on history.","metadescription":"Res. Remodel. This permit is to update City records to properly classify the structure as a duplex.   No work performed under this permit.  See zoning comments for additional info on history.. Cancelled","address":null,"x":"-93.28255","y":"44.96135","value":"100","display":"2119 PLEASANT AVE","fullname":"KRISTOPHER L BROBERG","issuedate":"2018/04/18 14:10:40+00","milestone":"Closed","completedate":"2023/03/03 09:37:05+00","applicantcity":"Minneapolis","applicantaddress1":"4100 Sheridan Ave S"},"geometry":{"type":"Point","coordinates":[-93.28255,44.96135]}},{"type":"Feature","properties":{"date":null,"year":0,"description":"REPLACE EXISTING FRONT PORCH STEPS OF A SINGLE FAMILY HOUSE WITH RAMP      - REMOVE EXISTING FRONT PORCH STEPS AND INSTALL NEW RAMP PER CODE REQUIREMENT.   FROST FOOTING DEPTH MUST BE 42\" MINIMUM DEPTH   NOTE:  ZONING APPROVAL REQUIRED IF STAIRS EXCEED FO","metadescription":"Res. Addition. REPLACE EXISTING FRONT PORCH STEPS OF A SINGLE FAMILY HOUSE WITH RAMP      - REMOVE EXISTING FRONT PORCH STEPS AND INSTALL NEW RAMP PER CODE REQUIREMENT.   FROST FOOTING DEPTH MUST BE 42\" MINIMUM DEPTH   NOTE:  ZONING APPROVAL REQUIRED IF STAIRS EXCEED FO. Closed","address":null,"x":"-93.31425","y":"45.00026","value":"2500","display":"2018 UPTON AVE N","fullname":"FAHIMA ABDI","issuedate":"2020/09/25 15:13:56+00","milestone":"Closed","completedate":"2020/11/17 07:41:26+00","applicantcity":"East Bethel","applicantaddress1":"650 217th Ave NE"},"geometry":{"type":"Point","coordinates":[-93.31425,45.00026]}},{"type":"Feature","properties":{"date":null,"year":0,"description":"TEMPORARY USE PERMIT PER 1300.0190 FOR HAUNTED HOUSE USE.                          DTC   BASEMENT OF BUILDING 9   LIMITED TO 49 PATRONS.    FIRE WATCH REQUIRED DURING HOURS OF OPERATION.   SUBJECT TO IBC 411 SPECIAL AMUSEMENT BUILDINGS PROVISIONS.   (FIRE","metadescription":"Commercial. Remodel. TEMPORARY USE PERMIT PER 1300.0190 FOR HAUNTED HOUSE USE.                          DTC   BASEMENT OF BUILDING 9   LIMITED TO 49 PATRONS.    FIRE WATCH REQUIRED DURING HOURS OF OPERATION.   SUBJECT TO IBC 411 SPECIAL AMUSEMENT BUILDINGS PROVISIONS.   (FIRE. Closed","address":null,"x":"-93.22403","y":"44.99073","value":"12000","display":"2010 HENNEPIN AVE E","fullname":"FIRST & FIRST LLC","issuedate":"2017/10/06 13:01:54+00","milestone":"Closed","completedate":"2019/02/25 10:35:07+00","applicantcity":"Minneapolis","applicantaddress1":"451 Taft St NE"},"geometry":{"type":"Point","coordinates":[-93.22403,44.99073]}},{"type":"Feature","properties":{"date":null,"year":0,"description":"ALTER TELECOMMUNICATIONS EQUIPMENT -VERIZON IS CHANGING OUT ALL OF THE EXISTING ANTENNAS WITH COMMSCOPE ANTENNAS AND ADDING (3) MODULE RRU's -ADDING A2 MODULES TO 3 OF THE EXISTING RRU's - SUBJECT TO ZONING CONDITIONS OF APPROVAL FILE # ADR555- ENGINEER I","metadescription":"Commercial. Remodel. ALTER TELECOMMUNICATIONS EQUIPMENT -VERIZON IS CHANGING OUT ALL OF THE EXISTING ANTENNAS WITH COMMSCOPE ANTENNAS AND ADDING (3) MODULE RRU's -ADDING A2 MODULES TO 3 OF THE EXISTING RRU's - SUBJECT TO ZONING CONDITIONS OF APPROVAL FILE # ADR555- ENGINEER I. Closed","address":null,"x":"-93.23522","y":"44.9996400000001","value":"25000","display":"1701 BROADWAY ST NE","fullname":"B9 POLAR SKYLINE LLC","issuedate":"2016/12/23 10:52:29+00","milestone":"Closed","completedate":"2020/11/05 10:45:40+00","applicantcity":"ROCHESTOR","applicantaddress1":"2625 MONROE ST NW"},"geometry":{"type":"Point","coordinates":[-93.23522,44.99964]}},{"type":"Feature","properties":{"date":null,"year":0,"description":"TEMPORARY USE PERMIT PER 1300.0190 FOR HAUNTED HOUSE USE FOR THE DURATION OF 10/05/2018 TO 10/31/2018                DTC   BASEMENT OF BUILDING 9   LIMITED TO 45 PATRONS.    FIRE WATCH REQUIRED DURING HOURS OF OPERATION.   SUBJECT TO IBC 411 SPECIAL AMUSE","metadescription":"Commercial. Remodel. TEMPORARY USE PERMIT PER 1300.0190 FOR HAUNTED HOUSE USE FOR THE DURATION OF 10/05/2018 TO 10/31/2018                DTC   BASEMENT OF BUILDING 9   LIMITED TO 45 PATRONS.    FIRE WATCH REQUIRED DURING HOURS OF OPERATION.   SUBJECT TO IBC 411 SPECIAL AMUSE. Closed","address":null,"x":"-93.22403","y":"44.99073","value":"10000","display":"2010 HENNEPIN AVE E","fullname":"FIRST & FIRST LLC","issuedate":"2018/10/05 11:17:17+00","milestone":"Closed","completedate":"2019/02/25 10:36:19+00","applicantcity":"WAYZATA","applicantaddress1":"3540 MONTGOMERY AVE"},"geometry":{"type":"Point","coordinates":[-93.22403,44.99073]}},{"type":"Feature","properties":{"date":null,"year":0,"description":"CONDO - (4) WINDOWS AND (1) ENTRY DOOR REPLACEMENT IN EXISTING OPENINGS (KAS#2)  U FACTOR 0.29  LEAVE WINDOW LABELS ADHERED FOR VERIFICATION BY INSPECTOR  PLANS WITH HISTORIC PRESERVATION/ZONING   SEPARATE PERMITS ARE REQUIRED FOR ELECTRICAL, PLUMBING, AN","metadescription":"Commercial. Remodel. CONDO - (4) WINDOWS AND (1) ENTRY DOOR REPLACEMENT IN EXISTING OPENINGS (KAS#2)  U FACTOR 0.29  LEAVE WINDOW LABELS ADHERED FOR VERIFICATION BY INSPECTOR  PLANS WITH HISTORIC PRESERVATION/ZONING   SEPARATE PERMITS ARE REQUIRED FOR ELECTRICAL, PLUMBING, AN. Closed","address":null,"x":"-93.2564399999999","y":"44.9858300000001","value":"16719","display":"194 BANK ST","fullname":"MARK A EVANS","issuedate":"2017/05/18 10:09:23+00","milestone":"Closed","completedate":"2018/12/14 07:17:46+00","applicantcity":"BLOOMINGTON","applicantaddress1":"1120 80TH ST EAST"},"geometry":{"type":"Point","coordinates":[-93.25644,44.98583]}},{"type":"Feature","properties":{"date":null,"year":0,"description":"ALTER TELECOMMUNICATIONS EQUIPMENT -VERIZON IS CHANGING OUT (6) OF THE EXISTING ANTENNAS WITH COMMSCOPE ANTENNAS, REMOVE (3) RRU's AND REPLACING WITH NEW RRU'S, ADD (3) RRU's WITH A2 MODULES- SUBJECT TO ZONING CONDITIONS OF APPROVAL FILE # ADR-661- ENGINE","metadescription":"Commercial. Remodel. ALTER TELECOMMUNICATIONS EQUIPMENT -VERIZON IS CHANGING OUT (6) OF THE EXISTING ANTENNAS WITH COMMSCOPE ANTENNAS, REMOVE (3) RRU's AND REPLACING WITH NEW RRU'S, ADD (3) RRU's WITH A2 MODULES- SUBJECT TO ZONING CONDITIONS OF APPROVAL FILE # ADR-661- ENGINE. Closed","address":null,"x":"-93.24773","y":"44.97274","value":"25000","display":"1501 WASHINGTON AVE S","fullname":"HUMAN DEVELOPMENT FUND","issuedate":"2016/12/23 10:49:05+00","milestone":"Closed","completedate":"2019/03/08 15:41:16+00","applicantcity":"ROCHESTOR","applicantaddress1":"2625 MONROE ST NW"},"geometry":{"type":"Point","coordinates":[-93.24773,44.97274]}},{"type":"Feature","properties":{"date":null,"year":0,"description":"Raise basment heatling lines (hydronic) into celing; rough in for two (2) wall hung radiators in basement.  No zoning at boiler","metadescription":"Mechanical. ExistRes. Raise basment heatling lines (hydronic) into celing; rough in for two (2) wall hung radiators in basement.  No zoning at boiler. Closed","address":null,"x":"-93.32008","y":"44.9680000000001","value":"0","display":"1237 LAKEVIEW AVE S","fullname":"FREESIA G CARLSON","issuedate":"2025/09/17 13:49:59+00","milestone":"Closed","completedate":"2026/02/26 13:21:27+00","applicantcity":"Plymouth","applicantaddress1":"3410 Kilmer Lane N"},"geometry":{"type":"Point","coordinates":[-93.32008,44.968]}},{"type":"Feature","properties":{"date":null,"year":0,"description":"New in-floor heat for main floor bathroom, includes zoning at boiler.","metadescription":"Mechanical. ExistRes. New in-floor heat for main floor bathroom, includes zoning at boiler.. Closed","address":null,"x":"-93.20866","y":"44.9640000000001","value":"0","display":"147 BEDFORD ST SE","fullname":"SHANE MCALLISTER","issuedate":"2026/02/24 14:21:09+00","milestone":"Closed","completedate":"2026/04/02 11:33:04+00","applicantcity":"Plymouth","applicantaddress1":"3410 Kilmer Ln N"},"geometry":{"type":"Point","coordinates":[-93.20866,44.964]}},{"type":"Feature","properties":{"date":null,"year":0,"description":"TUCKPOINTING/STONE REPLACEMENT/ PATCHING OF EXISTING SWINFORD APARTMENT BUILDING AS REQUIRED BY HERITAGE PRESERVATION COMMISSION. AAJ#     ***NOTE: SEE ATTACHED CERTIFICATE OF NO CHANGE APPROVED BY ZONING HPC STAFF FOR DETAIL SCOPE OF WORK TO BE DONE***","metadescription":"Commercial. Remodel. TUCKPOINTING/STONE REPLACEMENT/ PATCHING OF EXISTING SWINFORD APARTMENT BUILDING AS REQUIRED BY HERITAGE PRESERVATION COMMISSION. AAJ#     ***NOTE: SEE ATTACHED CERTIFICATE OF NO CHANGE APPROVED BY ZONING HPC STAFF FOR DETAIL SCOPE OF WORK TO BE DONE***. Closed","address":null,"x":"-93.28199","y":"44.9750100000001","value":"105750","display":"1225 HAWTHORNE AVE","fullname":"LAUREL VILLAGE PARTNERS","issuedate":"2018/08/22 14:18:35+00","milestone":"Closed","completedate":"2019/09/26 12:43:12+00","applicantcity":"FRIDLEY","applicantaddress1":"7701 EAST RIVER RD"},"geometry":{"type":"Point","coordinates":[-93.28199,44.97501]}},{"type":"Feature","properties":{"date":null,"year":0,"description":"REVISION 10-5-2017, NO CHNAGE IN THE VALUE OF WORK (MAA)        For Bedroom #2, we are proposing to have two  egress windows and window wells next to each other on the west side of the  house. These egress window wells will meet zoning code requirement ou","metadescription":"Res. Remodel. REVISION 10-5-2017, NO CHNAGE IN THE VALUE OF WORK (MAA)        For Bedroom #2, we are proposing to have two  egress windows and window wells next to each other on the west side of the  house. These egress window wells will meet zoning code requirement ou. Closed","address":null,"x":"-93.2952299999999","y":"44.9666","value":"3000","display":"1216 DOUGLAS AVE","fullname":"AARON M HANAUER","issuedate":"2017/09/25 11:06:35+00","milestone":"Closed","completedate":"2017/11/29 07:31:18+00","applicantcity":"Minneapolis","applicantaddress1":"1216 Douglas Ave "},"geometry":{"type":"Point","coordinates":[-93.29523,44.9666]}},{"type":"Feature","properties":{"date":null,"year":0,"description":"ADD 20'X22'  NEW ATTACHED GARAGE AT SFD (MAA #02)  PROVIDE FROST FOOTING AND ONE HOUR SEPARATION FROM HOUSE.  ***** ZONING NEEDS WINODW CALCULATIONS, NOTHING RETAINED AT THE COUNTER***","metadescription":"Res. Addition. ADD 20'X22'  NEW ATTACHED GARAGE AT SFD (MAA #02)  PROVIDE FROST FOOTING AND ONE HOUR SEPARATION FROM HOUSE.  ***** ZONING NEEDS WINODW CALCULATIONS, NOTHING RETAINED AT THE COUNTER***. Closed","address":null,"x":"-93.30357","y":"44.9898900000001","value":"40000","display":"1205 LOGAN AVE N","fullname":"JUAN S COLLAGUAZO","issuedate":"2017/08/01 13:38:14+00","milestone":"Closed","completedate":"2017/10/10 13:39:03+00","applicantcity":"Minneapolis","applicantaddress1":"1205 Logan Ave N"},"geometry":{"type":"Point","coordinates":[-93.30357,44.98989]}},{"type":"Feature","properties":{"date":null,"year":0,"description":"CONVERT EXISTING 34'0\" X 22'0\" DETACHED GARAGE WITH LOFT ABOVE TO NEW ADU. AAJ#2.        ***09/30/2021 - COMPLETE PLAN REVIEW PROCESS FOR REVISIONS AFTER PERMIT ISSUANCE CYCLE #2 FOR EXPLANATION OF WINDOW RELOCATION FOR ZONING APPROVAL AND SIGNED OFF IN B","metadescription":"Res. Remodel. CONVERT EXISTING 34'0\" X 22'0\" DETACHED GARAGE WITH LOFT ABOVE TO NEW ADU. AAJ#2.        ***09/30/2021 - COMPLETE PLAN REVIEW PROCESS FOR REVISIONS AFTER PERMIT ISSUANCE CYCLE #2 FOR EXPLANATION OF WINDOW RELOCATION FOR ZONING APPROVAL AND SIGNED OFF IN B. Closed","address":null,"x":"-93.31683","y":"44.9908600000001","value":"81000","display":"1222 WASHBURN AVE N","fullname":"BRITTANY M LEWIS TRUST","issuedate":"2019/11/08 13:19:58+00","milestone":"Closed","completedate":"2020/07/21 08:16:25+00","applicantcity":"Minneapolis","applicantaddress1":"1222 Washburn Ave N"},"geometry":{"type":"Point","coordinates":[-93.31683,44.99086]}},{"type":"Feature","properties":{"date":null,"year":0,"description":"THE BASEMENT WAS BUILT WITHOUT PERMIT AS A 2ND UNIT. AS PER ZONING REMOVE KITCHEN. WANT TO LEAGALIZE BASEMENT BED ROOM AR SFD (MAA #02)  INSPECTOR TO VERIFY THE LEGAL REUIREMENT OF BED ROOM   SEPARATE PERMITS ARE REQUIRED FOR ELECTRICAL, PLUMBING, AND HEA","metadescription":"Res. Remodel. THE BASEMENT WAS BUILT WITHOUT PERMIT AS A 2ND UNIT. AS PER ZONING REMOVE KITCHEN. WANT TO LEAGALIZE BASEMENT BED ROOM AR SFD (MAA #02)  INSPECTOR TO VERIFY THE LEGAL REUIREMENT OF BED ROOM   SEPARATE PERMITS ARE REQUIRED FOR ELECTRICAL, PLUMBING, AND HEA. Closed","address":null,"x":"-93.2211599999999","y":"44.9910400000001","value":"10000","display":"1100 22ND AVE SE","fullname":"JOANNE M BJORGE","issuedate":"2018/04/02 15:36:39+00","milestone":"Closed","completedate":"2019/08/01 09:25:47+00","applicantcity":"Minneapolis","applicantaddress1":"601 Main St SE #319"},"geometry":{"type":"Point","coordinates":[-93.22116,44.99104]}},{"type":"Feature","properties":{"date":null,"year":0,"description":"Install wall hung radiator no zoning work at boiler","metadescription":"Mechanical. ExistRes. Install wall hung radiator no zoning work at boiler. Closed","address":null,"x":"-93.24349","y":"45.0123800000001","value":"0","display":"1101 24TH AVE NE","fullname":"JOSHUA BUCHER","issuedate":"2025/08/28 09:03:43+00","milestone":"Closed","completedate":"2025/09/02 08:06:51+00","applicantcity":"Plymouth","applicantaddress1":"3410 Kilmer Lane N"},"geometry":{"type":"Point","coordinates":[-93.24349,45.01238]}},{"type":"Feature","properties":{"date":null,"year":0,"description":"REPLACING 30 EXISTING WINDOWS, AND INFILLING 30 WINDOWS.  DRAWINGS MUST BE REVIEWED BY ZONING.   (JJL)","metadescription":"Commercial. Remodel. REPLACING 30 EXISTING WINDOWS, AND INFILLING 30 WINDOWS.  DRAWINGS MUST BE REVIEWED BY ZONING.   (JJL). Closed","address":null,"x":"-93.20762","y":"44.98967","value":"12000","display":"1064 33RD AVE SE","fullname":"LANCE P JOHNSON","issuedate":"2018/09/27 12:46:42+00","milestone":"Closed","completedate":"2020/07/21 10:30:58+00","applicantcity":"BLOOMINGTON","applicantaddress1":"8826 DUPONT AVE S"},"geometry":{"type":"Point","coordinates":[-93.20762,44.98967]}}]}
