{"type":"FeatureCollection","features":[{"type":"Feature","properties":{"date":"2015-06-08T04:00:00.000Z","year":2015,"description":"new sf residence w/att garage porch EUD BeeCaves.","metadescription":"EP. New. new sf residence w/att garage porch EUD BeeCaves.. Final. 16016 VILLA FRONTERA DR","address":"16016 VILLA FRONTERA DR","link":"https://abc.austintexas.gov/web/permit/public-search-other?t_detail=1&t_selected_folderrsn=11359449","tcad_id":"0121800542","location":"    (30.31029537, -97.99663807)","day_issued":"MONDAY","project_id":"11359449","condominium":"No","status_date":"08/31/2015","jurisdiction":"BEE CAVE ETJ","housing_units":"1","contractor_zip":"78664","contractor_city":"Round Rock","issuance_method":"Permit Center","contractor_phone":"5127786240","contractor_trade":"Electrical Contractor","number_of_floors":"1","permit_type_desc":"Electrical Permit","fiscal_year_issued":"2015","total_new_add_sqft":"2,724","permit_class_mapped":"Residential","contractor_address_2":"16808  Radho","contractor_full_name":"Seth Robinson","issued_in_last_30_days":"No","certificate_of_occupancy":"No","property_legal_description":"LOT 43 BLK H BELLA COLINAS SEC 78& 9"},"geometry":{"type":"Point","coordinates":[-97.99663807,30.31029537]}},{"type":"Feature","properties":{"date":"2015-05-28T04:00:00.000Z","year":2015,"description":"new sf residence w/att garage porch EUD BeeCaves.","metadescription":"EP. New. new sf residence w/att garage porch EUD BeeCaves.. Final. 5732 SIRAGUSA DR","address":"5732 SIRAGUSA DR","link":"https://abc.austintexas.gov/web/permit/public-search-other?t_detail=1&t_selected_folderrsn=11359435","tcad_id":"0119800404","location":"    (30.30933462, -97.99432525)","day_issued":"THURSDAY","project_id":"11359435","condominium":"No","status_date":"08/27/2015","jurisdiction":"BEE CAVE ETJ","housing_units":"1","contractor_zip":"78664","contractor_city":"Round Rock","issuance_method":"Permit Center","contractor_phone":"5127786240","contractor_trade":"Electrical Contractor","number_of_floors":"1","permit_type_desc":"Electrical Permit","fiscal_year_issued":"2015","total_new_add_sqft":"2,724","permit_class_mapped":"Residential","contractor_address_2":"16808  Radho","contractor_full_name":"Seth Robinson","issued_in_last_30_days":"No","certificate_of_occupancy":"No","property_legal_description":"LOT 17 BLK I BELLA COLINAS SEC 78& 9"},"geometry":{"type":"Point","coordinates":[-97.99432525,30.30933462]}},{"type":"Feature","properties":{"date":"2015-05-28T04:00:00.000Z","year":2015,"description":"new sf residence w/att garage porch EUD BeeCaves.","metadescription":"EP. New. new sf residence w/att garage porch EUD BeeCaves.. Final. 16008 VILLA FRONTERA DR","address":"16008 VILLA FRONTERA DR","link":"https://abc.austintexas.gov/web/permit/public-search-other?t_detail=1&t_selected_folderrsn=11359440","tcad_id":"0121800540","location":"    (30.31063813, -97.99658222)","day_issued":"THURSDAY","project_id":"11359440","condominium":"No","status_date":"08/13/2015","jurisdiction":"BEE CAVE ETJ","housing_units":"1","contractor_zip":"78664","contractor_city":"Round Rock","issuance_method":"Permit Center","contractor_phone":"5127786240","contractor_trade":"Electrical Contractor","number_of_floors":"1","permit_type_desc":"Electrical Permit","fiscal_year_issued":"2015","total_new_add_sqft":"3,345","permit_class_mapped":"Residential","contractor_address_2":"16808  Radho","contractor_full_name":"Seth Robinson","issued_in_last_30_days":"No","certificate_of_occupancy":"No","property_legal_description":"LOT 41 BLK H BELLA COLINAS SEC 78& 9"},"geometry":{"type":"Point","coordinates":[-97.99658222,30.31063813]}},{"type":"Feature","properties":{"date":"2015-05-28T04:00:00.000Z","year":2015,"description":"new sf residence w/att garage porch EUD BeeCaves.","metadescription":"EP. New. new sf residence w/att garage porch EUD BeeCaves.. Final. 16012 VILLA FRONTERA DR","address":"16012 VILLA FRONTERA DR","link":"https://abc.austintexas.gov/web/permit/public-search-other?t_detail=1&t_selected_folderrsn=11359438","tcad_id":"0121800541","location":"    (30.31047669, -97.99662734)","day_issued":"THURSDAY","project_id":"11359438","condominium":"No","status_date":"08/31/2015","jurisdiction":"BEE CAVE ETJ","housing_units":"1","contractor_zip":"78664","contractor_city":"Round Rock","issuance_method":"Permit Center","contractor_phone":"5127786240","contractor_trade":"Electrical Contractor","number_of_floors":"1","permit_type_desc":"Electrical Permit","fiscal_year_issued":"2015","total_new_add_sqft":"3,075","permit_class_mapped":"Residential","contractor_address_2":"16808  Radho","contractor_full_name":"Seth Robinson","issued_in_last_30_days":"No","certificate_of_occupancy":"No","property_legal_description":"LOT 42 BLK H BELLA COLINAS SEC 78& 9"},"geometry":{"type":"Point","coordinates":[-97.99662734,30.31047669]}},{"type":"Feature","properties":{"date":"2014-11-12T05:00:00.000Z","year":2014,"description":"new 1stry residence w/att garage porch EUD (Beecaves)","metadescription":"EP. New. new 1stry residence w/att garage porch EUD (Beecaves). Final. 4001 GANDARA BND","address":"4001 GANDARA BND","link":"https://abc.austintexas.gov/web/permit/public-search-other?t_detail=1&t_selected_folderrsn=11249179","tcad_id":"0123680124","location":"    (30.31799447, -97.96076997)","day_issued":"WEDNESDAY","project_id":"11249179","condominium":"No","status_date":"03/06/2015","jurisdiction":"BEE CAVE FULL PURPOSE","housing_units":"1","contractor_zip":"78691-____","contractor_city":"PFLUGERVILLE","issuance_method":"Permit Center","contractor_phone":"5128328900","contractor_trade":"Electrical Contractor","number_of_floors":"1","permit_type_desc":"Electrical Permit","fiscal_year_issued":"2015","total_new_add_sqft":"2,718","permit_class_mapped":"Residential","contractor_address_1":"PO BOX 3289","contractor_full_name":"Bryan Neal","issued_in_last_30_days":"No","certificate_of_occupancy":"No","property_legal_description":"LOT 47 BLK B LADERA PHS 1"},"geometry":{"type":"Point","coordinates":[-97.96076997,30.31799447]}},{"type":"Feature","properties":{"date":"2014-10-22T04:00:00.000Z","year":2014,"description":"New 3 Stry Sf res w/ atted garage & covrd porch / patio. Electrical service only. EUD","metadescription":"EP. New. New 3 Stry Sf res w/ atted garage & covrd porch / patio. Electrical service only. EUD. Withdrawn. 13516 GALLERIA CIR","address":"13516 GALLERIA CIR","link":"https://abc.austintexas.gov/web/permit/public-search-other?t_detail=1&t_selected_folderrsn=11239306","tcad_id":"0121600802","location":"    (30.30924955, -97.93818501)","day_issued":"WEDNESDAY","project_id":"11239306","condominium":"No","status_date":"09/16/2015","jurisdiction":"BEE CAVE FULL PURPOSE","housing_units":"1","contractor_zip":"78634-____","contractor_city":"HUTTO","issuance_method":"Permit Center","contractor_phone":"5123825753","contractor_trade":"Electrical Contractor","number_of_floors":"3","permit_type_desc":"Electrical Permit","fiscal_year_issued":"2015","total_new_add_sqft":"3,114","permit_class_mapped":"Residential","contractor_address_2":"629  W FRONT","contractor_full_name":"Calvin Lockhart","issued_in_last_30_days":"No","certificate_of_occupancy":"No","property_legal_description":"LOT 17-B BLK A GALLERIA TOWNHOMES PHS 1"},"geometry":{"type":"Point","coordinates":[-97.93818501,30.30924955]}},{"type":"Feature","properties":{"date":"2014-09-12T04:00:00.000Z","year":2014,"description":"new 1stry residence w/att garage porch EUD beecaves","metadescription":"EP. New. new 1stry residence w/att garage porch EUD beecaves. Final. 3605 ROYAL SAGE DR","address":"3605 ROYAL SAGE DR","link":"https://abc.austintexas.gov/web/permit/public-search-other?t_detail=1&t_selected_folderrsn=11215498","tcad_id":"0125680502","location":"    (30.3196507, -97.95872259)","day_issued":"FRIDAY","project_id":"11215498","condominium":"No","status_date":"02/06/2015","jurisdiction":"BEE CAVE FULL PURPOSE","housing_units":"1","contractor_zip":"78634-____","contractor_city":"HUTTO","issuance_method":"Permit Center","contractor_phone":"5123825753","contractor_trade":"Electrical Contractor","number_of_floors":"1","permit_type_desc":"Electrical Permit","fiscal_year_issued":"2014","total_new_add_sqft":"2,419","permit_class_mapped":"Residential","contractor_address_2":"629  W FRONT","contractor_full_name":"Calvin Lockhart","issued_in_last_30_days":"No","certificate_of_occupancy":"No","property_legal_description":"UNT MASTER UNIT 1 MORNINGSIDE MASTER CONDOMINIUMS AMENDED PLUS 65.3 % INT IN COM AREA"},"geometry":{"type":"Point","coordinates":[-97.95872259,30.3196507]}},{"type":"Feature","properties":{"date":"2014-08-14T04:00:00.000Z","year":2014,"description":"new 1stry residence w/att garage porch EUD BEECAVES","metadescription":"EP. New. new 1stry residence w/att garage porch EUD BEECAVES. Final. 3700 VINALOPO DR","address":"3700 VINALOPO DR","link":"https://abc.austintexas.gov/web/permit/public-search-other?t_detail=1&t_selected_folderrsn=11199682","tcad_id":"0123680134","location":"    (30.319367, -97.9615224)","day_issued":"THURSDAY","project_id":"11199682","condominium":"No","status_date":"11/13/2014","jurisdiction":"BEE CAVE FULL PURPOSE","housing_units":"1","contractor_zip":"78691-____","contractor_city":"PFLUGERVILLE","issuance_method":"Permit Center","contractor_phone":"5128328900","contractor_trade":"Electrical Contractor","number_of_floors":"1","permit_type_desc":"Electrical Permit","fiscal_year_issued":"2014","total_new_add_sqft":"2,798","permit_class_mapped":"Residential","contractor_address_1":"PO BOX 3289","contractor_full_name":"Bryan Neal","issued_in_last_30_days":"No","certificate_of_occupancy":"No","property_legal_description":"LOT 34 BLK B LADERA PHS 3B"},"geometry":{"type":"Point","coordinates":[-97.9615224,30.319367]}},{"type":"Feature","properties":{"date":"2014-08-14T04:00:00.000Z","year":2014,"description":"new 1stry residence w/att garage porch EUD BEECAVES","metadescription":"EP. New. new 1stry residence w/att garage porch EUD BEECAVES. Final. 3804 VINALOPO DR","address":"3804 VINALOPO DR","link":"https://abc.austintexas.gov/web/permit/public-search-other?t_detail=1&t_selected_folderrsn=11199680","tcad_id":"0123700170","location":"    (30.31814274, -97.96224356)","day_issued":"THURSDAY","project_id":"11199680","condominium":"No","status_date":"12/10/2014","jurisdiction":"BEE CAVE FULL PURPOSE","housing_units":"1","contractor_zip":"78691-____","contractor_city":"PFLUGERVILLE","issuance_method":"Permit Center","contractor_phone":"5128328900","contractor_trade":"Electrical Contractor","number_of_floors":"1","permit_type_desc":"Electrical Permit","fiscal_year_issued":"2014","total_new_add_sqft":"2,376","permit_class_mapped":"Residential","contractor_address_1":"PO BOX 3289","contractor_full_name":"Bryan Neal","issued_in_last_30_days":"No","certificate_of_occupancy":"No","property_legal_description":"LOT 26 BLK B LADERA PHS 3B"},"geometry":{"type":"Point","coordinates":[-97.96224356,30.31814274]}},{"type":"Feature","properties":{"date":"2014-06-19T04:00:00.000Z","year":2014,"description":"new sf residence w/att garage and patio and porch EUD BeeCaves","metadescription":"EP. New. new sf residence w/att garage and patio and porch EUD BeeCaves. Final. 3607 ROYAL SAGE DR","address":"3607 ROYAL SAGE DR","link":"https://abc.austintexas.gov/web/permit/public-search-other?t_detail=1&t_selected_folderrsn=11166811","tcad_id":"0125680502","location":"    (30.31991659, -97.95867484)","day_issued":"THURSDAY","project_id":"11166811","condominium":"No","status_date":"01/15/2015","jurisdiction":"BEE CAVE FULL PURPOSE","housing_units":"1","contractor_zip":"78634-____","contractor_city":"HUTTO","issuance_method":"Permit Center","contractor_phone":"5123825753","contractor_trade":"Electrical Contractor","number_of_floors":"1","permit_type_desc":"Electrical Permit","fiscal_year_issued":"2014","total_new_add_sqft":"2,694","permit_class_mapped":"Residential","contractor_address_2":"629  W FRONT","contractor_full_name":"Calvin Lockhart","issued_in_last_30_days":"No","certificate_of_occupancy":"No","property_legal_description":"UNT MASTER UNIT 1 MORNINGSIDE MASTER CONDOMINIUMS AMENDED PLUS 65.3 % INT IN COM AREA"},"geometry":{"type":"Point","coordinates":[-97.95867484,30.31991659]}},{"type":"Feature","properties":{"date":"2014-05-19T04:00:00.000Z","year":2014,"description":"New 1 Stry Sf res w/ atted garage & covrd porch / patio.","metadescription":"EP. New. New 1 Stry Sf res w/ atted garage & covrd porch / patio.. Final. 13810 YELLOW BELL BND","address":"13810 YELLOW BELL BND","link":"https://abc.austintexas.gov/web/permit/public-search-other?t_detail=1&t_selected_folderrsn=11151124","tcad_id":"0125680501","location":"    (30.32058793, -97.95972981)","day_issued":"MONDAY","project_id":"11151124","condominium":"No","status_date":"11/20/2014","jurisdiction":"BEE CAVE FULL PURPOSE","housing_units":"1","contractor_zip":"78634-____","contractor_city":"HUTTO","issuance_method":"Permit Center","contractor_phone":"5123825753","contractor_trade":"Electrical Contractor","number_of_floors":"1","permit_type_desc":"Electrical Permit","fiscal_year_issued":"2014","total_new_add_sqft":"2,661","permit_class_mapped":"Residential","contractor_address_2":"629  W FRONT","contractor_full_name":"Calvin Lockhart","issued_in_last_30_days":"No","certificate_of_occupancy":"No"},"geometry":{"type":"Point","coordinates":[-97.95972981,30.32058793]}},{"type":"Feature","properties":{"date":"2014-03-10T04:00:00.000Z","year":2014,"description":"New 1 Stry SF res w/ atted garage & covrd patio / porch. Electrical service only. EUD.","metadescription":"EP. New. New 1 Stry SF res w/ atted garage & covrd patio / porch. Electrical service only. EUD.. Final. 13803 YELLOW BELL BND","address":"13803 YELLOW BELL BND","link":"https://abc.austintexas.gov/web/permit/public-search-other?t_detail=1&t_selected_folderrsn=11103201","tcad_id":"0125680501","location":"    (30.32016522, -97.96066588)","day_issued":"MONDAY","project_id":"11103201","condominium":"No","status_date":"07/23/2014","jurisdiction":"BEE CAVE FULL PURPOSE","housing_units":"1","contractor_zip":"78634-____","contractor_city":"HUTTO","issuance_method":"Permit Center","contractor_phone":"5123825753","contractor_trade":"Electrical Contractor","number_of_floors":"1","permit_type_desc":"Electrical Permit","fiscal_year_issued":"2014","total_new_add_sqft":"2,259","permit_class_mapped":"Residential","contractor_address_2":"629  W FRONT","contractor_full_name":"Calvin Lockhart","issued_in_last_30_days":"No","certificate_of_occupancy":"No"},"geometry":{"type":"Point","coordinates":[-97.96066588,30.32016522]}},{"type":"Feature","properties":{"date":"2014-01-10T05:00:00.000Z","year":2014,"description":"New 2stry residence w/att garage porch covd patio EUD (BeeCaves)","metadescription":"EP. New. New 2stry residence w/att garage porch covd patio EUD (BeeCaves). Final. 3904 TORDERA DR","address":"3904 TORDERA DR","link":"https://abc.austintexas.gov/web/permit/public-search-other?t_detail=1&t_selected_folderrsn=11074020","tcad_id":"0123680801","location":"    (30.31658159, -97.96155283)","day_issued":"FRIDAY","project_id":"11074020","condominium":"No","status_date":"05/23/2014","jurisdiction":"BEE CAVE FULL PURPOSE","housing_units":"1","contractor_zip":"78691-____","contractor_city":"PFLUGERVILLE","issuance_method":"Permit Center","contractor_phone":"5128328900","contractor_trade":"Electrical Contractor","number_of_floors":"2","permit_type_desc":"Electrical Permit","fiscal_year_issued":"2014","total_new_add_sqft":"3,104","permit_class_mapped":"Residential","contractor_address_1":"PO BOX 3289","contractor_full_name":"Bryan Neal","issued_in_last_30_days":"No","certificate_of_occupancy":"No","property_legal_description":"LOT 33 BLK A LADERA PHS 3A"},"geometry":{"type":"Point","coordinates":[-97.96155283,30.31658159]}},{"type":"Feature","properties":{"date":"2014-01-10T05:00:00.000Z","year":2014,"description":"New 1stry residence w/att garage porch EUD (BeeCaves)","metadescription":"EP. New. New 1stry residence w/att garage porch EUD (BeeCaves). Final. 3809 TORDERA DR","address":"3809 TORDERA DR","link":"https://abc.austintexas.gov/web/permit/public-search-other?t_detail=1&t_selected_folderrsn=11074013","tcad_id":"0123680422","location":"    (30.31741796, -97.96112334)","day_issued":"FRIDAY","project_id":"11074013","condominium":"No","status_date":"05/27/2014","jurisdiction":"BEE CAVE FULL PURPOSE","housing_units":"1","contractor_zip":"78691-____","contractor_city":"PFLUGERVILLE","issuance_method":"Permit Center","contractor_phone":"5128328900","contractor_trade":"Electrical Contractor","number_of_floors":"1","permit_type_desc":"Electrical Permit","fiscal_year_issued":"2014","total_new_add_sqft":"2,567","permit_class_mapped":"Residential","contractor_address_1":"PO BOX 3289","contractor_full_name":"Bryan Neal","issued_in_last_30_days":"No","certificate_of_occupancy":"No","property_legal_description":"LOT 22 BLK C LADERA PHS 3A"},"geometry":{"type":"Point","coordinates":[-97.96112334,30.31741796]}},{"type":"Feature","properties":{"date":"2014-01-10T05:00:00.000Z","year":2014,"description":"New 1stry residence w/att garage porch EUD (BeeCaves)","metadescription":"EP. New. New 1stry residence w/att garage porch EUD (BeeCaves). Final. 4009 TORDERA DR","address":"4009 TORDERA DR","link":"https://abc.austintexas.gov/web/permit/public-search-other?t_detail=1&t_selected_folderrsn=11074022","tcad_id":"0123680413","location":"    (30.31614645, -97.96062838)","day_issued":"FRIDAY","project_id":"11074022","condominium":"No","status_date":"05/27/2014","jurisdiction":"BEE CAVE FULL PURPOSE","housing_units":"1","contractor_zip":"78691-____","contractor_city":"PFLUGERVILLE","issuance_method":"Permit Center","contractor_phone":"5128328900","contractor_trade":"Electrical Contractor","number_of_floors":"1","permit_type_desc":"Electrical Permit","fiscal_year_issued":"2014","total_new_add_sqft":"2,782","permit_class_mapped":"Residential","contractor_address_1":"PO BOX 3289","contractor_full_name":"Bryan Neal","issued_in_last_30_days":"No","certificate_of_occupancy":"No","property_legal_description":"LOT 11 BLK C LADERA PHS 3A"},"geometry":{"type":"Point","coordinates":[-97.96062838,30.31614645]}},{"type":"Feature","properties":{"date":"2014-01-10T05:00:00.000Z","year":2014,"description":"New 2stry residence w/att garage porch covd patio EUD (BeeCaves)","metadescription":"EP. New. New 2stry residence w/att garage porch covd patio EUD (BeeCaves). Final. 3832 TORDERA DR","address":"3832 TORDERA DR","link":"https://abc.austintexas.gov/web/permit/public-search-other?t_detail=1&t_selected_folderrsn=11074015","tcad_id":"0123700206","location":"    (30.31669613, -97.96194626)","day_issued":"FRIDAY","project_id":"11074015","condominium":"No","status_date":"06/05/2014","jurisdiction":"BEE CAVE FULL PURPOSE","housing_units":"1","contractor_zip":"78691-____","contractor_city":"PFLUGERVILLE","issuance_method":"Permit Center","contractor_phone":"5128328900","contractor_trade":"Electrical Contractor","number_of_floors":"2","permit_type_desc":"Electrical Permit","fiscal_year_issued":"2014","total_new_add_sqft":"3,104","permit_class_mapped":"Residential","contractor_address_1":"PO BOX 3289","contractor_full_name":"Bryan Neal","issued_in_last_30_days":"No","certificate_of_occupancy":"No","property_legal_description":"LOT 31 BLK A LADERA PHS 3A"},"geometry":{"type":"Point","coordinates":[-97.96194626,30.31669613]}},{"type":"Feature","properties":{"date":"2014-01-03T05:00:00.000Z","year":2014,"description":"new 1stry residence w/att garage porch and patio EUD","metadescription":"EP. New. new 1stry residence w/att garage porch and patio EUD. Final. 13801 YELLOW BELL BND","address":"13801 YELLOW BELL BND","link":"https://abc.austintexas.gov/web/permit/public-search-other?t_detail=1&t_selected_folderrsn=11071780","tcad_id":"0125680501","location":"    (30.3199618, -97.96067088)","day_issued":"FRIDAY","project_id":"11071780","condominium":"No","status_date":"05/02/2014","jurisdiction":"BEE CAVE FULL PURPOSE","housing_units":"1","contractor_zip":"78634-____","contractor_city":"HUTTO","issuance_method":"Permit Center","contractor_phone":"5123825753","contractor_trade":"Electrical Contractor","number_of_floors":"1","permit_type_desc":"Electrical Permit","fiscal_year_issued":"2014","total_new_add_sqft":"2,205","permit_class_mapped":"Residential","contractor_address_2":"629  W FRONT","contractor_full_name":"Calvin Lockhart","issued_in_last_30_days":"No","certificate_of_occupancy":"No"},"geometry":{"type":"Point","coordinates":[-97.96067088,30.3199618]}},{"type":"Feature","properties":{"date":"2013-12-18T05:00:00.000Z","year":2013,"description":"New 1 Stry SF res w/ atted garage & covrd porch. Electrical service only. eud","metadescription":"EP. New. New 1 Stry SF res w/ atted garage & covrd porch. Electrical service only. eud. Final. 3913 VINALOPO DR","address":"3913 VINALOPO DR","link":"https://abc.austintexas.gov/web/permit/public-search-other?t_detail=1&t_selected_folderrsn=11066423","tcad_id":"0123700218","location":"    (30.31661632, -97.96268682)","day_issued":"WEDNESDAY","project_id":"11066423","condominium":"No","status_date":"05/27/2014","jurisdiction":"BEE CAVE FULL PURPOSE","housing_units":"1","contractor_zip":"78691-____","contractor_city":"PFLUGERVILLE","issuance_method":"Permit Center","contractor_phone":"5128328900","contractor_trade":"Electrical Contractor","number_of_floors":"1","permit_type_desc":"Electrical Permit","fiscal_year_issued":"2014","total_new_add_sqft":"3,402","permit_class_mapped":"Residential","contractor_address_1":"PO BOX 3289","contractor_full_name":"Bryan Neal","issued_in_last_30_days":"No","certificate_of_occupancy":"No","property_legal_description":"LOT 12 BLK A LADERA PHS 3A"},"geometry":{"type":"Point","coordinates":[-97.96268682,30.31661632]}},{"type":"Feature","properties":{"date":"2013-11-26T05:00:00.000Z","year":2013,"description":"New 2stry residence w/att garage porch and patio EUD (BeeCaves)","metadescription":"EP. New. New 2stry residence w/att garage porch and patio EUD (BeeCaves). Final. 4713 GALLEGO CIR","address":"4713 GALLEGO CIR","link":"https://abc.austintexas.gov/web/permit/public-search-other?t_detail=1&t_selected_folderrsn=11055402","tcad_id":"0121700605","location":"    (30.31459852, -97.9630312)","day_issued":"TUESDAY","project_id":"11055402","condominium":"No","status_date":"05/27/2014","jurisdiction":"BEE CAVE FULL PURPOSE","housing_units":"1","contractor_zip":"78691-____","contractor_city":"PFLUGERVILLE","issuance_method":"Permit Center","contractor_phone":"5128328900","contractor_trade":"Electrical Contractor","number_of_floors":"1","permit_type_desc":"Electrical Permit","fiscal_year_issued":"2014","total_new_add_sqft":"4,289","permit_class_mapped":"Residential","contractor_address_1":"PO BOX 3289","contractor_full_name":"Bryan Neal","issued_in_last_30_days":"No","certificate_of_occupancy":"No","property_legal_description":"LOT 33 BLK B LADERA PHS 4A"},"geometry":{"type":"Point","coordinates":[-97.9630312,30.31459852]}},{"type":"Feature","properties":{"date":"2013-11-26T05:00:00.000Z","year":2013,"description":"New 2 Stry Sf Res w/attached garage/porch/covered patio.Electrical Service Only. EUD","metadescription":"EP. New. New 2 Stry Sf Res w/attached garage/porch/covered patio.Electrical Service Only. EUD. Final. 15308 HARRIER MARSH DR","address":"15308 HARRIER MARSH DR","link":"https://abc.austintexas.gov/web/permit/public-search-other?t_detail=1&t_selected_folderrsn=10550258","tcad_id":"0125760402","location":"    (30.32279635, -97.97941934)","day_issued":"TUESDAY","project_id":"10550258","condominium":"No","status_date":"11/26/2013","jurisdiction":"BEE CAVE FULL PURPOSE","housing_units":"1","contractor_zip":"78691-____","contractor_city":"PFLUGERVILLE","issuance_method":"Permit Center","contractor_phone":"5128328900","contractor_trade":"Electrical Contractor","number_of_floors":"2","permit_type_desc":"Electrical Permit","fiscal_year_issued":"2014","total_new_add_sqft":"5,629","permit_class_mapped":"Residential","contractor_address_1":"PO BOX 3289","contractor_full_name":"Bryan Neal","issued_in_last_30_days":"No","certificate_of_occupancy":"No","property_legal_description":"LOT 49 BLK C FALCONHEAD WEST PHS 1 SEC 2 & PHS 2"},"geometry":{"type":"Point","coordinates":[-97.97941934,30.32279635]}},{"type":"Feature","properties":{"date":"2013-11-25T05:00:00.000Z","year":2013,"description":"new 2stry residence w/att garage cvd porch and patio EUD (BeeCaves)","metadescription":"EP. New. new 2stry residence w/att garage cvd porch and patio EUD (BeeCaves). Final. 4716 GALLEGO CIR","address":"4716 GALLEGO CIR","link":"https://abc.austintexas.gov/web/permit/public-search-other?t_detail=1&t_selected_folderrsn=11055391","tcad_id":"0121700704","location":"    (30.31415652, -97.96322274)","day_issued":"MONDAY","project_id":"11055391","condominium":"No","status_date":"05/09/2014","jurisdiction":"BEE CAVE FULL PURPOSE","housing_units":"1","contractor_zip":"78691-____","contractor_city":"PFLUGERVILLE","issuance_method":"Permit Center","contractor_phone":"5128328900","contractor_trade":"Electrical Contractor","number_of_floors":"1","permit_type_desc":"Electrical Permit","fiscal_year_issued":"2014","total_new_add_sqft":"4,289","permit_class_mapped":"Residential","contractor_address_1":"PO BOX 3289","contractor_full_name":"Bryan Neal","issued_in_last_30_days":"No","certificate_of_occupancy":"No","property_legal_description":"LOT 15 BLK A LADERA PHS 4A"},"geometry":{"type":"Point","coordinates":[-97.96322274,30.31415652]}},{"type":"Feature","properties":{"date":"2013-10-15T04:00:00.000Z","year":2013,"description":"New 2 Stry Sf res w/ atted garage & covrd porch / patio. Electrical service only. EUD","metadescription":"EP. New. New 2 Stry Sf res w/ atted garage & covrd porch / patio. Electrical service only. EUD. Final. 14417 LADERA BLVD","address":"14417 LADERA BLVD","link":"https://abc.austintexas.gov/web/permit/public-search-other?t_detail=1&t_selected_folderrsn=11032415","tcad_id":"0121680511","location":"    (30.31451517, -97.96135002)","day_issued":"TUESDAY","project_id":"11032415","condominium":"No","status_date":"04/01/2014","jurisdiction":"BEE CAVE FULL PURPOSE","housing_units":"1","contractor_zip":"78691-____","contractor_city":"PFLUGERVILLE","issuance_method":"Permit Center","contractor_phone":"5128328900","contractor_trade":"Electrical Contractor","number_of_floors":"1","permit_type_desc":"Electrical Permit","fiscal_year_issued":"2014","total_new_add_sqft":"3,179","permit_class_mapped":"Residential","contractor_address_1":"PO BOX 3289","contractor_full_name":"Bryan Neal","issued_in_last_30_days":"No","certificate_of_occupancy":"No","property_legal_description":"LOT 15 BLK D LADERA PHS 3A"},"geometry":{"type":"Point","coordinates":[-97.96135002,30.31451517]}},{"type":"Feature","properties":{"date":"2013-10-14T04:00:00.000Z","year":2013,"description":"New 1 Stry SF res w/ atted garage & covrd porch. Electrical service only. EUD","metadescription":"EP. New. New 1 Stry SF res w/ atted garage & covrd porch. Electrical service only. EUD. Final. 4108 VINALOPO DR","address":"4108 VINALOPO DR","link":"https://abc.austintexas.gov/web/permit/public-search-other?t_detail=1&t_selected_folderrsn=11031829","tcad_id":"0123700158","location":"    (30.3152108, -97.96193521)","day_issued":"MONDAY","project_id":"11031829","condominium":"No","status_date":"02/12/2014","jurisdiction":"BEE CAVE FULL PURPOSE","housing_units":"1","contractor_zip":"78691-____","contractor_city":"PFLUGERVILLE","issuance_method":"Permit Center","contractor_phone":"5128328900","contractor_trade":"Electrical Contractor","number_of_floors":"1","permit_type_desc":"Electrical Permit","fiscal_year_issued":"2014","total_new_add_sqft":"3,215","permit_class_mapped":"Residential","contractor_address_1":"PO BOX 3289","contractor_full_name":"Bryan Neal","issued_in_last_30_days":"No","certificate_of_occupancy":"No","property_legal_description":"LOT 4 BLK B LADERA PHS 3A"},"geometry":{"type":"Point","coordinates":[-97.96193521,30.3152108]}},{"type":"Feature","properties":{"date":"2013-09-13T04:00:00.000Z","year":2013,"description":"New 1 Stry SF res w/ atted garage & covrd porch. Electrical service only. EUD","metadescription":"EP. New. New 1 Stry SF res w/ atted garage & covrd porch. Electrical service only. EUD. Final. 3900 TORDERA DR","address":"3900 TORDERA DR","link":"https://abc.austintexas.gov/web/permit/public-search-other?t_detail=1&t_selected_folderrsn=11016443","tcad_id":"0123700207","location":"    (30.31663973, -97.96172257)","day_issued":"FRIDAY","project_id":"11016443","condominium":"No","status_date":"04/09/2014","jurisdiction":"BEE CAVE FULL PURPOSE","housing_units":"1","contractor_zip":"78691-____","contractor_city":"PFLUGERVILLE","issuance_method":"Permit Center","contractor_phone":"5128328900","contractor_trade":"Electrical Contractor","number_of_floors":"1","permit_type_desc":"Electrical Permit","fiscal_year_issued":"2013","total_new_add_sqft":"2,545","permit_class_mapped":"Residential","contractor_address_1":"PO BOX 3289","contractor_full_name":"Bryan Neal","issued_in_last_30_days":"No","certificate_of_occupancy":"No","property_legal_description":"LOT 32 BLK A LADERA PHS 3A"},"geometry":{"type":"Point","coordinates":[-97.96172257,30.31663973]}},{"type":"Feature","properties":{"date":"2013-05-16T04:00:00.000Z","year":2013,"description":"New 2 Stry Sf Res w/attached garage/porch/patio.Electric Service Only.EUD","metadescription":"EP. New. New 2 Stry Sf Res w/attached garage/porch/patio.Electric Service Only.EUD. Final. 4312 FALCONHEAD NEST DR","address":"4312 FALCONHEAD NEST DR","link":"https://abc.austintexas.gov/web/permit/public-search-other?t_detail=1&t_selected_folderrsn=10949857","tcad_id":"0123730704","location":"    (30.32016389, -97.97131742)","day_issued":"THURSDAY","project_id":"10949857","condominium":"No","status_date":"09/30/2013","jurisdiction":"BEE CAVE FULL PURPOSE","housing_units":"1","contractor_zip":"78634-____","contractor_city":"HUTTO","issuance_method":"Permit Center","contractor_phone":"5123825753","contractor_trade":"Electrical Contractor","number_of_floors":"2","permit_type_desc":"Electrical Permit","fiscal_year_issued":"2013","total_new_add_sqft":"3,078","permit_class_mapped":"Residential","contractor_address_2":"629  W FRONT","contractor_full_name":"Calvin Lockhart","issued_in_last_30_days":"No","certificate_of_occupancy":"No","property_legal_description":"LOT 41 BLK I SPILLMAN RANCH PHS 1 SEC 9"},"geometry":{"type":"Point","coordinates":[-97.97131742,30.32016389]}},{"type":"Feature","properties":{"date":"2013-05-02T04:00:00.000Z","year":2013,"description":"New 1 Stry Sf Res w/attached garage/porch. Elec Serv Only.EUD","metadescription":"EP. New. New 1 Stry Sf Res w/attached garage/porch. Elec Serv Only.EUD. Final. 4408 TAMBRE BND","address":"4408 TAMBRE BND","link":"https://abc.austintexas.gov/web/permit/public-search-other?t_detail=1&t_selected_folderrsn=10942728","tcad_id":"0121680308","location":"    (30.31390033, -97.95903844)","day_issued":"THURSDAY","project_id":"10942728","condominium":"No","status_date":"07/31/2013","jurisdiction":"BEE CAVE FULL PURPOSE","housing_units":"1","contractor_zip":"78691-____","contractor_city":"PFLUGERVILLE","issuance_method":"Permit Center","contractor_phone":"5128328900","contractor_trade":"Electrical Contractor","number_of_floors":"1","permit_type_desc":"Electrical Permit","fiscal_year_issued":"2013","total_new_add_sqft":"2,404","permit_class_mapped":"Residential","contractor_address_1":"PO BOX 3289","contractor_full_name":"Bryan Neal","issued_in_last_30_days":"No","certificate_of_occupancy":"No","property_legal_description":"LOT 9 BLK E LADERA PHS 1"},"geometry":{"type":"Point","coordinates":[-97.95903844,30.31390033]}},{"type":"Feature","properties":{"date":"2013-04-22T04:00:00.000Z","year":2013,"description":"New 2 Stry Sf Resw/attached garage/porch.Elec Serv Only.EUD","metadescription":"EP. New. New 2 Stry Sf Resw/attached garage/porch.Elec Serv Only.EUD. Final. 15730 HAMILTON POOL RD","address":"15730 HAMILTON POOL RD","link":"https://abc.austintexas.gov/web/permit/public-search-other?t_detail=1&t_selected_folderrsn=10935474","tcad_id":"0119800104","location":"    (30.30613628, -97.99931249)","day_issued":"MONDAY","project_id":"10935474","condominium":"No","status_date":"07/22/2013","jurisdiction":"BEE CAVE FULL PURPOSE","housing_units":"1","contractor_zip":"78634-____","contractor_city":"HUTTO","issuance_method":"Permit Center","contractor_phone":"5123825753","contractor_trade":"Electrical Contractor","number_of_floors":"2","permit_type_desc":"Electrical Permit","fiscal_year_issued":"2013","total_new_add_sqft":"7,146","permit_class_mapped":"Residential","contractor_address_2":"629  W FRONT","contractor_full_name":"Calvin Lockhart","issued_in_last_30_days":"No","certificate_of_occupancy":"No","property_legal_description":"ABS 211 SUR 70 CONRADI W & ABS 230 SUR 537 DEGMAN J C ACR 12.6480 (1-D-1W)"},"geometry":{"type":"Point","coordinates":[-97.99931249,30.30613628]}},{"type":"Feature","properties":{"date":"2013-04-11T04:00:00.000Z","year":2013,"description":"New 2 Stry Sf Res w/attached garage/porch.Elec Service Only.EUD","metadescription":"EP. New. New 2 Stry Sf Res w/attached garage/porch.Elec Service Only.EUD. Final. 4505 TAMBRE BND","address":"4505 TAMBRE BND","link":"https://abc.austintexas.gov/web/permit/public-search-other?t_detail=1&t_selected_folderrsn=10928252","tcad_id":"0121680204","location":"    (30.31337754, -97.95976769)","day_issued":"THURSDAY","project_id":"10928252","condominium":"No","status_date":"07/11/2013","jurisdiction":"BEE CAVE FULL PURPOSE","housing_units":"1","contractor_zip":"78691-____","contractor_city":"PFLUGERVILLE","issuance_method":"Permit Center","contractor_phone":"5128328900","contractor_trade":"Electrical Contractor","number_of_floors":"2","permit_type_desc":"Electrical Permit","fiscal_year_issued":"2013","total_new_add_sqft":"3,179","permit_class_mapped":"Residential","contractor_address_1":"PO BOX 3289","contractor_full_name":"Bryan Neal","issued_in_last_30_days":"No","certificate_of_occupancy":"No","property_legal_description":"LOT 3 BLK F LADERA PHS 2A"},"geometry":{"type":"Point","coordinates":[-97.95976769,30.31337754]}},{"type":"Feature","properties":{"date":"2013-04-11T04:00:00.000Z","year":2013,"description":"New 1 Stry Sf Res w/attached garage/porch.Elec Service Only.EUD","metadescription":"EP. New. New 1 Stry Sf Res w/attached garage/porch.Elec Service Only.EUD. Final. 4229 TAMBRE BND","address":"4229 TAMBRE BND","link":"https://abc.austintexas.gov/web/permit/public-search-other?t_detail=1&t_selected_folderrsn=10928232","tcad_id":"0121680221","location":"    (30.31456281, -97.95857518)","day_issued":"THURSDAY","project_id":"10928232","condominium":"No","status_date":"07/31/2013","jurisdiction":"BEE CAVE FULL PURPOSE","housing_units":"1","contractor_zip":"78691-____","contractor_city":"PFLUGERVILLE","issuance_method":"Permit Center","contractor_phone":"5128328900","contractor_trade":"Electrical Contractor","number_of_floors":"1","permit_type_desc":"Electrical Permit","fiscal_year_issued":"2013","total_new_add_sqft":"2,404","permit_class_mapped":"Residential","contractor_address_1":"PO BOX 3289","contractor_full_name":"Bryan Neal","issued_in_last_30_days":"No","certificate_of_occupancy":"No","property_legal_description":"LOT 20 BLK F LADERA PHS 1"},"geometry":{"type":"Point","coordinates":[-97.95857518,30.31456281]}},{"type":"Feature","properties":{"date":"2013-04-04T04:00:00.000Z","year":2013,"description":"New 2 Stry SF resid/watt garageporch covered porch EUD","metadescription":"EP. New. New 2 Stry SF resid/watt garageporch covered porch EUD. Final. 4109 GANDARA BND","address":"4109 GANDARA BND","link":"https://abc.austintexas.gov/web/permit/public-search-other?t_detail=1&t_selected_folderrsn=10924525","tcad_id":"0123680115","location":"    (30.31675288, -97.95981146)","day_issued":"THURSDAY","project_id":"10924525","condominium":"No","status_date":"07/10/2013","jurisdiction":"BEE CAVE FULL PURPOSE","housing_units":"1","contractor_zip":"78691-____","contractor_city":"PFLUGERVILLE","issuance_method":"Permit Center","contractor_phone":"5128328900","contractor_trade":"Electrical Contractor","number_of_floors":"2","permit_type_desc":"Electrical Permit","fiscal_year_issued":"2013","total_new_add_sqft":"3,877","permit_class_mapped":"Residential","contractor_address_1":"PO BOX 3289","contractor_full_name":"Bryan Neal","issued_in_last_30_days":"No","certificate_of_occupancy":"No","property_legal_description":"LOT 56 BLK B LADERA PHS 1"},"geometry":{"type":"Point","coordinates":[-97.95981146,30.31675288]}},{"type":"Feature","properties":{"date":"2013-03-22T04:00:00.000Z","year":2013,"description":"new 1stry residence w/att garage porch patio EUD (BeeCaves)","metadescription":"EP. New. new 1stry residence w/att garage porch patio EUD (BeeCaves). Final. 15109 FALCONHEAD GROVE LOOP","address":"15109 FALCONHEAD GROVE LOOP","link":"https://abc.austintexas.gov/web/permit/public-search-other?t_detail=1&t_selected_folderrsn=10917568","tcad_id":"0123730606","location":"    (30.31992009, -97.97181792)","day_issued":"FRIDAY","project_id":"10917568","condominium":"No","status_date":"07/12/2013","jurisdiction":"BEE CAVE FULL PURPOSE","housing_units":"0","contractor_zip":"78634-____","contractor_city":"HUTTO","issuance_method":"Permit Center","contractor_phone":"5123825753","contractor_trade":"Electrical Contractor","number_of_floors":"1","permit_type_desc":"Electrical Permit","fiscal_year_issued":"2013","total_new_add_sqft":"2,571","permit_class_mapped":"Residential","contractor_address_2":"629  W FRONT","contractor_full_name":"Calvin Lockhart","issued_in_last_30_days":"No","certificate_of_occupancy":"No","property_legal_description":"LOT 11 BLK I SPILLMAN RANCH PHS 1 SEC 9"},"geometry":{"type":"Point","coordinates":[-97.97181792,30.31992009]}},{"type":"Feature","properties":{"date":"2013-03-22T04:00:00.000Z","year":2013,"description":"New 2 Stry SF res w/ atted garage & covrd porch. Electrical service only. EUD","metadescription":"EP. New. New 2 Stry SF res w/ atted garage & covrd porch. Electrical service only. EUD. Final. 4004 GANDARA BND","address":"4004 GANDARA BND","link":"https://abc.austintexas.gov/web/permit/public-search-other?t_detail=1&t_selected_folderrsn=10918096","tcad_id":"0123680402","location":"    (30.31758318, -97.96083714)","day_issued":"FRIDAY","project_id":"10918096","condominium":"No","status_date":"06/20/2013","jurisdiction":"BEE CAVE FULL PURPOSE","housing_units":"1","contractor_zip":"78691-____","contractor_city":"PFLUGERVILLE","issuance_method":"Permit Center","contractor_phone":"5128328900","contractor_trade":"Electrical Contractor","number_of_floors":"2","permit_type_desc":"Electrical Permit","fiscal_year_issued":"2013","total_new_add_sqft":"3,912","permit_class_mapped":"Residential","contractor_address_1":"PO BOX 3289","contractor_full_name":"Bryan Neal","issued_in_last_30_days":"No","certificate_of_occupancy":"No","property_legal_description":"LOT 21 BLK C LADERA PHS 1"},"geometry":{"type":"Point","coordinates":[-97.96083714,30.31758318]}},{"type":"Feature","properties":{"date":"2013-02-21T05:00:00.000Z","year":2013,"description":"New 2 Stry Sf Res w/attached garage/porch/patio.Electric Service Only.EUD","metadescription":"EP. New. New 2 Stry Sf Res w/attached garage/porch/patio.Electric Service Only.EUD. Final. 15313 FALCONHEAD GROVE LOOP","address":"15313 FALCONHEAD GROVE LOOP","link":"https://abc.austintexas.gov/web/permit/public-search-other?t_detail=1&t_selected_folderrsn=10901399","tcad_id":"0123730615","location":"    (30.31939296, -97.97082274)","day_issued":"THURSDAY","project_id":"10901399","condominium":"No","status_date":"04/18/2014","jurisdiction":"BEE CAVE FULL PURPOSE","housing_units":"1","contractor_zip":"78634-____","contractor_city":"HUTTO","issuance_method":"Permit Center","contractor_phone":"5123825753","contractor_trade":"Electrical Contractor","number_of_floors":"2","permit_type_desc":"Electrical Permit","fiscal_year_issued":"2013","total_new_add_sqft":"3,078","permit_class_mapped":"Residential","contractor_address_2":"629  W FRONT","contractor_full_name":"Calvin Lockhart","issued_in_last_30_days":"No","certificate_of_occupancy":"No","property_legal_description":"LOT 3 BLK I SPILLMAN RANCH PHS 1 SEC 9"},"geometry":{"type":"Point","coordinates":[-97.97082274,30.31939296]}},{"type":"Feature","properties":{"date":"2013-02-21T05:00:00.000Z","year":2013,"description":"New 1 Stry Sf Res w/attached garage/porch/patio.Electric Service Only.EUD","metadescription":"EP. New. New 1 Stry Sf Res w/attached garage/porch/patio.Electric Service Only.EUD. Final. 14901 FALCONHEAD GROVE LOOP","address":"14901 FALCONHEAD GROVE LOOP","link":"https://abc.austintexas.gov/web/permit/public-search-other?t_detail=1&t_selected_folderrsn=10901407","tcad_id":"0123730905","location":"    (30.32054549, -97.97068356)","day_issued":"THURSDAY","project_id":"10901407","condominium":"No","status_date":"06/04/2013","jurisdiction":"BEE CAVE FULL PURPOSE","housing_units":"1","contractor_zip":"78634-____","contractor_city":"HUTTO","issuance_method":"Permit Center","contractor_phone":"5123825753","contractor_trade":"Electrical Contractor","number_of_floors":"1","permit_type_desc":"Electrical Permit","fiscal_year_issued":"2013","total_new_add_sqft":"2,612","permit_class_mapped":"Residential","contractor_address_2":"629  W FRONT","contractor_full_name":"Calvin Lockhart","issued_in_last_30_days":"No","certificate_of_occupancy":"No","property_legal_description":"LOT 21 BLK I SPILLMAN RANCH PHS 1 SEC 9"},"geometry":{"type":"Point","coordinates":[-97.97068356,30.32054549]}},{"type":"Feature","properties":{"date":"2013-02-20T05:00:00.000Z","year":2013,"description":"New 2 Stry Sf Res w/attached garage/porch.Electric Service Only.EUD","metadescription":"EP. New. New 2 Stry Sf Res w/attached garage/porch.Electric Service Only.EUD. Final. 4125 GANDARA BND","address":"4125 GANDARA BND","link":"https://abc.austintexas.gov/web/permit/public-search-other?t_detail=1&t_selected_folderrsn=10900937","tcad_id":"0123680111","location":"    (30.3161489, -97.95942374)","day_issued":"WEDNESDAY","project_id":"10900937","condominium":"No","status_date":"06/10/2013","jurisdiction":"BEE CAVE FULL PURPOSE","housing_units":"1","contractor_zip":"78691-____","contractor_city":"PFLUGERVILLE","issuance_method":"Permit Center","contractor_phone":"5128328900","contractor_trade":"Electrical Contractor","number_of_floors":"2","permit_type_desc":"Electrical Permit","fiscal_year_issued":"2013","total_new_add_sqft":"3,610","permit_class_mapped":"Residential","contractor_address_1":"PO BOX 3289","contractor_full_name":"Bryan Neal","issued_in_last_30_days":"No","certificate_of_occupancy":"No","property_legal_description":"LOT 60 BLK B LADERA PHS 1"},"geometry":{"type":"Point","coordinates":[-97.95942374,30.3161489]}},{"type":"Feature","properties":{"date":"2013-02-12T05:00:00.000Z","year":2013,"description":"New 2 Stry Sf Res w/attached garage/porch.Electric Service Only.EUD","metadescription":"EP. New. New 2 Stry Sf Res w/attached garage/porch.Electric Service Only.EUD. Final. 4209 GANDARA BND","address":"4209 GANDARA BND","link":"https://abc.austintexas.gov/web/permit/public-search-other?t_detail=1&t_selected_folderrsn=10895813","tcad_id":"0123680107","location":"    (30.31575524, -97.95999767)","day_issued":"TUESDAY","project_id":"10895813","condominium":"No","status_date":"05/14/2013","jurisdiction":"BEE CAVE FULL PURPOSE","housing_units":"1","contractor_zip":"78691-____","contractor_city":"PFLUGERVILLE","issuance_method":"Permit Center","contractor_phone":"5128328900","contractor_trade":"Electrical Contractor","number_of_floors":"2","permit_type_desc":"Electrical Permit","fiscal_year_issued":"2013","total_new_add_sqft":"3,610","permit_class_mapped":"Residential","contractor_address_1":"PO BOX 3289","contractor_full_name":"Bryan Neal","issued_in_last_30_days":"No","certificate_of_occupancy":"No","property_legal_description":"LOT 64 BLK B LADERA PHS 1"},"geometry":{"type":"Point","coordinates":[-97.95999767,30.31575524]}},{"type":"Feature","properties":{"date":"2013-02-08T05:00:00.000Z","year":2013,"description":"New 1 Stry Sf Res w/attached garage/porch/covered patio.Elec Service Only.EUD","metadescription":"EP. New. New 1 Stry Sf Res w/attached garage/porch/covered patio.Elec Service Only.EUD. Final. 15504 BOULDER HEIGHTS","address":"15504 BOULDER HEIGHTS","link":"https://abc.austintexas.gov/web/permit/public-search-other?t_detail=1&t_selected_folderrsn=10895009","tcad_id":"0125780427","location":"    (30.32085484, -97.98497634)","day_issued":"FRIDAY","project_id":"10895009","condominium":"No","status_date":"05/17/2013","jurisdiction":"BEE CAVE FULL PURPOSE","housing_units":"1","contractor_zip":"78691-____","contractor_city":"PFLUGERVILLE","issuance_method":"Permit Center","contractor_phone":"5128328900","contractor_trade":"Electrical Contractor","number_of_floors":"1","permit_type_desc":"Electrical Permit","fiscal_year_issued":"2013","total_new_add_sqft":"4,749","permit_class_mapped":"Residential","contractor_address_1":"PO BOX 3289","contractor_full_name":"Bryan Neal","issued_in_last_30_days":"No","certificate_of_occupancy":"No","property_legal_description":"LOT 53 BLK A FALCONHEAD WEST PHS 1 SEC 1"},"geometry":{"type":"Point","coordinates":[-97.98497634,30.32085484]}},{"type":"Feature","properties":{"date":"2013-02-04T05:00:00.000Z","year":2013,"description":"New 1 Stry Sf res w/ atted garage & covrd porch. Elect service only. EUD","metadescription":"EP. New. New 1 Stry Sf res w/ atted garage & covrd porch. Elect service only. EUD. Final. 4205 TAMBRE BND","address":"4205 TAMBRE BND","link":"https://abc.austintexas.gov/web/permit/public-search-other?t_detail=1&t_selected_folderrsn=10892485","tcad_id":"0123680205","location":"    (30.31534003, -97.9589618)","day_issued":"MONDAY","project_id":"10892485","condominium":"No","status_date":"05/06/2013","jurisdiction":"BEE CAVE FULL PURPOSE","housing_units":"1","contractor_zip":"78691-____","contractor_city":"PFLUGERVILLE","issuance_method":"Permit Center","contractor_phone":"5128328900","contractor_trade":"Electrical Contractor","number_of_floors":"1","permit_type_desc":"Electrical Permit","fiscal_year_issued":"2013","total_new_add_sqft":"2,364","permit_class_mapped":"Residential","contractor_address_1":"PO BOX 3289","contractor_full_name":"Bryan Neal","issued_in_last_30_days":"No","certificate_of_occupancy":"No","property_legal_description":"LOT 26 BLK F LADERA PHS 1"},"geometry":{"type":"Point","coordinates":[-97.9589618,30.31534003]}},{"type":"Feature","properties":{"date":"2013-01-11T05:00:00.000Z","year":2013,"description":"New 1 Stry Sf res w/ atted garage & covrd porch.","metadescription":"EP. New. New 1 Stry Sf res w/ atted garage & covrd porch.. Final. 14413 PIPER GLEN DR","address":"14413 PIPER GLEN DR","link":"https://abc.austintexas.gov/web/permit/public-search-other?t_detail=1&t_selected_folderrsn=10880940","tcad_id":"0123700134","location":"    (30.31832051, -97.96635706)","day_issued":"FRIDAY","project_id":"10880940","condominium":"No","status_date":"07/24/2013","jurisdiction":"BEE CAVE FULL PURPOSE","housing_units":"1","contractor_zip":"76550","contractor_city":"LAMPASAS","issuance_method":"Permit Center","contractor_phone":"5125568702","contractor_trade":"Electrical Contractor","number_of_floors":"1","permit_type_desc":"Electrical Permit","fiscal_year_issued":"2013","total_new_add_sqft":"6,142","permit_class_mapped":"Residential","contractor_address_1":"3378 FM 1478","contractor_address_2":"LAMPASAS TX","contractor_full_name":"Russell Jones","issued_in_last_30_days":"No","certificate_of_occupancy":"No","property_legal_description":"LOT 10 BLK D SPILLMAN RANCH PHS 1 SEC 2"},"geometry":{"type":"Point","coordinates":[-97.96635706,30.31832051]}},{"type":"Feature","properties":{"date":"2012-12-31T05:00:00.000Z","year":2012,"description":"New 2 Stry Sf Res w/attached garage/porch.Electric Service Only.EUD","metadescription":"EP. New. New 2 Stry Sf Res w/attached garage/porch.Electric Service Only.EUD. Final. 4212 TORDERA DR","address":"4212 TORDERA DR","link":"https://abc.austintexas.gov/web/permit/public-search-other?t_detail=1&t_selected_folderrsn=10876273","tcad_id":"0121680502","location":"    (30.31432769, -97.96073016)","day_issued":"MONDAY","project_id":"10876273","condominium":"No","status_date":"03/08/2013","jurisdiction":"BEE CAVE FULL PURPOSE","housing_units":"1","contractor_zip":"78691-____","contractor_city":"PFLUGERVILLE","issuance_method":"Permit Center","contractor_phone":"5128328900","contractor_trade":"Electrical Contractor","number_of_floors":"2","permit_type_desc":"Electrical Permit","fiscal_year_issued":"2013","total_new_add_sqft":"3,207","permit_class_mapped":"Residential","contractor_address_1":"PO BOX 3289","contractor_full_name":"Bryan Neal","issued_in_last_30_days":"No","certificate_of_occupancy":"No","property_legal_description":"LOT 8 BLK B LADERA PHS 2A"},"geometry":{"type":"Point","coordinates":[-97.96073016,30.31432769]}},{"type":"Feature","properties":{"date":"2012-12-20T05:00:00.000Z","year":2012,"description":"New 2 stry SF resid w/att garage porch covered patio EUD","metadescription":"EP. New. New 2 stry SF resid w/att garage porch covered patio EUD. Final. 15209 SWISS ALPS CT","address":"15209 SWISS ALPS CT","link":"https://abc.austintexas.gov/web/permit/public-search-other?t_detail=1&t_selected_folderrsn=10874234","tcad_id":"0123760129","location":"    (30.31913054, -97.9812301)","day_issued":"THURSDAY","project_id":"10874234","condominium":"No","status_date":"04/18/2013","jurisdiction":"BEE CAVE FULL PURPOSE","housing_units":"1","contractor_zip":"78691-____","contractor_city":"PFLUGERVILLE","issuance_method":"Permit Center","contractor_phone":"5128328900","contractor_trade":"Electrical Contractor","number_of_floors":"2","permit_type_desc":"Electrical Permit","fiscal_year_issued":"2013","total_new_add_sqft":"5,374","permit_class_mapped":"Residential","contractor_address_1":"PO BOX 3289","contractor_full_name":"Bryan Neal","issued_in_last_30_days":"No","certificate_of_occupancy":"No","property_legal_description":"LOT 74 BLK A FALCONHEAD WEST PHS 1 SEC 2 & PHS 2"},"geometry":{"type":"Point","coordinates":[-97.9812301,30.31913054]}},{"type":"Feature","properties":{"date":"2012-12-19T05:00:00.000Z","year":2012,"description":"New sf residence w/garage & porch. Electrical service only.","metadescription":"EP. New. New sf residence w/garage & porch. Electrical service only.. Final. 14905 FALCONHEAD GROVE LOOP","address":"14905 FALCONHEAD GROVE LOOP","link":"https://abc.austintexas.gov/web/permit/public-search-other?t_detail=1&t_selected_folderrsn=10873462","tcad_id":"0125730128","location":"    (30.32074499, -97.97076427)","day_issued":"WEDNESDAY","project_id":"10873462","condominium":"No","status_date":"04/24/2013","jurisdiction":"BEE CAVE FULL PURPOSE","housing_units":"1","contractor_zip":"78634-____","contractor_city":"HUTTO","issuance_method":"Permit Center","contractor_phone":"5123825753","contractor_trade":"Electrical Contractor","number_of_floors":"1","permit_type_desc":"Electrical Permit","fiscal_year_issued":"2013","total_new_add_sqft":"2,236","permit_class_mapped":"Residential","contractor_address_2":"629  W FRONT","contractor_full_name":"Calvin Lockhart","issued_in_last_30_days":"No","certificate_of_occupancy":"No","property_legal_description":"LOT 20 BLK I SPILLMAN RANCH PHS 1 SEC 9"},"geometry":{"type":"Point","coordinates":[-97.97076427,30.32074499]}},{"type":"Feature","properties":{"date":"2012-12-19T05:00:00.000Z","year":2012,"description":"new 1stry residence w/att garage porch patio EUD (bee caves)","metadescription":"EP. New. new 1stry residence w/att garage porch patio EUD (bee caves). Final. 15013 FALCONHEAD GROVE LOOP","address":"15013 FALCONHEAD GROVE LOOP","link":"https://abc.austintexas.gov/web/permit/public-search-other?t_detail=1&t_selected_folderrsn=10873765","tcad_id":"0123730603","location":"    (30.32039858, -97.97196471)","day_issued":"WEDNESDAY","project_id":"10873765","condominium":"No","status_date":"05/14/2013","jurisdiction":"BEE CAVE FULL PURPOSE","housing_units":"0","contractor_zip":"78634-____","contractor_city":"HUTTO","issuance_method":"Permit Center","contractor_phone":"5123825753","contractor_trade":"Electrical Contractor","number_of_floors":"1","permit_type_desc":"Electrical Permit","fiscal_year_issued":"2013","total_new_add_sqft":"2,571","permit_class_mapped":"Residential","contractor_address_2":"629  W FRONT","contractor_full_name":"Calvin Lockhart","issued_in_last_30_days":"No","certificate_of_occupancy":"No","property_legal_description":"LOT 13 BLK I SPILLMAN RANCH PHS 1 SEC 9"},"geometry":{"type":"Point","coordinates":[-97.97196471,30.32039858]}},{"type":"Feature","properties":{"date":"2012-12-19T05:00:00.000Z","year":2012,"description":"New sf residence w/garage & porch. Electrical service only. EUD.","metadescription":"EP. New. New sf residence w/garage & porch. Electrical service only. EUD.. Final. 15005 FALCONHEAD GROVE LOOP","address":"15005 FALCONHEAD GROVE LOOP","link":"https://abc.austintexas.gov/web/permit/public-search-other?t_detail=1&t_selected_folderrsn=10873453","tcad_id":"0125730132","location":"    (30.32061384, -97.97155684)","day_issued":"WEDNESDAY","project_id":"10873453","condominium":"No","status_date":"04/02/2013","jurisdiction":"BEE CAVE FULL PURPOSE","housing_units":"1","contractor_zip":"78634-____","contractor_city":"HUTTO","issuance_method":"Permit Center","contractor_phone":"5123825753","contractor_trade":"Electrical Contractor","number_of_floors":"1","permit_type_desc":"Electrical Permit","fiscal_year_issued":"2013","total_new_add_sqft":"2,236","permit_class_mapped":"Residential","contractor_address_2":"629  W FRONT","contractor_full_name":"Calvin Lockhart","issued_in_last_30_days":"No","certificate_of_occupancy":"No","property_legal_description":"LOT 16 BLK I SPILLMAN RANCH PHS 1 SEC 9"},"geometry":{"type":"Point","coordinates":[-97.97155684,30.32061384]}},{"type":"Feature","properties":{"date":"2012-12-19T05:00:00.000Z","year":2012,"description":"new 1stry residence w/att garage porch patio EUD (Bee Caves)","metadescription":"EP. New. new 1stry residence w/att garage porch patio EUD (Bee Caves). Final. 14913 FALCONHEAD GROVE LOOP","address":"14913 FALCONHEAD GROVE LOOP","link":"https://abc.austintexas.gov/web/permit/public-search-other?t_detail=1&t_selected_folderrsn=10873758","tcad_id":"0125730130","location":"    (30.32086418, -97.97111324)","day_issued":"WEDNESDAY","project_id":"10873758","condominium":"No","status_date":"04/25/2013","jurisdiction":"BEE CAVE FULL PURPOSE","housing_units":"1","contractor_zip":"78634-____","contractor_city":"HUTTO","issuance_method":"Permit Center","contractor_phone":"5123825753","contractor_trade":"Electrical Contractor","number_of_floors":"1","permit_type_desc":"Electrical Permit","fiscal_year_issued":"2013","total_new_add_sqft":"2,571","permit_class_mapped":"Residential","contractor_address_2":"629  W FRONT","contractor_full_name":"Calvin Lockhart","issued_in_last_30_days":"No","certificate_of_occupancy":"No","property_legal_description":"LOT 18 BLK I SPILLMAN RANCH PHS 1 SEC 9"},"geometry":{"type":"Point","coordinates":[-97.97111324,30.32086418]}},{"type":"Feature","properties":{"date":"2012-12-19T05:00:00.000Z","year":2012,"description":"New 2 sty sf residence w/garage & porch. Electrical service only. EUD.","metadescription":"EP. New. New 2 sty sf residence w/garage & porch. Electrical service only. EUD.. Final. 4316 FALCONHEAD NEST DR","address":"4316 FALCONHEAD NEST DR","link":"https://abc.austintexas.gov/web/permit/public-search-other?t_detail=1&t_selected_folderrsn=10873414","tcad_id":"0123730705","location":"    (30.32006159, -97.97143721)","day_issued":"WEDNESDAY","project_id":"10873414","condominium":"No","status_date":"03/29/2013","jurisdiction":"BEE CAVE FULL PURPOSE","housing_units":"1","contractor_zip":"78634-____","contractor_city":"HUTTO","issuance_method":"Permit Center","contractor_phone":"5123825753","contractor_trade":"Electrical Contractor","number_of_floors":"2","permit_type_desc":"Electrical Permit","fiscal_year_issued":"2013","total_new_add_sqft":"2,236","permit_class_mapped":"Residential","contractor_address_2":"629  W FRONT","contractor_full_name":"Calvin Lockhart","issued_in_last_30_days":"No","certificate_of_occupancy":"No","property_legal_description":"LOT 42 BLK I SPILLMAN RANCH PHS 1 SEC 9"},"geometry":{"type":"Point","coordinates":[-97.97143721,30.32006159]}},{"type":"Feature","properties":{"date":"2012-12-19T05:00:00.000Z","year":2012,"description":"new 1stry residence w/att garage porch patio EUD (bee caves)","metadescription":"EP. New. new 1stry residence w/att garage porch patio EUD (bee caves). Final. 14813 FALCONHEAD GROVE LOOP","address":"14813 FALCONHEAD GROVE LOOP","link":"https://abc.austintexas.gov/web/permit/public-search-other?t_detail=1&t_selected_folderrsn=10873738","tcad_id":"0123730904","location":"    (30.32022907, -97.97052647)","day_issued":"WEDNESDAY","project_id":"10873738","condominium":"No","status_date":"05/06/2013","jurisdiction":"BEE CAVE FULL PURPOSE","housing_units":"1","contractor_zip":"78634-____","contractor_city":"HUTTO","issuance_method":"Permit Center","contractor_phone":"5123825753","contractor_trade":"Electrical Contractor","number_of_floors":"1","permit_type_desc":"Electrical Permit","fiscal_year_issued":"2013","total_new_add_sqft":"2,584","permit_class_mapped":"Residential","contractor_address_2":"629  W FRONT","contractor_full_name":"Calvin Lockhart","issued_in_last_30_days":"No","certificate_of_occupancy":"No","property_legal_description":"LOT 22 BLK I SPILLMAN RANCH PHS 1 SEC 9"},"geometry":{"type":"Point","coordinates":[-97.97052647,30.32022907]}},{"type":"Feature","properties":{"date":"2012-11-21T05:00:00.000Z","year":2012,"description":"New 2 sty sf residence w/garage & porch. Electrical service only. EUD","metadescription":"EP. New. New 2 sty sf residence w/garage & porch. Electrical service only. EUD. Final. 15308 FALCONHEAD GROVE LOOP","address":"15308 FALCONHEAD GROVE LOOP","link":"https://abc.austintexas.gov/web/permit/public-search-other?t_detail=1&t_selected_folderrsn=10861548","tcad_id":"0123730805","location":"    (30.3195445, -97.97098704)","day_issued":"WEDNESDAY","project_id":"10861548","condominium":"No","status_date":"06/04/2013","jurisdiction":"BEE CAVE FULL PURPOSE","housing_units":"1","contractor_zip":"78634-____","contractor_city":"HUTTO","issuance_method":"Permit Center","contractor_phone":"5123825753","contractor_trade":"Electrical Contractor","number_of_floors":"2","permit_type_desc":"Electrical Permit","fiscal_year_issued":"2013","total_new_add_sqft":"2,578","permit_class_mapped":"Residential","contractor_address_2":"629  W FRONT","contractor_full_name":"Calvin Lockhart","issued_in_last_30_days":"No","certificate_of_occupancy":"No","property_legal_description":"LOT 30 BLK I SPILLMAN RANCH PHS 1 SEC 9"},"geometry":{"type":"Point","coordinates":[-97.97098704,30.3195445]}},{"type":"Feature","properties":{"date":"2012-10-29T04:00:00.000Z","year":2012,"description":"New 2 sty sf residence w/garage & porch. Electrical service only. EUD","metadescription":"EP. New. New 2 sty sf residence w/garage & porch. Electrical service only. EUD. Final. 3800 TORDERA DR","address":"3800 TORDERA DR","link":"https://abc.austintexas.gov/web/permit/public-search-other?t_detail=1&t_selected_folderrsn=10850034","tcad_id":"0123680301","location":"    (30.31785711, -97.96137248)","day_issued":"MONDAY","project_id":"10850034","condominium":"No","status_date":"03/14/2013","jurisdiction":"BEE CAVE FULL PURPOSE","housing_units":"1","contractor_zip":"78691-____","contractor_city":"PFLUGERVILLE","issuance_method":"Permit Center","contractor_phone":"5128328900","contractor_trade":"Electrical Contractor","number_of_floors":"2","permit_type_desc":"Electrical Permit","fiscal_year_issued":"2013","total_new_add_sqft":"3,610","permit_class_mapped":"Residential","contractor_address_1":"PO BOX 3289","contractor_full_name":"Bryan Neal","issued_in_last_30_days":"No","certificate_of_occupancy":"No","property_legal_description":"LOT 23 BLK A LADERA PHS 1"},"geometry":{"type":"Point","coordinates":[-97.96137248,30.31785711]}},{"type":"Feature","properties":{"date":"2012-10-22T04:00:00.000Z","year":2012,"description":"New 1 Stry SF resid w/att garage porch EUD","metadescription":"EP. New. New 1 Stry SF resid w/att garage porch EUD. Final. 4501 TAMBRE BND","address":"4501 TAMBRE BND","link":"https://abc.austintexas.gov/web/permit/public-search-other?t_detail=1&t_selected_folderrsn=10847354","tcad_id":"0121680205","location":"    (30.31342152, -97.95961762)","day_issued":"MONDAY","project_id":"10847354","condominium":"No","status_date":"03/13/2013","jurisdiction":"BEE CAVE FULL PURPOSE","housing_units":"1","contractor_zip":"78691-____","contractor_city":"PFLUGERVILLE","issuance_method":"Permit Center","contractor_phone":"5128328900","contractor_trade":"Electrical Contractor","number_of_floors":"1","permit_type_desc":"Electrical Permit","fiscal_year_issued":"2013","total_new_add_sqft":"2,379","permit_class_mapped":"Residential","contractor_address_1":"PO BOX 3289","contractor_full_name":"Bryan Neal","issued_in_last_30_days":"No","certificate_of_occupancy":"No","property_legal_description":"LOT 4 BLK F LADERA PHS 1"},"geometry":{"type":"Point","coordinates":[-97.95961762,30.31342152]}},{"type":"Feature","properties":{"date":"2012-10-11T04:00:00.000Z","year":2012,"description":"New 1 Stry Sf Res w/attached garage/porch.Electric Service Only.EUD","metadescription":"EP. New. New 1 Stry Sf Res w/attached garage/porch.Electric Service Only.EUD. Final. 4017 GANDARA BND","address":"4017 GANDARA BND","link":"https://abc.austintexas.gov/web/permit/public-search-other?t_detail=1&t_selected_folderrsn=10841868","tcad_id":"0123680120","location":"    (30.31750273, -97.96020512)","day_issued":"THURSDAY","project_id":"10841868","condominium":"No","status_date":"02/15/2013","jurisdiction":"BEE CAVE FULL PURPOSE","housing_units":"1","contractor_zip":"78691-____","contractor_city":"PFLUGERVILLE","issuance_method":"Permit Center","contractor_phone":"5128328900","contractor_trade":"Electrical Contractor","number_of_floors":"1","permit_type_desc":"Electrical Permit","fiscal_year_issued":"2013","total_new_add_sqft":"3,509","permit_class_mapped":"Residential","contractor_address_1":"PO BOX 3289","contractor_full_name":"Bryan Neal","issued_in_last_30_days":"No","certificate_of_occupancy":"No","property_legal_description":"LOT 51 BLK B LADERA PHS 1"},"geometry":{"type":"Point","coordinates":[-97.96020512,30.31750273]}},{"type":"Feature","properties":{"date":"2012-10-11T04:00:00.000Z","year":2012,"description":"New 1 Stry Sf Res w/attached garage/porch.Electric Service Only.EUD","metadescription":"EP. New. New 1 Stry Sf Res w/attached garage/porch.Electric Service Only.EUD. Final. 4212 TAMBRE BND","address":"4212 TAMBRE BND","link":"https://abc.austintexas.gov/web/permit/public-search-other?t_detail=1&t_selected_folderrsn=10841870","tcad_id":"0123680701","location":"    (30.3148767, -97.95918876)","day_issued":"THURSDAY","project_id":"10841870","condominium":"No","status_date":"02/15/2013","jurisdiction":"BEE CAVE FULL PURPOSE","housing_units":"1","contractor_zip":"78691-____","contractor_city":"PFLUGERVILLE","issuance_method":"Permit Center","contractor_phone":"5128328900","contractor_trade":"Electrical Contractor","number_of_floors":"1","permit_type_desc":"Electrical Permit","fiscal_year_issued":"2013","total_new_add_sqft":"2,364","permit_class_mapped":"Residential","contractor_address_1":"PO BOX 3289","contractor_full_name":"Bryan Neal","issued_in_last_30_days":"No","certificate_of_occupancy":"No","property_legal_description":"LOT 17 BLK E LADERA PHS 1"},"geometry":{"type":"Point","coordinates":[-97.95918876,30.3148767]}},{"type":"Feature","properties":{"date":"2012-10-10T04:00:00.000Z","year":2012,"description":"New 1 Stry Sf res w/ atted garage & covrd porch.","metadescription":"EP. New. New 1 Stry Sf res w/ atted garage & covrd porch.. Final. 4000 GANDARA BND","address":"4000 GANDARA BND","link":"https://abc.austintexas.gov/web/permit/public-search-other?t_detail=1&t_selected_folderrsn=10841563","tcad_id":"0123680401","location":"    (30.31765747, -97.96098748)","day_issued":"WEDNESDAY","project_id":"10841563","condominium":"No","status_date":"03/13/2013","jurisdiction":"BEE CAVE FULL PURPOSE","housing_units":"1","contractor_zip":"78691-____","contractor_city":"PFLUGERVILLE","issuance_method":"Permit Center","contractor_phone":"5128328900","contractor_trade":"Electrical Contractor","number_of_floors":"1","permit_type_desc":"Electrical Permit","fiscal_year_issued":"2013","total_new_add_sqft":"3,402","permit_class_mapped":"Residential","contractor_address_1":"PO BOX 3289","contractor_full_name":"Bryan Neal","issued_in_last_30_days":"No","certificate_of_occupancy":"No","property_legal_description":"LOT 20 BLK C LADERA PHS 1"},"geometry":{"type":"Point","coordinates":[-97.96098748,30.31765747]}},{"type":"Feature","properties":{"date":"2012-10-09T04:00:00.000Z","year":2012,"description":"New 1 Stry SF resid w/att garage porch EUD","metadescription":"EP. New. New 1 Stry SF resid w/att garage porch EUD. Final. 4417 TAMBRE BND","address":"4417 TAMBRE BND","link":"https://abc.austintexas.gov/web/permit/public-search-other?t_detail=1&t_selected_folderrsn=10838303","tcad_id":"0121680208","location":"    (30.31350033, -97.95912118)","day_issued":"TUESDAY","project_id":"10838303","condominium":"No","status_date":"03/06/2013","jurisdiction":"BEE CAVE FULL PURPOSE","housing_units":"1","contractor_zip":"78691-____","contractor_city":"PFLUGERVILLE","issuance_method":"Permit Center","contractor_phone":"5128328900","contractor_trade":"Electrical Contractor","number_of_floors":"1","permit_type_desc":"Electrical Permit","fiscal_year_issued":"2013","total_new_add_sqft":"2,379","permit_class_mapped":"Residential","contractor_address_1":"PO BOX 3289","contractor_full_name":"Bryan Neal","issued_in_last_30_days":"No","certificate_of_occupancy":"No","property_legal_description":"LOT 7 BLK F LADERA PHS 1"},"geometry":{"type":"Point","coordinates":[-97.95912118,30.31350033]}},{"type":"Feature","properties":{"date":"2012-10-09T04:00:00.000Z","year":2012,"description":"New 1 Stry Sf Res w/ attached garage / porch. Electric Service Only.EUD","metadescription":"EP. New. New 1 Stry Sf Res w/ attached garage / porch. Electric Service Only.EUD. Final. 4016 GANDARA BND","address":"4016 GANDARA BND","link":"https://abc.austintexas.gov/web/permit/public-search-other?t_detail=1&t_selected_folderrsn=10839050","tcad_id":"0123680404","location":"    (30.31724194, -97.96052853)","day_issued":"TUESDAY","project_id":"10839050","condominium":"No","status_date":"02/27/2013","jurisdiction":"BEE CAVE FULL PURPOSE","housing_units":"1","contractor_zip":"78691-____","contractor_city":"PFLUGERVILLE","issuance_method":"Permit Center","contractor_phone":"5128328900","contractor_trade":"Electrical Contractor","number_of_floors":"1","permit_type_desc":"Electrical Permit","fiscal_year_issued":"2013","total_new_add_sqft":"3,402","permit_class_mapped":"Residential","contractor_address_1":"PO BOX 3289","contractor_full_name":"Bryan Neal","issued_in_last_30_days":"No","certificate_of_occupancy":"No","property_legal_description":"LOT 2 BLK C LADERA PHS 1"},"geometry":{"type":"Point","coordinates":[-97.96052853,30.31724194]}},{"type":"Feature","properties":{"date":"2012-10-02T04:00:00.000Z","year":2012,"description":"New 2 Stry Sf Res w/attached garage/porch.Electric Service Only.EUD","metadescription":"EP. New. New 2 Stry Sf Res w/attached garage/porch.Electric Service Only.EUD. Final. 4025 GANDARA BND","address":"4025 GANDARA BND","link":"https://abc.austintexas.gov/web/permit/public-search-other?t_detail=1&t_selected_folderrsn=10837412","tcad_id":"0123680118","location":"    (30.31720524, -97.96003175)","day_issued":"TUESDAY","project_id":"10837412","condominium":"No","status_date":"03/06/2013","jurisdiction":"BEE CAVE FULL PURPOSE","housing_units":"1","contractor_zip":"78691-____","contractor_city":"PFLUGERVILLE","issuance_method":"Permit Center","contractor_phone":"5128328900","contractor_trade":"Electrical Contractor","number_of_floors":"2","permit_type_desc":"Electrical Permit","fiscal_year_issued":"2013","total_new_add_sqft":"3,610","permit_class_mapped":"Residential","contractor_address_1":"PO BOX 3289","contractor_full_name":"Bryan Neal","issued_in_last_30_days":"No","certificate_of_occupancy":"No","property_legal_description":"LOT 53 BLK B LADERA PHS 1"},"geometry":{"type":"Point","coordinates":[-97.96003175,30.31720524]}},{"type":"Feature","properties":{"date":"2012-10-02T04:00:00.000Z","year":2012,"description":"New 1 Stry Sf Res w/attached garage/porch.Electric Service Only.EUD","metadescription":"EP. New. New 1 Stry Sf Res w/attached garage/porch.Electric Service Only.EUD. Final. 4513 TAMBRE BND","address":"4513 TAMBRE BND","link":"https://abc.austintexas.gov/web/permit/public-search-other?t_detail=1&t_selected_folderrsn=10837433","tcad_id":"0121680202","location":"    (30.31336972, -97.96008804)","day_issued":"TUESDAY","project_id":"10837433","condominium":"No","status_date":"01/24/2013","jurisdiction":"BEE CAVE FULL PURPOSE","housing_units":"1","contractor_zip":"78691-____","contractor_city":"PFLUGERVILLE","issuance_method":"Permit Center","contractor_phone":"5128328900","contractor_trade":"Electrical Contractor","number_of_floors":"1","permit_type_desc":"Electrical Permit","fiscal_year_issued":"2013","total_new_add_sqft":"2,579","permit_class_mapped":"Residential","contractor_address_1":"PO BOX 3289","contractor_full_name":"Bryan Neal","issued_in_last_30_days":"No","certificate_of_occupancy":"No","property_legal_description":"LOT 1 BLK F LADERA PHS 2A"},"geometry":{"type":"Point","coordinates":[-97.96008804,30.31336972]}},{"type":"Feature","properties":{"date":"2012-09-27T04:00:00.000Z","year":2012,"description":"new 1stry residence w/att garage porch EUD (bee caves)","metadescription":"EP. New. new 1stry residence w/att garage porch EUD (bee caves). Final. 4217 GANDARA BND","address":"4217 GANDARA BND","link":"https://abc.austintexas.gov/web/permit/public-search-other?t_detail=1&t_selected_folderrsn=10834938","tcad_id":"0123680105","location":"    (30.31565741, -97.96035828)","day_issued":"THURSDAY","project_id":"10834938","condominium":"No","status_date":"01/30/2013","jurisdiction":"BEE CAVE FULL PURPOSE","housing_units":"0","contractor_zip":"78691-____","contractor_city":"PFLUGERVILLE","issuance_method":"Permit Center","contractor_phone":"5128328900","contractor_trade":"Electrical Contractor","number_of_floors":"1","permit_type_desc":"Electrical Permit","fiscal_year_issued":"2012","total_new_add_sqft":"3,509","permit_class_mapped":"Residential","contractor_address_1":"PO BOX 3289","contractor_full_name":"Bryan Neal","issued_in_last_30_days":"No","certificate_of_occupancy":"No","property_legal_description":"LOT 66 BLK B LADERA PHS 1"},"geometry":{"type":"Point","coordinates":[-97.96035828,30.31565741]}},{"type":"Feature","properties":{"date":"2012-09-12T04:00:00.000Z","year":2012,"description":"new 1stry residence w/att garage porch EUD","metadescription":"EP. New. new 1stry residence w/att garage porch EUD. Withdrawn. 4001 GANDARA BND","address":"4001 GANDARA BND","link":"https://abc.austintexas.gov/web/permit/public-search-other?t_detail=1&t_selected_folderrsn=10827011","tcad_id":"0123680124","location":"    (30.31799447, -97.96076997)","day_issued":"WEDNESDAY","project_id":"10827011","condominium":"No","status_date":"09/03/2013","jurisdiction":"BEE CAVE FULL PURPOSE","housing_units":"0","contractor_zip":"78691-____","contractor_city":"PFLUGERVILLE","issuance_method":"Permit Center","contractor_phone":"5128328900","contractor_trade":"Electrical Contractor","number_of_floors":"1","permit_type_desc":"Electrical Permit","fiscal_year_issued":"2012","total_new_add_sqft":"3,402","permit_class_mapped":"Residential","contractor_address_1":"PO BOX 3289","contractor_full_name":"Bryan Neal","issued_in_last_30_days":"No","certificate_of_occupancy":"No","property_legal_description":"LOT 47 BLK B LADERA PHS 1"},"geometry":{"type":"Point","coordinates":[-97.96076997,30.31799447]}},{"type":"Feature","properties":{"date":"2012-08-30T04:00:00.000Z","year":2012,"description":"New 1 Stry Sf Res w/attached garage/porch.Electric Service Only.EUD","metadescription":"EP. New. New 1 Stry Sf Res w/attached garage/porch.Electric Service Only.EUD. Final. 4129 GANDARA BND","address":"4129 GANDARA BND","link":"https://abc.austintexas.gov/web/permit/public-search-other?t_detail=1&t_selected_folderrsn=10820013","tcad_id":"0123680110","location":"    (30.31596484, -97.9594346)","day_issued":"THURSDAY","project_id":"10820013","condominium":"No","status_date":"01/30/2013","jurisdiction":"BEE CAVE FULL PURPOSE","housing_units":"1","contractor_zip":"78691-____","contractor_city":"PFLUGERVILLE","issuance_method":"Permit Center","contractor_phone":"5128328900","contractor_trade":"Electrical Contractor","number_of_floors":"1","permit_type_desc":"Electrical Permit","fiscal_year_issued":"2012","total_new_add_sqft":"3,509","permit_class_mapped":"Residential","contractor_address_1":"PO BOX 3289","contractor_full_name":"Bryan Neal","issued_in_last_30_days":"No","certificate_of_occupancy":"No","property_legal_description":"LOT 61 BLK B LADERA PHS 1"},"geometry":{"type":"Point","coordinates":[-97.9594346,30.31596484]}},{"type":"Feature","properties":{"date":"2012-08-30T04:00:00.000Z","year":2012,"description":"New 1 Stry SF resid w/att garage porch covered patio EUD","metadescription":"EP. New. New 1 Stry SF resid w/att garage porch covered patio EUD. Final. 4500 TAMBRE BND","address":"4500 TAMBRE BND","link":"https://abc.austintexas.gov/web/permit/public-search-other?t_detail=1&t_selected_folderrsn=10820319","tcad_id":"0121680406","location":"    (30.31380083, -97.95975411)","day_issued":"THURSDAY","project_id":"10820319","condominium":"No","status_date":"12/11/2012","jurisdiction":"BEE CAVE FULL PURPOSE","housing_units":"1","contractor_zip":"78691-____","contractor_city":"PFLUGERVILLE","issuance_method":"Permit Center","contractor_phone":"5128328900","contractor_trade":"Electrical Contractor","number_of_floors":"1","permit_type_desc":"Electrical Permit","fiscal_year_issued":"2012","total_new_add_sqft":"2,545","permit_class_mapped":"Residential","contractor_address_1":"PO BOX 3289","contractor_full_name":"Bryan Neal","issued_in_last_30_days":"No","certificate_of_occupancy":"No","property_legal_description":"LOT 3 BLK D LADERA PHS 1"},"geometry":{"type":"Point","coordinates":[-97.95975411,30.31380083]}},{"type":"Feature","properties":{"date":"2012-08-30T04:00:00.000Z","year":2012,"description":"New 1 Stry Sf Res w/attached garage/porch.Electric Service Only.EUD","metadescription":"EP. New. New 1 Stry Sf Res w/attached garage/porch.Electric Service Only.EUD. Final. 4013 TORDERA DR","address":"4013 TORDERA DR","link":"https://abc.austintexas.gov/web/permit/public-search-other?t_detail=1&t_selected_folderrsn=10820005","tcad_id":"0123680412","location":"    (30.31596186, -97.96061073)","day_issued":"THURSDAY","project_id":"10820005","condominium":"No","status_date":"01/28/2013","jurisdiction":"BEE CAVE FULL PURPOSE","housing_units":"1","contractor_zip":"78691-____","contractor_city":"PFLUGERVILLE","issuance_method":"Permit Center","contractor_phone":"5128328900","contractor_trade":"Electrical Contractor","number_of_floors":"1","permit_type_desc":"Electrical Permit","fiscal_year_issued":"2012","total_new_add_sqft":"3,402","permit_class_mapped":"Residential","contractor_address_1":"PO BOX 3289","contractor_full_name":"Bryan Neal","issued_in_last_30_days":"No","certificate_of_occupancy":"No","property_legal_description":"LOT 10 BLK C LADERA PHS 1"},"geometry":{"type":"Point","coordinates":[-97.96061073,30.31596186]}},{"type":"Feature","properties":{"date":"2012-08-27T04:00:00.000Z","year":2012,"description":"New 1Stry Sf Res w/attached garage/ porch.Electric Service Only.EUD","metadescription":"EP. New. New 1Stry Sf Res w/attached garage/ porch.Electric Service Only.EUD. Final. 4208 TORDERA DR","address":"4208 TORDERA DR","link":"https://abc.austintexas.gov/web/permit/public-search-other?t_detail=1&t_selected_folderrsn=10818631","tcad_id":"0121680501","location":"    (30.31451163, -97.96071296)","day_issued":"MONDAY","project_id":"10818631","condominium":"No","status_date":"12/19/2012","jurisdiction":"BEE CAVE FULL PURPOSE","housing_units":"1","contractor_zip":"78691-____","contractor_city":"PFLUGERVILLE","issuance_method":"Permit Center","contractor_phone":"5128328900","contractor_trade":"Electrical Contractor","number_of_floors":"1","permit_type_desc":"Electrical Permit","fiscal_year_issued":"2012","total_new_add_sqft":"2,364","permit_class_mapped":"Residential","contractor_address_1":"PO BOX 3289","contractor_full_name":"Bryan Neal","issued_in_last_30_days":"No","certificate_of_occupancy":"No","property_legal_description":"LOT 9 BLK B LADERA PHS 2A"},"geometry":{"type":"Point","coordinates":[-97.96071296,30.31451163]}},{"type":"Feature","properties":{"date":"2012-08-20T04:00:00.000Z","year":2012,"description":"New 1 Stry Sf Res w/attached garage/porch/patio.Electric Service Only.EUD","metadescription":"EP. New. New 1 Stry Sf Res w/attached garage/porch/patio.Electric Service Only.EUD. VOID. 14901 FALCONHEAD GROVE LOOP","address":"14901 FALCONHEAD GROVE LOOP","link":"https://abc.austintexas.gov/web/permit/public-search-other?t_detail=1&t_selected_folderrsn=10815447","tcad_id":"0123730905","location":"    (30.32054549, -97.97068356)","day_issued":"MONDAY","project_id":"10815447","condominium":"No","status_date":"02/21/2013","jurisdiction":"BEE CAVE FULL PURPOSE","housing_units":"1","issuance_method":"Permit Center","number_of_floors":"1","permit_type_desc":"Electrical Permit","fiscal_year_issued":"2012","total_new_add_sqft":"2,612","permit_class_mapped":"Residential","issued_in_last_30_days":"No","certificate_of_occupancy":"No","property_legal_description":"LOT 21 BLK I SPILLMAN RANCH PHS 1 SEC 9"},"geometry":{"type":"Point","coordinates":[-97.97068356,30.32054549]}},{"type":"Feature","properties":{"date":"2012-08-20T04:00:00.000Z","year":2012,"description":"New 2 Stry Sf Res w/attached garage/porch/patio.Electric Service Only.EUD   **refer to pmt # 2013-033616**","metadescription":"EP. New. New 2 Stry Sf Res w/attached garage/porch/patio.Electric Service Only.EUD   **refer to pmt # 2013-033616**. VOID. 15305 FALCONHEAD GROVE LOOP","address":"15305 FALCONHEAD GROVE LOOP","link":"https://abc.austintexas.gov/web/permit/public-search-other?t_detail=1&t_selected_folderrsn=10815451","tcad_id":"0123730612","location":"    (30.31922831, -97.9711406)","day_issued":"MONDAY","project_id":"10815451","condominium":"No","status_date":"04/24/2013","jurisdiction":"BEE CAVE FULL PURPOSE","housing_units":"1","contractor_zip":"78742","contractor_city":"Austin","issuance_method":"Permit Center","contractor_phone":"5123858831","contractor_trade":"Electrical Contractor","number_of_floors":"2","permit_type_desc":"Electrical Permit","fiscal_year_issued":"2012","total_new_add_sqft":"3,324","permit_class_mapped":"Residential","contractor_address_1":"414 THOMPSON","contractor_address_2":"AUSTIN TX  7","contractor_full_name":"Fred Hoskins","issued_in_last_30_days":"No","certificate_of_occupancy":"No","property_legal_description":"LOT 6 BLK I SPILLMAN RANCH PHS 1 SEC 9"},"geometry":{"type":"Point","coordinates":[-97.9711406,30.31922831]}},{"type":"Feature","properties":{"date":"2012-08-20T04:00:00.000Z","year":2012,"description":"New 2 Stry Sf Res w/attached garage/porch/patio.Electric Service Only.EUD","metadescription":"EP. New. New 2 Stry Sf Res w/attached garage/porch/patio.Electric Service Only.EUD. VOID. 15313 FALCONHEAD GROVE LOOP","address":"15313 FALCONHEAD GROVE LOOP","link":"https://abc.austintexas.gov/web/permit/public-search-other?t_detail=1&t_selected_folderrsn=10815454","tcad_id":"0123730615","location":"    (30.31939296, -97.97082274)","day_issued":"MONDAY","project_id":"10815454","condominium":"No","status_date":"02/21/2013","jurisdiction":"BEE CAVE FULL PURPOSE","housing_units":"1","contractor_zip":"78742","contractor_city":"Austin","issuance_method":"Permit Center","contractor_phone":"5123858831","contractor_trade":"Electrical Contractor","number_of_floors":"2","permit_type_desc":"Electrical Permit","fiscal_year_issued":"2012","total_new_add_sqft":"3,078","permit_class_mapped":"Residential","contractor_address_1":"414 THOMPSON","contractor_address_2":"AUSTIN TX  7","contractor_full_name":"Fred Hoskins","issued_in_last_30_days":"No","certificate_of_occupancy":"No","property_legal_description":"LOT 3 BLK I SPILLMAN RANCH PHS 1 SEC 9"},"geometry":{"type":"Point","coordinates":[-97.97082274,30.31939296]}},{"type":"Feature","properties":{"date":"2012-08-20T04:00:00.000Z","year":2012,"description":"New 2 Stry Sf Res w/attached garage/porch/patio.Electric Service Only.EUD","metadescription":"EP. New. New 2 Stry Sf Res w/attached garage/porch/patio.Electric Service Only.EUD. Final. 15321 FALCONHEAD GROVE LOOP","address":"15321 FALCONHEAD GROVE LOOP","link":"https://abc.austintexas.gov/web/permit/public-search-other?t_detail=1&t_selected_folderrsn=10815456","tcad_id":"0123730617","location":"    (30.31960745, -97.97052267)","day_issued":"MONDAY","project_id":"10815456","condominium":"No","status_date":"02/04/2013","jurisdiction":"BEE CAVE FULL PURPOSE","housing_units":"1","contractor_zip":"78742","contractor_city":"Austin","issuance_method":"Permit Center","contractor_phone":"5123858831","contractor_trade":"Electrical Contractor","number_of_floors":"2","permit_type_desc":"Electrical Permit","fiscal_year_issued":"2012","total_new_add_sqft":"3,324","permit_class_mapped":"Residential","contractor_address_1":"414 THOMPSON","contractor_address_2":"AUSTIN TX  7","contractor_full_name":"Fred Hoskins","issued_in_last_30_days":"No","certificate_of_occupancy":"No","property_legal_description":"LOT 1 BLK I SPILLMAN RANCH PHS 1 SEC 9"},"geometry":{"type":"Point","coordinates":[-97.97052267,30.31960745]}},{"type":"Feature","properties":{"date":"2012-08-20T04:00:00.000Z","year":2012,"description":"New 2 Stry Sf Res w/attached garage/porch/patio.Electric Service Only.EUD","metadescription":"EP. New. New 2 Stry Sf Res w/attached garage/porch/patio.Electric Service Only.EUD. VOID. 4312 FALCONHEAD NEST DR","address":"4312 FALCONHEAD NEST DR","link":"https://abc.austintexas.gov/web/permit/public-search-other?t_detail=1&t_selected_folderrsn=10815440","tcad_id":"0123730704","location":"    (30.32016389, -97.97131742)","day_issued":"MONDAY","project_id":"10815440","condominium":"No","status_date":"05/16/2013","jurisdiction":"BEE CAVE FULL PURPOSE","housing_units":"1","contractor_zip":"78742","contractor_city":"Austin","issuance_method":"Permit Center","contractor_phone":"5123858831","contractor_trade":"Electrical Contractor","number_of_floors":"2","permit_type_desc":"Electrical Permit","fiscal_year_issued":"2012","total_new_add_sqft":"3,078","permit_class_mapped":"Residential","contractor_address_1":"414 THOMPSON","contractor_address_2":"AUSTIN TX  7","contractor_full_name":"Fred Hoskins","issued_in_last_30_days":"No","certificate_of_occupancy":"No","property_legal_description":"LOT 41 BLK I SPILLMAN RANCH PHS 1 SEC 9"},"geometry":{"type":"Point","coordinates":[-97.97131742,30.32016389]}},{"type":"Feature","properties":{"date":"2012-08-13T04:00:00.000Z","year":2012,"description":"New 1 Stry Sf res w/ atted garage & covrd porch.","metadescription":"EP. New. New 1 Stry Sf res w/ atted garage & covrd porch.. Final. 4504 TAMBRE BND","address":"4504 TAMBRE BND","link":"https://abc.austintexas.gov/web/permit/public-search-other?t_detail=1&t_selected_folderrsn=10811752","tcad_id":"0121680407","location":"    (30.31377165, -97.95996087)","day_issued":"MONDAY","project_id":"10811752","condominium":"No","status_date":"12/17/2012","jurisdiction":"BEE CAVE FULL PURPOSE","housing_units":"1","contractor_zip":"78691-____","contractor_city":"PFLUGERVILLE","issuance_method":"Permit Center","contractor_phone":"5128328900","contractor_trade":"Electrical Contractor","number_of_floors":"1","permit_type_desc":"Electrical Permit","fiscal_year_issued":"2012","total_new_add_sqft":"2,545","permit_class_mapped":"Residential","contractor_address_1":"PO BOX 3289","contractor_full_name":"Bryan Neal","issued_in_last_30_days":"No","certificate_of_occupancy":"No","property_legal_description":"LOT 2 BLK D LADERA PHS 2A"},"geometry":{"type":"Point","coordinates":[-97.95996087,30.31377165]}},{"type":"Feature","properties":{"date":"2012-08-13T04:00:00.000Z","year":2012,"description":"New 1 Stry Sf res w/ atted garage & covrd porch / patio.","metadescription":"EP. New. New 1 Stry Sf res w/ atted garage & covrd porch / patio.. Final. 4412 TAMBRE BND","address":"4412 TAMBRE BND","link":"https://abc.austintexas.gov/web/permit/public-search-other?t_detail=1&t_selected_folderrsn=10811748","tcad_id":"0121680309","location":"    (30.3138756, -97.95918803)","day_issued":"MONDAY","project_id":"10811748","condominium":"No","status_date":"12/19/2012","jurisdiction":"BEE CAVE FULL PURPOSE","housing_units":"1","contractor_zip":"78691-____","contractor_city":"PFLUGERVILLE","issuance_method":"Permit Center","contractor_phone":"5128328900","contractor_trade":"Electrical Contractor","number_of_floors":"1","permit_type_desc":"Electrical Permit","fiscal_year_issued":"2012","total_new_add_sqft":"2,545","permit_class_mapped":"Residential","contractor_address_1":"PO BOX 3289","contractor_full_name":"Bryan Neal","issued_in_last_30_days":"No","certificate_of_occupancy":"No","property_legal_description":"LOT 8 BLK E LADERA PHS 1"},"geometry":{"type":"Point","coordinates":[-97.95918803,30.3138756]}},{"type":"Feature","properties":{"date":"2012-08-06T04:00:00.000Z","year":2012,"description":"New 2 sty sf residence w/attached garage & covd porch. Electrical service only. EUD.","metadescription":"EP. New. New 2 sty sf residence w/attached garage & covd porch. Electrical service only. EUD.. Final. 4313 ADIRONDACK SUMMIT DR","address":"4313 ADIRONDACK SUMMIT DR","link":"https://abc.austintexas.gov/web/permit/public-search-other?t_detail=1&t_selected_folderrsn=10808841","tcad_id":"0123760143","location":"    (30.32042918, -97.98006038)","day_issued":"MONDAY","project_id":"10808841","condominium":"No","status_date":"01/02/2013","jurisdiction":"BEE CAVE FULL PURPOSE","housing_units":"1","contractor_zip":"78691-____","contractor_city":"PFLUGERVILLE","issuance_method":"Permit Center","contractor_phone":"5128328900","contractor_trade":"Electrical Contractor","number_of_floors":"2","permit_type_desc":"Electrical Permit","fiscal_year_issued":"2012","total_new_add_sqft":"4,578","permit_class_mapped":"Residential","contractor_address_1":"PO BOX 3289","contractor_full_name":"Bryan Neal","issued_in_last_30_days":"No","certificate_of_occupancy":"No","property_legal_description":"LOT 88 BLK A FALCONHEAD WEST PHS 1 SEC 2 & PHS 2"},"geometry":{"type":"Point","coordinates":[-97.98006038,30.32042918]}},{"type":"Feature","properties":{"date":"2012-08-06T04:00:00.000Z","year":2012,"description":"New 2 sty sf residence w/attached garage & porch. Electrical service only. EUD.","metadescription":"EP. New. New 2 sty sf residence w/attached garage & porch. Electrical service only. EUD.. Final. 15205 CASCADE BLUFF","address":"15205 CASCADE BLUFF","link":"https://abc.austintexas.gov/web/permit/public-search-other?t_detail=1&t_selected_folderrsn=10808836","tcad_id":"0123760139","location":"    (30.32007159, -97.98050657)","day_issued":"MONDAY","project_id":"10808836","condominium":"No","status_date":"11/28/2012","jurisdiction":"BEE CAVE FULL PURPOSE","housing_units":"1","contractor_zip":"78691-____","contractor_city":"PFLUGERVILLE","issuance_method":"Permit Center","contractor_phone":"5128328900","contractor_trade":"Electrical Contractor","number_of_floors":"2","permit_type_desc":"Electrical Permit","fiscal_year_issued":"2012","total_new_add_sqft":"4,766","permit_class_mapped":"Residential","contractor_address_1":"PO BOX 3289","contractor_full_name":"Bryan Neal","issued_in_last_30_days":"No","certificate_of_occupancy":"No","property_legal_description":"LOT 84 BLK A FALCONHEAD WEST PHS 1 SEC 2 & PHS 2"},"geometry":{"type":"Point","coordinates":[-97.98050657,30.32007159]}},{"type":"Feature","properties":{"date":"2012-08-02T04:00:00.000Z","year":2012,"description":"New 2 sty sf residence w/attached garage & porch.","metadescription":"EP. New. New 2 sty sf residence w/attached garage & porch.. Final. 4105 GANDARA BND","address":"4105 GANDARA BND","link":"https://abc.austintexas.gov/web/permit/public-search-other?t_detail=1&t_selected_folderrsn=10807162","tcad_id":"0123680116","location":"    (30.31689729, -97.95988716)","day_issued":"THURSDAY","project_id":"10807162","condominium":"No","status_date":"12/14/2012","jurisdiction":"BEE CAVE FULL PURPOSE","housing_units":"1","contractor_zip":"78691-____","contractor_city":"PFLUGERVILLE","issuance_method":"Permit Center","contractor_phone":"5128328900","contractor_trade":"Electrical Contractor","number_of_floors":"2","permit_type_desc":"Electrical Permit","fiscal_year_issued":"2012","total_new_add_sqft":"3,749","permit_class_mapped":"Residential","contractor_address_1":"PO BOX 3289","contractor_full_name":"Bryan Neal","issued_in_last_30_days":"No","certificate_of_occupancy":"No","property_legal_description":"LOT 55 BLK B LADERA PHS 1"},"geometry":{"type":"Point","coordinates":[-97.95988716,30.31689729]}},{"type":"Feature","properties":{"date":"2012-07-27T04:00:00.000Z","year":2012,"description":"New 2 Stry Sf Res w/attached garage/porch.Electrical Service Only.EUD","metadescription":"EP. New. New 2 Stry Sf Res w/attached garage/porch.Electrical Service Only.EUD. Final. 4217 TAMBRE BND","address":"4217 TAMBRE BND","link":"https://abc.austintexas.gov/web/permit/public-search-other?t_detail=1&t_selected_folderrsn=10796973","tcad_id":"0123680202","location":"    (30.31493528, -97.95878791)","day_issued":"FRIDAY","project_id":"10796973","condominium":"No","status_date":"11/21/2012","jurisdiction":"BEE CAVE FULL PURPOSE","housing_units":"1","contractor_zip":"78691-____","contractor_city":"PFLUGERVILLE","issuance_method":"Permit Center","contractor_phone":"5128328900","contractor_trade":"Electrical Contractor","number_of_floors":"2","permit_type_desc":"Electrical Permit","fiscal_year_issued":"2012","total_new_add_sqft":"3,387","permit_class_mapped":"Residential","contractor_address_1":"PO BOX 3289","contractor_full_name":"Bryan Neal","issued_in_last_30_days":"No","certificate_of_occupancy":"No","property_legal_description":"LOT 23 BLK F LADERA PHS 1"},"geometry":{"type":"Point","coordinates":[-97.95878791,30.31493528]}},{"type":"Feature","properties":{"date":"2012-07-26T04:00:00.000Z","year":2012,"description":"New 1 Stry SF resid w/attgarage porch covered patio EUD","metadescription":"EP. New. New 1 Stry SF resid w/attgarage porch covered patio EUD. Final. 4228 TAMBRE BND","address":"4228 TAMBRE BND","link":"https://abc.austintexas.gov/web/permit/public-search-other?t_detail=1&t_selected_folderrsn=10803589","tcad_id":"0121680304","location":"    (30.31437672, -97.95892211)","day_issued":"THURSDAY","project_id":"10803589","condominium":"No","status_date":"12/19/2012","jurisdiction":"BEE CAVE FULL PURPOSE","housing_units":"1","contractor_zip":"78691-____","contractor_city":"PFLUGERVILLE","issuance_method":"Permit Center","contractor_phone":"5128328900","contractor_trade":"Electrical Contractor","number_of_floors":"1","permit_type_desc":"Electrical Permit","fiscal_year_issued":"2012","total_new_add_sqft":"2,270","permit_class_mapped":"Residential","contractor_address_1":"PO BOX 3289","contractor_full_name":"Bryan Neal","issued_in_last_30_days":"No","certificate_of_occupancy":"No","property_legal_description":"LOT 13 BLK E LADERA PHS 1"},"geometry":{"type":"Point","coordinates":[-97.95892211,30.31437672]}},{"type":"Feature","properties":{"date":"2012-07-26T04:00:00.000Z","year":2012,"description":"New 1 Stry SF Resid w/att garage porch covered patio EUD","metadescription":"EP. New. New 1 Stry SF Resid w/att garage porch covered patio EUD. Final. 4224 TAMBRE BND","address":"4224 TAMBRE BND","link":"https://abc.austintexas.gov/web/permit/public-search-other?t_detail=1&t_selected_folderrsn=10803605","tcad_id":"0121680303","location":"    (30.31451803, -97.95897886)","day_issued":"THURSDAY","project_id":"10803605","condominium":"No","status_date":"12/19/2012","jurisdiction":"BEE CAVE FULL PURPOSE","housing_units":"1","contractor_zip":"78691-____","contractor_city":"PFLUGERVILLE","issuance_method":"Permit Center","contractor_phone":"5128328900","contractor_trade":"Electrical Contractor","number_of_floors":"1","permit_type_desc":"Electrical Permit","fiscal_year_issued":"2012","total_new_add_sqft":"2,545","permit_class_mapped":"Residential","contractor_address_1":"PO BOX 3289","contractor_full_name":"Bryan Neal","issued_in_last_30_days":"No","certificate_of_occupancy":"No","property_legal_description":"LOT 14 BLK E LADERA PHS 1"},"geometry":{"type":"Point","coordinates":[-97.95897886,30.31451803]}},{"type":"Feature","properties":{"date":"2012-07-19T04:00:00.000Z","year":2012,"description":"New 1 Stry Sf Res w/attached garage/porch.Electric Service Only.EUD","metadescription":"EP. New. New 1 Stry Sf Res w/attached garage/porch.Electric Service Only.EUD. Final. 4220 TAMBRE BND","address":"4220 TAMBRE BND","link":"https://abc.austintexas.gov/web/permit/public-search-other?t_detail=1&t_selected_folderrsn=10799977","tcad_id":"0121680302","location":"    (30.31463501, -97.9590584)","day_issued":"THURSDAY","project_id":"10799977","condominium":"No","status_date":"10/18/2012","jurisdiction":"BEE CAVE FULL PURPOSE","housing_units":"1","contractor_zip":"78691-____","contractor_city":"PFLUGERVILLE","issuance_method":"Permit Center","contractor_phone":"5128328900","contractor_trade":"Electrical Contractor","number_of_floors":"1","permit_type_desc":"Electrical Permit","fiscal_year_issued":"2012","total_new_add_sqft":"2,364","permit_class_mapped":"Residential","contractor_address_1":"PO BOX 3289","contractor_full_name":"Bryan Neal","issued_in_last_30_days":"No","certificate_of_occupancy":"No","property_legal_description":"LOT 15 BLK E LADERA PHS 1"},"geometry":{"type":"Point","coordinates":[-97.9590584,30.31463501]}},{"type":"Feature","properties":{"date":"2012-07-18T04:00:00.000Z","year":2012,"description":"New 2 Stry Sf Res w/attached garage/porch.Electrical Service Only.EUD","metadescription":"EP. New. New 2 Stry Sf Res w/attached garage/porch.Electrical Service Only.EUD. Final. 4213 TAMBRE BND","address":"4213 TAMBRE BND","link":"https://abc.austintexas.gov/web/permit/public-search-other?t_detail=1&t_selected_folderrsn=10796969","tcad_id":"0123680203","location":"    (30.31506577, -97.95885443)","day_issued":"WEDNESDAY","project_id":"10796969","condominium":"No","status_date":"11/08/2012","jurisdiction":"BEE CAVE FULL PURPOSE","housing_units":"1","contractor_zip":"78691-____","contractor_city":"PFLUGERVILLE","issuance_method":"Permit Center","contractor_phone":"5128328900","contractor_trade":"Electrical Contractor","number_of_floors":"2","permit_type_desc":"Electrical Permit","fiscal_year_issued":"2012","total_new_add_sqft":"3,179","permit_class_mapped":"Residential","contractor_address_1":"PO BOX 3289","contractor_full_name":"Bryan Neal","issued_in_last_30_days":"No","certificate_of_occupancy":"No","property_legal_description":"LOT 24 BLK F LADERA PHS 1"},"geometry":{"type":"Point","coordinates":[-97.95885443,30.31506577]}},{"type":"Feature","properties":{"date":"2012-07-16T04:00:00.000Z","year":2012,"description":"New 2 Stry Sf Res w/attached garage/porch.Electrical Service Only.EUD","metadescription":"EP. New. New 2 Stry Sf Res w/attached garage/porch.Electrical Service Only.EUD. Final. 4117 GANDARA BND","address":"4117 GANDARA BND","link":"https://abc.austintexas.gov/web/permit/public-search-other?t_detail=1&t_selected_folderrsn=10796970","tcad_id":"0123680113","location":"    (30.31644773, -97.95966998)","day_issued":"MONDAY","project_id":"10796970","condominium":"No","status_date":"02/25/2013","jurisdiction":"BEE CAVE FULL PURPOSE","housing_units":"1","contractor_zip":"78691-____","contractor_city":"PFLUGERVILLE","issuance_method":"Permit Center","contractor_phone":"5128328900","contractor_trade":"Electrical Contractor","number_of_floors":"2","permit_type_desc":"Electrical Permit","fiscal_year_issued":"2012","total_new_add_sqft":"3,685","permit_class_mapped":"Residential","contractor_address_1":"PO BOX 3289","contractor_full_name":"Bryan Neal","issued_in_last_30_days":"No","certificate_of_occupancy":"No","property_legal_description":"LOT 58 BLK B LADERA PHS 1"},"geometry":{"type":"Point","coordinates":[-97.95966998,30.31644773]}},{"type":"Feature","properties":{"date":"2012-07-16T04:00:00.000Z","year":2012,"description":"New 1 Stry Sf Res w/attached garage/porch.Electrical Service Only.EUD","metadescription":"EP. New. New 1 Stry Sf Res w/attached garage/porch.Electrical Service Only.EUD. Final. 4112 GANDARA BND","address":"4112 GANDARA BND","link":"https://abc.austintexas.gov/web/permit/public-search-other?t_detail=1&t_selected_folderrsn=10796956","tcad_id":"0123680410","location":"    (30.31630423, -97.96008878)","day_issued":"MONDAY","project_id":"10796956","condominium":"No","status_date":"12/10/2012","jurisdiction":"BEE CAVE FULL PURPOSE","housing_units":"1","contractor_zip":"78691-____","contractor_city":"PFLUGERVILLE","issuance_method":"Permit Center","contractor_phone":"5128328900","contractor_trade":"Electrical Contractor","number_of_floors":"1","permit_type_desc":"Electrical Permit","fiscal_year_issued":"2012","total_new_add_sqft":"3,402","permit_class_mapped":"Residential","contractor_address_1":"PO BOX 3289","contractor_full_name":"Bryan Neal","issued_in_last_30_days":"No","certificate_of_occupancy":"No","property_legal_description":"LOT 8 BLK C LADERA PHS 1"},"geometry":{"type":"Point","coordinates":[-97.96008878,30.31630423]}},{"type":"Feature","properties":{"date":"2012-07-16T04:00:00.000Z","year":2012,"description":"New 1 Stry Sf Res w/attached garage/porch.Electrical Service Only.EUD","metadescription":"EP. New. New 1 Stry Sf Res w/attached garage/porch.Electrical Service Only.EUD. Final. 4116 GANDARA BND","address":"4116 GANDARA BND","link":"https://abc.austintexas.gov/web/permit/public-search-other?t_detail=1&t_selected_folderrsn=10796965","tcad_id":"0123680411","location":"    (30.31615443, -97.96001955)","day_issued":"MONDAY","project_id":"10796965","condominium":"No","status_date":"12/05/2012","jurisdiction":"BEE CAVE FULL PURPOSE","housing_units":"1","contractor_zip":"78691-____","contractor_city":"PFLUGERVILLE","issuance_method":"Permit Center","contractor_phone":"5128328900","contractor_trade":"Electrical Contractor","number_of_floors":"1","permit_type_desc":"Electrical Permit","fiscal_year_issued":"2012","total_new_add_sqft":"3,424","permit_class_mapped":"Residential","contractor_address_1":"PO BOX 3289","contractor_full_name":"Bryan Neal","issued_in_last_30_days":"No","certificate_of_occupancy":"No","property_legal_description":"LOT 9 BLK C LADERA PHS 1"},"geometry":{"type":"Point","coordinates":[-97.96001955,30.31615443]}},{"type":"Feature","properties":{"date":"2012-07-16T04:00:00.000Z","year":2012,"description":"New 2 Stry Sf Res w/attached garage/porch.Electrical Service Only.EUD","metadescription":"EP. New. New 2 Stry Sf Res w/attached garage/porch.Electrical Service Only.EUD. Final. 4113 GANDARA BND","address":"4113 GANDARA BND","link":"https://abc.austintexas.gov/web/permit/public-search-other?t_detail=1&t_selected_folderrsn=10796945","tcad_id":"0123680114","location":"    (30.31659197, -97.95973617)","day_issued":"MONDAY","project_id":"10796945","condominium":"No","status_date":"12/13/2012","jurisdiction":"BEE CAVE FULL PURPOSE","housing_units":"0","contractor_zip":"78691-____","contractor_city":"PFLUGERVILLE","issuance_method":"Permit Center","contractor_phone":"5128328900","contractor_trade":"Electrical Contractor","number_of_floors":"0","permit_type_desc":"Electrical Permit","fiscal_year_issued":"2012","permit_class_mapped":"Residential","contractor_address_1":"PO BOX 3289","contractor_full_name":"Bryan Neal","issued_in_last_30_days":"No","certificate_of_occupancy":"No","property_legal_description":"LOT 57 BLK B LADERA PHS 1","electrical_valuation_remodel":"$0.00"},"geometry":{"type":"Point","coordinates":[-97.95973617,30.31659197]}},{"type":"Feature","properties":{"date":"2012-05-31T04:00:00.000Z","year":2012,"description":"New SF Resid w/att garage porch covered patio EUD","metadescription":"EP. New. New SF Resid w/att garage porch covered patio EUD. Final. 14501 FALCON HEAD BLVD BLDG 11","address":"14501 FALCON HEAD BLVD BLDG 11","link":"https://abc.austintexas.gov/web/permit/public-search-other?t_detail=1&t_selected_folderrsn=10773887","tcad_id":"0125680401","location":"    (30.32223227, -97.96045654)","day_issued":"THURSDAY","project_id":"10773887","condominium":"No","status_date":"09/11/2012","jurisdiction":"BEE CAVE FULL PURPOSE","housing_units":"1","contractor_zip":"78742","contractor_city":"Austin","issuance_method":"Permit Center","contractor_phone":"5123858831","contractor_trade":"Electrical Contractor","number_of_floors":"1","permit_type_desc":"Electrical Permit","fiscal_year_issued":"2012","total_new_add_sqft":"1,932","permit_class_mapped":"Residential","contractor_address_1":"414 THOMPSON","contractor_address_2":"AUSTIN TX  7","contractor_full_name":"Fred Hoskins","issued_in_last_30_days":"No","certificate_of_occupancy":"No"},"geometry":{"type":"Point","coordinates":[-97.96045654,30.32223227]}},{"type":"Feature","properties":{"date":"2012-05-31T04:00:00.000Z","year":2012,"description":"New 2 sty residence w/attached garage & porch-covd patio Electrical service only. EUD.","metadescription":"EP. New. New 2 sty residence w/attached garage & porch-covd patio Electrical service only. EUD.. Final. 16216 ROCKIES RUN SUMMIT","address":"16216 ROCKIES RUN SUMMIT","link":"https://abc.austintexas.gov/web/permit/public-search-other?t_detail=1&t_selected_folderrsn=10773922","tcad_id":"0125800201","location":"    (30.3210192, -97.99607722)","day_issued":"THURSDAY","project_id":"10773922","condominium":"No","status_date":"09/25/2012","jurisdiction":"BEE CAVE FULL PURPOSE","housing_units":"1","contractor_zip":"78691-____","contractor_city":"PFLUGERVILLE","issuance_method":"Permit Center","contractor_phone":"5128328900","contractor_trade":"Electrical Contractor","number_of_floors":"2","permit_type_desc":"Electrical Permit","fiscal_year_issued":"2012","total_new_add_sqft":"3,759","permit_class_mapped":"Residential","contractor_address_1":"PO BOX 3289","contractor_full_name":"Bryan Neal","issued_in_last_30_days":"No","certificate_of_occupancy":"No","property_legal_description":"LOT 230 BLK C FALCONHEAD WEST PHS 1 SEC 2 & PHS 2"},"geometry":{"type":"Point","coordinates":[-97.99607722,30.3210192]}},{"type":"Feature","properties":{"date":"2012-05-31T04:00:00.000Z","year":2012,"description":"New 2 sty w/attached garage & porch-covd patio. Electrical service only. EUD.","metadescription":"EP. New. New 2 sty w/attached garage & porch-covd patio. Electrical service only. EUD.. Final. 16117 OZARKS PATH","address":"16117 OZARKS PATH","link":"https://abc.austintexas.gov/web/permit/public-search-other?t_detail=1&t_selected_folderrsn=10773919","tcad_id":"0125800109","location":"    (30.32150499, -97.99345961)","day_issued":"THURSDAY","project_id":"10773919","condominium":"No","status_date":"10/03/2012","jurisdiction":"BEE CAVE FULL PURPOSE","housing_units":"1","contractor_zip":"78691-____","contractor_city":"PFLUGERVILLE","issuance_method":"Permit Center","contractor_phone":"5128328900","contractor_trade":"Electrical Contractor","number_of_floors":"2","permit_type_desc":"Electrical Permit","fiscal_year_issued":"2012","total_new_add_sqft":"3,616","permit_class_mapped":"Residential","contractor_address_1":"PO BOX 3289","contractor_full_name":"Bryan Neal","issued_in_last_30_days":"No","certificate_of_occupancy":"No","property_legal_description":"LOT 208 BLK C FALCONHEAD WEST PHS 1 SEC 1"},"geometry":{"type":"Point","coordinates":[-97.99345961,30.32150499]}},{"type":"Feature","properties":{"date":"2012-05-23T04:00:00.000Z","year":2012,"description":"New sf residence w/ garage & porch electrical service only. EUD.","metadescription":"EP. New. New sf residence w/ garage & porch electrical service only. EUD.. Final. 16112 OZARKS PATH","address":"16112 OZARKS PATH","link":"https://abc.austintexas.gov/web/permit/public-search-other?t_detail=1&t_selected_folderrsn=10770977","tcad_id":"0125800104","location":"    (30.32184057, -97.99301083)","day_issued":"WEDNESDAY","project_id":"10770977","condominium":"No","status_date":"10/03/2012","jurisdiction":"BEE CAVE FULL PURPOSE","housing_units":"1","contractor_zip":"78691-____","contractor_city":"PFLUGERVILLE","issuance_method":"Permit Center","contractor_phone":"5128328900","contractor_trade":"Electrical Contractor","number_of_floors":"1","permit_type_desc":"Electrical Permit","fiscal_year_issued":"2012","total_new_add_sqft":"3,759","permit_class_mapped":"Residential","contractor_address_1":"PO BOX 3289","contractor_full_name":"Bryan Neal","issued_in_last_30_days":"No","certificate_of_occupancy":"No","property_legal_description":"LOT 203 BLK C FALCONHEAD WEST PHS 1 SEC 1"},"geometry":{"type":"Point","coordinates":[-97.99301083,30.32184057]}},{"type":"Feature","properties":{"date":"2012-05-02T04:00:00.000Z","year":2012,"description":"New 1 Stry Sf Res w/attached garage/covered porch.Electrical Service Only.EUD (BeeCaves)","metadescription":"EP. New. New 1 Stry Sf Res w/attached garage/covered porch.Electrical Service Only.EUD (BeeCaves). Final. 14501 FALCON HEAD BLVD BLDG 40","address":"14501 FALCON HEAD BLVD BLDG 40","link":"https://abc.austintexas.gov/web/permit/public-search-other?t_detail=1&t_selected_folderrsn=10759684","tcad_id":"0125680401","location":"    (30.32223227, -97.96045654)","day_issued":"WEDNESDAY","project_id":"10759684","condominium":"No","status_date":"10/05/2012","jurisdiction":"BEE CAVE FULL PURPOSE","housing_units":"1","contractor_zip":"78742","contractor_city":"Austin","issuance_method":"Permit Center","contractor_phone":"5123858831","contractor_trade":"Electrical Contractor","number_of_floors":"1","permit_type_desc":"Electrical Permit","fiscal_year_issued":"2012","total_new_add_sqft":"1,242","permit_class_mapped":"Residential","contractor_address_1":"414 THOMPSON","contractor_address_2":"AUSTIN TX  7","contractor_full_name":"Fred Hoskins","issued_in_last_30_days":"No","certificate_of_occupancy":"No"},"geometry":{"type":"Point","coordinates":[-97.96045654,30.32223227]}},{"type":"Feature","properties":{"date":"2012-05-01T04:00:00.000Z","year":2012,"description":"New 2 sty single family residence w/ garage & porch.  (EUD)","metadescription":"EP. New. New 2 sty single family residence w/ garage & porch.  (EUD). Final. 16113 ROCKIES RUN SUMMIT","address":"16113 ROCKIES RUN SUMMIT","link":"https://abc.austintexas.gov/web/permit/public-search-other?t_detail=1&t_selected_folderrsn=10757060","tcad_id":"0123800110","location":"    (30.31962737, -97.99515991)","day_issued":"TUESDAY","project_id":"10757060","condominium":"No","status_date":"08/27/2012","jurisdiction":"BEE CAVE FULL PURPOSE","housing_units":"1","contractor_zip":"78691-____","contractor_city":"PFLUGERVILLE","issuance_method":"Permit Center","contractor_phone":"5128328900","contractor_trade":"Electrical Contractor","number_of_floors":"2","permit_type_desc":"Electrical Permit","fiscal_year_issued":"2012","total_new_add_sqft":"3,733","permit_class_mapped":"Residential","contractor_address_1":"PO BOX 3289","contractor_full_name":"Bryan Neal","issued_in_last_30_days":"No","certificate_of_occupancy":"No","property_legal_description":"LOT 270 BLK C FALCONHEAD WEST PHS 1 SEC 2 & PHS 2"},"geometry":{"type":"Point","coordinates":[-97.99515991,30.31962737]}},{"type":"Feature","properties":{"date":"2012-04-23T04:00:00.000Z","year":2012,"description":"New 1 Stry Sf Res w/attached garage/covered porch.Electrical Service Only.EUD (BeeCaves)","metadescription":"EP. New. New 1 Stry Sf Res w/attached garage/covered porch.Electrical Service Only.EUD (BeeCaves). Final. 14501 FALCON HEAD BLVD BLDG 9","address":"14501 FALCON HEAD BLVD BLDG 9","link":"https://abc.austintexas.gov/web/permit/public-search-other?t_detail=1&t_selected_folderrsn=10754483","tcad_id":"0125680401","location":"    (30.32223227, -97.96045654)","day_issued":"MONDAY","project_id":"10754483","condominium":"No","status_date":"09/11/2012","jurisdiction":"BEE CAVE FULL PURPOSE","housing_units":"1","contractor_zip":"78742","contractor_city":"Austin","issuance_method":"Permit Center","contractor_phone":"5123858831","contractor_trade":"Electrical Contractor","number_of_floors":"1","permit_type_desc":"Electrical Permit","fiscal_year_issued":"2012","total_new_add_sqft":"1,242","permit_class_mapped":"Residential","contractor_address_1":"414 THOMPSON","contractor_address_2":"AUSTIN TX  7","contractor_full_name":"Fred Hoskins","issued_in_last_30_days":"No","certificate_of_occupancy":"No"},"geometry":{"type":"Point","coordinates":[-97.96045654,30.32223227]}},{"type":"Feature","properties":{"date":"2012-04-23T04:00:00.000Z","year":2012,"description":"New 1 Stry Sf Res w/attached garage/covered porch.Electrical Service Only.EUD (BeeCaves)","metadescription":"EP. New. New 1 Stry Sf Res w/attached garage/covered porch.Electrical Service Only.EUD (BeeCaves). Final. 14501 FALCON HEAD BLVD BLDG 12","address":"14501 FALCON HEAD BLVD BLDG 12","link":"https://abc.austintexas.gov/web/permit/public-search-other?t_detail=1&t_selected_folderrsn=10754480","tcad_id":"0125680401","location":"    (30.32223227, -97.96045654)","day_issued":"MONDAY","project_id":"10754480","condominium":"No","status_date":"08/22/2012","jurisdiction":"BEE CAVE FULL PURPOSE","housing_units":"1","contractor_zip":"78742","contractor_city":"Austin","issuance_method":"Permit Center","contractor_phone":"5123858831","contractor_trade":"Electrical Contractor","number_of_floors":"1","permit_type_desc":"Electrical Permit","fiscal_year_issued":"2012","total_new_add_sqft":"1,475","permit_class_mapped":"Residential","contractor_address_1":"414 THOMPSON","contractor_address_2":"AUSTIN TX  7","contractor_full_name":"Fred Hoskins","issued_in_last_30_days":"No","certificate_of_occupancy":"No"},"geometry":{"type":"Point","coordinates":[-97.96045654,30.32223227]}},{"type":"Feature","properties":{"date":"2012-03-14T04:00:00.000Z","year":2012,"description":"New 1 Stry Sf Res w/attached garage/covered porch.Electrical Service Only.EUD","metadescription":"EP. New. New 1 Stry Sf Res w/attached garage/covered porch.Electrical Service Only.EUD. Final. 14501 FALCON HEAD BLVD BLDG 22","address":"14501 FALCON HEAD BLVD BLDG 22","link":"https://abc.austintexas.gov/web/permit/public-search-other?t_detail=1&t_selected_folderrsn=10734325","tcad_id":"0125680401","location":"    (30.32223227, -97.96045654)","day_issued":"WEDNESDAY","project_id":"10734325","condominium":"No","status_date":"07/26/2012","jurisdiction":"BEE CAVE FULL PURPOSE","housing_units":"0","contractor_zip":"78742","contractor_city":"Austin","issuance_method":"Permit Center","contractor_phone":"5123858831","contractor_trade":"Electrical Contractor","number_of_floors":"0","permit_type_desc":"Electrical Permit","fiscal_year_issued":"2012","total_new_add_sqft":"1,668","permit_class_mapped":"Residential","contractor_address_1":"414 THOMPSON","contractor_address_2":"AUSTIN TX  7","contractor_full_name":"Fred Hoskins","issued_in_last_30_days":"No","certificate_of_occupancy":"No"},"geometry":{"type":"Point","coordinates":[-97.96045654,30.32223227]}},{"type":"Feature","properties":{"date":"2012-03-14T04:00:00.000Z","year":2012,"description":"New 1 Stry Sf Res w/attached garage/covered porch.Electrical Service Only.EUD","metadescription":"EP. New. New 1 Stry Sf Res w/attached garage/covered porch.Electrical Service Only.EUD. Final. 14501 FALCON HEAD BLVD BLDG 18","address":"14501 FALCON HEAD BLVD BLDG 18","link":"https://abc.austintexas.gov/web/permit/public-search-other?t_detail=1&t_selected_folderrsn=10734330","tcad_id":"0125680401","location":"    (30.32223227, -97.96045654)","day_issued":"WEDNESDAY","project_id":"10734330","condominium":"No","status_date":"09/24/2012","jurisdiction":"BEE CAVE FULL PURPOSE","housing_units":"0","contractor_zip":"78742","contractor_city":"Austin","issuance_method":"Permit Center","contractor_phone":"5123858831","contractor_trade":"Electrical Contractor","number_of_floors":"0","permit_type_desc":"Electrical Permit","fiscal_year_issued":"2012","total_new_add_sqft":"1,475","permit_class_mapped":"Residential","contractor_address_1":"414 THOMPSON","contractor_address_2":"AUSTIN TX  7","contractor_full_name":"Fred Hoskins","issued_in_last_30_days":"No","certificate_of_occupancy":"No"},"geometry":{"type":"Point","coordinates":[-97.96045654,30.32223227]}},{"type":"Feature","properties":{"date":"2012-03-14T04:00:00.000Z","year":2012,"description":"New 1 Stry Sf Res w/attached garage/covered porch.Electrical Service Only.EUD","metadescription":"EP. New. New 1 Stry Sf Res w/attached garage/covered porch.Electrical Service Only.EUD. Final. 14501 FALCON HEAD BLVD BLDG 19","address":"14501 FALCON HEAD BLVD BLDG 19","link":"https://abc.austintexas.gov/web/permit/public-search-other?t_detail=1&t_selected_folderrsn=10734333","tcad_id":"0125680401","location":"    (30.32223227, -97.96045654)","day_issued":"WEDNESDAY","project_id":"10734333","condominium":"No","status_date":"08/03/2012","jurisdiction":"BEE CAVE FULL PURPOSE","housing_units":"0","contractor_zip":"78742","contractor_city":"Austin","issuance_method":"Permit Center","contractor_phone":"5123858831","contractor_trade":"Electrical Contractor","number_of_floors":"0","permit_type_desc":"Electrical Permit","fiscal_year_issued":"2012","total_new_add_sqft":"1,475","permit_class_mapped":"Residential","contractor_address_1":"414 THOMPSON","contractor_address_2":"AUSTIN TX  7","contractor_full_name":"Fred Hoskins","issued_in_last_30_days":"No","certificate_of_occupancy":"No"},"geometry":{"type":"Point","coordinates":[-97.96045654,30.32223227]}},{"type":"Feature","properties":{"date":"2012-03-14T04:00:00.000Z","year":2012,"description":"New 1 Stry Sf Res w/attached garage/covered porch.Electrical Service Only.EUD","metadescription":"EP. New. New 1 Stry Sf Res w/attached garage/covered porch.Electrical Service Only.EUD. Final. 14501 FALCON HEAD BLVD BLDG 10","address":"14501 FALCON HEAD BLVD BLDG 10","link":"https://abc.austintexas.gov/web/permit/public-search-other?t_detail=1&t_selected_folderrsn=10734337","tcad_id":"0125680401","location":"    (30.32223227, -97.96045654)","day_issued":"WEDNESDAY","project_id":"10734337","condominium":"No","status_date":"08/22/2012","jurisdiction":"BEE CAVE FULL PURPOSE","housing_units":"0","contractor_zip":"78742","contractor_city":"Austin","issuance_method":"Permit Center","contractor_phone":"5123858831","contractor_trade":"Electrical Contractor","number_of_floors":"0","permit_type_desc":"Electrical Permit","fiscal_year_issued":"2012","total_new_add_sqft":"1,475","permit_class_mapped":"Residential","contractor_address_1":"414 THOMPSON","contractor_address_2":"AUSTIN TX  7","contractor_full_name":"Fred Hoskins","issued_in_last_30_days":"No","certificate_of_occupancy":"No"},"geometry":{"type":"Point","coordinates":[-97.96045654,30.32223227]}},{"type":"Feature","properties":{"date":"2012-03-09T05:00:00.000Z","year":2012,"description":"New 1 Stry Sf Res w/attached garage/covered porch.Electrical Service Only.EUD","metadescription":"EP. New. New 1 Stry Sf Res w/attached garage/covered porch.Electrical Service Only.EUD. Final. 14501 FALCON HEAD BLVD BLDG 21","address":"14501 FALCON HEAD BLVD BLDG 21","link":"https://abc.austintexas.gov/web/permit/public-search-other?t_detail=1&t_selected_folderrsn=10732659","tcad_id":"0125680401","location":"    (30.32223227, -97.96045654)","day_issued":"FRIDAY","project_id":"10732659","condominium":"No","status_date":"07/10/2012","jurisdiction":"BEE CAVE FULL PURPOSE","housing_units":"0","contractor_zip":"78742","contractor_city":"Austin","issuance_method":"Permit Center","contractor_phone":"5123858831","contractor_trade":"Electrical Contractor","number_of_floors":"0","permit_type_desc":"Electrical Permit","fiscal_year_issued":"2012","total_new_add_sqft":"1,475","permit_class_mapped":"Residential","contractor_address_1":"414 THOMPSON","contractor_address_2":"AUSTIN TX  7","contractor_full_name":"Fred Hoskins","issued_in_last_30_days":"No","certificate_of_occupancy":"No"},"geometry":{"type":"Point","coordinates":[-97.96045654,30.32223227]}},{"type":"Feature","properties":{"date":"2012-02-27T05:00:00.000Z","year":2012,"description":"New 2 sty sf residence w/attached garage & porch. Electrical service only. EUD","metadescription":"EP. New. New 2 sty sf residence w/attached garage & porch. Electrical service only. EUD. Final. 16201 ROCKIES RUN SUMMIT","address":"16201 ROCKIES RUN SUMMIT","link":"https://abc.austintexas.gov/web/permit/public-search-other?t_detail=1&t_selected_folderrsn=10725827","tcad_id":"0123800107","location":"    (30.32019371, -97.99545052)","day_issued":"MONDAY","project_id":"10725827","condominium":"No","status_date":"07/05/2012","jurisdiction":"BEE CAVE FULL PURPOSE","housing_units":"1","contractor_zip":"78691-____","contractor_city":"PFLUGERVILLE","issuance_method":"Permit Center","contractor_phone":"5128328900","contractor_trade":"Electrical Contractor","number_of_floors":"2","permit_type_desc":"Electrical Permit","fiscal_year_issued":"2012","total_new_add_sqft":"3,733","permit_class_mapped":"Residential","contractor_address_1":"PO BOX 3289","contractor_full_name":"Bryan Neal","issued_in_last_30_days":"No","certificate_of_occupancy":"No","property_legal_description":"LOT 267 BLK C FALCONHEAD WEST PHS 1 SEC 2 & PHS 2"},"geometry":{"type":"Point","coordinates":[-97.99545052,30.32019371]}},{"type":"Feature","properties":{"date":"2012-02-24T05:00:00.000Z","year":2012,"description":"New 1 Stry Sf Res w/attached garage/covered porch.Electrical Service Only.EUD","metadescription":"EP. New. New 1 Stry Sf Res w/attached garage/covered porch.Electrical Service Only.EUD. Final. 14501 FALCON HEAD BLVD BLDG 15","address":"14501 FALCON HEAD BLVD BLDG 15","link":"https://abc.austintexas.gov/web/permit/public-search-other?t_detail=1&t_selected_folderrsn=10725250","tcad_id":"0125680401","location":"    (30.32223227, -97.96045654)","day_issued":"FRIDAY","project_id":"10725250","condominium":"No","status_date":"07/11/2012","jurisdiction":"BEE CAVE FULL PURPOSE","housing_units":"0","contractor_zip":"78742","contractor_city":"Austin","issuance_method":"Permit Center","contractor_phone":"5123858831","contractor_trade":"Electrical Contractor","number_of_floors":"0","permit_type_desc":"Electrical Permit","fiscal_year_issued":"2012","total_new_add_sqft":"1,475","permit_class_mapped":"Residential","contractor_address_1":"414 THOMPSON","contractor_address_2":"AUSTIN TX  7","contractor_full_name":"Fred Hoskins","issued_in_last_30_days":"No","certificate_of_occupancy":"No"},"geometry":{"type":"Point","coordinates":[-97.96045654,30.32223227]}},{"type":"Feature","properties":{"date":"2012-02-24T05:00:00.000Z","year":2012,"description":"New 1 Stry Sf Res w/attached garage/covered porch.Electrical Service Only.EUD","metadescription":"EP. New. New 1 Stry Sf Res w/attached garage/covered porch.Electrical Service Only.EUD. Final. 14501 FALCON HEAD BLVD BLDG 36","address":"14501 FALCON HEAD BLVD BLDG 36","link":"https://abc.austintexas.gov/web/permit/public-search-other?t_detail=1&t_selected_folderrsn=10725257","tcad_id":"0125680401","location":"    (30.32223227, -97.96045654)","day_issued":"FRIDAY","project_id":"10725257","condominium":"No","status_date":"08/14/2012","jurisdiction":"BEE CAVE FULL PURPOSE","housing_units":"0","contractor_zip":"78742","contractor_city":"Austin","issuance_method":"Permit Center","contractor_phone":"5123858831","contractor_trade":"Electrical Contractor","number_of_floors":"0","permit_type_desc":"Electrical Permit","fiscal_year_issued":"2012","total_new_add_sqft":"1,668","permit_class_mapped":"Residential","contractor_address_1":"414 THOMPSON","contractor_address_2":"AUSTIN TX  7","contractor_full_name":"Fred Hoskins","issued_in_last_30_days":"No","certificate_of_occupancy":"No"},"geometry":{"type":"Point","coordinates":[-97.96045654,30.32223227]}},{"type":"Feature","properties":{"date":"2012-02-24T05:00:00.000Z","year":2012,"description":"New 1 Stry Sf Res w/attached garage/covered porch.Electrical Service Only.EUD","metadescription":"EP. New. New 1 Stry Sf Res w/attached garage/covered porch.Electrical Service Only.EUD. Final. 14501 FALCON HEAD BLVD BLDG 28","address":"14501 FALCON HEAD BLVD BLDG 28","link":"https://abc.austintexas.gov/web/permit/public-search-other?t_detail=1&t_selected_folderrsn=10725253","tcad_id":"0125680401","location":"    (30.32223227, -97.96045654)","day_issued":"FRIDAY","project_id":"10725253","condominium":"No","status_date":"08/20/2012","jurisdiction":"BEE CAVE FULL PURPOSE","housing_units":"0","contractor_zip":"78742","contractor_city":"Austin","issuance_method":"Permit Center","contractor_phone":"5123858831","contractor_trade":"Electrical Contractor","number_of_floors":"0","permit_type_desc":"Electrical Permit","fiscal_year_issued":"2012","total_new_add_sqft":"1,597","permit_class_mapped":"Residential","contractor_address_1":"414 THOMPSON","contractor_address_2":"AUSTIN TX  7","contractor_full_name":"Fred Hoskins","issued_in_last_30_days":"No","certificate_of_occupancy":"No"},"geometry":{"type":"Point","coordinates":[-97.96045654,30.32223227]}},{"type":"Feature","properties":{"date":"2012-02-23T05:00:00.000Z","year":2012,"description":"New 1 Stry Sf Res w/attached garage/covered porch.Electrical Service Only.EUD","metadescription":"EP. New. New 1 Stry Sf Res w/attached garage/covered porch.Electrical Service Only.EUD. Final. 14501 FALCON HEAD BLVD BLDG 25","address":"14501 FALCON HEAD BLVD BLDG 25","link":"https://abc.austintexas.gov/web/permit/public-search-other?t_detail=1&t_selected_folderrsn=10724853","tcad_id":"0125680401","location":"    (30.32223227, -97.96045654)","day_issued":"THURSDAY","project_id":"10724853","condominium":"No","status_date":"06/12/2012","jurisdiction":"BEE CAVE FULL PURPOSE","housing_units":"1","contractor_zip":"78742","contractor_city":"Austin","issuance_method":"Permit Center","contractor_phone":"5123858831","contractor_trade":"Electrical Contractor","number_of_floors":"1","permit_type_desc":"Electrical Permit","fiscal_year_issued":"2012","total_new_add_sqft":"1,668","permit_class_mapped":"Residential","contractor_address_1":"414 THOMPSON","contractor_address_2":"AUSTIN TX  7","contractor_full_name":"Fred Hoskins","issued_in_last_30_days":"No","certificate_of_occupancy":"No"},"geometry":{"type":"Point","coordinates":[-97.96045654,30.32223227]}},{"type":"Feature","properties":{"date":"2012-02-23T05:00:00.000Z","year":2012,"description":"New 1 Stry Sf Res w/attached garage/covered porch.Electrical Service Only.EUD","metadescription":"EP. New. New 1 Stry Sf Res w/attached garage/covered porch.Electrical Service Only.EUD. Final. 14501 FALCON HEAD BLVD BLDG 23","address":"14501 FALCON HEAD BLVD BLDG 23","link":"https://abc.austintexas.gov/web/permit/public-search-other?t_detail=1&t_selected_folderrsn=10724946","tcad_id":"0125680401","location":"    (30.32223227, -97.96045654)","day_issued":"THURSDAY","project_id":"10724946","condominium":"No","status_date":"08/03/2012","jurisdiction":"BEE CAVE FULL PURPOSE","housing_units":"0","contractor_zip":"78742","contractor_city":"Austin","issuance_method":"Permit Center","contractor_phone":"5123858831","contractor_trade":"Electrical Contractor","number_of_floors":"0","permit_type_desc":"Electrical Permit","fiscal_year_issued":"2012","total_new_add_sqft":"1,242","permit_class_mapped":"Residential","contractor_address_1":"414 THOMPSON","contractor_address_2":"AUSTIN TX  7","contractor_full_name":"Fred Hoskins","issued_in_last_30_days":"No","certificate_of_occupancy":"No"},"geometry":{"type":"Point","coordinates":[-97.96045654,30.32223227]}},{"type":"Feature","properties":{"date":"2012-02-23T05:00:00.000Z","year":2012,"description":"New 1 Stry Sf Res w/attached garage/covered porch.Electrical Service Only.EUD","metadescription":"EP. New. New 1 Stry Sf Res w/attached garage/covered porch.Electrical Service Only.EUD. Final. 14501 FALCON HEAD BLVD BLDG 3","address":"14501 FALCON HEAD BLVD BLDG 3","link":"https://abc.austintexas.gov/web/permit/public-search-other?t_detail=1&t_selected_folderrsn=10725022","tcad_id":"0125680401","location":"    (30.32223227, -97.96045654)","day_issued":"THURSDAY","project_id":"10725022","condominium":"No","status_date":"06/14/2012","jurisdiction":"BEE CAVE FULL PURPOSE","housing_units":"0","contractor_zip":"78742","contractor_city":"Austin","issuance_method":"Permit Center","contractor_phone":"5123858831","contractor_trade":"Electrical Contractor","number_of_floors":"0","permit_type_desc":"Electrical Permit","fiscal_year_issued":"2012","total_new_add_sqft":"1,597","permit_class_mapped":"Residential","contractor_address_1":"414 THOMPSON","contractor_address_2":"AUSTIN TX  7","contractor_full_name":"Fred Hoskins","issued_in_last_30_days":"No","certificate_of_occupancy":"No"},"geometry":{"type":"Point","coordinates":[-97.96045654,30.32223227]}},{"type":"Feature","properties":{"date":"2012-02-14T05:00:00.000Z","year":2012,"description":"New 2 sty sf residence w/attached garage & porch. Electrical service only. EUD.","metadescription":"EP. New. New 2 sty sf residence w/attached garage & porch. Electrical service only. EUD.. Final. 15200 CASCADE BLUFF","address":"15200 CASCADE BLUFF","link":"https://abc.austintexas.gov/web/permit/public-search-other?t_detail=1&t_selected_folderrsn=10719278","tcad_id":"0123760141","location":"    (30.31985663, -97.98003313)","day_issued":"TUESDAY","project_id":"10719278","condominium":"No","status_date":"05/23/2012","jurisdiction":"BEE CAVE FULL PURPOSE","housing_units":"1","contractor_zip":"78691-____","contractor_city":"PFLUGERVILLE","issuance_method":"Permit Center","contractor_phone":"5128328900","contractor_trade":"Electrical Contractor","number_of_floors":"2","permit_type_desc":"Electrical Permit","fiscal_year_issued":"2012","total_new_add_sqft":"3,993","permit_class_mapped":"Residential","contractor_address_1":"PO BOX 3289","contractor_full_name":"Bryan Neal","issued_in_last_30_days":"No","certificate_of_occupancy":"No","property_legal_description":"LOT 86 BLK A FALCONHEAD WEST PHS 1 SEC 2 & PHS 2"},"geometry":{"type":"Point","coordinates":[-97.98003313,30.31985663]}},{"type":"Feature","properties":{"date":"2012-01-25T05:00:00.000Z","year":2012,"description":"New 2 story single family residence with attached garage and covered porch (EUD)","metadescription":"EP. New. New 2 story single family residence with attached garage and covered porch (EUD). Final. 5013 PYRENEES PASS","address":"5013 PYRENEES PASS","link":"https://abc.austintexas.gov/web/permit/public-search-other?t_detail=1&t_selected_folderrsn=10710360","tcad_id":"0123780203","location":"    (30.31974287, -97.99154324)","day_issued":"WEDNESDAY","project_id":"10710360","condominium":"No","status_date":"05/11/2012","jurisdiction":"BEE CAVE FULL PURPOSE","housing_units":"0","contractor_zip":"78691-____","contractor_city":"PFLUGERVILLE","issuance_method":"Permit Center","contractor_phone":"5128328900","contractor_trade":"Electrical Contractor","number_of_floors":"0","permit_type_desc":"Electrical Permit","fiscal_year_issued":"2012","total_new_add_sqft":"4,998","permit_class_mapped":"Residential","contractor_address_1":"PO BOX 3289","contractor_full_name":"Bryan Neal","issued_in_last_30_days":"No","certificate_of_occupancy":"No","property_legal_description":"LOT 8 BLK A FALCONHEAD WEST PHS 1 SEC 2 & PHS 2"},"geometry":{"type":"Point","coordinates":[-97.99154324,30.31974287]}},{"type":"Feature","properties":{"date":"2012-01-20T05:00:00.000Z","year":2012,"description":"New 2 story single family residence with attached garage and covered porch (EUD)","metadescription":"EP. New. New 2 story single family residence with attached garage and covered porch (EUD). Final. 4916 PYRENEES PASS","address":"4916 PYRENEES PASS","link":"https://abc.austintexas.gov/web/permit/public-search-other?t_detail=1&t_selected_folderrsn=10708423","tcad_id":"0125780705","location":"    (30.321249, -97.99163984)","day_issued":"FRIDAY","project_id":"10708423","condominium":"No","status_date":"05/11/2012","jurisdiction":"BEE CAVE FULL PURPOSE","housing_units":"0","contractor_zip":"78691-____","contractor_city":"PFLUGERVILLE","issuance_method":"Permit Center","contractor_phone":"5128328900","contractor_trade":"Electrical Contractor","number_of_floors":"0","permit_type_desc":"Electrical Permit","fiscal_year_issued":"2012","total_new_add_sqft":"4,998","permit_class_mapped":"Residential","contractor_address_1":"PO BOX 3289","contractor_full_name":"Bryan Neal","issued_in_last_30_days":"No","certificate_of_occupancy":"No","property_legal_description":"LOT 9 BLK B FALCONHEAD WEST PHS 1 SEC 2 & PHS 2"},"geometry":{"type":"Point","coordinates":[-97.99163984,30.321249]}},{"type":"Feature","properties":{"date":"2012-01-17T05:00:00.000Z","year":2012,"description":"New 2 Stry Sf Res w/attached garage/porch.Electrical Service Only.EUD","metadescription":"EP. New. New 2 Stry Sf Res w/attached garage/porch.Electrical Service Only.EUD. Final. 4301 ADIRONDACK SUMMIT DR","address":"4301 ADIRONDACK SUMMIT DR","link":"https://abc.austintexas.gov/web/permit/public-search-other?t_detail=1&t_selected_folderrsn=10705553","tcad_id":"0125760601","location":"    (30.32083216, -97.97954017)","day_issued":"TUESDAY","project_id":"10705553","condominium":"No","status_date":"04/13/2012","jurisdiction":"BEE CAVE FULL PURPOSE","housing_units":"1","contractor_zip":"78691-____","contractor_city":"PFLUGERVILLE","issuance_method":"Permit Center","contractor_phone":"5128328900","contractor_trade":"Electrical Contractor","number_of_floors":"2","permit_type_desc":"Electrical Permit","fiscal_year_issued":"2012","total_new_add_sqft":"4,766","permit_class_mapped":"Residential","contractor_address_1":"PO BOX 3289","contractor_full_name":"Bryan Neal","issued_in_last_30_days":"No","certificate_of_occupancy":"No","property_legal_description":"LOT 91 BLK A FALCONHEAD WEST PHS 1 SEC 2 & PHS 2"},"geometry":{"type":"Point","coordinates":[-97.97954017,30.32083216]}},{"type":"Feature","properties":{"date":"2012-01-17T05:00:00.000Z","year":2012,"description":"New 2 Stry Sf Res w/attached garage/porch.Electrical Service Only.EUD","metadescription":"EP. New. New 2 Stry Sf Res w/attached garage/porch.Electrical Service Only.EUD. Final. 16205 ROCKIES RUN SUMMIT","address":"16205 ROCKIES RUN SUMMIT","link":"https://abc.austintexas.gov/web/permit/public-search-other?t_detail=1&t_selected_folderrsn=10705558","tcad_id":"0123800106","location":"    (30.32032496, -97.99571045)","day_issued":"TUESDAY","project_id":"10705558","condominium":"No","status_date":"04/24/2012","jurisdiction":"BEE CAVE FULL PURPOSE","housing_units":"1","contractor_zip":"78691-____","contractor_city":"PFLUGERVILLE","issuance_method":"Permit Center","contractor_phone":"5128328900","contractor_trade":"Electrical Contractor","number_of_floors":"2","permit_type_desc":"Electrical Permit","fiscal_year_issued":"2012","total_new_add_sqft":"3,432","permit_class_mapped":"Residential","contractor_address_1":"PO BOX 3289","contractor_full_name":"Bryan Neal","issued_in_last_30_days":"No","certificate_of_occupancy":"No","property_legal_description":"LOT 266 BLK C FALCONHEAD WEST PHS 1 SEC 2 & PHS 2"},"geometry":{"type":"Point","coordinates":[-97.99571045,30.32032496]}},{"type":"Feature","properties":{"date":"2012-01-06T05:00:00.000Z","year":2012,"description":"New single family residence with attahced garage and covered porch (EUD)","metadescription":"EP. New. New single family residence with attahced garage and covered porch (EUD). Final. 4904 PYRENEES PASS","address":"4904 PYRENEES PASS","link":"https://abc.austintexas.gov/web/permit/public-search-other?t_detail=1&t_selected_folderrsn=10701944","tcad_id":"0125780702","location":"    (30.32146434, -97.99108301)","day_issued":"FRIDAY","project_id":"10701944","condominium":"No","status_date":"04/03/2012","jurisdiction":"BEE CAVE FULL PURPOSE","housing_units":"0","contractor_zip":"78691-____","contractor_city":"PFLUGERVILLE","issuance_method":"Permit Center","contractor_phone":"5128328900","contractor_trade":"Electrical Contractor","number_of_floors":"0","permit_type_desc":"Electrical Permit","fiscal_year_issued":"2012","total_new_add_sqft":"5,026","permit_class_mapped":"Residential","contractor_address_1":"PO BOX 3289","contractor_full_name":"Bryan Neal","issued_in_last_30_days":"No","certificate_of_occupancy":"No","property_legal_description":"LOT 12 BLK B FALCONHEAD WEST PHS 1 SEC 2 & PHS 2"},"geometry":{"type":"Point","coordinates":[-97.99108301,30.32146434]}},{"type":"Feature","properties":{"date":"2011-12-20T05:00:00.000Z","year":2011,"description":"New 1 Stry Sf Res w/attached garage/covered porch.Electrical Service Only.EUD","metadescription":"EP. New. New 1 Stry Sf Res w/attached garage/covered porch.Electrical Service Only.EUD. Final. 14501 FALCON HEAD BLVD BLDG 39","address":"14501 FALCON HEAD BLVD BLDG 39","link":"https://abc.austintexas.gov/web/permit/public-search-other?t_detail=1&t_selected_folderrsn=10679572","tcad_id":"0125680401","location":"    (30.32223227, -97.96045654)","day_issued":"TUESDAY","project_id":"10679572","condominium":"No","status_date":"03/30/2012","jurisdiction":"BEE CAVE FULL PURPOSE","housing_units":"1","contractor_zip":"78742","contractor_city":"Austin","issuance_method":"Permit Center","contractor_phone":"5123858831","contractor_trade":"Electrical Contractor","number_of_floors":"1","permit_type_desc":"Electrical Permit","fiscal_year_issued":"2012","total_new_add_sqft":"1,668","permit_class_mapped":"Residential","contractor_address_1":"414 THOMPSON","contractor_address_2":"AUSTIN TX  7","contractor_full_name":"Fred Hoskins","issued_in_last_30_days":"No","certificate_of_occupancy":"No"},"geometry":{"type":"Point","coordinates":[-97.96045654,30.32223227]}},{"type":"Feature","properties":{"date":"2011-12-14T05:00:00.000Z","year":2011,"description":"New 1 Stry Sf Res w/attached garage/covered porch.Electrical Service Only.EUD","metadescription":"EP. New. New 1 Stry Sf Res w/attached garage/covered porch.Electrical Service Only.EUD. Final. 4308 MYRTLE BEACH DR","address":"4308 MYRTLE BEACH DR","link":"https://abc.austintexas.gov/web/permit/public-search-other?t_detail=1&t_selected_folderrsn=10693173","tcad_id":"0123700105","location":"    (30.3177041, -97.96723125)","day_issued":"WEDNESDAY","project_id":"10693173","condominium":"No","status_date":"01/11/2012","jurisdiction":"BEE CAVE FULL PURPOSE","housing_units":"0","contractor_zip":"78654-____","contractor_city":"SPICEWOOD","issuance_method":"Permit Center","contractor_phone":"5122631214","contractor_trade":"Electrical Contractor","number_of_floors":"0","permit_type_desc":"Electrical Permit","fiscal_year_issued":"2012","total_new_add_sqft":"3,250","permit_class_mapped":"Residential","contractor_address_1":"PO BOX 449","contractor_full_name":"Jackie D Oliver","issued_in_last_30_days":"No","certificate_of_occupancy":"No","property_legal_description":"LOT 22 BLK E SPILLMAN RANCH PHS 1 SEC 2"},"geometry":{"type":"Point","coordinates":[-97.96723125,30.3177041]}},{"type":"Feature","properties":{"date":"2011-12-08T05:00:00.000Z","year":2011,"description":"New 2 story single family residence with attached garage and covered porch (EUD)","metadescription":"EP. New. New 2 story single family residence with attached garage and covered porch (EUD). Final. 16213 ROCKIES RUN SUMMIT","address":"16213 ROCKIES RUN SUMMIT","link":"https://abc.austintexas.gov/web/permit/public-search-other?t_detail=1&t_selected_folderrsn=10691503","tcad_id":"0123800104","location":"    (30.32044442, -97.99607846)","day_issued":"THURSDAY","project_id":"10691503","condominium":"No","status_date":"04/03/2012","jurisdiction":"BEE CAVE FULL PURPOSE","housing_units":"0","contractor_zip":"78691-____","contractor_city":"PFLUGERVILLE","issuance_method":"Permit Center","contractor_phone":"5128328900","contractor_trade":"Electrical Contractor","number_of_floors":"0","permit_type_desc":"Electrical Permit","fiscal_year_issued":"2012","total_new_add_sqft":"4,578","permit_class_mapped":"Residential","contractor_address_1":"PO BOX 3289","contractor_full_name":"Bryan Neal","issued_in_last_30_days":"No","certificate_of_occupancy":"No","property_legal_description":"LOT 265 BLK C FALCONHEAD WEST PHS 1 SEC 2 & PHS 2"},"geometry":{"type":"Point","coordinates":[-97.99607846,30.32044442]}},{"type":"Feature","properties":{"date":"2011-12-01T05:00:00.000Z","year":2011,"description":"New single family residence with attached garage and porch (EUD)","metadescription":"EP. New. New single family residence with attached garage and porch (EUD). Final. 5008 PATAGONIA PASS","address":"5008 PATAGONIA PASS","link":"https://abc.austintexas.gov/web/permit/public-search-other?t_detail=1&t_selected_folderrsn=10686970","tcad_id":"0123800407","location":"    (30.32019426, -97.99427441)","day_issued":"THURSDAY","project_id":"10686970","condominium":"No","status_date":"03/28/2012","jurisdiction":"BEE CAVE FULL PURPOSE","housing_units":"0","contractor_zip":"78691-____","contractor_city":"PFLUGERVILLE","issuance_method":"Permit Center","contractor_phone":"5128328900","contractor_trade":"Electrical Contractor","number_of_floors":"1","permit_type_desc":"Electrical Permit","fiscal_year_issued":"2012","total_new_add_sqft":"3,010","permit_class_mapped":"Residential","contractor_address_1":"PO BOX 3289","contractor_full_name":"Bryan Neal","issued_in_last_30_days":"No","certificate_of_occupancy":"No","property_legal_description":"LOT 7 BLK E FALCONHEAD WEST PHS 1 SEC 2 & PHS 2"},"geometry":{"type":"Point","coordinates":[-97.99427441,30.32019426]}},{"type":"Feature","properties":{"date":"2011-11-22T05:00:00.000Z","year":2011,"description":"New 2 story single family residence with attached garage and covered porch (EUD)","metadescription":"EP. New. New 2 story single family residence with attached garage and covered porch (EUD). Final. 16109 MARITIME ALPS WAY","address":"16109 MARITIME ALPS WAY","link":"https://abc.austintexas.gov/web/permit/public-search-other?t_detail=1&t_selected_folderrsn=10684464","tcad_id":"0123800508","location":"    (30.32006047, -97.99327274)","day_issued":"TUESDAY","project_id":"10684464","condominium":"No","status_date":"02/27/2012","jurisdiction":"BEE CAVE FULL PURPOSE","housing_units":"0","contractor_zip":"78691-____","contractor_city":"PFLUGERVILLE","issuance_method":"Permit Center","contractor_phone":"5128328900","contractor_trade":"Electrical Contractor","number_of_floors":"0","permit_type_desc":"Electrical Permit","fiscal_year_issued":"2012","total_new_add_sqft":"5,211","permit_class_mapped":"Residential","contractor_address_1":"PO BOX 3289","contractor_full_name":"Bryan Neal","issued_in_last_30_days":"No","certificate_of_occupancy":"No","property_legal_description":"LOT 8 BLK D FALCONHEAD WEST PHS 1 SEC 2 & PHS 2"},"geometry":{"type":"Point","coordinates":[-97.99327274,30.32006047]}},{"type":"Feature","properties":{"date":"2011-11-22T05:00:00.000Z","year":2011,"description":"New 2 story single family residence with attached garage and covered porch (EUD)","metadescription":"EP. New. New 2 story single family residence with attached garage and covered porch (EUD). Final. 16205 MARITIME ALPS WAY","address":"16205 MARITIME ALPS WAY","link":"https://abc.austintexas.gov/web/permit/public-search-other?t_detail=1&t_selected_folderrsn=10684468","tcad_id":"0123800403","location":"    (30.32054097, -97.99458618)","day_issued":"TUESDAY","project_id":"10684468","condominium":"No","status_date":"03/01/2012","jurisdiction":"BEE CAVE FULL PURPOSE","housing_units":"0","contractor_zip":"78691-____","contractor_city":"PFLUGERVILLE","issuance_method":"Permit Center","contractor_phone":"5128328900","contractor_trade":"Electrical Contractor","number_of_floors":"0","permit_type_desc":"Electrical Permit","fiscal_year_issued":"2012","total_new_add_sqft":"4,823","permit_class_mapped":"Residential","contractor_address_1":"PO BOX 3289","contractor_full_name":"Bryan Neal","issued_in_last_30_days":"No","certificate_of_occupancy":"No","property_legal_description":"LOT 3 BLK E FALCONHEAD WEST PHS 1 SEC 2 & PHS 2"},"geometry":{"type":"Point","coordinates":[-97.99458618,30.32054097]}},{"type":"Feature","properties":{"date":"2011-11-17T05:00:00.000Z","year":2011,"description":"New 1 Stry Sf Res w/attached garage/porch.Electrical Service Only.EUD","metadescription":"EP. New. New 1 Stry Sf Res w/attached garage/porch.Electrical Service Only.EUD. Final. 5025 PYRENEES PASS","address":"5025 PYRENEES PASS","link":"https://abc.austintexas.gov/web/permit/public-search-other?t_detail=1&t_selected_folderrsn=10683326","tcad_id":"0123800705","location":"    (30.31918931, -97.99195293)","day_issued":"THURSDAY","project_id":"10683326","condominium":"No","status_date":"02/23/2012","jurisdiction":"BEE CAVE FULL PURPOSE","housing_units":"1","contractor_zip":"78691-____","contractor_city":"PFLUGERVILLE","issuance_method":"Permit Center","contractor_phone":"5128328900","contractor_trade":"Electrical Contractor","number_of_floors":"1","permit_type_desc":"Electrical Permit","fiscal_year_issued":"2012","total_new_add_sqft":"2,884","permit_class_mapped":"Residential","contractor_address_1":"PO BOX 3289","contractor_full_name":"Bryan Neal","issued_in_last_30_days":"No","certificate_of_occupancy":"No","property_legal_description":"LOT 5 BLK A FALCONHEAD WEST PHS 1 SEC 2 & PHS 2"},"geometry":{"type":"Point","coordinates":[-97.99195293,30.31918931]}},{"type":"Feature","properties":{"date":"2011-11-10T05:00:00.000Z","year":2011,"description":"New 2 Stry SF Resid w/att garage porch.","metadescription":"EP. New. New 2 Stry SF Resid w/att garage porch.. Final. 16325 ROCKIES RUN SUMMIT","address":"16325 ROCKIES RUN SUMMIT","link":"https://abc.austintexas.gov/web/permit/public-search-other?t_detail=1&t_selected_folderrsn=10678851","tcad_id":"0125800226","location":"    (30.32232318, -97.99745634)","day_issued":"THURSDAY","project_id":"10678851","condominium":"No","status_date":"03/07/2012","jurisdiction":"BEE CAVE FULL PURPOSE","housing_units":"1","contractor_zip":"78691-____","contractor_city":"PFLUGERVILLE","issuance_method":"Permit Center","contractor_phone":"5128328900","contractor_trade":"Electrical Contractor","number_of_floors":"2","permit_type_desc":"Electrical Permit","fiscal_year_issued":"2012","total_new_add_sqft":"4,766","permit_class_mapped":"Residential","contractor_address_1":"PO BOX 3289","contractor_full_name":"Bryan Neal","issued_in_last_30_days":"No","certificate_of_occupancy":"No","property_legal_description":"LOT 254 BLK C FALCONHEAD WEST PHS 1 SEC 2 & PHS 2"},"geometry":{"type":"Point","coordinates":[-97.99745634,30.32232318]}},{"type":"Feature","properties":{"date":"2011-11-01T04:00:00.000Z","year":2011,"description":"New 2 story single family reidence with attached garage and covered porch (EDU)","metadescription":"EP. New. New 2 story single family reidence with attached garage and covered porch (EDU). Final. 16105 MARITIME ALPS WAY","address":"16105 MARITIME ALPS WAY","link":"https://abc.austintexas.gov/web/permit/public-search-other?t_detail=1&t_selected_folderrsn=10673475","tcad_id":"0123800509","location":"    (30.31997763, -97.99310356)","day_issued":"TUESDAY","project_id":"10673475","condominium":"No","status_date":"02/17/2012","jurisdiction":"BEE CAVE FULL PURPOSE","housing_units":"0","contractor_zip":"78691-____","contractor_city":"PFLUGERVILLE","issuance_method":"Permit Center","contractor_phone":"5128328900","contractor_trade":"Electrical Contractor","number_of_floors":"0","permit_type_desc":"Electrical Permit","fiscal_year_issued":"2012","total_new_add_sqft":"4,839","permit_class_mapped":"Residential","contractor_address_1":"PO BOX 3289","contractor_full_name":"Bryan Neal","issued_in_last_30_days":"No","certificate_of_occupancy":"No","property_legal_description":"LOT 9 BLK D FALCONHEAD WEST PHS 1 SEC 2 & PHS 2"},"geometry":{"type":"Point","coordinates":[-97.99310356,30.31997763]}},{"type":"Feature","properties":{"date":"2011-10-25T04:00:00.000Z","year":2011,"description":"New 2 Stry Sf Res w/attached garage/covered porch.Electrical Service Only.EUD","metadescription":"EP. New. New 2 Stry Sf Res w/attached garage/covered porch.Electrical Service Only.EUD. Final. 15221 SWISS ALPS CT","address":"15221 SWISS ALPS CT","link":"https://abc.austintexas.gov/web/permit/public-search-other?t_detail=1&t_selected_folderrsn=10670604","tcad_id":"0123760126","location":"    (30.31974231, -97.9814466)","day_issued":"TUESDAY","project_id":"10670604","condominium":"No","status_date":"02/07/2012","jurisdiction":"BEE CAVE FULL PURPOSE","housing_units":"1","contractor_zip":"78691-____","contractor_city":"PFLUGERVILLE","issuance_method":"Permit Center","contractor_phone":"5128328900","contractor_trade":"Electrical Contractor","number_of_floors":"2","permit_type_desc":"Electrical Permit","fiscal_year_issued":"2012","total_new_add_sqft":"5,629","permit_class_mapped":"Residential","contractor_address_1":"PO BOX 3289","contractor_full_name":"Bryan Neal","issued_in_last_30_days":"No","certificate_of_occupancy":"No","property_legal_description":"LOT 71 BLK A FALCONHEAD WEST PHS 1 SEC 2 & PHS 2"},"geometry":{"type":"Point","coordinates":[-97.9814466,30.31974231]}},{"type":"Feature","properties":{"date":"2011-10-21T04:00:00.000Z","year":2011,"description":"New 2 story single family residence with attahced porch and covered patio (EUD)","metadescription":"EP. New. New 2 story single family residence with attahced porch and covered patio (EUD). Final. 15216 SWISS ALPS CT","address":"15216 SWISS ALPS CT","link":"https://abc.austintexas.gov/web/permit/public-search-other?t_detail=1&t_selected_folderrsn=10669715","tcad_id":"0123760136","location":"    (30.31995837, -97.98093095)","day_issued":"FRIDAY","project_id":"10669715","condominium":"No","status_date":"03/15/2012","jurisdiction":"BEE CAVE FULL PURPOSE","housing_units":"0","contractor_zip":"78691-____","contractor_city":"PFLUGERVILLE","issuance_method":"Permit Center","contractor_phone":"5128328900","contractor_trade":"Electrical Contractor","number_of_floors":"0","permit_type_desc":"Electrical Permit","fiscal_year_issued":"2012","total_new_add_sqft":"4,118","permit_class_mapped":"Residential","contractor_address_1":"PO BOX 3289","contractor_full_name":"Bryan Neal","issued_in_last_30_days":"No","certificate_of_occupancy":"No","property_legal_description":"LOT 81 BLK A FALCONHEAD WEST PHS 1 SEC 2 & PHS 2"},"geometry":{"type":"Point","coordinates":[-97.98093095,30.31995837]}},{"type":"Feature","properties":{"date":"2011-10-10T04:00:00.000Z","year":2011,"description":"New 2 story single family residence with attached garage and covered porch (EUD)","metadescription":"EP. New. New 2 story single family residence with attached garage and covered porch (EUD). Final. 5037 PYRENEES PASS","address":"5037 PYRENEES PASS","link":"https://abc.austintexas.gov/web/permit/public-search-other?t_detail=1&t_selected_folderrsn=10663283","tcad_id":"0123800702","location":"    (30.3195555, -97.99257806)","day_issued":"MONDAY","project_id":"10663283","condominium":"No","status_date":"01/03/2012","jurisdiction":"BEE CAVE FULL PURPOSE","housing_units":"0","contractor_zip":"78691-____","contractor_city":"PFLUGERVILLE","issuance_method":"Permit Center","contractor_phone":"5128328900","contractor_trade":"Electrical Contractor","number_of_floors":"0","permit_type_desc":"Electrical Permit","fiscal_year_issued":"2012","total_new_add_sqft":"2,682","permit_class_mapped":"Residential","contractor_address_1":"PO BOX 3289","contractor_full_name":"Bryan Neal","issued_in_last_30_days":"No","certificate_of_occupancy":"No","property_legal_description":"LOT 2 BLK A FALCONHEAD WEST PHS 1 SEC 2 & PHS 2"},"geometry":{"type":"Point","coordinates":[-97.99257806,30.3195555]}},{"type":"Feature","properties":{"date":"2011-09-29T04:00:00.000Z","year":2011,"description":"New 2 story single family residence with attached garage and covered porch (EUD)","metadescription":"EP. New. New 2 story single family residence with attached garage and covered porch (EUD). Final. 15316 HARRIER MARSH DR","address":"15316 HARRIER MARSH DR","link":"https://abc.austintexas.gov/web/permit/public-search-other?t_detail=1&t_selected_folderrsn=10658060","tcad_id":"0125760404","location":"    (30.32322049, -97.97960237)","day_issued":"THURSDAY","project_id":"10658060","condominium":"No","status_date":"02/13/2012","jurisdiction":"BEE CAVE FULL PURPOSE","housing_units":"0","contractor_zip":"78691-____","contractor_city":"PFLUGERVILLE","issuance_method":"Permit Center","contractor_phone":"5128328900","contractor_trade":"Electrical Contractor","number_of_floors":"0","permit_type_desc":"Electrical Permit","fiscal_year_issued":"2011","total_new_add_sqft":"4,823","permit_class_mapped":"Residential","contractor_address_1":"PO BOX 3289","contractor_full_name":"Bryan Neal","issued_in_last_30_days":"No","certificate_of_occupancy":"No","property_legal_description":"LOT 51 BLK C FALCONHEAD WEST PHS 1 SEC 2 & PHS 2"},"geometry":{"type":"Point","coordinates":[-97.97960237,30.32322049]}},{"type":"Feature","properties":{"date":"2011-09-22T04:00:00.000Z","year":2011,"description":"New 2 Stry Sf res w/ atted garage & covrd porch. Electrical Service Only. EUD","metadescription":"EP. New. New 2 Stry Sf res w/ atted garage & covrd porch. Electrical Service Only. EUD. Final. 15300 HARRIER MARSH DR","address":"15300 HARRIER MARSH DR","link":"https://abc.austintexas.gov/web/permit/public-search-other?t_detail=1&t_selected_folderrsn=10655657","tcad_id":"0125760164","location":"    (30.32231782, -97.97912034)","day_issued":"THURSDAY","project_id":"10655657","condominium":"No","status_date":"01/03/2012","jurisdiction":"BEE CAVE FULL PURPOSE","housing_units":"1","contractor_zip":"78691-____","contractor_city":"PFLUGERVILLE","issuance_method":"Permit Center","contractor_phone":"5128328900","contractor_trade":"Electrical Contractor","number_of_floors":"2","permit_type_desc":"Electrical Permit","fiscal_year_issued":"2011","total_new_add_sqft":"2,209","permit_class_mapped":"Residential","contractor_address_1":"PO BOX 3289","contractor_full_name":"Bryan Neal","issued_in_last_30_days":"No","certificate_of_occupancy":"No","property_legal_description":"LOT 47 BLK C FALCONHEAD WEST PHS 1 SEC 1"},"geometry":{"type":"Point","coordinates":[-97.97912034,30.32231782]}},{"type":"Feature","properties":{"date":"2011-09-15T04:00:00.000Z","year":2011,"description":"New 1 Stry Sf Res w/ atted garage & covrd porch / patio. Electrical Service only. EUD","metadescription":"EP. New. New 1 Stry Sf Res w/ atted garage & covrd porch / patio. Electrical Service only. EUD. Final. 4924 PYRENEES PASS","address":"4924 PYRENEES PASS","link":"https://abc.austintexas.gov/web/permit/public-search-other?t_detail=1&t_selected_folderrsn=10651274","tcad_id":"0125800301","location":"    (30.3209434, -97.99192305)","day_issued":"THURSDAY","project_id":"10651274","condominium":"No","status_date":"12/21/2011","jurisdiction":"BEE CAVE FULL PURPOSE","housing_units":"1","contractor_zip":"78691-____","contractor_city":"PFLUGERVILLE","issuance_method":"Permit Center","contractor_phone":"5128328900","contractor_trade":"Electrical Contractor","number_of_floors":"1","permit_type_desc":"Electrical Permit","fiscal_year_issued":"2011","total_new_add_sqft":"2,682","permit_class_mapped":"Residential","contractor_address_1":"PO BOX 3289","contractor_full_name":"Bryan Neal","issued_in_last_30_days":"No","certificate_of_occupancy":"No","property_legal_description":"LOT 7 BLK B FALCONHEAD WEST PHS 1 SEC 2 & PHS 2"},"geometry":{"type":"Point","coordinates":[-97.99192305,30.3209434]}},{"type":"Feature","properties":{"date":"2011-09-08T04:00:00.000Z","year":2011,"description":"New 1 Stry Sf residence w/ atted garage & covrd porch. Electrical service only. EUD.","metadescription":"EP. New. New 1 Stry Sf residence w/ atted garage & covrd porch. Electrical service only. EUD.. Final. 14501 FALCON HEAD BLVD BLDG 47","address":"14501 FALCON HEAD BLVD BLDG 47","link":"https://abc.austintexas.gov/web/permit/public-search-other?t_detail=1&t_selected_folderrsn=10648610","tcad_id":"0125680401","location":"    (30.32223227, -97.96045654)","day_issued":"THURSDAY","project_id":"10648610","condominium":"No","status_date":"01/30/2012","jurisdiction":"BEE CAVE FULL PURPOSE","housing_units":"1","contractor_zip":"78742","contractor_city":"Austin","issuance_method":"Permit Center","contractor_phone":"5123858831","contractor_trade":"Electrical Contractor","number_of_floors":"1","permit_type_desc":"Electrical Permit","fiscal_year_issued":"2011","total_new_add_sqft":"1,475","permit_class_mapped":"Residential","contractor_address_1":"414 THOMPSON","contractor_address_2":"AUSTIN TX  7","contractor_full_name":"Fred Hoskins","issued_in_last_30_days":"No","certificate_of_occupancy":"No"},"geometry":{"type":"Point","coordinates":[-97.96045654,30.32223227]}},{"type":"Feature","properties":{"date":"2011-09-08T04:00:00.000Z","year":2011,"description":"New 1 Stry Sf residence w/ atted garage & covrd porch. Electrical service only. EUD.","metadescription":"EP. New. New 1 Stry Sf residence w/ atted garage & covrd porch. Electrical service only. EUD.. Final. 14501 FALCON HEAD BLVD BLDG 48","address":"14501 FALCON HEAD BLVD BLDG 48","link":"https://abc.austintexas.gov/web/permit/public-search-other?t_detail=1&t_selected_folderrsn=10648614","tcad_id":"0125680401","location":"    (30.32223227, -97.96045654)","day_issued":"THURSDAY","project_id":"10648614","condominium":"No","status_date":"02/13/2012","jurisdiction":"BEE CAVE FULL PURPOSE","housing_units":"1","contractor_zip":"78742","contractor_city":"Austin","issuance_method":"Permit Center","contractor_phone":"5123858831","contractor_trade":"Electrical Contractor","number_of_floors":"1","permit_type_desc":"Electrical Permit","fiscal_year_issued":"2011","total_new_add_sqft":"1,475","permit_class_mapped":"Residential","contractor_address_1":"414 THOMPSON","contractor_address_2":"AUSTIN TX  7","contractor_full_name":"Fred Hoskins","issued_in_last_30_days":"No","certificate_of_occupancy":"No"},"geometry":{"type":"Point","coordinates":[-97.96045654,30.32223227]}},{"type":"Feature","properties":{"date":"2011-08-31T04:00:00.000Z","year":2011,"description":"New 1 Stry Sf Res w/attached garage/porch/covered patio.Electric Service Only.EUD","metadescription":"EP. New. New 1 Stry Sf Res w/attached garage/porch/covered patio.Electric Service Only.EUD. Final. 4920 PYRENEES PASS","address":"4920 PYRENEES PASS","link":"https://abc.austintexas.gov/web/permit/public-search-other?t_detail=1&t_selected_folderrsn=10644030","tcad_id":"0125780706","location":"    (30.32113328, -97.99177896)","day_issued":"WEDNESDAY","project_id":"10644030","condominium":"No","status_date":"11/15/2011","jurisdiction":"BEE CAVE FULL PURPOSE","housing_units":"1","contractor_zip":"78691-____","contractor_city":"PFLUGERVILLE","issuance_method":"Permit Center","contractor_phone":"5128328900","contractor_trade":"Electrical Contractor","number_of_floors":"1","permit_type_desc":"Electrical Permit","fiscal_year_issued":"2011","total_new_add_sqft":"3,307","permit_class_mapped":"Residential","contractor_address_1":"PO BOX 3289","contractor_full_name":"Bryan Neal","issued_in_last_30_days":"No","certificate_of_occupancy":"No","property_legal_description":"LOT 8 BLK B FALCONHEAD WEST PHS 1 SEC 2 & PHS 2"},"geometry":{"type":"Point","coordinates":[-97.99177896,30.32113328]}},{"type":"Feature","properties":{"date":"2011-08-23T04:00:00.000Z","year":2011,"description":"New 1 Stry Sf res w/ atted garage & covrd porch / patio. Electrical service only. EUD","metadescription":"EP. New. New 1 Stry Sf res w/ atted garage & covrd porch / patio. Electrical service only. EUD. Final. 16213 MARITIME ALPS WAY","address":"16213 MARITIME ALPS WAY","link":"https://abc.austintexas.gov/web/permit/public-search-other?t_detail=1&t_selected_folderrsn=10640512","tcad_id":"0123800401","location":"    (30.3201939, -97.99485771)","day_issued":"TUESDAY","project_id":"10640512","condominium":"No","status_date":"11/22/2011","jurisdiction":"BEE CAVE FULL PURPOSE","housing_units":"1","contractor_zip":"78691-____","contractor_city":"PFLUGERVILLE","issuance_method":"Permit Center","contractor_phone":"5128328900","contractor_trade":"Electrical Contractor","number_of_floors":"1","permit_type_desc":"Electrical Permit","fiscal_year_issued":"2011","total_new_add_sqft":"3,733","permit_class_mapped":"Residential","contractor_address_1":"PO BOX 3289","contractor_full_name":"Bryan Neal","issued_in_last_30_days":"No","certificate_of_occupancy":"No","property_legal_description":"LOT 1 BLK E FALCONHEAD WEST PHS 1 SEC 2 & PHS 2"},"geometry":{"type":"Point","coordinates":[-97.99485771,30.3201939]}},{"type":"Feature","properties":{"date":"2011-08-23T04:00:00.000Z","year":2011,"description":"New 2 Stry Sf res w/ atted garage & covrd porch / patio. Electrical service only. EUD","metadescription":"EP. New. New 2 Stry Sf res w/ atted garage & covrd porch / patio. Electrical service only. EUD. Final. 4305 SAINT ELIAS ST","address":"4305 SAINT ELIAS ST","link":"https://abc.austintexas.gov/web/permit/public-search-other?t_detail=1&t_selected_folderrsn=10640447","tcad_id":"0125760416","location":"    (30.32234304, -97.9801944)","day_issued":"TUESDAY","project_id":"10640447","condominium":"No","status_date":"12/05/2011","jurisdiction":"BEE CAVE FULL PURPOSE","housing_units":"1","contractor_zip":"78691-____","contractor_city":"PFLUGERVILLE","issuance_method":"Permit Center","contractor_phone":"5128328900","contractor_trade":"Electrical Contractor","number_of_floors":"1","permit_type_desc":"Electrical Permit","fiscal_year_issued":"2011","total_new_add_sqft":"5,629","permit_class_mapped":"Residential","contractor_address_1":"PO BOX 3289","contractor_full_name":"Bryan Neal","issued_in_last_30_days":"No","certificate_of_occupancy":"No","property_legal_description":"LOT 63 BLK C FALCONHEAD WEST PHS 1 SEC 2 & PHS 2"},"geometry":{"type":"Point","coordinates":[-97.9801944,30.32234304]}},{"type":"Feature","properties":{"date":"2011-08-17T04:00:00.000Z","year":2011,"description":"New 1 Str Sf Res w/attached garage/porch/covered patio.Electric Service Only.EUD","metadescription":"EP. New. New 1 Str Sf Res w/attached garage/porch/covered patio.Electric Service Only.EUD. Final. 4917 JULIAN ALPS","address":"4917 JULIAN ALPS","link":"https://abc.austintexas.gov/web/permit/public-search-other?t_detail=1&t_selected_folderrsn=10638111","tcad_id":"0125800206","location":"    (30.32189921, -97.99562159)","day_issued":"WEDNESDAY","project_id":"10638111","condominium":"No","status_date":"12/19/2011","jurisdiction":"BEE CAVE FULL PURPOSE","housing_units":"1","contractor_zip":"78691-____","contractor_city":"PFLUGERVILLE","issuance_method":"Permit Center","contractor_phone":"5128328900","contractor_trade":"Electrical Contractor","number_of_floors":"1","permit_type_desc":"Electrical Permit","fiscal_year_issued":"2011","total_new_add_sqft":"3,987","permit_class_mapped":"Residential","contractor_address_1":"PO BOX 3289","contractor_full_name":"Bryan Neal","issued_in_last_30_days":"No","certificate_of_occupancy":"No","property_legal_description":"LOT 235 BLK C FALCONHEAD WEST PHS 1 SEC 2 & PHS 2"},"geometry":{"type":"Point","coordinates":[-97.99562159,30.32189921]}},{"type":"Feature","properties":{"date":"2011-08-15T04:00:00.000Z","year":2011,"description":"New 1 Stry Sf Res w/attached garage/porch/covered patio.Electrical Service Only.EUD","metadescription":"EP. New. New 1 Stry Sf Res w/attached garage/porch/covered patio.Electrical Service Only.EUD. Final. 16217 ROCKIES RUN SUMMIT","address":"16217 ROCKIES RUN SUMMIT","link":"https://abc.austintexas.gov/web/permit/public-search-other?t_detail=1&t_selected_folderrsn=10635799","tcad_id":"0123800103","location":"    (30.32056445, -97.99632599)","day_issued":"MONDAY","project_id":"10635799","condominium":"No","status_date":"11/22/2011","jurisdiction":"BEE CAVE FULL PURPOSE","housing_units":"1","contractor_zip":"78691-____","contractor_city":"PFLUGERVILLE","issuance_method":"Permit Center","contractor_phone":"5128328900","contractor_trade":"Electrical Contractor","number_of_floors":"1","permit_type_desc":"Electrical Permit","fiscal_year_issued":"2011","total_new_add_sqft":"3,733","permit_class_mapped":"Residential","contractor_address_1":"PO BOX 3289","contractor_full_name":"Bryan Neal","issued_in_last_30_days":"No","certificate_of_occupancy":"No","property_legal_description":"LOT 264 BLK C FALCONHEAD WEST PHS 1 SEC 2 & PHS 2"},"geometry":{"type":"Point","coordinates":[-97.99632599,30.32056445]}},{"type":"Feature","properties":{"date":"2011-08-11T04:00:00.000Z","year":2011,"description":"New 2 Stry SF resid w/att garage porch covered patio EUD","metadescription":"EP. New. New 2 Stry SF resid w/att garage porch covered patio EUD. Final. 15313 HARRIER MARSH DR","address":"15313 HARRIER MARSH DR","link":"https://abc.austintexas.gov/web/permit/public-search-other?t_detail=1&t_selected_folderrsn=10634486","tcad_id":"0125760409","location":"    (30.32285641, -97.97999484)","day_issued":"THURSDAY","project_id":"10634486","condominium":"No","status_date":"11/10/2011","jurisdiction":"BEE CAVE FULL PURPOSE","housing_units":"1","contractor_zip":"78691-____","contractor_city":"PFLUGERVILLE","issuance_method":"Permit Center","contractor_phone":"5128328900","contractor_trade":"Electrical Contractor","number_of_floors":"2","permit_type_desc":"Electrical Permit","fiscal_year_issued":"2011","total_new_add_sqft":"5,211","permit_class_mapped":"Residential","contractor_address_1":"PO BOX 3289","contractor_full_name":"Bryan Neal","issued_in_last_30_days":"No","certificate_of_occupancy":"No","property_legal_description":"LOT 56 BLK C FALCONHEAD WEST PHS 1 SEC 2 & PHS 2"},"geometry":{"type":"Point","coordinates":[-97.97999484,30.32285641]}},{"type":"Feature","properties":{"date":"2011-08-11T04:00:00.000Z","year":2011,"description":"New 1 Stry SF resid w/att garage porch covered patio EUD","metadescription":"EP. New. New 1 Stry SF resid w/att garage porch covered patio EUD. Final. 5001 PYRENEES PASS","address":"5001 PYRENEES PASS","link":"https://abc.austintexas.gov/web/permit/public-search-other?t_detail=1&t_selected_folderrsn=10634493","tcad_id":"0123780206","location":"    (30.32024547, -97.99150569)","day_issued":"THURSDAY","project_id":"10634493","condominium":"No","status_date":"10/28/2011","jurisdiction":"BEE CAVE FULL PURPOSE","housing_units":"1","contractor_zip":"78691-____","contractor_city":"PFLUGERVILLE","issuance_method":"Permit Center","contractor_phone":"5128328900","contractor_trade":"Electrical Contractor","number_of_floors":"1","permit_type_desc":"Electrical Permit","fiscal_year_issued":"2011","total_new_add_sqft":"2,682","permit_class_mapped":"Residential","contractor_address_1":"PO BOX 3289","contractor_full_name":"Bryan Neal","issued_in_last_30_days":"No","certificate_of_occupancy":"No","property_legal_description":"LOT 11 BLK A FALCONHEAD WEST PHS 1 SEC 2 & PHS 2"},"geometry":{"type":"Point","coordinates":[-97.99150569,30.32024547]}},{"type":"Feature","properties":{"date":"2011-08-05T04:00:00.000Z","year":2011,"description":"New 2 sty sf residence w/garage & porch. Electrical service only. EUD.","metadescription":"EP. New. New 2 sty sf residence w/garage & porch. Electrical service only. EUD.. Final. 5025 PATAGONIA PASS","address":"5025 PATAGONIA PASS","link":"https://abc.austintexas.gov/web/permit/public-search-other?t_detail=1&t_selected_folderrsn=10632528","tcad_id":"0123800501","location":"    (30.31930251, -97.99438795)","day_issued":"FRIDAY","project_id":"10632528","condominium":"No","status_date":"11/03/2011","jurisdiction":"BEE CAVE FULL PURPOSE","housing_units":"1","contractor_zip":"78691-____","contractor_city":"PFLUGERVILLE","issuance_method":"Permit Center","contractor_phone":"5128328900","contractor_trade":"Electrical Contractor","number_of_floors":"2","permit_type_desc":"Electrical Permit","fiscal_year_issued":"2011","total_new_add_sqft":"3,616","permit_class_mapped":"Residential","contractor_address_1":"PO BOX 3289","contractor_full_name":"Bryan Neal","issued_in_last_30_days":"No","certificate_of_occupancy":"No","property_legal_description":"LOT 1 BLK D FALCONHEAD WEST PHS 1 SEC 2 & PHS 2"},"geometry":{"type":"Point","coordinates":[-97.99438795,30.31930251]}},{"type":"Feature","properties":{"date":"2011-08-02T04:00:00.000Z","year":2011,"description":"New 2 Stry Sf Res w/attached garage/porch/covered patio.Elec Service Only.EUD","metadescription":"EP. New. New 2 Stry Sf Res w/attached garage/porch/covered patio.Elec Service Only.EUD. Final. 15301 HARRIER MARSH DR","address":"15301 HARRIER MARSH DR","link":"https://abc.austintexas.gov/web/permit/public-search-other?t_detail=1&t_selected_folderrsn=10630914","tcad_id":"0125760419","location":"    (30.32203246, -97.97960599)","day_issued":"TUESDAY","project_id":"10630914","condominium":"No","status_date":"10/26/2011","jurisdiction":"BEE CAVE FULL PURPOSE","housing_units":"1","contractor_zip":"78691-____","contractor_city":"PFLUGERVILLE","issuance_method":"Permit Center","contractor_phone":"5128328900","contractor_trade":"Electrical Contractor","number_of_floors":"2","permit_type_desc":"Electrical Permit","fiscal_year_issued":"2011","total_new_add_sqft":"4,823","permit_class_mapped":"Residential","contractor_address_1":"PO BOX 3289","contractor_full_name":"Bryan Neal","issued_in_last_30_days":"No","certificate_of_occupancy":"No","property_legal_description":"LOT 66 BLK C FALCONHEAD WEST PHS 1 SEC 2 & PHS 2"},"geometry":{"type":"Point","coordinates":[-97.97960599,30.32203246]}},{"type":"Feature","properties":{"date":"2011-07-27T04:00:00.000Z","year":2011,"description":"New sf residence w/attached garage & porch. Electrical service only. EUD.","metadescription":"EP. New. New sf residence w/attached garage & porch. Electrical service only. EUD.. Final. 14501 FALCON HEAD BLVD BLDG 27","address":"14501 FALCON HEAD BLVD BLDG 27","link":"https://abc.austintexas.gov/web/permit/public-search-other?t_detail=1&t_selected_folderrsn=10627472","tcad_id":"0125680401","location":"    (30.32223227, -97.96045654)","day_issued":"WEDNESDAY","project_id":"10627472","condominium":"No","status_date":"11/29/2011","jurisdiction":"BEE CAVE FULL PURPOSE","housing_units":"1","contractor_zip":"78742","contractor_city":"Austin","issuance_method":"Permit Center","contractor_phone":"5123858831","contractor_trade":"Electrical Contractor","number_of_floors":"1","permit_type_desc":"Electrical Permit","fiscal_year_issued":"2011","total_new_add_sqft":"1,850","permit_class_mapped":"Residential","contractor_address_1":"414 THOMPSON","contractor_address_2":"AUSTIN TX  7","contractor_full_name":"Fred Hoskins","issued_in_last_30_days":"No","certificate_of_occupancy":"No"},"geometry":{"type":"Point","coordinates":[-97.96045654,30.32223227]}},{"type":"Feature","properties":{"date":"2011-07-26T04:00:00.000Z","year":2011,"description":"New 2 Stry Sf Res w/attached garage/porch/covered patio.Electrical Service Only.Outside City of Austin.","metadescription":"EP. New. New 2 Stry Sf Res w/attached garage/porch/covered patio.Electrical Service Only.Outside City of Austin.. Final. 16128 MARITIME ALPS WAY","address":"16128 MARITIME ALPS WAY","link":"https://abc.austintexas.gov/web/permit/public-search-other?t_detail=1&t_selected_folderrsn=10626895","tcad_id":"0125800166","location":"    (30.32092373, -97.99400945)","day_issued":"TUESDAY","project_id":"10626895","condominium":"No","status_date":"10/26/2011","jurisdiction":"BEE CAVE FULL PURPOSE","housing_units":"1","contractor_zip":"78691-____","contractor_city":"PFLUGERVILLE","issuance_method":"Permit Center","contractor_phone":"5128328900","contractor_trade":"Electrical Contractor","number_of_floors":"2","permit_type_desc":"Electrical Permit","fiscal_year_issued":"2011","total_new_add_sqft":"4,565","permit_class_mapped":"Residential","contractor_address_1":"PO BOX 3289","contractor_full_name":"Bryan Neal","issued_in_last_30_days":"No","certificate_of_occupancy":"No","property_legal_description":"LOT 219 BLK C FALCONHEAD WEST PHS 1 SEC 2 & PHS 2"},"geometry":{"type":"Point","coordinates":[-97.99400945,30.32092373]}},{"type":"Feature","properties":{"date":"2011-07-20T04:00:00.000Z","year":2011,"description":"new 1stry residence w/att garage and porch EUD (Bee Caves)","metadescription":"EP. New. new 1stry residence w/att garage and porch EUD (Bee Caves). Final. 4905 JULIAN ALPS","address":"4905 JULIAN ALPS","link":"https://abc.austintexas.gov/web/permit/public-search-other?t_detail=1&t_selected_folderrsn=10624747","tcad_id":"0125800209","location":"    (30.32246157, -97.9953924)","day_issued":"WEDNESDAY","project_id":"10624747","condominium":"No","status_date":"10/14/2011","jurisdiction":"BEE CAVE FULL PURPOSE","housing_units":"1","contractor_zip":"78691-____","contractor_city":"PFLUGERVILLE","issuance_method":"Permit Center","contractor_phone":"5128328900","contractor_trade":"Electrical Contractor","number_of_floors":"1","permit_type_desc":"Electrical Permit","fiscal_year_issued":"2011","total_new_add_sqft":"3,759","permit_class_mapped":"Residential","contractor_address_1":"PO BOX 3289","contractor_full_name":"Bryan Neal","issued_in_last_30_days":"No","certificate_of_occupancy":"No","property_legal_description":"LOT 238 BLK C FALCONHEAD WEST PHS 1 SEC 2 & PHS 2"},"geometry":{"type":"Point","coordinates":[-97.9953924,30.32246157]}},{"type":"Feature","properties":{"date":"2011-07-18T04:00:00.000Z","year":2011,"description":"New 2 Stry SF Resid w/att garage porch covered patio EUD","metadescription":"EP. New. New 2 Stry SF Resid w/att garage porch covered patio EUD. Final. 4521 MONT BLANC DR","address":"4521 MONT BLANC DR","link":"https://abc.austintexas.gov/web/permit/public-search-other?t_detail=1&t_selected_folderrsn=10623608","tcad_id":"0125780105","location":"    (30.32218813, -97.98554622)","day_issued":"MONDAY","project_id":"10623608","condominium":"No","status_date":"10/25/2011","jurisdiction":"BEE CAVE FULL PURPOSE","housing_units":"1","contractor_zip":"78691-____","contractor_city":"PFLUGERVILLE","issuance_method":"Permit Center","contractor_phone":"5128328900","contractor_trade":"Electrical Contractor","number_of_floors":"2","permit_type_desc":"Electrical Permit","fiscal_year_issued":"2011","total_new_add_sqft":"3,833","permit_class_mapped":"Residential","contractor_address_1":"PO BOX 3289","contractor_full_name":"Bryan Neal","issued_in_last_30_days":"No","certificate_of_occupancy":"No","property_legal_description":"LOT 89 BLK C FALCONHEAD WEST PHS 1 SEC 1"},"geometry":{"type":"Point","coordinates":[-97.98554622,30.32218813]}},{"type":"Feature","properties":{"date":"2011-07-18T04:00:00.000Z","year":2011,"description":"New SF Resid w/att garage porch covered patio EUD","metadescription":"EP. New. New SF Resid w/att garage porch covered patio EUD. Final. 4913 JULIAN ALPS","address":"4913 JULIAN ALPS","link":"https://abc.austintexas.gov/web/permit/public-search-other?t_detail=1&t_selected_folderrsn=10623610","tcad_id":"0125800207","location":"    (30.32207416, -97.99556346)","day_issued":"MONDAY","project_id":"10623610","condominium":"No","status_date":"11/03/2011","jurisdiction":"BEE CAVE FULL PURPOSE","housing_units":"1","contractor_zip":"78691-____","contractor_city":"PFLUGERVILLE","issuance_method":"Permit Center","contractor_phone":"5128328900","contractor_trade":"Electrical Contractor","number_of_floors":"1","permit_type_desc":"Electrical Permit","fiscal_year_issued":"2011","total_new_add_sqft":"3,733","permit_class_mapped":"Residential","contractor_address_1":"PO BOX 3289","contractor_full_name":"Bryan Neal","issued_in_last_30_days":"No","certificate_of_occupancy":"No","property_legal_description":"LOT 236 BLK C FALCONHEAD WEST PHS 1 SEC 2 & PHS 2"},"geometry":{"type":"Point","coordinates":[-97.99556346,30.32207416]}},{"type":"Feature","properties":{"date":"2011-07-12T04:00:00.000Z","year":2011,"description":"New 2 Stry Sf Res w/attached garage/porch/covered patio.Elec Service Only.EUD","metadescription":"EP. New. New 2 Stry Sf Res w/attached garage/porch/covered patio.Elec Service Only.EUD. Final. 4825 PYRENEES PASS","address":"4825 PYRENEES PASS","link":"https://abc.austintexas.gov/web/permit/public-search-other?t_detail=1&t_selected_folderrsn=10619774","tcad_id":"0125780431","location":"    (30.32153717, -97.99010167)","day_issued":"TUESDAY","project_id":"10619774","condominium":"No","status_date":"10/21/2011","jurisdiction":"BEE CAVE FULL PURPOSE","housing_units":"1","contractor_zip":"78691-____","contractor_city":"PFLUGERVILLE","issuance_method":"Permit Center","contractor_phone":"5128328900","contractor_trade":"Electrical Contractor","number_of_floors":"2","permit_type_desc":"Electrical Permit","fiscal_year_issued":"2011","total_new_add_sqft":"3,894","permit_class_mapped":"Residential","contractor_address_1":"PO BOX 3289","contractor_full_name":"Bryan Neal","issued_in_last_30_days":"No","certificate_of_occupancy":"No","property_legal_description":"LOT 17 BLK A FALCONHEAD WEST PHS 1 SEC 2 & PHS 2"},"geometry":{"type":"Point","coordinates":[-97.99010167,30.32153717]}},{"type":"Feature","properties":{"date":"2011-07-11T04:00:00.000Z","year":2011,"description":"New 2 Stry Sf Res w/attached garage/porch/covered patio.Electrical Service Only.EUD","metadescription":"EP. New. New 2 Stry Sf Res w/attached garage/porch/covered patio.Electrical Service Only.EUD. Final. 13700 LONE RIDER TRL","address":"13700 LONE RIDER TRL","link":"https://abc.austintexas.gov/web/permit/public-search-other?t_detail=1&t_selected_folderrsn=10619457","tcad_id":"0118770441","location":"    (30.30204943, -97.96259457)","day_issued":"MONDAY","project_id":"10619457","condominium":"No","status_date":"12/05/2011","jurisdiction":"BEE CAVE FULL PURPOSE","housing_units":"1","contractor_zip":"78691-____","contractor_city":"PFLUGERVILLE","issuance_method":"Permit Center","contractor_phone":"5128328900","contractor_trade":"Electrical Contractor","number_of_floors":"2","permit_type_desc":"Electrical Permit","fiscal_year_issued":"2011","total_new_add_sqft":"1,977","permit_class_mapped":"Residential","contractor_address_1":"PO BOX 3289","contractor_full_name":"Bryan Neal","issued_in_last_30_days":"No","certificate_of_occupancy":"No","property_legal_description":"LOT 1 BLK B HOMESTEAD SEC 4 THE"},"geometry":{"type":"Point","coordinates":[-97.96259457,30.30204943]}},{"type":"Feature","properties":{"date":"2011-07-11T04:00:00.000Z","year":2011,"description":"New 1 Stry Sf Res w/attached garage/porch/covered patio.Electrical Service Only.EUD","metadescription":"EP. New. New 1 Stry Sf Res w/attached garage/porch/covered patio.Electrical Service Only.EUD. Final. 5004 PYRENEES PASS","address":"5004 PYRENEES PASS","link":"https://abc.austintexas.gov/web/permit/public-search-other?t_detail=1&t_selected_folderrsn=10619454","tcad_id":"0123800603","location":"    (30.32025392, -97.99196831)","day_issued":"MONDAY","project_id":"10619454","condominium":"No","status_date":"10/13/2011","jurisdiction":"BEE CAVE FULL PURPOSE","housing_units":"1","contractor_zip":"78691-____","contractor_city":"PFLUGERVILLE","issuance_method":"Permit Center","contractor_phone":"5128328900","contractor_trade":"Electrical Contractor","number_of_floors":"1","permit_type_desc":"Electrical Permit","fiscal_year_issued":"2011","total_new_add_sqft":"2,539","permit_class_mapped":"Residential","contractor_address_1":"PO BOX 3289","contractor_full_name":"Bryan Neal","issued_in_last_30_days":"No","certificate_of_occupancy":"No"},"geometry":{"type":"Point","coordinates":[-97.99196831,30.32025392]}},{"type":"Feature","properties":{"date":"2011-07-08T04:00:00.000Z","year":2011,"description":"New 2 Stry Sf Res w/attached garage/porch/covered patio.Electrical Service Only.EUD","metadescription":"EP. New. New 2 Stry Sf Res w/attached garage/porch/covered patio.Electrical Service Only.EUD. Final. 16113 MARITIME ALPS WAY","address":"16113 MARITIME ALPS WAY","link":"https://abc.austintexas.gov/web/permit/public-search-other?t_detail=1&t_selected_folderrsn=10618962","tcad_id":"0123800507","location":"    (30.32016881, -97.9934825)","day_issued":"FRIDAY","project_id":"10618962","condominium":"No","status_date":"10/19/2011","jurisdiction":"BEE CAVE FULL PURPOSE","housing_units":"1","contractor_zip":"78691-____","contractor_city":"PFLUGERVILLE","issuance_method":"Permit Center","contractor_phone":"5128328900","contractor_trade":"Electrical Contractor","number_of_floors":"2","permit_type_desc":"Electrical Permit","fiscal_year_issued":"2011","total_new_add_sqft":"3,833","permit_class_mapped":"Residential","contractor_address_1":"PO BOX 3289","contractor_full_name":"Bryan Neal","issued_in_last_30_days":"No","certificate_of_occupancy":"No","property_legal_description":"LOT 7 BLK D FALCONHEAD WEST PHS 1 SEC 2 & PHS 2"},"geometry":{"type":"Point","coordinates":[-97.9934825,30.32016881]}},{"type":"Feature","properties":{"date":"2011-07-08T04:00:00.000Z","year":2011,"description":"New 1 Stry Sf Res w/attached garage/porch.Electrical Service Only.EUD","metadescription":"EP. New. New 1 Stry Sf Res w/attached garage/porch.Electrical Service Only.EUD. Final. 16220 ROCKIES RUN SUMMIT","address":"16220 ROCKIES RUN SUMMIT","link":"https://abc.austintexas.gov/web/permit/public-search-other?t_detail=1&t_selected_folderrsn=10618983","tcad_id":"0125800202","location":"    (30.32118176, -97.99624446)","day_issued":"FRIDAY","project_id":"10618983","condominium":"No","status_date":"10/05/2011","jurisdiction":"BEE CAVE FULL PURPOSE","housing_units":"1","contractor_zip":"78691-____","contractor_city":"PFLUGERVILLE","issuance_method":"Permit Center","contractor_phone":"5128328900","contractor_trade":"Electrical Contractor","number_of_floors":"1","permit_type_desc":"Electrical Permit","fiscal_year_issued":"2011","total_new_add_sqft":"3,010","permit_class_mapped":"Residential","contractor_address_1":"PO BOX 3289","contractor_full_name":"Bryan Neal","issued_in_last_30_days":"No","certificate_of_occupancy":"No","property_legal_description":"LOT 231 BLK C FALCONHEAD WEST PHS 1 SEC 2 & PHS 2"},"geometry":{"type":"Point","coordinates":[-97.99624446,30.32118176]}},{"type":"Feature","properties":{"date":"2011-07-08T04:00:00.000Z","year":2011,"description":"New 2 Stry Sf Res w/attached garage/porch/covered patio.Electrical Service Only.EUD","metadescription":"EP. New. New 2 Stry Sf Res w/attached garage/porch/covered patio.Electrical Service Only.EUD. Final. 4316 SAINT ELIAS ST","address":"4316 SAINT ELIAS ST","link":"https://abc.austintexas.gov/web/permit/public-search-other?t_detail=1&t_selected_folderrsn=10618967","tcad_id":"0125760413","location":"    (30.32234408, -97.9808506)","day_issued":"FRIDAY","project_id":"10618967","condominium":"No","status_date":"11/30/2011","jurisdiction":"BEE CAVE FULL PURPOSE","housing_units":"1","contractor_zip":"78691-____","contractor_city":"PFLUGERVILLE","issuance_method":"Permit Center","contractor_phone":"5128328900","contractor_trade":"Electrical Contractor","number_of_floors":"2","permit_type_desc":"Electrical Permit","fiscal_year_issued":"2011","total_new_add_sqft":"5,629","permit_class_mapped":"Residential","contractor_address_1":"PO BOX 3289","contractor_full_name":"Bryan Neal","issued_in_last_30_days":"No","certificate_of_occupancy":"No","property_legal_description":"LOT 60 BLK C FALCONHEAD WEST PHS 1 SEC 2 & PHS 2"},"geometry":{"type":"Point","coordinates":[-97.9808506,30.32234408]}},{"type":"Feature","properties":{"date":"2011-07-08T04:00:00.000Z","year":2011,"description":"New 2 Stry Sf Res w/attached garage/porch.Electrical Service Only.EUD","metadescription":"EP. New. New 2 Stry Sf Res w/attached garage/porch.Electrical Service Only.EUD. Final. 16320 ROCKIES RUN SUMMIT","address":"16320 ROCKIES RUN SUMMIT","link":"https://abc.austintexas.gov/web/permit/public-search-other?t_detail=1&t_selected_folderrsn=10618988","tcad_id":"0125800223","location":"    (30.32242028, -97.99689922)","day_issued":"FRIDAY","project_id":"10618988","condominium":"No","status_date":"10/14/2011","jurisdiction":"BEE CAVE FULL PURPOSE","housing_units":"1","contractor_zip":"78691-____","contractor_city":"PFLUGERVILLE","issuance_method":"Permit Center","contractor_phone":"5128328900","contractor_trade":"Electrical Contractor","number_of_floors":"2","permit_type_desc":"Electrical Permit","fiscal_year_issued":"2011","total_new_add_sqft":"3,432","permit_class_mapped":"Residential","contractor_address_1":"PO BOX 3289","contractor_full_name":"Bryan Neal","issued_in_last_30_days":"No","certificate_of_occupancy":"No","property_legal_description":"LOT 251 BLK C FALCONHEAD WEST PHS 1 SEC 2 & PHS 2"},"geometry":{"type":"Point","coordinates":[-97.99689922,30.32242028]}},{"type":"Feature","properties":{"date":"2011-07-08T04:00:00.000Z","year":2011,"description":"New 2 Stry Sf Res w/attached garage/porch/covered patio.Electrical Service Only.EUD","metadescription":"EP. New. New 2 Stry Sf Res w/attached garage/porch/covered patio.Electrical Service Only.EUD. Final. 4921 JULIAN ALPS","address":"4921 JULIAN ALPS","link":"https://abc.austintexas.gov/web/permit/public-search-other?t_detail=1&t_selected_folderrsn=10618973","tcad_id":"0125800205","location":"    (30.32171378, -97.99570851)","day_issued":"FRIDAY","project_id":"10618973","condominium":"No","status_date":"10/21/2011","jurisdiction":"BEE CAVE FULL PURPOSE","housing_units":"1","contractor_zip":"78691-____","contractor_city":"PFLUGERVILLE","issuance_method":"Permit Center","contractor_phone":"5128328900","contractor_trade":"Electrical Contractor","number_of_floors":"2","permit_type_desc":"Electrical Permit","fiscal_year_issued":"2011","total_new_add_sqft":"4,839","permit_class_mapped":"Residential","contractor_address_1":"PO BOX 3289","contractor_full_name":"Bryan Neal","issued_in_last_30_days":"No","certificate_of_occupancy":"No","property_legal_description":"LOT 234 BLK C FALCONHEAD WEST PHS 1 SEC 2 & PHS 2"},"geometry":{"type":"Point","coordinates":[-97.99570851,30.32171378]}},{"type":"Feature","properties":{"date":"2011-06-29T04:00:00.000Z","year":2011,"description":"New SF Resid w/att garage porch covered patio EUD","metadescription":"EP. New. New SF Resid w/att garage porch covered patio EUD. Final. 14501 FALCON HEAD BLVD BLDG 5","address":"14501 FALCON HEAD BLVD BLDG 5","link":"https://abc.austintexas.gov/web/permit/public-search-other?t_detail=1&t_selected_folderrsn=10613724","tcad_id":"0125680401","location":"    (30.32223227, -97.96045654)","day_issued":"WEDNESDAY","project_id":"10613724","condominium":"No","status_date":"12/09/2011","jurisdiction":"BEE CAVE FULL PURPOSE","housing_units":"1","contractor_zip":"78742","contractor_city":"Austin","issuance_method":"Permit Center","contractor_phone":"5123858831","contractor_trade":"Electrical Contractor","number_of_floors":"1","permit_type_desc":"Electrical Permit","fiscal_year_issued":"2011","total_new_add_sqft":"1,650","permit_class_mapped":"Residential","contractor_address_1":"414 THOMPSON","contractor_address_2":"AUSTIN TX  7","contractor_full_name":"Fred Hoskins","issued_in_last_30_days":"No","certificate_of_occupancy":"No"},"geometry":{"type":"Point","coordinates":[-97.96045654,30.32223227]}},{"type":"Feature","properties":{"date":"2011-06-28T04:00:00.000Z","year":2011,"description":"New SF resid w/att garage porch EUD","metadescription":"EP. New. New SF resid w/att garage porch EUD. Final. 4916 JULIAN ALPS","address":"4916 JULIAN ALPS","link":"https://abc.austintexas.gov/web/permit/public-search-other?t_detail=1&t_selected_folderrsn=10612633","tcad_id":"0125800215","location":"    (30.32240724, -97.99588192)","day_issued":"TUESDAY","project_id":"10612633","condominium":"No","status_date":"10/05/2011","jurisdiction":"BEE CAVE FULL PURPOSE","housing_units":"1","contractor_zip":"78691-____","contractor_city":"PFLUGERVILLE","issuance_method":"Permit Center","contractor_phone":"5128328900","contractor_trade":"Electrical Contractor","number_of_floors":"1","permit_type_desc":"Electrical Permit","fiscal_year_issued":"2011","total_new_add_sqft":"3,010","permit_class_mapped":"Residential","contractor_address_1":"PO BOX 3289","contractor_full_name":"Bryan Neal","issued_in_last_30_days":"No","certificate_of_occupancy":"No","property_legal_description":"LOT 243 BLK C FALCONHEAD WEST PHS 1 SEC 2 & PHS 2"},"geometry":{"type":"Point","coordinates":[-97.99588192,30.32240724]}},{"type":"Feature","properties":{"date":"2011-06-21T04:00:00.000Z","year":2011,"description":"New 2 Stry Sf Res w/attached garage/covered porch.Electrical Service Only.EUD","metadescription":"EP. New. New 2 Stry Sf Res w/attached garage/covered porch.Electrical Service Only.EUD. Final. 14501 FALCON HEAD BLVD BLDG 45","address":"14501 FALCON HEAD BLVD BLDG 45","link":"https://abc.austintexas.gov/web/permit/public-search-other?t_detail=1&t_selected_folderrsn=10609766","tcad_id":"0125680401","location":"    (30.32223227, -97.96045654)","day_issued":"TUESDAY","project_id":"10609766","condominium":"No","status_date":"11/07/2011","jurisdiction":"BEE CAVE FULL PURPOSE","housing_units":"1","contractor_zip":"78742","contractor_city":"Austin","issuance_method":"Permit Center","contractor_phone":"5123858831","contractor_trade":"Electrical Contractor","number_of_floors":"2","permit_type_desc":"Electrical Permit","fiscal_year_issued":"2011","total_new_add_sqft":"2,204","permit_class_mapped":"Residential","contractor_address_1":"414 THOMPSON","contractor_address_2":"AUSTIN TX  7","contractor_full_name":"Fred Hoskins","issued_in_last_30_days":"No","certificate_of_occupancy":"No"},"geometry":{"type":"Point","coordinates":[-97.96045654,30.32223227]}},{"type":"Feature","properties":{"date":"2011-06-17T04:00:00.000Z","year":2011,"description":"New SF Resid w/att garage porch covered patio EUD","metadescription":"EP. New. New SF Resid w/att garage porch covered patio EUD. VOID. 14501 FALCON HEAD BLVD BLDG 11","address":"14501 FALCON HEAD BLVD BLDG 11","link":"https://abc.austintexas.gov/web/permit/public-search-other?t_detail=1&t_selected_folderrsn=10608631","tcad_id":"0125680401","location":"    (30.32223227, -97.96045654)","day_issued":"FRIDAY","project_id":"10608631","condominium":"No","status_date":"05/31/2012","jurisdiction":"BEE CAVE FULL PURPOSE","housing_units":"1","contractor_zip":"78742","contractor_city":"Austin","issuance_method":"Permit Center","contractor_phone":"5123858831","contractor_trade":"Electrical Contractor","number_of_floors":"1","permit_type_desc":"Electrical Permit","fiscal_year_issued":"2011","total_new_add_sqft":"1,932","permit_class_mapped":"Residential","contractor_address_1":"414 THOMPSON","contractor_address_2":"AUSTIN TX  7","contractor_full_name":"Fred Hoskins","issued_in_last_30_days":"No","certificate_of_occupancy":"No"},"geometry":{"type":"Point","coordinates":[-97.96045654,30.32223227]}},{"type":"Feature","properties":{"date":"2011-06-17T04:00:00.000Z","year":2011,"description":"New 1 Stry Sf Res w/attached garage/covered porch.Electrical Service Only.EUD","metadescription":"EP. New. New 1 Stry Sf Res w/attached garage/covered porch.Electrical Service Only.EUD. Final. 14501 FALCON HEAD BLVD BLDG 4","address":"14501 FALCON HEAD BLVD BLDG 4","link":"https://abc.austintexas.gov/web/permit/public-search-other?t_detail=1&t_selected_folderrsn=10596346","tcad_id":"0125680401","location":"    (30.32223227, -97.96045654)","day_issued":"FRIDAY","project_id":"10596346","condominium":"No","status_date":"10/12/2011","jurisdiction":"BEE CAVE FULL PURPOSE","housing_units":"1","contractor_zip":"78742","contractor_city":"Austin","issuance_method":"Permit Center","contractor_phone":"5123858831","contractor_trade":"Electrical Contractor","number_of_floors":"1","permit_type_desc":"Electrical Permit","fiscal_year_issued":"2011","total_new_add_sqft":"1,749","permit_class_mapped":"Residential","contractor_address_1":"414 THOMPSON","contractor_address_2":"AUSTIN TX  7","contractor_full_name":"Fred Hoskins","issued_in_last_30_days":"No","certificate_of_occupancy":"No"},"geometry":{"type":"Point","coordinates":[-97.96045654,30.32223227]}},{"type":"Feature","properties":{"date":"2011-06-13T04:00:00.000Z","year":2011,"description":"New 2 Stry SF resid w/att garage porch covered patio EUD","metadescription":"EP. New. New 2 Stry SF resid w/att garage porch covered patio EUD. Final. 4308 SAINT ELIAS ST","address":"4308 SAINT ELIAS ST","link":"https://abc.austintexas.gov/web/permit/public-search-other?t_detail=1&t_selected_folderrsn=10604787","tcad_id":"0125760411","location":"    (30.32269767, -97.98063592)","day_issued":"MONDAY","project_id":"10604787","condominium":"No","status_date":"10/25/2011","jurisdiction":"BEE CAVE FULL PURPOSE","housing_units":"1","contractor_zip":"78691-____","contractor_city":"PFLUGERVILLE","issuance_method":"Permit Center","contractor_phone":"5128328900","contractor_trade":"Electrical Contractor","number_of_floors":"2","permit_type_desc":"Electrical Permit","fiscal_year_issued":"2011","total_new_add_sqft":"5,211","permit_class_mapped":"Residential","contractor_address_1":"PO BOX 3289","contractor_full_name":"Bryan Neal","issued_in_last_30_days":"No","certificate_of_occupancy":"No","property_legal_description":"LOT 58 BLK C FALCONHEAD WEST PHS 1 SEC 2 & PHS 2"},"geometry":{"type":"Point","coordinates":[-97.98063592,30.32269767]}},{"type":"Feature","properties":{"date":"2011-06-13T04:00:00.000Z","year":2011,"description":"New 2 Stry SF resid w/att garage porch covered patio EUD","metadescription":"EP. New. New 2 Stry SF resid w/att garage porch covered patio EUD. Final. 4909 JULIAN ALPS","address":"4909 JULIAN ALPS","link":"https://abc.austintexas.gov/web/permit/public-search-other?t_detail=1&t_selected_folderrsn=10604777","tcad_id":"0125800208","location":"    (30.32228164, -97.99547918)","day_issued":"MONDAY","project_id":"10604777","condominium":"No","status_date":"09/02/2011","jurisdiction":"BEE CAVE FULL PURPOSE","housing_units":"1","contractor_zip":"78691-____","contractor_city":"PFLUGERVILLE","issuance_method":"Permit Center","contractor_phone":"5128328900","contractor_trade":"Electrical Contractor","number_of_floors":"2","permit_type_desc":"Electrical Permit","fiscal_year_issued":"2011","total_new_add_sqft":"5,154","permit_class_mapped":"Residential","contractor_address_1":"PO BOX 3289","contractor_full_name":"Bryan Neal","issued_in_last_30_days":"No","certificate_of_occupancy":"No","property_legal_description":"LOT 237 BLK C FALCONHEAD WEST PHS 1 SEC 2 & PHS 2"},"geometry":{"type":"Point","coordinates":[-97.99547918,30.32228164]}},{"type":"Feature","properties":{"date":"2011-06-13T04:00:00.000Z","year":2011,"description":"New 2 Stry SF resid w/att garage porch covered patio EUD","metadescription":"EP. New. New 2 Stry SF resid w/att garage porch covered patio EUD. Final. 16324 ROCKIES RUN SUMMIT","address":"16324 ROCKIES RUN SUMMIT","link":"https://abc.austintexas.gov/web/permit/public-search-other?t_detail=1&t_selected_folderrsn=10604781","tcad_id":"0125800224","location":"    (30.32256062, -97.99705433)","day_issued":"MONDAY","project_id":"10604781","condominium":"No","status_date":"10/10/2011","jurisdiction":"BEE CAVE FULL PURPOSE","housing_units":"1","contractor_zip":"78691-____","contractor_city":"PFLUGERVILLE","issuance_method":"Permit Center","contractor_phone":"5128328900","contractor_trade":"Electrical Contractor","number_of_floors":"2","permit_type_desc":"Electrical Permit","fiscal_year_issued":"2011","total_new_add_sqft":"4,578","permit_class_mapped":"Residential","contractor_address_1":"PO BOX 3289","contractor_full_name":"Bryan Neal","issued_in_last_30_days":"No","certificate_of_occupancy":"No","property_legal_description":"LOT 252 BLK C FALCONHEAD WEST PHS 1 SEC 2 & PHS 2"},"geometry":{"type":"Point","coordinates":[-97.99705433,30.32256062]}},{"type":"Feature","properties":{"date":"2011-06-02T04:00:00.000Z","year":2011,"description":"new 1stry residence w/att garage porch and cvd. pation eud Bee caves.","metadescription":"EP. New. new 1stry residence w/att garage porch and cvd. pation eud Bee caves.. Final. 4605 MONT BLANC DR","address":"4605 MONT BLANC DR","link":"https://abc.austintexas.gov/web/permit/public-search-other?t_detail=1&t_selected_folderrsn=10599456","tcad_id":"0125780218","location":"    (30.32281586, -97.98693533)","day_issued":"THURSDAY","project_id":"10599456","condominium":"No","status_date":"09/02/2011","jurisdiction":"BEE CAVE FULL PURPOSE","housing_units":"1","contractor_zip":"78691-____","contractor_city":"PFLUGERVILLE","issuance_method":"Permit Center","contractor_phone":"5128328900","contractor_trade":"Electrical Contractor","number_of_floors":"1","permit_type_desc":"Electrical Permit","fiscal_year_issued":"2011","total_new_add_sqft":"3,733","permit_class_mapped":"Residential","contractor_address_1":"PO BOX 3289","contractor_full_name":"Bryan Neal","issued_in_last_30_days":"No","certificate_of_occupancy":"No","property_legal_description":"LOT 20 BLK G FALCONHEAD WEST PHS 1 SEC 1"},"geometry":{"type":"Point","coordinates":[-97.98693533,30.32281586]}},{"type":"Feature","properties":{"date":"2011-05-25T04:00:00.000Z","year":2011,"description":"New 1 Stry Sf Res w/attached garage/covered porch.Electrical Service Only.EUD","metadescription":"EP. New. New 1 Stry Sf Res w/attached garage/covered porch.Electrical Service Only.EUD. VOID. 4308 MYRTLE BEACH DR","address":"4308 MYRTLE BEACH DR","link":"https://abc.austintexas.gov/web/permit/public-search-other?t_detail=1&t_selected_folderrsn=10596256","tcad_id":"0123700105","location":"    (30.3177041, -97.96723125)","day_issued":"WEDNESDAY","project_id":"10596256","condominium":"No","status_date":"12/27/2011","jurisdiction":"BEE CAVE FULL PURPOSE","housing_units":"1","contractor_zip":"78654-____","contractor_city":"SPICEWOOD","issuance_method":"Permit Center","contractor_phone":"5122631214","contractor_trade":"Electrical Contractor","number_of_floors":"1","permit_type_desc":"Electrical Permit","fiscal_year_issued":"2011","total_new_add_sqft":"3,250","permit_class_mapped":"Residential","contractor_address_1":"PO BOX 449","contractor_full_name":"Jackie D Oliver","issued_in_last_30_days":"No","certificate_of_occupancy":"No","property_legal_description":"LOT 22 BLK E SPILLMAN RANCH PHS 1 SEC 2"},"geometry":{"type":"Point","coordinates":[-97.96723125,30.3177041]}},{"type":"Feature","properties":{"date":"2011-05-25T04:00:00.000Z","year":2011,"description":"New 1 Stry Sf Res w/attached garage/covered porch.Electrical Service Only.EUD","metadescription":"EP. New. New 1 Stry Sf Res w/attached garage/covered porch.Electrical Service Only.EUD. Final. 14501 FALCON HEAD BLVD BLDG 8","address":"14501 FALCON HEAD BLVD BLDG 8","link":"https://abc.austintexas.gov/web/permit/public-search-other?t_detail=1&t_selected_folderrsn=10596265","tcad_id":"0125680401","location":"    (30.32223227, -97.96045654)","day_issued":"WEDNESDAY","project_id":"10596265","condominium":"No","status_date":"10/12/2011","jurisdiction":"BEE CAVE FULL PURPOSE","housing_units":"1","contractor_zip":"78742","contractor_city":"Austin","issuance_method":"Permit Center","contractor_phone":"5123858831","contractor_trade":"Electrical Contractor","number_of_floors":"1","permit_type_desc":"Electrical Permit","fiscal_year_issued":"2011","total_new_add_sqft":"1,749","permit_class_mapped":"Residential","contractor_address_1":"414 THOMPSON","contractor_address_2":"AUSTIN TX  7","contractor_full_name":"Fred Hoskins","issued_in_last_30_days":"No","certificate_of_occupancy":"No"},"geometry":{"type":"Point","coordinates":[-97.96045654,30.32223227]}},{"type":"Feature","properties":{"date":"2011-05-24T04:00:00.000Z","year":2011,"description":"New 1 Stry Sf Res w/attached garage/covered porch.Electrical Service Only.EUD","metadescription":"EP. New. New 1 Stry Sf Res w/attached garage/covered porch.Electrical Service Only.EUD. Final. 14501 FALCON HEAD BLVD BLDG 30","address":"14501 FALCON HEAD BLVD BLDG 30","link":"https://abc.austintexas.gov/web/permit/public-search-other?t_detail=1&t_selected_folderrsn=10595630","tcad_id":"0125680401","location":"    (30.32223227, -97.96045654)","day_issued":"TUESDAY","project_id":"10595630","condominium":"No","status_date":"09/27/2011","jurisdiction":"BEE CAVE FULL PURPOSE","housing_units":"1","contractor_zip":"78742","contractor_city":"Austin","issuance_method":"Permit Center","contractor_phone":"5123858831","contractor_trade":"Electrical Contractor","number_of_floors":"1","permit_type_desc":"Electrical Permit","fiscal_year_issued":"2011","total_new_add_sqft":"1,749","permit_class_mapped":"Residential","contractor_address_1":"414 THOMPSON","contractor_address_2":"AUSTIN TX  7","contractor_full_name":"Fred Hoskins","issued_in_last_30_days":"No","certificate_of_occupancy":"No"},"geometry":{"type":"Point","coordinates":[-97.96045654,30.32223227]}},{"type":"Feature","properties":{"date":"2011-05-19T04:00:00.000Z","year":2011,"description":"New 1 Stry Sf Res w/attached garage/covered porch.Electrical Service Only.EUD","metadescription":"EP. New. New 1 Stry Sf Res w/attached garage/covered porch.Electrical Service Only.EUD. Final. 14501 FALCON HEAD BLVD BLDG 31","address":"14501 FALCON HEAD BLVD BLDG 31","link":"https://abc.austintexas.gov/web/permit/public-search-other?t_detail=1&t_selected_folderrsn=10593922","tcad_id":"0125680401","location":"    (30.32223227, -97.96045654)","day_issued":"THURSDAY","project_id":"10593922","condominium":"No","status_date":"10/05/2011","jurisdiction":"BEE CAVE FULL PURPOSE","housing_units":"1","contractor_zip":"78742","contractor_city":"Austin","issuance_method":"Permit Center","contractor_phone":"5123858831","contractor_trade":"Electrical Contractor","number_of_floors":"1","permit_type_desc":"Electrical Permit","fiscal_year_issued":"2011","total_new_add_sqft":"1,850","permit_class_mapped":"Residential","contractor_address_1":"414 THOMPSON","contractor_address_2":"AUSTIN TX  7","contractor_full_name":"Fred Hoskins","issued_in_last_30_days":"No","certificate_of_occupancy":"No"},"geometry":{"type":"Point","coordinates":[-97.96045654,30.32223227]}},{"type":"Feature","properties":{"date":"2011-05-19T04:00:00.000Z","year":2011,"description":"New 1 Stry Sf Res w/attached garage/covered porch.Electrical Service Only.EUD","metadescription":"EP. New. New 1 Stry Sf Res w/attached garage/covered porch.Electrical Service Only.EUD. Final. 14501 FALCON HEAD BLVD BLDG 32","address":"14501 FALCON HEAD BLVD BLDG 32","link":"https://abc.austintexas.gov/web/permit/public-search-other?t_detail=1&t_selected_folderrsn=10593919","tcad_id":"0125680401","location":"    (30.32223227, -97.96045654)","day_issued":"THURSDAY","project_id":"10593919","condominium":"No","status_date":"10/12/2011","jurisdiction":"BEE CAVE FULL PURPOSE","housing_units":"1","contractor_zip":"78742","contractor_city":"Austin","issuance_method":"Permit Center","contractor_phone":"5123858831","contractor_trade":"Electrical Contractor","number_of_floors":"1","permit_type_desc":"Electrical Permit","fiscal_year_issued":"2011","total_new_add_sqft":"1,870","permit_class_mapped":"Residential","contractor_address_1":"414 THOMPSON","contractor_address_2":"AUSTIN TX  7","contractor_full_name":"Fred Hoskins","issued_in_last_30_days":"No","certificate_of_occupancy":"No"},"geometry":{"type":"Point","coordinates":[-97.96045654,30.32223227]}},{"type":"Feature","properties":{"date":"2011-05-19T04:00:00.000Z","year":2011,"description":"New 1 Stry Sf Res w/attached garage/covered porch.Electrical Service Only.EUD","metadescription":"EP. New. New 1 Stry Sf Res w/attached garage/covered porch.Electrical Service Only.EUD. Final. 14501 FALCON HEAD BLVD BLDG 20","address":"14501 FALCON HEAD BLVD BLDG 20","link":"https://abc.austintexas.gov/web/permit/public-search-other?t_detail=1&t_selected_folderrsn=10593917","tcad_id":"0125680401","location":"    (30.32223227, -97.96045654)","day_issued":"THURSDAY","project_id":"10593917","condominium":"No","status_date":"10/24/2011","jurisdiction":"BEE CAVE FULL PURPOSE","housing_units":"1","contractor_zip":"78742","contractor_city":"Austin","issuance_method":"Permit Center","contractor_phone":"5123858831","contractor_trade":"Electrical Contractor","number_of_floors":"1","permit_type_desc":"Electrical Permit","fiscal_year_issued":"2011","total_new_add_sqft":"1,932","permit_class_mapped":"Residential","contractor_address_1":"414 THOMPSON","contractor_address_2":"AUSTIN TX  7","contractor_full_name":"Fred Hoskins","issued_in_last_30_days":"No","certificate_of_occupancy":"No"},"geometry":{"type":"Point","coordinates":[-97.96045654,30.32223227]}},{"type":"Feature","properties":{"date":"2011-05-12T04:00:00.000Z","year":2011,"description":"New 1 Stry Sf Res w/attached garage/porch/covered patio.Electrical Service Only.EUD","metadescription":"EP. New. New 1 Stry Sf Res w/attached garage/porch/covered patio.Electrical Service Only.EUD. Final. 4829 PYRENEES PASS","address":"4829 PYRENEES PASS","link":"https://abc.austintexas.gov/web/permit/public-search-other?t_detail=1&t_selected_folderrsn=10589758","tcad_id":"0125780430","location":"    (30.32140452, -97.99036802)","day_issued":"THURSDAY","project_id":"10589758","condominium":"No","status_date":"08/18/2011","jurisdiction":"BEE CAVE FULL PURPOSE","housing_units":"1","contractor_zip":"78691-____","contractor_city":"PFLUGERVILLE","issuance_method":"Permit Center","contractor_phone":"5128328900","contractor_trade":"Electrical Contractor","number_of_floors":"2","permit_type_desc":"Electrical Permit","fiscal_year_issued":"2011","total_new_add_sqft":"4,010","permit_class_mapped":"Residential","contractor_address_1":"PO BOX 3289","contractor_full_name":"Bryan Neal","issued_in_last_30_days":"No","certificate_of_occupancy":"No","property_legal_description":"LOT 16 BLK A FALCONHEAD WEST PHS 1 SEC 2 & PHS 2"},"geometry":{"type":"Point","coordinates":[-97.99036802,30.32140452]}},{"type":"Feature","properties":{"date":"2011-05-06T04:00:00.000Z","year":2011,"description":"New 2 sty sf residence w/ garage & porch. Electrical service only. EUD.","metadescription":"EP. New. New 2 sty sf residence w/ garage & porch. Electrical service only. EUD.. Final. 15325 HARRIER MARSH DR","address":"15325 HARRIER MARSH DR","link":"https://abc.austintexas.gov/web/permit/public-search-other?t_detail=1&t_selected_folderrsn=10585820","tcad_id":"0125760406","location":"    (30.32345867, -97.97999284)","day_issued":"FRIDAY","project_id":"10585820","condominium":"No","status_date":"08/11/2011","jurisdiction":"BEE CAVE FULL PURPOSE","housing_units":"1","contractor_zip":"78691-____","contractor_city":"PFLUGERVILLE","issuance_method":"Permit Center","contractor_phone":"5128328900","contractor_trade":"Electrical Contractor","number_of_floors":"2","permit_type_desc":"Electrical Permit","fiscal_year_issued":"2011","total_new_add_sqft":"3,993","permit_class_mapped":"Residential","contractor_address_1":"PO BOX 3289","contractor_full_name":"Bryan Neal","issued_in_last_30_days":"No","certificate_of_occupancy":"No","property_legal_description":"LOT 53 BLK C FALCONHEAD WEST PHS 1 SEC 2 & PHS 2"},"geometry":{"type":"Point","coordinates":[-97.97999284,30.32345867]}},{"type":"Feature","properties":{"date":"2011-04-29T04:00:00.000Z","year":2011,"description":"New 1 Stry Sf Res w/attached garage/covered porch.Electrical Service Only.EUD","metadescription":"EP. New. New 1 Stry Sf Res w/attached garage/covered porch.Electrical Service Only.EUD. Final. 14501 FALCON HEAD BLVD BLDG 35","address":"14501 FALCON HEAD BLVD BLDG 35","link":"https://abc.austintexas.gov/web/permit/public-search-other?t_detail=1&t_selected_folderrsn=10583486","tcad_id":"0125680401","location":"    (30.32223227, -97.96045654)","day_issued":"FRIDAY","project_id":"10583486","condominium":"No","status_date":"09/12/2011","jurisdiction":"BEE CAVE FULL PURPOSE","housing_units":"1","contractor_zip":"78742","contractor_city":"Austin","issuance_method":"Permit Center","contractor_phone":"5123858831","contractor_trade":"Electrical Contractor","number_of_floors":"1","permit_type_desc":"Electrical Permit","fiscal_year_issued":"2011","total_new_add_sqft":"1,932","permit_class_mapped":"Residential","contractor_address_1":"414 THOMPSON","contractor_address_2":"AUSTIN TX  7","contractor_full_name":"Fred Hoskins","issued_in_last_30_days":"No","certificate_of_occupancy":"No"},"geometry":{"type":"Point","coordinates":[-97.96045654,30.32223227]}},{"type":"Feature","properties":{"date":"2011-04-29T04:00:00.000Z","year":2011,"description":"New 1 Stry Sf Res w/attached garage/covered porch.Electrical Service Only.EUD","metadescription":"EP. New. New 1 Stry Sf Res w/attached garage/covered porch.Electrical Service Only.EUD. Final. 14501 FALCON HEAD BLVD BLDG 24","address":"14501 FALCON HEAD BLVD BLDG 24","link":"https://abc.austintexas.gov/web/permit/public-search-other?t_detail=1&t_selected_folderrsn=10583431","tcad_id":"0125680401","location":"    (30.32223227, -97.96045654)","day_issued":"FRIDAY","project_id":"10583431","condominium":"No","status_date":"09/12/2011","jurisdiction":"BEE CAVE FULL PURPOSE","housing_units":"1","contractor_zip":"78742","contractor_city":"Austin","issuance_method":"Permit Center","contractor_phone":"5123858831","contractor_trade":"Electrical Contractor","number_of_floors":"1","permit_type_desc":"Electrical Permit","fiscal_year_issued":"2011","total_new_add_sqft":"1,932","permit_class_mapped":"Residential","contractor_address_1":"414 THOMPSON","contractor_address_2":"AUSTIN TX  7","contractor_full_name":"Fred Hoskins","issued_in_last_30_days":"No","certificate_of_occupancy":"No"},"geometry":{"type":"Point","coordinates":[-97.96045654,30.32223227]}},{"type":"Feature","properties":{"date":"2011-04-29T04:00:00.000Z","year":2011,"description":"New 1 Stry Sf Res w/attached garage/covered porch.Electrical Service Only.EUD","metadescription":"EP. New. New 1 Stry Sf Res w/attached garage/covered porch.Electrical Service Only.EUD. Final. 14501 FALCON HEAD BLVD BLDG 26","address":"14501 FALCON HEAD BLVD BLDG 26","link":"https://abc.austintexas.gov/web/permit/public-search-other?t_detail=1&t_selected_folderrsn=10583489","tcad_id":"0125680401","location":"    (30.32223227, -97.96045654)","day_issued":"FRIDAY","project_id":"10583489","condominium":"No","status_date":"09/27/2011","jurisdiction":"BEE CAVE FULL PURPOSE","housing_units":"1","contractor_zip":"78742","contractor_city":"Austin","issuance_method":"Permit Center","contractor_phone":"5123858831","contractor_trade":"Electrical Contractor","number_of_floors":"1","permit_type_desc":"Electrical Permit","fiscal_year_issued":"2011","total_new_add_sqft":"1,932","permit_class_mapped":"Residential","contractor_address_1":"414 THOMPSON","contractor_address_2":"AUSTIN TX  7","contractor_full_name":"Fred Hoskins","issued_in_last_30_days":"No","certificate_of_occupancy":"No"},"geometry":{"type":"Point","coordinates":[-97.96045654,30.32223227]}},{"type":"Feature","properties":{"date":"2011-04-29T04:00:00.000Z","year":2011,"description":"New 1 Stry Sf Res w/attached garage/covered porch.Electrical Service Only.EUD","metadescription":"EP. New. New 1 Stry Sf Res w/attached garage/covered porch.Electrical Service Only.EUD. Final. 14501 FALCON HEAD BLVD BLDG 16","address":"14501 FALCON HEAD BLVD BLDG 16","link":"https://abc.austintexas.gov/web/permit/public-search-other?t_detail=1&t_selected_folderrsn=10583438","tcad_id":"0125680401","location":"    (30.32223227, -97.96045654)","day_issued":"FRIDAY","project_id":"10583438","condominium":"No","status_date":"09/27/2011","jurisdiction":"BEE CAVE FULL PURPOSE","housing_units":"1","contractor_zip":"78742","contractor_city":"Austin","issuance_method":"Permit Center","contractor_phone":"5123858831","contractor_trade":"Electrical Contractor","number_of_floors":"1","permit_type_desc":"Electrical Permit","fiscal_year_issued":"2011","total_new_add_sqft":"1,932","permit_class_mapped":"Residential","contractor_address_1":"414 THOMPSON","contractor_address_2":"AUSTIN TX  7","contractor_full_name":"Fred Hoskins","issued_in_last_30_days":"No","certificate_of_occupancy":"No"},"geometry":{"type":"Point","coordinates":[-97.96045654,30.32223227]}},{"type":"Feature","properties":{"date":"2011-04-22T04:00:00.000Z","year":2011,"description":"New 2 Stry Sf res w/ atted garage & covrd porch / patio. Electrical service only. EUD","metadescription":"EP. New. New 2 Stry Sf res w/ atted garage & covrd porch / patio. Electrical service only. EUD. Final. 4929 JULIAN ALPS","address":"4929 JULIAN ALPS","link":"https://abc.austintexas.gov/web/permit/public-search-other?t_detail=1&t_selected_folderrsn=10580620","tcad_id":"0125800203","location":"    (30.32135324, -97.99599621)","day_issued":"FRIDAY","project_id":"10580620","condominium":"No","status_date":"08/15/2011","jurisdiction":"BEE CAVE FULL PURPOSE","housing_units":"1","contractor_zip":"78691-____","contractor_city":"PFLUGERVILLE","issuance_method":"Permit Center","contractor_phone":"5128328900","contractor_trade":"Electrical Contractor","number_of_floors":"2","permit_type_desc":"Electrical Permit","fiscal_year_issued":"2011","total_new_add_sqft":"5,211","permit_class_mapped":"Residential","contractor_address_1":"PO BOX 3289","contractor_full_name":"Bryan Neal","issued_in_last_30_days":"No","certificate_of_occupancy":"No","property_legal_description":"LOT 232 BLK C FALCONHEAD WEST PHS 1 SEC 2 & PHS 2"},"geometry":{"type":"Point","coordinates":[-97.99599621,30.32135324]}},{"type":"Feature","properties":{"date":"2011-04-20T04:00:00.000Z","year":2011,"description":"New sf residence w/garage & porch electrial service only. EUD.","metadescription":"EP. New. New sf residence w/garage & porch electrial service only. EUD.. Final. 16305 ROCKIES RUN SUMMIT","address":"16305 ROCKIES RUN SUMMIT","link":"https://abc.austintexas.gov/web/permit/public-search-other?t_detail=1&t_selected_folderrsn=10579082","tcad_id":"0125800231","location":"    (30.32142665, -97.9970057)","day_issued":"WEDNESDAY","project_id":"10579082","condominium":"No","status_date":"07/27/2011","jurisdiction":"BEE CAVE FULL PURPOSE","housing_units":"1","contractor_zip":"78691-____","contractor_city":"PFLUGERVILLE","issuance_method":"Permit Center","contractor_phone":"5128328900","contractor_trade":"Electrical Contractor","number_of_floors":"1","permit_type_desc":"Electrical Permit","fiscal_year_issued":"2011","total_new_add_sqft":"3,993","permit_class_mapped":"Residential","contractor_address_1":"PO BOX 3289","contractor_full_name":"Bryan Neal","issued_in_last_30_days":"No","certificate_of_occupancy":"No","property_legal_description":"LOT 259 BLK C FALCONHEAD WEST PHS 1 SEC 2 & PHS 2"},"geometry":{"type":"Point","coordinates":[-97.9970057,30.32142665]}},{"type":"Feature","properties":{"date":"2011-04-06T04:00:00.000Z","year":2011,"description":"New 2 Stry Sf res w/ atted garage & covrd porch / patio. Electrical service only. EUD","metadescription":"EP. New. New 2 Stry Sf res w/ atted garage & covrd porch / patio. Electrical service only. EUD. Final. 16317 ROCKIES RUN SUMMIT","address":"16317 ROCKIES RUN SUMMIT","link":"https://abc.austintexas.gov/web/permit/public-search-other?t_detail=1&t_selected_folderrsn=10569969","tcad_id":"0125800228","location":"    (30.32197522, -97.99722701)","day_issued":"WEDNESDAY","project_id":"10569969","condominium":"No","status_date":"07/07/2011","jurisdiction":"BEE CAVE FULL PURPOSE","housing_units":"1","contractor_zip":"78691-____","contractor_city":"PFLUGERVILLE","issuance_method":"Permit Center","contractor_phone":"5128328900","contractor_trade":"Electrical Contractor","number_of_floors":"2","permit_type_desc":"Electrical Permit","fiscal_year_issued":"2011","total_new_add_sqft":"4,823","permit_class_mapped":"Residential","contractor_address_1":"PO BOX 3289","contractor_full_name":"Bryan Neal","issued_in_last_30_days":"No","certificate_of_occupancy":"No","property_legal_description":"LOT 256 BLK C FALCONHEAD WEST PHS 1 SEC 2 & PHS 2"},"geometry":{"type":"Point","coordinates":[-97.99722701,30.32197522]}},{"type":"Feature","properties":{"date":"2011-03-31T04:00:00.000Z","year":2011,"description":"New 2 Stry Sf Res w/attached garage/porch/covered patio.Elec Service Only.EUD","metadescription":"EP. New. New 2 Stry Sf Res w/attached garage/porch/covered patio.Elec Service Only.EUD. Final. 15509 BOULDER HEIGHTS","address":"15509 BOULDER HEIGHTS","link":"https://abc.austintexas.gov/web/permit/public-search-other?t_detail=1&t_selected_folderrsn=10567766","tcad_id":"0123780102","location":"    (30.32074615, -97.98429741)","day_issued":"THURSDAY","project_id":"10567766","condominium":"No","status_date":"02/04/2013","jurisdiction":"BEE CAVE FULL PURPOSE","housing_units":"0","contractor_zip":"78691-____","contractor_city":"PFLUGERVILLE","issuance_method":"Permit Center","contractor_phone":"5128328900","contractor_trade":"Electrical Contractor","number_of_floors":"0","permit_type_desc":"Electrical Permit","fiscal_year_issued":"2011","total_new_add_sqft":"0","permit_class_mapped":"Residential","contractor_address_1":"PO BOX 3289","contractor_full_name":"Bryan Neal","issued_in_last_30_days":"No","certificate_of_occupancy":"No","property_legal_description":"LOT 55 BLK A FALCONHEAD WEST PHS 1 SEC 1"},"geometry":{"type":"Point","coordinates":[-97.98429741,30.32074615]}},{"type":"Feature","properties":{"date":"2011-03-31T04:00:00.000Z","year":2011,"description":"New 1 Stry Sf Res w/attached garage/porch/covered patio.Electrical Service Only.EUD","metadescription":"EP. New. New 1 Stry Sf Res w/attached garage/porch/covered patio.Electrical Service Only.EUD. Final. 4609 PYRENEES PASS","address":"4609 PYRENEES PASS","link":"https://abc.austintexas.gov/web/permit/public-search-other?t_detail=1&t_selected_folderrsn=10567443","tcad_id":"0125780404","location":"    (30.3213365, -97.98770043)","day_issued":"THURSDAY","project_id":"10567443","condominium":"No","status_date":"06/15/2011","jurisdiction":"BEE CAVE FULL PURPOSE","housing_units":"1","contractor_zip":"78691-____","contractor_city":"PFLUGERVILLE","issuance_method":"Permit Center","contractor_phone":"5128328900","contractor_trade":"Electrical Contractor","number_of_floors":"1","permit_type_desc":"Electrical Permit","fiscal_year_issued":"2011","total_new_add_sqft":"2,682","permit_class_mapped":"Residential","contractor_address_1":"PO BOX 3289","contractor_full_name":"Bryan Neal","issued_in_last_30_days":"No","certificate_of_occupancy":"No","property_legal_description":"LOT 29 BLK A FALCONHEAD WEST PHS 1 SEC 1"},"geometry":{"type":"Point","coordinates":[-97.98770043,30.3213365]}},{"type":"Feature","properties":{"date":"2011-03-25T04:00:00.000Z","year":2011,"description":"New 1 Stry Sf Res w/attached garage/covered porch.Electrical Service Only.EUD","metadescription":"EP. New. New 1 Stry Sf Res w/attached garage/covered porch.Electrical Service Only.EUD. Final. 14501 FALCON HEAD BLVD BLDG 37","address":"14501 FALCON HEAD BLVD BLDG 37","link":"https://abc.austintexas.gov/web/permit/public-search-other?t_detail=1&t_selected_folderrsn=10565015","tcad_id":"0125680401","location":"    (30.32223227, -97.96045654)","day_issued":"FRIDAY","project_id":"10565015","condominium":"No","status_date":"06/22/2011","jurisdiction":"BEE CAVE FULL PURPOSE","housing_units":"1","contractor_zip":"78742","contractor_city":"Austin","issuance_method":"Permit Center","contractor_phone":"5123858831","contractor_trade":"Electrical Contractor","number_of_floors":"1","permit_type_desc":"Electrical Permit","fiscal_year_issued":"2011","total_new_add_sqft":"1,850","permit_class_mapped":"Residential","contractor_address_1":"414 THOMPSON","contractor_address_2":"AUSTIN TX  7","contractor_full_name":"Fred Hoskins","issued_in_last_30_days":"No","certificate_of_occupancy":"No"},"geometry":{"type":"Point","coordinates":[-97.96045654,30.32223227]}},{"type":"Feature","properties":{"date":"2011-03-25T04:00:00.000Z","year":2011,"description":"New 2 Stry Sf Res w/attached garage/porch/covered patio.Electrical Service Only. EUD","metadescription":"EP. New. New 2 Stry Sf Res w/attached garage/porch/covered patio.Electrical Service Only. EUD. Final. 4912 PYRENEES PASS","address":"4912 PYRENEES PASS","link":"https://abc.austintexas.gov/web/permit/public-search-other?t_detail=1&t_selected_folderrsn=10564771","tcad_id":"0125780704","location":"    (30.32128068, -97.99141716)","day_issued":"FRIDAY","project_id":"10564771","condominium":"No","status_date":"06/20/2011","jurisdiction":"BEE CAVE FULL PURPOSE","housing_units":"1","contractor_zip":"78691-____","contractor_city":"PFLUGERVILLE","issuance_method":"Permit Center","contractor_phone":"5128328900","contractor_trade":"Electrical Contractor","number_of_floors":"2","permit_type_desc":"Electrical Permit","fiscal_year_issued":"2011","total_new_add_sqft":"3,922","permit_class_mapped":"Residential","contractor_address_1":"PO BOX 3289","contractor_full_name":"Bryan Neal","issued_in_last_30_days":"No","certificate_of_occupancy":"No","property_legal_description":"LOT 10 BLK B FALCONHEAD WEST PHS 1 SEC 2 & PHS 2"},"geometry":{"type":"Point","coordinates":[-97.99141716,30.32128068]}},{"type":"Feature","properties":{"date":"2011-03-24T04:00:00.000Z","year":2011,"description":"New 2 Stry Sf Res w/attached garage/porch/covered patio.Electrical Service Only. EUD","metadescription":"EP. New. New 2 Stry Sf Res w/attached garage/porch/covered patio.Electrical Service Only. EUD. Final. 4924 JULIAN ALPS","address":"4924 JULIAN ALPS","link":"https://abc.austintexas.gov/web/permit/public-search-other?t_detail=1&t_selected_folderrsn=10564765","tcad_id":"0125800217","location":"    (30.32200802, -97.99600888)","day_issued":"THURSDAY","project_id":"10564765","condominium":"No","status_date":"07/06/2011","jurisdiction":"BEE CAVE FULL PURPOSE","housing_units":"1","contractor_zip":"78691-____","contractor_city":"PFLUGERVILLE","issuance_method":"Permit Center","contractor_phone":"5128328900","contractor_trade":"Electrical Contractor","number_of_floors":"2","permit_type_desc":"Electrical Permit","fiscal_year_issued":"2011","total_new_add_sqft":"5,211","permit_class_mapped":"Residential","contractor_address_1":"PO BOX 3289","contractor_full_name":"Bryan Neal","issued_in_last_30_days":"No","certificate_of_occupancy":"No","property_legal_description":"LOT 245 BLK C FALCONHEAD WEST PHS 1 SEC 2 & PHS 2"},"geometry":{"type":"Point","coordinates":[-97.99600888,30.32200802]}},{"type":"Feature","properties":{"date":"2011-03-22T04:00:00.000Z","year":2011,"description":"new 1stry residence watt garage and porch and cvd patio EUD","metadescription":"EP. New. new 1stry residence watt garage and porch and cvd patio EUD. Final. 4908 PYRENEES PASS","address":"4908 PYRENEES PASS","link":"https://abc.austintexas.gov/web/permit/public-search-other?t_detail=1&t_selected_folderrsn=10563605","tcad_id":"0125780703","location":"    (30.32135991, -97.99123771)","day_issued":"TUESDAY","project_id":"10563605","condominium":"No","status_date":"06/13/2011","jurisdiction":"BEE CAVE FULL PURPOSE","housing_units":"1","contractor_zip":"78691-____","contractor_city":"PFLUGERVILLE","issuance_method":"Permit Center","contractor_phone":"5128328900","contractor_trade":"Electrical Contractor","number_of_floors":"1","permit_type_desc":"Electrical Permit","fiscal_year_issued":"2011","total_new_add_sqft":"3,307","permit_class_mapped":"Residential","contractor_address_1":"PO BOX 3289","contractor_full_name":"Bryan Neal","issued_in_last_30_days":"No","certificate_of_occupancy":"No","property_legal_description":"LOT 11 BLK B FALCONHEAD WEST PHS 1 SEC 2 & PHS 2"},"geometry":{"type":"Point","coordinates":[-97.99123771,30.32135991]}},{"type":"Feature","properties":{"date":"2011-03-18T04:00:00.000Z","year":2011,"description":"New 2 Stry SF resid w/att garage porch and covered patio","metadescription":"EP. New. New 2 Stry SF resid w/att garage porch and covered patio. Final. 4900 JULIAN ALPS","address":"4900 JULIAN ALPS","link":"https://abc.austintexas.gov/web/permit/public-search-other?t_detail=1&t_selected_folderrsn=10562502","tcad_id":"0125800211","location":"    (30.32285765, -97.99539548)","day_issued":"FRIDAY","project_id":"10562502","condominium":"No","status_date":"07/19/2011","jurisdiction":"BEE CAVE FULL PURPOSE","housing_units":"1","contractor_zip":"78691-____","contractor_city":"PFLUGERVILLE","issuance_method":"Permit Center","contractor_phone":"5128328900","contractor_trade":"Electrical Contractor","number_of_floors":"2","permit_type_desc":"Electrical Permit","fiscal_year_issued":"2011","total_new_add_sqft":"4,839","permit_class_mapped":"Residential","contractor_address_1":"PO BOX 3289","contractor_full_name":"Bryan Neal","issued_in_last_30_days":"No","certificate_of_occupancy":"No","property_legal_description":"LOT 240 BLK C FALCONHEAD WEST PHS 1 SEC 2 & PHS 2"},"geometry":{"type":"Point","coordinates":[-97.99539548,30.32285765]}},{"type":"Feature","properties":{"date":"2011-03-18T04:00:00.000Z","year":2011,"description":"New 2 Stry SF resid w/att garage porch covered patio EUD","metadescription":"EP. New. New 2 Stry SF resid w/att garage porch covered patio EUD. Final. 16212 ROCKIES RUN SUMMIT","address":"16212 ROCKIES RUN SUMMIT","link":"https://abc.austintexas.gov/web/permit/public-search-other?t_detail=1&t_selected_folderrsn=10562503","tcad_id":"0123800205","location":"    (30.32086459, -97.99589393)","day_issued":"FRIDAY","project_id":"10562503","condominium":"No","status_date":"06/23/2011","jurisdiction":"BEE CAVE FULL PURPOSE","housing_units":"1","contractor_zip":"78691-____","contractor_city":"PFLUGERVILLE","issuance_method":"Permit Center","contractor_phone":"5128328900","contractor_trade":"Electrical Contractor","number_of_floors":"2","permit_type_desc":"Electrical Permit","fiscal_year_issued":"2011","total_new_add_sqft":"4,943","permit_class_mapped":"Residential","contractor_address_1":"PO BOX 3289","contractor_full_name":"Bryan Neal","issued_in_last_30_days":"No","certificate_of_occupancy":"No","property_legal_description":"LOT 229 BLK C FALCONHEAD WEST PHS 1 SEC 2 & PHS 2"},"geometry":{"type":"Point","coordinates":[-97.99589393,30.32086459]}},{"type":"Feature","properties":{"date":"2011-03-15T04:00:00.000Z","year":2011,"description":"New 2 Stry Sf Res w/attached garage/porch/covered patio.Electrical Service Only.EUD","metadescription":"EP. New. New 2 Stry Sf Res w/attached garage/porch/covered patio.Electrical Service Only.EUD. Final. 15709 SAYAN CV","address":"15709 SAYAN CV","link":"https://abc.austintexas.gov/web/permit/public-search-other?t_detail=1&t_selected_folderrsn=10559478","tcad_id":"0125780309","location":"    (30.32207933, -97.98756508)","day_issued":"TUESDAY","project_id":"10559478","condominium":"No","status_date":"06/27/2011","jurisdiction":"BEE CAVE FULL PURPOSE","housing_units":"1","contractor_zip":"78691-____","contractor_city":"PFLUGERVILLE","issuance_method":"Permit Center","contractor_phone":"5128328900","contractor_trade":"Electrical Contractor","number_of_floors":"2","permit_type_desc":"Electrical Permit","fiscal_year_issued":"2011","total_new_add_sqft":"3,894","permit_class_mapped":"Residential","contractor_address_1":"PO BOX 3289","contractor_full_name":"Bryan Neal","issued_in_last_30_days":"No","certificate_of_occupancy":"No","property_legal_description":"LOT 24 BLK F FALCONHEAD WEST PHS 1 SEC 1"},"geometry":{"type":"Point","coordinates":[-97.98756508,30.32207933]}},{"type":"Feature","properties":{"date":"2011-03-15T04:00:00.000Z","year":2011,"description":"New 2 sty sf residence w/ attached garage & porch. Electrical service only. EUD.","metadescription":"EP. New. New 2 sty sf residence w/ attached garage & porch. Electrical service only. EUD.. Final. 4708 PYRENEES PASS","address":"4708 PYRENEES PASS","link":"https://abc.austintexas.gov/web/permit/public-search-other?t_detail=1&t_selected_folderrsn=10559537","tcad_id":"0125780316","location":"    (30.32196774, -97.98853151)","day_issued":"TUESDAY","project_id":"10559537","condominium":"No","status_date":"06/21/2011","jurisdiction":"BEE CAVE FULL PURPOSE","housing_units":"1","contractor_zip":"78691-____","contractor_city":"PFLUGERVILLE","issuance_method":"Permit Center","contractor_phone":"5128328900","contractor_trade":"Electrical Contractor","number_of_floors":"2","permit_type_desc":"Electrical Permit","fiscal_year_issued":"2011","total_new_add_sqft":"3,307","permit_class_mapped":"Residential","contractor_address_1":"PO BOX 3289","contractor_full_name":"Bryan Neal","issued_in_last_30_days":"No","certificate_of_occupancy":"No","property_legal_description":"LOT 17 BLK F FALCONHEAD WEST PHS 1 SEC 2 & PHS 2"},"geometry":{"type":"Point","coordinates":[-97.98853151,30.32196774]}},{"type":"Feature","properties":{"date":"2011-03-10T05:00:00.000Z","year":2011,"description":"New 2 Stry res w/ atted garage & covrd porch. Electrical service only. EUD","metadescription":"EP. New. New 2 Stry res w/ atted garage & covrd porch. Electrical service only. EUD. Final. 4312 SAINT ELIAS ST","address":"4312 SAINT ELIAS ST","link":"https://abc.austintexas.gov/web/permit/public-search-other?t_detail=1&t_selected_folderrsn=10557494","tcad_id":"0125760412","location":"    (30.32256686, -97.98085151)","day_issued":"THURSDAY","project_id":"10557494","condominium":"No","status_date":"06/14/2011","jurisdiction":"BEE CAVE FULL PURPOSE","housing_units":"1","contractor_zip":"78691-____","contractor_city":"PFLUGERVILLE","issuance_method":"Permit Center","contractor_phone":"5128328900","contractor_trade":"Electrical Contractor","number_of_floors":"2","permit_type_desc":"Electrical Permit","fiscal_year_issued":"2011","total_new_add_sqft":"4,766","permit_class_mapped":"Residential","contractor_address_1":"PO BOX 3289","contractor_full_name":"Bryan Neal","issued_in_last_30_days":"No","certificate_of_occupancy":"No","property_legal_description":"LOT 59 BLK C FALCONHEAD WEST PHS 1 SEC 2 & PHS 2"},"geometry":{"type":"Point","coordinates":[-97.98085151,30.32256686]}},{"type":"Feature","properties":{"date":"2011-03-09T05:00:00.000Z","year":2011,"description":"New 2 stry SF resid w/att garage porch EUD","metadescription":"EP. New. New 2 stry SF resid w/att garage porch EUD. Final. 15917 SPILLMAN RANCH LOOP","address":"15917 SPILLMAN RANCH LOOP","link":"https://abc.austintexas.gov/web/permit/public-search-other?t_detail=1&t_selected_folderrsn=10557273","tcad_id":"0125730106","location":"    (30.32256828, -97.97344597)","day_issued":"WEDNESDAY","project_id":"10557273","condominium":"No","status_date":"04/13/2011","jurisdiction":"BEE CAVE FULL PURPOSE","housing_units":"1","contractor_zip":"78664","contractor_city":"Round Rock","issuance_method":"Permit Center","contractor_phone":"5127786240","contractor_trade":"Electrical Contractor","number_of_floors":"2","permit_type_desc":"Electrical Permit","fiscal_year_issued":"2011","total_new_add_sqft":"4,384","permit_class_mapped":"Residential","contractor_address_2":"16808  Radho","contractor_full_name":"Seth Robinson","issued_in_last_30_days":"No","certificate_of_occupancy":"No","property_legal_description":"LOT 35 BLK F SPILLMAN RANCH PHS 2 SEC 1"},"geometry":{"type":"Point","coordinates":[-97.97344597,30.32256828]}},{"type":"Feature","properties":{"date":"2011-03-09T05:00:00.000Z","year":2011,"description":"New 2 stry SF Resid w/att garage porch patio EUD","metadescription":"EP. New. New 2 stry SF Resid w/att garage porch patio EUD. Final. 15208 SPILLMAN RANCH LOOP","address":"15208 SPILLMAN RANCH LOOP","link":"https://abc.austintexas.gov/web/permit/public-search-other?t_detail=1&t_selected_folderrsn=10557281","tcad_id":"0123760219","location":"    (30.31838519, -97.97793242)","day_issued":"WEDNESDAY","project_id":"10557281","condominium":"No","status_date":"04/14/2011","jurisdiction":"BEE CAVE FULL PURPOSE","housing_units":"1","contractor_zip":"78664","contractor_city":"Round Rock","issuance_method":"Permit Center","contractor_phone":"5127786240","contractor_trade":"Electrical Contractor","number_of_floors":"2","permit_type_desc":"Electrical Permit","fiscal_year_issued":"2011","total_new_add_sqft":"5,096","permit_class_mapped":"Residential","contractor_address_2":"16808  Radho","contractor_full_name":"Seth Robinson","issued_in_last_30_days":"No","certificate_of_occupancy":"No","property_legal_description":"LOT 28 BLK L SPILLMAN RANCH PHS 3 & 4"},"geometry":{"type":"Point","coordinates":[-97.97793242,30.31838519]}},{"type":"Feature","properties":{"date":"2011-03-03T05:00:00.000Z","year":2011,"description":"New 1 Stry SF resid w/att garage porch covered patio EUD","metadescription":"EP. New. New 1 Stry SF resid w/att garage porch covered patio EUD. Final. 4928 JULIAN ALPS","address":"4928 JULIAN ALPS","link":"https://abc.austintexas.gov/web/permit/public-search-other?t_detail=1&t_selected_folderrsn=10554114","tcad_id":"0125800218","location":"    (30.32173572, -97.99615813)","day_issued":"THURSDAY","project_id":"10554114","condominium":"No","status_date":"06/07/2011","jurisdiction":"BEE CAVE FULL PURPOSE","housing_units":"1","contractor_zip":"78691-____","contractor_city":"PFLUGERVILLE","issuance_method":"Permit Center","contractor_phone":"5128328900","contractor_trade":"Electrical Contractor","number_of_floors":"1","permit_type_desc":"Electrical Permit","fiscal_year_issued":"2011","total_new_add_sqft":"3,512","permit_class_mapped":"Residential","contractor_address_1":"PO BOX 3289","contractor_full_name":"Bryan Neal","issued_in_last_30_days":"No","certificate_of_occupancy":"No","property_legal_description":"LOT 246 BLK C FALCONHEAD WEST PHS 1 SEC 2 & PHS 2"},"geometry":{"type":"Point","coordinates":[-97.99615813,30.32173572]}},{"type":"Feature","properties":{"date":"2011-03-02T05:00:00.000Z","year":2011,"description":"New Sf Res w/attached garage/porch/covered patio.Electrical Service Only. EUD","metadescription":"EP. New. New Sf Res w/attached garage/porch/covered patio.Electrical Service Only. EUD. Final. 15321 HARRIER MARSH DR","address":"15321 HARRIER MARSH DR","link":"https://abc.austintexas.gov/web/permit/public-search-other?t_detail=1&t_selected_folderrsn=10553342","tcad_id":"0125760407","location":"    (30.32329173, -97.98018712)","day_issued":"WEDNESDAY","project_id":"10553342","condominium":"No","status_date":"06/21/2011","jurisdiction":"BEE CAVE FULL PURPOSE","housing_units":"1","contractor_zip":"78691-____","contractor_city":"PFLUGERVILLE","issuance_method":"Permit Center","contractor_phone":"5128328900","contractor_trade":"Electrical Contractor","number_of_floors":"1","permit_type_desc":"Electrical Permit","fiscal_year_issued":"2011","total_new_add_sqft":"3,365","permit_class_mapped":"Residential","contractor_address_1":"PO BOX 3289","contractor_full_name":"Bryan Neal","issued_in_last_30_days":"No","certificate_of_occupancy":"No","property_legal_description":"LOT 54 BLK C FALCONHEAD WEST PHS 1 SEC 2 & PHS 2"},"geometry":{"type":"Point","coordinates":[-97.98018712,30.32329173]}},{"type":"Feature","properties":{"date":"2011-02-25T05:00:00.000Z","year":2011,"description":"New 1 Stry Sf Res.w/attached garage/porch/covered patio.Electrical Service Only.EUD","metadescription":"EP. New. New 1 Stry Sf Res.w/attached garage/porch/covered patio.Electrical Service Only.EUD. Final. 4729 MONT BLANC DR","address":"4729 MONT BLANC DR","link":"https://abc.austintexas.gov/web/permit/public-search-other?t_detail=1&t_selected_folderrsn=10551306","tcad_id":"0125780221","location":"    (30.32251257, -97.99080395)","day_issued":"FRIDAY","project_id":"10551306","condominium":"No","status_date":"05/27/2011","jurisdiction":"BEE CAVE FULL PURPOSE","housing_units":"1","contractor_zip":"78691-____","contractor_city":"PFLUGERVILLE","issuance_method":"Permit Center","contractor_phone":"5128328900","contractor_trade":"Electrical Contractor","number_of_floors":"1","permit_type_desc":"Electrical Permit","fiscal_year_issued":"2011","total_new_add_sqft":"3,014","permit_class_mapped":"Residential","contractor_address_1":"PO BOX 3289","contractor_full_name":"Bryan Neal","issued_in_last_30_days":"No","certificate_of_occupancy":"No","property_legal_description":"LOT 2 BLK G FALCONHEAD WEST PHS 1 SEC 2 & PHS 2"},"geometry":{"type":"Point","coordinates":[-97.99080395,30.32251257]}},{"type":"Feature","properties":{"date":"2011-02-23T05:00:00.000Z","year":2011,"description":"New 2 Stry Sf Res w/attached garage/porch/covered patio.Electrical Service Only. EUD","metadescription":"EP. New. New 2 Stry Sf Res w/attached garage/porch/covered patio.Electrical Service Only. EUD. Final. 15304 HARRIER MARSH DR","address":"15304 HARRIER MARSH DR","link":"https://abc.austintexas.gov/web/permit/public-search-other?t_detail=1&t_selected_folderrsn=10550218","tcad_id":"0125760401","location":"    (30.32254947, -97.97930489)","day_issued":"WEDNESDAY","project_id":"10550218","condominium":"No","status_date":"05/05/2011","jurisdiction":"BEE CAVE FULL PURPOSE","housing_units":"1","contractor_zip":"78691-____","contractor_city":"PFLUGERVILLE","issuance_method":"Permit Center","contractor_phone":"5128328900","contractor_trade":"Electrical Contractor","number_of_floors":"2","permit_type_desc":"Electrical Permit","fiscal_year_issued":"2011","total_new_add_sqft":"5,211","permit_class_mapped":"Residential","contractor_address_1":"PO BOX 3289","contractor_full_name":"Bryan Neal","issued_in_last_30_days":"No","certificate_of_occupancy":"No","property_legal_description":"LOT 48 BLK C FALCONHEAD WEST PHS 1 SEC 2 & PHS 2"},"geometry":{"type":"Point","coordinates":[-97.97930489,30.32254947]}},{"type":"Feature","properties":{"date":"2011-02-11T05:00:00.000Z","year":2011,"description":"New 2 Stry Sf Res. w/attached garage/porch.Electrical Service Only.EUD","metadescription":"EP. New. New 2 Stry Sf Res. w/attached garage/porch.Electrical Service Only.EUD. Final. 4828 PYRENEES PASS","address":"4828 PYRENEES PASS","link":"https://abc.austintexas.gov/web/permit/public-search-other?t_detail=1&t_selected_folderrsn=10545770","tcad_id":"0125780330","location":"    (30.32178823, -97.99059646)","day_issued":"FRIDAY","project_id":"10545770","condominium":"No","status_date":"06/02/2011","jurisdiction":"BEE CAVE FULL PURPOSE","housing_units":"1","contractor_zip":"78691-____","contractor_city":"PFLUGERVILLE","issuance_method":"Permit Center","contractor_phone":"5128328900","contractor_trade":"Electrical Contractor","number_of_floors":"2","permit_type_desc":"Electrical Permit","fiscal_year_issued":"2011","total_new_add_sqft":"3,689","permit_class_mapped":"Residential","contractor_address_1":"PO BOX 3289","contractor_full_name":"Bryan Neal","issued_in_last_30_days":"No","certificate_of_occupancy":"No","property_legal_description":"LOT 1 BLK F FALCONHEAD WEST PHS 1 SEC 2 & PHS 2"},"geometry":{"type":"Point","coordinates":[-97.99059646,30.32178823]}},{"type":"Feature","properties":{"date":"2011-02-11T05:00:00.000Z","year":2011,"description":"New 2 Stry Sf Res. w/attached garage/porch/covered patio.Electrical Service Only.EUD","metadescription":"EP. New. New 2 Stry Sf Res. w/attached garage/porch/covered patio.Electrical Service Only.EUD. Final. 15320 HARRIER MARSH DR","address":"15320 HARRIER MARSH DR","link":"https://abc.austintexas.gov/web/permit/public-search-other?t_detail=1&t_selected_folderrsn=10545760","tcad_id":"0125760405","location":"    (30.32340109, -97.97970258)","day_issued":"FRIDAY","project_id":"10545760","condominium":"No","status_date":"05/09/2011","jurisdiction":"BEE CAVE FULL PURPOSE","housing_units":"1","contractor_zip":"78691-____","contractor_city":"PFLUGERVILLE","issuance_method":"Permit Center","contractor_phone":"5128328900","contractor_trade":"Electrical Contractor","number_of_floors":"2","permit_type_desc":"Electrical Permit","fiscal_year_issued":"2011","total_new_add_sqft":"4,871","permit_class_mapped":"Residential","contractor_address_1":"PO BOX 3289","contractor_full_name":"Bryan Neal","issued_in_last_30_days":"No","certificate_of_occupancy":"No","property_legal_description":"LOT 52 BLK C FALCONHEAD WEST PHS 1 SEC 2 & PHS 2"},"geometry":{"type":"Point","coordinates":[-97.97970258,30.32340109]}},{"type":"Feature","properties":{"date":"2011-02-10T05:00:00.000Z","year":2011,"description":"New 1 Stry Sf Res.w/attached garage/porch/covered patio.Electrical Service Only.EUD","metadescription":"EP. New. New 1 Stry Sf Res.w/attached garage/porch/covered patio.Electrical Service Only.EUD. Final. 4725 MONT BLANC DR","address":"4725 MONT BLANC DR","link":"https://abc.austintexas.gov/web/permit/public-search-other?t_detail=1&t_selected_folderrsn=10545371","tcad_id":"0125780201","location":"    (30.32260864, -97.99064311)","day_issued":"THURSDAY","project_id":"10545371","condominium":"No","status_date":"05/27/2011","jurisdiction":"BEE CAVE FULL PURPOSE","housing_units":"1","contractor_zip":"78691-____","contractor_city":"PFLUGERVILLE","issuance_method":"Permit Center","contractor_phone":"5128328900","contractor_trade":"Electrical Contractor","number_of_floors":"1","permit_type_desc":"Electrical Permit","fiscal_year_issued":"2011","total_new_add_sqft":"3,733","permit_class_mapped":"Residential","contractor_address_1":"PO BOX 3289","contractor_full_name":"Bryan Neal","issued_in_last_30_days":"No","certificate_of_occupancy":"No","property_legal_description":"LOT 3 BLK G FALCONHEAD WEST PHS 1 SEC 1"},"geometry":{"type":"Point","coordinates":[-97.99064311,30.32260864]}},{"type":"Feature","properties":{"date":"2011-01-27T05:00:00.000Z","year":2011,"description":"New 2 stroy sf residence with attached garage and porch only EUD","metadescription":"EP. New. New 2 stroy sf residence with attached garage and porch only EUD. Final. 4016 VAIL DIVIDE","address":"4016 VAIL DIVIDE","link":"https://abc.austintexas.gov/web/permit/public-search-other?t_detail=1&t_selected_folderrsn=10540678","tcad_id":"0125760154","location":"    (30.32407917, -97.97828798)","day_issued":"THURSDAY","project_id":"10540678","condominium":"No","status_date":"05/23/2011","jurisdiction":"BEE CAVE FULL PURPOSE","housing_units":"1","contractor_zip":"78691-____","contractor_city":"PFLUGERVILLE","issuance_method":"Permit Center","contractor_phone":"5128328900","contractor_trade":"Electrical Contractor","number_of_floors":"2","permit_type_desc":"Electrical Permit","fiscal_year_issued":"2011","total_new_add_sqft":"4,766","permit_class_mapped":"Residential","contractor_address_1":"PO BOX 3289","contractor_full_name":"Bryan Neal","issued_in_last_30_days":"No","certificate_of_occupancy":"No","property_legal_description":"LOT 37 BLK C FALCONHEAD WEST PHS 1 SEC 1"},"geometry":{"type":"Point","coordinates":[-97.97828798,30.32407917]}},{"type":"Feature","properties":{"date":"2011-01-11T05:00:00.000Z","year":2011,"description":"New 2 Sty SF Residence W/Garage & Porch. Electrical service only. EUD.","metadescription":"EP. New. New 2 Sty SF Residence W/Garage & Porch. Electrical service only. EUD.. Final. 4809 MONT BLANC DR","address":"4809 MONT BLANC DR","link":"https://abc.austintexas.gov/web/permit/public-search-other?t_detail=1&t_selected_folderrsn=10534359","tcad_id":"0125780601","location":"    (30.32199394, -97.99177075)","day_issued":"TUESDAY","project_id":"10534359","condominium":"No","status_date":"04/15/2011","jurisdiction":"BEE CAVE FULL PURPOSE","housing_units":"1","contractor_zip":"78691-____","contractor_city":"PFLUGERVILLE","issuance_method":"Permit Center","contractor_phone":"5128328900","contractor_trade":"Electrical Contractor","number_of_floors":"2","permit_type_desc":"Electrical Permit","fiscal_year_issued":"2011","total_new_add_sqft":"3,707","permit_class_mapped":"Residential","contractor_address_1":"PO BOX 3289","contractor_full_name":"Bryan Neal","issued_in_last_30_days":"No","certificate_of_occupancy":"No","property_legal_description":"LOT 197 BLK C FALCONHEAD WEST PHS 1 SEC 2 & PHS 2"},"geometry":{"type":"Point","coordinates":[-97.99177075,30.32199394]}},{"type":"Feature","properties":{"date":"2011-01-07T05:00:00.000Z","year":2011,"description":"new 2stry residence w/att garage and porch cvd. patio (Bee Caves)","metadescription":"EP. New. new 2stry residence w/att garage and porch cvd. patio (Bee Caves). Final. 16208 ROCKIES RUN SUMMIT","address":"16208 ROCKIES RUN SUMMIT","link":"https://abc.austintexas.gov/web/permit/public-search-other?t_detail=1&t_selected_folderrsn=10533735","tcad_id":"0123800204","location":"    (30.32074709, -97.99563365)","day_issued":"FRIDAY","project_id":"10533735","condominium":"No","status_date":"05/12/2011","jurisdiction":"BEE CAVE FULL PURPOSE","housing_units":"1","contractor_zip":"78691-____","contractor_city":"PFLUGERVILLE","issuance_method":"Permit Center","contractor_phone":"5128328900","contractor_trade":"Electrical Contractor","number_of_floors":"2","permit_type_desc":"Electrical Permit","fiscal_year_issued":"2011","total_new_add_sqft":"4,669","permit_class_mapped":"Residential","contractor_address_1":"PO BOX 3289","contractor_full_name":"Bryan Neal","issued_in_last_30_days":"No","certificate_of_occupancy":"No","property_legal_description":"LOT 228 BLK C FALCONHEAD WEST PHS 1 SEC 2 & PHS 2"},"geometry":{"type":"Point","coordinates":[-97.99563365,30.32074709]}},{"type":"Feature","properties":{"date":"2011-01-05T05:00:00.000Z","year":2011,"description":"New 1 story residence w/attatched garage/covrd porch. Electrical service ONLY.EUD","metadescription":"EP. New. New 1 story residence w/attatched garage/covrd porch. Electrical service ONLY.EUD. Final. 4901 JULIAN ALPS","address":"4901 JULIAN ALPS","link":"https://abc.austintexas.gov/web/permit/public-search-other?t_detail=1&t_selected_folderrsn=10532984","tcad_id":"0125800210","location":"    (30.32266297, -97.99527656)","day_issued":"WEDNESDAY","project_id":"10532984","condominium":"No","status_date":"05/04/2011","jurisdiction":"BEE CAVE FULL PURPOSE","housing_units":"1","contractor_zip":"78691-____","contractor_city":"PFLUGERVILLE","issuance_method":"Permit Center","contractor_phone":"5128328900","contractor_trade":"Electrical Contractor","number_of_floors":"1","permit_type_desc":"Electrical Permit","fiscal_year_issued":"2011","total_new_add_sqft":"3,733","permit_class_mapped":"Residential","contractor_address_1":"PO BOX 3289","contractor_full_name":"Bryan Neal","issued_in_last_30_days":"No","certificate_of_occupancy":"No","property_legal_description":"LOT 239 BLK C FALCONHEAD WEST PHS 1 SEC 2 & PHS 2"},"geometry":{"type":"Point","coordinates":[-97.99527656,30.32266297]}},{"type":"Feature","properties":{"date":"2010-12-28T05:00:00.000Z","year":2010,"description":"new 2-stry residence w/att garage porch patio EUD (Bee Caves)","metadescription":"EP. New. new 2-stry residence w/att garage porch patio EUD (Bee Caves). Final. 13910 LONE RIDER TRL","address":"13910 LONE RIDER TRL","link":"https://abc.austintexas.gov/web/permit/public-search-other?t_detail=1&t_selected_folderrsn=10530414","tcad_id":"0118770470","location":"    (30.30177238, -97.96665198)","day_issued":"TUESDAY","project_id":"10530414","condominium":"No","status_date":"04/11/2011","jurisdiction":"BEE CAVE FULL PURPOSE","housing_units":"1","contractor_zip":"78634-____","contractor_city":"HUTTO","issuance_method":"Permit Center","contractor_phone":"5123825753","contractor_trade":"Electrical Contractor","number_of_floors":"2","permit_type_desc":"Electrical Permit","fiscal_year_issued":"2011","total_new_add_sqft":"6,460","permit_class_mapped":"Residential","contractor_address_2":"629  W FRONT","contractor_full_name":"Calvin Lockhart","issued_in_last_30_days":"No","certificate_of_occupancy":"No","property_legal_description":"LOT 13 MEADOWFOX ESTATES RESUB OF LOTS 1-11"},"geometry":{"type":"Point","coordinates":[-97.96665198,30.30177238]}},{"type":"Feature","properties":{"date":"2010-12-28T05:00:00.000Z","year":2010,"description":"new 2stry residence w/att garage and porch cvd. patio (Bee Caves)","metadescription":"EP. New. new 2stry residence w/att garage and porch cvd. patio (Bee Caves). Final. 16308 ROCKIES RUN SUMMIT","address":"16308 ROCKIES RUN SUMMIT","link":"https://abc.austintexas.gov/web/permit/public-search-other?t_detail=1&t_selected_folderrsn=10530226","tcad_id":"0125800221","location":"    (30.32186685, -97.9967129)","day_issued":"TUESDAY","project_id":"10530226","condominium":"No","status_date":"04/11/2011","jurisdiction":"BEE CAVE FULL PURPOSE","housing_units":"1","contractor_zip":"78691-____","contractor_city":"PFLUGERVILLE","issuance_method":"Permit Center","contractor_phone":"5128328900","contractor_trade":"Electrical Contractor","number_of_floors":"2","permit_type_desc":"Electrical Permit","fiscal_year_issued":"2011","total_new_add_sqft":"4,943","permit_class_mapped":"Residential","contractor_address_1":"PO BOX 3289","contractor_full_name":"Bryan Neal","issued_in_last_30_days":"No","certificate_of_occupancy":"No","property_legal_description":"LOT 249 BLK C FALCONHEAD WEST PHS 1 SEC 2 & PHS 2"},"geometry":{"type":"Point","coordinates":[-97.9967129,30.32186685]}},{"type":"Feature","properties":{"date":"2010-12-22T05:00:00.000Z","year":2010,"description":"New 2 Stry Sf Res w/ atted garage / covrd porch. Electrical service only. EUD","metadescription":"EP. New. New 2 Stry Sf Res w/ atted garage / covrd porch. Electrical service only. EUD. Final. 14904 SWALLOWTAILED KITE CV","address":"14904 SWALLOWTAILED KITE CV","link":"https://abc.austintexas.gov/web/permit/public-search-other?t_detail=1&t_selected_folderrsn=10529474","tcad_id":"0123730224","location":"    (30.31881661, -97.97252965)","day_issued":"WEDNESDAY","project_id":"10529474","condominium":"No","status_date":"02/15/2011","jurisdiction":"BEE CAVE FULL PURPOSE","housing_units":"1","contractor_zip":"78627","contractor_city":"Georgetown","issuance_method":"Permit Center","contractor_phone":"5126511025","contractor_trade":"Electrical Contractor","number_of_floors":"2","permit_type_desc":"Electrical Permit","fiscal_year_issued":"2011","total_new_add_sqft":"2,706","permit_class_mapped":"Residential","contractor_address_1":"P.O. Box 111","contractor_full_name":"Shaun Mcconathy","issued_in_last_30_days":"No","certificate_of_occupancy":"No","property_legal_description":"LOT 15 BLK J SPILLMAN RANCH PHS 1 SEC 4"},"geometry":{"type":"Point","coordinates":[-97.97252965,30.31881661]}},{"type":"Feature","properties":{"date":"2010-12-20T05:00:00.000Z","year":2010,"description":"New 2story sf residence with atted garage and covered porch. EUD","metadescription":"EP. New. New 2story sf residence with atted garage and covered porch. EUD. Final. 15212 SPILLMAN RANCH LOOP","address":"15212 SPILLMAN RANCH LOOP","link":"https://abc.austintexas.gov/web/permit/public-search-other?t_detail=1&t_selected_folderrsn=10528239","tcad_id":"0123760220","location":"    (30.3185097, -97.97812275)","day_issued":"MONDAY","project_id":"10528239","condominium":"No","status_date":"03/03/2011","jurisdiction":"BEE CAVE FULL PURPOSE","housing_units":"1","contractor_zip":"78664","contractor_city":"Round Rock","issuance_method":"Permit Center","contractor_phone":"5127786240","contractor_trade":"Electrical Contractor","number_of_floors":"2","permit_type_desc":"Electrical Permit","fiscal_year_issued":"2011","total_new_add_sqft":"3,512","permit_class_mapped":"Residential","contractor_address_2":"16808  Radho","contractor_full_name":"Seth Robinson","issued_in_last_30_days":"No","certificate_of_occupancy":"No","property_legal_description":"LOT 29 BLK L SPILLMAN RANCH PHS 3 & 4"},"geometry":{"type":"Point","coordinates":[-97.97812275,30.3185097]}},{"type":"Feature","properties":{"date":"2010-11-29T05:00:00.000Z","year":2010,"description":"New 1 story residence w/attatched garage/covrd porch. Electrical service ONLY.EUD","metadescription":"EP. New. New 1 story residence w/attatched garage/covrd porch. Electrical service ONLY.EUD. Final. 4925 JULIAN ALPS","address":"4925 JULIAN ALPS","link":"https://abc.austintexas.gov/web/permit/public-search-other?t_detail=1&t_selected_folderrsn=10519538","tcad_id":"0125800204","location":"    (30.32150711, -97.99583715)","day_issued":"MONDAY","project_id":"10519538","condominium":"No","status_date":"03/16/2011","jurisdiction":"BEE CAVE FULL PURPOSE","housing_units":"1","contractor_zip":"78691-____","contractor_city":"PFLUGERVILLE","issuance_method":"Permit Center","contractor_phone":"5128328900","contractor_trade":"Electrical Contractor","number_of_floors":"1","permit_type_desc":"Electrical Permit","fiscal_year_issued":"2011","total_new_add_sqft":"3,307","permit_class_mapped":"Residential","contractor_address_1":"PO BOX 3289","contractor_full_name":"Bryan Neal","issued_in_last_30_days":"No","certificate_of_occupancy":"No","property_legal_description":"LOT 233 BLK C FALCONHEAD WEST PHS 1 SEC 2 & PHS 2"},"geometry":{"type":"Point","coordinates":[-97.99583715,30.32150711]}},{"type":"Feature","properties":{"date":"2010-11-24T05:00:00.000Z","year":2010,"description":"New 1 stry sf res with atted garage and covrd porch. Electrical service only. EUD","metadescription":"EP. New. New 1 stry sf res with atted garage and covrd porch. Electrical service only. EUD. Final. 16300 ROCKIES RUN SUMMIT","address":"16300 ROCKIES RUN SUMMIT","link":"https://abc.austintexas.gov/web/permit/public-search-other?t_detail=1&t_selected_folderrsn=10519248","tcad_id":"0125800219","location":"    (30.32151443, -97.99654074)","day_issued":"WEDNESDAY","project_id":"10519248","condominium":"No","status_date":"03/18/2011","jurisdiction":"BEE CAVE FULL PURPOSE","housing_units":"1","contractor_zip":"78691-____","contractor_city":"PFLUGERVILLE","issuance_method":"Permit Center","contractor_phone":"5128328900","contractor_trade":"Electrical Contractor","number_of_floors":"1","permit_type_desc":"Electrical Permit","fiscal_year_issued":"2011","total_new_add_sqft":"3,733","permit_class_mapped":"Residential","contractor_address_1":"PO BOX 3289","contractor_full_name":"Bryan Neal","issued_in_last_30_days":"No","certificate_of_occupancy":"No","property_legal_description":"LOT 247 BLK C FALCONHEAD WEST PHS 1 SEC 2 & PHS 2"},"geometry":{"type":"Point","coordinates":[-97.99654074,30.32151443]}},{"type":"Feature","properties":{"date":"2010-11-22T05:00:00.000Z","year":2010,"description":"new 1stry w/att garage porch and cvd. patio EUD","metadescription":"EP. New. new 1stry w/att garage porch and cvd. patio EUD. Final. 16208 MARITIME ALPS WAY","address":"16208 MARITIME ALPS WAY","link":"https://abc.austintexas.gov/web/permit/public-search-other?t_detail=1&t_selected_folderrsn=10517965","tcad_id":"0123800201","location":"    (30.32077665, -97.99499258)","day_issued":"MONDAY","project_id":"10517965","condominium":"No","status_date":"02/25/2011","jurisdiction":"BEE CAVE FULL PURPOSE","housing_units":"1","contractor_zip":"78691-____","contractor_city":"PFLUGERVILLE","issuance_method":"Permit Center","contractor_phone":"5128328900","contractor_trade":"Electrical Contractor","number_of_floors":"1","permit_type_desc":"Electrical Permit","fiscal_year_issued":"2011","total_new_add_sqft":"3,512","permit_class_mapped":"Residential","contractor_address_1":"PO BOX 3289","contractor_full_name":"Bryan Neal","issued_in_last_30_days":"No","certificate_of_occupancy":"No","property_legal_description":"LOT 225 BLK C FALCONHEAD WEST PHS 1 SEC 2 & PHS 2"},"geometry":{"type":"Point","coordinates":[-97.99499258,30.32077665]}},{"type":"Feature","properties":{"date":"2010-11-22T05:00:00.000Z","year":2010,"description":"New 1stry residence w/att garage porch and cvd.patio EUD","metadescription":"EP. New. New 1stry residence w/att garage porch and cvd.patio EUD. Final. 15600 PONTIC PASS","address":"15600 PONTIC PASS","link":"https://abc.austintexas.gov/web/permit/public-search-other?t_detail=1&t_selected_folderrsn=10517975","tcad_id":"0125780306","location":"    (30.32162796, -97.98724636)","day_issued":"MONDAY","project_id":"10517975","condominium":"No","status_date":"02/15/2011","jurisdiction":"BEE CAVE FULL PURPOSE","housing_units":"1","contractor_zip":"78691-____","contractor_city":"PFLUGERVILLE","issuance_method":"Permit Center","contractor_phone":"5128328900","contractor_trade":"Electrical Contractor","number_of_floors":"1","permit_type_desc":"Electrical Permit","fiscal_year_issued":"2011","total_new_add_sqft":"2,874","permit_class_mapped":"Residential","contractor_address_1":"PO BOX 3289","contractor_full_name":"Bryan Neal","issued_in_last_30_days":"No","certificate_of_occupancy":"No","property_legal_description":"LOT 27 BLK F FALCONHEAD WEST PHS 1 SEC 1"},"geometry":{"type":"Point","coordinates":[-97.98724636,30.32162796]}},{"type":"Feature","properties":{"date":"2010-11-19T05:00:00.000Z","year":2010,"description":"New sf residence w/ garage & porch. Electrical service only. EUD.","metadescription":"EP. New. New sf residence w/ garage & porch. Electrical service only. EUD.. Final. 15612 PONTIC PASS","address":"15612 PONTIC PASS","link":"https://abc.austintexas.gov/web/permit/public-search-other?t_detail=1&t_selected_folderrsn=10517415","tcad_id":"0125780303","location":"    (30.32217199, -97.98706828)","day_issued":"FRIDAY","project_id":"10517415","condominium":"No","status_date":"03/07/2011","jurisdiction":"BEE CAVE FULL PURPOSE","housing_units":"1","contractor_zip":"78691-____","contractor_city":"PFLUGERVILLE","issuance_method":"Permit Center","contractor_phone":"5128328900","contractor_trade":"Electrical Contractor","number_of_floors":"1","permit_type_desc":"Electrical Permit","fiscal_year_issued":"2011","total_new_add_sqft":"2,884","permit_class_mapped":"Residential","contractor_address_1":"PO BOX 3289","contractor_full_name":"Bryan Neal","issued_in_last_30_days":"No","certificate_of_occupancy":"No","property_legal_description":"LOT 30 BLK F FALCONHEAD WEST PHS 1 SEC 1"},"geometry":{"type":"Point","coordinates":[-97.98706828,30.32217199]}},{"type":"Feature","properties":{"date":"2010-11-18T05:00:00.000Z","year":2010,"description":"New 2 Stry Sf res w/ atted garage & covrd porch / patio. Electrical service only. EUD","metadescription":"EP. New. New 2 Stry Sf res w/ atted garage & covrd porch / patio. Electrical service only. EUD. Final. 15409 SWISS ALPS CT","address":"15409 SWISS ALPS CT","link":"https://abc.austintexas.gov/web/permit/public-search-other?t_detail=1&t_selected_folderrsn=10517224","tcad_id":"0125760432","location":"    (30.3216011, -97.98232697)","day_issued":"THURSDAY","project_id":"10517224","condominium":"No","status_date":"03/18/2011","jurisdiction":"BEE CAVE FULL PURPOSE","housing_units":"1","contractor_zip":"78691-____","contractor_city":"PFLUGERVILLE","issuance_method":"Permit Center","contractor_phone":"5128328900","contractor_trade":"Electrical Contractor","number_of_floors":"2","permit_type_desc":"Electrical Permit","fiscal_year_issued":"2011","total_new_add_sqft":"5,192","permit_class_mapped":"Residential","contractor_address_1":"PO BOX 3289","contractor_full_name":"Bryan Neal","issued_in_last_30_days":"No","certificate_of_occupancy":"No","property_legal_description":"LOT 79 BLK C FALCONHEAD WEST PHS 1 SEC 2 & PHS 2"},"geometry":{"type":"Point","coordinates":[-97.98232697,30.3216011]}},{"type":"Feature","properties":{"date":"2010-11-17T05:00:00.000Z","year":2010,"description":"New 2 story sf residence with atted garage and porch only. Electrical service only. EUD","metadescription":"EP. New. New 2 story sf residence with atted garage and porch only. Electrical service only. EUD. Final. 16312 ROCKIES RUN SUMMIT","address":"16312 ROCKIES RUN SUMMIT","link":"https://abc.austintexas.gov/web/permit/public-search-other?t_detail=1&t_selected_folderrsn=10516719","tcad_id":"0125800222","location":"    (30.32203821, -97.99675947)","day_issued":"WEDNESDAY","project_id":"10516719","condominium":"No","status_date":"03/07/2011","jurisdiction":"BEE CAVE FULL PURPOSE","housing_units":"1","contractor_zip":"78691-____","contractor_city":"PFLUGERVILLE","issuance_method":"Permit Center","contractor_phone":"5128328900","contractor_trade":"Electrical Contractor","number_of_floors":"2","permit_type_desc":"Electrical Permit","fiscal_year_issued":"2011","total_new_add_sqft":"3,616","permit_class_mapped":"Residential","contractor_address_1":"PO BOX 3289","contractor_full_name":"Bryan Neal","issued_in_last_30_days":"No","certificate_of_occupancy":"No","property_legal_description":"LOT 250 BLK C FALCONHEAD WEST PHS 1 SEC 2 & PHS 2"},"geometry":{"type":"Point","coordinates":[-97.99675947,30.32203821]}},{"type":"Feature","properties":{"date":"2010-11-09T05:00:00.000Z","year":2010,"description":"New sf res w/garage and porch. Electric service EUD (City of Bee Caves)","metadescription":"EP. New. New sf res w/garage and porch. Electric service EUD (City of Bee Caves). Final. 16117 ZAGROS WAY","address":"16117 ZAGROS WAY","link":"https://abc.austintexas.gov/web/permit/public-search-other?t_detail=1&t_selected_folderrsn=10513077","tcad_id":"0125800143","location":"    (30.32469912, -97.99261813)","day_issued":"TUESDAY","project_id":"10513077","condominium":"No","status_date":"02/24/2011","jurisdiction":"BEE CAVE FULL PURPOSE","housing_units":"1","contractor_zip":"78691-____","contractor_city":"PFLUGERVILLE","issuance_method":"Permit Center","contractor_phone":"5128328900","contractor_trade":"Electrical Contractor","number_of_floors":"1","permit_type_desc":"Electrical Permit","fiscal_year_issued":"2011","total_new_add_sqft":"3,010","permit_class_mapped":"Residential","contractor_address_1":"PO BOX 3289","contractor_full_name":"Bryan Neal","issued_in_last_30_days":"No","certificate_of_occupancy":"No","property_legal_description":"LOT 174 BLK C FALCONHEAD WEST PHS 1 SEC 2 & PHS 2"},"geometry":{"type":"Point","coordinates":[-97.99261813,30.32469912]}},{"type":"Feature","properties":{"date":"2010-11-05T04:00:00.000Z","year":2010,"description":"New 2Stry SF Resid w/att garage porch and covered patio EUD","metadescription":"EP. New. New 2Stry SF Resid w/att garage porch and covered patio EUD. Final. 4329 VAIL DIVIDE","address":"4329 VAIL DIVIDE","link":"https://abc.austintexas.gov/web/permit/public-search-other?t_detail=1&t_selected_folderrsn=10511869","tcad_id":"0125760609","location":"    (30.3211185, -97.98090584)","day_issued":"FRIDAY","project_id":"10511869","condominium":"No","status_date":"02/24/2011","jurisdiction":"BEE CAVE FULL PURPOSE","housing_units":"1","contractor_zip":"78691-____","contractor_city":"PFLUGERVILLE","issuance_method":"Permit Center","contractor_phone":"5128328900","contractor_trade":"Electrical Contractor","number_of_floors":"2","permit_type_desc":"Electrical Permit","fiscal_year_issued":"2011","total_new_add_sqft":"4,555","permit_class_mapped":"Residential","contractor_address_1":"PO BOX 3289","contractor_full_name":"Bryan Neal","issued_in_last_30_days":"No","certificate_of_occupancy":"No","property_legal_description":"LOT 101 BLK A FALCONHEAD WEST PHS 1 SEC 2 & PHS 2"},"geometry":{"type":"Point","coordinates":[-97.98090584,30.3211185]}},{"type":"Feature","properties":{"date":"2010-11-04T04:00:00.000Z","year":2010,"description":"New SF Resid w/att garage covered patio and porch EUD","metadescription":"EP. New. New SF Resid w/att garage covered patio and porch EUD. Final. 14501 FALCON HEAD BLVD BLDG 43","address":"14501 FALCON HEAD BLVD BLDG 43","link":"https://abc.austintexas.gov/web/permit/public-search-other?t_detail=1&t_selected_folderrsn=10509607","tcad_id":"0125680401","location":"    (30.32223227, -97.96045654)","day_issued":"THURSDAY","project_id":"10509607","condominium":"No","status_date":"01/28/2011","jurisdiction":"BEE CAVE FULL PURPOSE","housing_units":"1","contractor_zip":"78742","contractor_city":"Austin","issuance_method":"Permit Center","contractor_phone":"5123858831","contractor_trade":"Electrical Contractor","number_of_floors":"1","permit_type_desc":"Electrical Permit","fiscal_year_issued":"2011","total_new_add_sqft":"1,850","permit_class_mapped":"Residential","contractor_address_1":"414 THOMPSON","contractor_address_2":"AUSTIN TX  7","contractor_full_name":"Fred Hoskins","issued_in_last_30_days":"No","certificate_of_occupancy":"No"},"geometry":{"type":"Point","coordinates":[-97.96045654,30.32223227]}},{"type":"Feature","properties":{"date":"2010-11-04T04:00:00.000Z","year":2010,"description":"New SF Resid w/att garage covered patio and porch EUD","metadescription":"EP. New. New SF Resid w/att garage covered patio and porch EUD. Final. 14501 FALCON HEAD BLVD BLDG 14","address":"14501 FALCON HEAD BLVD BLDG 14","link":"https://abc.austintexas.gov/web/permit/public-search-other?t_detail=1&t_selected_folderrsn=10511440","tcad_id":"0125680401","location":"    (30.32223227, -97.96045654)","day_issued":"THURSDAY","project_id":"10511440","condominium":"No","status_date":"04/25/2011","jurisdiction":"BEE CAVE FULL PURPOSE","housing_units":"1","contractor_zip":"78742","contractor_city":"Austin","issuance_method":"Permit Center","contractor_phone":"5123858831","contractor_trade":"Electrical Contractor","number_of_floors":"1","permit_type_desc":"Electrical Permit","fiscal_year_issued":"2011","total_new_add_sqft":"1,870","permit_class_mapped":"Residential","contractor_address_1":"414 THOMPSON","contractor_address_2":"AUSTIN TX  7","contractor_full_name":"Fred Hoskins","issued_in_last_30_days":"No","certificate_of_occupancy":"No"},"geometry":{"type":"Point","coordinates":[-97.96045654,30.32223227]}},{"type":"Feature","properties":{"date":"2010-11-04T04:00:00.000Z","year":2010,"description":"New SF Resid w/att garage covered patio and porch EUD","metadescription":"EP. New. New SF Resid w/att garage covered patio and porch EUD. Final. 14501 FALCON HEAD BLVD BLDG 49","address":"14501 FALCON HEAD BLVD BLDG 49","link":"https://abc.austintexas.gov/web/permit/public-search-other?t_detail=1&t_selected_folderrsn=10511472","tcad_id":"0125680401","location":"    (30.32223227, -97.96045654)","day_issued":"THURSDAY","project_id":"10511472","condominium":"No","status_date":"04/25/2011","jurisdiction":"BEE CAVE FULL PURPOSE","housing_units":"1","contractor_zip":"78742","contractor_city":"Austin","issuance_method":"Permit Center","contractor_phone":"5123858831","contractor_trade":"Electrical Contractor","number_of_floors":"1","permit_type_desc":"Electrical Permit","fiscal_year_issued":"2011","total_new_add_sqft":"1,932","permit_class_mapped":"Residential","contractor_address_1":"414 THOMPSON","contractor_address_2":"AUSTIN TX  7","contractor_full_name":"Fred Hoskins","issued_in_last_30_days":"No","certificate_of_occupancy":"No"},"geometry":{"type":"Point","coordinates":[-97.96045654,30.32223227]}},{"type":"Feature","properties":{"date":"2010-11-04T04:00:00.000Z","year":2010,"description":"New SF Resid w/att garage covered patio and porch EUD","metadescription":"EP. New. New SF Resid w/att garage covered patio and porch EUD. Final. 14501 FALCON HEAD BLVD BLDG 46","address":"14501 FALCON HEAD BLVD BLDG 46","link":"https://abc.austintexas.gov/web/permit/public-search-other?t_detail=1&t_selected_folderrsn=10509040","tcad_id":"0125680401","location":"    (30.32223227, -97.96045654)","day_issued":"THURSDAY","project_id":"10509040","condominium":"No","status_date":"01/28/2011","jurisdiction":"BEE CAVE FULL PURPOSE","housing_units":"1","contractor_zip":"78742","contractor_city":"Austin","issuance_method":"Permit Center","contractor_phone":"5123858831","contractor_trade":"Electrical Contractor","number_of_floors":"1","permit_type_desc":"Electrical Permit","fiscal_year_issued":"2011","total_new_add_sqft":"2,130","permit_class_mapped":"Residential","contractor_address_1":"414 THOMPSON","contractor_address_2":"AUSTIN TX  7","contractor_full_name":"Fred Hoskins","issued_in_last_30_days":"No","certificate_of_occupancy":"No"},"geometry":{"type":"Point","coordinates":[-97.96045654,30.32223227]}},{"type":"Feature","properties":{"date":"2010-11-04T04:00:00.000Z","year":2010,"description":"New SF Resid w/att garage covered patio and porch EUD","metadescription":"EP. New. New SF Resid w/att garage covered patio and porch EUD. Final. 14501 FALCON HEAD BLVD BLDG 51","address":"14501 FALCON HEAD BLVD BLDG 51","link":"https://abc.austintexas.gov/web/permit/public-search-other?t_detail=1&t_selected_folderrsn=10511454","tcad_id":"0125680401","location":"    (30.32223227, -97.96045654)","day_issued":"THURSDAY","project_id":"10511454","condominium":"No","status_date":"12/03/2010","jurisdiction":"BEE CAVE FULL PURPOSE","housing_units":"1","contractor_zip":"78742","contractor_city":"Austin","issuance_method":"Permit Center","contractor_phone":"5123858831","contractor_trade":"Electrical Contractor","number_of_floors":"1","permit_type_desc":"Electrical Permit","fiscal_year_issued":"2011","total_new_add_sqft":"2,156","permit_class_mapped":"Residential","contractor_address_1":"414 THOMPSON","contractor_address_2":"AUSTIN TX  7","contractor_full_name":"Fred Hoskins","issued_in_last_30_days":"No","certificate_of_occupancy":"No"},"geometry":{"type":"Point","coordinates":[-97.96045654,30.32223227]}},{"type":"Feature","properties":{"date":"2010-11-03T04:00:00.000Z","year":2010,"description":"New 1 stry sf res with atted garage and covrd porch. Electrical service only. EUD","metadescription":"EP. New. New 1 stry sf res with atted garage and covrd porch. Electrical service only. EUD. Final. 16304 ROCKIES RUN SUMMIT","address":"16304 ROCKIES RUN SUMMIT","link":"https://abc.austintexas.gov/web/permit/public-search-other?t_detail=1&t_selected_folderrsn=10511075","tcad_id":"0125800220","location":"    (30.32168099, -97.99662547)","day_issued":"WEDNESDAY","project_id":"10511075","condominium":"No","status_date":"02/25/2011","jurisdiction":"BEE CAVE FULL PURPOSE","housing_units":"1","contractor_zip":"78691-____","contractor_city":"PFLUGERVILLE","issuance_method":"Permit Center","contractor_phone":"5128328900","contractor_trade":"Electrical Contractor","number_of_floors":"1","permit_type_desc":"Electrical Permit","fiscal_year_issued":"2011","total_new_add_sqft":"3,010","permit_class_mapped":"Residential","contractor_address_1":"PO BOX 3289","contractor_full_name":"Bryan Neal","issued_in_last_30_days":"No","certificate_of_occupancy":"No","property_legal_description":"LOT 248 BLK C FALCONHEAD WEST PHS 1 SEC 2 & PHS 2"},"geometry":{"type":"Point","coordinates":[-97.99662547,30.32168099]}},{"type":"Feature","properties":{"date":"2010-11-02T04:00:00.000Z","year":2010,"description":"New sf residence with attached garage and porch only EUD","metadescription":"EP. New. New sf residence with attached garage and porch only EUD. Final. 15800 TETONS CT","address":"15800 TETONS CT","link":"https://abc.austintexas.gov/web/permit/public-search-other?t_detail=1&t_selected_folderrsn=10510803","tcad_id":"0125780324","location":"    (30.32200506, -97.98921852)","day_issued":"TUESDAY","project_id":"10510803","condominium":"No","status_date":"01/27/2011","jurisdiction":"BEE CAVE FULL PURPOSE","housing_units":"1","contractor_zip":"78691-____","contractor_city":"PFLUGERVILLE","issuance_method":"Permit Center","contractor_phone":"5128328900","contractor_trade":"Electrical Contractor","number_of_floors":"2","permit_type_desc":"Electrical Permit","fiscal_year_issued":"2011","total_new_add_sqft":"3,074","permit_class_mapped":"Residential","contractor_address_1":"PO BOX 3289","contractor_full_name":"Bryan Neal","issued_in_last_30_days":"No","certificate_of_occupancy":"No","property_legal_description":"LOT 7 BLK F FALCONHEAD WEST PHS 1 SEC 2 & PHS 2"},"geometry":{"type":"Point","coordinates":[-97.98921852,30.32200506]}},{"type":"Feature","properties":{"date":"2010-11-02T04:00:00.000Z","year":2010,"description":"New 2 story sf residence with attached garage and porch only EUD","metadescription":"EP. New. New 2 story sf residence with attached garage and porch only EUD. Final. 5009 PATAGONIA PASS","address":"5009 PATAGONIA PASS","link":"https://abc.austintexas.gov/web/permit/public-search-other?t_detail=1&t_selected_folderrsn=10510800","tcad_id":"0123800505","location":"    (30.31997009, -97.99389626)","day_issued":"TUESDAY","project_id":"10510800","condominium":"No","status_date":"02/25/2011","jurisdiction":"BEE CAVE FULL PURPOSE","housing_units":"1","contractor_zip":"78691-____","contractor_city":"PFLUGERVILLE","issuance_method":"Permit Center","contractor_phone":"5128328900","contractor_trade":"Electrical Contractor","number_of_floors":"2","permit_type_desc":"Electrical Permit","fiscal_year_issued":"2011","total_new_add_sqft":"4,578","permit_class_mapped":"Residential","contractor_address_1":"PO BOX 3289","contractor_full_name":"Bryan Neal","issued_in_last_30_days":"No","certificate_of_occupancy":"No","property_legal_description":"LOT 5 BLK D FALCONHEAD WEST PHS 1 SEC 2 & PHS 2"},"geometry":{"type":"Point","coordinates":[-97.99389626,30.31997009]}},{"type":"Feature","properties":{"date":"2010-11-01T04:00:00.000Z","year":2010,"description":"New 2 story with attached garage and porch only EUD","metadescription":"EP. New. New 2 story with attached garage and porch only EUD. Final. 4908 JULIAN ALPS","address":"4908 JULIAN ALPS","link":"https://abc.austintexas.gov/web/permit/public-search-other?t_detail=1&t_selected_folderrsn=10509390","tcad_id":"0125800213","location":"    (30.32278362, -97.99586012)","day_issued":"MONDAY","project_id":"10509390","condominium":"No","status_date":"02/03/2011","jurisdiction":"BEE CAVE FULL PURPOSE","housing_units":"1","contractor_zip":"78691-____","contractor_city":"PFLUGERVILLE","issuance_method":"Permit Center","contractor_phone":"5128328900","contractor_trade":"Electrical Contractor","number_of_floors":"2","permit_type_desc":"Electrical Permit","fiscal_year_issued":"2011","total_new_add_sqft":"5,211","permit_class_mapped":"Residential","contractor_address_1":"PO BOX 3289","contractor_full_name":"Bryan Neal","issued_in_last_30_days":"No","certificate_of_occupancy":"No","property_legal_description":"LOT 242 BLK C FALCONHEAD WEST PHS 1 SEC 2 & PHS 2"},"geometry":{"type":"Point","coordinates":[-97.99586012,30.32278362]}},{"type":"Feature","properties":{"date":"2010-10-28T04:00:00.000Z","year":2010,"description":"New sf residence with attached garage and porch only EUD","metadescription":"EP. New. New sf residence with attached garage and porch only EUD. Final. 4932 PYRENEES PASS","address":"4932 PYRENEES PASS","link":"https://abc.austintexas.gov/web/permit/public-search-other?t_detail=1&t_selected_folderrsn=10508674","tcad_id":"0123800605","location":"    (30.32057526, -97.99194466)","day_issued":"THURSDAY","project_id":"10508674","condominium":"No","status_date":"01/25/2011","jurisdiction":"BEE CAVE FULL PURPOSE","housing_units":"1","contractor_zip":"78691-____","contractor_city":"PFLUGERVILLE","issuance_method":"Permit Center","contractor_phone":"5128328900","contractor_trade":"Electrical Contractor","number_of_floors":"1","permit_type_desc":"Electrical Permit","fiscal_year_issued":"2011","total_new_add_sqft":"2,874","permit_class_mapped":"Residential","contractor_address_1":"PO BOX 3289","contractor_full_name":"Bryan Neal","issued_in_last_30_days":"No","certificate_of_occupancy":"No","property_legal_description":"LOT 5 BLK B FALCONHEAD WEST PHS 1 SEC 2 & PHS 2"},"geometry":{"type":"Point","coordinates":[-97.99194466,30.32057526]}},{"type":"Feature","properties":{"date":"2010-10-28T04:00:00.000Z","year":2010,"description":"New SF Resid w/att garage covered patio and porch EUD","metadescription":"EP. New. New SF Resid w/att garage covered patio and porch EUD. Final. 14501 FALCON HEAD BLVD BLDG 52","address":"14501 FALCON HEAD BLVD BLDG 52","link":"https://abc.austintexas.gov/web/permit/public-search-other?t_detail=1&t_selected_folderrsn=10508531","tcad_id":"0125680401","location":"    (30.32223227, -97.96045654)","day_issued":"THURSDAY","project_id":"10508531","condominium":"No","status_date":"10/29/2010","jurisdiction":"BEE CAVE FULL PURPOSE","housing_units":"1","contractor_zip":"78742","contractor_city":"Austin","issuance_method":"Permit Center","contractor_phone":"5123858831","contractor_trade":"Electrical Contractor","number_of_floors":"1","permit_type_desc":"Electrical Permit","fiscal_year_issued":"2011","total_new_add_sqft":"2,130","permit_class_mapped":"Residential","contractor_address_1":"414 THOMPSON","contractor_address_2":"AUSTIN TX  7","contractor_full_name":"Fred Hoskins","issued_in_last_30_days":"No","certificate_of_occupancy":"No"},"geometry":{"type":"Point","coordinates":[-97.96045654,30.32223227]}},{"type":"Feature","properties":{"date":"2010-10-19T04:00:00.000Z","year":2010,"description":"New 2 stroy sf residence with attached garage and porch only EUD","metadescription":"EP. New. New 2 stroy sf residence with attached garage and porch only EUD. Final. 4701 SNAKE EAGLE CV","address":"4701 SNAKE EAGLE CV","link":"https://abc.austintexas.gov/web/permit/public-search-other?t_detail=1&t_selected_folderrsn=10505276","tcad_id":"0123730338","location":"    (30.31777365, -97.97623238)","day_issued":"TUESDAY","project_id":"10505276","condominium":"No","status_date":"12/17/2010","jurisdiction":"BEE CAVE FULL PURPOSE","housing_units":"1","contractor_zip":"78627","contractor_city":"Georgetown","issuance_method":"Permit Center","contractor_phone":"5126511025","contractor_trade":"Electrical Contractor","number_of_floors":"2","permit_type_desc":"Electrical Permit","fiscal_year_issued":"2011","total_new_add_sqft":"5,164","permit_class_mapped":"Residential","contractor_address_1":"P.O. Box 111","contractor_full_name":"Shaun Mcconathy","issued_in_last_30_days":"No","certificate_of_occupancy":"No","property_legal_description":"LOT 57 BLK E SPILLMAN RANCH PHS 3 & 4"},"geometry":{"type":"Point","coordinates":[-97.97623238,30.31777365]}},{"type":"Feature","properties":{"date":"2010-10-15T04:00:00.000Z","year":2010,"description":"New SF Resid w/att garage covered patio and porch EUD","metadescription":"EP. New. New SF Resid w/att garage covered patio and porch EUD. Final. 14501 FALCON HEAD BLVD BLDG 50","address":"14501 FALCON HEAD BLVD BLDG 50","link":"https://abc.austintexas.gov/web/permit/public-search-other?t_detail=1&t_selected_folderrsn=10503723","tcad_id":"0125680401","location":"    (30.32223227, -97.96045654)","day_issued":"FRIDAY","project_id":"10503723","condominium":"No","status_date":"10/29/2010","jurisdiction":"BEE CAVE FULL PURPOSE","housing_units":"1","contractor_zip":"78742","contractor_city":"Austin","issuance_method":"Permit Center","contractor_phone":"5123858831","contractor_trade":"Electrical Contractor","number_of_floors":"1","permit_type_desc":"Electrical Permit","fiscal_year_issued":"2011","total_new_add_sqft":"2,130","permit_class_mapped":"Residential","contractor_address_1":"414 THOMPSON","contractor_address_2":"AUSTIN TX  7","contractor_full_name":"Fred Hoskins","issued_in_last_30_days":"No","certificate_of_occupancy":"No"},"geometry":{"type":"Point","coordinates":[-97.96045654,30.32223227]}},{"type":"Feature","properties":{"date":"2010-10-14T04:00:00.000Z","year":2010,"description":"New 2 stroy sf residence with attached garage and porch only EUD","metadescription":"EP. New. New 2 stroy sf residence with attached garage and porch only EUD. Final. 16225 ROCKIES RUN SUMMIT","address":"16225 ROCKIES RUN SUMMIT","link":"https://abc.austintexas.gov/web/permit/public-search-other?t_detail=1&t_selected_folderrsn=10502909","tcad_id":"0123800101","location":"    (30.3208556, -97.99660742)","day_issued":"THURSDAY","project_id":"10502909","condominium":"No","status_date":"01/26/2011","jurisdiction":"BEE CAVE FULL PURPOSE","housing_units":"1","contractor_zip":"78691-____","contractor_city":"PFLUGERVILLE","issuance_method":"Permit Center","contractor_phone":"5128328900","contractor_trade":"Electrical Contractor","number_of_floors":"1","permit_type_desc":"Electrical Permit","fiscal_year_issued":"2011","total_new_add_sqft":"3,993","permit_class_mapped":"Residential","contractor_address_1":"PO BOX 3289","contractor_full_name":"Bryan Neal","issued_in_last_30_days":"No","certificate_of_occupancy":"No","property_legal_description":"LOT 262 BLK C FALCONHEAD WEST PHS 1 SEC 2 & PHS 2","electrical_valuation_remodel":"$0.00"},"geometry":{"type":"Point","coordinates":[-97.99660742,30.3208556]}},{"type":"Feature","properties":{"date":"2010-10-13T04:00:00.000Z","year":2010,"description":"Installing new sf residence with attached garage and porch only EUD","metadescription":"EP. New. Installing new sf residence with attached garage and porch only EUD. Final. 5021 PATAGONIA PASS","address":"5021 PATAGONIA PASS","link":"https://abc.austintexas.gov/web/permit/public-search-other?t_detail=1&t_selected_folderrsn=10502279","tcad_id":"0123800502","location":"    (30.31944928, -97.99429246)","day_issued":"WEDNESDAY","project_id":"10502279","condominium":"No","status_date":"01/18/2011","jurisdiction":"BEE CAVE FULL PURPOSE","housing_units":"1","contractor_zip":"78691-____","contractor_city":"PFLUGERVILLE","issuance_method":"Permit Center","contractor_phone":"5128328900","contractor_trade":"Electrical Contractor","number_of_floors":"1","permit_type_desc":"Electrical Permit","fiscal_year_issued":"2011","total_new_add_sqft":"3,307","permit_class_mapped":"Residential","contractor_address_1":"PO BOX 3289","contractor_full_name":"Bryan Neal","issued_in_last_30_days":"No","certificate_of_occupancy":"No","property_legal_description":"LOT 2 BLK D FALCONHEAD WEST PHS 1 SEC 2 & PHS 2","electrical_valuation_remodel":"$0.00"},"geometry":{"type":"Point","coordinates":[-97.99429246,30.31944928]}},{"type":"Feature","properties":{"date":"2010-10-12T04:00:00.000Z","year":2010,"description":"New sf residence with attached garage and porch only EUD","metadescription":"EP. New. New sf residence with attached garage and porch only EUD. Final. 15804 TETONS CT","address":"15804 TETONS CT","link":"https://abc.austintexas.gov/web/permit/public-search-other?t_detail=1&t_selected_folderrsn=10502115","tcad_id":"0125780323","location":"    (30.32218895, -97.98919821)","day_issued":"TUESDAY","project_id":"10502115","condominium":"No","status_date":"01/20/2011","jurisdiction":"BEE CAVE FULL PURPOSE","housing_units":"1","contractor_zip":"78691-____","contractor_city":"PFLUGERVILLE","issuance_method":"Permit Center","contractor_phone":"5128328900","contractor_trade":"Electrical Contractor","number_of_floors":"1","permit_type_desc":"Electrical Permit","fiscal_year_issued":"2011","total_new_add_sqft":"2,682","permit_class_mapped":"Residential","contractor_address_1":"PO BOX 3289","contractor_full_name":"Bryan Neal","issued_in_last_30_days":"No","certificate_of_occupancy":"No","property_legal_description":"LOT 8 BLK F FALCONHEAD WEST PHS 1 SEC 2 & PHS 2"},"geometry":{"type":"Point","coordinates":[-97.98919821,30.32218895]}},{"type":"Feature","properties":{"date":"2010-10-07T04:00:00.000Z","year":2010,"description":"New 2 stroy sf residence with attached garage and porch only EUD","metadescription":"EP. New. New 2 stroy sf residence with attached garage and porch only EUD. Final. 14601 HAMILTON POOL RD","address":"14601 HAMILTON POOL RD","link":"https://abc.austintexas.gov/web/permit/public-search-other?t_detail=1&t_selected_folderrsn=10499485","tcad_id":"0118770448","location":"    (30.30593396, -97.97145016)","day_issued":"THURSDAY","project_id":"10499485","condominium":"No","status_date":"10/26/2010","jurisdiction":"BEE CAVE FULL PURPOSE","housing_units":"1","contractor_zip":"78646","contractor_city":"LEANDER","issuance_method":"Permit Center","contractor_phone":"5125288935","contractor_trade":"Electrical Contractor","number_of_floors":"2","permit_type_desc":"Electrical Permit","fiscal_year_issued":"2011","total_new_add_sqft":"2,600","permit_class_mapped":"Residential","contractor_address_1":"P.O. BOX 890","contractor_address_2":"LEANDER TX","contractor_full_name":"Graeme Hair","issued_in_last_30_days":"No","certificate_of_occupancy":"No","property_legal_description":"LOT 14 MEADOWFOX ESTATES"},"geometry":{"type":"Point","coordinates":[-97.97145016,30.30593396]}},{"type":"Feature","properties":{"date":"2010-10-06T04:00:00.000Z","year":2010,"description":"New sf residence with attached garage and porch only EUD","metadescription":"EP. New. New sf residence with attached garage and porch only EUD. Final. 4601 MONT BLANC DR","address":"4601 MONT BLANC DR","link":"https://abc.austintexas.gov/web/permit/public-search-other?t_detail=1&t_selected_folderrsn=10500074","tcad_id":"0125780219","location":"    (30.32272635, -97.98670291)","day_issued":"WEDNESDAY","project_id":"10500074","condominium":"No","status_date":"01/11/2011","jurisdiction":"BEE CAVE FULL PURPOSE","housing_units":"1","contractor_zip":"78691-____","contractor_city":"PFLUGERVILLE","issuance_method":"Permit Center","contractor_phone":"5128328900","contractor_trade":"Electrical Contractor","number_of_floors":"1","permit_type_desc":"Electrical Permit","fiscal_year_issued":"2011","total_new_add_sqft":"3,993","permit_class_mapped":"Residential","contractor_address_1":"PO BOX 3289","contractor_full_name":"Bryan Neal","issued_in_last_30_days":"No","certificate_of_occupancy":"No","property_legal_description":"LOT 21 BLK G FALCONHEAD WEST PHS 1 SEC 1"},"geometry":{"type":"Point","coordinates":[-97.98670291,30.32272635]}},{"type":"Feature","properties":{"date":"2010-10-06T04:00:00.000Z","year":2010,"description":"New 2 stroy sf residence with attached garage and porch only EUD","metadescription":"EP. New. New 2 stroy sf residence with attached garage and porch only EUD. Final. 4021 VAIL DIVIDE","address":"4021 VAIL DIVIDE","link":"https://abc.austintexas.gov/web/permit/public-search-other?t_detail=1&t_selected_folderrsn=10499742","tcad_id":"0125760134","location":"    (30.32437294, -97.97781162)","day_issued":"WEDNESDAY","project_id":"10499742","condominium":"No","status_date":"01/28/2011","jurisdiction":"BEE CAVE FULL PURPOSE","housing_units":"1","contractor_zip":"78691-____","contractor_city":"PFLUGERVILLE","issuance_method":"Permit Center","contractor_phone":"5128328900","contractor_trade":"Electrical Contractor","number_of_floors":"2","permit_type_desc":"Electrical Permit","fiscal_year_issued":"2011","total_new_add_sqft":"4,578","permit_class_mapped":"Residential","contractor_address_1":"PO BOX 3289","contractor_full_name":"Bryan Neal","issued_in_last_30_days":"No","certificate_of_occupancy":"No","property_legal_description":"LOT 16 BLK C FALCONHEAD WEST PHS 1 SEC 1"},"geometry":{"type":"Point","coordinates":[-97.97781162,30.32437294]}},{"type":"Feature","properties":{"date":"2010-10-06T04:00:00.000Z","year":2010,"description":"New sf residence with attached garage and porch only EUD","metadescription":"EP. New. New sf residence with attached garage and porch only EUD. Final. 4900 PYRENEES PASS","address":"4900 PYRENEES PASS","link":"https://abc.austintexas.gov/web/permit/public-search-other?t_detail=1&t_selected_folderrsn=10499760","tcad_id":"0125780701","location":"    (30.32158258, -97.99093114)","day_issued":"WEDNESDAY","project_id":"10499760","condominium":"No","status_date":"01/20/2011","jurisdiction":"BEE CAVE FULL PURPOSE","housing_units":"1","contractor_zip":"78691-____","contractor_city":"PFLUGERVILLE","issuance_method":"Permit Center","contractor_phone":"5128328900","contractor_trade":"Electrical Contractor","number_of_floors":"1","permit_type_desc":"Electrical Permit","fiscal_year_issued":"2011","total_new_add_sqft":"2,874","permit_class_mapped":"Residential","contractor_address_1":"PO BOX 3289","contractor_full_name":"Bryan Neal","issued_in_last_30_days":"No","certificate_of_occupancy":"No","property_legal_description":"LOT 13 BLK B FALCONHEAD WEST PHS 1 SEC 2 & PHS 2"},"geometry":{"type":"Point","coordinates":[-97.99093114,30.32158258]}},{"type":"Feature","properties":{"date":"2010-10-05T04:00:00.000Z","year":2010,"description":"New 2 story sf residence with attached garage and porch only EUD","metadescription":"EP. New. New 2 story sf residence with attached garage and porch only EUD. Final. 15205 SPILLMAN RANCH LOOP","address":"15205 SPILLMAN RANCH LOOP","link":"https://abc.austintexas.gov/web/permit/public-search-other?t_detail=1&t_selected_folderrsn=10499520","tcad_id":"0123760109","location":"    (30.31773597, -97.97792291)","day_issued":"TUESDAY","project_id":"10499520","condominium":"No","status_date":"12/29/2010","jurisdiction":"BEE CAVE FULL PURPOSE","housing_units":"1","contractor_zip":"78627","contractor_city":"Georgetown","issuance_method":"Permit Center","contractor_phone":"5126511025","contractor_trade":"Electrical Contractor","number_of_floors":"2","permit_type_desc":"Electrical Permit","fiscal_year_issued":"2011","total_new_add_sqft":"5,164","permit_class_mapped":"Residential","contractor_address_1":"P.O. Box 111","contractor_full_name":"Shaun Mcconathy","issued_in_last_30_days":"No","certificate_of_occupancy":"No","property_legal_description":"LOT 9 BLK N SPILLMAN RANCH PHS 3 & 4"},"geometry":{"type":"Point","coordinates":[-97.97792291,30.31773597]}},{"type":"Feature","properties":{"date":"2010-10-05T04:00:00.000Z","year":2010,"description":"New 2 stroy sf residence with attached garage and porch only EUD","metadescription":"EP. New. New 2 stroy sf residence with attached garage and porch only EUD. Final. 16313 ROCKIES RUN SUMMIT","address":"16313 ROCKIES RUN SUMMIT","link":"https://abc.austintexas.gov/web/permit/public-search-other?t_detail=1&t_selected_folderrsn=10499471","tcad_id":"0125800229","location":"    (30.32177814, -97.99712717)","day_issued":"TUESDAY","project_id":"10499471","condominium":"No","status_date":"01/14/2011","jurisdiction":"BEE CAVE FULL PURPOSE","housing_units":"1","contractor_zip":"78691-____","contractor_city":"PFLUGERVILLE","issuance_method":"Permit Center","contractor_phone":"5128328900","contractor_trade":"Electrical Contractor","number_of_floors":"2","permit_type_desc":"Electrical Permit","fiscal_year_issued":"2011","total_new_add_sqft":"5,211","permit_class_mapped":"Residential","contractor_address_1":"PO BOX 3289","contractor_full_name":"Bryan Neal","issued_in_last_30_days":"No","certificate_of_occupancy":"No","property_legal_description":"LOT 257 BLK C FALCONHEAD WEST PHS 1 SEC 2 & PHS 2"},"geometry":{"type":"Point","coordinates":[-97.99712717,30.32177814]}},{"type":"Feature","properties":{"date":"2010-09-30T04:00:00.000Z","year":2010,"description":"New sf residence with attached garage and porch only EUD","metadescription":"EP. New. New sf residence with attached garage and porch only EUD. Final. 4904 JULIAN ALPS","address":"4904 JULIAN ALPS","link":"https://abc.austintexas.gov/web/permit/public-search-other?t_detail=1&t_selected_folderrsn=10497530","tcad_id":"0125800212","location":"    (30.32288725, -97.99566106)","day_issued":"THURSDAY","project_id":"10497530","condominium":"No","status_date":"12/27/2010","jurisdiction":"BEE CAVE FULL PURPOSE","housing_units":"1","contractor_zip":"78691-____","contractor_city":"PFLUGERVILLE","issuance_method":"Permit Center","contractor_phone":"5128328900","contractor_trade":"Electrical Contractor","number_of_floors":"1","permit_type_desc":"Electrical Permit","fiscal_year_issued":"2010","total_new_add_sqft":"3,727","permit_class_mapped":"Residential","contractor_address_1":"PO BOX 3289","contractor_full_name":"Bryan Neal","issued_in_last_30_days":"No","certificate_of_occupancy":"No","property_legal_description":"LOT 241 BLK C FALCONHEAD WEST PHS 1 SEC 2 & PHS 2"},"geometry":{"type":"Point","coordinates":[-97.99566106,30.32288725]}},{"type":"Feature","properties":{"date":"2010-09-30T04:00:00.000Z","year":2010,"description":"New 2 stroy sf residence with attached garage and porch only EUD","metadescription":"EP. New. New 2 stroy sf residence with attached garage and porch only EUD. Final. 16329 ROCKIES RUN SUMMIT","address":"16329 ROCKIES RUN SUMMIT","link":"https://abc.austintexas.gov/web/permit/public-search-other?t_detail=1&t_selected_folderrsn=10497527","tcad_id":"0125800225","location":"    (30.3225795, -97.99733601)","day_issued":"THURSDAY","project_id":"10497527","condominium":"No","status_date":"12/29/2010","jurisdiction":"BEE CAVE FULL PURPOSE","housing_units":"1","contractor_zip":"78691-____","contractor_city":"PFLUGERVILLE","issuance_method":"Permit Center","contractor_phone":"5128328900","contractor_trade":"Electrical Contractor","number_of_floors":"2","permit_type_desc":"Electrical Permit","fiscal_year_issued":"2010","total_new_add_sqft":"5,280","permit_class_mapped":"Residential","contractor_address_1":"PO BOX 3289","contractor_full_name":"Bryan Neal","issued_in_last_30_days":"No","certificate_of_occupancy":"No","property_legal_description":"LOT 253 BLK C FALCONHEAD WEST PHS 1 SEC 2 & PHS 2"},"geometry":{"type":"Point","coordinates":[-97.99733601,30.3225795]}},{"type":"Feature","properties":{"date":"2010-09-22T04:00:00.000Z","year":2010,"description":"New 2 story sf residence with attached garage and porch only EUD","metadescription":"EP. New. New 2 story sf residence with attached garage and porch only EUD. Final. 4321 VAIL DIVIDE","address":"4321 VAIL DIVIDE","link":"https://abc.austintexas.gov/web/permit/public-search-other?t_detail=1&t_selected_folderrsn=10494567","tcad_id":"0125760611","location":"    (30.3212636, -97.98042044)","day_issued":"WEDNESDAY","project_id":"10494567","condominium":"No","status_date":"12/21/2010","jurisdiction":"BEE CAVE FULL PURPOSE","housing_units":"1","contractor_zip":"78691-____","contractor_city":"PFLUGERVILLE","issuance_method":"Permit Center","contractor_phone":"5128328900","contractor_trade":"Electrical Contractor","number_of_floors":"2","permit_type_desc":"Electrical Permit","fiscal_year_issued":"2010","total_new_add_sqft":"5,511","permit_class_mapped":"Residential","contractor_address_1":"PO BOX 3289","contractor_full_name":"Bryan Neal","issued_in_last_30_days":"No","certificate_of_occupancy":"No","property_legal_description":"LOT 103 BLK A FALCONHEAD WEST PHS 1 SEC 2 & PHS 2"},"geometry":{"type":"Point","coordinates":[-97.98042044,30.3212636]}},{"type":"Feature","properties":{"date":"2010-09-03T04:00:00.000Z","year":2010,"description":"New sf residence with attached garage and porch onlt EUD","metadescription":"EP. New. New sf residence with attached garage and porch onlt EUD. Final. 4824 PYRENEES PASS","address":"4824 PYRENEES PASS","link":"https://abc.austintexas.gov/web/permit/public-search-other?t_detail=1&t_selected_folderrsn=10486339","tcad_id":"0125780329","location":"    (30.32187237, -97.99038519)","day_issued":"FRIDAY","project_id":"10486339","condominium":"No","status_date":"12/06/2010","jurisdiction":"BEE CAVE FULL PURPOSE","housing_units":"1","contractor_zip":"78691-____","contractor_city":"PFLUGERVILLE","issuance_method":"Permit Center","contractor_phone":"5128328900","contractor_trade":"Electrical Contractor","number_of_floors":"1","permit_type_desc":"Electrical Permit","fiscal_year_issued":"2010","total_new_add_sqft":"3,307","permit_class_mapped":"Residential","contractor_address_1":"PO BOX 3289","contractor_full_name":"Bryan Neal","issued_in_last_30_days":"No","certificate_of_occupancy":"No","property_legal_description":"LOT 2 BLK F FALCONHEAD WEST PHS 1 SEC 2 & PHS 2"},"geometry":{"type":"Point","coordinates":[-97.99038519,30.32187237]}},{"type":"Feature","properties":{"date":"2010-09-02T04:00:00.000Z","year":2010,"description":"New sf residence with attached garage and porch only EUD","metadescription":"EP. New. New sf residence with attached garage and porch only EUD. Final. 4313 VAIL DIVIDE","address":"4313 VAIL DIVIDE","link":"https://abc.austintexas.gov/web/permit/public-search-other?t_detail=1&t_selected_folderrsn=10485929","tcad_id":"0125760613","location":"    (30.32144227, -97.97996593)","day_issued":"THURSDAY","project_id":"10485929","condominium":"No","status_date":"01/10/2011","jurisdiction":"BEE CAVE FULL PURPOSE","housing_units":"1","contractor_zip":"78691-____","contractor_city":"PFLUGERVILLE","issuance_method":"Permit Center","contractor_phone":"5128328900","contractor_trade":"Electrical Contractor","number_of_floors":"1","permit_type_desc":"Electrical Permit","fiscal_year_issued":"2010","total_new_add_sqft":"3,993","permit_class_mapped":"Residential","contractor_address_1":"PO BOX 3289","contractor_full_name":"Bryan Neal","issued_in_last_30_days":"No","certificate_of_occupancy":"No","property_legal_description":"LOT 105 BLK A FALCONHEAD WEST PHS 1 SEC 2 & PHS 2"},"geometry":{"type":"Point","coordinates":[-97.97996593,30.32144227]}},{"type":"Feature","properties":{"date":"2010-08-31T04:00:00.000Z","year":2010,"description":"New 2 story sf residence with attached garage and porch only EUD","metadescription":"EP. New. New 2 story sf residence with attached garage and porch only EUD. Final. 15308 SPILLMAN RANCH LOOP","address":"15308 SPILLMAN RANCH LOOP","link":"https://abc.austintexas.gov/web/permit/public-search-other?t_detail=1&t_selected_folderrsn=10484729","tcad_id":"0123760224","location":"    (30.31927586, -97.97865881)","day_issued":"TUESDAY","project_id":"10484729","condominium":"No","status_date":"12/01/2010","jurisdiction":"BEE CAVE FULL PURPOSE","housing_units":"1","contractor_zip":"78627","contractor_city":"Georgetown","issuance_method":"Permit Center","contractor_phone":"5126511025","contractor_trade":"Electrical Contractor","number_of_floors":"2","permit_type_desc":"Electrical Permit","fiscal_year_issued":"2010","total_new_add_sqft":"3,584","permit_class_mapped":"Residential","contractor_address_1":"P.O. Box 111","contractor_full_name":"Shaun Mcconathy","issued_in_last_30_days":"No","certificate_of_occupancy":"No","property_legal_description":"LOT 33 BLK L SPILLMAN RANCH PHS 3 & 4"},"geometry":{"type":"Point","coordinates":[-97.97865881,30.31927586]}},{"type":"Feature","properties":{"date":"2010-08-23T04:00:00.000Z","year":2010,"description":"New 2 story sf residence with attached garage and porch only EUD","metadescription":"EP. New. New 2 story sf residence with attached garage and porch only EUD. Final. 4637 MONT BLANC DR","address":"4637 MONT BLANC DR","link":"https://abc.austintexas.gov/web/permit/public-search-other?t_detail=1&t_selected_folderrsn=10481813","tcad_id":"0125780210","location":"    (30.32329366, -97.98869901)","day_issued":"MONDAY","project_id":"10481813","condominium":"No","status_date":"12/14/2010","jurisdiction":"BEE CAVE FULL PURPOSE","housing_units":"1","contractor_zip":"78691-____","contractor_city":"PFLUGERVILLE","issuance_method":"Permit Center","contractor_phone":"5128328900","contractor_trade":"Electrical Contractor","number_of_floors":"2","permit_type_desc":"Electrical Permit","fiscal_year_issued":"2010","total_new_add_sqft":"3,616","permit_class_mapped":"Residential","contractor_address_1":"PO BOX 3289","contractor_full_name":"Bryan Neal","issued_in_last_30_days":"No","certificate_of_occupancy":"No","property_legal_description":"LOT 12 BLK G FALCONHEAD WEST PHS 1 SEC 1"},"geometry":{"type":"Point","coordinates":[-97.98869901,30.32329366]}},{"type":"Feature","properties":{"date":"2010-08-13T04:00:00.000Z","year":2010,"description":"New sf residence with attached garage and porch only EUD","metadescription":"EP. New. New sf residence with attached garage and porch only EUD. Final. 4117 SUGARLOAF DR","address":"4117 SUGARLOAF DR","link":"https://abc.austintexas.gov/web/permit/public-search-other?t_detail=1&t_selected_folderrsn=10477565","tcad_id":"0121700418","location":"    (30.31430788, -97.96590709)","day_issued":"FRIDAY","project_id":"10477565","condominium":"No","status_date":"01/13/2011","jurisdiction":"BEE CAVE FULL PURPOSE","housing_units":"1","contractor_zip":"76550","contractor_city":"LAMPASAS","issuance_method":"Permit Center","contractor_phone":"5125568702","contractor_trade":"Electrical Contractor","number_of_floors":"1","permit_type_desc":"Electrical Permit","fiscal_year_issued":"2010","total_new_add_sqft":"3,018","permit_class_mapped":"Residential","contractor_address_1":"3378 FM 1478","contractor_address_2":"LAMPASAS TX","contractor_full_name":"Russell Jones","issued_in_last_30_days":"No","certificate_of_occupancy":"No","property_legal_description":"LOT 32 BLK C SPILLMAN RANCH PHS 1 SEC 2"},"geometry":{"type":"Point","coordinates":[-97.96590709,30.31430788]}},{"type":"Feature","properties":{"date":"2010-08-12T04:00:00.000Z","year":2010,"description":"New 2 stroy sf residence with attached garage and porch only","metadescription":"EP. New. New 2 stroy sf residence with attached garage and porch only. Final. 15400 SWISS ALPS CT","address":"15400 SWISS ALPS CT","link":"https://abc.austintexas.gov/web/permit/public-search-other?t_detail=1&t_selected_folderrsn=10476924","tcad_id":"0125760426","location":"    (30.32138671, -97.98158405)","day_issued":"THURSDAY","project_id":"10476924","condominium":"No","status_date":"11/16/2010","jurisdiction":"BEE CAVE FULL PURPOSE","housing_units":"1","contractor_zip":"78691-____","contractor_city":"PFLUGERVILLE","issuance_method":"Permit Center","contractor_phone":"5128328900","contractor_trade":"Electrical Contractor","number_of_floors":"2","permit_type_desc":"Electrical Permit","fiscal_year_issued":"2010","total_new_add_sqft":"4,943","permit_class_mapped":"Residential","contractor_address_1":"PO BOX 3289","contractor_full_name":"Bryan Neal","issued_in_last_30_days":"No","certificate_of_occupancy":"No","property_legal_description":"LOT 73 BLK C FALCONHEAD WEST PHS 1 SEC 2 & PHS 2"},"geometry":{"type":"Point","coordinates":[-97.98158405,30.32138671]}},{"type":"Feature","properties":{"date":"2010-08-11T04:00:00.000Z","year":2010,"description":"New sf residence with attached garage and porch only EUD","metadescription":"EP. New. New sf residence with attached garage and porch only EUD. Final. 4704 PYRENEES PASS","address":"4704 PYRENEES PASS","link":"https://abc.austintexas.gov/web/permit/public-search-other?t_detail=1&t_selected_folderrsn=10476498","tcad_id":"0125780315","location":"    (30.32195339, -97.98834799)","day_issued":"WEDNESDAY","project_id":"10476498","condominium":"No","status_date":"11/08/2010","jurisdiction":"BEE CAVE FULL PURPOSE","housing_units":"1","contractor_zip":"78691-____","contractor_city":"PFLUGERVILLE","issuance_method":"Permit Center","contractor_phone":"5128328900","contractor_trade":"Electrical Contractor","number_of_floors":"1","permit_type_desc":"Electrical Permit","fiscal_year_issued":"2010","total_new_add_sqft":"2,884","permit_class_mapped":"Residential","contractor_address_1":"PO BOX 3289","contractor_full_name":"Bryan Neal","issued_in_last_30_days":"No","certificate_of_occupancy":"No","property_legal_description":"LOT 18 BLK F FALCONHEAD WEST PHS 1 SEC 2 & PHS 2"},"geometry":{"type":"Point","coordinates":[-97.98834799,30.32195339]}},{"type":"Feature","properties":{"date":"2010-08-10T04:00:00.000Z","year":2010,"description":"New 2 story sf residence with attached garage and porch only EUD","metadescription":"EP. New. New 2 story sf residence with attached garage and porch only EUD. Final. 15204 SPILLMAN RANCH LOOP","address":"15204 SPILLMAN RANCH LOOP","link":"https://abc.austintexas.gov/web/permit/public-search-other?t_detail=1&t_selected_folderrsn=10475938","tcad_id":"0123760218","location":"    (30.31827063, -97.97768479)","day_issued":"TUESDAY","project_id":"10475938","condominium":"No","status_date":"12/29/2010","jurisdiction":"BEE CAVE FULL PURPOSE","housing_units":"1","contractor_zip":"78627","contractor_city":"Georgetown","issuance_method":"Permit Center","contractor_phone":"5126511025","contractor_trade":"Electrical Contractor","number_of_floors":"2","permit_type_desc":"Electrical Permit","fiscal_year_issued":"2010","total_new_add_sqft":"3,527","permit_class_mapped":"Residential","contractor_address_1":"P.O. Box 111","contractor_full_name":"Shaun Mcconathy","issued_in_last_30_days":"No","certificate_of_occupancy":"No","property_legal_description":"LOT 27 BLK L SPILLMAN RANCH PHS 3 & 4"},"geometry":{"type":"Point","coordinates":[-97.97768479,30.31827063]}},{"type":"Feature","properties":{"date":"2010-08-06T04:00:00.000Z","year":2010,"description":"New 2 Sty SF Residence W/Garage & Porch. Electrical service only. EUD.","metadescription":"EP. New. New 2 Sty SF Residence W/Garage & Porch. Electrical service only. EUD.. Final. 4801 MONT BLANC DR","address":"4801 MONT BLANC DR","link":"https://abc.austintexas.gov/web/permit/public-search-other?t_detail=1&t_selected_folderrsn=10475051","tcad_id":"0125780603","location":"    (30.32222599, -97.9913752)","day_issued":"FRIDAY","project_id":"10475051","condominium":"No","status_date":"11/22/2010","jurisdiction":"BEE CAVE FULL PURPOSE","housing_units":"1","contractor_zip":"78691-____","contractor_city":"PFLUGERVILLE","issuance_method":"Permit Center","contractor_phone":"5128328900","contractor_trade":"Electrical Contractor","number_of_floors":"2","permit_type_desc":"Electrical Permit","fiscal_year_issued":"2010","total_new_add_sqft":"3,371","permit_class_mapped":"Residential","contractor_address_1":"PO BOX 3289","contractor_full_name":"Bryan Neal","issued_in_last_30_days":"No","certificate_of_occupancy":"No","property_legal_description":"LOT 199 BLK C FALCONHEAD WEST PHS 1 SEC 2 & PHS 2"},"geometry":{"type":"Point","coordinates":[-97.9913752,30.32222599]}},{"type":"Feature","properties":{"date":"2010-08-04T04:00:00.000Z","year":2010,"description":"new 2 stroy sf residence with attached garage and porch only EUD","metadescription":"EP. New. new 2 stroy sf residence with attached garage and porch only EUD. Final. 4025 VAIL DIVIDE","address":"4025 VAIL DIVIDE","link":"https://abc.austintexas.gov/web/permit/public-search-other?t_detail=1&t_selected_folderrsn=10474380","tcad_id":"0125760133","location":"    (30.3242967, -97.97755352)","day_issued":"WEDNESDAY","project_id":"10474380","condominium":"No","status_date":"12/08/2010","jurisdiction":"BEE CAVE FULL PURPOSE","housing_units":"1","contractor_zip":"78691-____","contractor_city":"PFLUGERVILLE","issuance_method":"Permit Center","contractor_phone":"5128328900","contractor_trade":"Electrical Contractor","number_of_floors":"20","permit_type_desc":"Electrical Permit","fiscal_year_issued":"2010","total_new_add_sqft":"4,813","permit_class_mapped":"Residential","contractor_address_1":"PO BOX 3289","contractor_full_name":"Bryan Neal","issued_in_last_30_days":"No","certificate_of_occupancy":"No","property_legal_description":"LOT 15 BLK C FALCONHEAD WEST PHS 1 SEC 1"},"geometry":{"type":"Point","coordinates":[-97.97755352,30.3242967]}},{"type":"Feature","properties":{"date":"2010-08-02T04:00:00.000Z","year":2010,"description":"New 2 stroy sf residence with attached garage and porch only EUD","metadescription":"EP. New. New 2 stroy sf residence with attached garage and porch only EUD. Final. 4324 VAIL DIVIDE","address":"4324 VAIL DIVIDE","link":"https://abc.austintexas.gov/web/permit/public-search-other?t_detail=1&t_selected_folderrsn=10472248","tcad_id":"0125760424","location":"    (30.32163349, -97.98094401)","day_issued":"MONDAY","project_id":"10472248","condominium":"No","status_date":"12/29/2010","jurisdiction":"BEE CAVE FULL PURPOSE","housing_units":"1","contractor_zip":"78691-____","contractor_city":"PFLUGERVILLE","issuance_method":"Permit Center","contractor_phone":"5128328900","contractor_trade":"Electrical Contractor","number_of_floors":"2","permit_type_desc":"Electrical Permit","fiscal_year_issued":"2010","total_new_add_sqft":"4,578","permit_class_mapped":"Residential","contractor_address_1":"PO BOX 3289","contractor_full_name":"Bryan Neal","issued_in_last_30_days":"No","certificate_of_occupancy":"No","property_legal_description":"LOT 71 BLK C FALCONHEAD WEST PHS 1 SEC 2 & PHS 2"},"geometry":{"type":"Point","coordinates":[-97.98094401,30.32163349]}},{"type":"Feature","properties":{"date":"2010-08-02T04:00:00.000Z","year":2010,"description":"New 2 stroy sf residence with attached garage and porch only EUD","metadescription":"EP. New. New 2 stroy sf residence with attached garage and porch only EUD. Final. 3929 VAIL DIVIDE","address":"3929 VAIL DIVIDE","link":"https://abc.austintexas.gov/web/permit/public-search-other?t_detail=1&t_selected_folderrsn=10472488","tcad_id":"0125760140","location":"    (30.32502421, -97.97913039)","day_issued":"MONDAY","project_id":"10472488","condominium":"No","status_date":"11/17/2010","jurisdiction":"BEE CAVE FULL PURPOSE","housing_units":"1","contractor_zip":"78691-____","contractor_city":"PFLUGERVILLE","issuance_method":"Permit Center","contractor_phone":"5128328900","contractor_trade":"Electrical Contractor","number_of_floors":"2","permit_type_desc":"Electrical Permit","fiscal_year_issued":"2010","total_new_add_sqft":"4,766","permit_class_mapped":"Residential","contractor_address_1":"PO BOX 3289","contractor_full_name":"Bryan Neal","issued_in_last_30_days":"No","certificate_of_occupancy":"No","property_legal_description":"LOT 22 BLK C FALCONHEAD WEST PHS 1 SEC 1"},"geometry":{"type":"Point","coordinates":[-97.97913039,30.32502421]}},{"type":"Feature","properties":{"date":"2010-07-29T04:00:00.000Z","year":2010,"description":"new sf residence with garage and porch only EUD","metadescription":"EP. New. new sf residence with garage and porch only EUD. Final. 4217 HOOKBILLED KITE DR","address":"4217 HOOKBILLED KITE DR","link":"https://abc.austintexas.gov/web/permit/public-search-other?t_detail=1&t_selected_folderrsn=10471281","tcad_id":"0123730235","location":"    (30.32023796, -97.97354735)","day_issued":"THURSDAY","project_id":"10471281","condominium":"No","status_date":"11/01/2010","jurisdiction":"BEE CAVE FULL PURPOSE","housing_units":"1","contractor_zip":"78627","contractor_city":"Georgetown","issuance_method":"Permit Center","contractor_phone":"5126511025","contractor_trade":"Electrical Contractor","number_of_floors":"1","permit_type_desc":"Electrical Permit","fiscal_year_issued":"2010","total_new_add_sqft":"3,319","permit_class_mapped":"Residential","contractor_address_1":"P.O. Box 111","contractor_full_name":"Shaun Mcconathy","issued_in_last_30_days":"No","certificate_of_occupancy":"No","property_legal_description":"LOT 8 BLK J SPILLMAN RANCH PHS 2 SEC 1"},"geometry":{"type":"Point","coordinates":[-97.97354735,30.32023796]}},{"type":"Feature","properties":{"date":"2010-07-29T04:00:00.000Z","year":2010,"description":"New sf residence with attached garage and porch only EUD","metadescription":"EP. New. New sf residence with attached garage and porch only EUD. Final. 15316 SPILLMAN RANCH LOOP","address":"15316 SPILLMAN RANCH LOOP","link":"https://abc.austintexas.gov/web/permit/public-search-other?t_detail=1&t_selected_folderrsn=10471282","tcad_id":"0123760226","location":"    (30.31973844, -97.97868874)","day_issued":"THURSDAY","project_id":"10471282","condominium":"No","status_date":"09/24/2010","jurisdiction":"BEE CAVE FULL PURPOSE","housing_units":"1","contractor_zip":"78627","contractor_city":"Georgetown","issuance_method":"Permit Center","contractor_phone":"5126511025","contractor_trade":"Electrical Contractor","number_of_floors":"1","permit_type_desc":"Electrical Permit","fiscal_year_issued":"2010","total_new_add_sqft":"3,319","permit_class_mapped":"Residential","contractor_address_1":"P.O. Box 111","contractor_full_name":"Shaun Mcconathy","issued_in_last_30_days":"No","certificate_of_occupancy":"No","property_legal_description":"LOT 35 BLK L SPILLMAN RANCH PHS 3 & 4"},"geometry":{"type":"Point","coordinates":[-97.97868874,30.31973844]}},{"type":"Feature","properties":{"date":"2010-07-27T04:00:00.000Z","year":2010,"description":"New 2 story sf residence with attached garage and porch only EUD","metadescription":"EP. New. New 2 story sf residence with attached garage and porch only EUD. Final. 3913 VAIL DIVIDE","address":"3913 VAIL DIVIDE","link":"https://abc.austintexas.gov/web/permit/public-search-other?t_detail=1&t_selected_folderrsn=10470310","tcad_id":"0125760144","location":"    (30.32545887, -97.98003599)","day_issued":"TUESDAY","project_id":"10470310","condominium":"No","status_date":"12/08/2010","jurisdiction":"BEE CAVE FULL PURPOSE","housing_units":"1","contractor_zip":"78691-____","contractor_city":"PFLUGERVILLE","issuance_method":"Permit Center","contractor_phone":"5128328900","contractor_trade":"Electrical Contractor","number_of_floors":"2","permit_type_desc":"Electrical Permit","fiscal_year_issued":"2010","total_new_add_sqft":"5,211","permit_class_mapped":"Residential","contractor_address_1":"PO BOX 3289","contractor_full_name":"Bryan Neal","issued_in_last_30_days":"No","certificate_of_occupancy":"No","property_legal_description":"LOT 26 BLK C FALCONHEAD WEST PHS 1 SEC 1"},"geometry":{"type":"Point","coordinates":[-97.98003599,30.32545887]}},{"type":"Feature","properties":{"date":"2010-07-27T04:00:00.000Z","year":2010,"description":"New 2 story sf residence with attached garage and porch only EUD","metadescription":"EP. New. New 2 story sf residence with attached garage and porch only EUD. Final. 4701 MONT BLANC DR","address":"4701 MONT BLANC DR","link":"https://abc.austintexas.gov/web/permit/public-search-other?t_detail=1&t_selected_folderrsn=10470657","tcad_id":"0125780207","location":"    (30.32318317, -97.9894245)","day_issued":"TUESDAY","project_id":"10470657","condominium":"No","status_date":"10/27/2010","jurisdiction":"BEE CAVE FULL PURPOSE","housing_units":"1","contractor_zip":"78691-____","contractor_city":"PFLUGERVILLE","issuance_method":"Permit Center","contractor_phone":"5128328900","contractor_trade":"Electrical Contractor","number_of_floors":"2","permit_type_desc":"Electrical Permit","fiscal_year_issued":"2010","total_new_add_sqft":"3,616","permit_class_mapped":"Residential","contractor_address_1":"PO BOX 3289","contractor_full_name":"Bryan Neal","issued_in_last_30_days":"No","certificate_of_occupancy":"No","property_legal_description":"LOT 9 BLK G FALCONHEAD WEST PHS 1 SEC 1"},"geometry":{"type":"Point","coordinates":[-97.9894245,30.32318317]}},{"type":"Feature","properties":{"date":"2010-07-26T04:00:00.000Z","year":2010,"description":"New 2 stroy sf residence with attahced garage and porch only EUD","metadescription":"EP. New. New 2 stroy sf residence with attahced garage and porch only EUD. Final. 4333 VAIL DIVIDE","address":"4333 VAIL DIVIDE","link":"https://abc.austintexas.gov/web/permit/public-search-other?t_detail=1&t_selected_folderrsn=10469948","tcad_id":"0125760608","location":"    (30.32103471, -97.98113613)","day_issued":"MONDAY","project_id":"10469948","condominium":"No","status_date":"10/26/2010","jurisdiction":"BEE CAVE FULL PURPOSE","housing_units":"1","contractor_zip":"78691-____","contractor_city":"PFLUGERVILLE","issuance_method":"Permit Center","contractor_phone":"5128328900","contractor_trade":"Electrical Contractor","number_of_floors":"2","permit_type_desc":"Electrical Permit","fiscal_year_issued":"2010","total_new_add_sqft":"5,511","permit_class_mapped":"Residential","contractor_address_1":"PO BOX 3289","contractor_full_name":"Bryan Neal","issued_in_last_30_days":"No","certificate_of_occupancy":"No","property_legal_description":"LOT 100 BLK A FALCONHEAD WEST PHS 1 SEC 2 & PHS 2"},"geometry":{"type":"Point","coordinates":[-97.98113613,30.32103471]}},{"type":"Feature","properties":{"date":"2010-07-22T04:00:00.000Z","year":2010,"description":"New 2 story sf residence with attached garage and porch only EUD","metadescription":"EP. New. New 2 story sf residence with attached garage and porch only EUD. Final. 16229 ZAGROS WAY","address":"16229 ZAGROS WAY","link":"https://abc.austintexas.gov/web/permit/public-search-other?t_detail=1&t_selected_folderrsn=10469049","tcad_id":"0125800132","location":"    (30.32578673, -97.99479825)","day_issued":"THURSDAY","project_id":"10469049","condominium":"No","status_date":"11/12/2010","jurisdiction":"BEE CAVE FULL PURPOSE","housing_units":"1","contractor_zip":"78691-____","contractor_city":"PFLUGERVILLE","issuance_method":"Permit Center","contractor_phone":"5128328900","contractor_trade":"Electrical Contractor","number_of_floors":"2","permit_type_desc":"Electrical Permit","fiscal_year_issued":"2010","total_new_add_sqft":"2,974","permit_class_mapped":"Residential","contractor_address_1":"PO BOX 3289","contractor_full_name":"Bryan Neal","issued_in_last_30_days":"No","certificate_of_occupancy":"No","property_legal_description":"LOT 163 BLK C FALCONHEAD WEST PHS 1 SEC 2 & PHS 2"},"geometry":{"type":"Point","coordinates":[-97.99479825,30.32578673]}},{"type":"Feature","properties":{"date":"2010-07-22T04:00:00.000Z","year":2010,"description":"New 2 stroy sf residence with attached garage and porch only EUD","metadescription":"EP. New. New 2 stroy sf residence with attached garage and porch only EUD. Final. 4316 VAIL DIVIDE","address":"4316 VAIL DIVIDE","link":"https://abc.austintexas.gov/web/permit/public-search-other?t_detail=1&t_selected_folderrsn=10469045","tcad_id":"0125760422","location":"    (30.32180918, -97.98047688)","day_issued":"THURSDAY","project_id":"10469045","condominium":"No","status_date":"11/16/2010","jurisdiction":"BEE CAVE FULL PURPOSE","housing_units":"1","contractor_zip":"78691-____","contractor_city":"PFLUGERVILLE","issuance_method":"Permit Center","contractor_phone":"5128328900","contractor_trade":"Electrical Contractor","number_of_floors":"2","permit_type_desc":"Electrical Permit","fiscal_year_issued":"2010","total_new_add_sqft":"4,766","permit_class_mapped":"Residential","contractor_address_1":"PO BOX 3289","contractor_full_name":"Bryan Neal","issued_in_last_30_days":"No","certificate_of_occupancy":"No","property_legal_description":"LOT 69 BLK C FALCONHEAD WEST PHS 1 SEC 2 & PHS 2"},"geometry":{"type":"Point","coordinates":[-97.98047688,30.32180918]}},{"type":"Feature","properties":{"date":"2010-07-19T04:00:00.000Z","year":2010,"description":"New 2 stroy sf residence with attached garage and porch only EUD","metadescription":"EP. New. New 2 stroy sf residence with attached garage and porch only EUD. Final. 16104 ZAGROS WAY","address":"16104 ZAGROS WAY","link":"https://abc.austintexas.gov/web/permit/public-search-other?t_detail=1&t_selected_folderrsn=10467493","tcad_id":"0125800116","location":"    (30.32421079, -97.99208153)","day_issued":"MONDAY","project_id":"10467493","condominium":"No","status_date":"11/02/2010","jurisdiction":"BEE CAVE FULL PURPOSE","housing_units":"1","contractor_zip":"78691-____","contractor_city":"PFLUGERVILLE","issuance_method":"Permit Center","contractor_phone":"5128328900","contractor_trade":"Electrical Contractor","number_of_floors":"2","permit_type_desc":"Electrical Permit","fiscal_year_issued":"2010","total_new_add_sqft":"4,998","permit_class_mapped":"Residential","contractor_address_1":"PO BOX 3289","contractor_full_name":"Bryan Neal","issued_in_last_30_days":"No","certificate_of_occupancy":"No","property_legal_description":"LOT 147 BLK C FALCONHEAD WEST PHS 1 SEC 2 & PHS 2"},"geometry":{"type":"Point","coordinates":[-97.99208153,30.32421079]}},{"type":"Feature","properties":{"date":"2010-07-19T04:00:00.000Z","year":2010,"description":"New 2 stroy sf residence with attached garage and porch only EUD","metadescription":"EP. New. New 2 stroy sf residence with attached garage and porch only EUD. Final. 16008 ZAGROS WAY","address":"16008 ZAGROS WAY","link":"https://abc.austintexas.gov/web/permit/public-search-other?t_detail=1&t_selected_folderrsn=10467630","tcad_id":"0125780155","location":"    (30.32277651, -97.99125088)","day_issued":"MONDAY","project_id":"10467630","condominium":"No","status_date":"11/05/2010","jurisdiction":"BEE CAVE FULL PURPOSE","housing_units":"1","contractor_zip":"78691-____","contractor_city":"PFLUGERVILLE","issuance_method":"Permit Center","contractor_phone":"5128328900","contractor_trade":"Electrical Contractor","number_of_floors":"2","permit_type_desc":"Electrical Permit","fiscal_year_issued":"2010","total_new_add_sqft":"4,669","permit_class_mapped":"Residential","contractor_address_1":"PO BOX 3289","contractor_full_name":"Bryan Neal","issued_in_last_30_days":"No","certificate_of_occupancy":"No","property_legal_description":"LOT 139 BLK C FALCONHEAD WEST PHS 1 SEC 2 & PHS 2"},"geometry":{"type":"Point","coordinates":[-97.99125088,30.32277651]}},{"type":"Feature","properties":{"date":"2010-07-15T04:00:00.000Z","year":2010,"description":"New 2 stroy sf residence with attached garage and porch only EUD","metadescription":"EP. New. New 2 stroy sf residence with attached garage and porch only EUD. Final. 16001 SNOWDONIA CV","address":"16001 SNOWDONIA CV","link":"https://abc.austintexas.gov/web/permit/public-search-other?t_detail=1&t_selected_folderrsn=10466046","tcad_id":"0125780134","location":"    (30.32362181, -97.98919827)","day_issued":"THURSDAY","project_id":"10466046","condominium":"No","status_date":"11/08/2010","jurisdiction":"BEE CAVE FULL PURPOSE","housing_units":"1","contractor_zip":"78691-____","contractor_city":"PFLUGERVILLE","issuance_method":"Permit Center","contractor_phone":"5128328900","contractor_trade":"Electrical Contractor","number_of_floors":"2","permit_type_desc":"Electrical Permit","fiscal_year_issued":"2010","total_new_add_sqft":"4,578","permit_class_mapped":"Residential","contractor_address_1":"PO BOX 3289","contractor_full_name":"Bryan Neal","issued_in_last_30_days":"No","certificate_of_occupancy":"No","property_legal_description":"LOT 118 BLK C FALCONHEAD WEST PHS 1 SEC 1"},"geometry":{"type":"Point","coordinates":[-97.98919827,30.32362181]}},{"type":"Feature","properties":{"date":"2010-07-12T04:00:00.000Z","year":2010,"description":"New 2 stroy sf residence with attached garage and porch only EUD","metadescription":"EP. New. New 2 stroy sf residence with attached garage and porch only EUD. Final. 16109 ZAGROS WAY","address":"16109 ZAGROS WAY","link":"https://abc.austintexas.gov/web/permit/public-search-other?t_detail=1&t_selected_folderrsn=10464795","tcad_id":"0125800145","location":"    (30.32431866, -97.99256713)","day_issued":"MONDAY","project_id":"10464795","condominium":"No","status_date":"10/18/2010","jurisdiction":"BEE CAVE FULL PURPOSE","housing_units":"1","contractor_zip":"78691-____","contractor_city":"PFLUGERVILLE","issuance_method":"Permit Center","contractor_phone":"5128328900","contractor_trade":"Electrical Contractor","number_of_floors":"2","permit_type_desc":"Electrical Permit","fiscal_year_issued":"2010","total_new_add_sqft":"4,766","permit_class_mapped":"Residential","contractor_address_1":"PO BOX 3289","contractor_full_name":"Bryan Neal","issued_in_last_30_days":"No","certificate_of_occupancy":"No","property_legal_description":"LOT 176 BLK C FALCONHEAD WEST PHS 1 SEC 2 & PHS 2"},"geometry":{"type":"Point","coordinates":[-97.99256713,30.32431866]}},{"type":"Feature","properties":{"date":"2010-07-12T04:00:00.000Z","year":2010,"description":"New 2 stroy sf residence with attached garage and porch only EUD","metadescription":"EP. New. New 2 stroy sf residence with attached garage and porch only EUD. Withdrawn. 4016 VAIL DIVIDE","address":"4016 VAIL DIVIDE","link":"https://abc.austintexas.gov/web/permit/public-search-other?t_detail=1&t_selected_folderrsn=10464790","tcad_id":"0125760154","location":"    (30.32407917, -97.97828798)","day_issued":"MONDAY","project_id":"10464790","condominium":"No","status_date":"12/27/2010","jurisdiction":"BEE CAVE FULL PURPOSE","housing_units":"1","contractor_zip":"78691-____","contractor_city":"PFLUGERVILLE","issuance_method":"Permit Center","contractor_phone":"5128328900","contractor_trade":"Electrical Contractor","number_of_floors":"2","permit_type_desc":"Electrical Permit","fiscal_year_issued":"2010","total_new_add_sqft":"4,766","permit_class_mapped":"Residential","contractor_address_1":"PO BOX 3289","contractor_full_name":"Bryan Neal","issued_in_last_30_days":"No","certificate_of_occupancy":"No","property_legal_description":"LOT 37 BLK C FALCONHEAD WEST PHS 1 SEC 1"},"geometry":{"type":"Point","coordinates":[-97.97828798,30.32407917]}},{"type":"Feature","properties":{"date":"2010-07-09T04:00:00.000Z","year":2010,"description":"New 2 story sf residence with attached garage and porch only EUD","metadescription":"EP. New. New 2 story sf residence with attached garage and porch only EUD. Final. 16224 ZAGROS WAY","address":"16224 ZAGROS WAY","link":"https://abc.austintexas.gov/web/permit/public-search-other?t_detail=1&t_selected_folderrsn=10464024","tcad_id":"0125800128","location":"    (30.32609302, -97.9940997)","day_issued":"FRIDAY","project_id":"10464024","condominium":"No","status_date":"10/19/2010","jurisdiction":"BEE CAVE FULL PURPOSE","housing_units":"1","contractor_zip":"78691-____","contractor_city":"PFLUGERVILLE","issuance_method":"Permit Center","contractor_phone":"5128328900","contractor_trade":"Electrical Contractor","number_of_floors":"2","permit_type_desc":"Electrical Permit","fiscal_year_issued":"2010","total_new_add_sqft":"4,578","permit_class_mapped":"Residential","contractor_address_1":"PO BOX 3289","contractor_full_name":"Bryan Neal","issued_in_last_30_days":"No","certificate_of_occupancy":"No","property_legal_description":"LOT 159 BLK C FALCONHEAD WEST PHS 1 SEC 2 & PHS 2","electrical_valuation_remodel":"$0.00"},"geometry":{"type":"Point","coordinates":[-97.9940997,30.32609302]}},{"type":"Feature","properties":{"date":"2010-07-07T04:00:00.000Z","year":2010,"description":"new 2 story sf residence with attached garage and porch only EUD","metadescription":"EP. New. new 2 story sf residence with attached garage and porch only EUD. Final. 16217 ZAGROS WAY","address":"16217 ZAGROS WAY","link":"https://abc.austintexas.gov/web/permit/public-search-other?t_detail=1&t_selected_folderrsn=10463342","tcad_id":"0125800135","location":"    (30.32567002, -97.99412898)","day_issued":"WEDNESDAY","project_id":"10463342","condominium":"No","status_date":"10/19/2010","jurisdiction":"BEE CAVE FULL PURPOSE","housing_units":"1","contractor_zip":"78691-____","contractor_city":"PFLUGERVILLE","issuance_method":"Permit Center","contractor_phone":"5128328900","contractor_trade":"Electrical Contractor","number_of_floors":"2","permit_type_desc":"Electrical Permit","fiscal_year_issued":"2010","total_new_add_sqft":"4,140","permit_class_mapped":"Residential","contractor_address_1":"PO BOX 3289","contractor_full_name":"Bryan Neal","issued_in_last_30_days":"No","certificate_of_occupancy":"No","property_legal_description":"LOT 166 BLK C FALCONHEAD WEST PHS 1 SEC 2 & PHS 2"},"geometry":{"type":"Point","coordinates":[-97.99412898,30.32567002]}},{"type":"Feature","properties":{"date":"2010-07-07T04:00:00.000Z","year":2010,"description":"New sf residence with attached garage and porch only EUD","metadescription":"EP. New. New sf residence with attached garage and porch only EUD. Final. 4208 VAIL DIVIDE","address":"4208 VAIL DIVIDE","link":"https://abc.austintexas.gov/web/permit/public-search-other?t_detail=1&t_selected_folderrsn=10463185","tcad_id":"0125760162","location":"    (30.32284296, -97.9788127)","day_issued":"WEDNESDAY","project_id":"10463185","condominium":"No","status_date":"11/22/2010","jurisdiction":"BEE CAVE FULL PURPOSE","housing_units":"1","contractor_zip":"78691-____","contractor_city":"PFLUGERVILLE","issuance_method":"Permit Center","contractor_phone":"5128328900","contractor_trade":"Electrical Contractor","number_of_floors":"1","permit_type_desc":"Electrical Permit","fiscal_year_issued":"2010","total_new_add_sqft":"2,682","permit_class_mapped":"Residential","contractor_address_1":"PO BOX 3289","contractor_full_name":"Bryan Neal","issued_in_last_30_days":"No","certificate_of_occupancy":"No","property_legal_description":"LOT 45 BLK C FALCONHEAD WEST PHS 1 SEC 1"},"geometry":{"type":"Point","coordinates":[-97.9788127,30.32284296]}},{"type":"Feature","properties":{"date":"2010-07-07T04:00:00.000Z","year":2010,"description":"New sf residence with attached garage and porch only EUD","metadescription":"EP. New. New sf residence with attached garage and porch only EUD. Final. 4820 PYRENEES PASS","address":"4820 PYRENEES PASS","link":"https://abc.austintexas.gov/web/permit/public-search-other?t_detail=1&t_selected_folderrsn=10463183","tcad_id":"0125780328","location":"    (30.32194159, -97.99025987)","day_issued":"WEDNESDAY","project_id":"10463183","condominium":"No","status_date":"10/11/2010","jurisdiction":"BEE CAVE FULL PURPOSE","housing_units":"1","contractor_zip":"78691-____","contractor_city":"PFLUGERVILLE","issuance_method":"Permit Center","contractor_phone":"5128328900","contractor_trade":"Electrical Contractor","number_of_floors":"1","permit_type_desc":"Electrical Permit","fiscal_year_issued":"2010","total_new_add_sqft":"2,682","permit_class_mapped":"Residential","contractor_address_1":"PO BOX 3289","contractor_full_name":"Bryan Neal","issued_in_last_30_days":"No","certificate_of_occupancy":"No","property_legal_description":"LOT 3 BLK F FALCONHEAD WEST PHS 1 SEC 2 & PHS 2"},"geometry":{"type":"Point","coordinates":[-97.99025987,30.32194159]}},{"type":"Feature","properties":{"date":"2010-07-07T04:00:00.000Z","year":2010,"description":"New sf residence with attached garage and porch only EUD","metadescription":"EP. New. New sf residence with attached garage and porch only EUD. Final. 4012 SUGARLOAF DR","address":"4012 SUGARLOAF DR","link":"https://abc.austintexas.gov/web/permit/public-search-other?t_detail=1&t_selected_folderrsn=10463186","tcad_id":"0123700109","location":"    (30.31573355, -97.96685797)","day_issued":"WEDNESDAY","project_id":"10463186","condominium":"No","status_date":"11/19/2010","jurisdiction":"BEE CAVE FULL PURPOSE","housing_units":"1","contractor_zip":"78691-____","contractor_city":"PFLUGERVILLE","issuance_method":"Permit Center","contractor_phone":"5128328900","contractor_trade":"Electrical Contractor","number_of_floors":"1","permit_type_desc":"Electrical Permit","fiscal_year_issued":"2010","total_new_add_sqft":"2,682","permit_class_mapped":"Residential","contractor_address_1":"PO BOX 3289","contractor_full_name":"Bryan Neal","issued_in_last_30_days":"No","certificate_of_occupancy":"No","property_legal_description":"LOT 18 BLK E SPILLMAN RANCH PHS 1 SEC 2"},"geometry":{"type":"Point","coordinates":[-97.96685797,30.31573355]}},{"type":"Feature","properties":{"date":"2010-07-02T04:00:00.000Z","year":2010,"description":"New 2 stroy sf residence with attached garage and porch only EUD","metadescription":"EP. New. New 2 stroy sf residence with attached garage and porch only EUD. Final. 4613 MONT BLANC DR","address":"4613 MONT BLANC DR","link":"https://abc.austintexas.gov/web/permit/public-search-other?t_detail=1&t_selected_folderrsn=10461010","tcad_id":"0125780216","location":"    (30.32298249, -97.98732438)","day_issued":"FRIDAY","project_id":"10461010","condominium":"No","status_date":"10/14/2010","jurisdiction":"BEE CAVE FULL PURPOSE","housing_units":"1","contractor_zip":"78691-____","contractor_city":"PFLUGERVILLE","issuance_method":"Permit Center","contractor_phone":"5128328900","contractor_trade":"Electrical Contractor","number_of_floors":"2","permit_type_desc":"Electrical Permit","fiscal_year_issued":"2010","total_new_add_sqft":"4,274","permit_class_mapped":"Residential","contractor_address_1":"PO BOX 3289","contractor_full_name":"Bryan Neal","issued_in_last_30_days":"No","certificate_of_occupancy":"No","property_legal_description":"LOT 18 BLK G FALCONHEAD WEST PHS 1 SEC 1"},"geometry":{"type":"Point","coordinates":[-97.98732438,30.32298249]}},{"type":"Feature","properties":{"date":"2010-07-01T04:00:00.000Z","year":2010,"description":"New 2 story sf residence with attached garage and porch only eud","metadescription":"EP. New. New 2 story sf residence with attached garage and porch only eud. Final. 3917 VAIL DIVIDE","address":"3917 VAIL DIVIDE","link":"https://abc.austintexas.gov/web/permit/public-search-other?t_detail=1&t_selected_folderrsn=10459959","tcad_id":"0125760143","location":"    (30.32534771, -97.97982312)","day_issued":"THURSDAY","project_id":"10459959","condominium":"No","status_date":"10/25/2010","jurisdiction":"BEE CAVE FULL PURPOSE","housing_units":"1","contractor_zip":"78691-____","contractor_city":"PFLUGERVILLE","issuance_method":"Permit Center","contractor_phone":"5128328900","contractor_trade":"Electrical Contractor","number_of_floors":"2","permit_type_desc":"Electrical Permit","fiscal_year_issued":"2010","total_new_add_sqft":"5,629","permit_class_mapped":"Residential","contractor_address_1":"PO BOX 3289","contractor_full_name":"Bryan Neal","issued_in_last_30_days":"No","certificate_of_occupancy":"No","property_legal_description":"LOT 25 BLK C FALCONHEAD WEST PHS 1 SEC 1"},"geometry":{"type":"Point","coordinates":[-97.97982312,30.32534771]}},{"type":"Feature","properties":{"date":"2010-06-18T04:00:00.000Z","year":2010,"description":"New 2 sty residence w/ garage & porch. Electrical service only. EUD.","metadescription":"EP. New. New 2 sty residence w/ garage & porch. Electrical service only. EUD.. Final. 4617 MONT BLANC DR","address":"4617 MONT BLANC DR","link":"https://abc.austintexas.gov/web/permit/public-search-other?t_detail=1&t_selected_folderrsn=10455087","tcad_id":"0125780215","location":"    (30.32305797, -97.98754129)","day_issued":"FRIDAY","project_id":"10455087","condominium":"No","status_date":"08/27/2010","jurisdiction":"BEE CAVE FULL PURPOSE","housing_units":"1","contractor_zip":"78691-____","contractor_city":"PFLUGERVILLE","issuance_method":"Permit Center","contractor_phone":"5128328900","contractor_trade":"Electrical Contractor","number_of_floors":"2","permit_type_desc":"Electrical Permit","fiscal_year_issued":"2010","total_new_add_sqft":"3,833","permit_class_mapped":"Residential","contractor_address_1":"PO BOX 3289","contractor_full_name":"Bryan Neal","issued_in_last_30_days":"No","certificate_of_occupancy":"No","property_legal_description":"LOT 17 BLK G FALCONHEAD WEST PHS 1 SEC 1"},"geometry":{"type":"Point","coordinates":[-97.98754129,30.32305797]}},{"type":"Feature","properties":{"date":"2010-06-09T04:00:00.000Z","year":2010,"description":"new 2 stroy sf residence with attached garage and porch only EUD","metadescription":"EP. New. new 2 stroy sf residence with attached garage and porch only EUD. Final. 4312 VAIL DIVIDE","address":"4312 VAIL DIVIDE","link":"https://abc.austintexas.gov/web/permit/public-search-other?t_detail=1&t_selected_folderrsn=10450354","tcad_id":"0125760421","location":"    (30.32189261, -97.98022758)","day_issued":"WEDNESDAY","project_id":"10450354","condominium":"No","status_date":"09/20/2010","jurisdiction":"BEE CAVE FULL PURPOSE","housing_units":"1","contractor_zip":"78691-____","contractor_city":"PFLUGERVILLE","issuance_method":"Permit Center","contractor_phone":"5128328900","contractor_trade":"Electrical Contractor","number_of_floors":"2","permit_type_desc":"Electrical Permit","fiscal_year_issued":"2010","total_new_add_sqft":"4,474","permit_class_mapped":"Residential","contractor_address_1":"PO BOX 3289","contractor_full_name":"Bryan Neal","issued_in_last_30_days":"No","certificate_of_occupancy":"No","property_legal_description":"LOT 68 BLK C FALCONHEAD WEST PHS 1 SEC 2 & PHS 2"},"geometry":{"type":"Point","coordinates":[-97.98022758,30.32189261]}},{"type":"Feature","properties":{"date":"2010-06-09T04:00:00.000Z","year":2010,"description":"New sf residence with attached garage and porch only EUD","metadescription":"EP. New. New sf residence with attached garage and porch only EUD. Final. 4804 MONT BLANC DR","address":"4804 MONT BLANC DR","link":"https://abc.austintexas.gov/web/permit/public-search-other?t_detail=1&t_selected_folderrsn=10450629","tcad_id":"0125800160","location":"    (30.32247412, -97.99186055)","day_issued":"WEDNESDAY","project_id":"10450629","condominium":"No","status_date":"09/17/2010","jurisdiction":"BEE CAVE FULL PURPOSE","housing_units":"0","contractor_zip":"78691-____","contractor_city":"PFLUGERVILLE","issuance_method":"Permit Center","contractor_phone":"5128328900","contractor_trade":"Electrical Contractor","number_of_floors":"0","permit_type_desc":"Electrical Permit","fiscal_year_issued":"2010","total_new_add_sqft":"3,993","permit_class_mapped":"Residential","contractor_address_1":"PO BOX 3289","contractor_full_name":"Bryan Neal","issued_in_last_30_days":"No","certificate_of_occupancy":"No","property_legal_description":"LOT 192 BLK C FALCONHEAD WEST PHS 1 SEC 2 & PHS 2"},"geometry":{"type":"Point","coordinates":[-97.99186055,30.32247412]}},{"type":"Feature","properties":{"date":"2010-06-04T04:00:00.000Z","year":2010,"description":"New sf residence with attached garage and porch only EUD","metadescription":"EP. New. New sf residence with attached garage and porch only EUD. Final. 4537 MONT BLANC DR","address":"4537 MONT BLANC DR","link":"https://abc.austintexas.gov/web/permit/public-search-other?t_detail=1&t_selected_folderrsn=10448666","tcad_id":"0125780101","location":"    (30.32251941, -97.98636557)","day_issued":"FRIDAY","project_id":"10448666","condominium":"No","status_date":"09/21/2010","jurisdiction":"BEE CAVE FULL PURPOSE","housing_units":"1","contractor_zip":"78691-____","contractor_city":"PFLUGERVILLE","issuance_method":"Permit Center","contractor_phone":"5128328900","contractor_trade":"Electrical Contractor","number_of_floors":"1","permit_type_desc":"Electrical Permit","fiscal_year_issued":"2010","total_new_add_sqft":"3,733","permit_class_mapped":"Residential","contractor_address_1":"PO BOX 3289","contractor_full_name":"Bryan Neal","issued_in_last_30_days":"No","certificate_of_occupancy":"No","property_legal_description":"LOT 85 BLK C FALCONHEAD WEST PHS 1 SEC 1"},"geometry":{"type":"Point","coordinates":[-97.98636557,30.32251941]}},{"type":"Feature","properties":{"date":"2010-06-04T04:00:00.000Z","year":2010,"description":"New 2 stroy sf residence with attached garage and porch only","metadescription":"EP. New. New 2 stroy sf residence with attached garage and porch only. Final. 4800 MONT BLANC DR","address":"4800 MONT BLANC DR","link":"https://abc.austintexas.gov/web/permit/public-search-other?t_detail=1&t_selected_folderrsn=10448669","tcad_id":"0125780501","location":"    (30.32258313, -97.99165501)","day_issued":"FRIDAY","project_id":"10448669","condominium":"No","status_date":"08/16/2010","jurisdiction":"BEE CAVE FULL PURPOSE","housing_units":"0","contractor_zip":"78691-____","contractor_city":"PFLUGERVILLE","issuance_method":"Permit Center","contractor_phone":"5128328900","contractor_trade":"Electrical Contractor","number_of_floors":"0","permit_type_desc":"Electrical Permit","fiscal_year_issued":"2010","total_new_add_sqft":"4,943","permit_class_mapped":"Residential","contractor_address_1":"PO BOX 3289","contractor_full_name":"Bryan Neal","issued_in_last_30_days":"No","certificate_of_occupancy":"No","property_legal_description":"LOT 191 BLK C FALCONHEAD WEST PHS 1 SEC 2 & PHS 2"},"geometry":{"type":"Point","coordinates":[-97.99165501,30.32258313]}},{"type":"Feature","properties":{"date":"2010-05-28T04:00:00.000Z","year":2010,"description":"New 2 Stry SF resid w/att garage porch and covered patio eud","metadescription":"EP. New. New 2 Stry SF resid w/att garage porch and covered patio eud. Final. 4337 VAIL DIVIDE","address":"4337 VAIL DIVIDE","link":"https://abc.austintexas.gov/web/permit/public-search-other?t_detail=1&t_selected_folderrsn=10445956","tcad_id":"0125760607","location":"    (30.32096239, -97.9813915)","day_issued":"FRIDAY","project_id":"10445956","condominium":"No","status_date":"09/14/2010","jurisdiction":"BEE CAVE FULL PURPOSE","housing_units":"1","contractor_zip":"78691-____","contractor_city":"PFLUGERVILLE","issuance_method":"Permit Center","contractor_phone":"5128328900","contractor_trade":"Electrical Contractor","number_of_floors":"2","permit_type_desc":"Electrical Permit","fiscal_year_issued":"2010","total_new_add_sqft":"5,462","permit_class_mapped":"Residential","contractor_address_1":"PO BOX 3289","contractor_full_name":"Bryan Neal","issued_in_last_30_days":"No","certificate_of_occupancy":"No","property_legal_description":"LOT 99 BLK A FALCONHEAD WEST PHS 1 SEC 2 & PHS 2"},"geometry":{"type":"Point","coordinates":[-97.9813915,30.32096239]}},{"type":"Feature","properties":{"date":"2010-05-26T04:00:00.000Z","year":2010,"description":"New sf residence with attached garage and porch only EUD","metadescription":"EP. New. New sf residence with attached garage and porch only EUD. Final. 4808 PYRENEES PASS","address":"4808 PYRENEES PASS","link":"https://abc.austintexas.gov/web/permit/public-search-other?t_detail=1&t_selected_folderrsn=10444394","tcad_id":"0125780325","location":"    (30.32212683, -97.98956111)","day_issued":"WEDNESDAY","project_id":"10444394","condominium":"No","status_date":"08/30/2010","jurisdiction":"BEE CAVE FULL PURPOSE","housing_units":"1","contractor_zip":"78691-____","contractor_city":"PFLUGERVILLE","issuance_method":"Permit Center","contractor_phone":"5128328900","contractor_trade":"Electrical Contractor","number_of_floors":"1","permit_type_desc":"Electrical Permit","fiscal_year_issued":"2010","total_new_add_sqft":"3,074","permit_class_mapped":"Residential","contractor_address_1":"PO BOX 3289","contractor_full_name":"Bryan Neal","issued_in_last_30_days":"No","certificate_of_occupancy":"No","property_legal_description":"LOT 6 BLK F FALCONHEAD WEST PHS 1 SEC 2 & PHS 2"},"geometry":{"type":"Point","coordinates":[-97.98956111,30.32212683]}},{"type":"Feature","properties":{"date":"2010-05-26T04:00:00.000Z","year":2010,"description":"New 2 stroy sf residence with attached garage and porch only EUD","metadescription":"EP. New. New 2 stroy sf residence with attached garage and porch only EUD. Final. 16016 ZAGROS WAY","address":"16016 ZAGROS WAY","link":"https://abc.austintexas.gov/web/permit/public-search-other?t_detail=1&t_selected_folderrsn=10444459","tcad_id":"0125780157","location":"    (30.32313278, -97.99148316)","day_issued":"WEDNESDAY","project_id":"10444459","condominium":"No","status_date":"09/03/2010","jurisdiction":"BEE CAVE FULL PURPOSE","housing_units":"1","contractor_zip":"78691-____","contractor_city":"PFLUGERVILLE","issuance_method":"Permit Center","contractor_phone":"5128328900","contractor_trade":"Electrical Contractor","number_of_floors":"2","permit_type_desc":"Electrical Permit","fiscal_year_issued":"2010","total_new_add_sqft":"3,685","permit_class_mapped":"Residential","contractor_address_1":"PO BOX 3289","contractor_full_name":"Bryan Neal","issued_in_last_30_days":"No","certificate_of_occupancy":"No","property_legal_description":"LOT 141 BLK C FALCONHEAD WEST PHS 1 SEC 2 & PHS 2"},"geometry":{"type":"Point","coordinates":[-97.99148316,30.32313278]}},{"type":"Feature","properties":{"date":"2010-05-24T04:00:00.000Z","year":2010,"description":"New SF residence w/attached garage & porch. Electrical service ony EUD.","metadescription":"EP. New. New SF residence w/attached garage & porch. Electrical service ony EUD.. Final. 4804 TAURUS WALK","address":"4804 TAURUS WALK","link":"https://abc.austintexas.gov/web/permit/public-search-other?t_detail=1&t_selected_folderrsn=10443270","tcad_id":"0125800147","location":"    (30.32401373, -97.9927362)","day_issued":"MONDAY","project_id":"10443270","condominium":"No","status_date":"08/23/2010","jurisdiction":"BEE CAVE FULL PURPOSE","housing_units":"1","contractor_zip":"78691-____","contractor_city":"PFLUGERVILLE","issuance_method":"Permit Center","contractor_phone":"5128328900","contractor_trade":"Electrical Contractor","number_of_floors":"1","permit_type_desc":"Electrical Permit","fiscal_year_issued":"2010","total_new_add_sqft":"3,307","permit_class_mapped":"Residential","contractor_address_1":"PO BOX 3289","contractor_full_name":"Bryan Neal","issued_in_last_30_days":"No","certificate_of_occupancy":"No","property_legal_description":"LOT 178 BLK C FALCONHEAD WEST PHS 1 SEC 2 & PHS 2"},"geometry":{"type":"Point","coordinates":[-97.9927362,30.32401373]}},{"type":"Feature","properties":{"date":"2010-05-24T04:00:00.000Z","year":2010,"description":"New 2 sty residence w/attahced garage & covd porch. Electrical service only. EUD.","metadescription":"EP. New. New 2 sty residence w/attahced garage & covd porch. Electrical service only. EUD.. Final. 16025 ZAGROS WAY","address":"16025 ZAGROS WAY","link":"https://abc.austintexas.gov/web/permit/public-search-other?t_detail=1&t_selected_folderrsn=10443264","tcad_id":"0125800157","location":"    (30.32322034, -97.99206118)","day_issued":"MONDAY","project_id":"10443264","condominium":"No","status_date":"10/07/2010","jurisdiction":"BEE CAVE FULL PURPOSE","housing_units":"1","contractor_zip":"78691-____","contractor_city":"PFLUGERVILLE","issuance_method":"Permit Center","contractor_phone":"5128328900","contractor_trade":"Electrical Contractor","number_of_floors":"2","permit_type_desc":"Electrical Permit","fiscal_year_issued":"2010","total_new_add_sqft":"3,733","permit_class_mapped":"Residential","contractor_address_1":"PO BOX 3289","contractor_full_name":"Bryan Neal","issued_in_last_30_days":"No","certificate_of_occupancy":"No","property_legal_description":"LOT 188 BLK C FALCONHEAD WEST PHS 1 SEC 2 & PHS 2"},"geometry":{"type":"Point","coordinates":[-97.99206118,30.32322034]}},{"type":"Feature","properties":{"date":"2010-05-24T04:00:00.000Z","year":2010,"description":"New 2 sty residence w/attached garage & porch. Electrical service only. EUD.","metadescription":"EP. New. New 2 sty residence w/attached garage & porch. Electrical service only. EUD.. Final. 4429 VAIL DIVIDE","address":"4429 VAIL DIVIDE","link":"https://abc.austintexas.gov/web/permit/public-search-other?t_detail=1&t_selected_folderrsn=10443252","tcad_id":"0123760114","location":"    (30.32050345, -97.98365979)","day_issued":"MONDAY","project_id":"10443252","condominium":"No","status_date":"09/03/2010","jurisdiction":"BEE CAVE FULL PURPOSE","housing_units":"1","contractor_zip":"78691-____","contractor_city":"PFLUGERVILLE","issuance_method":"Permit Center","contractor_phone":"5128328900","contractor_trade":"Electrical Contractor","number_of_floors":"2","permit_type_desc":"Electrical Permit","fiscal_year_issued":"2010","total_new_add_sqft":"5,629","permit_class_mapped":"Residential","contractor_address_1":"PO BOX 3289","contractor_full_name":"Bryan Neal","issued_in_last_30_days":"No","certificate_of_occupancy":"No","property_legal_description":"LOT 57 BLK A FALCONHEAD WEST PHS 1 SEC 2 & PHS 2"},"geometry":{"type":"Point","coordinates":[-97.98365979,30.32050345]}},{"type":"Feature","properties":{"date":"2010-05-19T04:00:00.000Z","year":2010,"description":"New sf residence with attached garage and porch only EUD","metadescription":"EP. New. New sf residence with attached garage and porch only EUD. Final. 16209 ZAGROS WAY","address":"16209 ZAGROS WAY","link":"https://abc.austintexas.gov/web/permit/public-search-other?t_detail=1&t_selected_folderrsn=10441304","tcad_id":"0125800137","location":"    (30.32568883, -97.99365299)","day_issued":"WEDNESDAY","project_id":"10441304","condominium":"No","status_date":"08/12/2010","jurisdiction":"BEE CAVE FULL PURPOSE","housing_units":"1","contractor_zip":"78691-____","contractor_city":"PFLUGERVILLE","issuance_method":"Permit Center","contractor_phone":"5128328900","contractor_trade":"Electrical Contractor","number_of_floors":"1","permit_type_desc":"Electrical Permit","fiscal_year_issued":"2010","total_new_add_sqft":"3,512","permit_class_mapped":"Residential","contractor_address_1":"PO BOX 3289","contractor_full_name":"Bryan Neal","issued_in_last_30_days":"No","certificate_of_occupancy":"No","property_legal_description":"LOT 168 BLK C FALCONHEAD WEST PHS 1 SEC 2 & PHS 2"},"geometry":{"type":"Point","coordinates":[-97.99365299,30.32568883]}},{"type":"Feature","properties":{"date":"2010-05-17T04:00:00.000Z","year":2010,"description":"New sf residence with attached garage and porch only EUD","metadescription":"EP. New. New sf residence with attached garage and porch only EUD. Final. 4712 PYRENEES PASS","address":"4712 PYRENEES PASS","link":"https://abc.austintexas.gov/web/permit/public-search-other?t_detail=1&t_selected_folderrsn=10403803","tcad_id":"0125780317","location":"    (30.32199431, -97.98878131)","day_issued":"MONDAY","project_id":"10403803","condominium":"No","status_date":"05/21/2010","jurisdiction":"BEE CAVE FULL PURPOSE","housing_units":"1","contractor_zip":"78691-____","contractor_city":"PFLUGERVILLE","issuance_method":"Permit Center","contractor_phone":"5128328900","contractor_trade":"Electrical Contractor","number_of_floors":"1","permit_type_desc":"Electrical Permit","fiscal_year_issued":"2010","total_new_add_sqft":"2,884","permit_class_mapped":"Residential","contractor_address_1":"PO BOX 3289","contractor_full_name":"Bryan Neal","issued_in_last_30_days":"No","certificate_of_occupancy":"No","property_legal_description":"LOT 16 BLK F FALCONHEAD WEST PHS 1 SEC 2 & PHS 2"},"geometry":{"type":"Point","coordinates":[-97.98878131,30.32199431]}},{"type":"Feature","properties":{"date":"2010-05-11T04:00:00.000Z","year":2010,"description":"New sf residence with attached garage and porch only EUD","metadescription":"EP. New. New sf residence with attached garage and porch only EUD. Final. 4308 VAIL DIVIDE","address":"4308 VAIL DIVIDE","link":"https://abc.austintexas.gov/web/permit/public-search-other?t_detail=1&t_selected_folderrsn=10438428","tcad_id":"0125760420","location":"    (30.32195289, -97.97991543)","day_issued":"TUESDAY","project_id":"10438428","condominium":"No","status_date":"08/26/2010","jurisdiction":"BEE CAVE FULL PURPOSE","housing_units":"1","contractor_zip":"78691-____","contractor_city":"PFLUGERVILLE","issuance_method":"Permit Center","contractor_phone":"5128328900","contractor_trade":"Electrical Contractor","number_of_floors":"2","permit_type_desc":"Electrical Permit","fiscal_year_issued":"2010","total_new_add_sqft":"5,629","permit_class_mapped":"Residential","contractor_address_1":"PO BOX 3289","contractor_full_name":"Bryan Neal","issued_in_last_30_days":"No","certificate_of_occupancy":"No","property_legal_description":"LOT 67 BLK C FALCONHEAD WEST PHS 1 SEC 2 & PHS 2"},"geometry":{"type":"Point","coordinates":[-97.97991543,30.32195289]}},{"type":"Feature","properties":{"date":"2010-05-11T04:00:00.000Z","year":2010,"description":"New sf residence with attached garage and porch only EUD","metadescription":"EP. New. New sf residence with attached garage and porch only EUD. Final. 15817 TETONS CT","address":"15817 TETONS CT","link":"https://abc.austintexas.gov/web/permit/public-search-other?t_detail=1&t_selected_folderrsn=10438427","tcad_id":"0125780320","location":"    (30.32259768, -97.98883956)","day_issued":"TUESDAY","project_id":"10438427","condominium":"No","status_date":"07/26/2010","jurisdiction":"BEE CAVE FULL PURPOSE","housing_units":"1","contractor_zip":"78691-____","contractor_city":"PFLUGERVILLE","issuance_method":"Permit Center","contractor_phone":"5128328900","contractor_trade":"Electrical Contractor","number_of_floors":"1","permit_type_desc":"Electrical Permit","fiscal_year_issued":"2010","total_new_add_sqft":"2,364","permit_class_mapped":"Residential","contractor_address_1":"PO BOX 3289","contractor_full_name":"Bryan Neal","issued_in_last_30_days":"No","certificate_of_occupancy":"No","property_legal_description":"LOT 12 BLK F FALCONHEAD WEST PHS 1 SEC 2 & PHS 2"},"geometry":{"type":"Point","coordinates":[-97.98883956,30.32259768]}},{"type":"Feature","properties":{"date":"2010-05-06T04:00:00.000Z","year":2010,"description":"New 2 sf residence with attached garage and porch only EUD","metadescription":"EP. New. New 2 sf residence with attached garage and porch only EUD. Final. 4213 HOOKBILLED KITE DR","address":"4213 HOOKBILLED KITE DR","link":"https://abc.austintexas.gov/web/permit/public-search-other?t_detail=1&t_selected_folderrsn=10435179","tcad_id":"0123730236","location":"    (30.32049203, -97.97360453)","day_issued":"THURSDAY","project_id":"10435179","condominium":"No","status_date":"08/05/2010","jurisdiction":"BEE CAVE FULL PURPOSE","housing_units":"1","contractor_zip":"78627","contractor_city":"Georgetown","issuance_method":"Permit Center","contractor_phone":"5126511025","contractor_trade":"Electrical Contractor","number_of_floors":"2","permit_type_desc":"Electrical Permit","fiscal_year_issued":"2010","total_new_add_sqft":"4,548","permit_class_mapped":"Residential","contractor_address_1":"P.O. Box 111","contractor_full_name":"Shaun Mcconathy","issued_in_last_30_days":"No","certificate_of_occupancy":"No","property_legal_description":"LOT 7 BLK J SPILLMAN RANCH PHS 2 SEC 1"},"geometry":{"type":"Point","coordinates":[-97.97360453,30.32049203]}},{"type":"Feature","properties":{"date":"2010-05-06T04:00:00.000Z","year":2010,"description":"New 2 sf residence with attached garage and porch only EUD","metadescription":"EP. New. New 2 sf residence with attached garage and porch only EUD. Final. 4312 BAT FALCON DR","address":"4312 BAT FALCON DR","link":"https://abc.austintexas.gov/web/permit/public-search-other?t_detail=1&t_selected_folderrsn=10435175","tcad_id":"0125760307","location":"    (30.32148225, -97.97705161)","day_issued":"THURSDAY","project_id":"10435175","condominium":"No","status_date":"07/21/2010","jurisdiction":"BEE CAVE FULL PURPOSE","housing_units":"1","contractor_zip":"78627","contractor_city":"Georgetown","issuance_method":"Permit Center","contractor_phone":"5126511025","contractor_trade":"Electrical Contractor","number_of_floors":"2","permit_type_desc":"Electrical Permit","fiscal_year_issued":"2010","total_new_add_sqft":"4,548","permit_class_mapped":"Residential","contractor_address_1":"P.O. Box 111","contractor_full_name":"Shaun Mcconathy","issued_in_last_30_days":"No","certificate_of_occupancy":"No","property_legal_description":"LOT 2 BLK L SPILLMAN RANCH PHS 3 & 4"},"geometry":{"type":"Point","coordinates":[-97.97705161,30.32148225]}},{"type":"Feature","properties":{"date":"2010-05-06T04:00:00.000Z","year":2010,"description":"New 2 sf residence with attached garage and porch only EUD","metadescription":"EP. New. New 2 sf residence with attached garage and porch only EUD. Final. 16104 SPILLMAN RANCH LOOP","address":"16104 SPILLMAN RANCH LOOP","link":"https://abc.austintexas.gov/web/permit/public-search-other?t_detail=1&t_selected_folderrsn=10435176","tcad_id":"0125730309","location":"    (30.32059605, -97.97298065)","day_issued":"THURSDAY","project_id":"10435176","condominium":"No","status_date":"07/30/2010","jurisdiction":"BEE CAVE FULL PURPOSE","housing_units":"1","contractor_zip":"78627","contractor_city":"Georgetown","issuance_method":"Permit Center","contractor_phone":"5126511025","contractor_trade":"Electrical Contractor","number_of_floors":"2","permit_type_desc":"Electrical Permit","fiscal_year_issued":"2010","total_new_add_sqft":"4,548","permit_class_mapped":"Residential","contractor_address_1":"P.O. Box 111","contractor_full_name":"Shaun Mcconathy","issued_in_last_30_days":"No","certificate_of_occupancy":"No","property_legal_description":"LOT 44 BLK J SPILLMAN RANCH PHS 2 SEC 1"},"geometry":{"type":"Point","coordinates":[-97.97298065,30.32059605]}},{"type":"Feature","properties":{"date":"2010-05-06T04:00:00.000Z","year":2010,"description":"New 2 sf residence with attached garage and porch only EUD","metadescription":"EP. New. New 2 sf residence with attached garage and porch only EUD. Final. 4712 SNAKE EAGLE CV","address":"4712 SNAKE EAGLE CV","link":"https://abc.austintexas.gov/web/permit/public-search-other?t_detail=1&t_selected_folderrsn=10435183","tcad_id":"0123730330","location":"    (30.31703241, -97.97645336)","day_issued":"THURSDAY","project_id":"10435183","condominium":"No","status_date":"08/12/2010","jurisdiction":"BEE CAVE FULL PURPOSE","housing_units":"1","contractor_zip":"78627","contractor_city":"Georgetown","issuance_method":"Permit Center","contractor_phone":"5126511025","contractor_trade":"Electrical Contractor","number_of_floors":"2","permit_type_desc":"Electrical Permit","fiscal_year_issued":"2010","total_new_add_sqft":"4,548","permit_class_mapped":"Residential","contractor_address_1":"P.O. Box 111","contractor_full_name":"Shaun Mcconathy","issued_in_last_30_days":"No","certificate_of_occupancy":"No","property_legal_description":"LOT 2 BLK N SPILLMAN RANCH PHS 3 & 4"},"geometry":{"type":"Point","coordinates":[-97.97645336,30.31703241]}},{"type":"Feature","properties":{"date":"2010-05-04T04:00:00.000Z","year":2010,"description":"New 2 stroy sf residence with attached garage and porch only EUD","metadescription":"EP. New. New 2 stroy sf residence with attached garage and porch only EUD. Final. 16233 ZAGROS WAY","address":"16233 ZAGROS WAY","link":"https://abc.austintexas.gov/web/permit/public-search-other?t_detail=1&t_selected_folderrsn=10434361","tcad_id":"0125800131","location":"    (30.32596779, -97.99492384)","day_issued":"TUESDAY","project_id":"10434361","condominium":"No","status_date":"08/26/2010","jurisdiction":"BEE CAVE FULL PURPOSE","housing_units":"1","contractor_zip":"78691-____","contractor_city":"PFLUGERVILLE","issuance_method":"Permit Center","contractor_phone":"5128328900","contractor_trade":"Electrical Contractor","number_of_floors":"2","permit_type_desc":"Electrical Permit","fiscal_year_issued":"2010","total_new_add_sqft":"4,551","permit_class_mapped":"Residential","contractor_address_1":"PO BOX 3289","contractor_full_name":"Bryan Neal","issued_in_last_30_days":"No","certificate_of_occupancy":"No","property_legal_description":"LOT 162 BLK C FALCONHEAD WEST PHS 1 SEC 2 & PHS 2"},"geometry":{"type":"Point","coordinates":[-97.99492384,30.32596779]}},{"type":"Feature","properties":{"date":"2010-05-04T04:00:00.000Z","year":2010,"description":"New 2 stroy sf residence with attached garage and porch only EUD","metadescription":"EP. New. New 2 stroy sf residence with attached garage and porch only EUD. Final. 4412 VAIL DIVIDE","address":"4412 VAIL DIVIDE","link":"https://abc.austintexas.gov/web/permit/public-search-other?t_detail=1&t_selected_folderrsn=10434389","tcad_id":"0125760437","location":"    (30.32101005, -97.98294052)","day_issued":"TUESDAY","project_id":"10434389","condominium":"No","status_date":"08/27/2010","jurisdiction":"BEE CAVE FULL PURPOSE","housing_units":"1","contractor_zip":"78691-____","contractor_city":"PFLUGERVILLE","issuance_method":"Permit Center","contractor_phone":"5128328900","contractor_trade":"Electrical Contractor","number_of_floors":"2","permit_type_desc":"Electrical Permit","fiscal_year_issued":"2010","total_new_add_sqft":"4,551","permit_class_mapped":"Residential","contractor_address_1":"PO BOX 3289","contractor_full_name":"Bryan Neal","issued_in_last_30_days":"No","certificate_of_occupancy":"No","property_legal_description":"LOT 84 BLK C FALCONHEAD WEST PHS 1 SEC 2 & PHS 2"},"geometry":{"type":"Point","coordinates":[-97.98294052,30.32101005]}},{"type":"Feature","properties":{"date":"2010-05-04T04:00:00.000Z","year":2010,"description":"New 2 stroy sf residence with attached garage and porch only EUD","metadescription":"EP. New. New 2 stroy sf residence with attached garage and porch only EUD. Final. 15812 TETONS CT","address":"15812 TETONS CT","link":"https://abc.austintexas.gov/web/permit/public-search-other?t_detail=1&t_selected_folderrsn=10434383","tcad_id":"0125780321","location":"    (30.32259195, -97.98912818)","day_issued":"TUESDAY","project_id":"10434383","condominium":"No","status_date":"08/09/2010","jurisdiction":"BEE CAVE FULL PURPOSE","housing_units":"1","contractor_zip":"78691-____","contractor_city":"PFLUGERVILLE","issuance_method":"Permit Center","contractor_phone":"5128328900","contractor_trade":"Electrical Contractor","number_of_floors":"2","permit_type_desc":"Electrical Permit","fiscal_year_issued":"2010","total_new_add_sqft":"4,551","permit_class_mapped":"Residential","contractor_address_1":"PO BOX 3289","contractor_full_name":"Bryan Neal","issued_in_last_30_days":"No","certificate_of_occupancy":"No","property_legal_description":"LOT 11 BLK F FALCONHEAD WEST PHS 1 SEC 2 & PHS 2"},"geometry":{"type":"Point","coordinates":[-97.98912818,30.32259195]}},{"type":"Feature","properties":{"date":"2010-04-26T04:00:00.000Z","year":2010,"description":"New sf residence with attached garage and porch only EUD","metadescription":"EP. New. New sf residence with attached garage and porch only EUD. Final. 15708 SPILLMAN RANCH LOOP","address":"15708 SPILLMAN RANCH LOOP","link":"https://abc.austintexas.gov/web/permit/public-search-other?t_detail=1&t_selected_folderrsn=10431074","tcad_id":"0125730220","location":"    (30.32337092, -97.97626366)","day_issued":"MONDAY","project_id":"10431074","condominium":"No","status_date":"07/23/2010","jurisdiction":"BEE CAVE FULL PURPOSE","housing_units":"1","contractor_zip":"78691-____","contractor_city":"PFLUGERVILLE","issuance_method":"Permit Center","contractor_phone":"5128328900","contractor_trade":"Electrical Contractor","number_of_floors":"1","permit_type_desc":"Electrical Permit","fiscal_year_issued":"2010","total_new_add_sqft":"4,268","permit_class_mapped":"Residential","contractor_address_1":"PO BOX 3289","contractor_full_name":"Bryan Neal","issued_in_last_30_days":"No","certificate_of_occupancy":"No","property_legal_description":"LOT 25 BLK K SPILLMAN RANCH PHS 3 & 4"},"geometry":{"type":"Point","coordinates":[-97.97626366,30.32337092]}},{"type":"Feature","properties":{"date":"2010-04-19T04:00:00.000Z","year":2010,"description":"New sf residence with attached garage and porch only EUD","metadescription":"EP. New. New sf residence with attached garage and porch only EUD. Final. 4805 PYRENEES PASS","address":"4805 PYRENEES PASS","link":"https://abc.austintexas.gov/web/permit/public-search-other?t_detail=1&t_selected_folderrsn=10427737","tcad_id":"0125780434","location":"    (30.3216176, -97.98938644)","day_issued":"MONDAY","project_id":"10427737","condominium":"No","status_date":"07/08/2010","jurisdiction":"BEE CAVE FULL PURPOSE","housing_units":"1","contractor_zip":"78691-____","contractor_city":"PFLUGERVILLE","issuance_method":"Permit Center","contractor_phone":"5128328900","contractor_trade":"Electrical Contractor","number_of_floors":"1","permit_type_desc":"Electrical Permit","fiscal_year_issued":"2010","total_new_add_sqft":"2,884","permit_class_mapped":"Residential","contractor_address_1":"PO BOX 3289","contractor_full_name":"Bryan Neal","issued_in_last_30_days":"No","certificate_of_occupancy":"No","property_legal_description":"LOT 20 BLK A FALCONHEAD WEST PHS 1 SEC 2 & PHS 2"},"geometry":{"type":"Point","coordinates":[-97.98938644,30.3216176]}},{"type":"Feature","properties":{"date":"2010-04-19T04:00:00.000Z","year":2010,"description":"New sf residence with attached garage and porch only EUD","metadescription":"EP. New. New sf residence with attached garage and porch only EUD. Final. 4408 VAIL DIVIDE","address":"4408 VAIL DIVIDE","link":"https://abc.austintexas.gov/web/permit/public-search-other?t_detail=1&t_selected_folderrsn=10427741","tcad_id":"0125760436","location":"    (30.32107899, -97.98265036)","day_issued":"MONDAY","project_id":"10427741","condominium":"No","status_date":"07/09/2010","jurisdiction":"BEE CAVE FULL PURPOSE","housing_units":"1","contractor_zip":"78691-____","contractor_city":"PFLUGERVILLE","issuance_method":"Permit Center","contractor_phone":"5128328900","contractor_trade":"Electrical Contractor","number_of_floors":"2","permit_type_desc":"Electrical Permit","fiscal_year_issued":"2010","total_new_add_sqft":"5,629","permit_class_mapped":"Residential","contractor_address_1":"PO BOX 3289","contractor_full_name":"Bryan Neal","issued_in_last_30_days":"No","certificate_of_occupancy":"No","property_legal_description":"LOT 83 BLK C FALCONHEAD WEST PHS 1 SEC 2 & PHS 2"},"geometry":{"type":"Point","coordinates":[-97.98265036,30.32107899]}},{"type":"Feature","properties":{"date":"2010-04-07T04:00:00.000Z","year":2010,"description":"New sf residence with attached garage and porch only --EUD","metadescription":"EP. New. New sf residence with attached garage and porch only --EUD. Final. 4401 VAIL DIVIDE","address":"4401 VAIL DIVIDE","link":"https://abc.austintexas.gov/web/permit/public-search-other?t_detail=1&t_selected_folderrsn=10423537","tcad_id":"0125760502","location":"    (30.32081864, -97.98180078)","day_issued":"WEDNESDAY","project_id":"10423537","condominium":"No","status_date":"08/05/2010","jurisdiction":"BEE CAVE FULL PURPOSE","housing_units":"1","contractor_zip":"78691-____","contractor_city":"PFLUGERVILLE","issuance_method":"Permit Center","contractor_phone":"5128328900","contractor_trade":"Electrical Contractor","number_of_floors":"1","permit_type_desc":"Electrical Permit","fiscal_year_issued":"2010","total_new_add_sqft":"5,211","permit_class_mapped":"Residential","contractor_address_1":"PO BOX 3289","contractor_full_name":"Bryan Neal","issued_in_last_30_days":"No","certificate_of_occupancy":"No","property_legal_description":"LOT 64 BLK A FALCONHEAD WEST PHS 1 SEC 2 & PHS 2"},"geometry":{"type":"Point","coordinates":[-97.98180078,30.32081864]}},{"type":"Feature","properties":{"date":"2010-04-07T04:00:00.000Z","year":2010,"description":"New sf residence with attached garage and porch only --EUD","metadescription":"EP. New. New sf residence with attached garage and porch only --EUD. Final. 4733 MONT BLANC DR","address":"4733 MONT BLANC DR","link":"https://abc.austintexas.gov/web/permit/public-search-other?t_detail=1&t_selected_folderrsn=10423533","tcad_id":"0125780220","location":"    (30.32234503, -97.99096653)","day_issued":"WEDNESDAY","project_id":"10423533","condominium":"No","status_date":"06/10/2010","jurisdiction":"BEE CAVE FULL PURPOSE","housing_units":"1","contractor_zip":"78691-____","contractor_city":"PFLUGERVILLE","issuance_method":"Permit Center","contractor_phone":"5128328900","contractor_trade":"Electrical Contractor","number_of_floors":"1","permit_type_desc":"Electrical Permit","fiscal_year_issued":"2010","total_new_add_sqft":"5,211","permit_class_mapped":"Residential","contractor_address_1":"PO BOX 3289","contractor_full_name":"Bryan Neal","issued_in_last_30_days":"No","certificate_of_occupancy":"No","property_legal_description":"LOT 1 BLK G FALCONHEAD WEST PHS 1 SEC 2 & PHS 2"},"geometry":{"type":"Point","coordinates":[-97.99096653,30.32234503]}},{"type":"Feature","properties":{"date":"2010-04-07T04:00:00.000Z","year":2010,"description":"New sf residence with attached garage and porch only EUD","metadescription":"EP. New. New sf residence with attached garage and porch only EUD. Final. 15604 PONTIC PASS","address":"15604 PONTIC PASS","link":"https://abc.austintexas.gov/web/permit/public-search-other?t_detail=1&t_selected_folderrsn=10423631","tcad_id":"0125780305","location":"    (30.32181712, -97.98721323)","day_issued":"WEDNESDAY","project_id":"10423631","condominium":"No","status_date":"07/21/2010","jurisdiction":"BEE CAVE FULL PURPOSE","housing_units":"1","contractor_zip":"78691-____","contractor_city":"PFLUGERVILLE","issuance_method":"Permit Center","contractor_phone":"5128328900","contractor_trade":"Electrical Contractor","number_of_floors":"1","permit_type_desc":"Electrical Permit","fiscal_year_issued":"2010","total_new_add_sqft":"3,074","permit_class_mapped":"Residential","contractor_address_1":"PO BOX 3289","contractor_full_name":"Bryan Neal","issued_in_last_30_days":"No","certificate_of_occupancy":"No","property_legal_description":"LOT 28 BLK F FALCONHEAD WEST PHS 1 SEC 1"},"geometry":{"type":"Point","coordinates":[-97.98721323,30.32181712]}},{"type":"Feature","properties":{"date":"2010-04-01T04:00:00.000Z","year":2010,"description":"New stroy sf residence with attached garage and porch only EUD","metadescription":"EP. New. New stroy sf residence with attached garage and porch only EUD. Final. 16012 ZAGROS WAY","address":"16012 ZAGROS WAY","link":"https://abc.austintexas.gov/web/permit/public-search-other?t_detail=1&t_selected_folderrsn=10420552","tcad_id":"0125780156","location":"    (30.32297354, -97.99134754)","day_issued":"THURSDAY","project_id":"10420552","condominium":"No","status_date":"06/24/2010","jurisdiction":"BEE CAVE FULL PURPOSE","housing_units":"1","contractor_zip":"78691-____","contractor_city":"PFLUGERVILLE","issuance_method":"Permit Center","contractor_phone":"5128328900","contractor_trade":"Electrical Contractor","number_of_floors":"2","permit_type_desc":"Electrical Permit","fiscal_year_issued":"2010","total_new_add_sqft":"3,972","permit_class_mapped":"Residential","contractor_address_1":"PO BOX 3289","contractor_full_name":"Bryan Neal","issued_in_last_30_days":"No","certificate_of_occupancy":"No","property_legal_description":"LOT 140 BLK C FALCONHEAD WEST PHS 1 SEC 2 & PHS 2"},"geometry":{"type":"Point","coordinates":[-97.99134754,30.32297354]}},{"type":"Feature","properties":{"date":"2010-04-01T04:00:00.000Z","year":2010,"description":"New stroy sf residence with attached garage and porch only EUD","metadescription":"EP. New. New stroy sf residence with attached garage and porch only EUD. Final. 4625 MONT BLANC DR","address":"4625 MONT BLANC DR","link":"https://abc.austintexas.gov/web/permit/public-search-other?t_detail=1&t_selected_folderrsn=10420573","tcad_id":"0125780213","location":"    (30.32320897, -97.98797827)","day_issued":"THURSDAY","project_id":"10420573","condominium":"No","status_date":"07/21/2010","jurisdiction":"BEE CAVE FULL PURPOSE","housing_units":"1","contractor_zip":"78691-____","contractor_city":"PFLUGERVILLE","issuance_method":"Permit Center","contractor_phone":"5128328900","contractor_trade":"Electrical Contractor","number_of_floors":"2","permit_type_desc":"Electrical Permit","fiscal_year_issued":"2010","total_new_add_sqft":"3,972","permit_class_mapped":"Residential","contractor_address_1":"PO BOX 3289","contractor_full_name":"Bryan Neal","issued_in_last_30_days":"No","certificate_of_occupancy":"No","property_legal_description":"LOT 15 BLK G FALCONHEAD WEST PHS 1 SEC 1"},"geometry":{"type":"Point","coordinates":[-97.98797827,30.32320897]}},{"type":"Feature","properties":{"date":"2010-04-01T04:00:00.000Z","year":2010,"description":"New stroy sf residence with attached garage and porch only EUD","metadescription":"EP. New. New stroy sf residence with attached garage and porch only EUD. Final. 4813 MONT BLANC DR","address":"4813 MONT BLANC DR","link":"https://abc.austintexas.gov/web/permit/public-search-other?t_detail=1&t_selected_folderrsn=10420575","tcad_id":"0125800164","location":"    (30.32190563, -97.99205504)","day_issued":"THURSDAY","project_id":"10420575","condominium":"No","status_date":"08/03/2010","jurisdiction":"BEE CAVE FULL PURPOSE","housing_units":"1","contractor_zip":"78691-____","contractor_city":"PFLUGERVILLE","issuance_method":"Permit Center","contractor_phone":"5128328900","contractor_trade":"Electrical Contractor","number_of_floors":"2","permit_type_desc":"Electrical Permit","fiscal_year_issued":"2010","total_new_add_sqft":"3,972","permit_class_mapped":"Residential","contractor_address_1":"PO BOX 3289","contractor_full_name":"Bryan Neal","issued_in_last_30_days":"No","certificate_of_occupancy":"No","property_legal_description":"LOT 196 BLK C FALCONHEAD WEST PHS 1 SEC 2 & PHS 2"},"geometry":{"type":"Point","coordinates":[-97.99205504,30.32190563]}},{"type":"Feature","properties":{"date":"2010-03-24T04:00:00.000Z","year":2010,"description":"New sf residence with attached garage and porch only EUD","metadescription":"EP. New. New sf residence with attached garage and porch only EUD. Final. 4817 TAURUS WALK","address":"4817 TAURUS WALK","link":"https://abc.austintexas.gov/web/permit/public-search-other?t_detail=1&t_selected_folderrsn=10416968","tcad_id":"0125800151","location":"    (30.32349323, -97.99330044)","day_issued":"WEDNESDAY","project_id":"10416968","condominium":"No","status_date":"07/02/2010","jurisdiction":"BEE CAVE FULL PURPOSE","housing_units":"1","contractor_zip":"78691-____","contractor_city":"PFLUGERVILLE","issuance_method":"Permit Center","contractor_phone":"5128328900","contractor_trade":"Electrical Contractor","number_of_floors":"1","permit_type_desc":"Electrical Permit","fiscal_year_issued":"2010","total_new_add_sqft":"3,307","permit_class_mapped":"Residential","contractor_address_1":"PO BOX 3289","contractor_full_name":"Bryan Neal","issued_in_last_30_days":"No","certificate_of_occupancy":"No","property_legal_description":"LOT 182 BLK C FALCONHEAD WEST PHS 1 SEC 2 & PHS 2"},"geometry":{"type":"Point","coordinates":[-97.99330044,30.32349323]}},{"type":"Feature","properties":{"date":"2010-03-24T04:00:00.000Z","year":2010,"description":"New sf residence with attached garage and porch only EDU","metadescription":"EP. New. New sf residence with attached garage and porch only EDU. Final. 16221 ZAGROS WAY","address":"16221 ZAGROS WAY","link":"https://abc.austintexas.gov/web/permit/public-search-other?t_detail=1&t_selected_folderrsn=10417046","tcad_id":"0125800134","location":"    (30.32567331, -97.99430961)","day_issued":"WEDNESDAY","project_id":"10417046","condominium":"No","status_date":"07/16/2010","jurisdiction":"BEE CAVE FULL PURPOSE","housing_units":"1","contractor_zip":"78691-____","contractor_city":"PFLUGERVILLE","issuance_method":"Permit Center","contractor_phone":"5128328900","contractor_trade":"Electrical Contractor","number_of_floors":"2","permit_type_desc":"Electrical Permit","fiscal_year_issued":"2010","total_new_add_sqft":"5,211","permit_class_mapped":"Residential","contractor_address_1":"PO BOX 3289","contractor_full_name":"Bryan Neal","issued_in_last_30_days":"No","certificate_of_occupancy":"No","property_legal_description":"LOT 165 BLK C FALCONHEAD WEST PHS 1 SEC 2 & PHS 2","electrical_valuation_remodel":"$0.00"},"geometry":{"type":"Point","coordinates":[-97.99430961,30.32567331]}},{"type":"Feature","properties":{"date":"2010-03-24T04:00:00.000Z","year":2010,"description":"New sf residence with attached garage and porch only EUD","metadescription":"EP. New. New sf residence with attached garage and porch only EUD. Final. 4629 MONT BLANC DR","address":"4629 MONT BLANC DR","link":"https://abc.austintexas.gov/web/permit/public-search-other?t_detail=1&t_selected_folderrsn=10416960","tcad_id":"0125780212","location":"    (30.32326338, -97.98824641)","day_issued":"WEDNESDAY","project_id":"10416960","condominium":"No","status_date":"07/07/2010","jurisdiction":"BEE CAVE FULL PURPOSE","housing_units":"1","contractor_zip":"78691-____","contractor_city":"PFLUGERVILLE","issuance_method":"Permit Center","contractor_phone":"5128328900","contractor_trade":"Electrical Contractor","number_of_floors":"1","permit_type_desc":"Electrical Permit","fiscal_year_issued":"2010","total_new_add_sqft":"3,010","permit_class_mapped":"Residential","contractor_address_1":"PO BOX 3289","contractor_full_name":"Bryan Neal","issued_in_last_30_days":"No","certificate_of_occupancy":"No","property_legal_description":"LOT 14 BLK G FALCONHEAD WEST PHS 1 SEC 1"},"geometry":{"type":"Point","coordinates":[-97.98824641,30.32326338]}},{"type":"Feature","properties":{"date":"2010-03-24T04:00:00.000Z","year":2010,"description":"New 2 sf residence with attached garage and porch only EUD","metadescription":"EP. New. New 2 sf residence with attached garage and porch only EUD. Final. 4405 VAIL DIVIDE","address":"4405 VAIL DIVIDE","link":"https://abc.austintexas.gov/web/permit/public-search-other?t_detail=1&t_selected_folderrsn=10416966","tcad_id":"0125760501","location":"    (30.32073544, -97.98206276)","day_issued":"WEDNESDAY","project_id":"10416966","condominium":"No","status_date":"07/23/2010","jurisdiction":"BEE CAVE FULL PURPOSE","housing_units":"1","contractor_zip":"78691-____","contractor_city":"PFLUGERVILLE","issuance_method":"Permit Center","contractor_phone":"5128328900","contractor_trade":"Electrical Contractor","number_of_floors":"2","permit_type_desc":"Electrical Permit","fiscal_year_issued":"2010","total_new_add_sqft":"4,555","permit_class_mapped":"Residential","contractor_address_1":"PO BOX 3289","contractor_full_name":"Bryan Neal","issued_in_last_30_days":"No","certificate_of_occupancy":"No","property_legal_description":"LOT 63 BLK A FALCONHEAD WEST PHS 1 SEC 2 & PHS 2"},"geometry":{"type":"Point","coordinates":[-97.98206276,30.32073544]}},{"type":"Feature","properties":{"date":"2010-03-24T04:00:00.000Z","year":2010,"description":"New 2 sf residence with attached garage and porch only EUD","metadescription":"EP. New. New 2 sf residence with attached garage and porch only EUD. Final. 4433 VAIL DIVIDE","address":"4433 VAIL DIVIDE","link":"https://abc.austintexas.gov/web/permit/public-search-other?t_detail=1&t_selected_folderrsn=10416963","tcad_id":"0123760113","location":"    (30.32061571, -97.98393286)","day_issued":"WEDNESDAY","project_id":"10416963","condominium":"No","status_date":"07/28/2010","jurisdiction":"BEE CAVE FULL PURPOSE","housing_units":"1","contractor_zip":"78691-____","contractor_city":"PFLUGERVILLE","issuance_method":"Permit Center","contractor_phone":"5128328900","contractor_trade":"Electrical Contractor","number_of_floors":"2","permit_type_desc":"Electrical Permit","fiscal_year_issued":"2010","total_new_add_sqft":"4,766","permit_class_mapped":"Residential","contractor_address_1":"PO BOX 3289","contractor_full_name":"Bryan Neal","issued_in_last_30_days":"No","certificate_of_occupancy":"No","property_legal_description":"LOT 56 BLK A FALCONHEAD WEST PHS 1 SEC 2 & PHS 2"},"geometry":{"type":"Point","coordinates":[-97.98393286,30.32061571]}},{"type":"Feature","properties":{"date":"2010-03-19T04:00:00.000Z","year":2010,"description":"New 2 stroy sf residence with attached garage and porch only EUD","metadescription":"EP. New. New 2 stroy sf residence with attached garage and porch only EUD. Final. 15413 SWISS ALPS CT","address":"15413 SWISS ALPS CT","link":"https://abc.austintexas.gov/web/permit/public-search-other?t_detail=1&t_selected_folderrsn=10413926","tcad_id":"0125760431","location":"    (30.32187716, -97.98238365)","day_issued":"FRIDAY","project_id":"10413926","condominium":"No","status_date":"07/21/2010","jurisdiction":"BEE CAVE FULL PURPOSE","housing_units":"1","contractor_zip":"78691-____","contractor_city":"PFLUGERVILLE","issuance_method":"Permit Center","contractor_phone":"5128328900","contractor_trade":"Electrical Contractor","number_of_floors":"2","permit_type_desc":"Electrical Permit","fiscal_year_issued":"2010","total_new_add_sqft":"5,629","permit_class_mapped":"Residential","contractor_address_1":"PO BOX 3289","contractor_full_name":"Bryan Neal","issued_in_last_30_days":"No","certificate_of_occupancy":"No","property_legal_description":"LOT 78 BLK C FALCONHEAD WEST PHS 1 SEC 2 & PHS 2"},"geometry":{"type":"Point","coordinates":[-97.98238365,30.32187716]}},{"type":"Feature","properties":{"date":"2010-03-17T04:00:00.000Z","year":2010,"description":"New sf residence with attached garage and porch only EUD","metadescription":"EP. New. New sf residence with attached garage and porch only EUD. Final. 15104 SPILLMAN RANCH LOOP","address":"15104 SPILLMAN RANCH LOOP","link":"https://abc.austintexas.gov/web/permit/public-search-other?t_detail=1&t_selected_folderrsn=10413093","tcad_id":"0123730504","location":"    (30.31824318, -97.97649036)","day_issued":"WEDNESDAY","project_id":"10413093","condominium":"No","status_date":"06/30/2010","jurisdiction":"BEE CAVE FULL PURPOSE","housing_units":"1","contractor_zip":"78627","contractor_city":"Georgetown","issuance_method":"Permit Center","contractor_phone":"5126511025","contractor_trade":"Electrical Contractor","number_of_floors":"1","permit_type_desc":"Electrical Permit","fiscal_year_issued":"2010","total_new_add_sqft":"3,397","permit_class_mapped":"Residential","contractor_address_1":"P.O. Box 111","contractor_full_name":"Shaun Mcconathy","issued_in_last_30_days":"No","certificate_of_occupancy":"No","property_legal_description":"LOT 22 BLK L SPILLMAN RANCH PHS 3 & 4"},"geometry":{"type":"Point","coordinates":[-97.97649036,30.31824318]}},{"type":"Feature","properties":{"date":"2010-03-17T04:00:00.000Z","year":2010,"description":"New sf residence with attached garage and porch only EUD","metadescription":"EP. New. New sf residence with attached garage and porch only EUD. Final. 15108 SPILLMAN RANCH LOOP","address":"15108 SPILLMAN RANCH LOOP","link":"https://abc.austintexas.gov/web/permit/public-search-other?t_detail=1&t_selected_folderrsn=10413092","tcad_id":"0123760214","location":"    (30.31816479, -97.97671417)","day_issued":"WEDNESDAY","project_id":"10413092","condominium":"No","status_date":"07/12/2010","jurisdiction":"BEE CAVE FULL PURPOSE","housing_units":"1","contractor_zip":"78627","contractor_city":"Georgetown","issuance_method":"Permit Center","contractor_phone":"5126511025","contractor_trade":"Electrical Contractor","number_of_floors":"1","permit_type_desc":"Electrical Permit","fiscal_year_issued":"2010","total_new_add_sqft":"3,397","permit_class_mapped":"Residential","contractor_address_1":"P.O. Box 111","contractor_full_name":"Shaun Mcconathy","issued_in_last_30_days":"No","certificate_of_occupancy":"No","property_legal_description":"LOT 23 BLK L SPILLMAN RANCH PHS 3 & 4"},"geometry":{"type":"Point","coordinates":[-97.97671417,30.31816479]}},{"type":"Feature","properties":{"date":"2010-03-05T05:00:00.000Z","year":2010,"description":"New sf residence with attached garage and porch only EUD","metadescription":"EP. New. New sf residence with attached garage and porch only EUD. Final. 15813 TETONS CT","address":"15813 TETONS CT","link":"https://abc.austintexas.gov/web/permit/public-search-other?t_detail=1&t_selected_folderrsn=10408527","tcad_id":"0125780319","location":"    (30.32249723, -97.98861058)","day_issued":"FRIDAY","project_id":"10408527","condominium":"No","status_date":"05/12/2010","jurisdiction":"BEE CAVE FULL PURPOSE","housing_units":"1","contractor_zip":"78691-____","contractor_city":"PFLUGERVILLE","issuance_method":"Permit Center","contractor_phone":"5128328900","contractor_trade":"Electrical Contractor","number_of_floors":"1","permit_type_desc":"Electrical Permit","fiscal_year_issued":"2010","total_new_add_sqft":"3,307","permit_class_mapped":"Residential","contractor_address_1":"PO BOX 3289","contractor_full_name":"Bryan Neal","issued_in_last_30_days":"No","certificate_of_occupancy":"No","property_legal_description":"LOT 14 BLK F FALCONHEAD WEST PHS 1 SEC 2 & PHS 2"},"geometry":{"type":"Point","coordinates":[-97.98861058,30.32249723]}},{"type":"Feature","properties":{"date":"2010-03-02T05:00:00.000Z","year":2010,"description":"New 2 stroy sf residence with attached garage and porch only EUD","metadescription":"EP. New. New 2 stroy sf residence with attached garage and porch only EUD. Final. 16204 ZAGROS WAY","address":"16204 ZAGROS WAY","link":"https://abc.austintexas.gov/web/permit/public-search-other?t_detail=1&t_selected_folderrsn=10406419","tcad_id":"0125800123","location":"    (30.32584661, -97.99295487)","day_issued":"TUESDAY","project_id":"10406419","condominium":"No","status_date":"05/28/2010","jurisdiction":"BEE CAVE FULL PURPOSE","housing_units":"1","contractor_zip":"78691-____","contractor_city":"PFLUGERVILLE","issuance_method":"Permit Center","contractor_phone":"5128328900","contractor_trade":"Electrical Contractor","number_of_floors":"2","permit_type_desc":"Electrical Permit","fiscal_year_issued":"2010","total_new_add_sqft":"5,280","permit_class_mapped":"Residential","contractor_address_1":"PO BOX 3289","contractor_full_name":"Bryan Neal","issued_in_last_30_days":"No","certificate_of_occupancy":"No","property_legal_description":"LOT 154 BLK C FALCONHEAD WEST PHS 1 SEC 2 & PHS 2"},"geometry":{"type":"Point","coordinates":[-97.99295487,30.32584661]}},{"type":"Feature","properties":{"date":"2010-03-01T05:00:00.000Z","year":2010,"description":"New 2 stroy sf residence with attached garage and porch only EUD","metadescription":"EP. New. New 2 stroy sf residence with attached garage and porch only EUD. Final. 3913 SUGARLOAF DR","address":"3913 SUGARLOAF DR","link":"https://abc.austintexas.gov/web/permit/public-search-other?t_detail=1&t_selected_folderrsn=10405588","tcad_id":"0123700119","location":"    (30.31733503, -97.96556338)","day_issued":"MONDAY","project_id":"10405588","condominium":"No","status_date":"08/12/2010","jurisdiction":"BEE CAVE FULL PURPOSE","housing_units":"1","contractor_zip":"78742","contractor_city":"Austin","issuance_method":"Permit Center","contractor_phone":"5123858831","contractor_trade":"Electrical Contractor","number_of_floors":"2","permit_type_desc":"Electrical Permit","fiscal_year_issued":"2010","total_new_add_sqft":"4,000","permit_class_mapped":"Residential","contractor_address_1":"414 THOMPSON","contractor_address_2":"AUSTIN TX  7","contractor_full_name":"Fred Hoskins","issued_in_last_30_days":"No","certificate_of_occupancy":"No","property_legal_description":"LOT 22 BLK C SPILLMAN RANCH PHS 1 SEC 2"},"geometry":{"type":"Point","coordinates":[-97.96556338,30.31733503]}},{"type":"Feature","properties":{"date":"2010-02-25T05:00:00.000Z","year":2010,"description":"New 2 story sf residence with attached garage and porch only EUD","metadescription":"EP. New. New 2 story sf residence with attached garage and porch only EUD. Final. 15608 PONTIC PASS","address":"15608 PONTIC PASS","link":"https://abc.austintexas.gov/web/permit/public-search-other?t_detail=1&t_selected_folderrsn=10404824","tcad_id":"0125780304","location":"    (30.32199482, -97.98715501)","day_issued":"THURSDAY","project_id":"10404824","condominium":"No","status_date":"06/16/2010","jurisdiction":"BEE CAVE FULL PURPOSE","housing_units":"1","contractor_zip":"78691-____","contractor_city":"PFLUGERVILLE","issuance_method":"Permit Center","contractor_phone":"5128328900","contractor_trade":"Electrical Contractor","number_of_floors":"2","permit_type_desc":"Electrical Permit","fiscal_year_issued":"2010","total_new_add_sqft":"3,307","permit_class_mapped":"Residential","contractor_address_1":"PO BOX 3289","contractor_full_name":"Bryan Neal","issued_in_last_30_days":"No","certificate_of_occupancy":"No","property_legal_description":"LOT 29 BLK F FALCONHEAD WEST PHS 1 SEC 1"},"geometry":{"type":"Point","coordinates":[-97.98715501,30.32199482]}},{"type":"Feature","properties":{"date":"2010-02-25T05:00:00.000Z","year":2010,"description":"New 2 story sf residence with attached garage and porch only EUD","metadescription":"EP. New. New 2 story sf residence with attached garage and porch only EUD. Final. 16208 ZAGROS WAY","address":"16208 ZAGROS WAY","link":"https://abc.austintexas.gov/web/permit/public-search-other?t_detail=1&t_selected_folderrsn=10404822","tcad_id":"0125800124","location":"    (30.3259908, -97.99317012)","day_issued":"THURSDAY","project_id":"10404822","condominium":"No","status_date":"05/28/2010","jurisdiction":"BEE CAVE FULL PURPOSE","housing_units":"1","contractor_zip":"78691-____","contractor_city":"PFLUGERVILLE","issuance_method":"Permit Center","contractor_phone":"5128328900","contractor_trade":"Electrical Contractor","number_of_floors":"2","permit_type_desc":"Electrical Permit","fiscal_year_issued":"2010","total_new_add_sqft":"2,539","permit_class_mapped":"Residential","contractor_address_1":"PO BOX 3289","contractor_full_name":"Bryan Neal","issued_in_last_30_days":"No","certificate_of_occupancy":"No","property_legal_description":"LOT 155 BLK C FALCONHEAD WEST PHS 1 SEC 2 & PHS 2"},"geometry":{"type":"Point","coordinates":[-97.99317012,30.3259908]}},{"type":"Feature","properties":{"date":"2010-02-24T05:00:00.000Z","year":2010,"description":"New 2 stroy sf residence with attached garage and porch only EUD","metadescription":"EP. New. New 2 stroy sf residence with attached garage and porch only EUD. Final. 16220 ZAGROS WAY","address":"16220 ZAGROS WAY","link":"https://abc.austintexas.gov/web/permit/public-search-other?t_detail=1&t_selected_folderrsn=10403860","tcad_id":"0125800127","location":"    (30.32609493, -97.9939031)","day_issued":"WEDNESDAY","project_id":"10403860","condominium":"No","status_date":"06/24/2010","jurisdiction":"BEE CAVE FULL PURPOSE","housing_units":"1","contractor_zip":"78691-____","contractor_city":"PFLUGERVILLE","issuance_method":"Permit Center","contractor_phone":"5128328900","contractor_trade":"Electrical Contractor","number_of_floors":"2","permit_type_desc":"Electrical Permit","fiscal_year_issued":"2010","total_new_add_sqft":"4,766","permit_class_mapped":"Residential","contractor_address_1":"PO BOX 3289","contractor_full_name":"Bryan Neal","issued_in_last_30_days":"No","certificate_of_occupancy":"No","property_legal_description":"LOT 158 BLK C FALCONHEAD WEST PHS 1 SEC 2 & PHS 2"},"geometry":{"type":"Point","coordinates":[-97.9939031,30.32609493]}},{"type":"Feature","properties":{"date":"2010-02-19T05:00:00.000Z","year":2010,"description":"New sf residence with attached garage and porch only EUD","metadescription":"EP. New. New sf residence with attached garage and porch only EUD. Final. 4709 PYRENEES PASS","address":"4709 PYRENEES PASS","link":"https://abc.austintexas.gov/web/permit/public-search-other?t_detail=1&t_selected_folderrsn=10402568","tcad_id":"0125780438","location":"    (30.3215683, -97.98864583)","day_issued":"FRIDAY","project_id":"10402568","condominium":"No","status_date":"05/19/2010","jurisdiction":"BEE CAVE FULL PURPOSE","housing_units":"1","contractor_zip":"78691-____","contractor_city":"PFLUGERVILLE","issuance_method":"Permit Center","contractor_phone":"5128328900","contractor_trade":"Electrical Contractor","number_of_floors":"1","permit_type_desc":"Electrical Permit","fiscal_year_issued":"2010","total_new_add_sqft":"3,357","permit_class_mapped":"Residential","contractor_address_1":"PO BOX 3289","contractor_full_name":"Bryan Neal","issued_in_last_30_days":"No","certificate_of_occupancy":"No","property_legal_description":"LOT 24 BLK A FALCONHEAD WEST PHS 1 SEC 2 & PHS 2"},"geometry":{"type":"Point","coordinates":[-97.98864583,30.3215683]}},{"type":"Feature","properties":{"date":"2010-02-19T05:00:00.000Z","year":2010,"description":"New sf residence with attached garage and porch only EUD","metadescription":"EP. New. New sf residence with attached garage and porch only EUD. Final. 16028 ZAGROS WAY","address":"16028 ZAGROS WAY","link":"https://abc.austintexas.gov/web/permit/public-search-other?t_detail=1&t_selected_folderrsn=10402566","tcad_id":"0125780160","location":"    (30.32361787, -97.9918423)","day_issued":"FRIDAY","project_id":"10402566","condominium":"No","status_date":"05/28/2010","jurisdiction":"BEE CAVE FULL PURPOSE","housing_units":"1","contractor_zip":"78691-____","contractor_city":"PFLUGERVILLE","issuance_method":"Permit Center","contractor_phone":"5128328900","contractor_trade":"Electrical Contractor","number_of_floors":"1","permit_type_desc":"Electrical Permit","fiscal_year_issued":"2010","total_new_add_sqft":"2,884","permit_class_mapped":"Residential","contractor_address_1":"PO BOX 3289","contractor_full_name":"Bryan Neal","issued_in_last_30_days":"No","certificate_of_occupancy":"No","property_legal_description":"LOT 144 BLK C FALCONHEAD WEST PHS 1 SEC 2 & PHS 2"},"geometry":{"type":"Point","coordinates":[-97.9918423,30.32361787]}},{"type":"Feature","properties":{"date":"2010-02-19T05:00:00.000Z","year":2010,"description":"REF**2010-086122***New 2 stroy sf residence with attached garage and porch only EUD","metadescription":"EP. New. REF**2010-086122***New 2 stroy sf residence with attached garage and porch only EUD. VOID. 14601 HAMILTON POOL RD","address":"14601 HAMILTON POOL RD","link":"https://abc.austintexas.gov/web/permit/public-search-other?t_detail=1&t_selected_folderrsn=10402268","tcad_id":"0118770448","location":"    (30.30593396, -97.97145016)","day_issued":"FRIDAY","project_id":"10402268","condominium":"No","status_date":"10/07/2010","jurisdiction":"BEE CAVE FULL PURPOSE","housing_units":"1","contractor_zip":"78646","contractor_city":"LEANDER","issuance_method":"Permit Center","contractor_phone":"5125288935","contractor_trade":"Electrical Contractor","number_of_floors":"2","permit_type_desc":"Electrical Permit","fiscal_year_issued":"2010","total_new_add_sqft":"2,600","permit_class_mapped":"Residential","contractor_address_1":"P.O. BOX 890","contractor_address_2":"LEANDER TX","contractor_full_name":"Graeme Hair","issued_in_last_30_days":"No","certificate_of_occupancy":"No","property_legal_description":"LOT 14 MEADOWFOX ESTATES"},"geometry":{"type":"Point","coordinates":[-97.97145016,30.30593396]}},{"type":"Feature","properties":{"date":"2010-02-17T05:00:00.000Z","year":2010,"description":"New 2 stroy sf residence with attached garage and porch only EUD","metadescription":"EP. New. New 2 stroy sf residence with attached garage and porch only EUD. Final. 15808 TETONS CT","address":"15808 TETONS CT","link":"https://abc.austintexas.gov/web/permit/public-search-other?t_detail=1&t_selected_folderrsn=10401300","tcad_id":"0125780322","location":"    (30.32240418, -97.98923736)","day_issued":"WEDNESDAY","project_id":"10401300","condominium":"No","status_date":"05/28/2010","jurisdiction":"BEE CAVE FULL PURPOSE","housing_units":"1","contractor_zip":"78691-____","contractor_city":"PFLUGERVILLE","issuance_method":"Permit Center","contractor_phone":"5128328900","contractor_trade":"Electrical Contractor","number_of_floors":"2","permit_type_desc":"Electrical Permit","fiscal_year_issued":"2010","total_new_add_sqft":"4,578","permit_class_mapped":"Residential","contractor_address_1":"PO BOX 3289","contractor_full_name":"Bryan Neal","issued_in_last_30_days":"No","certificate_of_occupancy":"No","property_legal_description":"LOT 10 BLK F FALCONHEAD WEST PHS 1 SEC 2 & PHS 2"},"geometry":{"type":"Point","coordinates":[-97.98923736,30.32240418]}},{"type":"Feature","properties":{"date":"2010-02-16T05:00:00.000Z","year":2010,"description":"New sf residence with attached garage and porch only EUD","metadescription":"EP. New. New sf residence with attached garage and porch only EUD. Final. 15209 BAT HAWK CIR","address":"15209 BAT HAWK CIR","link":"https://abc.austintexas.gov/web/permit/public-search-other?t_detail=1&t_selected_folderrsn=10400482","tcad_id":"0123760209","location":"    (30.31891317, -97.97792904)","day_issued":"TUESDAY","project_id":"10400482","condominium":"No","status_date":"06/07/2010","jurisdiction":"BEE CAVE FULL PURPOSE","housing_units":"1","contractor_zip":"78627","contractor_city":"Georgetown","issuance_method":"Permit Center","contractor_phone":"5126511025","contractor_trade":"Electrical Contractor","number_of_floors":"1","permit_type_desc":"Electrical Permit","fiscal_year_issued":"2010","total_new_add_sqft":"4,280","permit_class_mapped":"Residential","contractor_address_1":"P.O. Box 111","contractor_full_name":"Shaun Mcconathy","issued_in_last_30_days":"No","certificate_of_occupancy":"No","property_legal_description":"LOT 14 BLK L SPILLMAN RANCH PHS 3 & 4"},"geometry":{"type":"Point","coordinates":[-97.97792904,30.31891317]}},{"type":"Feature","properties":{"date":"2010-02-16T05:00:00.000Z","year":2010,"description":"New sf residence with attached garage and porch only EUD","metadescription":"EP. New. New sf residence with attached garage and porch only EUD. Final. 16100 SPILLMAN RANCH LOOP","address":"16100 SPILLMAN RANCH LOOP","link":"https://abc.austintexas.gov/web/permit/public-search-other?t_detail=1&t_selected_folderrsn=10400500","tcad_id":"0125730308","location":"    (30.32084492, -97.97305382)","day_issued":"TUESDAY","project_id":"10400500","condominium":"No","status_date":"03/10/2010","jurisdiction":"BEE CAVE FULL PURPOSE","housing_units":"1","contractor_zip":"78627","contractor_city":"Georgetown","issuance_method":"Permit Center","contractor_phone":"5126511025","contractor_trade":"Electrical Contractor","number_of_floors":"1","permit_type_desc":"Electrical Permit","fiscal_year_issued":"2010","total_new_add_sqft":"4,280","permit_class_mapped":"Residential","contractor_address_1":"P.O. Box 111","contractor_full_name":"Shaun Mcconathy","issued_in_last_30_days":"No","certificate_of_occupancy":"No","property_legal_description":"LOT 45 BLK J SPILLMAN RANCH PHS 2 SEC 1"},"geometry":{"type":"Point","coordinates":[-97.97305382,30.32084492]}},{"type":"Feature","properties":{"date":"2010-02-16T05:00:00.000Z","year":2010,"description":"New sf residence with attached garage and porch only EUD","metadescription":"EP. New. New sf residence with attached garage and porch only EUD. Final. 16005 SPILLMAN RANCH LOOP","address":"16005 SPILLMAN RANCH LOOP","link":"https://abc.austintexas.gov/web/permit/public-search-other?t_detail=1&t_selected_folderrsn=10400498","tcad_id":"0125730102","location":"    (30.32184491, -97.97284549)","day_issued":"TUESDAY","project_id":"10400498","condominium":"No","status_date":"06/21/2010","jurisdiction":"BEE CAVE FULL PURPOSE","housing_units":"1","contractor_zip":"78627","contractor_city":"Georgetown","issuance_method":"Permit Center","contractor_phone":"5126511025","contractor_trade":"Electrical Contractor","number_of_floors":"1","permit_type_desc":"Electrical Permit","fiscal_year_issued":"2010","total_new_add_sqft":"4,280","permit_class_mapped":"Residential","contractor_address_1":"P.O. Box 111","contractor_full_name":"Shaun Mcconathy","issued_in_last_30_days":"No","certificate_of_occupancy":"No","property_legal_description":"LOT 39 BLK F SPILLMAN RANCH PHS 2 SEC 1"},"geometry":{"type":"Point","coordinates":[-97.97284549,30.32184491]}},{"type":"Feature","properties":{"date":"2010-02-16T05:00:00.000Z","year":2010,"description":"New sf residence with attached garage and porch only EUD","metadescription":"EP. New. New sf residence with attached garage and porch only EUD. Final. 15312 SPILLMAN RANCH LOOP","address":"15312 SPILLMAN RANCH LOOP","link":"https://abc.austintexas.gov/web/permit/public-search-other?t_detail=1&t_selected_folderrsn=10400484","tcad_id":"0123760225","location":"    (30.31951811, -97.97867192)","day_issued":"TUESDAY","project_id":"10400484","condominium":"No","status_date":"05/17/2010","jurisdiction":"BEE CAVE FULL PURPOSE","housing_units":"1","contractor_zip":"78627","contractor_city":"Georgetown","issuance_method":"Permit Center","contractor_phone":"5126511025","contractor_trade":"Electrical Contractor","number_of_floors":"1","permit_type_desc":"Electrical Permit","fiscal_year_issued":"2010","total_new_add_sqft":"4,280","permit_class_mapped":"Residential","contractor_address_1":"P.O. Box 111","contractor_full_name":"Shaun Mcconathy","issued_in_last_30_days":"No","certificate_of_occupancy":"No","property_legal_description":"LOT 34 BLK L SPILLMAN RANCH PHS 3 & 4"},"geometry":{"type":"Point","coordinates":[-97.97867192,30.31951811]}},{"type":"Feature","properties":{"date":"2010-02-12T05:00:00.000Z","year":2010,"description":"New 2 story sf residence with attached garage and porch only EUD","metadescription":"EP. New. New 2 story sf residence with attached garage and porch only EUD. Final. 16216 ZAGROS WAY","address":"16216 ZAGROS WAY","link":"https://abc.austintexas.gov/web/permit/public-search-other?t_detail=1&t_selected_folderrsn=10399958","tcad_id":"0125800126","location":"    (30.32608538, -97.99368141)","day_issued":"FRIDAY","project_id":"10399958","condominium":"No","status_date":"05/19/2010","jurisdiction":"BEE CAVE FULL PURPOSE","housing_units":"1","contractor_zip":"78691-____","contractor_city":"PFLUGERVILLE","issuance_method":"Permit Center","contractor_phone":"5128328900","contractor_trade":"Electrical Contractor","number_of_floors":"2","permit_type_desc":"Electrical Permit","fiscal_year_issued":"2010","total_new_add_sqft":"5,280","permit_class_mapped":"Residential","contractor_address_1":"PO BOX 3289","contractor_full_name":"Bryan Neal","issued_in_last_30_days":"No","certificate_of_occupancy":"No","property_legal_description":"LOT 157 BLK C FALCONHEAD WEST PHS 1 SEC 2 & PHS 2"},"geometry":{"type":"Point","coordinates":[-97.99368141,30.32608538]}},{"type":"Feature","properties":{"date":"2010-02-12T05:00:00.000Z","year":2010,"description":"New sf residence with attached garage and porch only EUD","metadescription":"EP. New. New sf residence with attached garage and porch only EUD. Final. 16129 ZAGROS WAY","address":"16129 ZAGROS WAY","link":"https://abc.austintexas.gov/web/permit/public-search-other?t_detail=1&t_selected_folderrsn=10399956","tcad_id":"0125800140","location":"    (30.32530694, -97.99292041)","day_issued":"FRIDAY","project_id":"10399956","condominium":"No","status_date":"05/24/2010","jurisdiction":"BEE CAVE FULL PURPOSE","housing_units":"1","contractor_zip":"78691-____","contractor_city":"PFLUGERVILLE","issuance_method":"Permit Center","contractor_phone":"5128328900","contractor_trade":"Electrical Contractor","number_of_floors":"1","permit_type_desc":"Electrical Permit","fiscal_year_issued":"2010","total_new_add_sqft":"3,727","permit_class_mapped":"Residential","contractor_address_1":"PO BOX 3289","contractor_full_name":"Bryan Neal","issued_in_last_30_days":"No","certificate_of_occupancy":"No","property_legal_description":"LOT 171 BLK C FALCONHEAD WEST PHS 1 SEC 2 & PHS 2"},"geometry":{"type":"Point","coordinates":[-97.99292041,30.32530694]}},{"type":"Feature","properties":{"date":"2010-02-10T05:00:00.000Z","year":2010,"description":"New sf residence with attached garage and porch only EUD","metadescription":"EP. New. New sf residence with attached garage and porch only EUD. Final. 15701 SAYAN CV","address":"15701 SAYAN CV","link":"https://abc.austintexas.gov/web/permit/public-search-other?t_detail=1&t_selected_folderrsn=10399285","tcad_id":"0125780307","location":"    (30.32175996, -97.98769648)","day_issued":"WEDNESDAY","project_id":"10399285","condominium":"No","status_date":"05/26/2010","jurisdiction":"BEE CAVE FULL PURPOSE","housing_units":"0","contractor_zip":"78691-____","contractor_city":"PFLUGERVILLE","issuance_method":"Permit Center","contractor_phone":"5128328900","contractor_trade":"Electrical Contractor","number_of_floors":"1","permit_type_desc":"Electrical Permit","fiscal_year_issued":"2010","total_new_add_sqft":"3,123","permit_class_mapped":"Residential","contractor_address_1":"PO BOX 3289","contractor_full_name":"Bryan Neal","issued_in_last_30_days":"No","certificate_of_occupancy":"No","property_legal_description":"LOT 26 BLK F FALCONHEAD WEST PHS 1 SEC 1"},"geometry":{"type":"Point","coordinates":[-97.98769648,30.32175996]}},{"type":"Feature","properties":{"date":"2010-02-09T05:00:00.000Z","year":2010,"description":"New 2 stroy sf residence with attached garage and porch only EUD","metadescription":"EP. New. New 2 stroy sf residence with attached garage and porch only EUD. Final. 4817 PYRENEES PASS","address":"4817 PYRENEES PASS","link":"https://abc.austintexas.gov/web/permit/public-search-other?t_detail=1&t_selected_folderrsn=10398552","tcad_id":"0125780432","location":"    (30.32161477, -97.9898335)","day_issued":"TUESDAY","project_id":"10398552","condominium":"No","status_date":"07/12/2011","jurisdiction":"BEE CAVE FULL PURPOSE","housing_units":"1","contractor_zip":"78691-____","contractor_city":"PFLUGERVILLE","issuance_method":"Permit Center","contractor_phone":"5128328900","contractor_trade":"Electrical Contractor","number_of_floors":"2","permit_type_desc":"Electrical Permit","fiscal_year_issued":"2010","total_new_add_sqft":"3,196","permit_class_mapped":"Residential","contractor_address_1":"PO BOX 3289","contractor_full_name":"Bryan Neal","issued_in_last_30_days":"No","certificate_of_occupancy":"No","property_legal_description":"LOT 18 BLK A FALCONHEAD WEST PHS 1 SEC 2 & PHS 2"},"geometry":{"type":"Point","coordinates":[-97.9898335,30.32161477]}},{"type":"Feature","properties":{"date":"2010-02-09T05:00:00.000Z","year":2010,"description":"New 2 stroy sf residence with attached garage and porch only EUD","metadescription":"EP. New. New 2 stroy sf residence with attached garage and porch only EUD. Final. 16201 ZAGROS WAY","address":"16201 ZAGROS WAY","link":"https://abc.austintexas.gov/web/permit/public-search-other?t_detail=1&t_selected_folderrsn=10398547","tcad_id":"0125800139","location":"    (30.3254616, -97.99310687)","day_issued":"TUESDAY","project_id":"10398547","condominium":"No","status_date":"05/28/2010","jurisdiction":"BEE CAVE FULL PURPOSE","housing_units":"1","contractor_zip":"78691-____","contractor_city":"PFLUGERVILLE","issuance_method":"Permit Center","contractor_phone":"5128328900","contractor_trade":"Electrical Contractor","number_of_floors":"2","permit_type_desc":"Electrical Permit","fiscal_year_issued":"2010","total_new_add_sqft":"3,196","permit_class_mapped":"Residential","contractor_address_1":"PO BOX 3289","contractor_full_name":"Bryan Neal","issued_in_last_30_days":"No","certificate_of_occupancy":"No","property_legal_description":"LOT 170 BLK C FALCONHEAD WEST PHS 1 SEC 2 & PHS 2"},"geometry":{"type":"Point","coordinates":[-97.99310687,30.3254616]}},{"type":"Feature","properties":{"date":"2010-02-09T05:00:00.000Z","year":2010,"description":"New 2 stroy sf residence with attached garage and porch only EUD","metadescription":"EP. New. New 2 stroy sf residence with attached garage and porch only EUD. Final. 4709 MONT BLANC DR","address":"4709 MONT BLANC DR","link":"https://abc.austintexas.gov/web/permit/public-search-other?t_detail=1&t_selected_folderrsn=10398550","tcad_id":"0125780205","location":"    (30.32301253, -97.9898693)","day_issued":"TUESDAY","project_id":"10398550","condominium":"No","status_date":"06/09/2010","jurisdiction":"BEE CAVE FULL PURPOSE","housing_units":"1","contractor_zip":"78691-____","contractor_city":"PFLUGERVILLE","issuance_method":"Permit Center","contractor_phone":"5128328900","contractor_trade":"Electrical Contractor","number_of_floors":"2","permit_type_desc":"Electrical Permit","fiscal_year_issued":"2010","total_new_add_sqft":"3,196","permit_class_mapped":"Residential","contractor_address_1":"PO BOX 3289","contractor_full_name":"Bryan Neal","issued_in_last_30_days":"No","certificate_of_occupancy":"No","property_legal_description":"LOT 7 BLK G FALCONHEAD WEST PHS 1 SEC 1"},"geometry":{"type":"Point","coordinates":[-97.9898693,30.32301253]}},{"type":"Feature","properties":{"date":"2010-02-03T05:00:00.000Z","year":2010,"description":"New sf residence with attached garage and porch only EUD","metadescription":"EP. New. New sf residence with attached garage and porch only EUD. Final. 4813 TAURUS WALK","address":"4813 TAURUS WALK","link":"https://abc.austintexas.gov/web/permit/public-search-other?t_detail=1&t_selected_folderrsn=10395926","tcad_id":"0125800152","location":"    (30.32338461, -97.99307482)","day_issued":"WEDNESDAY","project_id":"10395926","condominium":"No","status_date":"05/14/2010","jurisdiction":"BEE CAVE FULL PURPOSE","housing_units":"1","contractor_zip":"78691-____","contractor_city":"PFLUGERVILLE","issuance_method":"Permit Center","contractor_phone":"5128328900","contractor_trade":"Electrical Contractor","number_of_floors":"1","permit_type_desc":"Electrical Permit","fiscal_year_issued":"2010","total_new_add_sqft":"3,727","permit_class_mapped":"Residential","contractor_address_1":"PO BOX 3289","contractor_full_name":"Bryan Neal","issued_in_last_30_days":"No","certificate_of_occupancy":"No","property_legal_description":"LOT 183 BLK C FALCONHEAD WEST PHS 1 SEC 2 & PHS 2"},"geometry":{"type":"Point","coordinates":[-97.99307482,30.32338461]}},{"type":"Feature","properties":{"date":"2010-02-03T05:00:00.000Z","year":2010,"description":"New sf residence with attached garage and porch only EUD","metadescription":"EP. New. New sf residence with attached garage and porch only EUD. Final. 4812 PYRENEES PASS","address":"4812 PYRENEES PASS","link":"https://abc.austintexas.gov/web/permit/public-search-other?t_detail=1&t_selected_folderrsn=10395939","tcad_id":"0125780326","location":"    (30.32210684, -97.98982155)","day_issued":"WEDNESDAY","project_id":"10395939","condominium":"No","status_date":"04/30/2010","jurisdiction":"BEE CAVE FULL PURPOSE","housing_units":"1","contractor_zip":"78691-____","contractor_city":"PFLUGERVILLE","issuance_method":"Permit Center","contractor_phone":"5128328900","contractor_trade":"Electrical Contractor","number_of_floors":"1","permit_type_desc":"Electrical Permit","fiscal_year_issued":"2010","total_new_add_sqft":"3,727","permit_class_mapped":"Residential","contractor_address_1":"PO BOX 3289","contractor_full_name":"Bryan Neal","issued_in_last_30_days":"No","certificate_of_occupancy":"No","property_legal_description":"LOT 5 BLK F FALCONHEAD WEST PHS 1 SEC 2 & PHS 2"},"geometry":{"type":"Point","coordinates":[-97.98982155,30.32210684]}},{"type":"Feature","properties":{"date":"2010-01-29T05:00:00.000Z","year":2010,"description":"new 1stry residence w/att garage porch eud Bee Caves","metadescription":"EP. New. new 1stry residence w/att garage porch eud Bee Caves. Final. 4805 TAURUS WALK","address":"4805 TAURUS WALK","link":"https://abc.austintexas.gov/web/permit/public-search-other?t_detail=1&t_selected_folderrsn=10394665","tcad_id":"0125800154","location":"    (30.32357947, -97.99260091)","day_issued":"FRIDAY","project_id":"10394665","condominium":"No","status_date":"05/10/2010","jurisdiction":"BEE CAVE FULL PURPOSE","housing_units":"1","contractor_zip":"78691-____","contractor_city":"PFLUGERVILLE","issuance_method":"Permit Center","contractor_phone":"5128328900","contractor_trade":"Electrical Contractor","number_of_floors":"1","permit_type_desc":"Electrical Permit","fiscal_year_issued":"2010","total_new_add_sqft":"3,727","permit_class_mapped":"Residential","contractor_address_1":"PO BOX 3289","contractor_full_name":"Bryan Neal","issued_in_last_30_days":"No","certificate_of_occupancy":"No","property_legal_description":"LOT 185 BLK C FALCONHEAD WEST PHS 1 SEC 2 & PHS 2"},"geometry":{"type":"Point","coordinates":[-97.99260091,30.32357947]}},{"type":"Feature","properties":{"date":"2010-01-26T05:00:00.000Z","year":2010,"description":"new sf residence with attached garage and porch only EUD","metadescription":"EP. New. new sf residence with attached garage and porch only EUD. Final. 16112 ZAGROS WAY","address":"16112 ZAGROS WAY","link":"https://abc.austintexas.gov/web/permit/public-search-other?t_detail=1&t_selected_folderrsn=10393210","tcad_id":"0125800118","location":"    (30.32459785, -97.99219261)","day_issued":"TUESDAY","project_id":"10393210","condominium":"No","status_date":"05/12/2010","jurisdiction":"BEE CAVE FULL PURPOSE","housing_units":"1","contractor_zip":"78691-____","contractor_city":"PFLUGERVILLE","issuance_method":"Permit Center","contractor_phone":"5128328900","contractor_trade":"Electrical Contractor","number_of_floors":"1","permit_type_desc":"Electrical Permit","fiscal_year_issued":"2010","total_new_add_sqft":"3,010","permit_class_mapped":"Residential","contractor_address_1":"PO BOX 3289","contractor_full_name":"Bryan Neal","issued_in_last_30_days":"No","certificate_of_occupancy":"No","property_legal_description":"LOT 149 BLK C FALCONHEAD WEST PHS 1 SEC 2 & PHS 2"},"geometry":{"type":"Point","coordinates":[-97.99219261,30.32459785]}},{"type":"Feature","properties":{"date":"2010-01-19T05:00:00.000Z","year":2010,"description":"New sf residence with attached garage and porch only EUD","metadescription":"EP. New. New sf residence with attached garage and porch only EUD. Final. 4601 PYRENEES PASS","address":"4601 PYRENEES PASS","link":"https://abc.austintexas.gov/web/permit/public-search-other?t_detail=1&t_selected_folderrsn=10389376","tcad_id":"0125780406","location":"    (30.32125801, -97.98731875)","day_issued":"TUESDAY","project_id":"10389376","condominium":"No","status_date":"04/27/2010","jurisdiction":"BEE CAVE FULL PURPOSE","housing_units":"1","contractor_zip":"78691-____","contractor_city":"PFLUGERVILLE","issuance_method":"Permit Center","contractor_phone":"5128328900","contractor_trade":"Electrical Contractor","number_of_floors":"1","permit_type_desc":"Electrical Permit","fiscal_year_issued":"2010","total_new_add_sqft":"2,884","permit_class_mapped":"Residential","contractor_address_1":"PO BOX 3289","contractor_full_name":"Bryan Neal","issued_in_last_30_days":"No","certificate_of_occupancy":"No","property_legal_description":"LOT 31 BLK A FALCONHEAD WEST PHS 1 SEC 1"},"geometry":{"type":"Point","coordinates":[-97.98731875,30.32125801]}},{"type":"Feature","properties":{"date":"2010-01-07T05:00:00.000Z","year":2010,"description":"new 2 stroy sf residence with attached garage and porch only EUD","metadescription":"EP. New. new 2 stroy sf residence with attached garage and porch only EUD. Final. 4309 HOOKBILLED KITE DR","address":"4309 HOOKBILLED KITE DR","link":"https://abc.austintexas.gov/web/permit/public-search-other?t_detail=1&t_selected_folderrsn=10384995","tcad_id":"0123730232","location":"    (30.31952071, -97.97342857)","day_issued":"THURSDAY","project_id":"10384995","condominium":"No","status_date":"05/21/2010","jurisdiction":"BEE CAVE FULL PURPOSE","housing_units":"1","contractor_zip":"78627","contractor_city":"Georgetown","issuance_method":"Permit Center","contractor_phone":"5126511025","contractor_trade":"Electrical Contractor","number_of_floors":"2","permit_type_desc":"Electrical Permit","fiscal_year_issued":"2010","total_new_add_sqft":"3,765","permit_class_mapped":"Residential","contractor_address_1":"P.O. Box 111","contractor_full_name":"Shaun Mcconathy","issued_in_last_30_days":"No","certificate_of_occupancy":"No","property_legal_description":"LOT 11 BLK J SPILLMAN RANCH PHS 2 SEC 1"},"geometry":{"type":"Point","coordinates":[-97.97342857,30.31952071]}},{"type":"Feature","properties":{"date":"2010-01-07T05:00:00.000Z","year":2010,"description":"New sf residence with attached garage and porch only EUD","metadescription":"EP. New. New sf residence with attached garage and porch only EUD. Final. 4020 VAIL DIVIDE","address":"4020 VAIL DIVIDE","link":"https://abc.austintexas.gov/web/permit/public-search-other?t_detail=1&t_selected_folderrsn=10385133","tcad_id":"0125760155","location":"    (30.32398403, -97.97804936)","day_issued":"THURSDAY","project_id":"10385133","condominium":"No","status_date":"05/10/2010","jurisdiction":"BEE CAVE FULL PURPOSE","housing_units":"1","contractor_zip":"78691-____","contractor_city":"PFLUGERVILLE","issuance_method":"Permit Center","contractor_phone":"5128328900","contractor_trade":"Electrical Contractor","number_of_floors":"2","permit_type_desc":"Electrical Permit","fiscal_year_issued":"2010","total_new_add_sqft":"3,993","permit_class_mapped":"Residential","contractor_address_1":"PO BOX 3289","contractor_full_name":"Bryan Neal","issued_in_last_30_days":"No","certificate_of_occupancy":"No","property_legal_description":"LOT 38 BLK C FALCONHEAD WEST PHS 1 SEC 1"},"geometry":{"type":"Point","coordinates":[-97.97804936,30.32398403]}},{"type":"Feature","properties":{"date":"2010-01-06T05:00:00.000Z","year":2010,"description":"New 2 stroy sf residence with attached garage and porch only EUD","metadescription":"EP. New. New 2 stroy sf residence with attached garage and porch only EUD. Final. 4013 VAIL DIVIDE","address":"4013 VAIL DIVIDE","link":"https://abc.austintexas.gov/web/permit/public-search-other?t_detail=1&t_selected_folderrsn=10384461","tcad_id":"0125760136","location":"    (30.32459586, -97.97826903)","day_issued":"WEDNESDAY","project_id":"10384461","condominium":"No","status_date":"05/19/2010","jurisdiction":"BEE CAVE FULL PURPOSE","housing_units":"1","contractor_zip":"78691-____","contractor_city":"PFLUGERVILLE","issuance_method":"Permit Center","contractor_phone":"5128328900","contractor_trade":"Electrical Contractor","number_of_floors":"2","permit_type_desc":"Electrical Permit","fiscal_year_issued":"2010","total_new_add_sqft":"5,096","permit_class_mapped":"Residential","contractor_address_1":"PO BOX 3289","contractor_full_name":"Bryan Neal","issued_in_last_30_days":"No","certificate_of_occupancy":"No","property_legal_description":"LOT 18 BLK C FALCONHEAD WEST PHS 1 SEC 1"},"geometry":{"type":"Point","coordinates":[-97.97826903,30.32459586]}},{"type":"Feature","properties":{"date":"2010-01-04T05:00:00.000Z","year":2010,"description":"New 2 story sf residence with attached garage and porch only EUD","metadescription":"EP. New. New 2 story sf residence with attached garage and porch only EUD. Final. 4425 VAIL DIVIDE","address":"4425 VAIL DIVIDE","link":"https://abc.austintexas.gov/web/permit/public-search-other?t_detail=1&t_selected_folderrsn=10383625","tcad_id":"0123760115","location":"    (30.32046839, -97.98339753)","day_issued":"MONDAY","project_id":"10383625","condominium":"No","status_date":"04/15/2010","jurisdiction":"BEE CAVE FULL PURPOSE","housing_units":"1","contractor_zip":"78691-____","contractor_city":"PFLUGERVILLE","issuance_method":"Permit Center","contractor_phone":"5128328900","contractor_trade":"Electrical Contractor","number_of_floors":"2","permit_type_desc":"Electrical Permit","fiscal_year_issued":"2010","total_new_add_sqft":"5,211","permit_class_mapped":"Residential","contractor_address_1":"PO BOX 3289","contractor_full_name":"Bryan Neal","issued_in_last_30_days":"No","certificate_of_occupancy":"No","property_legal_description":"LOT 58 BLK A FALCONHEAD WEST PHS 1 SEC 2 & PHS 2"},"geometry":{"type":"Point","coordinates":[-97.98339753,30.32046839]}},{"type":"Feature","properties":{"date":"2010-01-04T05:00:00.000Z","year":2010,"description":"New sf residence with attached garage and porch only EUD","metadescription":"EP. New. New sf residence with attached garage and porch only EUD. Final. 16212 ZAGROS WAY","address":"16212 ZAGROS WAY","link":"https://abc.austintexas.gov/web/permit/public-search-other?t_detail=1&t_selected_folderrsn=10383623","tcad_id":"0125800125","location":"    (30.32606134, -97.99341886)","day_issued":"MONDAY","project_id":"10383623","condominium":"No","status_date":"04/13/2010","jurisdiction":"BEE CAVE FULL PURPOSE","housing_units":"1","contractor_zip":"78691-____","contractor_city":"PFLUGERVILLE","issuance_method":"Permit Center","contractor_phone":"5128328900","contractor_trade":"Electrical Contractor","number_of_floors":"1","permit_type_desc":"Electrical Permit","fiscal_year_issued":"2010","total_new_add_sqft":"4,268","permit_class_mapped":"Residential","contractor_address_1":"PO BOX 3289","contractor_full_name":"Bryan Neal","issued_in_last_30_days":"No","certificate_of_occupancy":"No","property_legal_description":"LOT 156 BLK C FALCONHEAD WEST PHS 1 SEC 2 & PHS 2"},"geometry":{"type":"Point","coordinates":[-97.99341886,30.32606134]}},{"type":"Feature","properties":{"date":"2009-12-29T05:00:00.000Z","year":2009,"description":"New 1stry sf res elec serv only w/garage porch and patio ETJ","metadescription":"EP. New. New 1stry sf res elec serv only w/garage porch and patio ETJ. Final. 16205 ZAGROS WAY","address":"16205 ZAGROS WAY","link":"https://abc.austintexas.gov/web/permit/public-search-other?t_detail=1&t_selected_folderrsn=10382531","tcad_id":"0125800138","location":"    (30.32562286, -97.99335341)","day_issued":"TUESDAY","project_id":"10382531","condominium":"No","status_date":"04/07/2010","jurisdiction":"BEE CAVE FULL PURPOSE","housing_units":"1","contractor_zip":"78691-____","contractor_city":"PFLUGERVILLE","issuance_method":"Permit Center","contractor_phone":"5128328900","contractor_trade":"Electrical Contractor","number_of_floors":"1","permit_type_desc":"Electrical Permit","fiscal_year_issued":"2010","total_new_add_sqft":"3,727","permit_class_mapped":"Residential","contractor_address_1":"PO BOX 3289","contractor_full_name":"Bryan Neal","issued_in_last_30_days":"No","certificate_of_occupancy":"No","property_legal_description":"LOT 169 BLK C FALCONHEAD WEST PHS 1 SEC 2 & PHS 2"},"geometry":{"type":"Point","coordinates":[-97.99335341,30.32562286]}},{"type":"Feature","properties":{"date":"2009-12-16T05:00:00.000Z","year":2009,"description":"new 2stry residence w/att garage porch and cvr. patio EUD","metadescription":"EP. New. new 2stry residence w/att garage porch and cvr. patio EUD. Final. 16032 ZAGROS WAY","address":"16032 ZAGROS WAY","link":"https://abc.austintexas.gov/web/permit/public-search-other?t_detail=1&t_selected_folderrsn=10378477","tcad_id":"0125800114","location":"    (30.32379601, -97.99195845)","day_issued":"WEDNESDAY","project_id":"10378477","condominium":"No","status_date":"04/07/2010","jurisdiction":"BEE CAVE FULL PURPOSE","housing_units":"1","contractor_zip":"78691-____","contractor_city":"PFLUGERVILLE","issuance_method":"Permit Center","contractor_phone":"5128328900","contractor_trade":"Electrical Contractor","number_of_floors":"2","permit_type_desc":"Electrical Permit","fiscal_year_issued":"2010","total_new_add_sqft":"4,669","permit_class_mapped":"Residential","contractor_address_1":"PO BOX 3289","contractor_full_name":"Bryan Neal","issued_in_last_30_days":"No","certificate_of_occupancy":"No","property_legal_description":"LOT 145 BLK C FALCONHEAD WEST PHS 1 SEC 2 & PHS 2"},"geometry":{"type":"Point","coordinates":[-97.99195845,30.32379601]}},{"type":"Feature","properties":{"date":"2009-12-07T05:00:00.000Z","year":2009,"description":"New 2 stroy sf residence with attached garage and porch only EUD","metadescription":"EP. New. New 2 stroy sf residence with attached garage and porch only EUD. Final. 4417 VAIL DIVIDE","address":"4417 VAIL DIVIDE","link":"https://abc.austintexas.gov/web/permit/public-search-other?t_detail=1&t_selected_folderrsn=10375122","tcad_id":"0123760117","location":"    (30.32049303, -97.98279144)","day_issued":"MONDAY","project_id":"10375122","condominium":"No","status_date":"04/13/2010","jurisdiction":"BEE CAVE FULL PURPOSE","housing_units":"1","contractor_zip":"78691-____","contractor_city":"PFLUGERVILLE","issuance_method":"Permit Center","contractor_phone":"5128328900","contractor_trade":"Electrical Contractor","number_of_floors":"2","permit_type_desc":"Electrical Permit","fiscal_year_issued":"2010","total_new_add_sqft":"4,474","permit_class_mapped":"Residential","contractor_address_1":"PO BOX 3289","contractor_full_name":"Bryan Neal","issued_in_last_30_days":"No","certificate_of_occupancy":"No","property_legal_description":"LOT 60 BLK A FALCONHEAD WEST PHS 1 SEC 2 & PHS 2"},"geometry":{"type":"Point","coordinates":[-97.98279144,30.32049303]}},{"type":"Feature","properties":{"date":"2009-12-04T05:00:00.000Z","year":2009,"description":"New 2 stroy sf residence with attached garage and porch only EUD","metadescription":"EP. New. New 2 stroy sf residence with attached garage and porch only EUD. Final. 15416 SWISS ALPS CT","address":"15416 SWISS ALPS CT","link":"https://abc.austintexas.gov/web/permit/public-search-other?t_detail=1&t_selected_folderrsn=10374905","tcad_id":"0125760430","location":"    (30.32203704, -97.98210395)","day_issued":"FRIDAY","project_id":"10374905","condominium":"No","status_date":"05/05/2010","jurisdiction":"BEE CAVE FULL PURPOSE","housing_units":"1","contractor_zip":"78691-____","contractor_city":"PFLUGERVILLE","issuance_method":"Permit Center","contractor_phone":"5128328900","contractor_trade":"Electrical Contractor","number_of_floors":"2","permit_type_desc":"Electrical Permit","fiscal_year_issued":"2010","total_new_add_sqft":"4,766","permit_class_mapped":"Residential","contractor_address_1":"PO BOX 3289","contractor_full_name":"Bryan Neal","issued_in_last_30_days":"No","certificate_of_occupancy":"No","property_legal_description":"LOT 77 BLK C FALCONHEAD WEST PHS 1 SEC 2 & PHS 2"},"geometry":{"type":"Point","coordinates":[-97.98210395,30.32203704]}},{"type":"Feature","properties":{"date":"2009-12-03T05:00:00.000Z","year":2009,"description":"New sf residence with attached garage and porch only EUD","metadescription":"EP. New. New sf residence with attached garage and porch only EUD. Final. 4816 PYRENEES PASS","address":"4816 PYRENEES PASS","link":"https://abc.austintexas.gov/web/permit/public-search-other?t_detail=1&t_selected_folderrsn=10374516","tcad_id":"0125780327","location":"    (30.3220279, -97.99001684)","day_issued":"THURSDAY","project_id":"10374516","condominium":"No","status_date":"03/25/2010","jurisdiction":"BEE CAVE FULL PURPOSE","housing_units":"1","contractor_zip":"78691-____","contractor_city":"PFLUGERVILLE","issuance_method":"Permit Center","contractor_phone":"5128328900","contractor_trade":"Electrical Contractor","number_of_floors":"1","permit_type_desc":"Electrical Permit","fiscal_year_issued":"2010","total_new_add_sqft":"2,874","permit_class_mapped":"Residential","contractor_address_1":"PO BOX 3289","contractor_full_name":"Bryan Neal","issued_in_last_30_days":"No","certificate_of_occupancy":"No","property_legal_description":"LOT 4 BLK F FALCONHEAD WEST PHS 1 SEC 2 & PHS 2"},"geometry":{"type":"Point","coordinates":[-97.99001684,30.3220279]}},{"type":"Feature","properties":{"date":"2009-11-25T05:00:00.000Z","year":2009,"description":"New 2 story sf residence with attached garage and porch only EUD","metadescription":"EP. New. New 2 story sf residence with attached garage and porch only EUD. Final. 15412 SWISS ALPS CT","address":"15412 SWISS ALPS CT","link":"https://abc.austintexas.gov/web/permit/public-search-other?t_detail=1&t_selected_folderrsn=10371652","tcad_id":"0125760429","location":"    (30.32202047, -97.98180002)","day_issued":"WEDNESDAY","project_id":"10371652","condominium":"No","status_date":"03/29/2010","jurisdiction":"BEE CAVE FULL PURPOSE","housing_units":"1","contractor_zip":"78691-____","contractor_city":"PFLUGERVILLE","issuance_method":"Permit Center","contractor_phone":"5128328900","contractor_trade":"Electrical Contractor","number_of_floors":"2","permit_type_desc":"Electrical Permit","fiscal_year_issued":"2010","total_new_add_sqft":"5,629","permit_class_mapped":"Residential","contractor_address_1":"PO BOX 3289","contractor_full_name":"Bryan Neal","issued_in_last_30_days":"No","certificate_of_occupancy":"No","property_legal_description":"LOT 76 BLK C FALCONHEAD WEST PHS 1 SEC 2 & PHS 2"},"geometry":{"type":"Point","coordinates":[-97.98180002,30.32202047]}},{"type":"Feature","properties":{"date":"2009-11-19T05:00:00.000Z","year":2009,"description":"New 2 story sf residence with attached garage and porch only EUD","metadescription":"EP. New. New 2 story sf residence with attached garage and porch only EUD. Final. 15500 SPILLMAN RANCH LOOP","address":"15500 SPILLMAN RANCH LOOP","link":"https://abc.austintexas.gov/web/permit/public-search-other?t_detail=1&t_selected_folderrsn=10368495","tcad_id":"0125760302","location":"    (30.32087442, -97.97794774)","day_issued":"THURSDAY","project_id":"10368495","condominium":"No","status_date":"03/25/2010","jurisdiction":"BEE CAVE FULL PURPOSE","housing_units":"0","contractor_zip":"78627","contractor_city":"Georgetown","issuance_method":"Permit Center","contractor_phone":"5126511025","contractor_trade":"Electrical Contractor","number_of_floors":"0","permit_type_desc":"Electrical Permit","fiscal_year_issued":"2010","total_new_add_sqft":"6,733","permit_class_mapped":"Residential","contractor_address_1":"P.O. Box 111","contractor_full_name":"Shaun Mcconathy","issued_in_last_30_days":"No","certificate_of_occupancy":"No","property_legal_description":"LOT 41 BLK L SPILLMAN RANCH PHS 3 & 4"},"geometry":{"type":"Point","coordinates":[-97.97794774,30.32087442]}},{"type":"Feature","properties":{"date":"2009-11-18T05:00:00.000Z","year":2009,"description":"New sf residence with attached garage and porch only EUD","metadescription":"EP. New. New sf residence with attached garage and porch only EUD. Final. 16100 ZAGROS WAY","address":"16100 ZAGROS WAY","link":"https://abc.austintexas.gov/web/permit/public-search-other?t_detail=1&t_selected_folderrsn=10367880","tcad_id":"0125800115","location":"    (30.32403181, -97.99207002)","day_issued":"WEDNESDAY","project_id":"10367880","condominium":"No","status_date":"04/22/2010","jurisdiction":"BEE CAVE FULL PURPOSE","housing_units":"1","contractor_zip":"78691-____","contractor_city":"PFLUGERVILLE","issuance_method":"Permit Center","contractor_phone":"5128328900","contractor_trade":"Electrical Contractor","number_of_floors":"1","permit_type_desc":"Electrical Permit","fiscal_year_issued":"2010","total_new_add_sqft":"3,733","permit_class_mapped":"Residential","contractor_address_1":"PO BOX 3289","contractor_full_name":"Bryan Neal","issued_in_last_30_days":"No","certificate_of_occupancy":"No","property_legal_description":"LOT 146 BLK C FALCONHEAD WEST PHS 1 SEC 2 & PHS 2"},"geometry":{"type":"Point","coordinates":[-97.99207002,30.32403181]}},{"type":"Feature","properties":{"date":"2009-11-13T05:00:00.000Z","year":2009,"description":"New 2 story sf residence with attached garage and porch  only EUD","metadescription":"EP. New. New 2 story sf residence with attached garage and porch  only EUD. Final. 15404 SWISS ALPS CT","address":"15404 SWISS ALPS CT","link":"https://abc.austintexas.gov/web/permit/public-search-other?t_detail=1&t_selected_folderrsn=10366470","tcad_id":"0125760427","location":"    (30.3215996, -97.98164543)","day_issued":"FRIDAY","project_id":"10366470","condominium":"No","status_date":"03/02/2010","jurisdiction":"BEE CAVE FULL PURPOSE","housing_units":"0","contractor_zip":"78691-____","contractor_city":"PFLUGERVILLE","issuance_method":"Permit Center","contractor_phone":"5128328900","contractor_trade":"Electrical Contractor","number_of_floors":"0","permit_type_desc":"Electrical Permit","fiscal_year_issued":"2010","total_new_add_sqft":"5,280","permit_class_mapped":"Residential","contractor_address_1":"PO BOX 3289","contractor_full_name":"Bryan Neal","issued_in_last_30_days":"No","certificate_of_occupancy":"No","property_legal_description":"LOT 74 BLK C FALCONHEAD WEST PHS 1 SEC 2 & PHS 2","electrical_valuation_remodel":"$0.00"},"geometry":{"type":"Point","coordinates":[-97.98164543,30.3215996]}},{"type":"Feature","properties":{"date":"2009-11-12T05:00:00.000Z","year":2009,"description":"New sf residence with attached garage and porch only EUD","metadescription":"EP. New. New sf residence with attached garage and porch only EUD. Final. 4320 VAIL DIVIDE","address":"4320 VAIL DIVIDE","link":"https://abc.austintexas.gov/web/permit/public-search-other?t_detail=1&t_selected_folderrsn=10365900","tcad_id":"0125760423","location":"    (30.32172569, -97.98072302)","day_issued":"THURSDAY","project_id":"10365900","condominium":"No","status_date":"02/19/2010","jurisdiction":"BEE CAVE FULL PURPOSE","housing_units":"1","contractor_zip":"78691-____","contractor_city":"PFLUGERVILLE","issuance_method":"Permit Center","contractor_phone":"5128328900","contractor_trade":"Electrical Contractor","number_of_floors":"1","permit_type_desc":"Electrical Permit","fiscal_year_issued":"2010","total_new_add_sqft":"4,268","permit_class_mapped":"Residential","contractor_address_1":"PO BOX 3289","contractor_full_name":"Bryan Neal","issued_in_last_30_days":"No","certificate_of_occupancy":"No","property_legal_description":"LOT 70 BLK C FALCONHEAD WEST PHS 1 SEC 2 & PHS 2"},"geometry":{"type":"Point","coordinates":[-97.98072302,30.32172569]}},{"type":"Feature","properties":{"date":"2009-11-06T05:00:00.000Z","year":2009,"description":"New 2 story sf residence with attached garage and porch only EUD","metadescription":"EP. New. New 2 story sf residence with attached garage and porch only EUD. Final. 4713 PYRENEES PASS","address":"4713 PYRENEES PASS","link":"https://abc.austintexas.gov/web/permit/public-search-other?t_detail=1&t_selected_folderrsn=10363383","tcad_id":"0125780437","location":"    (30.32160769, -97.98884459)","day_issued":"FRIDAY","project_id":"10363383","condominium":"No","status_date":"03/05/2010","jurisdiction":"BEE CAVE FULL PURPOSE","housing_units":"1","contractor_zip":"78691-____","contractor_city":"PFLUGERVILLE","issuance_method":"Permit Center","contractor_phone":"5128328900","contractor_trade":"Electrical Contractor","number_of_floors":"2","permit_type_desc":"Electrical Permit","fiscal_year_issued":"2010","total_new_add_sqft":"3,307","permit_class_mapped":"Residential","contractor_address_1":"PO BOX 3289","contractor_full_name":"Bryan Neal","issued_in_last_30_days":"No","certificate_of_occupancy":"No","property_legal_description":"LOT 23 BLK A FALCONHEAD WEST PHS 1 SEC 2 & PHS 2"},"geometry":{"type":"Point","coordinates":[-97.98884459,30.32160769]}},{"type":"Feature","properties":{"date":"2009-11-06T05:00:00.000Z","year":2009,"description":"New 2 story sf residence with attached garage and porch only EUD","metadescription":"EP. New. New 2 story sf residence with attached garage and porch only EUD. Final. 4717 PYRENEES PASS","address":"4717 PYRENEES PASS","link":"https://abc.austintexas.gov/web/permit/public-search-other?t_detail=1&t_selected_folderrsn=10363385","tcad_id":"0125780436","location":"    (30.32161059, -97.98900303)","day_issued":"FRIDAY","project_id":"10363385","condominium":"No","status_date":"03/04/2010","jurisdiction":"BEE CAVE FULL PURPOSE","housing_units":"1","contractor_zip":"78691-____","contractor_city":"PFLUGERVILLE","issuance_method":"Permit Center","contractor_phone":"5128328900","contractor_trade":"Electrical Contractor","number_of_floors":"2","permit_type_desc":"Electrical Permit","fiscal_year_issued":"2010","total_new_add_sqft":"3,307","permit_class_mapped":"Residential","contractor_address_1":"PO BOX 3289","contractor_full_name":"Bryan Neal","issued_in_last_30_days":"No","certificate_of_occupancy":"No","property_legal_description":"LOT 22 BLK A FALCONHEAD WEST PHS 1 SEC 2 & PHS 2"},"geometry":{"type":"Point","coordinates":[-97.98900303,30.32161059]}},{"type":"Feature","properties":{"date":"2009-11-04T05:00:00.000Z","year":2009,"description":"New sf residence with attached garage and porch only EUD","metadescription":"EP. New. New sf residence with attached garage and porch only EUD. Final. 4801 TAURUS WALK","address":"4801 TAURUS WALK","link":"https://abc.austintexas.gov/web/permit/public-search-other?t_detail=1&t_selected_folderrsn=10362552","tcad_id":"0125800155","location":"    (30.32364672, -97.99236785)","day_issued":"WEDNESDAY","project_id":"10362552","condominium":"No","status_date":"03/09/2010","jurisdiction":"BEE CAVE FULL PURPOSE","housing_units":"1","contractor_zip":"78691-____","contractor_city":"PFLUGERVILLE","issuance_method":"Permit Center","contractor_phone":"5128328900","contractor_trade":"Electrical Contractor","number_of_floors":"1","permit_type_desc":"Electrical Permit","fiscal_year_issued":"2010","total_new_add_sqft":"3,995","permit_class_mapped":"Residential","contractor_address_1":"PO BOX 3289","contractor_full_name":"Bryan Neal","issued_in_last_30_days":"No","certificate_of_occupancy":"No","property_legal_description":"LOT 186 BLK C FALCONHEAD WEST PHS 1 SEC 2 & PHS 2"},"geometry":{"type":"Point","coordinates":[-97.99236785,30.32364672]}},{"type":"Feature","properties":{"date":"2009-11-04T05:00:00.000Z","year":2009,"description":"New sf residence with attached garage and porch only EUD","metadescription":"EP. New. New sf residence with attached garage and porch only EUD. Final. 16200 ZAGROS WAY","address":"16200 ZAGROS WAY","link":"https://abc.austintexas.gov/web/permit/public-search-other?t_detail=1&t_selected_folderrsn=10362564","tcad_id":"0125800122","location":"    (30.32571136, -97.99277745)","day_issued":"WEDNESDAY","project_id":"10362564","condominium":"No","status_date":"03/03/2010","jurisdiction":"BEE CAVE FULL PURPOSE","housing_units":"1","contractor_zip":"78691-____","contractor_city":"PFLUGERVILLE","issuance_method":"Permit Center","contractor_phone":"5128328900","contractor_trade":"Electrical Contractor","number_of_floors":"2","permit_type_desc":"Electrical Permit","fiscal_year_issued":"2010","total_new_add_sqft":"3,995","permit_class_mapped":"Residential","contractor_address_1":"PO BOX 3289","contractor_full_name":"Bryan Neal","issued_in_last_30_days":"No","certificate_of_occupancy":"No","property_legal_description":"LOT 153 BLK C FALCONHEAD WEST PHS 1 SEC 2 & PHS 2"},"geometry":{"type":"Point","coordinates":[-97.99277745,30.32571136]}},{"type":"Feature","properties":{"date":"2009-11-04T05:00:00.000Z","year":2009,"description":"New 2 story sf residence with attached garage and porch only EUD","metadescription":"EP. New. New 2 story sf residence with attached garage and porch only EUD. Final. 4317 VAIL DIVIDE","address":"4317 VAIL DIVIDE","link":"https://abc.austintexas.gov/web/permit/public-search-other?t_detail=1&t_selected_folderrsn=10362490","tcad_id":"0125760612","location":"    (30.32134165, -97.98017761)","day_issued":"WEDNESDAY","project_id":"10362490","condominium":"No","status_date":"02/08/2010","jurisdiction":"BEE CAVE FULL PURPOSE","housing_units":"1","contractor_zip":"78691-____","contractor_city":"PFLUGERVILLE","issuance_method":"Permit Center","contractor_phone":"5128328900","contractor_trade":"Electrical Contractor","number_of_floors":"2","permit_type_desc":"Electrical Permit","fiscal_year_issued":"2010","total_new_add_sqft":"5,280","permit_class_mapped":"Residential","contractor_address_1":"PO BOX 3289","contractor_full_name":"Bryan Neal","issued_in_last_30_days":"No","certificate_of_occupancy":"No","property_legal_description":"LOT 104 BLK A FALCONHEAD WEST PHS 1 SEC 2 & PHS 2"},"geometry":{"type":"Point","coordinates":[-97.98017761,30.32134165]}},{"type":"Feature","properties":{"date":"2009-10-28T04:00:00.000Z","year":2009,"description":"New two stroy sf residence  with attached garage and porch only EUD","metadescription":"EP. New. New two stroy sf residence  with attached garage and porch only EUD. Final. 4328 VAIL DIVIDE","address":"4328 VAIL DIVIDE","link":"https://abc.austintexas.gov/web/permit/public-search-other?t_detail=1&t_selected_folderrsn=10358946","tcad_id":"0125760425","location":"    (30.32154508, -97.98122196)","day_issued":"WEDNESDAY","project_id":"10358946","condominium":"No","status_date":"03/02/2010","jurisdiction":"BEE CAVE FULL PURPOSE","housing_units":"1","contractor_zip":"78691-____","contractor_city":"PFLUGERVILLE","issuance_method":"Permit Center","contractor_phone":"5128328900","contractor_trade":"Electrical Contractor","number_of_floors":"2","permit_type_desc":"Electrical Permit","fiscal_year_issued":"2010","total_new_add_sqft":"5,211","permit_class_mapped":"Residential","contractor_address_1":"PO BOX 3289","contractor_full_name":"Bryan Neal","issued_in_last_30_days":"No","certificate_of_occupancy":"No","property_legal_description":"LOT 72 BLK C FALCONHEAD WEST PHS 1 SEC 2 & PHS 2"},"geometry":{"type":"Point","coordinates":[-97.98122196,30.32154508]}},{"type":"Feature","properties":{"date":"2009-10-22T04:00:00.000Z","year":2009,"description":"New 2 story sf residence with attached garage and porch only EUD","metadescription":"EP. New. New 2 story sf residence with attached garage and porch only EUD. Final. 16225 ZAGROS WAY","address":"16225 ZAGROS WAY","link":"https://abc.austintexas.gov/web/permit/public-search-other?t_detail=1&t_selected_folderrsn=10357393","tcad_id":"0125800133","location":"    (30.32573023, -97.99456502)","day_issued":"THURSDAY","project_id":"10357393","condominium":"No","status_date":"02/09/2010","jurisdiction":"BEE CAVE FULL PURPOSE","housing_units":"1","contractor_zip":"78691-____","contractor_city":"PFLUGERVILLE","issuance_method":"Permit Center","contractor_phone":"5128328900","contractor_trade":"Electrical Contractor","number_of_floors":"2","permit_type_desc":"Electrical Permit","fiscal_year_issued":"2010","total_new_add_sqft":"4,683","permit_class_mapped":"Residential","contractor_address_1":"PO BOX 3289","contractor_full_name":"Bryan Neal","issued_in_last_30_days":"No","certificate_of_occupancy":"No","property_legal_description":"LOT 164 BLK C FALCONHEAD WEST PHS 1 SEC 2 & PHS 2"},"geometry":{"type":"Point","coordinates":[-97.99456502,30.32573023]}},{"type":"Feature","properties":{"date":"2009-10-21T04:00:00.000Z","year":2009,"description":"New 2 story sf residence with attached garage and porch only EUD","metadescription":"EP. New. New 2 story sf residence with attached garage and porch only EUD. Final. 4708 SNAKE EAGLE CV","address":"4708 SNAKE EAGLE CV","link":"https://abc.austintexas.gov/web/permit/public-search-other?t_detail=1&t_selected_folderrsn=10356386","tcad_id":"0123730329","location":"    (30.31722143, -97.97656286)","day_issued":"WEDNESDAY","project_id":"10356386","condominium":"No","status_date":"01/26/2010","jurisdiction":"BEE CAVE FULL PURPOSE","housing_units":"1","contractor_zip":"78627","contractor_city":"Georgetown","issuance_method":"Permit Center","contractor_phone":"5126511025","contractor_trade":"Electrical Contractor","number_of_floors":"2","permit_type_desc":"Electrical Permit","fiscal_year_issued":"2010","total_new_add_sqft":"2,942","permit_class_mapped":"Residential","contractor_address_1":"P.O. Box 111","contractor_full_name":"Shaun Mcconathy","issued_in_last_30_days":"No","certificate_of_occupancy":"No","property_legal_description":"LOT 3 BLK N SPILLMAN RANCH PHS 3 & 4"},"geometry":{"type":"Point","coordinates":[-97.97656286,30.31722143]}},{"type":"Feature","properties":{"date":"2009-10-21T04:00:00.000Z","year":2009,"description":"New 2 story sf residence with attached garage and porch only","metadescription":"EP. New. New 2 story sf residence with attached garage and porch only. Final. 4809 PYRENEES PASS","address":"4809 PYRENEES PASS","link":"https://abc.austintexas.gov/web/permit/public-search-other?t_detail=1&t_selected_folderrsn=10356688","tcad_id":"0125780433","location":"    (30.32167944, -97.98961002)","day_issued":"WEDNESDAY","project_id":"10356688","condominium":"No","status_date":"02/19/2010","jurisdiction":"BEE CAVE FULL PURPOSE","housing_units":"1","contractor_zip":"78691-____","contractor_city":"PFLUGERVILLE","issuance_method":"Permit Center","contractor_phone":"5128328900","contractor_trade":"Electrical Contractor","number_of_floors":"2","permit_type_desc":"Electrical Permit","fiscal_year_issued":"2010","total_new_add_sqft":"2,874","permit_class_mapped":"Residential","contractor_address_1":"PO BOX 3289","contractor_full_name":"Bryan Neal","issued_in_last_30_days":"No","certificate_of_occupancy":"No","property_legal_description":"LOT 19 BLK A FALCONHEAD WEST PHS 1 SEC 2 & PHS 2"},"geometry":{"type":"Point","coordinates":[-97.98961002,30.32167944]}},{"type":"Feature","properties":{"date":"2009-10-14T04:00:00.000Z","year":2009,"description":"New 2 story sf residence with attached garage and porch only EUD","metadescription":"EP. New. New 2 story sf residence with attached garage and porch only EUD. Final. 3901 VAIL DIVIDE","address":"3901 VAIL DIVIDE","link":"https://abc.austintexas.gov/web/permit/public-search-other?t_detail=1&t_selected_folderrsn=10354187","tcad_id":"0125760147","location":"    (30.3257679, -97.98084004)","day_issued":"WEDNESDAY","project_id":"10354187","condominium":"No","status_date":"03/05/2010","jurisdiction":"BEE CAVE FULL PURPOSE","housing_units":"1","contractor_zip":"78691-____","contractor_city":"PFLUGERVILLE","issuance_method":"Permit Center","contractor_phone":"5128328900","contractor_trade":"Electrical Contractor","number_of_floors":"2","permit_type_desc":"Electrical Permit","fiscal_year_issued":"2010","total_new_add_sqft":"5,629","permit_class_mapped":"Residential","contractor_address_1":"PO BOX 3289","contractor_full_name":"Bryan Neal","issued_in_last_30_days":"No","certificate_of_occupancy":"No","property_legal_description":"LOT 29 BLK C FALCONHEAD WEST PHS 1 SEC 1"},"geometry":{"type":"Point","coordinates":[-97.98084004,30.3257679]}},{"type":"Feature","properties":{"date":"2009-10-12T04:00:00.000Z","year":2009,"description":"New sf residence with attached garage and porch only EUD","metadescription":"EP. New. New sf residence with attached garage and porch only EUD. Final. 16017 ZAGROS WAY","address":"16017 ZAGROS WAY","link":"https://abc.austintexas.gov/web/permit/public-search-other?t_detail=1&t_selected_folderrsn=10352754","tcad_id":"0125800159","location":"    (30.32294889, -97.99180464)","day_issued":"MONDAY","project_id":"10352754","condominium":"No","status_date":"02/09/2010","jurisdiction":"BEE CAVE FULL PURPOSE","housing_units":"1","contractor_zip":"78691-____","contractor_city":"PFLUGERVILLE","issuance_method":"Permit Center","contractor_phone":"5128328900","contractor_trade":"Electrical Contractor","number_of_floors":"1","permit_type_desc":"Electrical Permit","fiscal_year_issued":"2010","total_new_add_sqft":"3,913","permit_class_mapped":"Residential","contractor_address_1":"PO BOX 3289","contractor_full_name":"Bryan Neal","issued_in_last_30_days":"No","certificate_of_occupancy":"No","property_legal_description":"LOT 190 BLK C FALCONHEAD WEST PHS 1 SEC 2 & PHS 2"},"geometry":{"type":"Point","coordinates":[-97.99180464,30.32294889]}},{"type":"Feature","properties":{"date":"2009-10-12T04:00:00.000Z","year":2009,"description":"New sf residence with attached garage and porch only EUD","metadescription":"EP. New. New sf residence with attached garage and porch only EUD. Final. 4816 TAURUS WALK","address":"4816 TAURUS WALK","link":"https://abc.austintexas.gov/web/permit/public-search-other?t_detail=1&t_selected_folderrsn=10352751","tcad_id":"0125800150","location":"    (30.32371712, -97.99336159)","day_issued":"MONDAY","project_id":"10352751","condominium":"No","status_date":"02/23/2010","jurisdiction":"BEE CAVE FULL PURPOSE","housing_units":"1","contractor_zip":"78691-____","contractor_city":"PFLUGERVILLE","issuance_method":"Permit Center","contractor_phone":"5128328900","contractor_trade":"Electrical Contractor","number_of_floors":"1","permit_type_desc":"Electrical Permit","fiscal_year_issued":"2010","total_new_add_sqft":"3,993","permit_class_mapped":"Residential","contractor_address_1":"PO BOX 3289","contractor_full_name":"Bryan Neal","issued_in_last_30_days":"No","certificate_of_occupancy":"No","property_legal_description":"LOT 181 BLK C FALCONHEAD WEST PHS 1 SEC 2 & PHS 2"},"geometry":{"type":"Point","coordinates":[-97.99336159,30.32371712]}},{"type":"Feature","properties":{"date":"2009-10-09T04:00:00.000Z","year":2009,"description":"New sf residence with attached garage and porch only EUD","metadescription":"EP. New. New sf residence with attached garage and porch only EUD. Final. 16113 ZAGROS WAY","address":"16113 ZAGROS WAY","link":"https://abc.austintexas.gov/web/permit/public-search-other?t_detail=1&t_selected_folderrsn=10352267","tcad_id":"0125800144","location":"    (30.32453653, -97.99259988)","day_issued":"FRIDAY","project_id":"10352267","condominium":"No","status_date":"02/08/2010","jurisdiction":"BEE CAVE FULL PURPOSE","housing_units":"1","contractor_zip":"78691-____","contractor_city":"PFLUGERVILLE","issuance_method":"Permit Center","contractor_phone":"5128328900","contractor_trade":"Electrical Contractor","number_of_floors":"1","permit_type_desc":"Electrical Permit","fiscal_year_issued":"2010","total_new_add_sqft":"3,701","permit_class_mapped":"Residential","contractor_address_1":"PO BOX 3289","contractor_full_name":"Bryan Neal","issued_in_last_30_days":"No","certificate_of_occupancy":"No","property_legal_description":"LOT 175 BLK C FALCONHEAD WEST PHS 1 SEC 2 & PHS 2"},"geometry":{"type":"Point","coordinates":[-97.99259988,30.32453653]}},{"type":"Feature","properties":{"date":"2009-10-08T04:00:00.000Z","year":2009,"description":"New sf residence with attached garage and porch only","metadescription":"EP. New. New sf residence with attached garage and porch only. Final. 15405 SWISS ALPS CT","address":"15405 SWISS ALPS CT","link":"https://abc.austintexas.gov/web/permit/public-search-other?t_detail=1&t_selected_folderrsn=10351849","tcad_id":"0125760433","location":"    (30.32141337, -97.98213817)","day_issued":"THURSDAY","project_id":"10351849","condominium":"No","status_date":"02/10/2010","jurisdiction":"BEE CAVE FULL PURPOSE","housing_units":"1","contractor_zip":"78691-____","contractor_city":"PFLUGERVILLE","issuance_method":"Permit Center","contractor_phone":"5128328900","contractor_trade":"Electrical Contractor","number_of_floors":"1","permit_type_desc":"Electrical Permit","fiscal_year_issued":"2010","total_new_add_sqft":"3,993","permit_class_mapped":"Residential","contractor_address_1":"PO BOX 3289","contractor_full_name":"Bryan Neal","issued_in_last_30_days":"No","certificate_of_occupancy":"No","property_legal_description":"LOT 80 BLK C FALCONHEAD WEST PHS 1 SEC 2 & PHS 2"},"geometry":{"type":"Point","coordinates":[-97.98213817,30.32141337]}},{"type":"Feature","properties":{"date":"2009-10-08T04:00:00.000Z","year":2009,"description":"New sf residence with attached garage and porch only EUD","metadescription":"EP. New. New sf residence with attached garage and porch only EUD. Final. 4305 VAIL DIVIDE","address":"4305 VAIL DIVIDE","link":"https://abc.austintexas.gov/web/permit/public-search-other?t_detail=1&t_selected_folderrsn=10351856","tcad_id":"0125760615","location":"    (30.32158176, -97.97947433)","day_issued":"THURSDAY","project_id":"10351856","condominium":"No","status_date":"01/20/2010","jurisdiction":"BEE CAVE FULL PURPOSE","housing_units":"1","contractor_zip":"78691-____","contractor_city":"PFLUGERVILLE","issuance_method":"Permit Center","contractor_phone":"5128328900","contractor_trade":"Electrical Contractor","number_of_floors":"1","permit_type_desc":"Electrical Permit","fiscal_year_issued":"2010","total_new_add_sqft":"4,268","permit_class_mapped":"Residential","contractor_address_1":"PO BOX 3289","contractor_full_name":"Bryan Neal","issued_in_last_30_days":"No","certificate_of_occupancy":"No","property_legal_description":"LOT 107 BLK A FALCONHEAD WEST PHS 1 SEC 2 & PHS 2"},"geometry":{"type":"Point","coordinates":[-97.97947433,30.32158176]}},{"type":"Feature","properties":{"date":"2009-10-08T04:00:00.000Z","year":2009,"description":"New 2 story sf residence with attached garage and porch only EUD","metadescription":"EP. New. New 2 story sf residence with attached garage and porch only EUD. Final. 4808 MONT BLANC DR","address":"4808 MONT BLANC DR","link":"https://abc.austintexas.gov/web/permit/public-search-other?t_detail=1&t_selected_folderrsn=10351843","tcad_id":"0125800161","location":"    (30.32241437, -97.99205221)","day_issued":"THURSDAY","project_id":"10351843","condominium":"No","status_date":"03/01/2010","jurisdiction":"BEE CAVE FULL PURPOSE","housing_units":"1","contractor_zip":"78691-____","contractor_city":"PFLUGERVILLE","issuance_method":"Permit Center","contractor_phone":"5128328900","contractor_trade":"Electrical Contractor","number_of_floors":"2","permit_type_desc":"Electrical Permit","fiscal_year_issued":"2010","total_new_add_sqft":"4,998","permit_class_mapped":"Residential","contractor_address_1":"PO BOX 3289","contractor_full_name":"Bryan Neal","issued_in_last_30_days":"No","certificate_of_occupancy":"No","property_legal_description":"LOT 193 BLK C FALCONHEAD WEST PHS 1 SEC 2 & PHS 2"},"geometry":{"type":"Point","coordinates":[-97.99205221,30.32241437]}},{"type":"Feature","properties":{"date":"2009-09-30T04:00:00.000Z","year":2009,"description":"New 2 story sf residence with attached garage and porch only EUD","metadescription":"EP. New. New 2 story sf residence with attached garage and porch only EUD. Final. 3921 VAIL DIVIDE","address":"3921 VAIL DIVIDE","link":"https://abc.austintexas.gov/web/permit/public-search-other?t_detail=1&t_selected_folderrsn=10347926","tcad_id":"0125760142","location":"    (30.32524696, -97.9795783)","day_issued":"WEDNESDAY","project_id":"10347926","condominium":"No","status_date":"01/20/2010","jurisdiction":"BEE CAVE FULL PURPOSE","housing_units":"1","contractor_zip":"78691-____","contractor_city":"PFLUGERVILLE","issuance_method":"Permit Center","contractor_phone":"5128328900","contractor_trade":"Electrical Contractor","number_of_floors":"2","permit_type_desc":"Electrical Permit","fiscal_year_issued":"2009","total_new_add_sqft":"4,568","permit_class_mapped":"Residential","contractor_address_1":"PO BOX 3289","contractor_full_name":"Bryan Neal","issued_in_last_30_days":"No","certificate_of_occupancy":"No","property_legal_description":"LOT 24 BLK C FALCONHEAD WEST PHS 1 SEC 1"},"geometry":{"type":"Point","coordinates":[-97.9795783,30.32524696]}},{"type":"Feature","properties":{"date":"2009-09-29T04:00:00.000Z","year":2009,"description":"New sf residence with attached garage and porch only EUD","metadescription":"EP. New. New sf residence with attached garage and porch only EUD. Final. 16020 ZAGROS WAY","address":"16020 ZAGROS WAY","link":"https://abc.austintexas.gov/web/permit/public-search-other?t_detail=1&t_selected_folderrsn=10347100","tcad_id":"0125780158","location":"    (30.32331893, -97.99158643)","day_issued":"TUESDAY","project_id":"10347100","condominium":"No","status_date":"03/15/2010","jurisdiction":"BEE CAVE FULL PURPOSE","housing_units":"1","contractor_zip":"78691-____","contractor_city":"PFLUGERVILLE","issuance_method":"Permit Center","contractor_phone":"5128328900","contractor_trade":"Electrical Contractor","number_of_floors":"1","permit_type_desc":"Electrical Permit","fiscal_year_issued":"2009","total_new_add_sqft":"3,733","permit_class_mapped":"Residential","contractor_address_1":"PO BOX 3289","contractor_full_name":"Bryan Neal","issued_in_last_30_days":"No","certificate_of_occupancy":"No","property_legal_description":"LOT 142 BLK C FALCONHEAD WEST PHS 1 SEC 2 & PHS 2"},"geometry":{"type":"Point","coordinates":[-97.99158643,30.32331893]}},{"type":"Feature","properties":{"date":"2009-09-25T04:00:00.000Z","year":2009,"description":"New 2 story sf residence with attached garage and porch only EUD","metadescription":"EP. New. New 2 story sf residence with attached garage and porch only EUD. Final. 16125 ZAGROS WAY","address":"16125 ZAGROS WAY","link":"https://abc.austintexas.gov/web/permit/public-search-other?t_detail=1&t_selected_folderrsn=10346038","tcad_id":"0125800141","location":"    (30.325124, -97.99284242)","day_issued":"FRIDAY","project_id":"10346038","condominium":"No","status_date":"01/13/2010","jurisdiction":"BEE CAVE FULL PURPOSE","housing_units":"1","contractor_zip":"78691-____","contractor_city":"PFLUGERVILLE","issuance_method":"Permit Center","contractor_phone":"5128328900","contractor_trade":"Electrical Contractor","number_of_floors":"2","permit_type_desc":"Electrical Permit","fiscal_year_issued":"2009","total_new_add_sqft":"4,987","permit_class_mapped":"Residential","contractor_address_1":"PO BOX 3289","contractor_full_name":"Bryan Neal","issued_in_last_30_days":"No","certificate_of_occupancy":"No","property_legal_description":"LOT 172 BLK C FALCONHEAD WEST PHS 1 SEC 2 & PHS 2"},"geometry":{"type":"Point","coordinates":[-97.99284242,30.325124]}},{"type":"Feature","properties":{"date":"2009-09-24T04:00:00.000Z","year":2009,"description":"New 2 story sf residence with attached garage and porch only EUD","metadescription":"EP. New. New 2 story sf residence with attached garage and porch only EUD. Final. 4325 VAIL DIVIDE","address":"4325 VAIL DIVIDE","link":"https://abc.austintexas.gov/web/permit/public-search-other?t_detail=1&t_selected_folderrsn=10345784","tcad_id":"0125760610","location":"    (30.3211859, -97.98068229)","day_issued":"THURSDAY","project_id":"10345784","condominium":"No","status_date":"02/08/2010","jurisdiction":"BEE CAVE FULL PURPOSE","housing_units":"1","contractor_zip":"78691-____","contractor_city":"PFLUGERVILLE","issuance_method":"Permit Center","contractor_phone":"5128328900","contractor_trade":"Electrical Contractor","number_of_floors":"2","permit_type_desc":"Electrical Permit","fiscal_year_issued":"2009","total_new_add_sqft":"4,578","permit_class_mapped":"Residential","contractor_address_1":"PO BOX 3289","contractor_full_name":"Bryan Neal","issued_in_last_30_days":"No","certificate_of_occupancy":"No","property_legal_description":"LOT 102 BLK A FALCONHEAD WEST PHS 1 SEC 2 & PHS 2"},"geometry":{"type":"Point","coordinates":[-97.98068229,30.3211859]}},{"type":"Feature","properties":{"date":"2009-09-03T04:00:00.000Z","year":2009,"description":"New sf residence with attached garage and porch only EUD","metadescription":"EP. New. New sf residence with attached garage and porch only EUD. Final. 15704 SAYAN CV","address":"15704 SAYAN CV","link":"https://abc.austintexas.gov/web/permit/public-search-other?t_detail=1&t_selected_folderrsn=10337050","tcad_id":"0125780313","location":"    (30.32219124, -97.9881203)","day_issued":"THURSDAY","project_id":"10337050","condominium":"No","status_date":"01/20/2010","jurisdiction":"BEE CAVE FULL PURPOSE","housing_units":"1","contractor_zip":"78691-____","contractor_city":"PFLUGERVILLE","issuance_method":"Permit Center","contractor_phone":"5128328900","contractor_trade":"Electrical Contractor","number_of_floors":"1","permit_type_desc":"Electrical Permit","fiscal_year_issued":"2009","total_new_add_sqft":"2,874","permit_class_mapped":"Residential","contractor_address_1":"PO BOX 3289","contractor_full_name":"Bryan Neal","issued_in_last_30_days":"No","certificate_of_occupancy":"No","property_legal_description":"LOT 20 BLK F FALCONHEAD WEST PHS 1 SEC 1"},"geometry":{"type":"Point","coordinates":[-97.9881203,30.32219124]}},{"type":"Feature","properties":{"date":"2009-08-27T04:00:00.000Z","year":2009,"description":"New 2 story sf residence with attached garage and coverd porch only EUD","metadescription":"EP. New. New 2 story sf residence with attached garage and coverd porch only EUD. Final. 4205 VAIL DIVIDE","address":"4205 VAIL DIVIDE","link":"https://abc.austintexas.gov/web/permit/public-search-other?t_detail=1&t_selected_folderrsn=10333457","tcad_id":"0125760125","location":"    (30.32280236, -97.9782494)","day_issued":"THURSDAY","project_id":"10333457","condominium":"No","status_date":"11/25/2009","jurisdiction":"BEE CAVE FULL PURPOSE","housing_units":"1","contractor_zip":"78691-____","contractor_city":"PFLUGERVILLE","issuance_method":"Permit Center","contractor_phone":"5128328900","contractor_trade":"Electrical Contractor","number_of_floors":"2","permit_type_desc":"Electrical Permit","fiscal_year_issued":"2009","total_new_add_sqft":"5,507","permit_class_mapped":"Residential","contractor_address_1":"PO BOX 3289","contractor_full_name":"Bryan Neal","issued_in_last_30_days":"No","certificate_of_occupancy":"No","property_legal_description":"LOT 7 BLK C FALCONHEAD WEST PHS 1 SEC 1"},"geometry":{"type":"Point","coordinates":[-97.9782494,30.32280236]}},{"type":"Feature","properties":{"date":"2009-08-12T04:00:00.000Z","year":2009,"description":"New SF Resid w/att garage-porch-covered patio eud","metadescription":"EP. New. New SF Resid w/att garage-porch-covered patio eud. Final. 16024 ZAGROS WAY","address":"16024 ZAGROS WAY","link":"https://abc.austintexas.gov/web/permit/public-search-other?t_detail=1&t_selected_folderrsn=10324802","tcad_id":"0125780159","location":"    (30.32345864, -97.99170668)","day_issued":"WEDNESDAY","project_id":"10324802","condominium":"No","status_date":"12/09/2009","jurisdiction":"BEE CAVE FULL PURPOSE","housing_units":"1","contractor_zip":"78691-____","contractor_city":"PFLUGERVILLE","issuance_method":"Permit Center","contractor_phone":"5128328900","contractor_trade":"Electrical Contractor","number_of_floors":"1","permit_type_desc":"Electrical Permit","fiscal_year_issued":"2009","total_new_add_sqft":"2,874","permit_class_mapped":"Residential","contractor_address_1":"PO BOX 3289","contractor_full_name":"Bryan Neal","issued_in_last_30_days":"No","certificate_of_occupancy":"No","property_legal_description":"LOT 143 BLK C FALCONHEAD WEST PHS 1 SEC 2 & PHS 2"},"geometry":{"type":"Point","coordinates":[-97.99170668,30.32345864]}},{"type":"Feature","properties":{"date":"2009-08-06T04:00:00.000Z","year":2009,"description":"New 2 stry SF Resid w/garage-porch and covered patio eud","metadescription":"EP. New. New 2 stry SF Resid w/garage-porch and covered patio eud. Final. 4644 MONT BLANC DR","address":"4644 MONT BLANC DR","link":"https://abc.austintexas.gov/web/permit/public-search-other?t_detail=1&t_selected_folderrsn=10322813","tcad_id":"0125780133","location":"    (30.32370966, -97.98888863)","day_issued":"THURSDAY","project_id":"10322813","condominium":"No","status_date":"02/02/2010","jurisdiction":"BEE CAVE FULL PURPOSE","housing_units":"1","contractor_zip":"78691-____","contractor_city":"PFLUGERVILLE","issuance_method":"Permit Center","contractor_phone":"5128328900","contractor_trade":"Electrical Contractor","number_of_floors":"2","permit_type_desc":"Electrical Permit","fiscal_year_issued":"2009","total_new_add_sqft":"4,669","permit_class_mapped":"Residential","contractor_address_1":"PO BOX 3289","contractor_full_name":"Bryan Neal","issued_in_last_30_days":"No","certificate_of_occupancy":"No","property_legal_description":"LOT 117 BLK C FALCONHEAD WEST PHS 1 SEC 1"},"geometry":{"type":"Point","coordinates":[-97.98888863,30.32370966]}},{"type":"Feature","properties":{"date":"2009-08-05T04:00:00.000Z","year":2009,"description":"New sf residence with attached garage and porch only EUD","metadescription":"EP. New. New sf residence with attached garage and porch only EUD. Final. 16116 ZAGROS WAY","address":"16116 ZAGROS WAY","link":"https://abc.austintexas.gov/web/permit/public-search-other?t_detail=1&t_selected_folderrsn=10322042","tcad_id":"0125800119","location":"    (30.32481073, -97.99225402)","day_issued":"WEDNESDAY","project_id":"10322042","condominium":"No","status_date":"11/12/2009","jurisdiction":"BEE CAVE FULL PURPOSE","housing_units":"1","contractor_zip":"78691-____","contractor_city":"PFLUGERVILLE","issuance_method":"Permit Center","contractor_phone":"5128328900","contractor_trade":"Electrical Contractor","number_of_floors":"1","permit_type_desc":"Electrical Permit","fiscal_year_issued":"2009","total_new_add_sqft":"3,987","permit_class_mapped":"Residential","contractor_address_1":"PO BOX 3289","contractor_full_name":"Bryan Neal","issued_in_last_30_days":"No","certificate_of_occupancy":"No","property_legal_description":"LOT 150 BLK C FALCONHEAD WEST PHS 1 SEC 2 & PHS 2"},"geometry":{"type":"Point","coordinates":[-97.99225402,30.32481073]}},{"type":"Feature","properties":{"date":"2009-08-03T04:00:00.000Z","year":2009,"description":"New sf residence with attached garage and porch only EUD","metadescription":"EP. New. New sf residence with attached garage and porch only EUD. Final. 4509 PYRENEES PASS","address":"4509 PYRENEES PASS","link":"https://abc.austintexas.gov/web/permit/public-search-other?t_detail=1&t_selected_folderrsn=10320749","tcad_id":"0125780413","location":"    (30.32094891, -97.98605823)","day_issued":"MONDAY","project_id":"10320749","condominium":"No","status_date":"11/05/2009","jurisdiction":"BEE CAVE FULL PURPOSE","housing_units":"1","contractor_zip":"78691-____","contractor_city":"PFLUGERVILLE","issuance_method":"Permit Center","contractor_phone":"5128328900","contractor_trade":"Electrical Contractor","number_of_floors":"1","permit_type_desc":"Electrical Permit","fiscal_year_issued":"2009","total_new_add_sqft":"3,123","permit_class_mapped":"Residential","contractor_address_1":"PO BOX 3289","contractor_full_name":"Bryan Neal","issued_in_last_30_days":"No","certificate_of_occupancy":"No","property_legal_description":"LOT 38 BLK A FALCONHEAD WEST PHS 1 SEC 1"},"geometry":{"type":"Point","coordinates":[-97.98605823,30.32094891]}},{"type":"Feature","properties":{"date":"2009-07-23T04:00:00.000Z","year":2009,"description":"New sf residence with attached garage and porch only EUD","metadescription":"EP. New. New sf residence with attached garage and porch only EUD. Final. 16120 ZAGROS WAY","address":"16120 ZAGROS WAY","link":"https://abc.austintexas.gov/web/permit/public-search-other?t_detail=1&t_selected_folderrsn=10316464","tcad_id":"0125800120","location":"    (30.32501251, -97.99230936)","day_issued":"THURSDAY","project_id":"10316464","condominium":"No","status_date":"11/12/2009","jurisdiction":"BEE CAVE FULL PURPOSE","housing_units":"1","contractor_zip":"78691-____","contractor_city":"PFLUGERVILLE","issuance_method":"Permit Center","contractor_phone":"5128328900","contractor_trade":"Electrical Contractor","number_of_floors":"1","permit_type_desc":"Electrical Permit","fiscal_year_issued":"2009","total_new_add_sqft":"3,993","permit_class_mapped":"Residential","contractor_address_1":"PO BOX 3289","contractor_full_name":"Bryan Neal","issued_in_last_30_days":"No","certificate_of_occupancy":"No","property_legal_description":"LOT 151 BLK C FALCONHEAD WEST PHS 1 SEC 2 & PHS 2"},"geometry":{"type":"Point","coordinates":[-97.99230936,30.32501251]}},{"type":"Feature","properties":{"date":"2009-07-23T04:00:00.000Z","year":2009,"description":"New sf residence with attached garage and porch only EUD","metadescription":"EP. New. New sf residence with attached garage and porch only EUD. Final. 4812 TAURUS WALK","address":"4812 TAURUS WALK","link":"https://abc.austintexas.gov/web/permit/public-search-other?t_detail=1&t_selected_folderrsn=10316782","tcad_id":"0125800149","location":"    (30.32390379, -97.99319221)","day_issued":"THURSDAY","project_id":"10316782","condominium":"No","status_date":"10/14/2009","jurisdiction":"BEE CAVE FULL PURPOSE","housing_units":"1","contractor_zip":"78691-____","contractor_city":"PFLUGERVILLE","issuance_method":"Permit Center","contractor_phone":"5128328900","contractor_trade":"Electrical Contractor","number_of_floors":"1","permit_type_desc":"Electrical Permit","fiscal_year_issued":"2009","total_new_add_sqft":"3,512","permit_class_mapped":"Residential","contractor_address_1":"PO BOX 3289","contractor_full_name":"Bryan Neal","issued_in_last_30_days":"No","certificate_of_occupancy":"No","property_legal_description":"LOT 180 BLK C FALCONHEAD WEST PHS 1 SEC 2 & PHS 2"},"geometry":{"type":"Point","coordinates":[-97.99319221,30.32390379]}},{"type":"Feature","properties":{"date":"2009-07-16T04:00:00.000Z","year":2009,"description":"Install electric for new SF residence with attached garage and covered porch-service only-EUD","metadescription":"EP. New. Install electric for new SF residence with attached garage and covered porch-service only-EUD. Final. 4701 PYRENEES PASS","address":"4701 PYRENEES PASS","link":"https://abc.austintexas.gov/web/permit/public-search-other?t_detail=1&t_selected_folderrsn=10312856","tcad_id":"0125780401","location":"    (30.32147853, -97.98824858)","day_issued":"THURSDAY","project_id":"10312856","condominium":"No","status_date":"10/21/2009","jurisdiction":"BEE CAVE FULL PURPOSE","housing_units":"1","contractor_zip":"78691-____","contractor_city":"PFLUGERVILLE","issuance_method":"Permit Center","contractor_phone":"5128328900","contractor_trade":"Electrical Contractor","number_of_floors":"1","permit_type_desc":"Electrical Permit","fiscal_year_issued":"2009","total_new_add_sqft":"2,874","permit_class_mapped":"Residential","contractor_address_1":"PO BOX 3289","contractor_full_name":"Bryan Neal","issued_in_last_30_days":"No","certificate_of_occupancy":"No","property_legal_description":"LOT 26 BLK A FALCONHEAD WEST PHS 1 SEC 1"},"geometry":{"type":"Point","coordinates":[-97.98824858,30.32147853]}},{"type":"Feature","properties":{"date":"2009-07-13T04:00:00.000Z","year":2009,"description":"New SF Resid w/att garage-porch covered patio EUD","metadescription":"EP. New. New SF Resid w/att garage-porch covered patio EUD. Final. 4504 PYRENEES PASS","address":"4504 PYRENEES PASS","link":"https://abc.austintexas.gov/web/permit/public-search-other?t_detail=1&t_selected_folderrsn=10309020","tcad_id":"0125780417","location":"    (30.32124337, -97.98546776)","day_issued":"MONDAY","project_id":"10309020","condominium":"No","status_date":"11/05/2009","jurisdiction":"BEE CAVE FULL PURPOSE","housing_units":"1","contractor_zip":"78691-____","contractor_city":"PFLUGERVILLE","issuance_method":"Permit Center","contractor_phone":"5128328900","contractor_trade":"Electrical Contractor","number_of_floors":"1","permit_type_desc":"Electrical Permit","fiscal_year_issued":"2009","total_new_add_sqft":"3,307","permit_class_mapped":"Residential","contractor_address_1":"PO BOX 3289","contractor_full_name":"Bryan Neal","issued_in_last_30_days":"No","certificate_of_occupancy":"No","property_legal_description":"LOT 42 BLK A FALCONHEAD WEST PHS 1 SEC 1"},"geometry":{"type":"Point","coordinates":[-97.98546776,30.32124337]}},{"type":"Feature","properties":{"date":"2009-07-08T04:00:00.000Z","year":2009,"description":"New sf residence with attached garage and porch only EUD","metadescription":"EP. New. New sf residence with attached garage and porch only EUD. Final. 4533 PYRENEES PASS","address":"4533 PYRENEES PASS","link":"https://abc.austintexas.gov/web/permit/public-search-other?t_detail=1&t_selected_folderrsn=10307053","tcad_id":"0125780407","location":"    (30.32123008, -97.98714508)","day_issued":"WEDNESDAY","project_id":"10307053","condominium":"No","status_date":"10/21/2009","jurisdiction":"BEE CAVE FULL PURPOSE","housing_units":"1","contractor_zip":"78691-____","contractor_city":"PFLUGERVILLE","issuance_method":"Permit Center","contractor_phone":"5128328900","contractor_trade":"Electrical Contractor","number_of_floors":"1","permit_type_desc":"Electrical Permit","fiscal_year_issued":"2009","total_new_add_sqft":"2,874","permit_class_mapped":"Residential","contractor_address_1":"PO BOX 3289","contractor_full_name":"Bryan Neal","issued_in_last_30_days":"No","certificate_of_occupancy":"No","property_legal_description":"LOT 32 BLK A FALCONHEAD WEST PHS 1 SEC 1","electrical_valuation_remodel":"$2,874.00"},"geometry":{"type":"Point","coordinates":[-97.98714508,30.32123008]}},{"type":"Feature","properties":{"date":"2009-07-06T04:00:00.000Z","year":2009,"description":"New sf residence with attached garage and porch only EUD","metadescription":"EP. New. New sf residence with attached garage and porch only EUD. Final. 16004 SNOWDONIA CV","address":"16004 SNOWDONIA CV","link":"https://abc.austintexas.gov/web/permit/public-search-other?t_detail=1&t_selected_folderrsn=10305951","tcad_id":"0125780147","location":"    (30.32374975, -97.98972775)","day_issued":"MONDAY","project_id":"10305951","condominium":"No","status_date":"10/21/2009","jurisdiction":"BEE CAVE FULL PURPOSE","housing_units":"1","contractor_zip":"78691-____","contractor_city":"PFLUGERVILLE","issuance_method":"Permit Center","contractor_phone":"5128328900","contractor_trade":"Electrical Contractor","number_of_floors":"1","permit_type_desc":"Electrical Permit","fiscal_year_issued":"2009","total_new_add_sqft":"3,733","permit_class_mapped":"Residential","contractor_address_1":"PO BOX 3289","contractor_full_name":"Bryan Neal","issued_in_last_30_days":"No","certificate_of_occupancy":"No","property_legal_description":"LOT 131 BLK C FALCONHEAD WEST PHS 1 SEC 1"},"geometry":{"type":"Point","coordinates":[-97.98972775,30.32374975]}},{"type":"Feature","properties":{"date":"2009-07-01T04:00:00.000Z","year":2009,"description":"New sf residence with attached garage and porch only EUD","metadescription":"EP. New. New sf residence with attached garage and porch only EUD. Final. 4609 MONT BLANC DR","address":"4609 MONT BLANC DR","link":"https://abc.austintexas.gov/web/permit/public-search-other?t_detail=1&t_selected_folderrsn=10304432","tcad_id":"0125780217","location":"    (30.3229076, -97.98713916)","day_issued":"WEDNESDAY","project_id":"10304432","condominium":"No","status_date":"09/17/2009","jurisdiction":"BEE CAVE FULL PURPOSE","housing_units":"1","contractor_zip":"78691-____","contractor_city":"PFLUGERVILLE","issuance_method":"Permit Center","contractor_phone":"5128328900","contractor_trade":"Electrical Contractor","number_of_floors":"1","permit_type_desc":"Electrical Permit","fiscal_year_issued":"2009","total_new_add_sqft":"3,512","permit_class_mapped":"Residential","contractor_address_1":"PO BOX 3289","contractor_full_name":"Bryan Neal","issued_in_last_30_days":"No","certificate_of_occupancy":"No","property_legal_description":"LOT 19 BLK G FALCONHEAD WEST PHS 1 SEC 1"},"geometry":{"type":"Point","coordinates":[-97.98713916,30.3229076]}},{"type":"Feature","properties":{"date":"2009-06-29T04:00:00.000Z","year":2009,"description":"New 2 story sf residence with attached garage and porch only EUD","metadescription":"EP. New. New 2 story sf residence with attached garage and porch only EUD. Final. 16009 SNOWDONIA CV","address":"16009 SNOWDONIA CV","link":"https://abc.austintexas.gov/web/permit/public-search-other?t_detail=1&t_selected_folderrsn=10303731","tcad_id":"0125780136","location":"    (30.32406582, -97.98941574)","day_issued":"MONDAY","project_id":"10303731","condominium":"No","status_date":"11/12/2009","jurisdiction":"BEE CAVE FULL PURPOSE","housing_units":"1","contractor_zip":"78691-____","contractor_city":"PFLUGERVILLE","issuance_method":"Permit Center","contractor_phone":"5128328900","contractor_trade":"Electrical Contractor","number_of_floors":"2","permit_type_desc":"Electrical Permit","fiscal_year_issued":"2009","total_new_add_sqft":"4,839","permit_class_mapped":"Residential","contractor_address_1":"PO BOX 3289","contractor_full_name":"Bryan Neal","issued_in_last_30_days":"No","certificate_of_occupancy":"No","property_legal_description":"LOT 120 BLK C FALCONHEAD WEST PHS 1 SEC 1"},"geometry":{"type":"Point","coordinates":[-97.98941574,30.32406582]}},{"type":"Feature","properties":{"date":"2009-06-26T04:00:00.000Z","year":2009,"description":"New sf residence with attached garage and porch only EUD","metadescription":"EP. New. New sf residence with attached garage and porch only EUD. Final. 4501 MONT BLANC DR","address":"4501 MONT BLANC DR","link":"https://abc.austintexas.gov/web/permit/public-search-other?t_detail=1&t_selected_folderrsn=10300942","tcad_id":"0125780110","location":"    (30.32175576, -97.98446304)","day_issued":"FRIDAY","project_id":"10300942","condominium":"No","status_date":"09/28/2009","jurisdiction":"BEE CAVE FULL PURPOSE","housing_units":"1","contractor_zip":"78691-____","contractor_city":"PFLUGERVILLE","issuance_method":"Permit Center","contractor_phone":"5128328900","contractor_trade":"Electrical Contractor","number_of_floors":"1","permit_type_desc":"Electrical Permit","fiscal_year_issued":"2009","total_new_add_sqft":"3,993","permit_class_mapped":"Residential","contractor_address_1":"PO BOX 3289","contractor_full_name":"Bryan Neal","issued_in_last_30_days":"No","certificate_of_occupancy":"No","property_legal_description":"LOT 94 BLK C FALCONHEAD WEST PHS 1 SEC 1"},"geometry":{"type":"Point","coordinates":[-97.98446304,30.32175576]}},{"type":"Feature","properties":{"date":"2009-06-26T04:00:00.000Z","year":2009,"description":"New 2 story sf residence with attached garage and porch only EUD","metadescription":"EP. New. New 2 story sf residence with attached garage and porch only EUD. Final. 3925 VAIL DIVIDE","address":"3925 VAIL DIVIDE","link":"https://abc.austintexas.gov/web/permit/public-search-other?t_detail=1&t_selected_folderrsn=10300946","tcad_id":"0125760141","location":"    (30.32514936, -97.97935559)","day_issued":"FRIDAY","project_id":"10300946","condominium":"No","status_date":"10/26/2009","jurisdiction":"BEE CAVE FULL PURPOSE","housing_units":"1","contractor_zip":"78691-____","contractor_city":"PFLUGERVILLE","issuance_method":"Permit Center","contractor_phone":"5128328900","contractor_trade":"Electrical Contractor","number_of_floors":"2","permit_type_desc":"Electrical Permit","fiscal_year_issued":"2009","total_new_add_sqft":"4,474","permit_class_mapped":"Residential","contractor_address_1":"PO BOX 3289","contractor_full_name":"Bryan Neal","issued_in_last_30_days":"No","certificate_of_occupancy":"No","property_legal_description":"LOT 23 BLK C FALCONHEAD WEST PHS 1 SEC 1"},"geometry":{"type":"Point","coordinates":[-97.97935559,30.32514936]}},{"type":"Feature","properties":{"date":"2009-06-26T04:00:00.000Z","year":2009,"description":"New 2 story sf residence with attached garage and porch only EUD","metadescription":"EP. New. New 2 story sf residence with attached garage and porch only EUD. Final. 4309 VAIL DIVIDE","address":"4309 VAIL DIVIDE","link":"https://abc.austintexas.gov/web/permit/public-search-other?t_detail=1&t_selected_folderrsn=10300940","tcad_id":"0125760614","location":"    (30.32151447, -97.97970422)","day_issued":"FRIDAY","project_id":"10300940","condominium":"No","status_date":"10/27/2009","jurisdiction":"BEE CAVE FULL PURPOSE","housing_units":"1","contractor_zip":"78691-____","contractor_city":"PFLUGERVILLE","issuance_method":"Permit Center","contractor_phone":"5128328900","contractor_trade":"Electrical Contractor","number_of_floors":"2","permit_type_desc":"Electrical Permit","fiscal_year_issued":"2009","total_new_add_sqft":"4,578","permit_class_mapped":"Residential","contractor_address_1":"PO BOX 3289","contractor_full_name":"Bryan Neal","issued_in_last_30_days":"No","certificate_of_occupancy":"No","property_legal_description":"LOT 106 BLK A FALCONHEAD WEST PHS 1 SEC 2 & PHS 2"},"geometry":{"type":"Point","coordinates":[-97.97970422,30.32151447]}},{"type":"Feature","properties":{"date":"2009-06-26T04:00:00.000Z","year":2009,"description":"New sf residence with attached garage and porch only EUD","metadescription":"EP. New. New sf residence with attached garage and porch only EUD. Final. 4613 PYRENEES PASS","address":"4613 PYRENEES PASS","link":"https://abc.austintexas.gov/web/permit/public-search-other?t_detail=1&t_selected_folderrsn=10300863","tcad_id":"0125780403","location":"    (30.32138127, -97.98789272)","day_issued":"FRIDAY","project_id":"10300863","condominium":"No","status_date":"10/05/2009","jurisdiction":"BEE CAVE FULL PURPOSE","housing_units":"1","contractor_zip":"78691-____","contractor_city":"PFLUGERVILLE","issuance_method":"Permit Center","contractor_phone":"5128328900","contractor_trade":"Electrical Contractor","number_of_floors":"1","permit_type_desc":"Electrical Permit","fiscal_year_issued":"2009","total_new_add_sqft":"2,874","permit_class_mapped":"Residential","contractor_address_1":"PO BOX 3289","contractor_full_name":"Bryan Neal","issued_in_last_30_days":"No","certificate_of_occupancy":"No","property_legal_description":"LOT 28 BLK A FALCONHEAD WEST PHS 1 SEC 1"},"geometry":{"type":"Point","coordinates":[-97.98789272,30.32138127]}},{"type":"Feature","properties":{"date":"2009-06-10T04:00:00.000Z","year":2009,"description":"New two story sf residence with attached garage and porch only EUD","metadescription":"EP. New. New two story sf residence with attached garage and porch only EUD. Final. 4008 VAIL DIVIDE","address":"4008 VAIL DIVIDE","link":"https://abc.austintexas.gov/web/permit/public-search-other?t_detail=1&t_selected_folderrsn=10292431","tcad_id":"0125760152","location":"    (30.3243018, -97.97872955)","day_issued":"WEDNESDAY","project_id":"10292431","condominium":"No","status_date":"09/28/2009","jurisdiction":"BEE CAVE FULL PURPOSE","housing_units":"1","contractor_zip":"78691-____","contractor_city":"PFLUGERVILLE","issuance_method":"Permit Center","contractor_phone":"5128328900","contractor_trade":"Electrical Contractor","number_of_floors":"2","permit_type_desc":"Electrical Permit","fiscal_year_issued":"2009","total_new_add_sqft":"5,629","permit_class_mapped":"Residential","contractor_address_1":"PO BOX 3289","contractor_full_name":"Bryan Neal","issued_in_last_30_days":"No","certificate_of_occupancy":"No","property_legal_description":"LOT 35 BLK C FALCONHEAD WEST PHS 1 SEC 1"},"geometry":{"type":"Point","coordinates":[-97.97872955,30.3243018]}},{"type":"Feature","properties":{"date":"2009-05-28T04:00:00.000Z","year":2009,"description":"New 2 story sf residence with attached garage and porch only EUD","metadescription":"EP. New. New 2 story sf residence with attached garage and porch only EUD. Final. 4628 MONT BLANC DR","address":"4628 MONT BLANC DR","link":"https://abc.austintexas.gov/web/permit/public-search-other?t_detail=1&t_selected_folderrsn=10287038","tcad_id":"0125780129","location":"    (30.32360998, -97.9879495)","day_issued":"THURSDAY","project_id":"10287038","condominium":"No","status_date":"09/16/2009","jurisdiction":"BEE CAVE FULL PURPOSE","housing_units":"1","contractor_zip":"78691-____","contractor_city":"PFLUGERVILLE","issuance_method":"Permit Center","contractor_phone":"5128328900","contractor_trade":"Electrical Contractor","number_of_floors":"2","permit_type_desc":"Electrical Permit","fiscal_year_issued":"2009","total_new_add_sqft":"4,766","permit_class_mapped":"Residential","contractor_address_1":"PO BOX 3289","contractor_full_name":"Bryan Neal","issued_in_last_30_days":"No","certificate_of_occupancy":"No","property_legal_description":"LOT 113 BLK C FALCONHEAD WEST PHS 1 SEC 1"},"geometry":{"type":"Point","coordinates":[-97.9879495,30.32360998]}},{"type":"Feature","properties":{"date":"2009-03-09T04:00:00.000Z","year":2009,"description":"New 2 story sf residence with attached garage and porch only EUD","metadescription":"EP. New. New 2 story sf residence with attached garage and porch only EUD. Final. 4508 MONT BLANC DR","address":"4508 MONT BLANC DR","link":"https://abc.austintexas.gov/web/permit/public-search-other?t_detail=1&t_selected_folderrsn=10244565","tcad_id":"0125780113","location":"    (30.32230085, -97.98464315)","day_issued":"MONDAY","project_id":"10244565","condominium":"No","status_date":"06/22/2009","jurisdiction":"BEE CAVE FULL PURPOSE","housing_units":"0","contractor_zip":"78691-____","contractor_city":"PFLUGERVILLE","issuance_method":"Permit Center","contractor_phone":"5128328900","contractor_trade":"Electrical Contractor","number_of_floors":"0","permit_type_desc":"Electrical Permit","fiscal_year_issued":"2009","total_new_add_sqft":"4,683","permit_class_mapped":"Residential","contractor_address_1":"PO BOX 3289","contractor_full_name":"Bryan Neal","issued_in_last_30_days":"No","certificate_of_occupancy":"No","property_legal_description":"LOT 97 BLK C FALCONHEAD WEST PHS 1 SEC 1"},"geometry":{"type":"Point","coordinates":[-97.98464315,30.32230085]}},{"type":"Feature","properties":{"date":"2009-03-06T05:00:00.000Z","year":2009,"description":"New sf residence with attached garage and porch only EUD","metadescription":"EP. New. New sf residence with attached garage and porch only EUD. Final. 4104 SUGARLOAF DR","address":"4104 SUGARLOAF DR","link":"https://abc.austintexas.gov/web/permit/public-search-other?t_detail=1&t_selected_folderrsn=10244056","tcad_id":"0121700401","location":"    (30.31492301, -97.96660206)","day_issued":"FRIDAY","project_id":"10244056","condominium":"No","status_date":"07/22/2009","jurisdiction":"BEE CAVE FULL PURPOSE","housing_units":"1","contractor_zip":"78627","contractor_city":"Georgetown","issuance_method":"Permit Center","contractor_phone":"5126511025","contractor_trade":"Electrical Contractor","number_of_floors":"1","permit_type_desc":"Electrical Permit","fiscal_year_issued":"2009","total_new_add_sqft":"3,443","permit_class_mapped":"Residential","contractor_address_1":"P.O. Box 111","contractor_full_name":"Shaun Mcconathy","issued_in_last_30_days":"No","certificate_of_occupancy":"No","property_legal_description":"LOT 15 BLK E SPILLMAN RANCH PHS 1 SEC 2"},"geometry":{"type":"Point","coordinates":[-97.96660206,30.31492301]}},{"type":"Feature","properties":{"date":"2009-02-24T05:00:00.000Z","year":2009,"description":"New two story sf residence with attached garage and porch only EUD","metadescription":"EP. New. New two story sf residence with attached garage and porch only EUD. Final. 4645 MONT BLANC DR","address":"4645 MONT BLANC DR","link":"https://abc.austintexas.gov/web/permit/public-search-other?t_detail=1&t_selected_folderrsn=10239738","tcad_id":"0125780208","location":"    (30.32325035, -97.98918827)","day_issued":"TUESDAY","project_id":"10239738","condominium":"No","status_date":"06/10/2009","jurisdiction":"BEE CAVE FULL PURPOSE","housing_units":"1","contractor_zip":"78691-____","contractor_city":"PFLUGERVILLE","issuance_method":"Permit Center","contractor_phone":"5128328900","contractor_trade":"Electrical Contractor","number_of_floors":"2","permit_type_desc":"Electrical Permit","fiscal_year_issued":"2009","total_new_add_sqft":"4,289","permit_class_mapped":"Residential","contractor_address_1":"PO BOX 3289","contractor_full_name":"Bryan Neal","issued_in_last_30_days":"No","certificate_of_occupancy":"No","property_legal_description":"LOT 10 BLK G FALCONHEAD WEST PHS 1 SEC 1"},"geometry":{"type":"Point","coordinates":[-97.98918827,30.32325035]}},{"type":"Feature","properties":{"date":"2009-02-24T05:00:00.000Z","year":2009,"description":"New two story sf residence with attached garage and porch only EUD","metadescription":"EP. New. New two story sf residence with attached garage and porch only EUD. Final. 4716 SNAKE EAGLE CV","address":"4716 SNAKE EAGLE CV","link":"https://abc.austintexas.gov/web/permit/public-search-other?t_detail=1&t_selected_folderrsn=10239734","tcad_id":"0123730331","location":"    (30.3168263, -97.97631258)","day_issued":"TUESDAY","project_id":"10239734","condominium":"No","status_date":"08/03/2009","jurisdiction":"BEE CAVE FULL PURPOSE","housing_units":"1","contractor_zip":"78691-____","contractor_city":"PFLUGERVILLE","issuance_method":"Permit Center","contractor_phone":"5128328900","contractor_trade":"Electrical Contractor","number_of_floors":"2","permit_type_desc":"Electrical Permit","fiscal_year_issued":"2009","total_new_add_sqft":"4,766","permit_class_mapped":"Residential","contractor_address_1":"PO BOX 3289","contractor_full_name":"Bryan Neal","issued_in_last_30_days":"No","certificate_of_occupancy":"No","property_legal_description":"LOT 1 BLK N SPILLMAN RANCH PHS 3 & 4"},"geometry":{"type":"Point","coordinates":[-97.97631258,30.3168263]}},{"type":"Feature","properties":{"date":"2009-02-17T05:00:00.000Z","year":2009,"description":"New sf residence with attached garage and porch only EUD","metadescription":"EP. New. New sf residence with attached garage and porch only EUD. Final. 4705 MONT BLANC DR","address":"4705 MONT BLANC DR","link":"https://abc.austintexas.gov/web/permit/public-search-other?t_detail=1&t_selected_folderrsn=10236837","tcad_id":"0125780206","location":"    (30.32311019, -97.98964501)","day_issued":"TUESDAY","project_id":"10236837","condominium":"No","status_date":"05/22/2009","jurisdiction":"BEE CAVE FULL PURPOSE","housing_units":"1","contractor_zip":"78691-____","contractor_city":"PFLUGERVILLE","issuance_method":"Permit Center","contractor_phone":"5128328900","contractor_trade":"Electrical Contractor","number_of_floors":"1","permit_type_desc":"Electrical Permit","fiscal_year_issued":"2009","total_new_add_sqft":"3,010","permit_class_mapped":"Residential","contractor_address_1":"PO BOX 3289","contractor_full_name":"Bryan Neal","issued_in_last_30_days":"No","certificate_of_occupancy":"No","property_legal_description":"LOT 8 BLK G FALCONHEAD WEST PHS 1 SEC 1"},"geometry":{"type":"Point","coordinates":[-97.98964501,30.32311019]}},{"type":"Feature","properties":{"date":"2009-01-26T05:00:00.000Z","year":2009,"description":"New 2 story sf residence with attached garage and porch only EUD","metadescription":"EP. New. New 2 story sf residence with attached garage and porch only EUD. Final. 15413 BAT HAWK CIR","address":"15413 BAT HAWK CIR","link":"https://abc.austintexas.gov/web/permit/public-search-other?t_detail=1&t_selected_folderrsn=10230424","tcad_id":"0123760201","location":"    (30.32036517, -97.977025)","day_issued":"MONDAY","project_id":"10230424","condominium":"No","status_date":"03/31/2009","jurisdiction":"BEE CAVE FULL PURPOSE","housing_units":"1","contractor_zip":"78653","contractor_city":"MANOR","issuance_method":"Permit Center","contractor_phone":"5125351333","contractor_trade":"Electrical Contractor","number_of_floors":"2","permit_type_desc":"Electrical Permit","fiscal_year_issued":"2009","total_new_add_sqft":"5,283","permit_class_mapped":"Residential","contractor_address_2":"2720  E Howa","contractor_full_name":"John Simmons","issued_in_last_30_days":"No","certificate_of_occupancy":"No","property_legal_description":"LOT 6 BLK L SPILLMAN RANCH PHS 3 & 4"},"geometry":{"type":"Point","coordinates":[-97.977025,30.32036517]}},{"type":"Feature","properties":{"date":"2009-01-12T05:00:00.000Z","year":2009,"description":"New sf residence with attached garage and porch only EUD","metadescription":"EP. New. New sf residence with attached garage and porch only EUD. Final. 4621 MONT BLANC DR","address":"4621 MONT BLANC DR","link":"https://abc.austintexas.gov/web/permit/public-search-other?t_detail=1&t_selected_folderrsn=10226395","tcad_id":"0125780214","location":"    (30.3231335, -97.98776136)","day_issued":"MONDAY","project_id":"10226395","condominium":"No","status_date":"04/07/2009","jurisdiction":"BEE CAVE FULL PURPOSE","housing_units":"1","contractor_zip":"78691-____","contractor_city":"PFLUGERVILLE","issuance_method":"Permit Center","contractor_phone":"5128328900","contractor_trade":"Electrical Contractor","number_of_floors":"1","permit_type_desc":"Electrical Permit","fiscal_year_issued":"2009","total_new_add_sqft":"3,307","permit_class_mapped":"Residential","contractor_address_1":"PO BOX 3289","contractor_full_name":"Bryan Neal","issued_in_last_30_days":"No","certificate_of_occupancy":"No","property_legal_description":"LOT 16 BLK G FALCONHEAD WEST PHS 1 SEC 1"},"geometry":{"type":"Point","coordinates":[-97.98776136,30.3231335]}},{"type":"Feature","properties":{"date":"2008-12-29T05:00:00.000Z","year":2008,"description":"New 2 story with attached garage and porch only EUD","metadescription":"EP. New. New 2 story with attached garage and porch only EUD. Final. 4101 VAIL DIVIDE","address":"4101 VAIL DIVIDE","link":"https://abc.austintexas.gov/web/permit/public-search-other?t_detail=1&t_selected_folderrsn=10223320","tcad_id":"0125760130","location":"    (30.32379251, -97.97765459)","day_issued":"MONDAY","project_id":"10223320","condominium":"No","status_date":"04/17/2009","jurisdiction":"BEE CAVE FULL PURPOSE","housing_units":"0","contractor_zip":"78691-____","contractor_city":"PFLUGERVILLE","issuance_method":"Permit Center","contractor_phone":"5128328900","contractor_trade":"Electrical Contractor","number_of_floors":"0","permit_type_desc":"Electrical Permit","fiscal_year_issued":"2009","total_new_add_sqft":"5,280","permit_class_mapped":"Residential","contractor_address_1":"PO BOX 3289","contractor_full_name":"Bryan Neal","issued_in_last_30_days":"No","certificate_of_occupancy":"No","property_legal_description":"LOT 12 BLK C FALCONHEAD WEST PHS 1 SEC 1"},"geometry":{"type":"Point","coordinates":[-97.97765459,30.32379251]}},{"type":"Feature","properties":{"date":"2008-11-26T05:00:00.000Z","year":2008,"description":"New 2 story sf residence with attached garage and porch only EUD","metadescription":"EP. New. New 2 story sf residence with attached garage and porch only EUD. Final. 4508 PYRENEES PASS","address":"4508 PYRENEES PASS","link":"https://abc.austintexas.gov/web/permit/public-search-other?t_detail=1&t_selected_folderrsn=10215789","tcad_id":"0125780418","location":"    (30.32133037, -97.98571292)","day_issued":"WEDNESDAY","project_id":"10215789","condominium":"No","status_date":"04/09/2009","jurisdiction":"BEE CAVE FULL PURPOSE","housing_units":"1","contractor_zip":"78691-____","contractor_city":"PFLUGERVILLE","issuance_method":"Permit Center","contractor_phone":"5128328900","contractor_trade":"Electrical Contractor","number_of_floors":"2","permit_type_desc":"Electrical Permit","fiscal_year_issued":"2009","total_new_add_sqft":"3,788","permit_class_mapped":"Residential","contractor_address_1":"PO BOX 3289","contractor_full_name":"Bryan Neal","issued_in_last_30_days":"No","certificate_of_occupancy":"No","property_legal_description":"LOT 43 BLK A FALCONHEAD WEST PHS 1 SEC 1"},"geometry":{"type":"Point","coordinates":[-97.98571292,30.32133037]}},{"type":"Feature","properties":{"date":"2008-11-18T05:00:00.000Z","year":2008,"description":"New 2 stroy sf residence with attached garage and porch only EUD","metadescription":"EP. New. New 2 stroy sf residence with attached garage and porch only EUD. Final. 16016 SNOWDONIA CV","address":"16016 SNOWDONIA CV","link":"https://abc.austintexas.gov/web/permit/public-search-other?t_detail=1&t_selected_folderrsn=10213610","tcad_id":"0125780144","location":"    (30.32420664, -97.99019853)","day_issued":"TUESDAY","project_id":"10213610","condominium":"No","status_date":"02/19/2009","jurisdiction":"BEE CAVE FULL PURPOSE","housing_units":"1","contractor_zip":"78691-____","contractor_city":"PFLUGERVILLE","issuance_method":"Permit Center","contractor_phone":"5128328900","contractor_trade":"Electrical Contractor","number_of_floors":"2","permit_type_desc":"Electrical Permit","fiscal_year_issued":"2009","total_new_add_sqft":"5,211","permit_class_mapped":"Residential","contractor_address_1":"PO BOX 3289","contractor_full_name":"Bryan Neal","issued_in_last_30_days":"No","certificate_of_occupancy":"No","property_legal_description":"LOT 128 BLK C FALCONHEAD WEST PHS 1 SEC 1"},"geometry":{"type":"Point","coordinates":[-97.99019853,30.32420664]}},{"type":"Feature","properties":{"date":"2008-11-10T05:00:00.000Z","year":2008,"description":"New sf residence with attached garage and porch only EUD","metadescription":"EP. New. New sf residence with attached garage and porch only EUD. Final. 3917 SUGARLOAF DR","address":"3917 SUGARLOAF DR","link":"https://abc.austintexas.gov/web/permit/public-search-other?t_detail=1&t_selected_folderrsn=10210880","tcad_id":"0123700118","location":"    (30.31710423, -97.96572437)","day_issued":"MONDAY","project_id":"10210880","condominium":"No","status_date":"04/14/2009","jurisdiction":"BEE CAVE FULL PURPOSE","housing_units":"0","contractor_zip":"78742","contractor_city":"Austin","issuance_method":"Permit Center","contractor_phone":"5123858831","contractor_trade":"Electrical Contractor","number_of_floors":"0","permit_type_desc":"Electrical Permit","fiscal_year_issued":"2009","total_new_add_sqft":"4,467","permit_class_mapped":"Residential","contractor_address_1":"414 THOMPSON","contractor_address_2":"AUSTIN TX  7","contractor_full_name":"Fred Hoskins","issued_in_last_30_days":"No","certificate_of_occupancy":"No","property_legal_description":"LOT 23 BLK C SPILLMAN RANCH PHS 1 SEC 2"},"geometry":{"type":"Point","coordinates":[-97.96572437,30.31710423]}},{"type":"Feature","properties":{"date":"2008-11-10T05:00:00.000Z","year":2008,"description":"New 2 story sf residence with attached garage and porch only EUD","metadescription":"EP. New. New 2 story sf residence with attached garage and porch only EUD. Final. 4100 TOP OF TEXAS TRL","address":"4100 TOP OF TEXAS TRL","link":"https://abc.austintexas.gov/web/permit/public-search-other?t_detail=1&t_selected_folderrsn=10211056","tcad_id":"0110570927","location":"    (30.29626274, -97.92072419)","day_issued":"MONDAY","project_id":"10211056","condominium":"No","status_date":"06/15/2009","jurisdiction":"BEE CAVE ETJ","housing_units":"1","contractor_zip":"78646","contractor_city":"LEANDER","issuance_method":"Permit Center","contractor_phone":"5125288935","contractor_trade":"Electrical Contractor","number_of_floors":"2","permit_type_desc":"Electrical Permit","fiscal_year_issued":"2009","total_new_add_sqft":"4,014","permit_class_mapped":"Residential","contractor_address_1":"P.O. BOX 890","contractor_address_2":"LEANDER TX","contractor_full_name":"Graeme Hair","issued_in_last_30_days":"No","certificate_of_occupancy":"No","property_legal_description":"LOT 12 BLK A PRESERVE AT BARTON CREEK THE"},"geometry":{"type":"Point","coordinates":[-97.92072419,30.29626274]}},{"type":"Feature","properties":{"date":"2008-10-22T04:00:00.000Z","year":2008,"description":"New 2 story sf residence with attached garage and porch only EUD","metadescription":"EP. New. New 2 story sf residence with attached garage and porch only EUD. Final. 4608 MONT BLANC DR","address":"4608 MONT BLANC DR","link":"https://abc.austintexas.gov/web/permit/public-search-other?t_detail=1&t_selected_folderrsn=10205229","tcad_id":"0125780124","location":"    (30.32321382, -97.98689078)","day_issued":"WEDNESDAY","project_id":"10205229","condominium":"No","status_date":"05/08/2009","jurisdiction":"BEE CAVE FULL PURPOSE","housing_units":"1","contractor_zip":"78691-____","contractor_city":"PFLUGERVILLE","issuance_method":"Permit Center","contractor_phone":"5128328900","contractor_trade":"Electrical Contractor","number_of_floors":"2","permit_type_desc":"Electrical Permit","fiscal_year_issued":"2009","total_new_add_sqft":"4,839","permit_class_mapped":"Residential","contractor_address_1":"PO BOX 3289","contractor_full_name":"Bryan Neal","issued_in_last_30_days":"No","certificate_of_occupancy":"No","property_legal_description":"LOT 108 BLK C FALCONHEAD WEST PHS 1 SEC 1"},"geometry":{"type":"Point","coordinates":[-97.98689078,30.32321382]}},{"type":"Feature","properties":{"date":"2008-10-14T04:00:00.000Z","year":2008,"description":"New 2 story sf residence with attached garage and porch only EUD","metadescription":"EP. New. New 2 story sf residence with attached garage and porch only EUD. Final. 4516 MONT BLANC DR","address":"4516 MONT BLANC DR","link":"https://abc.austintexas.gov/web/permit/public-search-other?t_detail=1&t_selected_folderrsn=10202585","tcad_id":"0125780115","location":"    (30.32243526, -97.98507419)","day_issued":"TUESDAY","project_id":"10202585","condominium":"No","status_date":"01/30/2009","jurisdiction":"BEE CAVE FULL PURPOSE","housing_units":"1","contractor_zip":"78691-____","contractor_city":"PFLUGERVILLE","issuance_method":"Permit Center","contractor_phone":"5128328900","contractor_trade":"Electrical Contractor","number_of_floors":"2","permit_type_desc":"Electrical Permit","fiscal_year_issued":"2009","total_new_add_sqft":"5,211","permit_class_mapped":"Residential","contractor_address_1":"PO BOX 3289","contractor_full_name":"Bryan Neal","issued_in_last_30_days":"No","certificate_of_occupancy":"No","property_legal_description":"LOT 99 BLK C FALCONHEAD WEST PHS 1 SEC 1"},"geometry":{"type":"Point","coordinates":[-97.98507419,30.32243526]}},{"type":"Feature","properties":{"date":"2008-10-08T04:00:00.000Z","year":2008,"description":"New sf residence with attached garage and porch only EUD","metadescription":"EP. New. New sf residence with attached garage and porch only EUD. Final. 3809 SUGARLOAF DR","address":"3809 SUGARLOAF DR","link":"https://abc.austintexas.gov/web/permit/public-search-other?t_detail=1&t_selected_folderrsn=10200438","tcad_id":"0123700123","location":"    (30.31827342, -97.96484928)","day_issued":"WEDNESDAY","project_id":"10200438","condominium":"No","status_date":"02/06/2009","jurisdiction":"BEE CAVE FULL PURPOSE","housing_units":"1","contractor_zip":"78630","contractor_city":"CEDAR PARK","issuance_method":"Permit Center","contractor_phone":"5125512163","contractor_trade":"Electrical Contractor","number_of_floors":"1","permit_type_desc":"Electrical Permit","fiscal_year_issued":"2009","total_new_add_sqft":"3,916","permit_class_mapped":"Residential","contractor_address_1":"P.O. BOX 219","contractor_address_2":"CEDAR PARK T","contractor_full_name":"Leonard Wiegel","issued_in_last_30_days":"No","certificate_of_occupancy":"No","property_legal_description":"LOT 18 BLK C SPILLMAN RANCH PHS 1 SEC 2"},"geometry":{"type":"Point","coordinates":[-97.96484928,30.31827342]}},{"type":"Feature","properties":{"date":"2008-10-01T04:00:00.000Z","year":2008,"description":"New 2 story sf residence with attached garage and porch only  EUD","metadescription":"EP. New. New 2 story sf residence with attached garage and porch only  EUD. Final. 4616 MONT BLANC DR","address":"4616 MONT BLANC DR","link":"https://abc.austintexas.gov/web/permit/public-search-other?t_detail=1&t_selected_folderrsn=10198395","tcad_id":"0125780126","location":"    (30.32338361, -97.98730195)","day_issued":"WEDNESDAY","project_id":"10198395","condominium":"No","status_date":"02/19/2009","jurisdiction":"BEE CAVE FULL PURPOSE","housing_units":"1","contractor_zip":"78691-____","contractor_city":"PFLUGERVILLE","issuance_method":"Permit Center","contractor_phone":"5128328900","contractor_trade":"Electrical Contractor","number_of_floors":"2","permit_type_desc":"Electrical Permit","fiscal_year_issued":"2009","total_new_add_sqft":"4,669","permit_class_mapped":"Residential","contractor_address_1":"PO BOX 3289","contractor_full_name":"Bryan Neal","issued_in_last_30_days":"No","certificate_of_occupancy":"No","property_legal_description":"LOT 110 BLK C FALCONHEAD WEST PHS 1 SEC 1"},"geometry":{"type":"Point","coordinates":[-97.98730195,30.32338361]}},{"type":"Feature","properties":{"date":"2008-09-26T04:00:00.000Z","year":2008,"description":"Install electric for new 2 story residence with attached garage and covered porch-service only-EUD","metadescription":"EP. New. Install electric for new 2 story residence with attached garage and covered porch-service only-EUD. Final. 15712 SAYAN CV","address":"15712 SAYAN CV","link":"https://abc.austintexas.gov/web/permit/public-search-other?t_detail=1&t_selected_folderrsn=10197023","tcad_id":"0125780311","location":"    (30.32241888, -97.98778507)","day_issued":"FRIDAY","project_id":"10197023","condominium":"No","status_date":"02/09/2009","jurisdiction":"BEE CAVE FULL PURPOSE","housing_units":"1","contractor_zip":"78691-____","contractor_city":"PFLUGERVILLE","issuance_method":"Permit Center","contractor_phone":"5128328900","contractor_trade":"Electrical Contractor","number_of_floors":"2","permit_type_desc":"Electrical Permit","fiscal_year_issued":"2008","total_new_add_sqft":"3,958","permit_class_mapped":"Residential","contractor_address_1":"PO BOX 3289","contractor_full_name":"Bryan Neal","issued_in_last_30_days":"No","certificate_of_occupancy":"No","property_legal_description":"LOT 22 BLK F FALCONHEAD WEST PHS 1 SEC 1"},"geometry":{"type":"Point","coordinates":[-97.98778507,30.32241888]}},{"type":"Feature","properties":{"date":"2008-09-23T04:00:00.000Z","year":2008,"description":"new 2 story SF residence with attached garage and porch only EUD","metadescription":"EP. New. new 2 story SF residence with attached garage and porch only EUD. Final. 4504 MONT BLANC DR","address":"4504 MONT BLANC DR","link":"https://abc.austintexas.gov/web/permit/public-search-other?t_detail=1&t_selected_folderrsn=10195694","tcad_id":"0125780112","location":"    (30.32224971, -97.98440347)","day_issued":"TUESDAY","project_id":"10195694","condominium":"No","status_date":"02/06/2009","jurisdiction":"BEE CAVE FULL PURPOSE","housing_units":"1","contractor_zip":"78691-____","contractor_city":"PFLUGERVILLE","issuance_method":"Permit Center","contractor_phone":"5128328900","contractor_trade":"Electrical Contractor","number_of_floors":"2","permit_type_desc":"Electrical Permit","fiscal_year_issued":"2008","total_new_add_sqft":"5,211","permit_class_mapped":"Residential","contractor_address_1":"PO BOX 3289","contractor_full_name":"Bryan Neal","issued_in_last_30_days":"No","certificate_of_occupancy":"No","property_legal_description":"LOT 96 BLK C FALCONHEAD WEST PHS 1 SEC 1"},"geometry":{"type":"Point","coordinates":[-97.98440347,30.32224971]}},{"type":"Feature","properties":{"date":"2008-09-17T04:00:00.000Z","year":2008,"description":"New 2 story sf residence with attached garage and porch only EUD","metadescription":"EP. New. New 2 story sf residence with attached garage and porch only EUD. Final. 15309 SNOWMASS HEIGHTS","address":"15309 SNOWMASS HEIGHTS","link":"https://abc.austintexas.gov/web/permit/public-search-other?t_detail=1&t_selected_folderrsn=10193911","tcad_id":"0125760159","location":"    (30.32349076, -97.97904417)","day_issued":"WEDNESDAY","project_id":"10193911","condominium":"No","status_date":"12/23/2008","jurisdiction":"BEE CAVE FULL PURPOSE","housing_units":"1","contractor_zip":"78691-____","contractor_city":"PFLUGERVILLE","issuance_method":"Permit Center","contractor_phone":"5128328900","contractor_trade":"Electrical Contractor","number_of_floors":"1","permit_type_desc":"Electrical Permit","fiscal_year_issued":"2008","total_new_add_sqft":"5,211","permit_class_mapped":"Residential","contractor_address_1":"PO BOX 3289","contractor_full_name":"Bryan Neal","issued_in_last_30_days":"No","certificate_of_occupancy":"No","property_legal_description":"LOT 42 BLK C FALCONHEAD WEST PHS 1 SEC 1"},"geometry":{"type":"Point","coordinates":[-97.97904417,30.32349076]}},{"type":"Feature","properties":{"date":"2008-09-02T04:00:00.000Z","year":2008,"description":"New Sf residence with attached garage and porch only EUD","metadescription":"EP. New. New Sf residence with attached garage and porch only EUD. Final. 15708 SAYAN CV","address":"15708 SAYAN CV","link":"https://abc.austintexas.gov/web/permit/public-search-other?t_detail=1&t_selected_folderrsn=10188399","tcad_id":"0125780312","location":"    (30.32238766, -97.9880331)","day_issued":"TUESDAY","project_id":"10188399","condominium":"No","status_date":"12/03/2008","jurisdiction":"BEE CAVE FULL PURPOSE","housing_units":"1","contractor_zip":"78691-____","contractor_city":"PFLUGERVILLE","issuance_method":"Permit Center","contractor_phone":"5128328900","contractor_trade":"Electrical Contractor","number_of_floors":"1","permit_type_desc":"Electrical Permit","fiscal_year_issued":"2008","total_new_add_sqft":"3,307","permit_class_mapped":"Residential","contractor_address_1":"PO BOX 3289","contractor_full_name":"Bryan Neal","issued_in_last_30_days":"No","certificate_of_occupancy":"No","property_legal_description":"LOT 21 BLK F FALCONHEAD WEST PHS 1 SEC 1"},"geometry":{"type":"Point","coordinates":[-97.9880331,30.32238766]}},{"type":"Feature","properties":{"date":"2008-08-22T04:00:00.000Z","year":2008,"description":"install electric to new 2 story SF residence with attached garage and covered porch-service only EUD","metadescription":"EP. New. install electric to new 2 story SF residence with attached garage and covered porch-service only EUD. Final. 15025 SPILLMAN RANCH LOOP","address":"15025 SPILLMAN RANCH LOOP","link":"https://abc.austintexas.gov/web/permit/public-search-other?t_detail=1&t_selected_folderrsn=10184894","tcad_id":"0123730339","location":"    (30.31791861, -97.97588964)","day_issued":"FRIDAY","project_id":"10184894","condominium":"No","status_date":"10/09/2008","jurisdiction":"BEE CAVE FULL PURPOSE","housing_units":"1","contractor_zip":"78653","contractor_city":"MANOR","issuance_method":"Permit Center","contractor_phone":"5125351333","contractor_trade":"Electrical Contractor","number_of_floors":"2","permit_type_desc":"Electrical Permit","fiscal_year_issued":"2008","total_new_add_sqft":"3,896","permit_class_mapped":"Residential","contractor_address_2":"2720  E Howa","contractor_full_name":"John Simmons","issued_in_last_30_days":"No","certificate_of_occupancy":"No","property_legal_description":"LOT 56 BLK E SPILLMAN RANCH PHS 3 & 4"},"geometry":{"type":"Point","coordinates":[-97.97588964,30.31791861]}},{"type":"Feature","properties":{"date":"2008-08-21T04:00:00.000Z","year":2008,"description":"New 2 story sf residence with attached garage and porch only EUD","metadescription":"EP. New. New 2 story sf residence with attached garage and porch only EUD. Final. 16024 SNOWDONIA CV","address":"16024 SNOWDONIA CV","link":"https://abc.austintexas.gov/web/permit/public-search-other?t_detail=1&t_selected_folderrsn=10184969","tcad_id":"0125780142","location":"    (30.32453267, -97.99043155)","day_issued":"THURSDAY","project_id":"10184969","condominium":"No","status_date":"12/15/2008","jurisdiction":"BEE CAVE FULL PURPOSE","housing_units":"1","contractor_zip":"78691-____","contractor_city":"PFLUGERVILLE","issuance_method":"Permit Center","contractor_phone":"5128328900","contractor_trade":"Electrical Contractor","number_of_floors":"1","permit_type_desc":"Electrical Permit","fiscal_year_issued":"2008","total_new_add_sqft":"5,211","permit_class_mapped":"Residential","contractor_address_1":"PO BOX 3289","contractor_full_name":"Bryan Neal","issued_in_last_30_days":"No","certificate_of_occupancy":"No","property_legal_description":"LOT 126 BLK C FALCONHEAD WEST PHS 1 SEC 1"},"geometry":{"type":"Point","coordinates":[-97.99043155,30.32453267]}},{"type":"Feature","properties":{"date":"2008-08-15T04:00:00.000Z","year":2008,"description":"new 2 story SF residence with attached garage and porch only EUD","metadescription":"EP. New. new 2 story SF residence with attached garage and porch only EUD. Final. 4536 MONT BLANC DR","address":"4536 MONT BLANC DR","link":"https://abc.austintexas.gov/web/permit/public-search-other?t_detail=1&t_selected_folderrsn=10183078","tcad_id":"0125780120","location":"    (30.32286623, -97.98608133)","day_issued":"FRIDAY","project_id":"10183078","condominium":"No","status_date":"12/01/2008","jurisdiction":"BEE CAVE FULL PURPOSE","housing_units":"1","contractor_zip":"78691-____","contractor_city":"PFLUGERVILLE","issuance_method":"Permit Center","contractor_phone":"5128328900","contractor_trade":"Electrical Contractor","number_of_floors":"2","permit_type_desc":"Electrical Permit","fiscal_year_issued":"2008","total_new_add_sqft":"4,943","permit_class_mapped":"Residential","contractor_address_1":"PO BOX 3289","contractor_full_name":"Bryan Neal","issued_in_last_30_days":"No","certificate_of_occupancy":"No","property_legal_description":"LOT 104 BLK C FALCONHEAD WEST PHS 1 SEC 1"},"geometry":{"type":"Point","coordinates":[-97.98608133,30.32286623]}},{"type":"Feature","properties":{"date":"2008-08-05T04:00:00.000Z","year":2008,"description":"New sf residence with attached garage and porch only EUD","metadescription":"EP. New. New sf residence with attached garage and porch only EUD. Final. 15308 SNOWMASS HEIGHTS","address":"15308 SNOWMASS HEIGHTS","link":"https://abc.austintexas.gov/web/permit/public-search-other?t_detail=1&t_selected_folderrsn=10179254","tcad_id":"0125760158","location":"    (30.32368514, -97.97884604)","day_issued":"TUESDAY","project_id":"10179254","condominium":"No","status_date":"12/16/2008","jurisdiction":"BEE CAVE FULL PURPOSE","housing_units":"1","contractor_zip":"78634-____","contractor_city":"HUTTO","issuance_method":"Permit Center","contractor_phone":"5123825753","contractor_trade":"Electrical Contractor","number_of_floors":"1","permit_type_desc":"Electrical Permit","fiscal_year_issued":"2008","total_new_add_sqft":"3,993","permit_class_mapped":"Residential","contractor_address_2":"629  W FRONT","contractor_full_name":"Calvin Lockhart","issued_in_last_30_days":"No","certificate_of_occupancy":"No","property_legal_description":"LOT 41 BLK C FALCONHEAD WEST PHS 1 SEC 1"},"geometry":{"type":"Point","coordinates":[-97.97884604,30.32368514]}},{"type":"Feature","properties":{"date":"2008-08-05T04:00:00.000Z","year":2008,"description":"New sf residence with attached garage and porch only EUD","metadescription":"EP. New. New sf residence with attached garage and porch only EUD. Final. 4505 MONT BLANC DR","address":"4505 MONT BLANC DR","link":"https://abc.austintexas.gov/web/permit/public-search-other?t_detail=1&t_selected_folderrsn=10179184","tcad_id":"0125780109","location":"    (30.32180216, -97.98474406)","day_issued":"TUESDAY","project_id":"10179184","condominium":"No","status_date":"11/06/2008","jurisdiction":"BEE CAVE FULL PURPOSE","housing_units":"1","contractor_zip":"78634-____","contractor_city":"HUTTO","issuance_method":"Permit Center","contractor_phone":"5123825753","contractor_trade":"Electrical Contractor","number_of_floors":"1","permit_type_desc":"Electrical Permit","fiscal_year_issued":"2008","total_new_add_sqft":"3,346","permit_class_mapped":"Residential","contractor_address_2":"629  W FRONT","contractor_full_name":"Calvin Lockhart","issued_in_last_30_days":"No","certificate_of_occupancy":"No","property_legal_description":"LOT 93 BLK C FALCONHEAD WEST PHS 1 SEC 1"},"geometry":{"type":"Point","coordinates":[-97.98474406,30.32180216]}},{"type":"Feature","properties":{"date":"2008-08-04T04:00:00.000Z","year":2008,"description":"New SF residence with attached garage and porch only EUD","metadescription":"EP. New. New SF residence with attached garage and porch only EUD. Final. 4605 PYRENEES PASS","address":"4605 PYRENEES PASS","link":"https://abc.austintexas.gov/web/permit/public-search-other?t_detail=1&t_selected_folderrsn=10178354","tcad_id":"0125780405","location":"    (30.32129763, -97.98753019)","day_issued":"MONDAY","project_id":"10178354","condominium":"No","status_date":"11/18/2008","jurisdiction":"BEE CAVE FULL PURPOSE","housing_units":"1","contractor_zip":"78691-____","contractor_city":"PFLUGERVILLE","issuance_method":"Permit Center","contractor_phone":"5128328900","contractor_trade":"Electrical Contractor","number_of_floors":"1","permit_type_desc":"Electrical Permit","fiscal_year_issued":"2008","total_new_add_sqft":"3,307","permit_class_mapped":"Residential","contractor_address_1":"PO BOX 3289","contractor_full_name":"Bryan Neal","issued_in_last_30_days":"No","certificate_of_occupancy":"No","property_legal_description":"LOT 30 BLK A FALCONHEAD WEST PHS 1 SEC 1"},"geometry":{"type":"Point","coordinates":[-97.98753019,30.32129763]}},{"type":"Feature","properties":{"date":"2008-08-04T04:00:00.000Z","year":2008,"description":"Install electric for new SF residence with attached garage and covered porch-service only -EUD","metadescription":"EP. New. Install electric for new SF residence with attached garage and covered porch-service only -EUD. Final. 4633 MONT BLANC DR","address":"4633 MONT BLANC DR","link":"https://abc.austintexas.gov/web/permit/public-search-other?t_detail=1&t_selected_folderrsn=10178376","tcad_id":"0125780211","location":"    (30.32328937, -97.98846452)","day_issued":"MONDAY","project_id":"10178376","condominium":"No","status_date":"12/01/2008","jurisdiction":"BEE CAVE FULL PURPOSE","housing_units":"1","contractor_zip":"78691-____","contractor_city":"PFLUGERVILLE","issuance_method":"Permit Center","contractor_phone":"5128328900","contractor_trade":"Electrical Contractor","number_of_floors":"1","permit_type_desc":"Electrical Permit","fiscal_year_issued":"2008","total_new_add_sqft":"3,512","permit_class_mapped":"Residential","contractor_address_1":"PO BOX 3289","contractor_full_name":"Bryan Neal","issued_in_last_30_days":"No","certificate_of_occupancy":"No","property_legal_description":"LOT 13 BLK G FALCONHEAD WEST PHS 1 SEC 1"},"geometry":{"type":"Point","coordinates":[-97.98846452,30.32328937]}},{"type":"Feature","properties":{"date":"2008-07-23T04:00:00.000Z","year":2008,"description":"New 2 story sf residence with attached garage and porch only EUD","metadescription":"EP. New. New 2 story sf residence with attached garage and porch only EUD. Final. 3920 VAIL DIVIDE","address":"3920 VAIL DIVIDE","link":"https://abc.austintexas.gov/web/permit/public-search-other?t_detail=1&t_selected_folderrsn=10174125","tcad_id":"0125760149","location":"    (30.32486266, -97.97976838)","day_issued":"WEDNESDAY","project_id":"10174125","condominium":"No","status_date":"11/24/2008","jurisdiction":"BEE CAVE FULL PURPOSE","housing_units":"1","contractor_zip":"78691-____","contractor_city":"PFLUGERVILLE","issuance_method":"Permit Center","contractor_phone":"5128328900","contractor_trade":"Electrical Contractor","number_of_floors":"2","permit_type_desc":"Electrical Permit","fiscal_year_issued":"2008","total_new_add_sqft":"4,897","permit_class_mapped":"Residential","contractor_address_1":"PO BOX 3289","contractor_full_name":"Bryan Neal","issued_in_last_30_days":"No","certificate_of_occupancy":"No","property_legal_description":"LOT 32 BLK C FALCONHEAD WEST PHS 1 SEC 1"},"geometry":{"type":"Point","coordinates":[-97.97976838,30.32486266]}},{"type":"Feature","properties":{"date":"2008-07-23T04:00:00.000Z","year":2008,"description":"New 2 story sf residence with attached garage and porch only EUD","metadescription":"EP. New. New 2 story sf residence with attached garage and porch only EUD. Final. 4512 PYRENEES PASS","address":"4512 PYRENEES PASS","link":"https://abc.austintexas.gov/web/permit/public-search-other?t_detail=1&t_selected_folderrsn=10174069","tcad_id":"0125780419","location":"    (30.32133391, -97.98590621)","day_issued":"WEDNESDAY","project_id":"10174069","condominium":"No","status_date":"11/19/2008","jurisdiction":"BEE CAVE FULL PURPOSE","housing_units":"1","contractor_zip":"78691-____","contractor_city":"PFLUGERVILLE","issuance_method":"Permit Center","contractor_phone":"5128328900","contractor_trade":"Electrical Contractor","number_of_floors":"2","permit_type_desc":"Electrical Permit","fiscal_year_issued":"2008","total_new_add_sqft":"5,819","permit_class_mapped":"Residential","contractor_address_1":"PO BOX 3289","contractor_full_name":"Bryan Neal","issued_in_last_30_days":"No","certificate_of_occupancy":"No","property_legal_description":"LOT 44 BLK A FALCONHEAD WEST PHS 1 SEC 1"},"geometry":{"type":"Point","coordinates":[-97.98590621,30.32133391]}},{"type":"Feature","properties":{"date":"2008-07-21T04:00:00.000Z","year":2008,"description":"Install electric for new 2 story SF residence with attached garage and covered porch-service only -EUD","metadescription":"EP. New. Install electric for new 2 story SF residence with attached garage and covered porch-service only -EUD. Final. 4720 MONT BLANC DR","address":"4720 MONT BLANC DR","link":"https://abc.austintexas.gov/web/permit/public-search-other?t_detail=1&t_selected_folderrsn=10172972","tcad_id":"0125780153","location":"    (30.32300314, -97.99070962)","day_issued":"MONDAY","project_id":"10172972","condominium":"No","status_date":"11/25/2008","jurisdiction":"BEE CAVE FULL PURPOSE","housing_units":"1","contractor_zip":"78691-____","contractor_city":"PFLUGERVILLE","issuance_method":"Permit Center","contractor_phone":"5128328900","contractor_trade":"Electrical Contractor","number_of_floors":"2","permit_type_desc":"Electrical Permit","fiscal_year_issued":"2008","total_new_add_sqft":"3,922","permit_class_mapped":"Residential","contractor_address_1":"PO BOX 3289","contractor_full_name":"Bryan Neal","issued_in_last_30_days":"No","certificate_of_occupancy":"No","property_legal_description":"LOT 137 BLK C FALCONHEAD WEST PHS 1 SEC 1"},"geometry":{"type":"Point","coordinates":[-97.99070962,30.32300314]}},{"type":"Feature","properties":{"date":"2008-07-18T04:00:00.000Z","year":2008,"description":"Install electric for new 2 story SF residence with attached garage and covered porch-service only -EUD","metadescription":"EP. New. Install electric for new 2 story SF residence with attached garage and covered porch-service only -EUD. Final. 4641 MONT BLANC DR","address":"4641 MONT BLANC DR","link":"https://abc.austintexas.gov/web/permit/public-search-other?t_detail=1&t_selected_folderrsn=10172974","tcad_id":"0125780209","location":"    (30.3232928, -97.98895265)","day_issued":"FRIDAY","project_id":"10172974","condominium":"No","status_date":"12/15/2008","jurisdiction":"BEE CAVE FULL PURPOSE","housing_units":"1","contractor_zip":"78691-____","contractor_city":"PFLUGERVILLE","issuance_method":"Permit Center","contractor_phone":"5128328900","contractor_trade":"Electrical Contractor","number_of_floors":"2","permit_type_desc":"Electrical Permit","fiscal_year_issued":"2008","total_new_add_sqft":"3,895","permit_class_mapped":"Residential","contractor_address_1":"PO BOX 3289","contractor_full_name":"Bryan Neal","issued_in_last_30_days":"No","certificate_of_occupancy":"No","property_legal_description":"LOT 11 BLK G FALCONHEAD WEST PHS 1 SEC 1"},"geometry":{"type":"Point","coordinates":[-97.98895265,30.3232928]}},{"type":"Feature","properties":{"date":"2008-07-18T04:00:00.000Z","year":2008,"description":"New 2 story sf residence with attached garage and porch only EUD","metadescription":"EP. New. New 2 story sf residence with attached garage and porch only EUD. Final. 4512 MONT BLANC DR","address":"4512 MONT BLANC DR","link":"https://abc.austintexas.gov/web/permit/public-search-other?t_detail=1&t_selected_folderrsn=10172884","tcad_id":"0125780114","location":"    (30.32235451, -97.9848701)","day_issued":"FRIDAY","project_id":"10172884","condominium":"No","status_date":"10/21/2008","jurisdiction":"BEE CAVE FULL PURPOSE","housing_units":"1","contractor_zip":"78691-____","contractor_city":"PFLUGERVILLE","issuance_method":"Permit Center","contractor_phone":"5128328900","contractor_trade":"Electrical Contractor","number_of_floors":"2","permit_type_desc":"Electrical Permit","fiscal_year_issued":"2008","total_new_add_sqft":"4,943","permit_class_mapped":"Residential","contractor_address_1":"PO BOX 3289","contractor_full_name":"Bryan Neal","issued_in_last_30_days":"No","certificate_of_occupancy":"No","property_legal_description":"LOT 98 BLK C FALCONHEAD WEST PHS 1 SEC 1"},"geometry":{"type":"Point","coordinates":[-97.9848701,30.32235451]}},{"type":"Feature","properties":{"date":"2008-07-17T04:00:00.000Z","year":2008,"description":"New sf residenc ewith attached porch and garage only EUD","metadescription":"EP. New. New sf residenc ewith attached porch and garage only EUD. Final. 4500 PYRENEES PASS","address":"4500 PYRENEES PASS","link":"https://abc.austintexas.gov/web/permit/public-search-other?t_detail=1&t_selected_folderrsn=10172370","tcad_id":"0125780416","location":"    (30.32099848, -97.98546104)","day_issued":"THURSDAY","project_id":"10172370","condominium":"No","status_date":"10/27/2008","jurisdiction":"BEE CAVE FULL PURPOSE","housing_units":"1","contractor_zip":"78691-____","contractor_city":"PFLUGERVILLE","issuance_method":"Permit Center","contractor_phone":"5128328900","contractor_trade":"Electrical Contractor","number_of_floors":"1","permit_type_desc":"Electrical Permit","fiscal_year_issued":"2008","total_new_add_sqft":"2,539","permit_class_mapped":"Residential","contractor_address_1":"PO BOX 3289","contractor_full_name":"Bryan Neal","issued_in_last_30_days":"No","certificate_of_occupancy":"No","property_legal_description":"LOT 41 BLK A FALCONHEAD WEST PHS 1 SEC 1"},"geometry":{"type":"Point","coordinates":[-97.98546104,30.32099848]}},{"type":"Feature","properties":{"date":"2008-07-17T04:00:00.000Z","year":2008,"description":"New sf residenc ewith attached porch and garage only EUD","metadescription":"EP. New. New sf residenc ewith attached porch and garage only EUD. Final. 4640 MONT BLANC DR","address":"4640 MONT BLANC DR","link":"https://abc.austintexas.gov/web/permit/public-search-other?t_detail=1&t_selected_folderrsn=10172375","tcad_id":"0125780132","location":"    (30.32369426, -97.98864806)","day_issued":"THURSDAY","project_id":"10172375","condominium":"No","status_date":"12/17/2008","jurisdiction":"BEE CAVE FULL PURPOSE","housing_units":"1","contractor_zip":"78691-____","contractor_city":"PFLUGERVILLE","issuance_method":"Permit Center","contractor_phone":"5128328900","contractor_trade":"Electrical Contractor","number_of_floors":"1","permit_type_desc":"Electrical Permit","fiscal_year_issued":"2008","total_new_add_sqft":"4,611","permit_class_mapped":"Residential","contractor_address_1":"PO BOX 3289","contractor_full_name":"Bryan Neal","issued_in_last_30_days":"No","certificate_of_occupancy":"No","property_legal_description":"LOT 116 BLK C FALCONHEAD WEST PHS 1 SEC 1"},"geometry":{"type":"Point","coordinates":[-97.98864806,30.32369426]}},{"type":"Feature","properties":{"date":"2008-07-17T04:00:00.000Z","year":2008,"description":"New sf residenc ewith attached porch and garage only EUD","metadescription":"EP. New. New sf residenc ewith attached porch and garage only EUD. Final. 16012 SNOWDONIA CV","address":"16012 SNOWDONIA CV","link":"https://abc.austintexas.gov/web/permit/public-search-other?t_detail=1&t_selected_folderrsn=10172373","tcad_id":"0125780145","location":"    (30.32406601, -97.99002758)","day_issued":"THURSDAY","project_id":"10172373","condominium":"No","status_date":"01/30/2009","jurisdiction":"BEE CAVE FULL PURPOSE","housing_units":"1","contractor_zip":"78691-____","contractor_city":"PFLUGERVILLE","issuance_method":"Permit Center","contractor_phone":"5128328900","contractor_trade":"Electrical Contractor","number_of_floors":"1","permit_type_desc":"Electrical Permit","fiscal_year_issued":"2008","total_new_add_sqft":"4,611","permit_class_mapped":"Residential","contractor_address_1":"PO BOX 3289","contractor_full_name":"Bryan Neal","issued_in_last_30_days":"No","certificate_of_occupancy":"No","property_legal_description":"LOT 129 BLK C FALCONHEAD WEST PHS 1 SEC 1"},"geometry":{"type":"Point","coordinates":[-97.99002758,30.32406601]}},{"type":"Feature","properties":{"date":"2008-07-14T04:00:00.000Z","year":2008,"description":"New sf residence with attached garage and porch only EUD","metadescription":"EP. New. New sf residence with attached garage and porch only EUD. Final. 16008 SNOWDONIA CV","address":"16008 SNOWDONIA CV","link":"https://abc.austintexas.gov/web/permit/public-search-other?t_detail=1&t_selected_folderrsn=10170690","tcad_id":"0125780146","location":"    (30.32392607, -97.98989466)","day_issued":"MONDAY","project_id":"10170690","condominium":"No","status_date":"11/19/2008","jurisdiction":"BEE CAVE FULL PURPOSE","housing_units":"1","contractor_zip":"78691-____","contractor_city":"PFLUGERVILLE","issuance_method":"Permit Center","contractor_phone":"5128328900","contractor_trade":"Electrical Contractor","number_of_floors":"1","permit_type_desc":"Electrical Permit","fiscal_year_issued":"2008","total_new_add_sqft":"3,877","permit_class_mapped":"Residential","contractor_address_1":"PO BOX 3289","contractor_full_name":"Bryan Neal","issued_in_last_30_days":"No","certificate_of_occupancy":"No","property_legal_description":"LOT 130 BLK C FALCONHEAD WEST PHS 1 SEC 1"},"geometry":{"type":"Point","coordinates":[-97.98989466,30.32392607]}},{"type":"Feature","properties":{"date":"2008-07-14T04:00:00.000Z","year":2008,"description":"New sf residence with attached garage and porch only EUD","metadescription":"EP. New. New sf residence with attached garage and porch only EUD. Final. 4517 MONT BLANC DR","address":"4517 MONT BLANC DR","link":"https://abc.austintexas.gov/web/permit/public-search-other?t_detail=1&t_selected_folderrsn=10170693","tcad_id":"0125780106","location":"    (30.32209943, -97.98535817)","day_issued":"MONDAY","project_id":"10170693","condominium":"No","status_date":"10/13/2008","jurisdiction":"BEE CAVE FULL PURPOSE","housing_units":"1","contractor_zip":"78691-____","contractor_city":"PFLUGERVILLE","issuance_method":"Permit Center","contractor_phone":"5128328900","contractor_trade":"Electrical Contractor","number_of_floors":"1","permit_type_desc":"Electrical Permit","fiscal_year_issued":"2008","total_new_add_sqft":"5,211","permit_class_mapped":"Residential","contractor_address_1":"PO BOX 3289","contractor_full_name":"Bryan Neal","issued_in_last_30_days":"No","certificate_of_occupancy":"No","property_legal_description":"LOT 90 BLK C FALCONHEAD WEST PHS 1 SEC 1"},"geometry":{"type":"Point","coordinates":[-97.98535817,30.32209943]}},{"type":"Feature","properties":{"date":"2008-07-10T04:00:00.000Z","year":2008,"description":"Install electric for new SF residence with attached garage and covered porch-service only-EUD","metadescription":"EP. New. Install electric for new SF residence with attached garage and covered porch-service only-EUD. Final. 16116 SPILLMAN RANCH LOOP","address":"16116 SPILLMAN RANCH LOOP","link":"https://abc.austintexas.gov/web/permit/public-search-other?t_detail=1&t_selected_folderrsn=10169510","tcad_id":"0123730230","location":"    (30.31985074, -97.97283087)","day_issued":"THURSDAY","project_id":"10169510","condominium":"No","status_date":"11/25/2008","jurisdiction":"BEE CAVE FULL PURPOSE","housing_units":"1","contractor_zip":"78653","contractor_city":"MANOR","issuance_method":"Permit Center","contractor_phone":"5125351333","contractor_trade":"Electrical Contractor","number_of_floors":"1","permit_type_desc":"Electrical Permit","fiscal_year_issued":"2008","total_new_add_sqft":"3,492","permit_class_mapped":"Residential","contractor_address_2":"2720  E Howa","contractor_full_name":"John Simmons","issued_in_last_30_days":"No","certificate_of_occupancy":"No","property_legal_description":"LOT 41 BLK J SPILLMAN RANCH PHS 2 SEC 1"},"geometry":{"type":"Point","coordinates":[-97.97283087,30.31985074]}},{"type":"Feature","properties":{"date":"2008-07-03T04:00:00.000Z","year":2008,"description":"New 2 story sf residence with attached garage and porch only EUD","metadescription":"EP. New. New 2 story sf residence with attached garage and porch only EUD. Final. 4221 VAIL DIVIDE","address":"4221 VAIL DIVIDE","link":"https://abc.austintexas.gov/web/permit/public-search-other?t_detail=1&t_selected_folderrsn=10167620","tcad_id":"0125760121","location":"    (30.32203623, -97.97876264)","day_issued":"THURSDAY","project_id":"10167620","condominium":"No","status_date":"10/10/2008","jurisdiction":"BEE CAVE FULL PURPOSE","housing_units":"1","contractor_zip":"78691-____","contractor_city":"PFLUGERVILLE","issuance_method":"Permit Center","contractor_phone":"5128328900","contractor_trade":"Electrical Contractor","number_of_floors":"2","permit_type_desc":"Electrical Permit","fiscal_year_issued":"2008","total_new_add_sqft":"5,267","permit_class_mapped":"Residential","contractor_address_1":"PO BOX 3289","contractor_full_name":"Bryan Neal","issued_in_last_30_days":"No","certificate_of_occupancy":"No","property_legal_description":"LOT 3 BLK C FALCONHEAD WEST PHS 1 SEC 1"},"geometry":{"type":"Point","coordinates":[-97.97876264,30.32203623]}},{"type":"Feature","properties":{"date":"2008-07-03T04:00:00.000Z","year":2008,"description":"New 2 story sf residence with attached garage and porch only EUD","metadescription":"EP. New. New 2 story sf residence with attached garage and porch only EUD. Final. 4532 MONT BLANC DR","address":"4532 MONT BLANC DR","link":"https://abc.austintexas.gov/web/permit/public-search-other?t_detail=1&t_selected_folderrsn=10167619","tcad_id":"0125780119","location":"    (30.32277759, -97.98589645)","day_issued":"THURSDAY","project_id":"10167619","condominium":"No","status_date":"12/02/2008","jurisdiction":"BEE CAVE FULL PURPOSE","housing_units":"1","contractor_zip":"78691-____","contractor_city":"PFLUGERVILLE","issuance_method":"Permit Center","contractor_phone":"5128328900","contractor_trade":"Electrical Contractor","number_of_floors":"2","permit_type_desc":"Electrical Permit","fiscal_year_issued":"2008","total_new_add_sqft":"4,839","permit_class_mapped":"Residential","contractor_address_1":"PO BOX 3289","contractor_full_name":"Bryan Neal","issued_in_last_30_days":"No","certificate_of_occupancy":"No","property_legal_description":"LOT 103 BLK C FALCONHEAD WEST PHS 1 SEC 1"},"geometry":{"type":"Point","coordinates":[-97.98589645,30.32277759]}},{"type":"Feature","properties":{"date":"2008-06-26T04:00:00.000Z","year":2008,"description":"Install electric for new 2 story SF residence with attached garage and covered porch-service only-EUD","metadescription":"EP. New. Install electric for new 2 story SF residence with attached garage and covered porch-service only-EUD. Final. 16020 SNOWDONIA CV","address":"16020 SNOWDONIA CV","link":"https://abc.austintexas.gov/web/permit/public-search-other?t_detail=1&t_selected_folderrsn=10164832","tcad_id":"0125780143","location":"    (30.32432259, -97.99037324)","day_issued":"THURSDAY","project_id":"10164832","condominium":"No","status_date":"02/06/2009","jurisdiction":"BEE CAVE FULL PURPOSE","housing_units":"1","contractor_zip":"78691-____","contractor_city":"PFLUGERVILLE","issuance_method":"Permit Center","contractor_phone":"5128328900","contractor_trade":"Electrical Contractor","number_of_floors":"2","permit_type_desc":"Electrical Permit","fiscal_year_issued":"2008","total_new_add_sqft":"3,598","permit_class_mapped":"Residential","contractor_address_1":"PO BOX 3289","contractor_full_name":"Bryan Neal","issued_in_last_30_days":"No","certificate_of_occupancy":"No","property_legal_description":"LOT 127 BLK C FALCONHEAD WEST PHS 1 SEC 1"},"geometry":{"type":"Point","coordinates":[-97.99037324,30.32432259]}},{"type":"Feature","properties":{"date":"2008-06-26T04:00:00.000Z","year":2008,"description":"Install electric for new 2 story SF residence with attached garage and covered porch-service only-EUD","metadescription":"EP. New. Install electric for new 2 story SF residence with attached garage and covered porch-service only-EUD. Final. 4724 MONT BLANC DR","address":"4724 MONT BLANC DR","link":"https://abc.austintexas.gov/web/permit/public-search-other?t_detail=1&t_selected_folderrsn=10164829","tcad_id":"0125780154","location":"    (30.3228994, -97.99090235)","day_issued":"THURSDAY","project_id":"10164829","condominium":"No","status_date":"12/02/2008","jurisdiction":"BEE CAVE FULL PURPOSE","housing_units":"1","contractor_zip":"78691-____","contractor_city":"PFLUGERVILLE","issuance_method":"Permit Center","contractor_phone":"5128328900","contractor_trade":"Electrical Contractor","number_of_floors":"2","permit_type_desc":"Electrical Permit","fiscal_year_issued":"2008","total_new_add_sqft":"4,516","permit_class_mapped":"Residential","contractor_address_1":"PO BOX 3289","contractor_full_name":"Bryan Neal","issued_in_last_30_days":"No","certificate_of_occupancy":"No","property_legal_description":"LOT 138 BLK C FALCONHEAD WEST PHS 1 SEC 1"},"geometry":{"type":"Point","coordinates":[-97.99090235,30.3228994]}},{"type":"Feature","properties":{"date":"2008-06-26T04:00:00.000Z","year":2008,"description":"Install electric for new 2 story SF residence with attached garage and covered porch-service only-EUD","metadescription":"EP. New. Install electric for new 2 story SF residence with attached garage and covered porch-service only-EUD. Final. 15601 PONTIC PASS","address":"15601 PONTIC PASS","link":"https://abc.austintexas.gov/web/permit/public-search-other?t_detail=1&t_selected_folderrsn=10164838","tcad_id":"0125780423","location":"    (30.32153931, -97.98676031)","day_issued":"THURSDAY","project_id":"10164838","condominium":"No","status_date":"10/17/2008","jurisdiction":"BEE CAVE FULL PURPOSE","housing_units":"1","contractor_zip":"78691-____","contractor_city":"PFLUGERVILLE","issuance_method":"Permit Center","contractor_phone":"5128328900","contractor_trade":"Electrical Contractor","number_of_floors":"2","permit_type_desc":"Electrical Permit","fiscal_year_issued":"2008","total_new_add_sqft":"3,788","permit_class_mapped":"Residential","contractor_address_1":"PO BOX 3289","contractor_full_name":"Bryan Neal","issued_in_last_30_days":"No","certificate_of_occupancy":"No","property_legal_description":"LOT 48 BLK A FALCONHEAD WEST PHS 1 SEC 1"},"geometry":{"type":"Point","coordinates":[-97.98676031,30.32153931]}},{"type":"Feature","properties":{"date":"2008-06-11T04:00:00.000Z","year":2008,"description":"New 2 story sf residence with attached garage and porch only EUD","metadescription":"EP. New. New 2 story sf residence with attached garage and porch only EUD. Final. 4029 VAIL DIVIDE","address":"4029 VAIL DIVIDE","link":"https://abc.austintexas.gov/web/permit/public-search-other?t_detail=1&t_selected_folderrsn=10158841","tcad_id":"0125760132","location":"    (30.3241337, -97.97736412)","day_issued":"WEDNESDAY","project_id":"10158841","condominium":"No","status_date":"10/20/2008","jurisdiction":"BEE CAVE FULL PURPOSE","housing_units":"1","contractor_zip":"78691-____","contractor_city":"PFLUGERVILLE","issuance_method":"Permit Center","contractor_phone":"5128328900","contractor_trade":"Electrical Contractor","number_of_floors":"2","permit_type_desc":"Electrical Permit","fiscal_year_issued":"2008","total_new_add_sqft":"5,462","permit_class_mapped":"Residential","contractor_address_1":"PO BOX 3289","contractor_full_name":"Bryan Neal","issued_in_last_30_days":"No","certificate_of_occupancy":"No","property_legal_description":"LOT 14 BLK C FALCONHEAD WEST PHS 1 SEC 1"},"geometry":{"type":"Point","coordinates":[-97.97736412,30.3241337]}},{"type":"Feature","properties":{"date":"2008-06-05T04:00:00.000Z","year":2008,"description":"Install electric for new 2 story SF residence with attached garage and covered porch-service only EUD","metadescription":"EP. New. Install electric for new 2 story SF residence with attached garage and covered porch-service only EUD. Final. 4501 PYRENEES PASS","address":"4501 PYRENEES PASS","link":"https://abc.austintexas.gov/web/permit/public-search-other?t_detail=1&t_selected_folderrsn=10157161","tcad_id":"0125780415","location":"    (30.3208499, -97.98560731)","day_issued":"THURSDAY","project_id":"10157161","condominium":"No","status_date":"10/09/2008","jurisdiction":"BEE CAVE FULL PURPOSE","housing_units":"1","contractor_zip":"78691-____","contractor_city":"PFLUGERVILLE","issuance_method":"Permit Center","contractor_phone":"5128328900","contractor_trade":"Electrical Contractor","number_of_floors":"2","permit_type_desc":"Electrical Permit","fiscal_year_issued":"2008","total_new_add_sqft":"3,958","permit_class_mapped":"Residential","contractor_address_1":"PO BOX 3289","contractor_full_name":"Bryan Neal","issued_in_last_30_days":"No","certificate_of_occupancy":"No","property_legal_description":"LOT 40 BLK A FALCONHEAD WEST PHS 1 SEC 1"},"geometry":{"type":"Point","coordinates":[-97.98560731,30.3208499]}},{"type":"Feature","properties":{"date":"2008-06-04T04:00:00.000Z","year":2008,"description":"New 2 story SF residence with attached garage and porch only","metadescription":"EP. New. New 2 story SF residence with attached garage and porch only. Final. 15304 SNOWMASS HEIGHTS","address":"15304 SNOWMASS HEIGHTS","link":"https://abc.austintexas.gov/web/permit/public-search-other?t_detail=1&t_selected_folderrsn=10156119","tcad_id":"0125760157","location":"    (30.32370224, -97.97857933)","day_issued":"WEDNESDAY","project_id":"10156119","condominium":"No","status_date":"11/05/2008","jurisdiction":"BEE CAVE FULL PURPOSE","housing_units":"1","contractor_zip":"78634-____","contractor_city":"HUTTO","issuance_method":"Permit Center","contractor_phone":"5123825753","contractor_trade":"Electrical Contractor","number_of_floors":"2","permit_type_desc":"Electrical Permit","fiscal_year_issued":"2008","total_new_add_sqft":"4,578","permit_class_mapped":"Residential","contractor_address_2":"629  W FRONT","contractor_full_name":"Calvin Lockhart","issued_in_last_30_days":"No","certificate_of_occupancy":"No","property_legal_description":"LOT 40 BLK C FALCONHEAD WEST PHS 1 SEC 1"},"geometry":{"type":"Point","coordinates":[-97.97857933,30.32370224]}},{"type":"Feature","properties":{"date":"2008-05-23T04:00:00.000Z","year":2008,"description":"New 2 story sf residence with attached garage and porch only EUD","metadescription":"EP. New. New 2 story sf residence with attached garage and porch only EUD. Final. 4225 VAIL DIVIDE","address":"4225 VAIL DIVIDE","link":"https://abc.austintexas.gov/web/permit/public-search-other?t_detail=1&t_selected_folderrsn=10152561","tcad_id":"0125760120","location":"    (30.32183507, -97.97889118)","day_issued":"FRIDAY","project_id":"10152561","condominium":"No","status_date":"10/09/2008","jurisdiction":"BEE CAVE FULL PURPOSE","housing_units":"1","contractor_zip":"78691-____","contractor_city":"PFLUGERVILLE","issuance_method":"Permit Center","contractor_phone":"5128328900","contractor_trade":"Electrical Contractor","number_of_floors":"2","permit_type_desc":"Electrical Permit","fiscal_year_issued":"2008","total_new_add_sqft":"5,629","permit_class_mapped":"Residential","contractor_address_1":"PO BOX 3289","contractor_full_name":"Bryan Neal","issued_in_last_30_days":"No","certificate_of_occupancy":"No","property_legal_description":"LOT 2 BLK C FALCONHEAD WEST PHS 1 SEC 1"},"geometry":{"type":"Point","coordinates":[-97.97889118,30.32183507]}},{"type":"Feature","properties":{"date":"2008-05-23T04:00:00.000Z","year":2008,"description":"New 2 story sf residence with attached garage and porch only EUD","metadescription":"EP. New. New 2 story sf residence with attached garage and porch only EUD. Final. 4212 VAIL DIVIDE","address":"4212 VAIL DIVIDE","link":"https://abc.austintexas.gov/web/permit/public-search-other?t_detail=1&t_selected_folderrsn=10152474","tcad_id":"0125760163","location":"    (30.3226583, -97.97894084)","day_issued":"FRIDAY","project_id":"10152474","condominium":"No","status_date":"10/30/2008","jurisdiction":"BEE CAVE FULL PURPOSE","housing_units":"1","contractor_zip":"78691-____","contractor_city":"PFLUGERVILLE","issuance_method":"Permit Center","contractor_phone":"5128328900","contractor_trade":"Electrical Contractor","number_of_floors":"2","permit_type_desc":"Electrical Permit","fiscal_year_issued":"2008","total_new_add_sqft":"5,131","permit_class_mapped":"Residential","contractor_address_1":"PO BOX 3289","contractor_full_name":"Bryan Neal","issued_in_last_30_days":"No","certificate_of_occupancy":"No","property_legal_description":"LOT 46 BLK C FALCONHEAD WEST PHS 1 SEC 1"},"geometry":{"type":"Point","coordinates":[-97.97894084,30.3226583]}},{"type":"Feature","properties":{"date":"2008-05-13T04:00:00.000Z","year":2008,"description":"New Sf residence with attached garage and porch only EUD","metadescription":"EP. New. New Sf residence with attached garage and porch only EUD. Final. 4513 PYRENEES PASS","address":"4513 PYRENEES PASS","link":"https://abc.austintexas.gov/web/permit/public-search-other?t_detail=1&t_selected_folderrsn=10148004","tcad_id":"0125780412","location":"    (30.32104265, -97.98622079)","day_issued":"TUESDAY","project_id":"10148004","condominium":"No","status_date":"10/09/2008","jurisdiction":"BEE CAVE FULL PURPOSE","housing_units":"1","contractor_zip":"78691-____","contractor_city":"PFLUGERVILLE","issuance_method":"Permit Center","contractor_phone":"5128328900","contractor_trade":"Electrical Contractor","number_of_floors":"1","permit_type_desc":"Electrical Permit","fiscal_year_issued":"2008","total_new_add_sqft":"3,307","permit_class_mapped":"Residential","contractor_address_1":"PO BOX 3289","contractor_full_name":"Bryan Neal","issued_in_last_30_days":"No","certificate_of_occupancy":"No","property_legal_description":"LOT 37 BLK A FALCONHEAD WEST PHS 1 SEC 1"},"geometry":{"type":"Point","coordinates":[-97.98622079,30.32104265]}},{"type":"Feature","properties":{"date":"2008-05-08T04:00:00.000Z","year":2008,"description":"New 2 story SF residence with attached garage and porch only EUD","metadescription":"EP. New. New 2 story SF residence with attached garage and porch only EUD. Final. 4529 PYRENEES PASS","address":"4529 PYRENEES PASS","link":"https://abc.austintexas.gov/web/permit/public-search-other?t_detail=1&t_selected_folderrsn=10146872","tcad_id":"0125780408","location":"    (30.32117471, -97.98697524)","day_issued":"THURSDAY","project_id":"10146872","condominium":"No","status_date":"10/09/2008","jurisdiction":"BEE CAVE FULL PURPOSE","housing_units":"1","contractor_zip":"78691-____","contractor_city":"PFLUGERVILLE","issuance_method":"Permit Center","contractor_phone":"5128328900","contractor_trade":"Electrical Contractor","number_of_floors":"2","permit_type_desc":"Electrical Permit","fiscal_year_issued":"2008","total_new_add_sqft":"3,878","permit_class_mapped":"Residential","contractor_address_1":"PO BOX 3289","contractor_full_name":"Bryan Neal","issued_in_last_30_days":"No","certificate_of_occupancy":"No","property_legal_description":"LOT 33 BLK A FALCONHEAD WEST PHS 1 SEC 1"},"geometry":{"type":"Point","coordinates":[-97.98697524,30.32117471]}},{"type":"Feature","properties":{"date":"2008-05-05T04:00:00.000Z","year":2008,"description":"New 2 story Sf residence with attach garage and porch only EUD","metadescription":"EP. New. New 2 story Sf residence with attach garage and porch only EUD. Final. 4624 MONT BLANC DR","address":"4624 MONT BLANC DR","link":"https://abc.austintexas.gov/web/permit/public-search-other?t_detail=1&t_selected_folderrsn=10145196","tcad_id":"0125780128","location":"    (30.32354521, -97.98771648)","day_issued":"MONDAY","project_id":"10145196","condominium":"No","status_date":"10/09/2008","jurisdiction":"BEE CAVE FULL PURPOSE","housing_units":"1","contractor_zip":"78634-____","contractor_city":"HUTTO","issuance_method":"Permit Center","contractor_phone":"5123825753","contractor_trade":"Electrical Contractor","number_of_floors":"2","permit_type_desc":"Electrical Permit","fiscal_year_issued":"2008","total_new_add_sqft":"4,114","permit_class_mapped":"Residential","contractor_address_2":"629  W FRONT","contractor_full_name":"Calvin Lockhart","issued_in_last_30_days":"No","certificate_of_occupancy":"No","property_legal_description":"LOT 112 BLK C FALCONHEAD WEST PHS 1 SEC 1"},"geometry":{"type":"Point","coordinates":[-97.98771648,30.32354521]}},{"type":"Feature","properties":{"date":"2008-05-05T04:00:00.000Z","year":2008,"description":"New 2 story SF residence with attached garage and porch only EUD","metadescription":"EP. New. New 2 story SF residence with attached garage and porch only EUD. Final. 4704 MONT BLANC DR","address":"4704 MONT BLANC DR","link":"https://abc.austintexas.gov/web/permit/public-search-other?t_detail=1&t_selected_folderrsn=10145037","tcad_id":"0125780149","location":"    (30.32343165, -97.98992886)","day_issued":"MONDAY","project_id":"10145037","condominium":"No","status_date":"10/09/2008","jurisdiction":"BEE CAVE FULL PURPOSE","housing_units":"1","contractor_zip":"78634-____","contractor_city":"HUTTO","issuance_method":"Permit Center","contractor_phone":"5123825753","contractor_trade":"Electrical Contractor","number_of_floors":"2","permit_type_desc":"Electrical Permit","fiscal_year_issued":"2008","total_new_add_sqft":"4,247","permit_class_mapped":"Residential","contractor_address_2":"629  W FRONT","contractor_full_name":"Calvin Lockhart","issued_in_last_30_days":"No","certificate_of_occupancy":"No","property_legal_description":"LOT 133 BLK C FALCONHEAD WEST PHS 1 SEC 1"},"geometry":{"type":"Point","coordinates":[-97.98992886,30.32343165]}},{"type":"Feature","properties":{"date":"2008-04-25T04:00:00.000Z","year":2008,"description":"Install electric for 2story SF residence with attached garage and covered porch-service only-eud","metadescription":"EP. New. Install electric for 2story SF residence with attached garage and covered porch-service only-eud. Final. 15605 PONTIC PASS","address":"15605 PONTIC PASS","link":"https://abc.austintexas.gov/web/permit/public-search-other?t_detail=1&t_selected_folderrsn=10141003","tcad_id":"0125780424","location":"    (30.32174748, -97.98671404)","day_issued":"FRIDAY","project_id":"10141003","condominium":"No","status_date":"10/09/2008","jurisdiction":"BEE CAVE FULL PURPOSE","housing_units":"1","contractor_zip":"78691-____","contractor_city":"PFLUGERVILLE","issuance_method":"Permit Center","contractor_phone":"5128328900","contractor_trade":"Electrical Contractor","number_of_floors":"2","permit_type_desc":"Electrical Permit","fiscal_year_issued":"2008","total_new_add_sqft":"3,958","permit_class_mapped":"Residential","contractor_address_1":"PO BOX 3289","contractor_full_name":"Bryan Neal","issued_in_last_30_days":"No","certificate_of_occupancy":"No","property_legal_description":"LOT 49 BLK A FALCONHEAD WEST PHS 1 SEC 1"},"geometry":{"type":"Point","coordinates":[-97.98671404,30.32174748]}},{"type":"Feature","properties":{"date":"2008-04-25T04:00:00.000Z","year":2008,"description":"Install electric for 2story SF residence with attached garage and covered porch-service only-eud","metadescription":"EP. New. Install electric for 2story SF residence with attached garage and covered porch-service only-eud. Final. 4525 PYRENEES PASS","address":"4525 PYRENEES PASS","link":"https://abc.austintexas.gov/web/permit/public-search-other?t_detail=1&t_selected_folderrsn=10141008","tcad_id":"0125780409","location":"    (30.32113532, -97.98677648)","day_issued":"FRIDAY","project_id":"10141008","condominium":"No","status_date":"10/09/2008","jurisdiction":"BEE CAVE FULL PURPOSE","housing_units":"1","contractor_zip":"78691-____","contractor_city":"PFLUGERVILLE","issuance_method":"Permit Center","contractor_phone":"5128328900","contractor_trade":"Electrical Contractor","number_of_floors":"2","permit_type_desc":"Electrical Permit","fiscal_year_issued":"2008","total_new_add_sqft":"5,819","permit_class_mapped":"Residential","contractor_address_1":"PO BOX 3289","contractor_full_name":"Bryan Neal","issued_in_last_30_days":"No","certificate_of_occupancy":"No","property_legal_description":"LOT 34 BLK A FALCONHEAD WEST PHS 1 SEC 1"},"geometry":{"type":"Point","coordinates":[-97.98677648,30.32113532]}},{"type":"Feature","properties":{"date":"2008-04-24T04:00:00.000Z","year":2008,"description":"Install electric for new 2 story with attached garage and covered porch-service only-EUD","metadescription":"EP. New. Install electric for new 2 story with attached garage and covered porch-service only-EUD. Final. 4520 MONT BLANC DR","address":"4520 MONT BLANC DR","link":"https://abc.austintexas.gov/web/permit/public-search-other?t_detail=1&t_selected_folderrsn=10140661","tcad_id":"0125780116","location":"    (30.32252688, -97.98527168)","day_issued":"THURSDAY","project_id":"10140661","condominium":"No","status_date":"10/09/2008","jurisdiction":"BEE CAVE FULL PURPOSE","housing_units":"1","contractor_zip":"78691-____","contractor_city":"PFLUGERVILLE","issuance_method":"Permit Center","contractor_phone":"5128328900","contractor_trade":"Electrical Contractor","number_of_floors":"2","permit_type_desc":"Electrical Permit","fiscal_year_issued":"2008","total_new_add_sqft":"5,507","permit_class_mapped":"Residential","contractor_address_1":"PO BOX 3289","contractor_full_name":"Bryan Neal","issued_in_last_30_days":"No","certificate_of_occupancy":"No","property_legal_description":"LOT 100 BLK C FALCONHEAD WEST PHS 1 SEC 1"},"geometry":{"type":"Point","coordinates":[-97.98527168,30.32252688]}},{"type":"Feature","properties":{"date":"2008-04-23T04:00:00.000Z","year":2008,"description":"New  2 story SF residence with attached garage and porch EUD","metadescription":"EP. New. New  2 story SF residence with attached garage and porch EUD. Final. 4213 VAIL DIVIDE","address":"4213 VAIL DIVIDE","link":"https://abc.austintexas.gov/web/permit/public-search-other?t_detail=1&t_selected_folderrsn=10140327","tcad_id":"0125760123","location":"    (30.32241391, -97.97851249)","day_issued":"WEDNESDAY","project_id":"10140327","condominium":"No","status_date":"10/09/2008","jurisdiction":"BEE CAVE FULL PURPOSE","housing_units":"1","contractor_zip":"78634-____","contractor_city":"HUTTO","issuance_method":"Permit Center","contractor_phone":"5123825753","contractor_trade":"Electrical Contractor","number_of_floors":"2","permit_type_desc":"Electrical Permit","fiscal_year_issued":"2008","total_new_add_sqft":"4,766","permit_class_mapped":"Residential","contractor_address_2":"629  W FRONT","contractor_full_name":"Calvin Lockhart","issued_in_last_30_days":"No","certificate_of_occupancy":"No","property_legal_description":"LOT 5 BLK C FALCONHEAD WEST PHS 1 SEC 1"},"geometry":{"type":"Point","coordinates":[-97.97851249,30.32241391]}},{"type":"Feature","properties":{"date":"2008-04-23T04:00:00.000Z","year":2008,"description":"New  SF residence with attached garage and porch EUD","metadescription":"EP. New. New  SF residence with attached garage and porch EUD. Final. 4217 VAIL DIVIDE","address":"4217 VAIL DIVIDE","link":"https://abc.austintexas.gov/web/permit/public-search-other?t_detail=1&t_selected_folderrsn=10140321","tcad_id":"0125760122","location":"    (30.32222405, -97.97865661)","day_issued":"WEDNESDAY","project_id":"10140321","condominium":"No","status_date":"10/09/2008","jurisdiction":"BEE CAVE FULL PURPOSE","housing_units":"1","contractor_zip":"78634-____","contractor_city":"HUTTO","issuance_method":"Permit Center","contractor_phone":"5123825753","contractor_trade":"Electrical Contractor","number_of_floors":"1","permit_type_desc":"Electrical Permit","fiscal_year_issued":"2008","total_new_add_sqft":"3,993","permit_class_mapped":"Residential","contractor_address_2":"629  W FRONT","contractor_full_name":"Calvin Lockhart","issued_in_last_30_days":"No","certificate_of_occupancy":"No","property_legal_description":"LOT 4 BLK C FALCONHEAD WEST PHS 1 SEC 1"},"geometry":{"type":"Point","coordinates":[-97.97865661,30.32222405]}},{"type":"Feature","properties":{"date":"2008-04-10T04:00:00.000Z","year":2008,"description":"New 2 story sf residence with attach garage and porch EUD","metadescription":"EP. New. New 2 story sf residence with attach garage and porch EUD. Final. 4712 MONT BLANC DR","address":"4712 MONT BLANC DR","link":"https://abc.austintexas.gov/web/permit/public-search-other?t_detail=1&t_selected_folderrsn=10135034","tcad_id":"0125780151","location":"    (30.32320511, -97.99032429)","day_issued":"THURSDAY","project_id":"10135034","condominium":"No","status_date":"10/09/2008","jurisdiction":"BEE CAVE FULL PURPOSE","housing_units":"1","contractor_zip":"78691-____","contractor_city":"PFLUGERVILLE","issuance_method":"Permit Center","contractor_phone":"5128328900","contractor_trade":"Electrical Contractor","number_of_floors":"2","permit_type_desc":"Electrical Permit","fiscal_year_issued":"2008","total_new_add_sqft":"4,943","permit_class_mapped":"Residential","contractor_address_1":"PO BOX 3289","contractor_full_name":"Bryan Neal","issued_in_last_30_days":"No","certificate_of_occupancy":"No","property_legal_description":"LOT 135 BLK C FALCONHEAD WEST PHS 1 SEC 1"},"geometry":{"type":"Point","coordinates":[-97.99032429,30.32320511]}},{"type":"Feature","properties":{"date":"2008-04-10T04:00:00.000Z","year":2008,"description":"New 2 story sf residence with attach garage and porch EUD","metadescription":"EP. New. New 2 story sf residence with attach garage and porch EUD. Final. 4500 MONT BLANC DR","address":"4500 MONT BLANC DR","link":"https://abc.austintexas.gov/web/permit/public-search-other?t_detail=1&t_selected_folderrsn=10135028","tcad_id":"0125780111","location":"    (30.32199167, -97.98427977)","day_issued":"THURSDAY","project_id":"10135028","condominium":"No","status_date":"10/09/2008","jurisdiction":"BEE CAVE FULL PURPOSE","housing_units":"1","contractor_zip":"78691-____","contractor_city":"PFLUGERVILLE","issuance_method":"Permit Center","contractor_phone":"5128328900","contractor_trade":"Electrical Contractor","number_of_floors":"2","permit_type_desc":"Electrical Permit","fiscal_year_issued":"2008","total_new_add_sqft":"4,703","permit_class_mapped":"Residential","contractor_address_1":"PO BOX 3289","contractor_full_name":"Bryan Neal","issued_in_last_30_days":"No","certificate_of_occupancy":"No","property_legal_description":"LOT 95 BLK C FALCONHEAD WEST PHS 1 SEC 1"},"geometry":{"type":"Point","coordinates":[-97.98427977,30.32199167]}},{"type":"Feature","properties":{"date":"2008-04-02T04:00:00.000Z","year":2008,"description":"New 2 stroy sf residence  with attached garage and porch only","metadescription":"EP. New. New 2 stroy sf residence  with attached garage and porch only. Final. 15304 SPILLMAN RANCH LOOP","address":"15304 SPILLMAN RANCH LOOP","link":"https://abc.austintexas.gov/web/permit/public-search-other?t_detail=1&t_selected_folderrsn=10131661","tcad_id":"0123760223","location":"    (30.31903191, -97.97855381)","day_issued":"WEDNESDAY","project_id":"10131661","condominium":"No","status_date":"10/09/2008","jurisdiction":"BEE CAVE FULL PURPOSE","housing_units":"1","contractor_zip":"78634-____","contractor_city":"HUTTO","issuance_method":"Permit Center","contractor_phone":"5123825753","contractor_trade":"Electrical Contractor","number_of_floors":"2","permit_type_desc":"Electrical Permit","fiscal_year_issued":"2008","total_new_add_sqft":"4,555","permit_class_mapped":"Residential","contractor_address_2":"629  W FRONT","contractor_full_name":"Calvin Lockhart","issued_in_last_30_days":"No","certificate_of_occupancy":"No","property_legal_description":"LOT 32 BLK L SPILLMAN RANCH PHS 3 & 4"},"geometry":{"type":"Point","coordinates":[-97.97855381,30.31903191]}},{"type":"Feature","properties":{"date":"2008-03-17T04:00:00.000Z","year":2008,"description":"New 2 story sf residence with attached garage and porch electrical service only --EUD","metadescription":"EP. New. New 2 story sf residence with attached garage and porch electrical service only --EUD. Final. 4509 MONT BLANC DR","address":"4509 MONT BLANC DR","link":"https://abc.austintexas.gov/web/permit/public-search-other?t_detail=1&t_selected_folderrsn=10125471","tcad_id":"0125780108","location":"    (30.32192432, -97.98495665)","day_issued":"MONDAY","project_id":"10125471","condominium":"No","status_date":"10/09/2008","jurisdiction":"BEE CAVE FULL PURPOSE","housing_units":"1","contractor_zip":"78691-____","contractor_city":"PFLUGERVILLE","issuance_method":"Permit Center","contractor_phone":"5128328900","contractor_trade":"Electrical Contractor","number_of_floors":"2","permit_type_desc":"Electrical Permit","fiscal_year_issued":"2008","total_new_add_sqft":"4,552","permit_class_mapped":"Residential","contractor_address_1":"PO BOX 3289","contractor_full_name":"Bryan Neal","issued_in_last_30_days":"No","certificate_of_occupancy":"No","property_legal_description":"LOT 92 BLK C FALCONHEAD WEST PHS 1 SEC 1"},"geometry":{"type":"Point","coordinates":[-97.98495665,30.32192432]}},{"type":"Feature","properties":{"date":"2008-03-10T04:00:00.000Z","year":2008,"description":"Install electric for new 2 story SF residence with attached garage and covered porch- Service only- EUD","metadescription":"EP. New. Install electric for new 2 story SF residence with attached garage and covered porch- Service only- EUD. Final. 15300 SPILLMAN RANCH LOOP","address":"15300 SPILLMAN RANCH LOOP","link":"https://abc.austintexas.gov/web/permit/public-search-other?t_detail=1&t_selected_folderrsn=10123262","tcad_id":"0123760222","location":"    (30.31884569, -97.97844741)","day_issued":"MONDAY","project_id":"10123262","condominium":"No","status_date":"10/09/2008","jurisdiction":"BEE CAVE FULL PURPOSE","housing_units":"1","contractor_zip":"78634-____","contractor_city":"HUTTO","issuance_method":"Permit Center","contractor_phone":"5123825753","contractor_trade":"Electrical Contractor","number_of_floors":"2","permit_type_desc":"Electrical Permit","fiscal_year_issued":"2008","total_new_add_sqft":"4,578","permit_class_mapped":"Residential","contractor_address_2":"629  W FRONT","contractor_full_name":"Calvin Lockhart","issued_in_last_30_days":"No","certificate_of_occupancy":"No","property_legal_description":"LOT 31 BLK L SPILLMAN RANCH PHS 3 & 4"},"geometry":{"type":"Point","coordinates":[-97.97844741,30.31884569]}},{"type":"Feature","properties":{"date":"2008-02-22T05:00:00.000Z","year":2008,"description":"New 2 Sty Resd W/ Attached Garage & Porch. Electrical Service Only. EUD.","metadescription":"EP. New. New 2 Sty Resd W/ Attached Garage & Porch. Electrical Service Only. EUD.. Final. 4524 MONT BLANC DR","address":"4524 MONT BLANC DR","link":"https://abc.austintexas.gov/web/permit/public-search-other?t_detail=1&t_selected_folderrsn=10117457","tcad_id":"0125780117","location":"    (30.32260213, -97.98547591)","day_issued":"FRIDAY","project_id":"10117457","condominium":"No","status_date":"10/09/2008","jurisdiction":"BEE CAVE FULL PURPOSE","housing_units":"1","contractor_zip":"78691-____","contractor_city":"PFLUGERVILLE","issuance_method":"Permit Center","contractor_phone":"5128328900","contractor_trade":"Electrical Contractor","number_of_floors":"2","permit_type_desc":"Electrical Permit","fiscal_year_issued":"2008","total_new_add_sqft":"5,211","permit_class_mapped":"Residential","contractor_address_1":"PO BOX 3289","contractor_full_name":"Bryan Neal","issued_in_last_30_days":"No","certificate_of_occupancy":"No","property_legal_description":"LOT 101 BLK C FALCONHEAD WEST PHS 1 SEC 1"},"geometry":{"type":"Point","coordinates":[-97.98547591,30.32260213]}},{"type":"Feature","properties":{"date":"2008-01-23T05:00:00.000Z","year":2008,"description":"Install electric for new 2 story SF residence with attached garage and coverd porch-Service only- EUD","metadescription":"EP. New. Install electric for new 2 story SF residence with attached garage and coverd porch-Service only- EUD. Final. 16108 OZARKS PATH","address":"16108 OZARKS PATH","link":"https://abc.austintexas.gov/web/permit/public-search-other?t_detail=1&t_selected_folderrsn=10108548","tcad_id":"0125800103","location":"    (30.32166415, -97.99283758)","day_issued":"WEDNESDAY","project_id":"10108548","condominium":"No","status_date":"10/09/2008","jurisdiction":"BEE CAVE FULL PURPOSE","housing_units":"1","contractor_zip":"78691-____","contractor_city":"PFLUGERVILLE","issuance_method":"Permit Center","contractor_phone":"5128328900","contractor_trade":"Electrical Contractor","number_of_floors":"2","permit_type_desc":"Electrical Permit","fiscal_year_issued":"2008","total_new_add_sqft":"4,669","permit_class_mapped":"Residential","contractor_address_1":"PO BOX 3289","contractor_full_name":"Bryan Neal","issued_in_last_30_days":"No","certificate_of_occupancy":"No","property_legal_description":"LOT 202 BLK C FALCONHEAD WEST PHS 1 SEC 1"},"geometry":{"type":"Point","coordinates":[-97.99283758,30.32166415]}},{"type":"Feature","properties":{"date":"2008-01-23T05:00:00.000Z","year":2008,"description":"Install electric for new SF residence with attached garage and coverd porch-Service only- EUD","metadescription":"EP. New. Install electric for new SF residence with attached garage and coverd porch-Service only- EUD. Final. 16109 OZARKS PATH","address":"16109 OZARKS PATH","link":"https://abc.austintexas.gov/web/permit/public-search-other?t_detail=1&t_selected_folderrsn=10108563","tcad_id":"0125800111","location":"    (30.32128082, -97.99308147)","day_issued":"WEDNESDAY","project_id":"10108563","condominium":"No","status_date":"10/09/2008","jurisdiction":"BEE CAVE FULL PURPOSE","housing_units":"1","contractor_zip":"78691-____","contractor_city":"PFLUGERVILLE","issuance_method":"Permit Center","contractor_phone":"5128328900","contractor_trade":"Electrical Contractor","number_of_floors":"1","permit_type_desc":"Electrical Permit","fiscal_year_issued":"2008","total_new_add_sqft":"3,307","permit_class_mapped":"Residential","contractor_address_1":"PO BOX 3289","contractor_full_name":"Bryan Neal","issued_in_last_30_days":"No","certificate_of_occupancy":"No","property_legal_description":"LOT 210 BLK C FALCONHEAD WEST PHS 1 SEC 1"},"geometry":{"type":"Point","coordinates":[-97.99308147,30.32128082]}},{"type":"Feature","properties":{"date":"2008-01-23T05:00:00.000Z","year":2008,"description":"Install electric for new 2 story SF residence with attached garage and coverd porch-Service only- EUD","metadescription":"EP. New. Install electric for new 2 story SF residence with attached garage and coverd porch-Service only- EUD. Final. 16113 OZARKS PATH","address":"16113 OZARKS PATH","link":"https://abc.austintexas.gov/web/permit/public-search-other?t_detail=1&t_selected_folderrsn=10108561","tcad_id":"0125800110","location":"    (30.32141642, -97.99327789)","day_issued":"WEDNESDAY","project_id":"10108561","condominium":"No","status_date":"10/09/2008","jurisdiction":"BEE CAVE FULL PURPOSE","housing_units":"1","contractor_zip":"78691-____","contractor_city":"PFLUGERVILLE","issuance_method":"Permit Center","contractor_phone":"5128328900","contractor_trade":"Electrical Contractor","number_of_floors":"2","permit_type_desc":"Electrical Permit","fiscal_year_issued":"2008","total_new_add_sqft":"3,922","permit_class_mapped":"Residential","contractor_address_1":"PO BOX 3289","contractor_full_name":"Bryan Neal","issued_in_last_30_days":"No","certificate_of_occupancy":"No","property_legal_description":"LOT 209 BLK C FALCONHEAD WEST PHS 1 SEC 1"},"geometry":{"type":"Point","coordinates":[-97.99327789,30.32141642]}},{"type":"Feature","properties":{"date":"2008-01-22T05:00:00.000Z","year":2008,"description":"Install electric for new 2 strory SF residence with attached garage and covered porch- Service only- EUD","metadescription":"EP. New. Install electric for new 2 strory SF residence with attached garage and covered porch- Service only- EUD. Final. 16104 OZARKS PATH","address":"16104 OZARKS PATH","link":"https://abc.austintexas.gov/web/permit/public-search-other?t_detail=1&t_selected_folderrsn=10108150","tcad_id":"0125800102","location":"    (30.32149082, -97.99268328)","day_issued":"TUESDAY","project_id":"10108150","condominium":"No","status_date":"10/09/2008","jurisdiction":"BEE CAVE FULL PURPOSE","housing_units":"1","contractor_zip":"78691-____","contractor_city":"PFLUGERVILLE","issuance_method":"Permit Center","contractor_phone":"5128328900","contractor_trade":"Electrical Contractor","number_of_floors":"2","permit_type_desc":"Electrical Permit","fiscal_year_issued":"2008","total_new_add_sqft":"5,211","permit_class_mapped":"Residential","contractor_address_1":"PO BOX 3289","contractor_full_name":"Bryan Neal","issued_in_last_30_days":"No","certificate_of_occupancy":"No","property_legal_description":"LOT 201 BLK C FALCONHEAD WEST PHS 1 SEC 1"},"geometry":{"type":"Point","coordinates":[-97.99268328,30.32149082]}},{"type":"Feature","properties":{"date":"2008-01-15T05:00:00.000Z","year":2008,"description":"New  2 story SF residence with Attached garage porch only EUD","metadescription":"EP. New. New  2 story SF residence with Attached garage porch only EUD. Final. 16100 OZARKS PATH","address":"16100 OZARKS PATH","link":"https://abc.austintexas.gov/web/permit/public-search-other?t_detail=1&t_selected_folderrsn=10106448","tcad_id":"0125800101","location":"    (30.32136031, -97.99246453)","day_issued":"TUESDAY","project_id":"10106448","condominium":"No","status_date":"10/09/2008","jurisdiction":"BEE CAVE FULL PURPOSE","housing_units":"1","contractor_zip":"78691-____","contractor_city":"PFLUGERVILLE","issuance_method":"Permit Center","contractor_phone":"5128328900","contractor_trade":"Electrical Contractor","number_of_floors":"2","permit_type_desc":"Electrical Permit","fiscal_year_issued":"2008","total_new_add_sqft":"5,197","permit_class_mapped":"Residential","contractor_address_1":"PO BOX 3289","contractor_full_name":"Bryan Neal","issued_in_last_30_days":"No","certificate_of_occupancy":"No","property_legal_description":"LOT 200 BLK C FALCONHEAD WEST PHS 1 SEC 1"},"geometry":{"type":"Point","coordinates":[-97.99246453,30.32136031]}},{"type":"Feature","properties":{"date":"2008-01-11T05:00:00.000Z","year":2008,"description":"Install electric for new 2 story SF residence with attached garage and porch- service only- EUD","metadescription":"EP. New. Install electric for new 2 story SF residence with attached garage and porch- service only- EUD. Final. 15412 SPILLMAN RANCH LOOP","address":"15412 SPILLMAN RANCH LOOP","link":"https://abc.austintexas.gov/web/permit/public-search-other?t_detail=1&t_selected_folderrsn=10105084","tcad_id":"0123760230","location":"    (30.3204889, -97.97822027)","day_issued":"FRIDAY","project_id":"10105084","condominium":"No","status_date":"10/09/2008","jurisdiction":"BEE CAVE FULL PURPOSE","housing_units":"1","contractor_zip":"78653","contractor_city":"MANOR","issuance_method":"Permit Center","contractor_phone":"5125351333","contractor_trade":"Electrical Contractor","number_of_floors":"2","permit_type_desc":"Electrical Permit","fiscal_year_issued":"2008","total_new_add_sqft":"3,074","permit_class_mapped":"Residential","contractor_address_2":"2720  E Howa","contractor_full_name":"John Simmons","issued_in_last_30_days":"No","certificate_of_occupancy":"No","property_legal_description":"LOT 39 BLK L SPILLMAN RANCH PHS 3 & 4"},"geometry":{"type":"Point","coordinates":[-97.97822027,30.3204889]}},{"type":"Feature","properties":{"date":"2008-01-10T05:00:00.000Z","year":2008,"description":"New 2 stry resid w/att garage-porch elec srv eud","metadescription":"EP. New. New 2 stry resid w/att garage-porch elec srv eud. Final. 5521 GREAT DIVIDE DR","address":"5521 GREAT DIVIDE DR","link":"https://abc.austintexas.gov/web/permit/public-search-other?t_detail=1&t_selected_folderrsn=10104858","tcad_id":"0110670402","location":"    (30.29229112, -97.95351369)","day_issued":"THURSDAY","project_id":"10104858","condominium":"No","status_date":"10/09/2008","jurisdiction":"BEE CAVE FULL PURPOSE","housing_units":"1","contractor_zip":"78642","contractor_city":"Liberty Hill","issuance_method":"Permit Center","contractor_phone":"5127855875","contractor_trade":"Electrical Contractor","number_of_floors":"2","permit_type_desc":"Electrical Permit","fiscal_year_issued":"2008","total_new_add_sqft":"3,603","permit_class_mapped":"Residential","contractor_address_1":"117 PEBBLES","contractor_address_2":"LIBERTY HILL","contractor_full_name":"Chris W. Baker","issued_in_last_30_days":"No","certificate_of_occupancy":"No","property_legal_description":"LOT 3 BLK A HOMESTEAD THE"},"geometry":{"type":"Point","coordinates":[-97.95351369,30.29229112]}},{"type":"Feature","properties":{"date":"2007-12-14T05:00:00.000Z","year":2007,"description":"New 2 stry resid w/att garage-porch elec srv eud","metadescription":"EP. New. New 2 stry resid w/att garage-porch elec srv eud. Final. 14400 PIPER GLEN DR","address":"14400 PIPER GLEN DR","link":"https://abc.austintexas.gov/web/permit/public-search-other?t_detail=1&t_selected_folderrsn=10098283","tcad_id":"0123700125","location":"    (30.31849375, -97.96531304)","day_issued":"FRIDAY","project_id":"10098283","condominium":"No","status_date":"10/10/2008","jurisdiction":"BEE CAVE FULL PURPOSE","housing_units":"1","contractor_zip":"78630","contractor_city":"Cedar Park","issuance_method":"Permit Center","contractor_phone":"5129818215","contractor_trade":"Electrical Contractor","number_of_floors":"2","permit_type_desc":"Electrical Permit","fiscal_year_issued":"2008","total_new_add_sqft":"6,000","permit_class_mapped":"Residential","contractor_address_1":"P.O.Box 642","contractor_full_name":"Marty R. Reed","issued_in_last_30_days":"No","certificate_of_occupancy":"No","property_legal_description":"LOT 16 BLK C SPILLMAN RANCH PHS 1 SEC 2"},"geometry":{"type":"Point","coordinates":[-97.96531304,30.31849375]}},{"type":"Feature","properties":{"date":"2007-11-26T05:00:00.000Z","year":2007,"description":"install electric to new 2 story SF residence with attached garage and covered porch-service only EUD","metadescription":"EP. New. install electric to new 2 story SF residence with attached garage and covered porch-service only EUD. Final. 14501 AMERICAN KESTREL DR","address":"14501 AMERICAN KESTREL DR","link":"https://abc.austintexas.gov/web/permit/public-search-other?t_detail=1&t_selected_folderrsn=10092535","tcad_id":"0125700144","location":"    (30.32157898, -97.96513588)","day_issued":"MONDAY","project_id":"10092535","condominium":"No","status_date":"10/09/2008","jurisdiction":"BEE CAVE FULL PURPOSE","housing_units":"1","contractor_zip":"78653","contractor_city":"MANOR","issuance_method":"Permit Center","contractor_phone":"5125351333","contractor_trade":"Electrical Contractor","number_of_floors":"2","permit_type_desc":"Electrical Permit","fiscal_year_issued":"2008","total_new_add_sqft":"2,544","permit_class_mapped":"Residential","contractor_address_2":"2720  E Howa","contractor_full_name":"John Simmons","issued_in_last_30_days":"No","certificate_of_occupancy":"No","property_legal_description":"LOT 8 BLK G SPILLMAN RANCH PHS 1 SEC 1"},"geometry":{"type":"Point","coordinates":[-97.96513588,30.32157898]}},{"type":"Feature","properties":{"date":"2007-11-26T05:00:00.000Z","year":2007,"description":"install electrical service for new 2 story sf residence with attached garage and covered porch- servicel only EUD","metadescription":"EP. New. install electrical service for new 2 story sf residence with attached garage and covered porch- servicel only EUD. Final. 14309 BROADWINGED HAWK DR","address":"14309 BROADWINGED HAWK DR","link":"https://abc.austintexas.gov/web/permit/public-search-other?t_detail=1&t_selected_folderrsn=10091918","tcad_id":"0125680311","location":"    (30.32321441, -97.9604736)","day_issued":"MONDAY","project_id":"10091918","condominium":"No","status_date":"10/09/2008","jurisdiction":"BEE CAVE FULL PURPOSE","housing_units":"1","contractor_zip":"78653","contractor_city":"MANOR","issuance_method":"Permit Center","contractor_phone":"5125351333","contractor_trade":"Electrical Contractor","number_of_floors":"2","permit_type_desc":"Electrical Permit","fiscal_year_issued":"2008","total_new_add_sqft":"2,544","permit_class_mapped":"Residential","contractor_address_2":"2720  E Howa","contractor_full_name":"John Simmons","issued_in_last_30_days":"No","certificate_of_occupancy":"No","property_legal_description":"LOT 2 BLK A SPILLMAN RANCH PHS 1 SEC 6"},"geometry":{"type":"Point","coordinates":[-97.9604736,30.32321441]}},{"type":"Feature","properties":{"date":"2007-11-26T05:00:00.000Z","year":2007,"description":"install electric to new 2 story SF residence with attached garage and covered porch-service only EUD","metadescription":"EP. New. install electric to new 2 story SF residence with attached garage and covered porch-service only EUD. Expired. 15025 SPILLMAN RANCH LOOP","address":"15025 SPILLMAN RANCH LOOP","link":"https://abc.austintexas.gov/web/permit/public-search-other?t_detail=1&t_selected_folderrsn=10092541","tcad_id":"0123730339","location":"    (30.31791861, -97.97588964)","day_issued":"MONDAY","project_id":"10092541","condominium":"No","status_date":"10/09/2008","jurisdiction":"BEE CAVE FULL PURPOSE","housing_units":"1","contractor_zip":"78653","contractor_city":"MANOR","issuance_method":"Permit Center","contractor_phone":"5125351333","contractor_trade":"Electrical Contractor","number_of_floors":"2","permit_type_desc":"Electrical Permit","fiscal_year_issued":"2008","total_new_add_sqft":"3,896","permit_class_mapped":"Residential","contractor_address_2":"2720  E Howa","contractor_full_name":"John Simmons","issued_in_last_30_days":"No","certificate_of_occupancy":"No","property_legal_description":"LOT 56 BLK E SPILLMAN RANCH PHS 3 & 4"},"geometry":{"type":"Point","coordinates":[-97.97588964,30.31791861]}},{"type":"Feature","properties":{"date":"2007-09-21T04:00:00.000Z","year":2007,"description":"New 2 Stry SF res w/att gar  covrd porch - Elect Serv Only (EUD)\n  Wtr Dist:  LCRA","metadescription":"EP. New. New 2 Stry SF res w/att gar  covrd porch - Elect Serv Only (EUD)\n  Wtr Dist:  LCRA. Final. 4100 APLOMADO FALCON CV","address":"4100 APLOMADO FALCON CV","link":"https://abc.austintexas.gov/web/permit/public-search-other?t_detail=1&t_selected_folderrsn=10074104","tcad_id":"0125730121","location":"    (30.32516889, -97.97592808)","day_issued":"FRIDAY","project_id":"10074104","condominium":"No","status_date":"10/09/2008","jurisdiction":"BEE CAVE FULL PURPOSE","housing_units":"1","contractor_zip":"78653","contractor_city":"MANOR","issuance_method":"Permit Center","contractor_phone":"5125351333","contractor_trade":"Electrical Contractor","number_of_floors":"2","permit_type_desc":"Electrical Permit","fiscal_year_issued":"2007","total_new_add_sqft":"3,623","permit_class_mapped":"Residential","contractor_address_2":"2720  E Howa","contractor_full_name":"John Simmons","issued_in_last_30_days":"No","certificate_of_occupancy":"No","property_legal_description":"LOT 20 BLK F SPILLMAN RANCH PHS 2 SEC 1"},"geometry":{"type":"Point","coordinates":[-97.97592808,30.32516889]}},{"type":"Feature","properties":{"date":"2007-09-21T04:00:00.000Z","year":2007,"description":"New 2 Stry SF res w/att gar  covrd porch - Elect Serv Only (EUD)\n  Wtr Dist: LCRA","metadescription":"EP. New. New 2 Stry SF res w/att gar  covrd porch - Elect Serv Only (EUD)\n  Wtr Dist: LCRA. Final. 15813 SPILLMAN RANCH LOOP","address":"15813 SPILLMAN RANCH LOOP","link":"https://abc.austintexas.gov/web/permit/public-search-other?t_detail=1&t_selected_folderrsn=10073654","tcad_id":"0125730113","location":"    (30.32373477, -97.97466333)","day_issued":"FRIDAY","project_id":"10073654","condominium":"No","status_date":"10/09/2008","jurisdiction":"BEE CAVE FULL PURPOSE","housing_units":"0","contractor_zip":"78653","contractor_city":"MANOR","issuance_method":"Permit Center","contractor_phone":"5125351333","contractor_trade":"Electrical Contractor","number_of_floors":"0","permit_type_desc":"Electrical Permit","fiscal_year_issued":"2007","total_new_add_sqft":"3,999","permit_class_mapped":"Residential","contractor_address_2":"2720  E Howa","contractor_full_name":"John Simmons","issued_in_last_30_days":"No","certificate_of_occupancy":"No","property_legal_description":"LOT 28 BLK F SPILLMAN RANCH PHS 2 SEC 1"},"geometry":{"type":"Point","coordinates":[-97.97466333,30.32373477]}},{"type":"Feature","properties":{"date":"2007-08-07T04:00:00.000Z","year":2007,"description":"New 2 Stry SF res w/att gar - covrd porch - Elect Serv Only (EUD)\n   Wtr Dist: LCRA","metadescription":"EP. New. New 2 Stry SF res w/att gar - covrd porch - Elect Serv Only (EUD)\n   Wtr Dist: LCRA. Final. 4313 MYRTLE BEACH DR","address":"4313 MYRTLE BEACH DR","link":"https://abc.austintexas.gov/web/permit/public-search-other?t_detail=1&t_selected_folderrsn=10059928","tcad_id":"0123700140","location":"    (30.31737142, -97.96664028)","day_issued":"TUESDAY","project_id":"10059928","condominium":"No","status_date":"10/09/2008","jurisdiction":"BEE CAVE FULL PURPOSE","housing_units":"1","contractor_zip":"78734","contractor_city":"Lakeway","issuance_method":"Permit Center","contractor_phone":"5127480248","contractor_trade":"Electrical Contractor","number_of_floors":"2","permit_type_desc":"Electrical Permit","fiscal_year_issued":"2007","total_new_add_sqft":"5,298","permit_class_mapped":"Residential","contractor_address_2":"2121  Lohman","contractor_full_name":"Daniel Hernandez","issued_in_last_30_days":"No","certificate_of_occupancy":"No","property_legal_description":"LOT 4 BLK D SPILLMAN RANCH PHS 1 SEC 2"},"geometry":{"type":"Point","coordinates":[-97.96664028,30.31737142]}},{"type":"Feature","properties":{"date":"2007-06-22T04:00:00.000Z","year":2007,"description":"New sf residence w/att garage porch electric service only eud.","metadescription":"EP. New. New sf residence w/att garage porch electric service only eud.. Final. 5300 AVISPA WAY","address":"5300 AVISPA WAY","link":"https://abc.austintexas.gov/web/permit/public-search-other?t_detail=1&t_selected_folderrsn=10045703","tcad_id":"0118770505","location":"    (30.3099711, -97.98041367)","day_issued":"FRIDAY","project_id":"10045703","condominium":"No","status_date":"10/09/2008","jurisdiction":"BEE CAVE FULL PURPOSE","housing_units":"0","contractor_zip":"78630","contractor_city":"Cedar Park","issuance_method":"Permit Center","contractor_phone":"5129818215","contractor_trade":"Electrical Contractor","number_of_floors":"1","permit_type_desc":"Electrical Permit","fiscal_year_issued":"2007","total_new_add_sqft":"4,561","permit_class_mapped":"Residential","contractor_address_1":"P.O.Box 642","contractor_full_name":"Marty R. Reed","issued_in_last_30_days":"No","certificate_of_occupancy":"No","property_legal_description":"LOT 25A AVISPA ADDN MH S#12307447"},"geometry":{"type":"Point","coordinates":[-97.98041367,30.3099711]}},{"type":"Feature","properties":{"date":"2007-06-11T04:00:00.000Z","year":2007,"description":"NEW 2STRY SF RES W/ ATT GARAGE & PORCH ELEC SERV ONLY EUD","metadescription":"EP. New. NEW 2STRY SF RES W/ ATT GARAGE & PORCH ELEC SERV ONLY EUD. Final. 15301 BAT HAWK CIR","address":"15301 BAT HAWK CIR","link":"https://abc.austintexas.gov/web/permit/public-search-other?t_detail=1&t_selected_folderrsn=10041614","tcad_id":"0123760207","location":"    (30.31939586, -97.97815502)","day_issued":"MONDAY","project_id":"10041614","condominium":"No","status_date":"10/09/2008","jurisdiction":"BEE CAVE FULL PURPOSE","housing_units":"1","contractor_zip":"78742","contractor_city":"Austin","issuance_method":"Permit Center","contractor_phone":"5123858831","contractor_trade":"Electrical Contractor","number_of_floors":"2","permit_type_desc":"Electrical Permit","fiscal_year_issued":"2007","total_new_add_sqft":"3,857","permit_class_mapped":"Residential","contractor_address_1":"414 THOMPSON","contractor_address_2":"AUSTIN TX  7","contractor_full_name":"Fred Hoskins","issued_in_last_30_days":"No","certificate_of_occupancy":"No","property_legal_description":"LOT 12 BLK L SPILLMAN RANCH PHS 3 & 4"},"geometry":{"type":"Point","coordinates":[-97.97815502,30.31939586]}},{"type":"Feature","properties":{"date":"2007-05-30T04:00:00.000Z","year":2007,"description":"New 2 Stry SF Res w/ att gar covrd porch - Elect Serv Ony (EUD)","metadescription":"EP. New. New 2 Stry SF Res w/ att gar covrd porch - Elect Serv Ony (EUD). Expired. 16324 SPILLMAN RANCH LOOP","address":"16324 SPILLMAN RANCH LOOP","link":"https://abc.austintexas.gov/web/permit/public-search-other?t_detail=1&t_selected_folderrsn=10038473","tcad_id":"0123730207","location":"    (30.31683496, -97.97065712)","day_issued":"WEDNESDAY","project_id":"10038473","condominium":"No","status_date":"10/09/2008","jurisdiction":"BEE CAVE FULL PURPOSE","housing_units":"1","contractor_zip":"78742","contractor_city":"Austin","issuance_method":"Permit Center","contractor_phone":"5123858831","contractor_trade":"Electrical Contractor","number_of_floors":"2","permit_type_desc":"Electrical Permit","fiscal_year_issued":"2007","total_new_add_sqft":"3,507","permit_class_mapped":"Residential","contractor_address_1":"414 THOMPSON","contractor_address_2":"AUSTIN TX  7","contractor_full_name":"Fred Hoskins","issued_in_last_30_days":"No","certificate_of_occupancy":"No","property_legal_description":"LOT 33 BLK J SPILLMAN RANCH PHS 1 SEC 3"},"geometry":{"type":"Point","coordinates":[-97.97065712,30.31683496]}},{"type":"Feature","properties":{"date":"2007-05-30T04:00:00.000Z","year":2007,"description":"New 2 Stry SF res w/att gararge  covrd entry & porch - Elect Serv Only (EUD)","metadescription":"EP. New. New 2 Stry SF res w/att gararge  covrd entry & porch - Elect Serv Only (EUD). Expired. 15300 SPILLMAN RANCH LOOP","address":"15300 SPILLMAN RANCH LOOP","link":"https://abc.austintexas.gov/web/permit/public-search-other?t_detail=1&t_selected_folderrsn=10038475","tcad_id":"0123760222","location":"    (30.31884569, -97.97844741)","day_issued":"WEDNESDAY","project_id":"10038475","condominium":"No","status_date":"10/09/2008","jurisdiction":"BEE CAVE FULL PURPOSE","housing_units":"1","contractor_zip":"78742","contractor_city":"Austin","issuance_method":"Permit Center","contractor_phone":"5123858831","contractor_trade":"Electrical Contractor","number_of_floors":"2","permit_type_desc":"Electrical Permit","fiscal_year_issued":"2007","total_new_add_sqft":"3,973","permit_class_mapped":"Residential","contractor_address_1":"414 THOMPSON","contractor_address_2":"AUSTIN TX  7","contractor_full_name":"Fred Hoskins","issued_in_last_30_days":"No","certificate_of_occupancy":"No","property_legal_description":"LOT 31 BLK L SPILLMAN RANCH PHS 3 & 4"},"geometry":{"type":"Point","coordinates":[-97.97844741,30.31884569]}},{"type":"Feature","properties":{"date":"2007-05-30T04:00:00.000Z","year":2007,"description":"New 2 Stry SF res w/att gararge  covrd entry & porch - Elect Serv Only (EUD)","metadescription":"EP. New. New 2 Stry SF res w/att gararge  covrd entry & porch - Elect Serv Only (EUD). Final. 15216 SPILLMAN RANCH LOOP","address":"15216 SPILLMAN RANCH LOOP","link":"https://abc.austintexas.gov/web/permit/public-search-other?t_detail=1&t_selected_folderrsn=10038480","tcad_id":"0123760221","location":"    (30.31866146, -97.97829974)","day_issued":"WEDNESDAY","project_id":"10038480","condominium":"No","status_date":"10/09/2008","jurisdiction":"BEE CAVE FULL PURPOSE","housing_units":"1","contractor_zip":"78742","contractor_city":"Austin","issuance_method":"Permit Center","contractor_phone":"5123858831","contractor_trade":"Electrical Contractor","number_of_floors":"2","permit_type_desc":"Electrical Permit","fiscal_year_issued":"2007","total_new_add_sqft":"3,507","permit_class_mapped":"Residential","contractor_address_1":"414 THOMPSON","contractor_address_2":"AUSTIN TX  7","contractor_full_name":"Fred Hoskins","issued_in_last_30_days":"No","certificate_of_occupancy":"No","property_legal_description":"LOT 30 BLK L SPILLMAN RANCH PHS 3 & 4"},"geometry":{"type":"Point","coordinates":[-97.97829974,30.31866146]}},{"type":"Feature","properties":{"date":"2007-05-24T04:00:00.000Z","year":2007,"description":"New 2 Stry SF Res w/att garage  covr;d porch / entry - ELECT serv only (EUD)","metadescription":"EP. New. New 2 Stry SF Res w/att garage  covr;d porch / entry - ELECT serv only (EUD). Final. 15404 SPILLMAN RANCH LOOP","address":"15404 SPILLMAN RANCH LOOP","link":"https://abc.austintexas.gov/web/permit/public-search-other?t_detail=1&t_selected_folderrsn=10036616","tcad_id":"0123760228","location":"    (30.32015922, -97.97853898)","day_issued":"THURSDAY","project_id":"10036616","condominium":"No","status_date":"10/09/2008","jurisdiction":"BEE CAVE FULL PURPOSE","housing_units":"1","contractor_zip":"78742","contractor_city":"Austin","issuance_method":"Permit Center","contractor_phone":"5123858831","contractor_trade":"Electrical Contractor","number_of_floors":"2","permit_type_desc":"Electrical Permit","fiscal_year_issued":"2007","total_new_add_sqft":"3,839","permit_class_mapped":"Residential","contractor_address_1":"414 THOMPSON","contractor_address_2":"AUSTIN TX  7","contractor_full_name":"Fred Hoskins","issued_in_last_30_days":"No","certificate_of_occupancy":"No","property_legal_description":"LOT 37 BLK L SPILLMAN RANCH PHS 3 & 4"},"geometry":{"type":"Point","coordinates":[-97.97853898,30.32015922]}},{"type":"Feature","properties":{"date":"2007-05-24T04:00:00.000Z","year":2007,"description":"New 2 Stry SF Res w/att Gar  covrd porch / entry - ELect Serv Only (EUD)","metadescription":"EP. New. New 2 Stry SF Res w/att Gar  covrd porch / entry - ELect Serv Only (EUD). Final. 4700 SNAKE EAGLE CV","address":"4700 SNAKE EAGLE CV","link":"https://abc.austintexas.gov/web/permit/public-search-other?t_detail=1&t_selected_folderrsn=10036631","tcad_id":"0123730327","location":"    (30.31769495, -97.97673833)","day_issued":"THURSDAY","project_id":"10036631","condominium":"No","status_date":"10/09/2008","jurisdiction":"BEE CAVE FULL PURPOSE","housing_units":"1","contractor_zip":"78742","contractor_city":"Austin","issuance_method":"Permit Center","contractor_phone":"5123858831","contractor_trade":"Electrical Contractor","number_of_floors":"2","permit_type_desc":"Electrical Permit","fiscal_year_issued":"2007","total_new_add_sqft":"4,369","permit_class_mapped":"Residential","contractor_address_1":"414 THOMPSON","contractor_address_2":"AUSTIN TX  7","contractor_full_name":"Fred Hoskins","issued_in_last_30_days":"No","certificate_of_occupancy":"No","property_legal_description":"LOT 5 BLK N SPILLMAN RANCH PHS 3 & 4"},"geometry":{"type":"Point","coordinates":[-97.97673833,30.31769495]}},{"type":"Feature","properties":{"date":"2007-05-24T04:00:00.000Z","year":2007,"description":"New 2 Stry SF Res w/att garage  covrd porch / entry - Elect Serv Only (EUD)","metadescription":"EP. New. New 2 Stry SF Res w/att garage  covrd porch / entry - Elect Serv Only (EUD). Final. 15213 BAT HAWK CIR","address":"15213 BAT HAWK CIR","link":"https://abc.austintexas.gov/web/permit/public-search-other?t_detail=1&t_selected_folderrsn=10036625","tcad_id":"0123760208","location":"    (30.31912255, -97.97809829)","day_issued":"THURSDAY","project_id":"10036625","condominium":"No","status_date":"10/09/2008","jurisdiction":"BEE CAVE FULL PURPOSE","housing_units":"1","contractor_zip":"78742","contractor_city":"Austin","issuance_method":"Permit Center","contractor_phone":"5123858831","contractor_trade":"Electrical Contractor","number_of_floors":"2","permit_type_desc":"Electrical Permit","fiscal_year_issued":"2007","total_new_add_sqft":"4,369","permit_class_mapped":"Residential","contractor_address_1":"414 THOMPSON","contractor_address_2":"AUSTIN TX  7","contractor_full_name":"Fred Hoskins","issued_in_last_30_days":"No","certificate_of_occupancy":"No","property_legal_description":"LOT 13 BLK L SPILLMAN RANCH PHS 3 & 4"},"geometry":{"type":"Point","coordinates":[-97.97809829,30.31912255]}},{"type":"Feature","properties":{"date":"2007-05-16T04:00:00.000Z","year":2007,"description":"NEW 2STRY RESID W/ATT GARAGE PORCH ELEC SRV EUD","metadescription":"EP. Remodel. NEW 2STRY RESID W/ATT GARAGE PORCH ELEC SRV EUD. Final. 15121 SPILLMAN RANCH LOOP","address":"15121 SPILLMAN RANCH LOOP","link":"https://abc.austintexas.gov/web/permit/public-search-other?t_detail=1&t_selected_folderrsn=10033900","tcad_id":"0123760111","location":"    (30.31753147, -97.9774207)","day_issued":"WEDNESDAY","project_id":"10033900","condominium":"No","status_date":"10/09/2008","jurisdiction":"BEE CAVE FULL PURPOSE","housing_units":"0","contractor_zip":"78742","contractor_city":"Austin","issuance_method":"Permit Center","contractor_phone":"5123858831","contractor_trade":"Electrical Contractor","number_of_floors":"2","permit_type_desc":"Electrical Permit","fiscal_year_issued":"2007","permit_class_mapped":"Residential","contractor_address_1":"414 THOMPSON","contractor_address_2":"AUSTIN TX  7","contractor_full_name":"Fred Hoskins","issued_in_last_30_days":"No","certificate_of_occupancy":"No","property_legal_description":"LOT 7 BLK N SPILLMAN RANCH PHS 3 & 4","electrical_valuation_remodel":"$1,000.00"},"geometry":{"type":"Point","coordinates":[-97.9774207,30.31753147]}},{"type":"Feature","properties":{"date":"2007-04-13T04:00:00.000Z","year":2007,"description":"New 2 Stry SF Res w/Att Gar covrd Porch / Elect Serv Only (EUD)","metadescription":"EP. New. New 2 Stry SF Res w/Att Gar covrd Porch / Elect Serv Only (EUD). Final. 15512 SPILLMAN RANCH LOOP","address":"15512 SPILLMAN RANCH LOOP","link":"https://abc.austintexas.gov/web/permit/public-search-other?t_detail=1&t_selected_folderrsn=10022890","tcad_id":"0125760305","location":"    (30.3213994, -97.9774816)","day_issued":"FRIDAY","project_id":"10022890","condominium":"No","status_date":"10/09/2008","jurisdiction":"BEE CAVE FULL PURPOSE","housing_units":"1","contractor_zip":"78742","contractor_city":"Austin","issuance_method":"Permit Center","contractor_phone":"5123858831","contractor_trade":"Electrical Contractor","number_of_floors":"2","permit_type_desc":"Electrical Permit","fiscal_year_issued":"2007","total_new_add_sqft":"3,489","permit_class_mapped":"Residential","contractor_address_1":"414 THOMPSON","contractor_address_2":"AUSTIN TX  7","contractor_full_name":"Fred Hoskins","issued_in_last_30_days":"No","certificate_of_occupancy":"No","property_legal_description":"LOT 44 BLK L SPILLMAN RANCH PHS 3 & 4"},"geometry":{"type":"Point","coordinates":[-97.9774816,30.3213994]}},{"type":"Feature","properties":{"date":"2007-04-06T04:00:00.000Z","year":2007,"description":"New 2 Stry SF res w/att gar covrd  porch - Elect Serv Only (EUD)","metadescription":"EP. New. New 2 Stry SF res w/att gar covrd  porch - Elect Serv Only (EUD). Final. 11916 PRESERVE VISTA TER","address":"11916 PRESERVE VISTA TER","link":"https://abc.austintexas.gov/web/permit/public-search-other?t_detail=1&t_selected_folderrsn=10020737","tcad_id":"0125550421","location":"    (30.32018184, -97.91781512)","day_issued":"FRIDAY","project_id":"10020737","condominium":"No","status_date":"10/09/2008","jurisdiction":"BEE CAVE ETJ","housing_units":"1","contractor_zip":"78654-____","contractor_city":"SPICEWOOD","issuance_method":"Permit Center","contractor_phone":"5122631214","contractor_trade":"Electrical Contractor","number_of_floors":"2","permit_type_desc":"Electrical Permit","fiscal_year_issued":"2007","total_new_add_sqft":"3,120","permit_class_mapped":"Residential","contractor_address_1":"PO BOX 449","contractor_full_name":"Jackie D Oliver","issued_in_last_30_days":"No","certificate_of_occupancy":"No","property_legal_description":"LOT 14 BLK B LAKE POINTE SEC 7"},"geometry":{"type":"Point","coordinates":[-97.91781512,30.32018184]}},{"type":"Feature","properties":{"date":"2007-03-01T05:00:00.000Z","year":2007,"description":"New 2stry Sf Res W/Att Gar CovrD Porch -Elect Serv Only (Eud)","metadescription":"EP. Remodel. New 2stry Sf Res W/Att Gar CovrD Porch -Elect Serv Only (Eud). Final. 1908 SEA EAGLE VW","address":"1908 SEA EAGLE VW","link":"https://abc.austintexas.gov/web/permit/public-search-other?t_detail=1&t_selected_folderrsn=4393633","tcad_id":"0123550801","location":"    (30.31927434, -97.91723552)","day_issued":"THURSDAY","project_id":"4393633","condominium":"No","status_date":"09/24/2007","jurisdiction":"BEE CAVE ETJ","housing_units":"0","contractor_zip":"78634-____","contractor_city":"HUTTO","issuance_method":"Permit Center","contractor_phone":"5123825753","contractor_trade":"Electrical Contractor","number_of_floors":"0","permit_type_desc":"Electrical Permit","fiscal_year_issued":"2007","permit_class_mapped":"Residential","remodel_repair_sqft":"3,430","contractor_address_2":"629  W FRONT","contractor_full_name":"Calvin Lockhart","issued_in_last_30_days":"No","certificate_of_occupancy":"No","property_legal_description":"LOT 10 BLK C LAKE POINTE SEC 7","electrical_valuation_remodel":"$0.00"},"geometry":{"type":"Point","coordinates":[-97.91723552,30.31927434]}},{"type":"Feature","properties":{"date":"2007-02-23T05:00:00.000Z","year":2007,"description":"New 1stry Sf Res W/Att Gar CovrD Entry&Porch- Elect Serv Only (Eud)","metadescription":"EP. Remodel. New 1stry Sf Res W/Att Gar CovrD Entry&Porch- Elect Serv Only (Eud). Final. 4613 BAT FALCON DR","address":"4613 BAT FALCON DR","link":"https://abc.austintexas.gov/web/permit/public-search-other?t_detail=1&t_selected_folderrsn=4393351","tcad_id":"0123730109","location":"    (30.31836589, -97.97568534)","day_issued":"FRIDAY","project_id":"4393351","condominium":"No","status_date":"09/29/2008","jurisdiction":"BEE CAVE FULL PURPOSE","housing_units":"0","contractor_zip":"78742","contractor_city":"Austin","issuance_method":"Permit Center","contractor_phone":"5123858831","contractor_trade":"Electrical Contractor","number_of_floors":"0","permit_type_desc":"Electrical Permit","fiscal_year_issued":"2007","permit_class_mapped":"Residential","remodel_repair_sqft":"3,163","contractor_address_1":"414 THOMPSON","contractor_address_2":"AUSTIN TX  7","contractor_full_name":"Fred Hoskins","issued_in_last_30_days":"No","certificate_of_occupancy":"No","property_legal_description":"LOT 1 BLK K SPILLMAN RANCH PHS 3 & 4","electrical_valuation_remodel":"$0.00"},"geometry":{"type":"Point","coordinates":[-97.97568534,30.31836589]}},{"type":"Feature","properties":{"date":"2007-02-23T05:00:00.000Z","year":2007,"description":"New 2stry Sf Res W/Att Gar. CovrD Porch&Entry -Elect Serv Only (Eud)","metadescription":"EP. Remodel. New 2stry Sf Res W/Att Gar. CovrD Porch&Entry -Elect Serv Only (Eud). Final. 15101 BAT HAWK CIR","address":"15101 BAT HAWK CIR","link":"https://abc.austintexas.gov/web/permit/public-search-other?t_detail=1&t_selected_folderrsn=4393352","tcad_id":"0123730502","location":"    (30.3186725, -97.97635624)","day_issued":"FRIDAY","project_id":"4393352","condominium":"No","status_date":"06/14/2007","jurisdiction":"BEE CAVE FULL PURPOSE","housing_units":"0","contractor_zip":"78742","contractor_city":"Austin","issuance_method":"Permit Center","contractor_phone":"5123858831","contractor_trade":"Electrical Contractor","number_of_floors":"0","permit_type_desc":"Electrical Permit","fiscal_year_issued":"2007","permit_class_mapped":"Residential","remodel_repair_sqft":"3,507","contractor_address_1":"414 THOMPSON","contractor_address_2":"AUSTIN TX  7","contractor_full_name":"Fred Hoskins","issued_in_last_30_days":"No","certificate_of_occupancy":"No","property_legal_description":"LOT 20 BLK L SPILLMAN RANCH PHS 3 & 4","electrical_valuation_remodel":"$0.00"},"geometry":{"type":"Point","coordinates":[-97.97635624,30.3186725]}},{"type":"Feature","properties":{"date":"2007-02-12T05:00:00.000Z","year":2007,"description":"New2stry Sf Res. W/Att Garage-Porch Elec. Srv Only-Eud","metadescription":"EP. Remodel. New2stry Sf Res. W/Att Garage-Porch Elec. Srv Only-Eud. Final. 14317 BROADWINGED HAWK DR","address":"14317 BROADWINGED HAWK DR","link":"https://abc.austintexas.gov/web/permit/public-search-other?t_detail=1&t_selected_folderrsn=4392658","tcad_id":"0125680309","location":"    (30.32323824, -97.96086929)","day_issued":"MONDAY","project_id":"4392658","condominium":"No","status_date":"08/01/2007","jurisdiction":"BEE CAVE FULL PURPOSE","applicant_zip":"78653","housing_units":"0","applicant_city":"MANOR","contractor_zip":"78653","applicant_phone":"5125351333","contractor_city":"MANOR","issuance_method":"Permit Center","contractor_phone":"5125351333","contractor_trade":"Electrical Contractor","number_of_floors":"0","permit_type_desc":"Electrical Permit","fiscal_year_issued":"2007","applicant_address_2":"2720  E Howa","applicant_full_name":"John Simmons","permit_class_mapped":"Residential","remodel_repair_sqft":"3,044","contractor_address_2":"2720  E Howa","contractor_full_name":"John Simmons","issued_in_last_30_days":"No","certificate_of_occupancy":"No","property_legal_description":"LOT 4 BLK A SPILLMAN RANCH PHS 1 SEC 6","electrical_valuation_remodel":"$0.00"},"geometry":{"type":"Point","coordinates":[-97.96086929,30.32323824]}},{"type":"Feature","properties":{"date":"2007-02-09T05:00:00.000Z","year":2007,"description":"New 2stry Sf Res W/Att Gar CovrD Porch-Elect Serv Only (Eud)","metadescription":"EP. Remodel. New 2stry Sf Res W/Att Gar CovrD Porch-Elect Serv Only (Eud). Final. 15113 BAT HAWK CIR","address":"15113 BAT HAWK CIR","link":"https://abc.austintexas.gov/web/permit/public-search-other?t_detail=1&t_selected_folderrsn=4392569","tcad_id":"0123760212","location":"    (30.31851955, -97.97716199)","day_issued":"FRIDAY","project_id":"4392569","condominium":"No","status_date":"09/29/2008","jurisdiction":"BEE CAVE FULL PURPOSE","applicant_zip":"78653","housing_units":"0","applicant_city":"MANOR","contractor_zip":"78653","applicant_phone":"5125351333","contractor_city":"MANOR","issuance_method":"Permit Center","contractor_phone":"5125351333","contractor_trade":"Electrical Contractor","number_of_floors":"0","permit_type_desc":"Electrical Permit","fiscal_year_issued":"2007","applicant_address_2":"2720  E Howa","applicant_full_name":"John Simmons","permit_class_mapped":"Residential","remodel_repair_sqft":"3,507","contractor_address_2":"2720  E Howa","contractor_full_name":"John Simmons","issued_in_last_30_days":"No","certificate_of_occupancy":"No","property_legal_description":"LOT 17 BLK L SPILLMAN RANCH PHS 3 & 4","electrical_valuation_remodel":"$0.00"},"geometry":{"type":"Point","coordinates":[-97.97716199,30.31851955]}},{"type":"Feature","properties":{"date":"2007-02-08T05:00:00.000Z","year":2007,"description":"New 2stry Sf Res W/Att Gar. Covrd Porch -Elect Serv Only (Eud)","metadescription":"EP. Remodel. New 2stry Sf Res W/Att Gar. Covrd Porch -Elect Serv Only (Eud). Final. 3905 SUGARLOAF DR","address":"3905 SUGARLOAF DR","link":"https://abc.austintexas.gov/web/permit/public-search-other?t_detail=1&t_selected_folderrsn=4392455","tcad_id":"0123700121","location":"    (30.31779042, -97.9652035)","day_issued":"THURSDAY","project_id":"4392455","condominium":"No","status_date":"02/20/2008","jurisdiction":"BEE CAVE FULL PURPOSE","housing_units":"0","contractor_zip":"78654-____","contractor_city":"SPICEWOOD","issuance_method":"Permit Center","contractor_phone":"5122631214","contractor_trade":"Electrical Contractor","number_of_floors":"2","permit_type_desc":"Electrical Permit","fiscal_year_issued":"2007","permit_class_mapped":"Residential","remodel_repair_sqft":"3,898","contractor_address_1":"PO BOX 449","contractor_full_name":"Jackie D Oliver","issued_in_last_30_days":"No","certificate_of_occupancy":"No","property_legal_description":"LOT 20 BLK C SPILLMAN RANCH PHS 1 SEC 2","electrical_valuation_remodel":"$0.00"},"geometry":{"type":"Point","coordinates":[-97.9652035,30.31779042]}},{"type":"Feature","properties":{"date":"2007-02-08T05:00:00.000Z","year":2007,"description":"New 2stry Sf Res W/Att Gar CovrD Porch -Elect Serv Only (Eud)","metadescription":"EP. Remodel. New 2stry Sf Res W/Att Gar CovrD Porch -Elect Serv Only (Eud). Final. 15613 SPILLMAN RANCH LOOP","address":"15613 SPILLMAN RANCH LOOP","link":"https://abc.austintexas.gov/web/permit/public-search-other?t_detail=1&t_selected_folderrsn=4403528","tcad_id":"0125760108","location":"    (30.3229462, -97.97739628)","day_issued":"THURSDAY","project_id":"4403528","condominium":"No","status_date":"10/12/2007","jurisdiction":"BEE CAVE FULL PURPOSE","housing_units":"0","contractor_zip":"78742","contractor_city":"Austin","issuance_method":"Permit Center","contractor_phone":"5123858831","contractor_trade":"Electrical Contractor","number_of_floors":"0","permit_type_desc":"Electrical Permit","fiscal_year_issued":"2007","permit_class_mapped":"Residential","remodel_repair_sqft":"2,775","contractor_address_1":"414 THOMPSON","contractor_address_2":"AUSTIN TX  7","contractor_full_name":"Fred Hoskins","issued_in_last_30_days":"No","certificate_of_occupancy":"No","property_legal_description":"LOT 9 BLK F SPILLMAN RANCH PHS 3 & 4","electrical_valuation_remodel":"$0.00"},"geometry":{"type":"Point","coordinates":[-97.97739628,30.3229462]}},{"type":"Feature","properties":{"date":"2007-02-02T05:00:00.000Z","year":2007,"description":"New 2stry Sf Res W/Att Gar CovrD Porch -Elect Serv Only (Eud)","metadescription":"EP. Remodel. New 2stry Sf Res W/Att Gar CovrD Porch -Elect Serv Only (Eud). Final. 15109 BAT HAWK CIR","address":"15109 BAT HAWK CIR","link":"https://abc.austintexas.gov/web/permit/public-search-other?t_detail=1&t_selected_folderrsn=4392064","tcad_id":"0123760213","location":"    (30.31853916, -97.97688255)","day_issued":"FRIDAY","project_id":"4392064","condominium":"No","status_date":"07/17/2007","jurisdiction":"BEE CAVE FULL PURPOSE","applicant_zip":"78653","housing_units":"0","applicant_city":"MANOR","contractor_zip":"78653","applicant_phone":"5125351333","contractor_city":"MANOR","issuance_method":"Permit Center","contractor_phone":"5125351333","contractor_trade":"Electrical Contractor","number_of_floors":"0","permit_type_desc":"Electrical Permit","fiscal_year_issued":"2007","applicant_address_2":"2720  E Howa","applicant_full_name":"John Simmons","permit_class_mapped":"Residential","remodel_repair_sqft":"3,777","contractor_address_2":"2720  E Howa","contractor_full_name":"John Simmons","issued_in_last_30_days":"No","certificate_of_occupancy":"No","property_legal_description":"LOT 18 BLK L SPILLMAN RANCH PHS 3 & 4","electrical_valuation_remodel":"$0.00"},"geometry":{"type":"Point","coordinates":[-97.97688255,30.31853916]}},{"type":"Feature","properties":{"date":"2007-02-01T05:00:00.000Z","year":2007,"description":"New 1stry Sf Res W/Att Gar. Covrd Porch -Elect Serv Only (Eud)","metadescription":"EP. Remodel. New 1stry Sf Res W/Att Gar. Covrd Porch -Elect Serv Only (Eud). Final. 14316 AMERICAN KESTREL DR","address":"14316 AMERICAN KESTREL DR","link":"https://abc.austintexas.gov/web/permit/public-search-other?t_detail=1&t_selected_folderrsn=4392024","tcad_id":"0125700105","location":"    (30.32212874, -97.96363241)","day_issued":"THURSDAY","project_id":"4392024","condominium":"No","status_date":"06/04/2007","jurisdiction":"BEE CAVE FULL PURPOSE","housing_units":"0","contractor_zip":"78634-____","contractor_city":"HUTTO","issuance_method":"Permit Center","contractor_phone":"5123825753","contractor_trade":"Electrical Contractor","number_of_floors":"0","permit_type_desc":"Electrical Permit","fiscal_year_issued":"2007","permit_class_mapped":"Residential","remodel_repair_sqft":"2,151","contractor_address_2":"629  W FRONT","contractor_full_name":"Calvin Lockhart","issued_in_last_30_days":"No","certificate_of_occupancy":"No","property_legal_description":"LOT 92 BLK F SPILLMAN RANCH PHS 1 SEC 1","electrical_valuation_remodel":"$0.00"},"geometry":{"type":"Point","coordinates":[-97.96363241,30.32212874]}},{"type":"Feature","properties":{"date":"2007-01-29T05:00:00.000Z","year":2007,"description":"New Sf Res W/Att Gar  Covrd Porch -Elect Serv Only (Eud)","metadescription":"EP. Remodel. New Sf Res W/Att Gar  Covrd Porch -Elect Serv Only (Eud). Final. 14420 HERON BAY CV","address":"14420 HERON BAY CV","link":"https://abc.austintexas.gov/web/permit/public-search-other?t_detail=1&t_selected_folderrsn=4391718","tcad_id":"0121700409","location":"    (30.31259054, -97.96718229)","day_issued":"MONDAY","project_id":"4391718","condominium":"No","status_date":"09/13/2007","jurisdiction":"BEE CAVE FULL PURPOSE","housing_units":"0","contractor_zip":"78742","contractor_city":"Austin","issuance_method":"Permit Center","contractor_phone":"5123858831","contractor_trade":"Electrical Contractor","number_of_floors":"0","permit_type_desc":"Electrical Permit","fiscal_year_issued":"2007","permit_class_mapped":"Residential","remodel_repair_sqft":"3,867","contractor_address_1":"414 THOMPSON","contractor_address_2":"AUSTIN TX  7","contractor_full_name":"Fred Hoskins","issued_in_last_30_days":"No","certificate_of_occupancy":"No","property_legal_description":"LOT 7 BLK E SPILLMAN RANCH PHS 1 SEC 2","electrical_valuation_remodel":"$0.00"},"geometry":{"type":"Point","coordinates":[-97.96718229,30.31259054]}},{"type":"Feature","properties":{"date":"2006-12-29T05:00:00.000Z","year":2006,"description":"New 2stry Sf Res W/Att Gar CovrD Porch -Elect Serv Only [Eud]","metadescription":"EP. Remodel. New 2stry Sf Res W/Att Gar CovrD Porch -Elect Serv Only [Eud]. Final. 4409 BAT FALCON DR","address":"4409 BAT FALCON DR","link":"https://abc.austintexas.gov/web/permit/public-search-other?t_detail=1&t_selected_folderrsn=4390620","tcad_id":"0125760201","location":"    (30.3207189, -97.97651865)","day_issued":"FRIDAY","project_id":"4390620","condominium":"No","status_date":"07/02/2007","jurisdiction":"BEE CAVE FULL PURPOSE","applicant_zip":"78653","housing_units":"0","applicant_city":"MANOR","contractor_zip":"78653","applicant_phone":"5125351333","contractor_city":"MANOR","issuance_method":"Permit Center","contractor_phone":"5125351333","contractor_trade":"Electrical Contractor","number_of_floors":"0","permit_type_desc":"Electrical Permit","fiscal_year_issued":"2007","applicant_address_2":"2720  E Howa","applicant_full_name":"John Simmons","permit_class_mapped":"Residential","remodel_repair_sqft":"4,174","contractor_address_2":"2720  E Howa","contractor_full_name":"John Simmons","issued_in_last_30_days":"No","certificate_of_occupancy":"No","property_legal_description":"LOT 12 BLK K SPILLMAN RANCH PHS 3 & 4","electrical_valuation_remodel":"$0.00"},"geometry":{"type":"Point","coordinates":[-97.97651865,30.3207189]}},{"type":"Feature","properties":{"date":"2006-12-08T05:00:00.000Z","year":2006,"description":"New 2-Stry Sf Res W/Att Gar.CovrD Porch -Elect Serv Only (Eud)","metadescription":"EP. Remodel. New 2-Stry Sf Res W/Att Gar.CovrD Porch -Elect Serv Only (Eud). Final. 14312 BROADWINGED HAWK DR","address":"14312 BROADWINGED HAWK DR","link":"https://abc.austintexas.gov/web/permit/public-search-other?t_detail=1&t_selected_folderrsn=4409934","tcad_id":"0125680207","location":"    (30.32360477, -97.960613)","day_issued":"FRIDAY","project_id":"4409934","condominium":"No","status_date":"06/13/2007","jurisdiction":"BEE CAVE FULL PURPOSE","applicant_zip":"78653","housing_units":"0","applicant_city":"MANOR","contractor_zip":"78653","applicant_phone":"5125351333","contractor_city":"MANOR","issuance_method":"Permit Center","contractor_phone":"5125351333","contractor_trade":"Electrical Contractor","number_of_floors":"0","permit_type_desc":"Electrical Permit","fiscal_year_issued":"2007","applicant_address_2":"2720  E Howa","applicant_full_name":"John Simmons","permit_class_mapped":"Residential","remodel_repair_sqft":"4,492","contractor_address_2":"2720  E Howa","contractor_full_name":"John Simmons","issued_in_last_30_days":"No","certificate_of_occupancy":"No","property_legal_description":"LOT 40 BLK A SPILLMAN RANCH PHS 1 SEC 6","electrical_valuation_remodel":"$0.00"},"geometry":{"type":"Point","coordinates":[-97.960613,30.32360477]}},{"type":"Feature","properties":{"date":"2006-11-28T05:00:00.000Z","year":2006,"description":"New Sf Resid W/Att Gar CovrD Porch Elect Serv (Eud)","metadescription":"EP. Remodel. New Sf Resid W/Att Gar CovrD Porch Elect Serv (Eud). Final. 4601 BAT FALCON DR","address":"4601 BAT FALCON DR","link":"https://abc.austintexas.gov/web/permit/public-search-other?t_detail=1&t_selected_folderrsn=4389341","tcad_id":"0123730112","location":"    (30.31901112, -97.97592635)","day_issued":"TUESDAY","project_id":"4389341","condominium":"No","status_date":"04/06/2007","jurisdiction":"BEE CAVE FULL PURPOSE","housing_units":"0","contractor_zip":"78634-____","contractor_city":"HUTTO","issuance_method":"Permit Center","contractor_phone":"5123825753","contractor_trade":"Electrical Contractor","number_of_floors":"0","permit_type_desc":"Electrical Permit","fiscal_year_issued":"2007","permit_class_mapped":"Residential","remodel_repair_sqft":"3,714","contractor_address_2":"629  W FRONT","contractor_full_name":"Calvin Lockhart","issued_in_last_30_days":"No","certificate_of_occupancy":"No","property_legal_description":"LOT 4 BLK K SPILLMAN RANCH PHS 3 & 4","electrical_valuation_remodel":"$0.00"},"geometry":{"type":"Point","coordinates":[-97.97592635,30.31901112]}},{"type":"Feature","properties":{"date":"2006-11-28T05:00:00.000Z","year":2006,"description":"New 2stry Sf Res W/Att Gar CovrD Porch -Elect Serv Only (Eud)","metadescription":"EP. Remodel. New 2stry Sf Res W/Att Gar CovrD Porch -Elect Serv Only (Eud). Final. 15505 SPILLMAN RANCH LOOP","address":"15505 SPILLMAN RANCH LOOP","link":"https://abc.austintexas.gov/web/permit/public-search-other?t_detail=1&t_selected_folderrsn=4389396","tcad_id":"0125760115","location":"    (30.32158621, -97.97821885)","day_issued":"TUESDAY","project_id":"4389396","condominium":"No","status_date":"06/20/2007","jurisdiction":"BEE CAVE FULL PURPOSE","applicant_zip":"78653","housing_units":"0","applicant_city":"MANOR","contractor_zip":"78653","applicant_phone":"5125351333","contractor_city":"MANOR","issuance_method":"Permit Center","contractor_phone":"5125351333","contractor_trade":"Electrical Contractor","number_of_floors":"0","permit_type_desc":"Electrical Permit","fiscal_year_issued":"2007","applicant_address_2":"2720  E Howa","applicant_full_name":"John Simmons","permit_class_mapped":"Residential","remodel_repair_sqft":"3,765","contractor_address_2":"2720  E Howa","contractor_full_name":"John Simmons","issued_in_last_30_days":"No","certificate_of_occupancy":"No","property_legal_description":"LOT 2 BLK F SPILLMAN RANCH PHS 3 & 4","electrical_valuation_remodel":"$0.00"},"geometry":{"type":"Point","coordinates":[-97.97821885,30.32158621]}},{"type":"Feature","properties":{"date":"2006-10-31T05:00:00.000Z","year":2006,"description":"New 2stry Sf Res W/Att Gar CovrD Porch & Entry - Elect Serv Only - Eud","metadescription":"EP. Remodel. New 2stry Sf Res W/Att Gar CovrD Porch & Entry - Elect Serv Only - Eud. Final. 15609 SPILLMAN RANCH LOOP","address":"15609 SPILLMAN RANCH LOOP","link":"https://abc.austintexas.gov/web/permit/public-search-other?t_detail=1&t_selected_folderrsn=4388133","tcad_id":"0125760109","location":"    (30.32275248, -97.97748026)","day_issued":"TUESDAY","project_id":"4388133","status_date":"03/05/2007","jurisdiction":"BEE CAVE FULL PURPOSE","contractor_zip":"78742","contractor_city":"Austin","issuance_method":"Permit Center","contractor_phone":"5123858831","contractor_trade":"Electrical Contractor","permit_type_desc":"Electrical Permit","fiscal_year_issued":"2007","permit_class_mapped":"Residential","contractor_address_1":"414 THOMPSON","contractor_address_2":"AUSTIN TX  7","contractor_full_name":"Fred Hoskins","issued_in_last_30_days":"No","property_legal_description":"LOT 8 BLK F SPILLMAN RANCH PHS 3 & 4"},"geometry":{"type":"Point","coordinates":[-97.97748026,30.32275248]}},{"type":"Feature","properties":{"date":"2006-10-27T04:00:00.000Z","year":2006,"description":"New 2-Stry Sf Res W/Att Gar  CovrD Porch & Entry - Elect Serv Only - Eud","metadescription":"EP. Remodel. New 2-Stry Sf Res W/Att Gar  CovrD Porch & Entry - Elect Serv Only - Eud. Final. 15401 SPILLMAN RANCH LOOP","address":"15401 SPILLMAN RANCH LOOP","link":"https://abc.austintexas.gov/web/permit/public-search-other?t_detail=1&t_selected_folderrsn=4420622","tcad_id":"0123760104","location":"    (30.32005908, -97.97922617)","day_issued":"FRIDAY","project_id":"4420622","condominium":"No","status_date":"05/10/2007","jurisdiction":"BEE CAVE FULL PURPOSE","housing_units":"0","contractor_zip":"78742","contractor_city":"Austin","issuance_method":"Permit Center","contractor_phone":"5123858831","contractor_trade":"Electrical Contractor","number_of_floors":"0","permit_type_desc":"Electrical Permit","fiscal_year_issued":"2007","permit_class_mapped":"Residential","remodel_repair_sqft":"3,973","contractor_address_1":"414 THOMPSON","contractor_address_2":"AUSTIN TX  7","contractor_full_name":"Fred Hoskins","issued_in_last_30_days":"No","certificate_of_occupancy":"No","property_legal_description":"LOT 14 BLK N SPILLMAN RANCH PHS 3 & 4","electrical_valuation_remodel":"$0.00"},"geometry":{"type":"Point","coordinates":[-97.97922617,30.32005908]}},{"type":"Feature","properties":{"date":"2006-10-27T04:00:00.000Z","year":2006,"description":"New 2-Stry Sf Res W/Att Gar CovrD Entry&Porch -Elect Serv Only - Eud","metadescription":"EP. Remodel. New 2-Stry Sf Res W/Att Gar CovrD Entry&Porch -Elect Serv Only - Eud. Final. 4513 BAT FALCON DR","address":"4513 BAT FALCON DR","link":"https://abc.austintexas.gov/web/permit/public-search-other?t_detail=1&t_selected_folderrsn=4387982","tcad_id":"0123730115","location":"    (30.31960986, -97.97618118)","day_issued":"FRIDAY","project_id":"4387982","condominium":"No","status_date":"04/19/2007","jurisdiction":"BEE CAVE FULL PURPOSE","housing_units":"0","contractor_zip":"78742","contractor_city":"Austin","issuance_method":"Permit Center","contractor_phone":"5123858831","contractor_trade":"Electrical Contractor","number_of_floors":"0","permit_type_desc":"Electrical Permit","fiscal_year_issued":"2007","permit_class_mapped":"Residential","remodel_repair_sqft":"3,507","contractor_address_1":"414 THOMPSON","contractor_address_2":"AUSTIN TX  7","contractor_full_name":"Fred Hoskins","issued_in_last_30_days":"No","certificate_of_occupancy":"No","property_legal_description":"LOT 7 BLK K SPILLMAN RANCH PHS 3 & 4","electrical_valuation_remodel":"$0.00"},"geometry":{"type":"Point","coordinates":[-97.97618118,30.31960986]}},{"type":"Feature","properties":{"date":"2006-10-27T04:00:00.000Z","year":2006,"description":"New 2stry Sf Res W/Att Gar CovrD Porch & Entry - Elect Serv Only -Eud","metadescription":"EP. Remodel. New 2stry Sf Res W/Att Gar CovrD Porch & Entry - Elect Serv Only -Eud. Final. 15209 SPILLMAN RANCH LOOP","address":"15209 SPILLMAN RANCH LOOP","link":"https://abc.austintexas.gov/web/permit/public-search-other?t_detail=1&t_selected_folderrsn=4387987","tcad_id":"0123760108","location":"    (30.31783181, -97.97819953)","day_issued":"FRIDAY","project_id":"4387987","condominium":"No","status_date":"05/04/2007","jurisdiction":"BEE CAVE FULL PURPOSE","housing_units":"0","contractor_zip":"78742","contractor_city":"Austin","issuance_method":"Permit Center","contractor_phone":"5123858831","contractor_trade":"Electrical Contractor","number_of_floors":"0","permit_type_desc":"Electrical Permit","fiscal_year_issued":"2007","permit_class_mapped":"Residential","remodel_repair_sqft":"3,839","contractor_address_1":"414 THOMPSON","contractor_address_2":"AUSTIN TX  7","contractor_full_name":"Fred Hoskins","issued_in_last_30_days":"No","certificate_of_occupancy":"No","property_legal_description":"LOT 10 BLK N SPILLMAN RANCH PHS 3 & 4","electrical_valuation_remodel":"$0.00"},"geometry":{"type":"Point","coordinates":[-97.97819953,30.31783181]}},{"type":"Feature","properties":{"date":"2006-10-27T04:00:00.000Z","year":2006,"description":"New 2-Stry Sf Res W/Att Gar CovrD Porch - Elect Serv Only - Eud","metadescription":"EP. New 2-Stry Sf Res W/Att Gar CovrD Porch - Elect Serv Only - Eud. Final. 4413 BAT FALCON DR","address":"4413 BAT FALCON DR","link":"https://abc.austintexas.gov/web/permit/public-search-other?t_detail=1&t_selected_folderrsn=4387986","tcad_id":"0123730119","location":"    (30.32053659, -97.97647555)","day_issued":"FRIDAY","project_id":"4387986","condominium":"No","status_date":"04/19/2007","jurisdiction":"BEE CAVE FULL PURPOSE","housing_units":"0","contractor_zip":"78742","contractor_city":"Austin","issuance_method":"Permit Center","contractor_phone":"5123858831","contractor_trade":"Electrical Contractor","number_of_floors":"0","permit_type_desc":"Electrical Permit","fiscal_year_issued":"2007","total_new_add_sqft":"0","permit_class_mapped":"Residential","remodel_repair_sqft":"0","contractor_address_1":"414 THOMPSON","contractor_address_2":"AUSTIN TX  7","contractor_full_name":"Fred Hoskins","issued_in_last_30_days":"No","certificate_of_occupancy":"No","property_legal_description":"LOT 11 BLK K SPILLMAN RANCH PHS 3 & 4","electrical_valuation_remodel":"$0.00"},"geometry":{"type":"Point","coordinates":[-97.97647555,30.32053659]}},{"type":"Feature","properties":{"date":"2006-10-27T04:00:00.000Z","year":2006,"description":"New 2-Stry Sf Res W/Att Gar CovrD Entry & Porch Elect Serv Only -Eud","metadescription":"EP. Remodel. New 2-Stry Sf Res W/Att Gar CovrD Entry & Porch Elect Serv Only -Eud. Final. 4517 BAT FALCON DR","address":"4517 BAT FALCON DR","link":"https://abc.austintexas.gov/web/permit/public-search-other?t_detail=1&t_selected_folderrsn=4405648","tcad_id":"0123730114","location":"    (30.31941047, -97.9761068)","day_issued":"FRIDAY","project_id":"4405648","condominium":"No","status_date":"04/19/2007","jurisdiction":"BEE CAVE FULL PURPOSE","housing_units":"0","contractor_zip":"78742","contractor_city":"Austin","issuance_method":"Permit Center","contractor_phone":"5123858831","contractor_trade":"Electrical Contractor","number_of_floors":"0","permit_type_desc":"Electrical Permit","fiscal_year_issued":"2007","permit_class_mapped":"Residential","remodel_repair_sqft":"3,973","contractor_address_1":"414 THOMPSON","contractor_address_2":"AUSTIN TX  7","contractor_full_name":"Fred Hoskins","issued_in_last_30_days":"No","certificate_of_occupancy":"No","property_legal_description":"LOT 6 BLK K SPILLMAN RANCH PHS 3 & 4","electrical_valuation_remodel":"$0.00"},"geometry":{"type":"Point","coordinates":[-97.9761068,30.31941047]}},{"type":"Feature","properties":{"date":"2006-10-27T04:00:00.000Z","year":2006,"description":"New 2-Stry Sf Res W/Att Gar CovrD Porch  Elect Serv Only - Eud","metadescription":"EP. Remodel. New 2-Stry Sf Res W/Att Gar CovrD Porch  Elect Serv Only - Eud. Final. 4501 BAT FALCON DR","address":"4501 BAT FALCON DR","link":"https://abc.austintexas.gov/web/permit/public-search-other?t_detail=1&t_selected_folderrsn=4387984","tcad_id":"0123730118","location":"    (30.32026316, -97.97641249)","day_issued":"FRIDAY","project_id":"4387984","condominium":"No","status_date":"04/19/2007","jurisdiction":"BEE CAVE FULL PURPOSE","housing_units":"0","contractor_zip":"78742","contractor_city":"Austin","issuance_method":"Permit Center","contractor_phone":"5123858831","contractor_trade":"Electrical Contractor","number_of_floors":"0","permit_type_desc":"Electrical Permit","fiscal_year_issued":"2007","permit_class_mapped":"Residential","remodel_repair_sqft":"3,507","contractor_address_1":"414 THOMPSON","contractor_address_2":"AUSTIN TX  7","contractor_full_name":"Fred Hoskins","issued_in_last_30_days":"No","certificate_of_occupancy":"No","property_legal_description":"LOT 10 BLK K SPILLMAN RANCH PHS 3 & 4","electrical_valuation_remodel":"$0.00"},"geometry":{"type":"Point","coordinates":[-97.97641249,30.32026316]}},{"type":"Feature","properties":{"date":"2006-10-25T04:00:00.000Z","year":2006,"description":"New 2-Stry Sf Res W/Att Gar. CovrD Porch & Patio -Elect Serv Only Eud","metadescription":"EP. New. New 2-Stry Sf Res W/Att Gar. CovrD Porch & Patio -Elect Serv Only Eud. Final. 4605 BAT FALCON DR","address":"4605 BAT FALCON DR","link":"https://abc.austintexas.gov/web/permit/public-search-other?t_detail=1&t_selected_folderrsn=4387896","tcad_id":"0123730111","location":"    (30.31881718, -97.97584867)","day_issued":"WEDNESDAY","project_id":"4387896","condominium":"No","status_date":"09/29/2008","jurisdiction":"BEE CAVE FULL PURPOSE","applicant_zip":"78653","housing_units":"1","applicant_city":"MANOR","contractor_zip":"78653","applicant_phone":"5125351333","contractor_city":"MANOR","issuance_method":"Permit Center","contractor_phone":"5125351333","contractor_trade":"Electrical Contractor","number_of_floors":"2","permit_type_desc":"Electrical Permit","fiscal_year_issued":"2007","total_new_add_sqft":"3,896","applicant_address_2":"2720  E Howa","applicant_full_name":"John Simmons","permit_class_mapped":"Residential","remodel_repair_sqft":"4,032","contractor_address_2":"2720  E Howa","contractor_full_name":"John Simmons","issued_in_last_30_days":"No","certificate_of_occupancy":"No","property_legal_description":"LOT 3 BLK K SPILLMAN RANCH PHS 3 & 4","electrical_valuation_remodel":"$0.00"},"geometry":{"type":"Point","coordinates":[-97.97584867,30.31881718]}},{"type":"Feature","properties":{"date":"2006-10-25T04:00:00.000Z","year":2006,"description":"New 2-Stry Sf Res W/Att Gar Covrd Porch & Patio - Elect Serv Only - Eud","metadescription":"EP. Remodel. New 2-Stry Sf Res W/Att Gar Covrd Porch & Patio - Elect Serv Only - Eud. Final. 4521 BAT FALCON DR","address":"4521 BAT FALCON DR","link":"https://abc.austintexas.gov/web/permit/public-search-other?t_detail=1&t_selected_folderrsn=4387903","tcad_id":"0123730113","location":"    (30.31920524, -97.97601354)","day_issued":"WEDNESDAY","project_id":"4387903","condominium":"No","status_date":"04/12/2007","jurisdiction":"BEE CAVE FULL PURPOSE","housing_units":"0","contractor_zip":"78634-____","contractor_city":"HUTTO","issuance_method":"Permit Center","contractor_phone":"5123825753","contractor_trade":"Electrical Contractor","number_of_floors":"0","permit_type_desc":"Electrical Permit","fiscal_year_issued":"2007","permit_class_mapped":"Residential","remodel_repair_sqft":"3,765","contractor_address_2":"629  W FRONT","contractor_full_name":"Calvin Lockhart","issued_in_last_30_days":"No","certificate_of_occupancy":"No","property_legal_description":"LOT 5 BLK K SPILLMAN RANCH PHS 3 & 4","electrical_valuation_remodel":"$0.00"},"geometry":{"type":"Point","coordinates":[-97.97601354,30.31920524]}},{"type":"Feature","properties":{"date":"2006-10-23T04:00:00.000Z","year":2006,"description":"New 2-Stry Sf Res W/Att Gar CovrD Porch - Elect Serv Only - Eud","metadescription":"EP. Remodel. New 2-Stry Sf Res W/Att Gar CovrD Porch - Elect Serv Only - Eud. Final. 15404 BAT HAWK CIR","address":"15404 BAT HAWK CIR","link":"https://abc.austintexas.gov/web/permit/public-search-other?t_detail=1&t_selected_folderrsn=4387746","tcad_id":"0123760307","location":"    (30.31984976, -97.97711366)","day_issued":"MONDAY","project_id":"4387746","condominium":"No","status_date":"04/18/2007","jurisdiction":"BEE CAVE FULL PURPOSE","housing_units":"0","contractor_zip":"78742","contractor_city":"Austin","issuance_method":"Permit Center","contractor_phone":"5123858831","contractor_trade":"Electrical Contractor","number_of_floors":"0","permit_type_desc":"Electrical Permit","fiscal_year_issued":"2007","permit_class_mapped":"Residential","remodel_repair_sqft":"4,369","contractor_address_1":"414 THOMPSON","contractor_address_2":"AUSTIN TX  7","contractor_full_name":"Fred Hoskins","issued_in_last_30_days":"No","certificate_of_occupancy":"No","property_legal_description":"LOT 2 BLK M SPILLMAN RANCH PHS 3 & 4","electrical_valuation_remodel":"$0.00"},"geometry":{"type":"Point","coordinates":[-97.97711366,30.31984976]}},{"type":"Feature","properties":{"date":"2006-10-23T04:00:00.000Z","year":2006,"description":"New 2-Stry Sf Res W/Att Gar. CovrD Porch - Elect Serv Only - Eud","metadescription":"EP. Remodel. New 2-Stry Sf Res W/Att Gar. CovrD Porch - Elect Serv Only - Eud. Final. 15408 SPILLMAN RANCH LOOP","address":"15408 SPILLMAN RANCH LOOP","link":"https://abc.austintexas.gov/web/permit/public-search-other?t_detail=1&t_selected_folderrsn=4387748","tcad_id":"0123760229","location":"    (30.32034354, -97.97839183)","day_issued":"MONDAY","project_id":"4387748","condominium":"No","status_date":"04/12/2007","jurisdiction":"BEE CAVE FULL PURPOSE","housing_units":"0","contractor_zip":"78742","contractor_city":"Austin","issuance_method":"Permit Center","contractor_phone":"5123858831","contractor_trade":"Electrical Contractor","number_of_floors":"0","permit_type_desc":"Electrical Permit","fiscal_year_issued":"2007","permit_class_mapped":"Residential","remodel_repair_sqft":"3,507","contractor_address_1":"414 THOMPSON","contractor_address_2":"AUSTIN TX  7","contractor_full_name":"Fred Hoskins","issued_in_last_30_days":"No","certificate_of_occupancy":"No","property_legal_description":"LOT 38 BLK L SPILLMAN RANCH PHS 3 & 4","electrical_valuation_remodel":"$0.00"},"geometry":{"type":"Point","coordinates":[-97.97839183,30.32034354]}},{"type":"Feature","properties":{"date":"2006-10-16T04:00:00.000Z","year":2006,"description":"New 2-Stry Sf Res W/Att Gar CovrD Porch & Entry Elec Serv Only - Eud","metadescription":"EP. Remodel. New 2-Stry Sf Res W/Att Gar CovrD Porch & Entry Elec Serv Only - Eud. Final. 15405 SPILLMAN RANCH LOOP","address":"15405 SPILLMAN RANCH LOOP","link":"https://abc.austintexas.gov/web/permit/public-search-other?t_detail=1&t_selected_folderrsn=4387358","tcad_id":"0123760103","location":"    (30.32026878, -97.97911327)","day_issued":"MONDAY","project_id":"4387358","condominium":"No","status_date":"04/04/2007","jurisdiction":"BEE CAVE FULL PURPOSE","housing_units":"0","contractor_zip":"78742","contractor_city":"Austin","issuance_method":"Permit Center","contractor_phone":"5123858831","contractor_trade":"Electrical Contractor","number_of_floors":"0","permit_type_desc":"Electrical Permit","fiscal_year_issued":"2007","permit_class_mapped":"Residential","remodel_repair_sqft":"4,369","contractor_address_1":"414 THOMPSON","contractor_address_2":"AUSTIN TX  7","contractor_full_name":"Fred Hoskins","issued_in_last_30_days":"No","certificate_of_occupancy":"No","property_legal_description":"LOT 15 BLK N SPILLMAN RANCH PHS 3 & 4","electrical_valuation_remodel":"$0.00"},"geometry":{"type":"Point","coordinates":[-97.97911327,30.32026878]}},{"type":"Feature","properties":{"date":"2006-09-20T04:00:00.000Z","year":2006,"description":"New 2-Stry Sf Res W/Att Gar CovrD Porch/Patio Elec Serv Only -Eud","metadescription":"EP. Remodel. New 2-Stry Sf Res W/Att Gar CovrD Porch/Patio Elec Serv Only -Eud. Final. 4116 SUGARLOAF DR","address":"4116 SUGARLOAF DR","link":"https://abc.austintexas.gov/web/permit/public-search-other?t_detail=1&t_selected_folderrsn=4385860","tcad_id":"0121700425","location":"    (30.31419576, -97.9663885)","day_issued":"WEDNESDAY","project_id":"4385860","status_date":"03/05/2007","jurisdiction":"BEE CAVE FULL PURPOSE","contractor_zip":"78691-____","contractor_city":"PFLUGERVILLE","issuance_method":"Permit Center","contractor_phone":"5128328900","contractor_trade":"Electrical Contractor","permit_type_desc":"Electrical Permit","fiscal_year_issued":"2006","permit_class_mapped":"Residential","contractor_address_1":"PO BOX 3289","contractor_full_name":"Bryan Neal","issued_in_last_30_days":"No","property_legal_description":"LOT 12A BLK E SPILLMAN RANCH PHS 1 SEC 2 AMENDED PLAT OF LOTS 12-13 BLK E"},"geometry":{"type":"Point","coordinates":[-97.9663885,30.31419576]}},{"type":"Feature","properties":{"date":"2006-08-28T04:00:00.000Z","year":2006,"description":"New 2 Stry Resid W/Att Garage-Porch Elec Srv Eud","metadescription":"EP. Remodel. New 2 Stry Resid W/Att Garage-Porch Elec Srv Eud. Final. 4317 MYRTLE BEACH DR","address":"4317 MYRTLE BEACH DR","link":"https://abc.austintexas.gov/web/permit/public-search-other?t_detail=1&t_selected_folderrsn=4384503","tcad_id":"0123700139","location":"    (30.31706482, -97.96641956)","day_issued":"MONDAY","project_id":"4384503","condominium":"No","status_date":"04/26/2007","jurisdiction":"BEE CAVE FULL PURPOSE","housing_units":"0","contractor_zip":"78736","contractor_city":"Austin","issuance_method":"Permit Center","contractor_phone":"5122884063","contractor_trade":"Electrical Contractor","number_of_floors":"0","permit_type_desc":"Electrical Permit","fiscal_year_issued":"2006","permit_class_mapped":"Residential","remodel_repair_sqft":"3,545","contractor_address_2":"9020  Circle","contractor_full_name":"Ken Baker","issued_in_last_30_days":"No","certificate_of_occupancy":"No","property_legal_description":"LOT 5 BLK D SPILLMAN RANCH PHS 1 SEC 2","electrical_valuation_remodel":"$0.00"},"geometry":{"type":"Point","coordinates":[-97.96641956,30.31706482]}},{"type":"Feature","properties":{"date":"2006-08-24T04:00:00.000Z","year":2006,"description":"New 2 Stry Resid W/Att Garage-Porch Elec Srv Eud","metadescription":"EP. Remodel. New 2 Stry Resid W/Att Garage-Porch Elec Srv Eud. Final. 15204 BAT HAWK CIR","address":"15204 BAT HAWK CIR","link":"https://abc.austintexas.gov/web/permit/public-search-other?t_detail=1&t_selected_folderrsn=4384344","tcad_id":"0123760303","location":"    (30.31910027, -97.97733485)","day_issued":"THURSDAY","project_id":"4384344","condominium":"No","status_date":"04/04/2007","jurisdiction":"BEE CAVE FULL PURPOSE","housing_units":"0","contractor_zip":"78742","contractor_city":"Austin","issuance_method":"Permit Center","contractor_phone":"5123858831","contractor_trade":"Electrical Contractor","number_of_floors":"0","permit_type_desc":"Electrical Permit","fiscal_year_issued":"2006","permit_class_mapped":"Residential","remodel_repair_sqft":"5,361","contractor_address_1":"414 THOMPSON","contractor_address_2":"AUSTIN TX  7","contractor_full_name":"Fred Hoskins","issued_in_last_30_days":"No","certificate_of_occupancy":"No","property_legal_description":"LOT 6 BLK M SPILLMAN RANCH PHS 3 & 4","electrical_valuation_remodel":"$0.00"},"geometry":{"type":"Point","coordinates":[-97.97733485,30.31910027]}},{"type":"Feature","properties":{"date":"2006-08-10T04:00:00.000Z","year":2006,"description":"New 2 Stry Resid W/Att Garage-Porch Elec Srv Eud","metadescription":"EP. Remodel. New 2 Stry Resid W/Att Garage-Porch Elec Srv Eud. Final. 1813 SEA EAGLE VW","address":"1813 SEA EAGLE VW","link":"https://abc.austintexas.gov/web/permit/public-search-other?t_detail=1&t_selected_folderrsn=4383684","tcad_id":"0125550502","location":"    (30.31979062, -97.91617328)","day_issued":"THURSDAY","project_id":"4383684","condominium":"No","status_date":"07/23/2007","jurisdiction":"BEE CAVE ETJ","housing_units":"0","contractor_zip":"78669","contractor_city":"Spicewood","issuance_method":"Permit Center","contractor_phone":"5122640960","contractor_trade":"Electrical Contractor","number_of_floors":"0","permit_type_desc":"Electrical Permit","fiscal_year_issued":"2006","permit_class_mapped":"Residential","remodel_repair_sqft":"5,128","contractor_address_2":"1784  Bee Cr","contractor_full_name":"William Lewis","issued_in_last_30_days":"No","certificate_of_occupancy":"No","property_legal_description":"LOT 44 BLK A LAKE POINTE SEC 7","electrical_valuation_remodel":"$0.00"},"geometry":{"type":"Point","coordinates":[-97.91617328,30.31979062]}},{"type":"Feature","properties":{"date":"2006-08-09T04:00:00.000Z","year":2006,"description":"New Sf Resid W/Att Garage-Porch Elec Srv Eud","metadescription":"EP. Remodel. New Sf Resid W/Att Garage-Porch Elec Srv Eud. Final. 15501 SPILLMAN RANCH LOOP","address":"15501 SPILLMAN RANCH LOOP","link":"https://abc.austintexas.gov/web/permit/public-search-other?t_detail=1&t_selected_folderrsn=4383496","tcad_id":"0125760116","location":"    (30.32137611, -97.97830957)","day_issued":"WEDNESDAY","project_id":"4383496","status_date":"03/05/2007","jurisdiction":"BEE CAVE FULL PURPOSE","contractor_zip":"76550","contractor_city":"LAMPASAS","issuance_method":"Permit Center","contractor_phone":"5125568702","contractor_trade":"Electrical Contractor","permit_type_desc":"Electrical Permit","fiscal_year_issued":"2006","permit_class_mapped":"Residential","contractor_address_1":"3378 FM 1478","contractor_address_2":"LAMPASAS TX","contractor_full_name":"Russell Jones","issued_in_last_30_days":"No","property_legal_description":"LOT 1 BLK F SPILLMAN RANCH PHS 3 & 4"},"geometry":{"type":"Point","coordinates":[-97.97830957,30.32137611]}},{"type":"Feature","properties":{"date":"2006-08-09T04:00:00.000Z","year":2006,"description":"New Sf Resid W/Att Garage-Porch Elec Srv Eud","metadescription":"EP. Remodel. New Sf Resid W/Att Garage-Porch Elec Srv Eud. Expired. 4601 BAT FALCON DR","address":"4601 BAT FALCON DR","link":"https://abc.austintexas.gov/web/permit/public-search-other?t_detail=1&t_selected_folderrsn=4383497","tcad_id":"0123730112","location":"    (30.31901112, -97.97592635)","day_issued":"WEDNESDAY","project_id":"4383497","condominium":"No","status_date":"06/06/2007","jurisdiction":"BEE CAVE FULL PURPOSE","housing_units":"0","contractor_zip":"76550","contractor_city":"LAMPASAS","issuance_method":"Permit Center","contractor_phone":"5125568702","contractor_trade":"Electrical Contractor","number_of_floors":"0","permit_type_desc":"Electrical Permit","fiscal_year_issued":"2006","permit_class_mapped":"Residential","contractor_address_1":"3378 FM 1478","contractor_address_2":"LAMPASAS TX","contractor_full_name":"Russell Jones","issued_in_last_30_days":"No","certificate_of_occupancy":"No","property_legal_description":"LOT 4 BLK K SPILLMAN RANCH PHS 3 & 4","electrical_valuation_remodel":"$0.00"},"geometry":{"type":"Point","coordinates":[-97.97592635,30.31901112]}},{"type":"Feature","properties":{"date":"2006-08-08T04:00:00.000Z","year":2006,"description":"New 2 Stry Resid W/Att Garage-Porch Elec Srv Eud","metadescription":"EP. Remodel. New 2 Stry Resid W/Att Garage-Porch Elec Srv Eud. Final. 4016 SUGARLOAF DR","address":"4016 SUGARLOAF DR","link":"https://abc.austintexas.gov/web/permit/public-search-other?t_detail=1&t_selected_folderrsn=4383486","tcad_id":"0123700110","location":"    (30.31545702, -97.96677599)","day_issued":"TUESDAY","project_id":"4383486","status_date":"03/19/2007","jurisdiction":"BEE CAVE FULL PURPOSE","contractor_zip":"78691-____","contractor_city":"PFLUGERVILLE","issuance_method":"Permit Center","contractor_phone":"5128328900","contractor_trade":"Electrical Contractor","permit_type_desc":"Electrical Permit","fiscal_year_issued":"2006","permit_class_mapped":"Residential","contractor_address_1":"PO BOX 3289","contractor_full_name":"Bryan Neal","issued_in_last_30_days":"No","property_legal_description":"LOT 17 BLK E SPILLMAN RANCH PHS 1 SEC 2"},"geometry":{"type":"Point","coordinates":[-97.96677599,30.31545702]}},{"type":"Feature","properties":{"date":"2006-07-25T04:00:00.000Z","year":2006,"description":"New 2stry Resid W/Att Garage Porch Elec Srv Eud","metadescription":"EP. Remodel. New 2stry Resid W/Att Garage Porch Elec Srv Eud. Final. 15201 BAT HAWK CIR","address":"15201 BAT HAWK CIR","link":"https://abc.austintexas.gov/web/permit/public-search-other?t_detail=1&t_selected_folderrsn=4382763","tcad_id":"0123760211","location":"    (30.31859187, -97.97750576)","day_issued":"TUESDAY","project_id":"4382763","status_date":"03/05/2007","jurisdiction":"BEE CAVE FULL PURPOSE","contractor_zip":"78742","contractor_city":"Austin","issuance_method":"Permit Center","contractor_phone":"5123858831","contractor_trade":"Electrical Contractor","permit_type_desc":"Electrical Permit","fiscal_year_issued":"2006","permit_class_mapped":"Residential","contractor_address_1":"414 THOMPSON","contractor_address_2":"AUSTIN TX  7","contractor_full_name":"Fred Hoskins","issued_in_last_30_days":"No","property_legal_description":"LOT 16 BLK L SPILLMAN RANCH PHS 3 & 4"},"geometry":{"type":"Point","coordinates":[-97.97750576,30.31859187]}},{"type":"Feature","properties":{"date":"2006-07-25T04:00:00.000Z","year":2006,"description":"New 2stry Resid Watt Garage Porch Elec Srv Eud","metadescription":"EP. Remodel. New 2stry Resid Watt Garage Porch Elec Srv Eud. Final. 4505 BAT FALCON DR","address":"4505 BAT FALCON DR","link":"https://abc.austintexas.gov/web/permit/public-search-other?t_detail=1&t_selected_folderrsn=4382766","tcad_id":"0123730117","location":"    (30.32004711, -97.976329)","day_issued":"TUESDAY","project_id":"4382766","status_date":"03/05/2007","jurisdiction":"BEE CAVE FULL PURPOSE","contractor_zip":"78742","contractor_city":"Austin","issuance_method":"Permit Center","contractor_phone":"5123858831","contractor_trade":"Electrical Contractor","permit_type_desc":"Electrical Permit","fiscal_year_issued":"2006","permit_class_mapped":"Residential","contractor_address_1":"414 THOMPSON","contractor_address_2":"AUSTIN TX  7","contractor_full_name":"Fred Hoskins","issued_in_last_30_days":"No","property_legal_description":"LOT 9 BLK K SPILLMAN RANCH PHS 3 & 4"},"geometry":{"type":"Point","coordinates":[-97.976329,30.32004711]}},{"type":"Feature","properties":{"date":"2006-07-25T04:00:00.000Z","year":2006,"description":"New 2stry Resid W/Att Garage Porch Elec Srv Eud","metadescription":"EP. Remodel. New 2stry Resid W/Att Garage Porch Elec Srv Eud. Final. 15300 BAT HAWK CIR","address":"15300 BAT HAWK CIR","link":"https://abc.austintexas.gov/web/permit/public-search-other?t_detail=1&t_selected_folderrsn=4382764","tcad_id":"0123760304","location":"    (30.31927677, -97.97751123)","day_issued":"TUESDAY","project_id":"4382764","status_date":"03/05/2007","jurisdiction":"BEE CAVE FULL PURPOSE","contractor_zip":"78742","contractor_city":"Austin","issuance_method":"Permit Center","contractor_phone":"5123858831","contractor_trade":"Electrical Contractor","permit_type_desc":"Electrical Permit","fiscal_year_issued":"2006","permit_class_mapped":"Residential","contractor_address_1":"414 THOMPSON","contractor_address_2":"AUSTIN TX  7","contractor_full_name":"Fred Hoskins","issued_in_last_30_days":"No","property_legal_description":"LOT 5 BLK M SPILLMAN RANCH PHS 3 & 4"},"geometry":{"type":"Point","coordinates":[-97.97751123,30.31927677]}},{"type":"Feature","properties":{"date":"2006-07-25T04:00:00.000Z","year":2006,"description":"New 2stry Resid W/Att Garage Porch Elec Srv Eud","metadescription":"EP. Remodel. New 2stry Resid W/Att Garage Porch Elec Srv Eud. Final. 15905 SPILLMAN RANCH LOOP","address":"15905 SPILLMAN RANCH LOOP","link":"https://abc.austintexas.gov/web/permit/public-search-other?t_detail=1&t_selected_folderrsn=4382768","tcad_id":"0125730109","location":"    (30.32306154, -97.97394748)","day_issued":"TUESDAY","project_id":"4382768","status_date":"03/05/2007","jurisdiction":"BEE CAVE FULL PURPOSE","contractor_zip":"78742","contractor_city":"Austin","issuance_method":"Permit Center","contractor_phone":"5123858831","contractor_trade":"Electrical Contractor","permit_type_desc":"Electrical Permit","fiscal_year_issued":"2006","permit_class_mapped":"Residential","contractor_address_1":"414 THOMPSON","contractor_address_2":"AUSTIN TX  7","contractor_full_name":"Fred Hoskins","issued_in_last_30_days":"No","property_legal_description":"LOT 32 BLK F SPILLMAN RANCH PHS 2 SEC 1"},"geometry":{"type":"Point","coordinates":[-97.97394748,30.32306154]}},{"type":"Feature","properties":{"date":"2006-07-25T04:00:00.000Z","year":2006,"description":"New Sf Resid Watt Garage Porch Elec Srv Eud","metadescription":"EP. Remodel. New Sf Resid Watt Garage Porch Elec Srv Eud. Final. 4705 SNAKE EAGLE CV","address":"4705 SNAKE EAGLE CV","link":"https://abc.austintexas.gov/web/permit/public-search-other?t_detail=1&t_selected_folderrsn=4382765","tcad_id":"0123730337","location":"    (30.3175896, -97.97609422)","day_issued":"TUESDAY","project_id":"4382765","status_date":"03/05/2007","jurisdiction":"BEE CAVE FULL PURPOSE","contractor_zip":"78742","contractor_city":"Austin","issuance_method":"Permit Center","contractor_phone":"5123858831","contractor_trade":"Electrical Contractor","permit_type_desc":"Electrical Permit","fiscal_year_issued":"2006","permit_class_mapped":"Residential","contractor_address_1":"414 THOMPSON","contractor_address_2":"AUSTIN TX  7","contractor_full_name":"Fred Hoskins","issued_in_last_30_days":"No","property_legal_description":"LOT 58 BLK E SPILLMAN RANCH PHS 3 & 4"},"geometry":{"type":"Point","coordinates":[-97.97609422,30.3175896]}},{"type":"Feature","properties":{"date":"2006-07-10T04:00:00.000Z","year":2006,"description":"New 2 Stry Resid W/Att Garage-Porch Elec Srv Eud","metadescription":"EP. Remodel. New 2 Stry Resid W/Att Garage-Porch Elec Srv Eud. Final. 5102 LONG ARROW CANYON","address":"5102 LONG ARROW CANYON","link":"https://abc.austintexas.gov/web/permit/public-search-other?t_detail=1&t_selected_folderrsn=4382017","tcad_id":"0117680102","location":"    (30.30312616, -97.96118303)","day_issued":"MONDAY","project_id":"4382017","status_date":"03/19/2007","jurisdiction":"BEE CAVE FULL PURPOSE","contractor_zip":"78620","contractor_city":"Dripping Spr","issuance_method":"Permit Center","contractor_phone":"5127508556","contractor_trade":"Electrical Contractor","permit_type_desc":"Electrical Permit","fiscal_year_issued":"2006","permit_class_mapped":"Residential","contractor_address_2":"207  High Pl","contractor_full_name":"Joe Hernandez","issued_in_last_30_days":"No","property_legal_description":"LOT 7-A BLK B HOMESTEAD SEC 4 THE REPLAT OF LOTS 6-8 BLK B"},"geometry":{"type":"Point","coordinates":[-97.96118303,30.30312616]}},{"type":"Feature","properties":{"date":"2006-06-29T04:00:00.000Z","year":2006,"description":"New 2 Stry Resid W/Att Garage-Porch Elec Srv Eud","metadescription":"EP. Remodel. New 2 Stry Resid W/Att Garage-Porch Elec Srv Eud. Final. 4109 SUGARLOAF DR","address":"4109 SUGARLOAF DR","link":"https://abc.austintexas.gov/web/permit/public-search-other?t_detail=1&t_selected_folderrsn=4403239","tcad_id":"0121700420","location":"    (30.31482522, -97.96607192)","day_issued":"THURSDAY","project_id":"4403239","status_date":"03/19/2007","jurisdiction":"BEE CAVE FULL PURPOSE","contractor_zip":"78738-____","contractor_city":"BEE CAVE","issuance_method":"Permit Center","contractor_phone":"5129040094","contractor_trade":"Electrical Contractor","permit_type_desc":"Electrical Permit","fiscal_year_issued":"2006","permit_class_mapped":"Residential","contractor_address_2":"3809  JUNIPE","contractor_full_name":"Aubrey Hammett","issued_in_last_30_days":"No","property_legal_description":"LOT 30 BLK C SPILLMAN RANCH PHS 1 SEC 2"},"geometry":{"type":"Point","coordinates":[-97.96607192,30.31482522]}},{"type":"Feature","properties":{"date":"2006-06-06T04:00:00.000Z","year":2006,"description":"New2stry Sf Res. W/Att Garage-Porch Elec. Srv Only-Eud","metadescription":"EP. Remodel. New2stry Sf Res. W/Att Garage-Porch Elec. Srv Only-Eud. Final. 14408 PIPER GLEN DR","address":"14408 PIPER GLEN DR","link":"https://abc.austintexas.gov/web/permit/public-search-other?t_detail=1&t_selected_folderrsn=4380221","tcad_id":"0123700127","location":"    (30.31869174, -97.96590732)","day_issued":"TUESDAY","project_id":"4380221","status_date":"03/05/2007","jurisdiction":"BEE CAVE FULL PURPOSE","contractor_zip":"78654-____","contractor_city":"SPICEWOOD","issuance_method":"Permit Center","contractor_phone":"5122631214","contractor_trade":"Electrical Contractor","permit_type_desc":"Electrical Permit","fiscal_year_issued":"2006","permit_class_mapped":"Residential","contractor_address_1":"PO BOX 449","contractor_full_name":"Jackie D Oliver","issued_in_last_30_days":"No","property_legal_description":"LOT 14 BLK C SPILLMAN RANCH PHS 1 SEC 2"},"geometry":{"type":"Point","coordinates":[-97.96590732,30.31869174]}},{"type":"Feature","properties":{"date":"2006-06-05T04:00:00.000Z","year":2006,"description":"New 2stry Sf Res. W/Att Garage-Porch Elec. Srv Only-Eud","metadescription":"EP. Remodel. New 2stry Sf Res. W/Att Garage-Porch Elec. Srv Only-Eud. Final. 4008 SUGARLOAF DR","address":"4008 SUGARLOAF DR","link":"https://abc.austintexas.gov/web/permit/public-search-other?t_detail=1&t_selected_folderrsn=4380209","tcad_id":"0123700108","location":"    (30.31602003, -97.96688264)","day_issued":"MONDAY","project_id":"4380209","condominium":"No","status_date":"03/05/2007","jurisdiction":"BEE CAVE FULL PURPOSE","housing_units":"0","contractor_zip":"78691-____","contractor_city":"PFLUGERVILLE","issuance_method":"Permit Center","contractor_phone":"5128328900","contractor_trade":"Electrical Contractor","number_of_floors":"0","permit_type_desc":"Electrical Permit","fiscal_year_issued":"2006","permit_class_mapped":"Residential","contractor_address_1":"PO BOX 3289","contractor_full_name":"Bryan Neal","issued_in_last_30_days":"No","certificate_of_occupancy":"No","property_legal_description":"LOT 19 BLK E SPILLMAN RANCH PHS 1 SEC 2","electrical_valuation_remodel":"$0.00"},"geometry":{"type":"Point","coordinates":[-97.96688264,30.31602003]}},{"type":"Feature","properties":{"date":"2006-05-11T04:00:00.000Z","year":2006,"description":"New 2 Sty Resd W/Garage & Covd Porch.  Elec Srv Only. Eud.","metadescription":"EP. Remodel. New 2 Sty Resd W/Garage & Covd Porch.  Elec Srv Only. Eud.. Final. 11901 PLEASANT PANORAMA VW","address":"11901 PLEASANT PANORAMA VW","link":"https://abc.austintexas.gov/web/permit/public-search-other?t_detail=1&t_selected_folderrsn=4379102","tcad_id":"0125550416","location":"    (30.32063717, -97.91658322)","day_issued":"THURSDAY","project_id":"4379102","condominium":"No","status_date":"03/19/2007","jurisdiction":"BEE CAVE ETJ","housing_units":"0","contractor_zip":"78942","contractor_city":"Giddings","issuance_method":"Permit Center","contractor_phone":"5122029089","contractor_trade":"Electrical Contractor","number_of_floors":"0","permit_type_desc":"Electrical Permit","fiscal_year_issued":"2006","permit_class_mapped":"Residential","remodel_repair_sqft":"5,344","contractor_address_2":"691 S Navarr","contractor_full_name":"Leonard Orocio","issued_in_last_30_days":"No","certificate_of_occupancy":"No","property_legal_description":"LOT 19 BLK B LAKE POINTE SEC 7","electrical_valuation_remodel":"$0.00"},"geometry":{"type":"Point","coordinates":[-97.91658322,30.32063717]}},{"type":"Feature","properties":{"date":"2006-05-02T04:00:00.000Z","year":2006,"description":"New 2stry Res W/Att Garage & Porch Elec Srv Only-Eud","metadescription":"EP. Remodel. New 2stry Res W/Att Garage & Porch Elec Srv Only-Eud. Final. 14609 SPILLMAN RANCH LOOP","address":"14609 SPILLMAN RANCH LOOP","link":"https://abc.austintexas.gov/web/permit/public-search-other?t_detail=1&t_selected_folderrsn=4378568","tcad_id":"0123730322","location":"    (30.31632368, -97.96947774)","day_issued":"TUESDAY","project_id":"4378568","status_date":"03/05/2007","jurisdiction":"BEE CAVE FULL PURPOSE","contractor_zip":"78634-____","contractor_city":"HUTTO","issuance_method":"Permit Center","contractor_phone":"5123825753","contractor_trade":"Electrical Contractor","permit_type_desc":"Electrical Permit","fiscal_year_issued":"2006","permit_class_mapped":"Residential","contractor_address_2":"629  W FRONT","contractor_full_name":"Calvin Lockhart","issued_in_last_30_days":"No","property_legal_description":"LOT 33 BLK E SPILLMAN RANCH PHS 1 SEC 3"},"geometry":{"type":"Point","coordinates":[-97.96947774,30.31632368]}},{"type":"Feature","properties":{"date":"2006-04-14T04:00:00.000Z","year":2006,"description":"New Sf Res W/Att Garage & Porch Elec Srv Only-Eud","metadescription":"EP. Remodel. New Sf Res W/Att Garage & Porch Elec Srv Only-Eud. Final. 3925 GYRFALCON CV","address":"3925 GYRFALCON CV","link":"https://abc.austintexas.gov/web/permit/public-search-other?t_detail=1&t_selected_folderrsn=4377815","tcad_id":"0125680102","location":"    (30.32056824, -97.96134071)","day_issued":"FRIDAY","project_id":"4377815","status_date":"03/05/2007","jurisdiction":"BEE CAVE FULL PURPOSE","contractor_zip":"78742","contractor_city":"Austin","issuance_method":"Permit Center","contractor_phone":"5123858831","contractor_trade":"Electrical Contractor","permit_type_desc":"Electrical Permit","fiscal_year_issued":"2006","permit_class_mapped":"Residential","contractor_address_1":"414 THOMPSON","contractor_address_2":"AUSTIN TX  7","contractor_full_name":"Fred Hoskins","issued_in_last_30_days":"No","property_legal_description":"LOT 8 BLK B SPILLMAN RANCH PHS 1 SEC 1"},"geometry":{"type":"Point","coordinates":[-97.96134071,30.32056824]}},{"type":"Feature","properties":{"date":"2006-03-22T05:00:00.000Z","year":2006,"description":"New 2stry Resid Study W/Att 2-Garage Porch Elec Srv Eud","metadescription":"EP. Remodel. New 2stry Resid Study W/Att 2-Garage Porch Elec Srv Eud. Final. 11900 SEA EAGLE VIEW CV","address":"11900 SEA EAGLE VIEW CV","link":"https://abc.austintexas.gov/web/permit/public-search-other?t_detail=1&t_selected_folderrsn=4376666","tcad_id":"0123550914","location":"    (30.31813855, -97.9172386)","day_issued":"WEDNESDAY","project_id":"4376666","status_date":"03/05/2007","jurisdiction":"BEE CAVE ETJ","contractor_zip":"78654-____","contractor_city":"SPICEWOOD","issuance_method":"Permit Center","contractor_phone":"5122631214","contractor_trade":"Electrical Contractor","permit_type_desc":"Electrical Permit","fiscal_year_issued":"2006","permit_class_mapped":"Residential","contractor_address_1":"PO BOX 449","contractor_full_name":"Jackie D Oliver","issued_in_last_30_days":"No","property_legal_description":"LOT 37 BLK A LAKE POINTE SEC 7"},"geometry":{"type":"Point","coordinates":[-97.9172386,30.31813855]}},{"type":"Feature","properties":{"date":"2006-03-21T05:00:00.000Z","year":2006,"description":"New 2stry Resid W/Att Garage Porch Elec Srv Eud","metadescription":"EP. Remodel. New 2stry Resid W/Att Garage Porch Elec Srv Eud. Final. 4125 SUGARLOAF DR","address":"4125 SUGARLOAF DR","link":"https://abc.austintexas.gov/web/permit/public-search-other?t_detail=1&t_selected_folderrsn=4376589","tcad_id":"0121700416","location":"    (30.31383389, -97.96555736)","day_issued":"TUESDAY","project_id":"4376589","status_date":"03/05/2007","jurisdiction":"BEE CAVE FULL PURPOSE","contractor_zip":"78634-____","contractor_city":"HUTTO","issuance_method":"Permit Center","contractor_phone":"5123825753","contractor_trade":"Electrical Contractor","permit_type_desc":"Electrical Permit","fiscal_year_issued":"2006","permit_class_mapped":"Residential","contractor_address_2":"629  W FRONT","contractor_full_name":"Calvin Lockhart","issued_in_last_30_days":"No","property_legal_description":"LOT 34 BLK C SPILLMAN RANCH PHS 1 SEC 2 AMENDED PLAT OF LTS 33 & 34 BLK C & LTS 12&3 BLK E"},"geometry":{"type":"Point","coordinates":[-97.96555736,30.31383389]}},{"type":"Feature","properties":{"date":"2006-03-20T05:00:00.000Z","year":2006,"description":"New Sf Resid W/Att (2) Garages-Porch Elec Srv Only Eud.","metadescription":"EP. Remodel. New Sf Resid W/Att (2) Garages-Porch Elec Srv Only Eud.. Final. 14416 PIPER GLEN DR","address":"14416 PIPER GLEN DR","link":"https://abc.austintexas.gov/web/permit/public-search-other?t_detail=1&t_selected_folderrsn=4371977","tcad_id":"0123700129","location":"    (30.31884288, -97.96649641)","day_issued":"MONDAY","project_id":"4371977","status_date":"03/19/2007","jurisdiction":"BEE CAVE FULL PURPOSE","contractor_zip":"78620","contractor_city":"Dripping Spr","issuance_method":"Permit Center","contractor_phone":"5128456649","contractor_trade":"Electrical Contractor","permit_type_desc":"Electrical Permit","fiscal_year_issued":"2006","permit_class_mapped":"Residential","contractor_address_2":"700  Plant L","contractor_full_name":"Chad Varnell","issued_in_last_30_days":"No","property_legal_description":"LOT 12 BLK C SPILLMAN RANCH PHS 1 SEC 2"},"geometry":{"type":"Point","coordinates":[-97.96649641,30.31884288]}},{"type":"Feature","properties":{"date":"2006-03-14T05:00:00.000Z","year":2006,"description":"New 2stry Resid Watt Garage Porch Elec Srv Eud","metadescription":"EP. Remodel. New 2stry Resid Watt Garage Porch Elec Srv Eud. Final. 13948 LONE RIDER TRL","address":"13948 LONE RIDER TRL","link":"https://abc.austintexas.gov/web/permit/public-search-other?t_detail=1&t_selected_folderrsn=4396705","tcad_id":"0118770476","location":"    (30.29812929, -97.96819288)","day_issued":"TUESDAY","project_id":"4396705","status_date":"03/05/2007","jurisdiction":"BEE CAVE FULL PURPOSE","contractor_zip":"78620-2391","contractor_city":"Dripping Spr","issuance_method":"Permit Center","contractor_phone":"5127915619","contractor_trade":"Electrical Contractor","permit_type_desc":"Electrical Permit","fiscal_year_issued":"2006","permit_class_mapped":"Residential","contractor_address_1":"P.O. Box 175","contractor_full_name":"Keith Coons","issued_in_last_30_days":"No","property_legal_description":"LOT 7 MEADOWFOX ESTATES RESUB OF LOTS 1-11"},"geometry":{"type":"Point","coordinates":[-97.96819288,30.29812929]}},{"type":"Feature","properties":{"date":"2006-03-08T05:00:00.000Z","year":2006,"description":"New 2stry Res W/Att Garage & Porch Elec Srv Only-Eud","metadescription":"EP. Remodel. New 2stry Res W/Att Garage & Porch Elec Srv Only-Eud. Final. 15200 BAT HAWK CIR","address":"15200 BAT HAWK CIR","link":"https://abc.austintexas.gov/web/permit/public-search-other?t_detail=1&t_selected_folderrsn=4375934","tcad_id":"0123760302","location":"    (30.31902718, -97.97709888)","day_issued":"WEDNESDAY","project_id":"4375934","status_date":"03/05/2007","jurisdiction":"BEE CAVE FULL PURPOSE","contractor_zip":"78683-5069","contractor_city":"Round Rock","issuance_method":"Permit Center","contractor_phone":"5127592200","contractor_trade":"Electrical Contractor","permit_type_desc":"Electrical Permit","fiscal_year_issued":"2006","permit_class_mapped":"Residential","contractor_address_1":"P.O. Box 506","contractor_address_2":"PO  Box 5069","contractor_full_name":"Thomas Roland","issued_in_last_30_days":"No","property_legal_description":"LOT 7 BLK M SPILLMAN RANCH PHS 3 & 4"},"geometry":{"type":"Point","coordinates":[-97.97709888,30.31902718]}},{"type":"Feature","properties":{"date":"2006-02-28T05:00:00.000Z","year":2006,"description":"New 2 Sty Sf Resd W/Garage & Porch. Elec Srv Only. Eud.","metadescription":"EP. Remodel. New 2 Sty Sf Resd W/Garage & Porch. Elec Srv Only. Eud.. Final. 15509 SPILLMAN RANCH LOOP","address":"15509 SPILLMAN RANCH LOOP","link":"https://abc.austintexas.gov/web/permit/public-search-other?t_detail=1&t_selected_folderrsn=4375559","tcad_id":"0125760114","location":"    (30.32177233, -97.97802093)","day_issued":"TUESDAY","project_id":"4375559","status_date":"03/05/2007","jurisdiction":"BEE CAVE FULL PURPOSE","contractor_zip":"78683-5069","contractor_city":"Round Rock","issuance_method":"Permit Center","contractor_phone":"5127592200","contractor_trade":"Electrical Contractor","permit_type_desc":"Electrical Permit","fiscal_year_issued":"2006","permit_class_mapped":"Residential","contractor_address_1":"P.O. Box 506","contractor_address_2":"PO  Box 5069","contractor_full_name":"Thomas Roland","issued_in_last_30_days":"No","property_legal_description":"LOT 3 BLK F SPILLMAN RANCH PHS 3 & 4"},"geometry":{"type":"Point","coordinates":[-97.97802093,30.32177233]}},{"type":"Feature","properties":{"date":"2006-02-28T05:00:00.000Z","year":2006,"description":"New 2 Sty Sf Resd W/Garage & Porch. Elec Srv Only. Eud","metadescription":"EP. Remodel. New 2 Sty Sf Resd W/Garage & Porch. Elec Srv Only. Eud. Final. 4717 SNAKE EAGLE CV","address":"4717 SNAKE EAGLE CV","link":"https://abc.austintexas.gov/web/permit/public-search-other?t_detail=1&t_selected_folderrsn=4375562","tcad_id":"0123730334","location":"    (30.31701614, -97.97571832)","day_issued":"TUESDAY","project_id":"4375562","status_date":"03/05/2007","jurisdiction":"BEE CAVE FULL PURPOSE","contractor_zip":"78683-5069","contractor_city":"Round Rock","issuance_method":"Permit Center","contractor_phone":"5127592200","contractor_trade":"Electrical Contractor","permit_type_desc":"Electrical Permit","fiscal_year_issued":"2006","permit_class_mapped":"Residential","contractor_address_1":"P.O. Box 506","contractor_address_2":"PO  Box 5069","contractor_full_name":"Thomas Roland","issued_in_last_30_days":"No","property_legal_description":"LOT 61 BLK E SPILLMAN RANCH PHS 3 & 4"},"geometry":{"type":"Point","coordinates":[-97.97571832,30.31701614]}},{"type":"Feature","properties":{"date":"2006-02-27T05:00:00.000Z","year":2006,"description":"New 2stry Res W/Att Garage & Porch Elec Srv Only-Eud","metadescription":"EP. Remodel. New 2stry Res W/Att Garage & Porch Elec Srv Only-Eud. Final. 1919 SEA EAGLE VW","address":"1919 SEA EAGLE VW","link":"https://abc.austintexas.gov/web/permit/public-search-other?t_detail=1&t_selected_folderrsn=4375511","tcad_id":"0123550916","location":"    (30.31867717, -97.91677813)","day_issued":"MONDAY","project_id":"4375511","status_date":"03/05/2007","jurisdiction":"BEE CAVE ETJ","contractor_zip":"78654-____","contractor_city":"SPICEWOOD","issuance_method":"Permit Center","contractor_phone":"5122631214","contractor_trade":"Electrical Contractor","permit_type_desc":"Electrical Permit","fiscal_year_issued":"2006","permit_class_mapped":"Residential","contractor_address_1":"PO BOX 449","contractor_full_name":"Jackie D Oliver","issued_in_last_30_days":"No","property_legal_description":"LOT 39 BLK A LAKE POINTE SEC 7"},"geometry":{"type":"Point","coordinates":[-97.91677813,30.31867717]}},{"type":"Feature","properties":{"date":"2006-02-22T05:00:00.000Z","year":2006,"description":"New 2stry Res W/Att Garage & Porch Elec Srv Only Eud","metadescription":"EP. Remodel. New 2stry Res W/Att Garage & Porch Elec Srv Only Eud. Final. 4100 SUGARLOAF DR","address":"4100 SUGARLOAF DR","link":"https://abc.austintexas.gov/web/permit/public-search-other?t_detail=1&t_selected_folderrsn=4375296","tcad_id":"0123700111","location":"    (30.31518311, -97.96668761)","day_issued":"WEDNESDAY","project_id":"4375296","status_date":"03/05/2007","jurisdiction":"BEE CAVE FULL PURPOSE","contractor_zip":"78691-____","contractor_city":"PFLUGERVILLE","issuance_method":"Permit Center","contractor_phone":"5128328900","contractor_trade":"Electrical Contractor","permit_type_desc":"Electrical Permit","fiscal_year_issued":"2006","permit_class_mapped":"Residential","contractor_address_1":"PO BOX 3289","contractor_full_name":"Bryan Neal","issued_in_last_30_days":"No","property_legal_description":"LOT 16 BLK E SPILLMAN RANCH PHS 1 SEC 2"},"geometry":{"type":"Point","coordinates":[-97.96668761,30.31518311]}},{"type":"Feature","properties":{"date":"2006-02-14T05:00:00.000Z","year":2006,"description":"New 2stry Sf Res. W/Att Garage-Porch Elec Srv Only-Eud","metadescription":"EP. Remodel. New 2stry Sf Res. W/Att Garage-Porch Elec Srv Only-Eud. Final. 4010 PEAK LOOKOUT DR","address":"4010 PEAK LOOKOUT DR","link":"https://abc.austintexas.gov/web/permit/public-search-other?t_detail=1&t_selected_folderrsn=4374868","tcad_id":"0127760115","location":"    (30.32633899, -97.97704396)","day_issued":"TUESDAY","project_id":"4374868","status_date":"03/05/2007","jurisdiction":"LAKEWAY ETJ","contractor_zip":"78734","contractor_city":"Lakeway","issuance_method":"Permit Center","contractor_phone":"5127480248","contractor_trade":"Electrical Contractor","permit_type_desc":"Electrical Permit","fiscal_year_issued":"2006","permit_class_mapped":"Residential","contractor_address_2":"2121  Lohman","contractor_full_name":"Daniel Hernandez","issued_in_last_30_days":"No","property_legal_description":"LOT 2B FLINT ROCK HILL SUBD RESUB OF LOT 2"},"geometry":{"type":"Point","coordinates":[-97.97704396,30.32633899]}},{"type":"Feature","properties":{"date":"2006-02-09T05:00:00.000Z","year":2006,"description":"New Sf Res W/Att Garage & Porch Elec Srv Only-Eud","metadescription":"EP. Remodel. New Sf Res W/Att Garage & Porch Elec Srv Only-Eud. Final. 11904 PRESERVE VISTA TER","address":"11904 PRESERVE VISTA TER","link":"https://abc.austintexas.gov/web/permit/public-search-other?t_detail=1&t_selected_folderrsn=4374654","tcad_id":"0125550418","location":"    (30.3201616, -97.9170326)","day_issued":"THURSDAY","project_id":"4374654","condominium":"No","status_date":"08/14/2007","jurisdiction":"BEE CAVE ETJ","housing_units":"0","contractor_zip":"78654-____","contractor_city":"SPICEWOOD","issuance_method":"Permit Center","contractor_phone":"5122631214","contractor_trade":"Electrical Contractor","number_of_floors":"0","permit_type_desc":"Electrical Permit","fiscal_year_issued":"2006","permit_class_mapped":"Residential","remodel_repair_sqft":"3,644","contractor_address_1":"PO BOX 449","contractor_full_name":"Jackie D Oliver","issued_in_last_30_days":"No","certificate_of_occupancy":"No","property_legal_description":"LOT 17 BLK B LAKE POINTE SEC 7","electrical_valuation_remodel":"$0.00"},"geometry":{"type":"Point","coordinates":[-97.9170326,30.3201616]}},{"type":"Feature","properties":{"date":"2006-02-09T05:00:00.000Z","year":2006,"description":"New 2stry Res W/Att Garage & Porch Elec Srv Only Eud","metadescription":"EP. Remodel. New 2stry Res W/Att Garage & Porch Elec Srv Only Eud. Final. 15317 SPILLMAN RANCH LOOP","address":"15317 SPILLMAN RANCH LOOP","link":"https://abc.austintexas.gov/web/permit/public-search-other?t_detail=1&t_selected_folderrsn=4374709","tcad_id":"0123760105","location":"    (30.31984085, -97.97932342)","day_issued":"THURSDAY","project_id":"4374709","condominium":"No","status_date":"03/05/2007","jurisdiction":"BEE CAVE FULL PURPOSE","contractor_zip":"78683-5069","contractor_city":"Round Rock","issuance_method":"Permit Center","contractor_phone":"5127592200","contractor_trade":"Electrical Contractor","number_of_floors":"2","permit_type_desc":"Electrical Permit","fiscal_year_issued":"2006","permit_class_mapped":"Residential","contractor_address_1":"P.O. Box 506","contractor_address_2":"PO  Box 5069","contractor_full_name":"Thomas Roland","issued_in_last_30_days":"No","certificate_of_occupancy":"No","property_legal_description":"LOT 13 BLK N SPILLMAN RANCH PHS 3 & 4"},"geometry":{"type":"Point","coordinates":[-97.97932342,30.31984085]}},{"type":"Feature","properties":{"date":"2006-02-07T05:00:00.000Z","year":2006,"description":"New 2 Sty Sf Resd/Garage & Porch. Elec Srv Only. Eud.","metadescription":"EP. Remodel. New 2 Sty Sf Resd/Garage & Porch. Elec Srv Only. Eud.. Final. 14408 HERON BAY CV","address":"14408 HERON BAY CV","link":"https://abc.austintexas.gov/web/permit/public-search-other?t_detail=1&t_selected_folderrsn=4374493","tcad_id":"0121700406","location":"    (30.31339792, -97.96667117)","day_issued":"TUESDAY","project_id":"4374493","status_date":"03/05/2007","jurisdiction":"BEE CAVE FULL PURPOSE","contractor_zip":"78691-____","contractor_city":"PFLUGERVILLE","issuance_method":"Permit Center","contractor_phone":"5128328900","contractor_trade":"Electrical Contractor","permit_type_desc":"Electrical Permit","fiscal_year_issued":"2006","permit_class_mapped":"Residential","contractor_address_1":"PO BOX 3289","contractor_full_name":"Bryan Neal","issued_in_last_30_days":"No","property_legal_description":"LOT 10 BLK E SPILLMAN RANCH PHS 1 SEC 2"},"geometry":{"type":"Point","coordinates":[-97.96667117,30.31339792]}},{"type":"Feature","properties":{"date":"2006-01-27T05:00:00.000Z","year":2006,"description":"New 2stry Resid W/Att Garage-Porch Elec Srv Eud","metadescription":"EP. Remodel. New 2stry Resid W/Att Garage-Porch Elec Srv Eud. Final. 11901 SEA EAGLE VIEW CV","address":"11901 SEA EAGLE VIEW CV","link":"https://abc.austintexas.gov/web/permit/public-search-other?t_detail=1&t_selected_folderrsn=4373964","tcad_id":"0123550913","location":"    (30.31827192, -97.91774881)","day_issued":"FRIDAY","project_id":"4373964","status_date":"03/19/2007","jurisdiction":"BEE CAVE ETJ","contractor_zip":"78669","contractor_city":"Spicewood","issuance_method":"Permit Center","contractor_phone":"5122640960","contractor_trade":"Electrical Contractor","permit_type_desc":"Electrical Permit","fiscal_year_issued":"2006","permit_class_mapped":"Residential","contractor_address_2":"1784  Bee Cr","contractor_full_name":"William Lewis","issued_in_last_30_days":"No","property_legal_description":"LOT 36 BLK A LAKE POINTE SEC 7"},"geometry":{"type":"Point","coordinates":[-97.91774881,30.31827192]}},{"type":"Feature","properties":{"date":"2006-01-26T05:00:00.000Z","year":2006,"description":"New 2stry Res W/Att Garage & Porch Elec Srv Only-Eud","metadescription":"EP. Remodel. New 2stry Res W/Att Garage & Porch Elec Srv Only-Eud. Final. 4312 MYRTLE BEACH DR","address":"4312 MYRTLE BEACH DR","link":"https://abc.austintexas.gov/web/permit/public-search-other?t_detail=1&t_selected_folderrsn=4373923","tcad_id":"0123700106","location":"    (30.31741721, -97.9671844)","day_issued":"THURSDAY","project_id":"4373923","condominium":"No","status_date":"03/05/2007","jurisdiction":"BEE CAVE FULL PURPOSE","contractor_zip":"78691-____","contractor_city":"PFLUGERVILLE","issuance_method":"Permit Center","contractor_phone":"5128328900","contractor_trade":"Electrical Contractor","permit_type_desc":"Electrical Permit","fiscal_year_issued":"2006","permit_class_mapped":"Residential","contractor_address_1":"PO BOX 3289","contractor_full_name":"Bryan Neal","issued_in_last_30_days":"No","certificate_of_occupancy":"No","property_legal_description":"LOT 21 BLK E SPILLMAN RANCH PHS 1 SEC 2"},"geometry":{"type":"Point","coordinates":[-97.9671844,30.31741721]}},{"type":"Feature","properties":{"date":"2006-01-25T05:00:00.000Z","year":2006,"description":"New 2 Stry Resid W/Att Garage-Porch Elec Srv Eud","metadescription":"EP. Remodel. New 2 Stry Resid W/Att Garage-Porch Elec Srv Eud. Final. 11905 SEA EAGLE VIEW CV","address":"11905 SEA EAGLE VIEW CV","link":"https://abc.austintexas.gov/web/permit/public-search-other?t_detail=1&t_selected_folderrsn=4373875","tcad_id":"0123550912","location":"    (30.31866652, -97.91781818)","day_issued":"WEDNESDAY","project_id":"4373875","status_date":"03/19/2007","jurisdiction":"BEE CAVE ETJ","contractor_zip":"78669","contractor_city":"Spicewood","issuance_method":"Permit Center","contractor_phone":"5122640960","contractor_trade":"Electrical Contractor","permit_type_desc":"Electrical Permit","fiscal_year_issued":"2006","permit_class_mapped":"Residential","contractor_address_2":"1784  Bee Cr","contractor_full_name":"William Lewis","issued_in_last_30_days":"No","property_legal_description":"LOT 35 BLK A LAKE POINTE SEC 7"},"geometry":{"type":"Point","coordinates":[-97.91781818,30.31866652]}},{"type":"Feature","properties":{"date":"2006-01-12T05:00:00.000Z","year":2006,"description":"New 1 Stry Sf Res. W/Att Garage-Porch Only-Eud","metadescription":"EP. Remodel. New 1 Stry Sf Res. W/Att Garage-Porch Only-Eud. Final. 14416 HERON BAY CV","address":"14416 HERON BAY CV","link":"https://abc.austintexas.gov/web/permit/public-search-other?t_detail=1&t_selected_folderrsn=4373248","tcad_id":"0121700408","location":"    (30.31283724, -97.96698922)","day_issued":"THURSDAY","project_id":"4373248","status_date":"03/05/2007","jurisdiction":"BEE CAVE FULL PURPOSE","contractor_zip":"78742","contractor_city":"Austin","issuance_method":"Permit Center","contractor_phone":"5123858831","contractor_trade":"Electrical Contractor","permit_type_desc":"Electrical Permit","fiscal_year_issued":"2006","permit_class_mapped":"Residential","contractor_address_1":"414 THOMPSON","contractor_address_2":"AUSTIN TX  7","contractor_full_name":"Fred Hoskins","issued_in_last_30_days":"No","property_legal_description":"LOT 8 BLK E SPILLMAN RANCH PHS 1 SEC 2"},"geometry":{"type":"Point","coordinates":[-97.96698922,30.31283724]}},{"type":"Feature","properties":{"date":"2005-12-20T05:00:00.000Z","year":2005,"description":"New 2stry Res W/Att Garage & Porch Elec Srv Only-Eud","metadescription":"EP. Remodel. New 2stry Res W/Att Garage & Porch Elec Srv Only-Eud. Final. 16324 SPILLMAN RANCH LOOP","address":"16324 SPILLMAN RANCH LOOP","link":"https://abc.austintexas.gov/web/permit/public-search-other?t_detail=1&t_selected_folderrsn=4372479","tcad_id":"0123730207","location":"    (30.31683496, -97.97065712)","day_issued":"TUESDAY","project_id":"4372479","status_date":"03/05/2007","jurisdiction":"BEE CAVE FULL PURPOSE","contractor_zip":"78683-5069","contractor_city":"Round Rock","issuance_method":"Permit Center","contractor_phone":"5127592200","contractor_trade":"Electrical Contractor","permit_type_desc":"Electrical Permit","fiscal_year_issued":"2006","permit_class_mapped":"Residential","contractor_address_1":"P.O. Box 506","contractor_address_2":"PO  Box 5069","contractor_full_name":"Thomas Roland","issued_in_last_30_days":"No","property_legal_description":"LOT 33 BLK J SPILLMAN RANCH PHS 1 SEC 3"},"geometry":{"type":"Point","coordinates":[-97.97065712,30.31683496]}},{"type":"Feature","properties":{"date":"2005-12-01T05:00:00.000Z","year":2005,"description":"New 2stry Res W/Att Garage & Porch Elec Srv Only-Eud","metadescription":"EP. Remodel. New 2stry Res W/Att Garage & Porch Elec Srv Only-Eud. Final. 11805 PLEASANT PANORAMA VW","address":"11805 PLEASANT PANORAMA VW","link":"https://abc.austintexas.gov/web/permit/public-search-other?t_detail=1&t_selected_folderrsn=4371701","tcad_id":"0125550505","location":"    (30.32058178, -97.91612493)","day_issued":"THURSDAY","project_id":"4371701","status_date":"03/05/2007","jurisdiction":"BEE CAVE ETJ","contractor_zip":"78654-____","contractor_city":"SPICEWOOD","issuance_method":"Permit Center","contractor_phone":"5122631214","contractor_trade":"Electrical Contractor","permit_type_desc":"Electrical Permit","fiscal_year_issued":"2006","permit_class_mapped":"Residential","contractor_address_1":"PO BOX 449","contractor_full_name":"Jackie D Oliver","issued_in_last_30_days":"No","property_legal_description":"LOT 47 BLK A LAKE POINTE SEC 7"},"geometry":{"type":"Point","coordinates":[-97.91612493,30.32058178]}},{"type":"Feature","properties":{"date":"2005-11-30T05:00:00.000Z","year":2005,"description":"New 2stry Sf Res. W/Att Garage-Porch Elec Srv Only-Eud","metadescription":"EP. Remodel. New 2stry Sf Res. W/Att Garage-Porch Elec Srv Only-Eud. Final. 11801 PLEASANT PANORAMA VW","address":"11801 PLEASANT PANORAMA VW","link":"https://abc.austintexas.gov/web/permit/public-search-other?t_detail=1&t_selected_folderrsn=4371646","tcad_id":"0125550506","location":"    (30.32055172, -97.91584355)","day_issued":"WEDNESDAY","project_id":"4371646","status_date":"03/05/2007","jurisdiction":"BEE CAVE ETJ","contractor_zip":"78669","contractor_city":"Spicewood","issuance_method":"Permit Center","contractor_phone":"5122640960","contractor_trade":"Electrical Contractor","permit_type_desc":"Electrical Permit","fiscal_year_issued":"2006","permit_class_mapped":"Residential","contractor_address_2":"1784  Bee Cr","contractor_full_name":"William Lewis","issued_in_last_30_days":"No","property_legal_description":"LOT 48 BLK A LAKE POINTE SEC 7"},"geometry":{"type":"Point","coordinates":[-97.91584355,30.32055172]}},{"type":"Feature","properties":{"date":"2005-11-29T05:00:00.000Z","year":2005,"description":"New 2 Sty Sf Resd W/Garage & Porch. Elec Srv Only. Eud.","metadescription":"EP. Remodel. New 2 Sty Sf Resd W/Garage & Porch. Elec Srv Only. Eud.. Final. 14404 HERON BAY CV","address":"14404 HERON BAY CV","link":"https://abc.austintexas.gov/web/permit/public-search-other?t_detail=1&t_selected_folderrsn=4371529","tcad_id":"0121700405","location":"    (30.31363626, -97.96647196)","day_issued":"TUESDAY","project_id":"4371529","status_date":"03/05/2007","jurisdiction":"BEE CAVE FULL PURPOSE","contractor_zip":"78691-____","contractor_city":"PFLUGERVILLE","issuance_method":"Permit Center","contractor_phone":"5128328900","contractor_trade":"Electrical Contractor","permit_type_desc":"Electrical Permit","fiscal_year_issued":"2006","permit_class_mapped":"Residential","contractor_address_1":"PO BOX 3289","contractor_full_name":"Bryan Neal","issued_in_last_30_days":"No","property_legal_description":"LOT 11 BLK E SPILLMAN RANCH PHS 1 SEC 2"},"geometry":{"type":"Point","coordinates":[-97.96647196,30.31363626]}},{"type":"Feature","properties":{"date":"2005-11-28T05:00:00.000Z","year":2005,"description":"New Sf Res W/Att Garage & Porch Elec Srv Eud Only","metadescription":"EP. Remodel. New Sf Res W/Att Garage & Porch Elec Srv Eud Only. Final. 15513 SPILLMAN RANCH LOOP","address":"15513 SPILLMAN RANCH LOOP","link":"https://abc.austintexas.gov/web/permit/public-search-other?t_detail=1&t_selected_folderrsn=4371501","tcad_id":"0125760113","location":"    (30.32195963, -97.97788638)","day_issued":"MONDAY","project_id":"4371501","status_date":"03/05/2007","jurisdiction":"BEE CAVE FULL PURPOSE","contractor_zip":"78683-5069","contractor_city":"Round Rock","issuance_method":"Permit Center","contractor_phone":"5127592200","contractor_trade":"Electrical Contractor","permit_type_desc":"Electrical Permit","fiscal_year_issued":"2006","permit_class_mapped":"Residential","contractor_address_1":"P.O. Box 506","contractor_address_2":"PO  Box 5069","contractor_full_name":"Thomas Roland","issued_in_last_30_days":"No","property_legal_description":"LOT 4 BLK F SPILLMAN RANCH PHS 3 & 4"},"geometry":{"type":"Point","coordinates":[-97.97788638,30.32195963]}},{"type":"Feature","properties":{"date":"2005-11-28T05:00:00.000Z","year":2005,"description":"New 2stry Res W/Att Garage & Porch Elec Srv Eud Only","metadescription":"EP. Remodel. New 2stry Res W/Att Garage & Porch Elec Srv Eud Only. Final. 4721 SNAKE EAGLE CV","address":"4721 SNAKE EAGLE CV","link":"https://abc.austintexas.gov/web/permit/public-search-other?t_detail=1&t_selected_folderrsn=4371502","tcad_id":"0123730333","location":"    (30.3167967, -97.97560005)","day_issued":"MONDAY","project_id":"4371502","status_date":"03/05/2007","jurisdiction":"BEE CAVE FULL PURPOSE","contractor_zip":"78683-5069","contractor_city":"Round Rock","issuance_method":"Permit Center","contractor_phone":"5127592200","contractor_trade":"Electrical Contractor","permit_type_desc":"Electrical Permit","fiscal_year_issued":"2006","permit_class_mapped":"Residential","contractor_address_1":"P.O. Box 506","contractor_address_2":"PO  Box 5069","contractor_full_name":"Thomas Roland","issued_in_last_30_days":"No","property_legal_description":"LOT 62 BLK E SPILLMAN RANCH PHS 3 & 4"},"geometry":{"type":"Point","coordinates":[-97.97560005,30.3167967]}},{"type":"Feature","properties":{"date":"2005-11-22T05:00:00.000Z","year":2005,"description":"New 2 Stry Resid W/Att Garage-Porch Elec Srv Eud","metadescription":"EP. Remodel. New 2 Stry Resid W/Att Garage-Porch Elec Srv Eud. Final. 4212 MYRTLE BEACH DR","address":"4212 MYRTLE BEACH DR","link":"https://abc.austintexas.gov/web/permit/public-search-other?t_detail=1&t_selected_folderrsn=4371390","tcad_id":"0123700101","location":"    (30.31873742, -97.96778604)","day_issued":"TUESDAY","project_id":"4371390","status_date":"03/19/2007","jurisdiction":"BEE CAVE FULL PURPOSE","contractor_zip":"78654-____","contractor_city":"SPICEWOOD","issuance_method":"Permit Center","contractor_phone":"5122631214","contractor_trade":"Electrical Contractor","permit_type_desc":"Electrical Permit","fiscal_year_issued":"2006","permit_class_mapped":"Residential","contractor_address_1":"PO BOX 449","contractor_full_name":"Jackie D Oliver","issued_in_last_30_days":"No","property_legal_description":"LOT 26 BLK E SPILLMAN RANCH PHS 1 SEC 2"},"geometry":{"type":"Point","coordinates":[-97.96778604,30.31873742]}},{"type":"Feature","properties":{"date":"2005-11-10T05:00:00.000Z","year":2005,"description":"New 2stry Res W/Att Garage & Porch Elec Srv Eud Only","metadescription":"EP. Remodel. New 2stry Res W/Att Garage & Porch Elec Srv Eud Only. Final. 14405 HERON BAY CV","address":"14405 HERON BAY CV","link":"https://abc.austintexas.gov/web/permit/public-search-other?t_detail=1&t_selected_folderrsn=4370944","tcad_id":"0121700414","location":"    (30.3132769, -97.96607503)","day_issued":"THURSDAY","project_id":"4370944","status_date":"03/05/2007","jurisdiction":"BEE CAVE FULL PURPOSE","contractor_zip":"78634-____","contractor_city":"HUTTO","issuance_method":"Permit Center","contractor_phone":"5123825753","contractor_trade":"Electrical Contractor","permit_type_desc":"Electrical Permit","fiscal_year_issued":"2006","permit_class_mapped":"Residential","contractor_address_2":"629  W FRONT","contractor_full_name":"Calvin Lockhart","issued_in_last_30_days":"No","property_legal_description":"LOT 2 BLK E SPILLMAN RANCH PHS 1 SEC 2 AMENDED PLAT OF LTS 33 & 34 BLK C & LTS 12&3 BLK E"},"geometry":{"type":"Point","coordinates":[-97.96607503,30.3132769]}},{"type":"Feature","properties":{"date":"2005-10-12T04:00:00.000Z","year":2005,"description":"New 2stry Resid W/Att Garage Porch Elec Srv Eud","metadescription":"EP. Remodel. New 2stry Resid W/Att Garage Porch Elec Srv Eud. Final. 11800 PLEASANT PANORAMA VW","address":"11800 PLEASANT PANORAMA VW","link":"https://abc.austintexas.gov/web/permit/public-search-other?t_detail=1&t_selected_folderrsn=4369450","tcad_id":"0125530204","location":"    (30.32089145, -97.91562897)","day_issued":"WEDNESDAY","project_id":"4369450","status_date":"03/05/2007","jurisdiction":"BEE CAVE ETJ","contractor_zip":"78669","contractor_city":"Spicewood","issuance_method":"Permit Center","contractor_phone":"5122640960","contractor_trade":"Electrical Contractor","permit_type_desc":"Electrical Permit","fiscal_year_issued":"2006","permit_class_mapped":"Residential","contractor_address_2":"1784  Bee Cr","contractor_full_name":"William Lewis","issued_in_last_30_days":"No","property_legal_description":"LOT 1 BLK A LAKE POINTE SEC 7"},"geometry":{"type":"Point","coordinates":[-97.91562897,30.32089145]}},{"type":"Feature","properties":{"date":"2005-09-22T04:00:00.000Z","year":2005,"description":"New 2stry Res W/Att Garage & Porch Elec Srv Eud Only","metadescription":"EP. Remodel. New 2stry Res W/Att Garage & Porch Elec Srv Eud Only. Final. 15713 SPILLMAN RANCH LOOP","address":"15713 SPILLMAN RANCH LOOP","link":"https://abc.austintexas.gov/web/permit/public-search-other?t_detail=1&t_selected_folderrsn=4368519","tcad_id":"0125730127","location":"    (30.32394193, -97.9765065)","day_issued":"THURSDAY","project_id":"4368519","status_date":"03/05/2007","jurisdiction":"BEE CAVE FULL PURPOSE","contractor_zip":"78683-5069","contractor_city":"Round Rock","issuance_method":"Permit Center","contractor_phone":"5127592200","contractor_trade":"Electrical Contractor","permit_type_desc":"Electrical Permit","fiscal_year_issued":"2005","permit_class_mapped":"Residential","contractor_address_1":"P.O. Box 506","contractor_address_2":"PO  Box 5069","contractor_full_name":"Thomas Roland","issued_in_last_30_days":"No","property_legal_description":"LOT 14 BLK F SPILLMAN RANCH PHS 3 & 4"},"geometry":{"type":"Point","coordinates":[-97.9765065,30.32394193]}},{"type":"Feature","properties":{"date":"2005-08-26T04:00:00.000Z","year":2005,"description":"New 2stry Res W/Att Garage & Porch Elec Srv Eud Only","metadescription":"EP. New 2stry Res W/Att Garage & Porch Elec Srv Eud Only. Final. 4313 BAT FALCON DR","address":"4313 BAT FALCON DR","link":"https://abc.austintexas.gov/web/permit/public-search-other?t_detail=1&t_selected_folderrsn=4402915","tcad_id":"0125760205","location":"    (30.32162126, -97.97653465)","day_issued":"FRIDAY","project_id":"4402915","status_date":"03/02/2007","jurisdiction":"BEE CAVE FULL PURPOSE","contractor_zip":"78683-5069","contractor_city":"Round Rock","issuance_method":"Permit Center","contractor_phone":"5127592200","contractor_trade":"Electrical Contractor","permit_type_desc":"Electrical Permit","fiscal_year_issued":"2005","permit_class_mapped":"Residential","contractor_address_1":"P.O. Box 506","contractor_address_2":"PO  Box 5069","contractor_full_name":"Thomas Roland","issued_in_last_30_days":"No","property_legal_description":"LOT 16 BLK K SPILLMAN RANCH PHS 3 & 4"},"geometry":{"type":"Point","coordinates":[-97.97653465,30.32162126]}},{"type":"Feature","properties":{"date":"2005-08-15T04:00:00.000Z","year":2005,"description":"New 2stry Res W/Att Garage & Porch Elec Srv Eud Only","metadescription":"EP. Remodel. New 2stry Res W/Att Garage & Porch Elec Srv Eud Only. Final. 4713 SNAKE EAGLE CV","address":"4713 SNAKE EAGLE CV","link":"https://abc.austintexas.gov/web/permit/public-search-other?t_detail=1&t_selected_folderrsn=4366633","tcad_id":"0123730335","location":"    (30.31719177, -97.97584717)","day_issued":"MONDAY","project_id":"4366633","status_date":"03/05/2007","jurisdiction":"BEE CAVE FULL PURPOSE","contractor_zip":"78683-5069","contractor_city":"Round Rock","issuance_method":"Permit Center","contractor_phone":"5127592200","contractor_trade":"Electrical Contractor","permit_type_desc":"Electrical Permit","fiscal_year_issued":"2005","permit_class_mapped":"Residential","contractor_address_1":"P.O. Box 506","contractor_address_2":"PO  Box 5069","contractor_full_name":"Thomas Roland","issued_in_last_30_days":"No","property_legal_description":"LOT 60 BLK E SPILLMAN RANCH PHS 3 & 4"},"geometry":{"type":"Point","coordinates":[-97.97584717,30.31719177]}},{"type":"Feature","properties":{"date":"2005-08-11T04:00:00.000Z","year":2005,"description":"New Sf Res W/Att Garage & Porch Elec Srv Eud Only","metadescription":"EP. Remodel. New Sf Res W/Att Garage & Porch Elec Srv Eud Only. Final. 11211 GRAZING DEER TRL","address":"11211 GRAZING DEER TRL","link":"https://abc.austintexas.gov/web/permit/public-search-other?t_detail=1&t_selected_folderrsn=4366518","tcad_id":"0110570214","location":"    (30.29372904, -97.92097767)","day_issued":"THURSDAY","project_id":"4366518","status_date":"03/05/2007","jurisdiction":"BEE CAVE ETJ","contractor_zip":"78634-____","contractor_city":"HUTTO","issuance_method":"Permit Center","contractor_phone":"5123825753","contractor_trade":"Electrical Contractor","permit_type_desc":"Electrical Permit","fiscal_year_issued":"2005","permit_class_mapped":"Residential","contractor_address_2":"629  W FRONT","contractor_full_name":"Calvin Lockhart","issued_in_last_30_days":"No","property_legal_description":"LOT 1 BLK B PRESERVE AT BARTON CREEK THE"},"geometry":{"type":"Point","coordinates":[-97.92097767,30.29372904]}},{"type":"Feature","properties":{"date":"2005-08-10T04:00:00.000Z","year":2005,"description":"New Sf Resid W/Att Garage-Porch Elec Srv Eud","metadescription":"EP. Remodel. New Sf Resid W/Att Garage-Porch Elec Srv Eud. Final. 15421 SPILLMAN RANCH LOOP","address":"15421 SPILLMAN RANCH LOOP","link":"https://abc.austintexas.gov/web/permit/public-search-other?t_detail=1&t_selected_folderrsn=4366468","tcad_id":"0125760617","location":"    (30.32101187, -97.97854354)","day_issued":"WEDNESDAY","project_id":"4366468","status_date":"03/19/2007","jurisdiction":"BEE CAVE FULL PURPOSE","contractor_zip":"78683-5069","contractor_city":"Round Rock","issuance_method":"Permit Center","contractor_phone":"5127592200","contractor_trade":"Electrical Contractor","permit_type_desc":"Electrical Permit","fiscal_year_issued":"2005","permit_class_mapped":"Residential","contractor_address_1":"P.O. Box 506","contractor_address_2":"PO  Box 5069","contractor_full_name":"Thomas Roland","issued_in_last_30_days":"No","property_legal_description":"LOT 19 BLK N SPILLMAN RANCH PHS 3 & 4"},"geometry":{"type":"Point","coordinates":[-97.97854354,30.32101187]}},{"type":"Feature","properties":{"date":"2005-08-04T04:00:00.000Z","year":2005,"description":"New 2stry Res W/Att Garage & Porch Elec Srv Eud Only","metadescription":"EP. Remodel. New 2stry Res W/Att Garage & Porch Elec Srv Eud Only. Final. 15604 SPILLMAN RANCH LOOP","address":"15604 SPILLMAN RANCH LOOP","link":"https://abc.austintexas.gov/web/permit/public-search-other?t_detail=1&t_selected_folderrsn=4366200","tcad_id":"0125760209","location":"    (30.32246038, -97.97685019)","day_issued":"THURSDAY","project_id":"4366200","status_date":"03/05/2007","jurisdiction":"BEE CAVE FULL PURPOSE","contractor_zip":"78683-5069","contractor_city":"Round Rock","issuance_method":"Permit Center","contractor_phone":"5127592200","contractor_trade":"Electrical Contractor","permit_type_desc":"Electrical Permit","fiscal_year_issued":"2005","permit_class_mapped":"Residential","contractor_address_1":"P.O. Box 506","contractor_address_2":"PO  Box 5069","contractor_full_name":"Thomas Roland","issued_in_last_30_days":"No","property_legal_description":"LOT 20 BLK K SPILLMAN RANCH PHS 3 & 4"},"geometry":{"type":"Point","coordinates":[-97.97685019,30.32246038]}},{"type":"Feature","properties":{"date":"2005-08-04T04:00:00.000Z","year":2005,"description":"New 2stry Res W/Att Garage & Porch Elec Srv Eud Only","metadescription":"EP. Remodel. New 2stry Res W/Att Garage & Porch Elec Srv Eud Only. Final. 15305 BAT HAWK CIR","address":"15305 BAT HAWK CIR","link":"https://abc.austintexas.gov/web/permit/public-search-other?t_detail=1&t_selected_folderrsn=4366164","tcad_id":"0123760206","location":"    (30.31967064, -97.97814197)","day_issued":"THURSDAY","project_id":"4366164","status_date":"03/05/2007","jurisdiction":"BEE CAVE FULL PURPOSE","contractor_zip":"78683-5069","contractor_city":"Round Rock","issuance_method":"Permit Center","contractor_phone":"5127592200","contractor_trade":"Electrical Contractor","permit_type_desc":"Electrical Permit","fiscal_year_issued":"2005","permit_class_mapped":"Residential","contractor_address_1":"P.O. Box 506","contractor_address_2":"PO  Box 5069","contractor_full_name":"Thomas Roland","issued_in_last_30_days":"No","property_legal_description":"LOT 11 BLK L SPILLMAN RANCH PHS 3 & 4"},"geometry":{"type":"Point","coordinates":[-97.97814197,30.31967064]}},{"type":"Feature","properties":{"date":"2005-08-04T04:00:00.000Z","year":2005,"description":"New 2stry Res W/Att Garage & Porch Elec Srv Eud Only","metadescription":"EP. Remodel. New 2stry Res W/Att Garage & Porch Elec Srv Eud Only. Final. 4408 BAT FALCON DR","address":"4408 BAT FALCON DR","link":"https://abc.austintexas.gov/web/permit/public-search-other?t_detail=1&t_selected_folderrsn=4366202","tcad_id":"0125760310","location":"    (30.32073382, -97.97718084)","day_issued":"THURSDAY","project_id":"4366202","status_date":"03/05/2007","jurisdiction":"BEE CAVE FULL PURPOSE","contractor_zip":"78683-5069","contractor_city":"Round Rock","issuance_method":"Permit Center","contractor_phone":"5127592200","contractor_trade":"Electrical Contractor","permit_type_desc":"Electrical Permit","fiscal_year_issued":"2005","permit_class_mapped":"Residential","contractor_address_1":"P.O. Box 506","contractor_address_2":"PO  Box 5069","contractor_full_name":"Thomas Roland","issued_in_last_30_days":"No","property_legal_description":"LOT 5 BLK L SPILLMAN RANCH PHS 3 & 4"},"geometry":{"type":"Point","coordinates":[-97.97718084,30.32073382]}},{"type":"Feature","properties":{"date":"2005-08-04T04:00:00.000Z","year":2005,"description":"New Sf Res W/Att Garage & Porch Elec Srv Eud Only","metadescription":"EP. Remodel. New Sf Res W/Att Garage & Porch Elec Srv Eud Only. Final. 15608 SPILLMAN RANCH LOOP","address":"15608 SPILLMAN RANCH LOOP","link":"https://abc.austintexas.gov/web/permit/public-search-other?t_detail=1&t_selected_folderrsn=4366197","tcad_id":"0125760210","location":"    (30.32266334, -97.97681988)","day_issued":"THURSDAY","project_id":"4366197","status_date":"03/05/2007","jurisdiction":"BEE CAVE FULL PURPOSE","contractor_zip":"78683-5069","contractor_city":"Round Rock","issuance_method":"Permit Center","contractor_phone":"5127592200","contractor_trade":"Electrical Contractor","permit_type_desc":"Electrical Permit","fiscal_year_issued":"2005","permit_class_mapped":"Residential","contractor_address_1":"P.O. Box 506","contractor_address_2":"PO  Box 5069","contractor_full_name":"Thomas Roland","issued_in_last_30_days":"No","property_legal_description":"LOT 21 BLK K SPILLMAN RANCH PHS 3 & 4"},"geometry":{"type":"Point","coordinates":[-97.97681988,30.32266334]}},{"type":"Feature","properties":{"date":"2005-08-03T04:00:00.000Z","year":2005,"description":"New 2stry Res W/Att Garage & Porch Elec Srv Eud Only","metadescription":"EP. Remodel. New 2stry Res W/Att Garage & Porch Elec Srv Eud Only. Final. 15617 SPILLMAN RANCH LOOP","address":"15617 SPILLMAN RANCH LOOP","link":"https://abc.austintexas.gov/web/permit/public-search-other?t_detail=1&t_selected_folderrsn=4366165","tcad_id":"0125760107","location":"    (30.32314484, -97.97728047)","day_issued":"WEDNESDAY","project_id":"4366165","status_date":"03/05/2007","jurisdiction":"BEE CAVE FULL PURPOSE","contractor_zip":"78683-5069","contractor_city":"Round Rock","issuance_method":"Permit Center","contractor_phone":"5127592200","contractor_trade":"Electrical Contractor","permit_type_desc":"Electrical Permit","fiscal_year_issued":"2005","permit_class_mapped":"Residential","contractor_address_1":"P.O. Box 506","contractor_address_2":"PO  Box 5069","contractor_full_name":"Thomas Roland","issued_in_last_30_days":"No","property_legal_description":"LOT 10 BLK F SPILLMAN RANCH PHS 3 & 4"},"geometry":{"type":"Point","coordinates":[-97.97728047,30.32314484]}},{"type":"Feature","properties":{"date":"2005-08-02T04:00:00.000Z","year":2005,"description":"New 2 Stry Resid W/Att Garage-Porch Elec Srv Eud","metadescription":"EP. Remodel. New 2 Stry Resid W/Att Garage-Porch Elec Srv Eud. Final. 11913 PRESERVE VISTA TER","address":"11913 PRESERVE VISTA TER","link":"https://abc.austintexas.gov/web/permit/public-search-other?t_detail=1&t_selected_folderrsn=4366041","tcad_id":"0125550603","location":"    (30.31978827, -97.91779961)","day_issued":"TUESDAY","project_id":"4366041","status_date":"03/19/2007","jurisdiction":"BEE CAVE ETJ","contractor_zip":"78656","contractor_city":"Maxwell","issuance_method":"Permit Center","contractor_phone":"5126568304","contractor_trade":"Electrical Contractor","permit_type_desc":"Electrical Permit","fiscal_year_issued":"2005","permit_class_mapped":"Residential","contractor_address_1":"2753 FM 1966","contractor_address_2":"MAXWELL TX","contractor_full_name":"Mario Aldana","issued_in_last_30_days":"No","property_legal_description":"LOT 6 BLK C LAKE POINTE SEC 7"},"geometry":{"type":"Point","coordinates":[-97.91779961,30.31978827]}},{"type":"Feature","properties":{"date":"2005-07-26T04:00:00.000Z","year":2005,"description":"New 2 Stry Resid W/Att Garage-Porch Elec Srv Eud","metadescription":"EP. Remodel. New 2 Stry Resid W/Att Garage-Porch Elec Srv Eud. Final. 11901 PRESERVE VISTA TER","address":"11901 PRESERVE VISTA TER","link":"https://abc.austintexas.gov/web/permit/public-search-other?t_detail=1&t_selected_folderrsn=4365757","tcad_id":"0125550606","location":"    (30.31970784, -97.91703446)","day_issued":"TUESDAY","project_id":"4365757","status_date":"03/19/2007","jurisdiction":"BEE CAVE ETJ","contractor_zip":"78749","contractor_city":"Austin","issuance_method":"Permit Center","contractor_phone":"5128449704","contractor_trade":"Electrical Contractor","permit_type_desc":"Electrical Permit","fiscal_year_issued":"2005","permit_class_mapped":"Residential","contractor_address_1":"8104 BOUNTY","contractor_address_2":"AUSTIN TX  7","contractor_full_name":"Larry Webb","issued_in_last_30_days":"No","property_legal_description":"LOT 9 BLK C LAKE POINTE SEC 7"},"geometry":{"type":"Point","coordinates":[-97.91703446,30.31970784]}},{"type":"Feature","properties":{"date":"2005-07-25T04:00:00.000Z","year":2005,"description":"New 2 Stry Resid W/Att Garage-Porch Elec Srv Eud","metadescription":"EP. Remodel. New 2 Stry Resid W/Att Garage-Porch Elec Srv Eud. Final. 1918 SEA EAGLE VW","address":"1918 SEA EAGLE VW","link":"https://abc.austintexas.gov/web/permit/public-search-other?t_detail=1&t_selected_folderrsn=4365710","tcad_id":"0123550803","location":"    (30.31911125, -97.91777535)","day_issued":"MONDAY","project_id":"4365710","status_date":"03/19/2007","jurisdiction":"BEE CAVE ETJ","contractor_zip":"78669","contractor_city":"Spicewood","issuance_method":"Permit Center","contractor_phone":"5122640960","contractor_trade":"Electrical Contractor","permit_type_desc":"Electrical Permit","fiscal_year_issued":"2005","permit_class_mapped":"Residential","contractor_address_2":"1784  Bee Cr","contractor_full_name":"William Lewis","issued_in_last_30_days":"No","property_legal_description":"LOT 12 BLK C LAKE POINTE SEC 7"},"geometry":{"type":"Point","coordinates":[-97.91777535,30.31911125]}},{"type":"Feature","properties":{"date":"2005-07-21T04:00:00.000Z","year":2005,"description":"New Sf Res W/Att Garage & Covd Porch Elec Srv Eud Only","metadescription":"EP. Remodel. New Sf Res W/Att Garage & Covd Porch Elec Srv Eud Only. Final. 4317 BAT FALCON DR","address":"4317 BAT FALCON DR","link":"https://abc.austintexas.gov/web/permit/public-search-other?t_detail=1&t_selected_folderrsn=4365579","tcad_id":"0125760204","location":"    (30.32137304, -97.97649633)","day_issued":"THURSDAY","project_id":"4365579","status_date":"03/05/2007","jurisdiction":"BEE CAVE FULL PURPOSE","contractor_zip":"78683-5069","contractor_city":"Round Rock","issuance_method":"Permit Center","contractor_phone":"5127592200","contractor_trade":"Electrical Contractor","permit_type_desc":"Electrical Permit","fiscal_year_issued":"2005","permit_class_mapped":"Residential","contractor_address_1":"P.O. Box 506","contractor_address_2":"PO  Box 5069","contractor_full_name":"Thomas Roland","issued_in_last_30_days":"No","property_legal_description":"LOT 15 BLK K SPILLMAN RANCH PHS 3 & 4"},"geometry":{"type":"Point","coordinates":[-97.97649633,30.32137304]}},{"type":"Feature","properties":{"date":"2005-06-27T04:00:00.000Z","year":2005,"description":"New 2 Sty Sf Resd W/Garage & Porch. Elec Srv Only. Eud.","metadescription":"EP. New 2 Sty Sf Resd W/Garage & Porch. Elec Srv Only. Eud.. Final. 4013 SUGARLOAF DR","address":"4013 SUGARLOAF DR","link":"https://abc.austintexas.gov/web/permit/public-search-other?t_detail=1&t_selected_folderrsn=4364340","tcad_id":"0123700114","location":"    (30.31564348, -97.9662991)","day_issued":"MONDAY","project_id":"4364340","status_date":"03/02/2007","jurisdiction":"BEE CAVE FULL PURPOSE","contractor_zip":"78641","contractor_city":"Leander","issuance_method":"Permit Center","contractor_phone":"5128440715","contractor_trade":"Electrical Contractor","permit_type_desc":"Electrical Permit","fiscal_year_issued":"2005","permit_class_mapped":"Residential","contractor_address_1":"1300 SPIVEY","contractor_address_2":"LEANDER TX","contractor_full_name":"Charles Scott Post","issued_in_last_30_days":"No","property_legal_description":"LOT 27 BLK C SPILLMAN RANCH PHS 1 SEC 2"},"geometry":{"type":"Point","coordinates":[-97.9662991,30.31564348]}},{"type":"Feature","properties":{"date":"2005-06-13T04:00:00.000Z","year":2005,"description":"New 2stry Res W/Att Garage & Porch Elec Srv Only Eud","metadescription":"EP. Remodel. New 2stry Res W/Att Garage & Porch Elec Srv Only Eud. Final. 15408 BAT HAWK CIR","address":"15408 BAT HAWK CIR","link":"https://abc.austintexas.gov/web/permit/public-search-other?t_detail=1&t_selected_folderrsn=4363575","tcad_id":"0123760308","location":"    (30.3198892, -97.97686543)","day_issued":"MONDAY","project_id":"4363575","status_date":"03/05/2007","jurisdiction":"BEE CAVE FULL PURPOSE","contractor_zip":"78683-5069","contractor_city":"Round Rock","issuance_method":"Permit Center","contractor_phone":"5127592200","contractor_trade":"Electrical Contractor","permit_type_desc":"Electrical Permit","fiscal_year_issued":"2005","permit_class_mapped":"Residential","contractor_address_1":"P.O. Box 506","contractor_address_2":"PO  Box 5069","contractor_full_name":"Thomas Roland","issued_in_last_30_days":"No","property_legal_description":"LOT 1 BLK M SPILLMAN RANCH PHS 3 & 4"},"geometry":{"type":"Point","coordinates":[-97.97686543,30.3198892]}},{"type":"Feature","properties":{"date":"2005-05-23T04:00:00.000Z","year":2005,"description":"New 2 Sty Sf Resd W/Garage Porch. Elec Srv Only. Eud.","metadescription":"EP. Remodel. New 2 Sty Sf Resd W/Garage Porch. Elec Srv Only. Eud.. Final. 15504 SPILLMAN RANCH LOOP","address":"15504 SPILLMAN RANCH LOOP","link":"https://abc.austintexas.gov/web/permit/public-search-other?t_detail=1&t_selected_folderrsn=4362655","tcad_id":"0125760303","location":"    (30.32103914, -97.97778204)","day_issued":"MONDAY","project_id":"4362655","status_date":"03/05/2007","jurisdiction":"BEE CAVE FULL PURPOSE","contractor_zip":"78683-5069","contractor_city":"Round Rock","issuance_method":"Permit Center","contractor_phone":"5127592200","contractor_trade":"Electrical Contractor","permit_type_desc":"Electrical Permit","fiscal_year_issued":"2005","permit_class_mapped":"Residential","contractor_address_1":"P.O. Box 506","contractor_address_2":"PO  Box 5069","contractor_full_name":"Thomas Roland","issued_in_last_30_days":"No","property_legal_description":"LOT 42 BLK L SPILLMAN RANCH PHS 3 & 4"},"geometry":{"type":"Point","coordinates":[-97.97778204,30.32103914]}},{"type":"Feature","properties":{"date":"2005-05-23T04:00:00.000Z","year":2005,"description":"New Sf Resid W/Att Garage Porch Elec Srv Eud","metadescription":"EP. Remodel. New Sf Resid W/Att Garage Porch Elec Srv Eud. Final. 15417 SPILLMAN RANCH LOOP","address":"15417 SPILLMAN RANCH LOOP","link":"https://abc.austintexas.gov/web/permit/public-search-other?t_detail=1&t_selected_folderrsn=4362658","tcad_id":"0125760618","location":"    (30.32086692, -97.97873728)","day_issued":"MONDAY","project_id":"4362658","status_date":"03/05/2007","jurisdiction":"BEE CAVE FULL PURPOSE","contractor_zip":"78683-5069","contractor_city":"Round Rock","issuance_method":"Permit Center","contractor_phone":"5127592200","contractor_trade":"Electrical Contractor","permit_type_desc":"Electrical Permit","fiscal_year_issued":"2005","permit_class_mapped":"Residential","contractor_address_1":"P.O. Box 506","contractor_address_2":"PO  Box 5069","contractor_full_name":"Thomas Roland","issued_in_last_30_days":"No","property_legal_description":"LOT 18 BLK N SPILLMAN RANCH PHS 3 & 4"},"geometry":{"type":"Point","coordinates":[-97.97873728,30.32086692]}},{"type":"Feature","properties":{"date":"2005-05-23T04:00:00.000Z","year":2005,"description":"New 2stry Res W/Att Garage & Porch Elec Srv Only Eud","metadescription":"EP. Repair. New 2stry Res W/Att Garage & Porch Elec Srv Only Eud. Final. 4300 BAT FALCON DR","address":"4300 BAT FALCON DR","link":"https://abc.austintexas.gov/web/permit/public-search-other?t_detail=1&t_selected_folderrsn=4362659","tcad_id":"0125760306","location":"    (30.32180896, -97.97717044)","day_issued":"MONDAY","project_id":"4362659","status_date":"03/02/2007","jurisdiction":"BEE CAVE FULL PURPOSE","contractor_zip":"78683-5069","contractor_city":"Round Rock","issuance_method":"Permit Center","contractor_phone":"5127592200","contractor_trade":"Electrical Contractor","permit_type_desc":"Electrical Permit","fiscal_year_issued":"2005","contractor_address_1":"P.O. Box 506","contractor_address_2":"PO  Box 5069","contractor_full_name":"Thomas Roland","issued_in_last_30_days":"No","property_legal_description":"LOT 1 BLK L SPILLMAN RANCH PHS 3 & 4"},"geometry":{"type":"Point","coordinates":[-97.97717044,30.32180896]}},{"type":"Feature","properties":{"date":"2005-05-23T04:00:00.000Z","year":2005,"description":"New 2 Stry Resid W/Att Garage-Porch Elec Srv Eud","metadescription":"EP. Remodel. New 2 Stry Resid W/Att Garage-Porch Elec Srv Eud. Final. 15508 SPILLMAN RANCH LOOP","address":"15508 SPILLMAN RANCH LOOP","link":"https://abc.austintexas.gov/web/permit/public-search-other?t_detail=1&t_selected_folderrsn=4362651","tcad_id":"0125760304","location":"    (30.32122047, -97.97762228)","day_issued":"MONDAY","project_id":"4362651","status_date":"03/19/2007","jurisdiction":"BEE CAVE FULL PURPOSE","contractor_zip":"78683-5069","contractor_city":"Round Rock","issuance_method":"Permit Center","contractor_phone":"5127592200","contractor_trade":"Electrical Contractor","permit_type_desc":"Electrical Permit","fiscal_year_issued":"2005","permit_class_mapped":"Residential","contractor_address_1":"P.O. Box 506","contractor_address_2":"PO  Box 5069","contractor_full_name":"Thomas Roland","issued_in_last_30_days":"No","property_legal_description":"LOT 43 BLK L SPILLMAN RANCH PHS 3 & 4"},"geometry":{"type":"Point","coordinates":[-97.97762228,30.32122047]}},{"type":"Feature","properties":{"date":"2005-05-23T04:00:00.000Z","year":2005,"description":"New 2stry Resid W/Att Garage Porch Elec Srv Eud","metadescription":"EP. Remodel. New 2stry Resid W/Att Garage Porch Elec Srv Eud. Final. 15409 BAT HAWK CIR","address":"15409 BAT HAWK CIR","link":"https://abc.austintexas.gov/web/permit/public-search-other?t_detail=1&t_selected_folderrsn=4362657","tcad_id":"0123760202","location":"    (30.32038404, -97.9773035)","day_issued":"MONDAY","project_id":"4362657","status_date":"03/05/2007","jurisdiction":"BEE CAVE FULL PURPOSE","contractor_zip":"78683-5069","contractor_city":"Round Rock","issuance_method":"Permit Center","contractor_phone":"5127592200","contractor_trade":"Electrical Contractor","permit_type_desc":"Electrical Permit","fiscal_year_issued":"2005","permit_class_mapped":"Residential","contractor_address_1":"P.O. Box 506","contractor_address_2":"PO  Box 5069","contractor_full_name":"Thomas Roland","issued_in_last_30_days":"No","property_legal_description":"LOT 7 BLK L SPILLMAN RANCH PHS 3 & 4"},"geometry":{"type":"Point","coordinates":[-97.9773035,30.32038404]}},{"type":"Feature","properties":{"date":"2005-05-18T04:00:00.000Z","year":2005,"description":"New 2stry Res W/Att Garage & Porch Elec Srv Only Eud","metadescription":"EP. Remodel. New 2stry Res W/Att Garage & Porch Elec Srv Only Eud. Final. 11205 GRAZING DEER TRL","address":"11205 GRAZING DEER TRL","link":"https://abc.austintexas.gov/web/permit/public-search-other?t_detail=1&t_selected_folderrsn=4362500","tcad_id":"0110570215","location":"    (30.29321256, -97.92056908)","day_issued":"WEDNESDAY","project_id":"4362500","status_date":"03/05/2007","jurisdiction":"BEE CAVE ETJ","contractor_zip":"78634-____","contractor_city":"HUTTO","issuance_method":"Permit Center","contractor_phone":"5123825753","contractor_trade":"Electrical Contractor","permit_type_desc":"Electrical Permit","fiscal_year_issued":"2005","permit_class_mapped":"Residential","contractor_address_2":"629  W FRONT","contractor_full_name":"Calvin Lockhart","issued_in_last_30_days":"No","property_legal_description":"LOT 2 BLK B PRESERVE AT BARTON CREEK THE"},"geometry":{"type":"Point","coordinates":[-97.92056908,30.29321256]}},{"type":"Feature","properties":{"date":"2005-05-04T04:00:00.000Z","year":2005,"description":"New Sf Resid W/Att Garage-Porch Elec Srv Eud","metadescription":"EP. Remodel. New Sf Resid W/Att Garage-Porch Elec Srv Eud. Final. 5100 HIGH CANYON PASS","address":"5100 HIGH CANYON PASS","link":"https://abc.austintexas.gov/web/permit/public-search-other?t_detail=1&t_selected_folderrsn=4419532","tcad_id":"0118670610","location":"    (30.30227431, -97.95973649)","day_issued":"WEDNESDAY","project_id":"4419532","status_date":"03/19/2007","jurisdiction":"BEE CAVE FULL PURPOSE","contractor_zip":"78620","contractor_city":"Dripping Spr","issuance_method":"Permit Center","contractor_phone":"5127508556","contractor_trade":"Electrical Contractor","permit_type_desc":"Electrical Permit","fiscal_year_issued":"2005","permit_class_mapped":"Residential","contractor_address_2":"207  High Pl","contractor_full_name":"Joe Hernandez","issued_in_last_30_days":"No","property_legal_description":"LOT 9 BLK B HOMESTEAD SEC 4 THE"},"geometry":{"type":"Point","coordinates":[-97.95973649,30.30227431]}},{"type":"Feature","properties":{"date":"2005-04-28T04:00:00.000Z","year":2005,"description":"New 2 Stry Resid W/Att Garage-Porch-Storage Elec Srv Eud","metadescription":"EP. Remodel. New 2 Stry Resid W/Att Garage-Porch-Storage Elec Srv Eud. Final. 14813 SPILLMAN RANCH LOOP","address":"14813 SPILLMAN RANCH LOOP","link":"https://abc.austintexas.gov/web/permit/public-search-other?t_detail=1&t_selected_folderrsn=4361637","tcad_id":"0123730311","location":"    (30.31699837, -97.97251073)","day_issued":"THURSDAY","project_id":"4361637","status_date":"03/19/2007","jurisdiction":"BEE CAVE FULL PURPOSE","contractor_zip":"78683-5069","contractor_city":"Round Rock","issuance_method":"Permit Center","contractor_phone":"5127592200","contractor_trade":"Electrical Contractor","permit_type_desc":"Electrical Permit","fiscal_year_issued":"2005","permit_class_mapped":"Residential","contractor_address_1":"P.O. Box 506","contractor_address_2":"PO  Box 5069","contractor_full_name":"Thomas Roland","issued_in_last_30_days":"No","property_legal_description":"LOT 44 BLK E SPILLMAN RANCH PHS 1 SEC 4"},"geometry":{"type":"Point","coordinates":[-97.97251073,30.31699837]}},{"type":"Feature","properties":{"date":"2005-04-26T04:00:00.000Z","year":2005,"description":"New 2 Stry Resid W/Att Garage-Porch Elec Srv Eud","metadescription":"EP. Remodel. New 2 Stry Resid W/Att Garage-Porch Elec Srv Eud. Final. 15901 SPILLMAN RANCH LOOP","address":"15901 SPILLMAN RANCH LOOP","link":"https://abc.austintexas.gov/web/permit/public-search-other?t_detail=1&t_selected_folderrsn=4361567","tcad_id":"0125730110","location":"    (30.32324069, -97.97411746)","day_issued":"TUESDAY","project_id":"4361567","status_date":"03/19/2007","jurisdiction":"BEE CAVE FULL PURPOSE","contractor_zip":"78683-5069","contractor_city":"Round Rock","issuance_method":"Permit Center","contractor_phone":"5127592200","contractor_trade":"Electrical Contractor","permit_type_desc":"Electrical Permit","fiscal_year_issued":"2005","permit_class_mapped":"Residential","contractor_address_1":"P.O. Box 506","contractor_address_2":"PO  Box 5069","contractor_full_name":"Thomas Roland","issued_in_last_30_days":"No","property_legal_description":"LOT 31 BLK F SPILLMAN RANCH PHS 2 SEC 1"},"geometry":{"type":"Point","coordinates":[-97.97411746,30.32324069]}},{"type":"Feature","properties":{"date":"2005-04-22T04:00:00.000Z","year":2005,"description":"New Sf Resid W/Att Garage Porch Elec Srv Eud","metadescription":"EP. Remodel. New Sf Resid W/Att Garage Porch Elec Srv Eud. Final. 15601 HAMILTON POOL RD","address":"15601 HAMILTON POOL RD","link":"https://abc.austintexas.gov/web/permit/public-search-other?t_detail=1&t_selected_folderrsn=4361450","tcad_id":"0118770425","location":"    (30.30530344, -97.9908952)","day_issued":"FRIDAY","project_id":"4361450","status_date":"03/05/2007","jurisdiction":"BEE CAVE FULL PURPOSE","contractor_zip":"78734","contractor_city":"Lakeway","issuance_method":"Permit Center","contractor_phone":"5127480248","contractor_trade":"Electrical Contractor","permit_type_desc":"Electrical Permit","fiscal_year_issued":"2005","permit_class_mapped":"Residential","contractor_address_2":"2121  Lohman","contractor_full_name":"Daniel Hernandez","issued_in_last_30_days":"No","property_legal_description":"ABS 699 SUR 808 SMITH W B D ACR 4.310"},"geometry":{"type":"Point","coordinates":[-97.9908952,30.30530344]}},{"type":"Feature","properties":{"date":"2005-04-15T04:00:00.000Z","year":2005,"description":"New 2 Stry Resid W/Att Garage-Porch Elec Srv Eud","metadescription":"EP. Remodel. New 2 Stry Resid W/Att Garage-Porch Elec Srv Eud. Final. 13801 LONE RIDER TRL","address":"13801 LONE RIDER TRL","link":"https://abc.austintexas.gov/web/permit/public-search-other?t_detail=1&t_selected_folderrsn=4361079","tcad_id":"0118770482","location":"    (30.30042247, -97.96325257)","day_issued":"FRIDAY","project_id":"4361079","status_date":"03/19/2007","jurisdiction":"BEE CAVE FULL PURPOSE","contractor_zip":"78634-____","contractor_city":"HUTTO","issuance_method":"Permit Center","contractor_phone":"5123825753","contractor_trade":"Electrical Contractor","permit_type_desc":"Electrical Permit","fiscal_year_issued":"2005","permit_class_mapped":"Residential","contractor_address_2":"629  W FRONT","contractor_full_name":"Calvin Lockhart","issued_in_last_30_days":"No","property_legal_description":"LOT 1 MEADOWFOX ESTATES RESUB OF LOTS 1-11 (1-D-1B)"},"geometry":{"type":"Point","coordinates":[-97.96325257,30.30042247]}},{"type":"Feature","properties":{"date":"2005-04-12T04:00:00.000Z","year":2005,"description":"New 2stry Res W/Att Garage & Porch Elec Srv Eud-Only","metadescription":"EP. Remodel. New 2stry Res W/Att Garage & Porch Elec Srv Eud-Only. Final. 14912 SPILLMAN RANCH LOOP","address":"14912 SPILLMAN RANCH LOOP","link":"https://abc.austintexas.gov/web/permit/public-search-other?t_detail=1&t_selected_folderrsn=4360933","tcad_id":"0123730218","location":"    (30.31812576, -97.97324713)","day_issued":"TUESDAY","project_id":"4360933","status_date":"03/05/2007","jurisdiction":"BEE CAVE FULL PURPOSE","contractor_zip":"78683-5069","contractor_city":"Round Rock","issuance_method":"Permit Center","contractor_phone":"5127592200","contractor_trade":"Electrical Contractor","permit_type_desc":"Electrical Permit","fiscal_year_issued":"2005","permit_class_mapped":"Residential","contractor_address_1":"P.O. Box 506","contractor_address_2":"PO  Box 5069","contractor_full_name":"Thomas Roland","issued_in_last_30_days":"No","property_legal_description":"LOT 21 BLK J SPILLMAN RANCH PHS 1 SEC 4"},"geometry":{"type":"Point","coordinates":[-97.97324713,30.31812576]}},{"type":"Feature","properties":{"date":"2005-04-04T04:00:00.000Z","year":2005,"description":"New 2stry Resid W/Att Garage Porch Elec Srv Eud","metadescription":"EP. Remodel. New 2stry Resid W/Att Garage Porch Elec Srv Eud. Final. 15704 SPILLMAN RANCH LOOP","address":"15704 SPILLMAN RANCH LOOP","link":"https://abc.austintexas.gov/web/permit/public-search-other?t_detail=1&t_selected_folderrsn=4360507","tcad_id":"0125760213","location":"    (30.3232672, -97.97645641)","day_issued":"MONDAY","project_id":"4360507","status_date":"03/05/2007","jurisdiction":"BEE CAVE FULL PURPOSE","contractor_zip":"78683-5069","contractor_city":"Round Rock","issuance_method":"Permit Center","contractor_phone":"5127592200","contractor_trade":"Electrical Contractor","permit_type_desc":"Electrical Permit","fiscal_year_issued":"2005","permit_class_mapped":"Residential","contractor_address_1":"P.O. Box 506","contractor_address_2":"PO  Box 5069","contractor_full_name":"Thomas Roland","issued_in_last_30_days":"No","property_legal_description":"LOT 24 BLK K SPILLMAN RANCH PHS 3 & 4"},"geometry":{"type":"Point","coordinates":[-97.97645641,30.3232672]}},{"type":"Feature","properties":{"date":"2005-03-23T05:00:00.000Z","year":2005,"description":"New 2-Stry Resid W/Att Garage-Porch Elec Srv Eud","metadescription":"EP. Remodel. New 2-Stry Resid W/Att Garage-Porch Elec Srv Eud. Final. 4609 BAT FALCON DR","address":"4609 BAT FALCON DR","link":"https://abc.austintexas.gov/web/permit/public-search-other?t_detail=1&t_selected_folderrsn=4359988","tcad_id":"0123730110","location":"    (30.3185761, -97.97574995)","day_issued":"WEDNESDAY","project_id":"4359988","status_date":"03/19/2007","jurisdiction":"BEE CAVE FULL PURPOSE","contractor_zip":"78683-5069","contractor_city":"Round Rock","issuance_method":"Permit Center","contractor_phone":"5127592200","contractor_trade":"Electrical Contractor","permit_type_desc":"Electrical Permit","fiscal_year_issued":"2005","permit_class_mapped":"Residential","contractor_address_1":"P.O. Box 506","contractor_address_2":"PO  Box 5069","contractor_full_name":"Thomas Roland","issued_in_last_30_days":"No","property_legal_description":"LOT 2 BLK K SPILLMAN RANCH PHS 3 & 4"},"geometry":{"type":"Point","coordinates":[-97.97574995,30.3185761]}},{"type":"Feature","properties":{"date":"2005-03-18T05:00:00.000Z","year":2005,"description":"New 2-Stry Sf Resid W/Att Garage-Porch-Covered Patio Elec Srv Eud","metadescription":"EP. Remodel. New 2-Stry Sf Resid W/Att Garage-Porch-Covered Patio Elec Srv Eud. Final. 4101 TEXAS WILDLIFE TRL","address":"4101 TEXAS WILDLIFE TRL","link":"https://abc.austintexas.gov/web/permit/public-search-other?t_detail=1&t_selected_folderrsn=4359769","tcad_id":"0110570221","location":"    (30.29496436, -97.91837333)","day_issued":"FRIDAY","project_id":"4359769","status_date":"03/19/2007","jurisdiction":"BEE CAVE ETJ","contractor_zip":"78646","contractor_city":"Leander","issuance_method":"Permit Center","contractor_phone":"5122501194","contractor_trade":"Electrical Contractor","permit_type_desc":"Electrical Permit","fiscal_year_issued":"2005","permit_class_mapped":"Residential","contractor_address_1":"P.O.BOX 1649","contractor_address_2":"LEANDER TX","contractor_full_name":"Terry Maxwell","issued_in_last_30_days":"No","property_legal_description":"LOT 8 BLK B PRESERVE AT BARTON CREEK THE"},"geometry":{"type":"Point","coordinates":[-97.91837333,30.29496436]}},{"type":"Feature","properties":{"date":"2005-02-17T05:00:00.000Z","year":2005,"description":"New 2stry Sf Res. W/Att Garage-Porch Elec Srv Only-Eud","metadescription":"EP. Remodel. New 2stry Sf Res. W/Att Garage-Porch Elec Srv Only-Eud. Final. 4105 SUGARLOAF DR","address":"4105 SUGARLOAF DR","link":"https://abc.austintexas.gov/web/permit/public-search-other?t_detail=1&t_selected_folderrsn=4358373","tcad_id":"0123700112","location":"    (30.31510684, -97.96613158)","day_issued":"THURSDAY","project_id":"4358373","status_date":"03/05/2007","jurisdiction":"BEE CAVE FULL PURPOSE","contractor_zip":"78942","contractor_city":"Giddings","issuance_method":"Permit Center","contractor_phone":"5122029089","contractor_trade":"Electrical Contractor","permit_type_desc":"Electrical Permit","fiscal_year_issued":"2005","permit_class_mapped":"Residential","contractor_address_2":"691 S Navarr","contractor_full_name":"Leonard Orocio","issued_in_last_30_days":"No","property_legal_description":"LOT 29 BLK C SPILLMAN RANCH PHS 1 SEC 2"},"geometry":{"type":"Point","coordinates":[-97.96613158,30.31510684]}},{"type":"Feature","properties":{"date":"2005-02-09T05:00:00.000Z","year":2005,"description":"New Sf Resid W/Att Garage Porch Elec Srv Eud","metadescription":"EP. Remodel. New Sf Resid W/Att Garage Porch Elec Srv Eud. Final. 14620 SPILLMAN RANCH LOOP","address":"14620 SPILLMAN RANCH LOOP","link":"https://abc.austintexas.gov/web/permit/public-search-other?t_detail=1&t_selected_folderrsn=4358005","tcad_id":"0123730326","location":"    (30.31681239, -97.97017901)","day_issued":"WEDNESDAY","project_id":"4358005","status_date":"03/05/2007","jurisdiction":"BEE CAVE FULL PURPOSE","contractor_zip":"78634-____","contractor_city":"HUTTO","issuance_method":"Permit Center","contractor_phone":"5123825753","contractor_trade":"Electrical Contractor","permit_type_desc":"Electrical Permit","fiscal_year_issued":"2005","permit_class_mapped":"Residential","contractor_address_2":"629  W FRONT","contractor_full_name":"Calvin Lockhart","issued_in_last_30_days":"No","property_legal_description":"LOT 28 BLK E SPILLMAN RANCH PHS 1 SEC 3"},"geometry":{"type":"Point","coordinates":[-97.97017901,30.31681239]}},{"type":"Feature","properties":{"date":"2005-02-02T05:00:00.000Z","year":2005,"description":"New 2stry Resid W/Att Garage Porch Elec Srv Eud","metadescription":"EP. Remodel. New 2stry Resid W/Att Garage Porch Elec Srv Eud. Expired. 4413 SHARPSHINNED HAWK CV","address":"4413 SHARPSHINNED HAWK CV","link":"https://abc.austintexas.gov/web/permit/public-search-other?t_detail=1&t_selected_folderrsn=4357713","tcad_id":"0123730208","location":"    (30.31692414, -97.97116848)","day_issued":"WEDNESDAY","project_id":"4357713","status_date":"06/06/2007","jurisdiction":"BEE CAVE FULL PURPOSE","contractor_zip":"78742","contractor_city":"Austin","issuance_method":"Permit Center","contractor_phone":"5123858831","contractor_trade":"Electrical Contractor","permit_type_desc":"Electrical Permit","fiscal_year_issued":"2005","permit_class_mapped":"Residential","contractor_address_1":"414 THOMPSON","contractor_address_2":"AUSTIN TX  7","contractor_full_name":"Fred Hoskins","issued_in_last_30_days":"No","property_legal_description":"LOT 32 BLK J SPILLMAN RANCH PHS 1 SEC 3"},"geometry":{"type":"Point","coordinates":[-97.97116848,30.31692414]}},{"type":"Feature","properties":{"date":"2005-02-02T05:00:00.000Z","year":2005,"description":"New 2stry Resid W/Att Garage Porch Elec Srv Eud","metadescription":"EP. Remodel. New 2stry Resid W/Att Garage Porch Elec Srv Eud. Expired. 4104 HOOKBILLED KITE DR","address":"4104 HOOKBILLED KITE DR","link":"https://abc.austintexas.gov/web/permit/public-search-other?t_detail=1&t_selected_folderrsn=4357715","tcad_id":"0125730213","location":"    (30.32197459, -97.97391382)","day_issued":"WEDNESDAY","project_id":"4357715","status_date":"06/06/2007","jurisdiction":"BEE CAVE FULL PURPOSE","contractor_zip":"78742","contractor_city":"Austin","issuance_method":"Permit Center","contractor_phone":"5123858831","contractor_trade":"Electrical Contractor","permit_type_desc":"Electrical Permit","fiscal_year_issued":"2005","permit_class_mapped":"Residential","contractor_address_1":"414 THOMPSON","contractor_address_2":"AUSTIN TX  7","contractor_full_name":"Fred Hoskins","issued_in_last_30_days":"No","property_legal_description":"LOT 38 BLK K SPILLMAN RANCH PHS 2 SEC 1"},"geometry":{"type":"Point","coordinates":[-97.97391382,30.32197459]}},{"type":"Feature","properties":{"date":"2005-01-18T05:00:00.000Z","year":2005,"description":"New 1stry Sf Res./W Att Garage-Porch Elec Srv Only-Eud","metadescription":"EP. Remodel. New 1stry Sf Res./W Att Garage-Porch Elec Srv Only-Eud. Final. 5003 HIGH CANYON PASS","address":"5003 HIGH CANYON PASS","link":"https://abc.austintexas.gov/web/permit/public-search-other?t_detail=1&t_selected_folderrsn=4356975","tcad_id":"0118670811","location":"    (30.30241344, -97.95848745)","day_issued":"TUESDAY","project_id":"4356975","status_date":"03/05/2007","jurisdiction":"BEE CAVE FULL PURPOSE","contractor_zip":"78957","contractor_city":"Smithville","issuance_method":"Permit Center","contractor_phone":"5124668857","contractor_trade":"Electrical Contractor","permit_type_desc":"Electrical Permit","fiscal_year_issued":"2005","permit_class_mapped":"Residential","contractor_address_2":"206  Alum Cr","contractor_full_name":"Don McEntyre","issued_in_last_30_days":"No","property_legal_description":"LOT 2 BLK C HOMESTEAD SEC 4 THE"},"geometry":{"type":"Point","coordinates":[-97.95848745,30.30241344]}},{"type":"Feature","properties":{"date":"2004-11-09T05:00:00.000Z","year":2004,"description":"New 1stry Sf Res. W/Att Garage-Porch&Patio Elec Srv Only-Eud","metadescription":"EP. Remodel. New 1stry Sf Res. W/Att Garage-Porch&Patio Elec Srv Only-Eud. Final. 13601 LONE RIDER TRL","address":"13601 LONE RIDER TRL","link":"https://abc.austintexas.gov/web/permit/public-search-other?t_detail=1&t_selected_folderrsn=4354173","tcad_id":"0118670901","location":"    (30.30047435, -97.96144788)","day_issued":"TUESDAY","project_id":"4354173","status_date":"03/05/2007","jurisdiction":"BEE CAVE FULL PURPOSE","contractor_zip":"76446","contractor_city":"Dublin","issuance_method":"Permit Center","contractor_phone":"2547852366","contractor_trade":"Electrical Contractor","permit_type_desc":"Electrical Permit","fiscal_year_issued":"2005","permit_class_mapped":"Residential","contractor_address_1":"951 COMANCHE","contractor_address_2":"DUBLIN TX  7","contractor_full_name":"Delmar Spoonts","issued_in_last_30_days":"No","property_legal_description":"LOT 8 BLK A HOMESTEAD SEC 4 THE"},"geometry":{"type":"Point","coordinates":[-97.96144788,30.30047435]}},{"type":"Feature","properties":{"date":"2004-11-03T05:00:00.000Z","year":2004,"description":"New Sf Resid W/Att Garage Porch Elec Srv Eud","metadescription":"EP. Remodel. New Sf Resid W/Att Garage Porch Elec Srv Eud. Final. 4108 HOOKBILLED KITE DR","address":"4108 HOOKBILLED KITE DR","link":"https://abc.austintexas.gov/web/permit/public-search-other?t_detail=1&t_selected_folderrsn=4354244","tcad_id":"0125730214","location":"    (30.32174951, -97.97408734)","day_issued":"WEDNESDAY","project_id":"4354244","status_date":"03/05/2007","jurisdiction":"BEE CAVE FULL PURPOSE","contractor_zip":"76550","contractor_city":"LAMPASAS","issuance_method":"Permit Center","contractor_phone":"5125568702","contractor_trade":"Electrical Contractor","permit_type_desc":"Electrical Permit","fiscal_year_issued":"2005","permit_class_mapped":"Residential","contractor_address_1":"3378 FM 1478","contractor_address_2":"LAMPASAS TX","contractor_full_name":"Russell Jones","issued_in_last_30_days":"No","property_legal_description":"LOT 39 BLK K SPILLMAN RANCH PHS 2 SEC 1"},"geometry":{"type":"Point","coordinates":[-97.97408734,30.32174951]}},{"type":"Feature","properties":{"date":"2004-10-12T04:00:00.000Z","year":2004,"description":"New Sf Resid W/Att Garage Porch Elec Srv Eud","metadescription":"EP. Remodel. New Sf Resid W/Att Garage Porch Elec Srv Eud. Final. 15716 SPILLMAN RANCH LOOP","address":"15716 SPILLMAN RANCH LOOP","link":"https://abc.austintexas.gov/web/permit/public-search-other?t_detail=1&t_selected_folderrsn=4353593","tcad_id":"0125730202","location":"    (30.32357168, -97.97581493)","day_issued":"TUESDAY","project_id":"4353593","status_date":"03/05/2007","jurisdiction":"BEE CAVE FULL PURPOSE","contractor_zip":"78749","contractor_city":"Austin","issuance_method":"Permit Center","contractor_phone":"5128449704","contractor_trade":"Electrical Contractor","permit_type_desc":"Electrical Permit","fiscal_year_issued":"2005","permit_class_mapped":"Residential","contractor_address_1":"8104 BOUNTY","contractor_address_2":"AUSTIN TX  7","contractor_full_name":"Larry Webb","issued_in_last_30_days":"No","property_legal_description":"LOT 27 BLK K SPILLMAN RANCH PHS 2 SEC 1 AMENDED PLAT OF LOTS 26-32"},"geometry":{"type":"Point","coordinates":[-97.97581493,30.32357168]}},{"type":"Feature","properties":{"date":"2004-10-11T04:00:00.000Z","year":2004,"description":"New 2stry Sf Res. W/Att Garage-Porch Elec Srv Only","metadescription":"EP. Remodel. New 2stry Sf Res. W/Att Garage-Porch Elec Srv Only. Final. 1915 SEA EAGLE VW","address":"1915 SEA EAGLE VW","link":"https://abc.austintexas.gov/web/permit/public-search-other?t_detail=1&t_selected_folderrsn=4353529","tcad_id":"0123550917","location":"    (30.3189134, -97.91661688)","day_issued":"MONDAY","project_id":"4353529","status_date":"03/05/2007","jurisdiction":"BEE CAVE ETJ","contractor_zip":"78654-____","contractor_city":"SPICEWOOD","issuance_method":"Permit Center","contractor_phone":"5122631214","contractor_trade":"Electrical Contractor","permit_type_desc":"Electrical Permit","fiscal_year_issued":"2005","permit_class_mapped":"Residential","contractor_address_1":"PO BOX 449","contractor_full_name":"Jackie D Oliver","issued_in_last_30_days":"No","property_legal_description":"LOT 40 BLK A LAKE POINTE SEC 7"},"geometry":{"type":"Point","coordinates":[-97.91661688,30.3189134]}},{"type":"Feature","properties":{"date":"2004-09-17T04:00:00.000Z","year":2004,"description":"New Sf Res. W/Att Garage-Porch Elec Srv Only-Eud","metadescription":"EP. Remodel. New Sf Res. W/Att Garage-Porch Elec Srv Only-Eud. Final. 14417 HERON BAY CV","address":"14417 HERON BAY CV","link":"https://abc.austintexas.gov/web/permit/public-search-other?t_detail=1&t_selected_folderrsn=4352679","tcad_id":"0121700411","location":"    (30.31253679, -97.96650527)","day_issued":"FRIDAY","project_id":"4352679","status_date":"03/05/2007","jurisdiction":"BEE CAVE FULL PURPOSE","contractor_zip":"78749","contractor_city":"Austin","issuance_method":"Permit Center","contractor_phone":"5128449704","contractor_trade":"Electrical Contractor","permit_type_desc":"Electrical Permit","fiscal_year_issued":"2004","permit_class_mapped":"Residential","contractor_address_1":"8104 BOUNTY","contractor_address_2":"AUSTIN TX  7","contractor_full_name":"Larry Webb","issued_in_last_30_days":"No","property_legal_description":"LOT 5 BLK E SPILLMAN RANCH PHS 1 SEC 2"},"geometry":{"type":"Point","coordinates":[-97.96650527,30.31253679]}},{"type":"Feature","properties":{"date":"2004-08-24T04:00:00.000Z","year":2004,"description":"New 2stry Sf Res. W/Three Car Garage-Porch Elec Srv Only-Eud","metadescription":"EP. Remodel. New 2stry Sf Res. W/Three Car Garage-Porch Elec Srv Only-Eud. Final. 1809 SEA EAGLE VW","address":"1809 SEA EAGLE VW","link":"https://abc.austintexas.gov/web/permit/public-search-other?t_detail=1&t_selected_folderrsn=4351643","tcad_id":"0125550503","location":"    (30.32000952, -97.91611391)","day_issued":"TUESDAY","project_id":"4351643","condominium":"No","status_date":"03/05/2007","jurisdiction":"BEE CAVE ETJ","contractor_zip":"78669","contractor_city":"Spicewood","issuance_method":"Permit Center","contractor_phone":"5122640960","contractor_trade":"Electrical Contractor","number_of_floors":"2","permit_type_desc":"Electrical Permit","fiscal_year_issued":"2004","permit_class_mapped":"Residential","contractor_address_2":"1784  Bee Cr","contractor_full_name":"William Lewis","issued_in_last_30_days":"No","certificate_of_occupancy":"No","property_legal_description":"LOT 45 BLK A LAKE POINTE SEC 7"},"geometry":{"type":"Point","coordinates":[-97.91611391,30.32000952]}},{"type":"Feature","properties":{"date":"2004-07-23T04:00:00.000Z","year":2004,"description":"New 2stry Resid W/Att Garage Porch Elec Srv Eud","metadescription":"EP. Remodel. New 2stry Resid W/Att Garage Porch Elec Srv Eud. Final. 15768 HAMILTON POOL RD","address":"15768 HAMILTON POOL RD","link":"https://abc.austintexas.gov/web/permit/public-search-other?t_detail=1&t_selected_folderrsn=4350200","tcad_id":"0118870186","location":"    (30.30274298, -97.99888427)","day_issued":"FRIDAY","project_id":"4350200","status_date":"03/05/2007","jurisdiction":"BEE CAVE FULL PURPOSE","contractor_zip":"78727","contractor_city":"AUSTIN","issuance_method":"Permit Center","contractor_phone":"5126690240","contractor_trade":"Electrical Contractor","permit_type_desc":"Electrical Permit","fiscal_year_issued":"2004","permit_class_mapped":"Residential","contractor_address_2":"4601  BROWN","contractor_full_name":"Daniel Rookey","issued_in_last_30_days":"No","property_legal_description":"LOT 1 BLK A PERKINS SUBD"},"geometry":{"type":"Point","coordinates":[-97.99888427,30.30274298]}},{"type":"Feature","properties":{"date":"2004-07-23T04:00:00.000Z","year":2004,"description":"New 2stry Sf Res W/Att Garage-Porch Elec Srv Only-Eud","metadescription":"EP. Remodel. New 2stry Sf Res W/Att Garage-Porch Elec Srv Only-Eud. Final. 13301 LONE RIDER TRL","address":"13301 LONE RIDER TRL","link":"https://abc.austintexas.gov/web/permit/public-search-other?t_detail=1&t_selected_folderrsn=4350198","tcad_id":"0118670907","location":"    (30.29973571, -97.95690841)","day_issued":"FRIDAY","project_id":"4350198","status_date":"03/05/2007","jurisdiction":"BEE CAVE FULL PURPOSE","contractor_zip":"78620","contractor_city":"Dripping Spr","issuance_method":"Permit Center","contractor_phone":"5127508556","contractor_trade":"Electrical Contractor","permit_type_desc":"Electrical Permit","fiscal_year_issued":"2004","permit_class_mapped":"Residential","contractor_address_2":"207  High Pl","contractor_full_name":"Joe Hernandez","issued_in_last_30_days":"No","property_legal_description":"LOT 2 BLK A HOMESTEAD SEC 4 THE"},"geometry":{"type":"Point","coordinates":[-97.95690841,30.29973571]}},{"type":"Feature","properties":{"date":"2004-07-07T04:00:00.000Z","year":2004,"description":"New S/F Resid W/ Back & Front Porch Elec Srv Only Eud","metadescription":"EP. Remodel. New S/F Resid W/ Back & Front Porch Elec Srv Only Eud. Final. 3901 GYRFALCON CV","address":"3901 GYRFALCON CV","link":"https://abc.austintexas.gov/web/permit/public-search-other?t_detail=1&t_selected_folderrsn=4349515","tcad_id":"0125700305","location":"    (30.3214284, -97.9618997)","day_issued":"WEDNESDAY","project_id":"4349515","status_date":"03/05/2007","jurisdiction":"BEE CAVE FULL PURPOSE","contractor_zip":"78742","contractor_city":"Austin","issuance_method":"Permit Center","contractor_phone":"5123858831","contractor_trade":"Electrical Contractor","permit_type_desc":"Electrical Permit","fiscal_year_issued":"2004","permit_class_mapped":"Commercial","contractor_address_1":"414 THOMPSON","contractor_address_2":"AUSTIN TX  7","contractor_full_name":"Fred Hoskins","issued_in_last_30_days":"No","property_legal_description":"LOT 2 BLK B SPILLMAN RANCH PHS 1 SEC 1"},"geometry":{"type":"Point","coordinates":[-97.9618997,30.3214284]}},{"type":"Feature","properties":{"date":"2004-06-21T04:00:00.000Z","year":2004,"description":"New 2 Story S/F Resid With Att Gar & Porch Elec Only-Eud","metadescription":"EP. Remodel. New 2 Story S/F Resid With Att Gar & Porch Elec Only-Eud. Final. 14409 HERON BAY CV","address":"14409 HERON BAY CV","link":"https://abc.austintexas.gov/web/permit/public-search-other?t_detail=1&t_selected_folderrsn=4348904","tcad_id":"0121700413","location":"    (30.31308284, -97.966289)","day_issued":"MONDAY","project_id":"4348904","status_date":"03/05/2007","jurisdiction":"BEE CAVE FULL PURPOSE","contractor_zip":"78654-____","contractor_city":"SPICEWOOD","issuance_method":"Permit Center","contractor_phone":"5122631214","contractor_trade":"Electrical Contractor","permit_type_desc":"Electrical Permit","fiscal_year_issued":"2004","permit_class_mapped":"Residential","contractor_address_1":"PO BOX 449","contractor_full_name":"Jackie D Oliver","issued_in_last_30_days":"No","property_legal_description":"LOT 3 BLK E SPILLMAN RANCH PHS 1 SEC 2 AMENDED PLAT OF LTS 33 & 34 BLK C & LTS 12&3 BLK E"},"geometry":{"type":"Point","coordinates":[-97.966289,30.31308284]}},{"type":"Feature","properties":{"date":"2004-05-28T04:00:00.000Z","year":2004,"description":"New 2stry Sf Res. W/Att Garage-Porch-Patio Elec Srv Only-Eud","metadescription":"EP. Remodel. New 2stry Sf Res. W/Att Garage-Porch-Patio Elec Srv Only-Eud. Final. 3929 GYRFALCON CV","address":"3929 GYRFALCON CV","link":"https://abc.austintexas.gov/web/permit/public-search-other?t_detail=1&t_selected_folderrsn=4348046","tcad_id":"0125680101","location":"    (30.3203992, -97.96127195)","day_issued":"FRIDAY","project_id":"4348046","status_date":"03/05/2007","jurisdiction":"BEE CAVE FULL PURPOSE","contractor_zip":"78742","contractor_city":"Austin","issuance_method":"Permit Center","contractor_phone":"5123858831","contractor_trade":"Electrical Contractor","permit_type_desc":"Electrical Permit","fiscal_year_issued":"2004","permit_class_mapped":"Residential","contractor_address_1":"414 THOMPSON","contractor_address_2":"AUSTIN TX  7","contractor_full_name":"Fred Hoskins","issued_in_last_30_days":"No","property_legal_description":"LOT 9 BLK B SPILLMAN RANCH PHS 1 SEC 1"},"geometry":{"type":"Point","coordinates":[-97.96127195,30.3203992]}},{"type":"Feature","properties":{"date":"2004-05-28T04:00:00.000Z","year":2004,"description":"New 1stry Sf Res. W/Att Garage-Porch Elec Srv Only-Eud","metadescription":"EP. Remodel. New 1stry Sf Res. W/Att Garage-Porch Elec Srv Only-Eud. Final. 3908 GYRFALCON CV","address":"3908 GYRFALCON CV","link":"https://abc.austintexas.gov/web/permit/public-search-other?t_detail=1&t_selected_folderrsn=4348045","tcad_id":"0125700203","location":"    (30.32098313, -97.96206281)","day_issued":"FRIDAY","project_id":"4348045","status_date":"03/05/2007","jurisdiction":"BEE CAVE FULL PURPOSE","contractor_zip":"78742","contractor_city":"Austin","issuance_method":"Permit Center","contractor_phone":"5123858831","contractor_trade":"Electrical Contractor","permit_type_desc":"Electrical Permit","fiscal_year_issued":"2004","permit_class_mapped":"Residential","contractor_address_1":"414 THOMPSON","contractor_address_2":"AUSTIN TX  7","contractor_full_name":"Fred Hoskins","issued_in_last_30_days":"No","property_legal_description":"LOT 3 BLK C SPILLMAN RANCH PHS 1 SEC 1"},"geometry":{"type":"Point","coordinates":[-97.96206281,30.32098313]}},{"type":"Feature","properties":{"date":"2004-05-05T04:00:00.000Z","year":2004,"description":"New 2stry Resid W/Att Garage Porch Elec Srv Outside City Of Austin","metadescription":"PP. Remodel. New 2stry Resid W/Att Garage Porch Elec Srv Outside City Of Austin. Expired. 3904 GYRFALCON CV","address":"3904 GYRFALCON CV","link":"https://abc.austintexas.gov/web/permit/public-search-other?t_detail=1&t_selected_folderrsn=3795677","tcad_id":"0125700202","location":"    (30.321109, -97.96217701)","day_issued":"WEDNESDAY","project_id":"3795677","status_date":"06/06/2007","jurisdiction":"BEE CAVE FULL PURPOSE","issuance_method":"Permit Center","permit_type_desc":"Plumbing Permit","master_permit_num":"751871","fiscal_year_issued":"2004","permit_class_mapped":"Residential","issued_in_last_30_days":"No","property_legal_description":"LOT 2 BLK C SPILLMAN RANCH PHS 1 SEC 1"},"geometry":{"type":"Point","coordinates":[-97.96217701,30.321109]}},{"type":"Feature","properties":{"date":"2004-05-05T04:00:00.000Z","year":2004,"description":"New 2stry Resid W/Att Garage Porch Elec Srv Outside City Of Austin","metadescription":"BP. Remodel. New 2stry Resid W/Att Garage Porch Elec Srv Outside City Of Austin. Expired. 3904 GYRFALCON CV","address":"3904 GYRFALCON CV","link":"https://abc.austintexas.gov/web/permit/public-search-other?t_detail=1&t_selected_folderrsn=751871","tcad_id":"0125700202","location":"    (30.321109, -97.96217701)","day_issued":"WEDNESDAY","project_id":"751871","condominium":"No","status_date":"06/06/2007","jurisdiction":"BEE CAVE FULL PURPOSE","issuance_method":"Permit Center","permit_type_desc":"Building Permit","fiscal_year_issued":"2004","permit_class_mapped":"Residential","issued_in_last_30_days":"No","certificate_of_occupancy":"No","property_legal_description":"LOT 2 BLK C SPILLMAN RANCH PHS 1 SEC 1"},"geometry":{"type":"Point","coordinates":[-97.96217701,30.321109]}},{"type":"Feature","properties":{"date":"2004-05-05T04:00:00.000Z","year":2004,"description":"New 2stry Resid W/Att Garage Porch Elec Srv Outside City Of Austin","metadescription":"EP. Remodel. New 2stry Resid W/Att Garage Porch Elec Srv Outside City Of Austin. Final. 3904 GYRFALCON CV","address":"3904 GYRFALCON CV","link":"https://abc.austintexas.gov/web/permit/public-search-other?t_detail=1&t_selected_folderrsn=4405298","tcad_id":"0125700202","location":"    (30.321109, -97.96217701)","day_issued":"WEDNESDAY","project_id":"4405298","status_date":"06/06/2007","jurisdiction":"BEE CAVE FULL PURPOSE","contractor_zip":"78742","contractor_city":"Austin","issuance_method":"Permit Center","contractor_phone":"5123858831","contractor_trade":"Electrical Contractor","permit_type_desc":"Electrical Permit","master_permit_num":"751871","fiscal_year_issued":"2004","permit_class_mapped":"Residential","contractor_address_1":"414 THOMPSON","contractor_address_2":"AUSTIN TX  7","contractor_full_name":"Fred Hoskins","issued_in_last_30_days":"No","property_legal_description":"LOT 2 BLK C SPILLMAN RANCH PHS 1 SEC 1"},"geometry":{"type":"Point","coordinates":[-97.96217701,30.321109]}},{"type":"Feature","properties":{"date":"2004-02-12T05:00:00.000Z","year":2004,"description":"New 2stry  Resid W/Att Garage Porch Elec Srv Outside City Of Ausitn","metadescription":"EP. Remodel. New 2stry  Resid W/Att Garage Porch Elec Srv Outside City Of Ausitn. Final. 4305 MYRTLE BEACH DR","address":"4305 MYRTLE BEACH DR","link":"https://abc.austintexas.gov/web/permit/public-search-other?t_detail=1&t_selected_folderrsn=4344072","tcad_id":"0123700142","location":"    (30.31806989, -97.96678482)","day_issued":"THURSDAY","project_id":"4344072","status_date":"03/05/2007","jurisdiction":"BEE CAVE FULL PURPOSE","contractor_zip":"78727","contractor_city":"AUSTIN","issuance_method":"Permit Center","contractor_phone":"5126992807","contractor_trade":"Electrical Contractor","permit_type_desc":"Electrical Permit","fiscal_year_issued":"2004","permit_class_mapped":"Residential","contractor_address_2":"2206  BROUGH","contractor_full_name":"Harvey J Henderson","issued_in_last_30_days":"No","property_legal_description":"LOT 2 BLK D SPILLMAN RANCH PHS 1 SEC 2"},"geometry":{"type":"Point","coordinates":[-97.96678482,30.31806989]}},{"type":"Feature","properties":{"date":"2004-02-11T05:00:00.000Z","year":2004,"description":"New 1-Sty Sf Res W/Att. Garage CvD Patio & Porch; Elec Srv Only - Eud","metadescription":"MP. Remodel. New 1-Sty Sf Res W/Att. Garage CvD Patio & Porch; Elec Srv Only - Eud. Final. 13001 GRUBSTAKE GULCH","address":"13001 GRUBSTAKE GULCH","link":"https://abc.austintexas.gov/web/permit/public-search-other?t_detail=1&t_selected_folderrsn=3405663","tcad_id":"0115660319","location":"    (30.29570456, -97.95323937)","day_issued":"WEDNESDAY","project_id":"3405663","status_date":"03/05/2007","jurisdiction":"BEE CAVE FULL PURPOSE","issuance_method":"Permit Center","permit_type_desc":"Mechanical Permit","master_permit_num":"4344031","fiscal_year_issued":"2004","permit_class_mapped":"Residential","issued_in_last_30_days":"No","property_legal_description":"LOT 11A HOMESTEAD THE AMENDED PLAT OF LOTS 10 & 11 BLK A"},"geometry":{"type":"Point","coordinates":[-97.95323937,30.29570456]}},{"type":"Feature","properties":{"date":"2004-02-11T05:00:00.000Z","year":2004,"description":"New 1-Sty Sf Res W/Att. Garage CvD Patio & Porch; Elec Srv Only - Eud","metadescription":"EP. Remodel. New 1-Sty Sf Res W/Att. Garage CvD Patio & Porch; Elec Srv Only - Eud. Final. 13001 GRUBSTAKE GULCH","address":"13001 GRUBSTAKE GULCH","link":"https://abc.austintexas.gov/web/permit/public-search-other?t_detail=1&t_selected_folderrsn=4344031","tcad_id":"0115660319","location":"    (30.29570456, -97.95323937)","day_issued":"WEDNESDAY","project_id":"4344031","status_date":"03/08/2007","jurisdiction":"BEE CAVE FULL PURPOSE","contractor_zip":"78727","contractor_city":"AUSTIN","issuance_method":"Permit Center","contractor_phone":"5126690240","contractor_trade":"Electrical Contractor","permit_type_desc":"Electrical Permit","fiscal_year_issued":"2004","permit_class_mapped":"Residential","contractor_address_2":"4601  BROWN","contractor_full_name":"Daniel Rookey","issued_in_last_30_days":"No","property_legal_description":"LOT 11A HOMESTEAD THE AMENDED PLAT OF LOTS 10 & 11 BLK A"},"geometry":{"type":"Point","coordinates":[-97.95323937,30.29570456]}},{"type":"Feature","properties":{"date":"2004-01-28T05:00:00.000Z","year":2004,"description":"New 1-Sty Sf Res W/Att. Garage CovD Patio & CovD Porch; Elec Srv Only - Eud","metadescription":"EP. Remodel. New 1-Sty Sf Res W/Att. Garage CovD Patio & CovD Porch; Elec Srv Only - Eud. Final. 3909 SUGARLOAF DR","address":"3909 SUGARLOAF DR","link":"https://abc.austintexas.gov/web/permit/public-search-other?t_detail=1&t_selected_folderrsn=4343482","tcad_id":"0123700120","location":"    (30.31756524, -97.9653707)","day_issued":"WEDNESDAY","project_id":"4343482","status_date":"03/05/2007","jurisdiction":"BEE CAVE FULL PURPOSE","contractor_zip":"78742","contractor_city":"Austin","issuance_method":"Permit Center","contractor_phone":"5123858831","contractor_trade":"Electrical Contractor","permit_type_desc":"Electrical Permit","fiscal_year_issued":"2004","permit_class_mapped":"Residential","contractor_address_1":"414 THOMPSON","contractor_address_2":"AUSTIN TX  7","contractor_full_name":"Fred Hoskins","issued_in_last_30_days":"No","property_legal_description":"LOT 21 BLK C SPILLMAN RANCH PHS 1 SEC 2"},"geometry":{"type":"Point","coordinates":[-97.9653707,30.31756524]}},{"type":"Feature","properties":{"date":"2004-01-21T05:00:00.000Z","year":2004,"description":"New 1stry Sf Res. W/Att Garage-Porch Elec Srv Only-Eud","metadescription":"EP. Remodel. New 1stry Sf Res. W/Att Garage-Porch Elec Srv Only-Eud. Final. 4004 COOPERS HAWK CV","address":"4004 COOPERS HAWK CV","link":"https://abc.austintexas.gov/web/permit/public-search-other?t_detail=1&t_selected_folderrsn=4343189","tcad_id":"0125700133","location":"    (30.32191606, -97.96685851)","day_issued":"WEDNESDAY","project_id":"4343189","status_date":"03/05/2007","jurisdiction":"BEE CAVE FULL PURPOSE","contractor_zip":"76550","contractor_city":"LAMPASAS","issuance_method":"Permit Center","contractor_phone":"5125568702","contractor_trade":"Electrical Contractor","permit_type_desc":"Electrical Permit","fiscal_year_issued":"2004","permit_class_mapped":"Residential","contractor_address_1":"3378 FM 1478","contractor_address_2":"LAMPASAS TX","contractor_full_name":"Russell Jones","issued_in_last_30_days":"No","property_legal_description":"LOT 64 BLK F SPILLMAN RANCH PHS 1 SEC 1"},"geometry":{"type":"Point","coordinates":[-97.96685851,30.32191606]}},{"type":"Feature","properties":{"date":"2003-12-11T05:00:00.000Z","year":2003,"description":"New 1-Story Sf Res W/Att Garage CovD Patio And Porch; Plmb & Elec Srvc Only - Eud","metadescription":"BP. Remodel. New 1-Story Sf Res W/Att Garage CovD Patio And Porch; Plmb & Elec Srvc Only - Eud. Expired. 14900 SPILLMAN RANCH LOOP","address":"14900 SPILLMAN RANCH LOOP","link":"https://abc.austintexas.gov/web/permit/public-search-other?t_detail=1&t_selected_folderrsn=705545","tcad_id":"0123730215","location":"    (30.31770251, -97.97266469)","day_issued":"THURSDAY","project_id":"705545","condominium":"No","status_date":"06/06/2007","jurisdiction":"BEE CAVE FULL PURPOSE","issuance_method":"Permit Center","number_of_floors":"1","permit_type_desc":"Building Permit","fiscal_year_issued":"2004","permit_class_mapped":"Residential","issued_in_last_30_days":"No","certificate_of_occupancy":"No","property_legal_description":"LOT 24 BLK J SPILLMAN RANCH PHS 1 SEC 4"},"geometry":{"type":"Point","coordinates":[-97.97266469,30.31770251]}},{"type":"Feature","properties":{"date":"2003-12-11T05:00:00.000Z","year":2003,"description":"New 1-Story Sf Res W/Att Garage CovD Patio And Porch; Plmb & Elec Srvc Only - Eud","metadescription":"EP. Remodel. New 1-Story Sf Res W/Att Garage CovD Patio And Porch; Plmb & Elec Srvc Only - Eud. Final. 14900 SPILLMAN RANCH LOOP","address":"14900 SPILLMAN RANCH LOOP","link":"https://abc.austintexas.gov/web/permit/public-search-other?t_detail=1&t_selected_folderrsn=4342125","tcad_id":"0123730215","location":"    (30.31770251, -97.97266469)","day_issued":"THURSDAY","project_id":"4342125","condominium":"No","status_date":"06/06/2007","jurisdiction":"BEE CAVE FULL PURPOSE","contractor_zip":"78660","contractor_city":"Pflugerville","issuance_method":"Permit Center","contractor_phone":"5122520040","contractor_trade":"Electrical Contractor","number_of_floors":"1","permit_type_desc":"Electrical Permit","master_permit_num":"705545","fiscal_year_issued":"2004","permit_class_mapped":"Residential","contractor_address_1":"2215 INVESTM","contractor_address_2":"PFLUGERVILLE","contractor_full_name":"Ronnie Kruse","issued_in_last_30_days":"No","certificate_of_occupancy":"No","property_legal_description":"LOT 24 BLK J SPILLMAN RANCH PHS 1 SEC 4"},"geometry":{"type":"Point","coordinates":[-97.97266469,30.31770251]}},{"type":"Feature","properties":{"date":"2003-12-11T05:00:00.000Z","year":2003,"description":"New 2stry Resid W/Att Garage Porch Elec Srv Outside City Of Austin","metadescription":"EP. Remodel. New 2stry Resid W/Att Garage Porch Elec Srv Outside City Of Austin. Final. 14909 SWALLOWTAILED KITE CV","address":"14909 SWALLOWTAILED KITE CV","link":"https://abc.austintexas.gov/web/permit/public-search-other?t_detail=1&t_selected_folderrsn=4342129","tcad_id":"0123730221","location":"    (30.31853929, -97.97300243)","day_issued":"THURSDAY","project_id":"4342129","status_date":"03/05/2007","jurisdiction":"BEE CAVE FULL PURPOSE","contractor_zip":"78660","contractor_city":"Pflugerville","issuance_method":"Permit Center","contractor_phone":"5122520040","contractor_trade":"Electrical Contractor","permit_type_desc":"Electrical Permit","fiscal_year_issued":"2004","permit_class_mapped":"Residential","contractor_address_1":"2215 INVESTM","contractor_address_2":"PFLUGERVILLE","contractor_full_name":"Ronnie Kruse","issued_in_last_30_days":"No","property_legal_description":"LOT 18 BLK J SPILLMAN RANCH PHS 1 SEC 4"},"geometry":{"type":"Point","coordinates":[-97.97300243,30.31853929]}},{"type":"Feature","properties":{"date":"2003-12-11T05:00:00.000Z","year":2003,"description":"New 2-Stry Res W/Att Garage-Porch Outside The City Of Austin Elec Only","metadescription":"EP. Remodel. New 2-Stry Res W/Att Garage-Porch Outside The City Of Austin Elec Only. Final. 14817 SPILLMAN RANCH LOOP","address":"14817 SPILLMAN RANCH LOOP","link":"https://abc.austintexas.gov/web/permit/public-search-other?t_detail=1&t_selected_folderrsn=4418949","tcad_id":"0123730310","location":"    (30.31713972, -97.97271967)","day_issued":"THURSDAY","project_id":"4418949","status_date":"03/05/2007","jurisdiction":"BEE CAVE FULL PURPOSE","contractor_zip":"78660","contractor_city":"Pflugerville","issuance_method":"Permit Center","contractor_phone":"5122520040","contractor_trade":"Electrical Contractor","permit_type_desc":"Electrical Permit","fiscal_year_issued":"2004","permit_class_mapped":"Residential","contractor_address_1":"2215 INVESTM","contractor_address_2":"PFLUGERVILLE","contractor_full_name":"Ronnie Kruse","issued_in_last_30_days":"No","property_legal_description":"LOT 45 BLK E SPILLMAN RANCH PHS 1 SEC 4"},"geometry":{"type":"Point","coordinates":[-97.97271967,30.31713972]}},{"type":"Feature","properties":{"date":"2003-12-09T05:00:00.000Z","year":2003,"description":"New 2-Story Sf Res W/Att Garage CovD Porch Elec Srv Only -Eud","metadescription":"EP. New 2-Story Sf Res W/Att Garage CovD Porch Elec Srv Only -Eud. Final. 14916 SPILLMAN RANCH LOOP","address":"14916 SPILLMAN RANCH LOOP","link":"https://abc.austintexas.gov/web/permit/public-search-other?t_detail=1&t_selected_folderrsn=4341886","tcad_id":"0123730219","location":"    (30.3182484, -97.97348505)","day_issued":"TUESDAY","project_id":"4341886","condominium":"No","status_date":"03/02/2007","jurisdiction":"BEE CAVE FULL PURPOSE","contractor_zip":"78660","contractor_city":"Pflugerville","issuance_method":"Permit Center","contractor_phone":"5122520040","contractor_trade":"Electrical Contractor","number_of_floors":"2","permit_type_desc":"Electrical Permit","fiscal_year_issued":"2004","permit_class_mapped":"Residential","contractor_address_1":"2215 INVESTM","contractor_address_2":"PFLUGERVILLE","contractor_full_name":"Ronnie Kruse","issued_in_last_30_days":"No","certificate_of_occupancy":"No","property_legal_description":"LOT 20 BLK J SPILLMAN RANCH PHS 1 SEC 4"},"geometry":{"type":"Point","coordinates":[-97.97348505,30.3182484]}},{"type":"Feature","properties":{"date":"2003-11-25T05:00:00.000Z","year":2003,"description":"New 2 Stry Sf Res. W/Att-Garage-Porch Outside City  Elec Srv Only-Eud","metadescription":"EP. Remodel. New 2 Stry Sf Res. W/Att-Garage-Porch Outside City  Elec Srv Only-Eud. Final. 14916 SWALLOWTAILED KITE CV","address":"14916 SWALLOWTAILED KITE CV","link":"https://abc.austintexas.gov/web/permit/public-search-other?t_detail=1&t_selected_folderrsn=4341576","tcad_id":"0123730227","location":"    (30.31915054, -97.97333935)","day_issued":"TUESDAY","project_id":"4341576","condominium":"No","status_date":"03/05/2007","jurisdiction":"BEE CAVE FULL PURPOSE","contractor_zip":"78660","contractor_city":"Pflugerville","issuance_method":"Permit Center","contractor_phone":"5122520040","contractor_trade":"Electrical Contractor","number_of_floors":"2","permit_type_desc":"Electrical Permit","fiscal_year_issued":"2004","permit_class_mapped":"Residential","contractor_address_1":"2215 INVESTM","contractor_address_2":"PFLUGERVILLE","contractor_full_name":"Ronnie Kruse","issued_in_last_30_days":"No","certificate_of_occupancy":"No","property_legal_description":"LOT 12 BLK J SPILLMAN RANCH PHS 1 SEC 4"},"geometry":{"type":"Point","coordinates":[-97.97333935,30.31915054]}},{"type":"Feature","properties":{"date":"2002-01-15T05:00:00.000Z","year":2002,"description":"New Sf Resid W/Att Garage-Porch Outside Coa Elec Srv","metadescription":"EP. Remodel. New Sf Resid W/Att Garage-Porch Outside Coa Elec Srv. Final. 10512 POINTE VIEW DR","address":"10512 POINTE VIEW DR","link":"https://abc.austintexas.gov/web/permit/public-search-other?t_detail=1&t_selected_folderrsn=4318198","tcad_id":"0123551005","location":"    (30.31700336, -97.91625261)","day_issued":"TUESDAY","project_id":"4318198","status_date":"03/19/2007","jurisdiction":"BEE CAVE ETJ","contractor_zip":"78728","contractor_city":"Austin","issuance_method":"Permit Center","contractor_phone":"5122885373","contractor_trade":"Electrical Contractor","permit_type_desc":"Electrical Permit","fiscal_year_issued":"2002","permit_class_mapped":"Residential","contractor_address_2":"2611  Howard","contractor_full_name":"John Lanehart","issued_in_last_30_days":"No","property_legal_description":"LOT 3 BLK B LAKE POINTE SEC 6"},"geometry":{"type":"Point","coordinates":[-97.91625261,30.31700336]}},{"type":"Feature","properties":{"date":"2002-01-15T05:00:00.000Z","year":2002,"description":"New Sf Resid W/Att Garage-Porch Outside T","metadescription":"EP. Remodel. New Sf Resid W/Att Garage-Porch Outside T. Final. 10812 POINTE VIEW DR","address":"10812 POINTE VIEW DR","link":"https://abc.austintexas.gov/web/permit/public-search-other?t_detail=1&t_selected_folderrsn=4318199","tcad_id":"0123551001","location":"    (30.3164262, -97.91598177)","day_issued":"TUESDAY","project_id":"4318199","status_date":"03/19/2007","jurisdiction":"BEE CAVE ETJ","contractor_zip":"78728","contractor_city":"Austin","issuance_method":"Permit Center","contractor_phone":"5122885373","contractor_trade":"Electrical Contractor","permit_type_desc":"Electrical Permit","fiscal_year_issued":"2002","permit_class_mapped":"Residential","contractor_address_2":"2611  Howard","contractor_full_name":"John Lanehart","issued_in_last_30_days":"No","property_legal_description":"LOT 11 BLK B LAKE POINTE SEC 6"},"geometry":{"type":"Point","coordinates":[-97.91598177,30.3164262]}},{"type":"Feature","properties":{"date":"2002-01-15T05:00:00.000Z","year":2002,"description":"New Sf Resid W/Att Garage-Porch Outside Coa Elec Srv","metadescription":"EP. Remodel. New Sf Resid W/Att Garage-Porch Outside Coa Elec Srv. Final. 10613 POINTE VIEW DR","address":"10613 POINTE VIEW DR","link":"https://abc.austintexas.gov/web/permit/public-search-other?t_detail=1&t_selected_folderrsn=4318196","tcad_id":"0123530113","location":"    (30.31738887, -97.91525708)","day_issued":"TUESDAY","project_id":"4318196","status_date":"03/19/2007","jurisdiction":"BEE CAVE ETJ","contractor_zip":"78728","contractor_city":"Austin","issuance_method":"Permit Center","contractor_phone":"5122885373","contractor_trade":"Electrical Contractor","permit_type_desc":"Electrical Permit","fiscal_year_issued":"2002","permit_class_mapped":"Residential","contractor_address_2":"2611  Howard","contractor_full_name":"John Lanehart","issued_in_last_30_days":"No","property_legal_description":"LOT 19 BLK A LAKE POINTE SEC 6"},"geometry":{"type":"Point","coordinates":[-97.91525708,30.31738887]}}]}
