{"type":"FeatureCollection","features":[{"type":"Feature","properties":{"date":"2026-04-02T00:00:00.000Z","year":2026,"description":"DEMOLITION OF EXISTING DETACHED GARAGE.","metadescription":"Bldg-Demolition. 1 or 2 Family Dwelling. DEMOLITION OF EXISTING DETACHED GARAGE.. Issued. 826 N HARPER AVE","address":"824 1/2 North Harper Avenue, CA, Los Angeles, 90046, US","ct":"1944.02","ev":"N","apc":"Central","cpa":"Hollywood","zone":"R2-1XL","solar":"N","pin_nbr":"141B173    92","use_code":"23","status_date":"04/02/2026","permit_group":"Building","refresh_time":"06/10/2026","type_lat_lon":"ADDRESS","business_unit":"Plan Check at Counter","square_footage":"-400"},"geometry":{"type":"Point","coordinates":[-118.36895,34.08621]}},{"type":"Feature","properties":{"date":"2026-03-30T00:00:00.000Z","year":2026,"description":"ePlan:  EARLY START PERMIT - DEMO NON-STRUCTURAL INTERIOR 1ST AND 2ND FLOOR PER PLAN with Modification.","metadescription":"Bldg-Alter/Repair. Commercial. ePlan:  EARLY START PERMIT - DEMO NON-STRUCTURAL INTERIOR 1ST AND 2ND FLOOR PER PLAN with Modification.. Issued. 8214 W MELROSE AVE","address":"8214 Melrose Avenue, CA, Los Angeles, 90046, US","ct":"1944.02","ev":"N","apc":"Central","cpa":"Hollywood","zone":"C4-1XL","solar":"N","pin_nbr":"141B173   471","use_code":"16","status_date":"03/30/2026","permit_group":"Building","refresh_time":"06/10/2026","type_lat_lon":"ADDRESS","business_unit":"Plan Check at Counter"},"geometry":{"type":"Point","coordinates":[-118.36864,34.0835]}},{"type":"Feature","properties":{"date":"2026-02-26T00:00:00.000Z","year":2026,"description":"Demolish (E) Duplex***2 of 2***","metadescription":"Bldg-Demolition. 1 or 2 Family Dwelling. Demolish (E) Duplex***2 of 2***. Corrections Issued. 812 N SWEETZER AVE","address":"808 North Sweetzer Avenue, CA, West Hollywood, 90069, US","ct":"1944.02","ev":"N","apc":"Central","cpa":"Hollywood","zone":"[Q]R3-1","solar":"N","pin_nbr":"141B173   151","use_code":"23","status_date":"02/27/2026","permit_group":"Building","refresh_time":"06/10/2026","type_lat_lon":"ADDRESS","business_unit":"Plan Check at Counter","square_footage":"0"},"geometry":{"type":"Point","coordinates":[-118.37013,34.08579]}},{"type":"Feature","properties":{"date":"2026-02-26T00:00:00.000Z","year":2026,"description":"Demolish (E) SFD***1 of 2***","metadescription":"Bldg-Demolition. 1 or 2 Family Dwelling. Demolish (E) SFD***1 of 2***. Corrections Issued. 812 N SWEETZER AVE","address":"808 North Sweetzer Avenue, CA, West Hollywood, 90069, US","ct":"1944.02","ev":"N","apc":"Central","cpa":"Hollywood","zone":"[Q]R3-1","solar":"N","pin_nbr":"141B173   151","use_code":"23","status_date":"02/27/2026","permit_group":"Building","refresh_time":"06/10/2026","type_lat_lon":"ADDRESS","business_unit":"Plan Check at Counter","square_footage":"0"},"geometry":{"type":"Point","coordinates":[-118.37013,34.08579]}},{"type":"Feature","properties":{"date":"2026-02-26T00:00:00.000Z","year":2026,"description":"demolition of (e) detached garage    *** 2 of 2 ***","metadescription":"Bldg-Demolition. 1 or 2 Family Dwelling. demolition of (e) detached garage    *** 2 of 2 ***. Corrections Issued. 806 N SWEETZER AVE","address":"806 North Sweetzer Avenue, CA, West Hollywood, 90069, US","ct":"1944.02","ev":"N","apc":"Central","cpa":"Hollywood","zone":"[Q]R3-1","solar":"N","pin_nbr":"141B173   167","use_code":"23","status_date":"03/04/2026","permit_group":"Building","refresh_time":"06/10/2026","type_lat_lon":"ADDRESS","business_unit":"Plan Check at Counter"},"geometry":{"type":"Point","coordinates":[-118.37012,34.08564]}},{"type":"Feature","properties":{"date":"2026-02-26T00:00:00.000Z","year":2026,"description":"demolition of (e)  duplex   *** 1 of 2 ***","metadescription":"Bldg-Demolition. 1 or 2 Family Dwelling. demolition of (e)  duplex   *** 1 of 2 ***. Corrections Issued. 806 N SWEETZER AVE","address":"806 North Sweetzer Avenue, CA, West Hollywood, 90069, US","ct":"1944.02","ev":"N","apc":"Central","cpa":"Hollywood","zone":"[Q]R3-1","solar":"N","pin_nbr":"141B173   167","use_code":"23","status_date":"03/04/2026","permit_group":"Building","refresh_time":"06/10/2026","type_lat_lon":"ADDRESS","business_unit":"Plan Check at Counter"},"geometry":{"type":"Point","coordinates":[-118.37012,34.08564]}},{"type":"Feature","properties":{"date":"2025-12-24T00:00:00.000Z","year":2025,"description":"Demolition of (E) Single Family Dwelling w/ attached garage","metadescription":"Bldg-Demolition. 1 or 2 Family Dwelling. Demolition of (E) Single Family Dwelling w/ attached garage. Permit Finaled. 1302 N MARTEL AVE","address":"1302 Martel Avenue, CA, Los Angeles, 90046, US","ct":"1899.07","ev":"N","apc":"Central","cpa":"Hollywood","zone":"R3-1XL","solar":"N","pin_nbr":"144B181   124","use_code":"23","status_date":"02/24/2026","permit_group":"Building","refresh_time":"06/10/2026","type_lat_lon":"ADDRESS","business_unit":"Plan Check at Counter"},"geometry":{"type":"Point","coordinates":[-118.35052,34.09459]}},{"type":"Feature","properties":{"date":"2025-12-24T00:00:00.000Z","year":2025,"description":"Demolition of (E) Single Family Dwelling","metadescription":"Bldg-Demolition. 1 or 2 Family Dwelling. Demolition of (E) Single Family Dwelling. Permit Finaled. 7321 W FOUNTAIN AVE","address":"7321 Fountain Avenue, CA, Los Angeles, 90046, US","ct":"1899.07","ev":"N","apc":"Central","cpa":"Hollywood","zone":"R3-1XL","solar":"N","pin_nbr":"144B181   125","use_code":"23","status_date":"02/24/2026","permit_group":"Building","refresh_time":"06/10/2026","type_lat_lon":"ADDRESS","business_unit":"Plan Check at Counter"},"geometry":{"type":"Point","coordinates":[-118.35027,34.0945]}},{"type":"Feature","properties":{"date":"2025-12-24T00:00:00.000Z","year":2025,"description":"Demolition of (E) Single Family Dwelling","metadescription":"Bldg-Demolition. 1 or 2 Family Dwelling. Demolition of (E) Single Family Dwelling. Permit Finaled. 7317 W FOUNTAIN AVE","address":"7317 Fountain Avenue, CA, Los Angeles, 90046, US","ct":"1899.07","ev":"N","apc":"Central","cpa":"Hollywood","zone":"R3-1XL","solar":"N","pin_nbr":"144B181   125","use_code":"23","status_date":"02/24/2026","permit_group":"Building","refresh_time":"06/10/2026","type_lat_lon":"ADDRESS","business_unit":"Plan Check at Counter"},"geometry":{"type":"Point","coordinates":[-118.35023,34.0945]}},{"type":"Feature","properties":{"date":"2025-11-19T00:00:00.000Z","year":2025,"description":"EPLAN. DEMOLITION OF EXISTING SFD (583 SF). (RELOCATE BLDG TO OUTSIDE CITY)SEE COMMENTS","metadescription":"Bldg-Demolition. 1 or 2 Family Dwelling. EPLAN. DEMOLITION OF EXISTING SFD (583 SF). (RELOCATE BLDG TO OUTSIDE CITY)SEE COMMENTS. Corrections Issued. 7321 W FOUNTAIN AVE","address":"7321 Fountain Avenue, CA, Los Angeles, 90046, US","ct":"1899.07","ev":"N","apc":"Central","cpa":"Hollywood","zone":"R3-1XL","solar":"N","pin_nbr":"144B181   125","use_code":"23","status_date":"11/20/2025","permit_group":"Building","refresh_time":"06/10/2026","type_lat_lon":"ADDRESS","business_unit":"Plan Check at Counter","square_footage":"0"},"geometry":{"type":"Point","coordinates":[-118.35027,34.0945]}},{"type":"Feature","properties":{"date":"2025-10-28T00:00:00.000Z","year":2025,"description":"DEMO THE (E) DETACHED GARAGE","metadescription":"Bldg-Demolition. 1 or 2 Family Dwelling. DEMO THE (E) DETACHED GARAGE. Permit Finaled. 411 N KINGS ROAD","address":"411 North Kings Road, CA, Los Angeles, 90048, US","ct":"1945.00","ev":"N","apc":"Central","cpa":"Wilshire","zone":"R1V3-O","solar":"N","pin_nbr":"138B173    35","use_code":"23","status_date":"11/07/2025","permit_group":"Building","refresh_time":"06/10/2026","type_lat_lon":"ADDRESS","business_unit":"Plan Check at Counter"},"geometry":{"type":"Point","coordinates":[-118.37232,34.07847]}},{"type":"Feature","properties":{"date":"2025-10-16T00:00:00.000Z","year":2025,"description":"ePlan.  Demolition of an approx. 2,362 SF Single Family Dwelling and an approx. 493 SF Detached Garage. \"COMPLY WITH DEPARTMENT ORDER effective date 12/05/2017. PERMIT WILL EXPIRE 30 DAYS FROM ISSUANCE DATE\"","metadescription":"Bldg-Demolition. 1 or 2 Family Dwelling. ePlan.  Demolition of an approx. 2,362 SF Single Family Dwelling and an approx. 493 SF Detached Garage. \"COMPLY WITH DEPARTMENT ORDER effective date 12/05/2017. PERMIT WILL EXPIRE 30 DAYS FROM ISSUANCE DATE\". Permit Finaled. 855 N ORLANDO AVE","address":"855 North Orlando Avenue, CA, West Hollywood, 90069, US","ct":"1944.02","ev":"N","apc":"Central","cpa":"Hollywood","zone":"R1-1","solar":"N","pin_nbr":"144B173   407","use_code":"1","status_date":"03/03/2026","permit_group":"Building","refresh_time":"06/10/2026","type_lat_lon":"ADDRESS","business_unit":"Plan Check at Counter","square_footage":"0"},"geometry":{"type":"Point","coordinates":[-118.37329,34.08686]}},{"type":"Feature","properties":{"date":"2025-07-25T00:00:00.000Z","year":2025,"description":"demo existing ofiice building","metadescription":"Bldg-Demolition. Commercial. demo existing ofiice building. Permit Finaled. 630 N LA CIENEGA BLVD","address":"630 North La Cienega Boulevard, CA, West Hollywood, 90069, US","ct":"1944.02","ev":"N","apc":"Central","cpa":"Hollywood","zone":"C4-1XL","solar":"N","pin_nbr":"141B173   556","use_code":"13","status_date":"12/10/2025","permit_group":"Building","refresh_time":"06/10/2026","type_lat_lon":"ADDRESS","business_unit":"Plan Check at Counter"},"geometry":{"type":"Point","coordinates":[-118.37631,34.0831]}},{"type":"Feature","properties":{"date":"2025-07-24T00:00:00.000Z","year":2025,"description":"Demolish portion of the building (746 sf) within LA city boundaries to clear the lot in located in LA city ; West Hollywood Building alteration under permit # B24-0477 ; See comments","metadescription":"Bldg-Alter/Repair. Commercial. Demolish portion of the building (746 sf) within LA city boundaries to clear the lot in located in LA city ; West Hollywood Building alteration under permit # B24-0477 ; See comments. Permit Finaled. 630 N LA CIENEGA BLVD","address":"630 North La Cienega Boulevard, CA, West Hollywood, 90069, US","ct":"1944.02","ev":"N","apc":"Central","cpa":"Hollywood","zone":"C4-1XL","solar":"N","pin_nbr":"141B173   556","use_code":"13","status_date":"12/15/2025","permit_group":"Building","refresh_time":"06/10/2026","type_lat_lon":"ADDRESS","business_unit":"Plan Check at Counter"},"geometry":{"type":"Point","coordinates":[-118.37631,34.0831]}},{"type":"Feature","properties":{"date":"2025-07-17T00:00:00.000Z","year":2025,"description":"DEMO (E) GARAGE","metadescription":"Bldg-Demolition. 1 or 2 Family Dwelling. DEMO (E) GARAGE. Corrections Issued. 1452 N MARTEL AVE","address":"1452 North Martel Avenue, CA, Los Angeles, 90046, US","ct":"1899.07","ev":"N","apc":"Central","cpa":"Hollywood","zone":"[Q]C4-1VLD-CPIO","solar":"N","pin_nbr":"147B181   714","use_code":"7","status_date":"07/17/2025","permit_group":"Building","refresh_time":"06/10/2026","type_lat_lon":"ADDRESS","business_unit":"Plan Check at Counter"},"geometry":{"type":"Point","coordinates":[-118.35053,34.09748]}},{"type":"Feature","properties":{"date":"2025-07-16T00:00:00.000Z","year":2025,"description":"ePlan. Demolish existing Single-Family Dwelling and Detached Garage","metadescription":"Bldg-Demolition. 1 or 2 Family Dwelling. ePlan. Demolish existing Single-Family Dwelling and Detached Garage. Permit Finaled. 1002 N ORLANDO AVE","address":"1002 North Orlando Avenue, CA, West Hollywood, 90069, US","ct":"1944.02","ev":"N","apc":"Central","cpa":"Hollywood","zone":"R1-1","solar":"N","pin_nbr":"144B173   178","use_code":"1","status_date":"09/18/2025","permit_group":"Building","refresh_time":"06/10/2026","type_lat_lon":"ADDRESS","business_unit":"Plan Check at Counter"},"geometry":{"type":"Point","coordinates":[-118.37304,34.08907]}},{"type":"Feature","properties":{"date":"2025-04-29T00:00:00.000Z","year":2025,"description":"demolish (e) 1-story S.F.D. and detached garage","metadescription":"Bldg-Demolition. 1 or 2 Family Dwelling. demolish (e) 1-story S.F.D. and detached garage. Permit Finaled. 1308 N MARTEL AVE","address":"1308 North Martel Avenue, CA, Los Angeles, 90046, US","ct":"1899.07","ev":"N","apc":"Central","cpa":"Hollywood","zone":"R3-1XL","solar":"N","pin_nbr":"144B181    99","use_code":"1","status_date":"05/27/2025","permit_group":"Building","refresh_time":"06/10/2026","type_lat_lon":"ADDRESS","business_unit":"Plan Check at Counter"},"geometry":{"type":"Point","coordinates":[-118.35052,34.09472]}},{"type":"Feature","properties":{"date":"2025-04-03T00:00:00.000Z","year":2025,"description":"ePlan: EARLY START INTERIOR NON-STRUCTURAL DEMOLITION WHICH WILL INCLUDE THE REMOVAL OF INTERIOR NON-BEARING PARTITIONS, CEILING, MILLWORK, FINISHES, AND LIGHT FIXTURES. NOT TO INCLUDE FIRE SPRINKLERS OR OTHER FIRE SAFETY SYSTEMS.","metadescription":"Bldg-Alter/Repair. Commercial. ePlan: EARLY START INTERIOR NON-STRUCTURAL DEMOLITION WHICH WILL INCLUDE THE REMOVAL OF INTERIOR NON-BEARING PARTITIONS, CEILING, MILLWORK, FINISHES, AND LIGHT FIXTURES. NOT TO INCLUDE FIRE SPRINKLERS OR OTHER FIRE SAFETY SYSTEMS.. Issued. 740-744 N LA CIENEGA BLVD","address":"740 North La Cienega Boulevard, CA, West Hollywood, 90069, US","ct":"1944.02","ev":"N","apc":"Central","cpa":"Hollywood","zone":"[Q]C2-2D-CPIO","solar":"N","pin_nbr":"141B173   286","use_code":"16","status_date":"04/03/2025","permit_group":"Building","refresh_time":"06/10/2026","type_lat_lon":"ADDRESS","business_unit":"Expanded Counter Plan Check"},"geometry":{"type":"Point","coordinates":[-118.37633,34.08472]}},{"type":"Feature","properties":{"date":"2025-03-31T00:00:00.000Z","year":2025,"description":"eplan: EARLY START INTERIOR NON-STRUCTURAL DEMOLITION WHICH WILL INCLUDE THE REMOVAL OF INTERIOR NON-BEARING PARTITIONS, DOORS, CEILING, MILLWORK, FINISHES, AND LIGHT FIXTURES. NOT TO INCLUDE FIRE SPRINKLERS OR OTHER FIRE SAFETY SYSTEMS.","metadescription":"Bldg-Alter/Repair. Commercial. eplan: EARLY START INTERIOR NON-STRUCTURAL DEMOLITION WHICH WILL INCLUDE THE REMOVAL OF INTERIOR NON-BEARING PARTITIONS, DOORS, CEILING, MILLWORK, FINISHES, AND LIGHT FIXTURES. NOT TO INCLUDE FIRE SPRINKLERS OR OTHER FIRE SAFETY SYSTEMS.. Issued. 8409 W MELROSE AVE","address":"8409 Melrose Avenue, CA, West Hollywood, 90069, US","ct":"1944.02","ev":"N","apc":"Central","cpa":"Hollywood","zone":"C4-1XL","solar":"N","pin_nbr":"141B173   502","use_code":"16","status_date":"03/31/2025","permit_group":"Building","refresh_time":"06/10/2026","type_lat_lon":"ADDRESS","business_unit":"Expanded Counter Plan Check"},"geometry":{"type":"Point","coordinates":[-118.37391,34.0834]}},{"type":"Feature","properties":{"date":"2025-01-17T00:00:00.000Z","year":2025,"description":"eplan Supplemental permit to 24014-10000-00057 to remove and replace interior wall, demo and replace foundation, non conforming wall to remain per plan(see comments)","metadescription":"Bldg-Alter/Repair. 1 or 2 Family Dwelling. eplan Supplemental permit to 24014-10000-00057 to remove and replace interior wall, demo and replace foundation, non conforming wall to remain per plan(see comments). Permit Finaled. 8164 W WARING AVE","address":"8164 Waring Avenue, CA, Los Angeles, 90046, US","ct":"1944.02","ev":"N","apc":"Central","cpa":"Hollywood","zone":"R2-1XL","solar":"N","pin_nbr":"141B173   207","use_code":"1","status_date":"04/14/2026","permit_group":"Building","refresh_time":"06/10/2026","type_lat_lon":"ADDRESS","business_unit":"Plan Check at Counter"},"geometry":{"type":"Point","coordinates":[-118.36752,34.08535]}},{"type":"Feature","properties":{"date":"2024-12-18T00:00:00.000Z","year":2024,"description":"DEMOLISH (E) DETACHED GARAGE","metadescription":"Bldg-Demolition. 1 or 2 Family Dwelling. DEMOLISH (E) DETACHED GARAGE. Corrections Issued. 326 N ALFRED ST","address":"326 North Alfred Street, CA, Los Angeles, 90048, US","ct":"1945.00","ev":"N","apc":"Central","cpa":"Wilshire","zone":"R2-1-O","solar":"N","pin_nbr":"138B173   316","use_code":"7","status_date":"12/24/2024","permit_group":"Building","refresh_time":"06/10/2026","type_lat_lon":"ADDRESS","business_unit":"Plan Check at Counter"},"geometry":{"type":"Point","coordinates":[-118.37519,34.07683]}},{"type":"Feature","properties":{"date":"2024-12-18T00:00:00.000Z","year":2024,"description":"EPLAN: DEMOLISH (E) DUPLEX. SEWER CAP ______. PEDESTRIAN PROTECTION FENCE________.","metadescription":"Bldg-Demolition. 1 or 2 Family Dwelling. EPLAN: DEMOLISH (E) DUPLEX. SEWER CAP ______. PEDESTRIAN PROTECTION FENCE________.. Corrections Issued. 326 N ALFRED ST","address":"326 North Alfred Street, CA, Los Angeles, 90048, US","ct":"1945.00","ev":"N","apc":"Central","cpa":"Wilshire","zone":"R2-1-O","solar":"N","pin_nbr":"138B173   316","use_code":"2","status_date":"12/24/2024","permit_group":"Building","refresh_time":"06/10/2026","type_lat_lon":"ADDRESS","business_unit":"Expanded Counter Plan Check"},"geometry":{"type":"Point","coordinates":[-118.37519,34.07683]}},{"type":"Feature","properties":{"date":"2024-11-15T00:00:00.000Z","year":2024,"description":"DEMOLITION OF EXISTING DETACHED GARAGE - SEWER CAP NOT REQUIRED","metadescription":"Bldg-Demolition. 1 or 2 Family Dwelling. DEMOLITION OF EXISTING DETACHED GARAGE - SEWER CAP NOT REQUIRED. Permit Finaled. 917 N CRESCENT HEIGHTS BLVD","address":"917 North Crescent Heights Boulevard, CA, Los Angeles, 90046, US","ct":"1944.01","ev":"N","apc":"Central","cpa":"Hollywood","zone":"R1-1","solar":"N","pin_nbr":"144B177   400","use_code":"7","status_date":"02/12/2025","permit_group":"Building","refresh_time":"06/10/2026","type_lat_lon":"ADDRESS","business_unit":"Plan Check at Counter"},"geometry":{"type":"Point","coordinates":[-118.36603,34.08771]}},{"type":"Feature","properties":{"date":"2024-11-14T00:00:00.000Z","year":2024,"description":"DEMO THE (E) SFD AND GARAGE - SEWER CAP REQUIRED\"COMPLY WITH DEPARTMENT ORDER effective date06/04/2024. PERMIT WILL EXPIRE 30 DAYS FROM ISSUANCE DATE\".","metadescription":"Bldg-Demolition. 1 or 2 Family Dwelling. DEMO THE (E) SFD AND GARAGE - SEWER CAP REQUIRED\"COMPLY WITH DEPARTMENT ORDER effective date06/04/2024. PERMIT WILL EXPIRE 30 DAYS FROM ISSUANCE DATE\".. Permit Finaled. 420 N KINGS ROAD","address":"420 North Kings Road, CA, Los Angeles, 90048, US","ct":"1945.00","ev":"N","apc":"Central","cpa":"Wilshire","zone":"R1V3","solar":"N","pin_nbr":"141B173  1379","use_code":"1","status_date":"02/21/2025","permit_group":"Building","refresh_time":"06/10/2026","type_lat_lon":"ADDRESS","business_unit":"Plan Check at Counter"},"geometry":{"type":"Point","coordinates":[-118.372,34.07876]}},{"type":"Feature","properties":{"date":"2024-08-23T00:00:00.000Z","year":2024,"description":"Demolition of existing detached garage. Sewer cap required.","metadescription":"Bldg-Demolition. 1 or 2 Family Dwelling. Demolition of existing detached garage. Sewer cap required.. Permit Finaled. 139 N ALMONT DR","address":"139 North Almont Drive, CA, Los Angeles, 90048, US","ct":"2149.03","ev":"N","apc":"Central","cpa":"Wilshire","zone":"R1-1-O","solar":"N","pin_nbr":"138B169   235","use_code":"7","status_date":"07/21/2025","permit_group":"Building","refresh_time":"06/10/2026","type_lat_lon":"ADDRESS","business_unit":"Plan Check at Counter"},"geometry":{"type":"Point","coordinates":[-118.38792,34.07644]}},{"type":"Feature","properties":{"date":"2024-07-10T00:00:00.000Z","year":2024,"description":"DEMO EXISTING DETACHED GARAGE","metadescription":"Bldg-Demolition. 1 or 2 Family Dwelling. DEMO EXISTING DETACHED GARAGE. Permit Finaled. 8207 W CLINTON ST","address":"8215 Clinton Street, CA, Los Angeles, 90048, US","ct":"1944.02","ev":"N","apc":"Central","cpa":"Hollywood","zone":"R1V3","solar":"N","pin_nbr":"141B173   816","use_code":"7","status_date":"08/19/2024","permit_group":"Building","refresh_time":"06/10/2026","type_lat_lon":"ADDRESS","business_unit":"Expanded Counter Plan Check","square_footage":"-180"},"geometry":{"type":"Point","coordinates":[-118.36846,34.08161]}},{"type":"Feature","properties":{"date":"2024-07-03T00:00:00.000Z","year":2024,"description":"Demolition of (E) 1-Story SFD and Detached Garage","metadescription":"Bldg-Demolition. 1 or 2 Family Dwelling. Demolition of (E) 1-Story SFD and Detached Garage. Permit Finaled. 1310 N FULLER AVE","address":"1310 North Fuller Avenue, CA, Los Angeles, 90046, US","ct":"1899.06","ev":"N","apc":"Central","cpa":"Hollywood","zone":"R3-1","solar":"N","pin_nbr":"144B181    87","use_code":"1","status_date":"07/31/2024","permit_group":"Building","refresh_time":"06/10/2026","type_lat_lon":"ADDRESS","business_unit":"Plan Check at Counter","square_footage":"0"},"geometry":{"type":"Point","coordinates":[-118.34941,34.09479]}},{"type":"Feature","properties":{"date":"2024-07-01T00:00:00.000Z","year":2024,"description":"DEMO THE (E) DETACHED GARAGE BY HANDWRECKING.Sewer Cap not required.","metadescription":"Bldg-Demolition. 1 or 2 Family Dwelling. DEMO THE (E) DETACHED GARAGE BY HANDWRECKING.Sewer Cap not required.. Permit Finaled. 362 N KINGS ROAD","address":"362 North Kings Road, CA, Los Angeles, 90048, US","ct":"1945.00","ev":"N","apc":"Central","cpa":"Wilshire","zone":"R1V3","solar":"N","height":"0","pin_nbr":"138B173   124","use_code":"7","status_date":"08/26/2024","permit_group":"Building","refresh_time":"06/10/2026","type_lat_lon":"ADDRESS","business_unit":"Plan Check at Counter"},"geometry":{"type":"Point","coordinates":[-118.37199,34.0778]}},{"type":"Feature","properties":{"date":"2024-06-21T00:00:00.000Z","year":2024,"description":"INTERIOR TI TO DEMOLITION OF EXISTING RETAIL SPACE AND INSTALLATION OF NEW INTERIOR BUILDOUT (NO CHANGE OF USE) PLUMBING, ELECTRICAL, AND HVAC UNDER SEPARATE PERMIT.","metadescription":"Bldg-Alter/Repair. Commercial. INTERIOR TI TO DEMOLITION OF EXISTING RETAIL SPACE AND INSTALLATION OF NEW INTERIOR BUILDOUT (NO CHANGE OF USE) PLUMBING, ELECTRICAL, AND HVAC UNDER SEPARATE PERMIT.. Permit Finaled. 8405 W MELROSE PL","address":"8405 Melrose Place, CA, West Hollywood, 90069, US","ct":"1944.02","ev":"N","apc":"Central","cpa":"Hollywood","zone":"C4-1XL","solar":"N","pin_nbr":"141B173   440","use_code":"16","status_date":"08/27/2024","permit_group":"Building","refresh_time":"06/10/2026","type_lat_lon":"ADDRESS","business_unit":"Plan Check at Counter"},"geometry":{"type":"Point","coordinates":[-118.37338,34.08377]}},{"type":"Feature","properties":{"date":"2024-06-06T00:00:00.000Z","year":2024,"description":"DEMO THE (E) 1,457 SQ. FT. SFD AND THE 360 SQ. FT. DETACHED GARAGE - SEWER CAP REQUIRED","metadescription":"Bldg-Demolition. 1 or 2 Family Dwelling. DEMO THE (E) 1,457 SQ. FT. SFD AND THE 360 SQ. FT. DETACHED GARAGE - SEWER CAP REQUIRED. Permit Finaled. 405 N FLORES ST","address":"405 North Flores Street, CA, Los Angeles, 90048, US","ct":"1945.00","ev":"N","apc":"Central","cpa":"Wilshire","zone":"R1V3","solar":"N","pin_nbr":"138B173    61","use_code":"1","status_date":"04/02/2025","permit_group":"Building","refresh_time":"06/10/2026","type_lat_lon":"ADDRESS","business_unit":"Plan Check at Counter"},"geometry":{"type":"Point","coordinates":[-118.3712,34.07835]}},{"type":"Feature","properties":{"date":"2024-05-21T00:00:00.000Z","year":2024,"description":"Tenant Improvement and change of use, from retail to furniture showroom.All work to be within existing footprint. Demo rebuild bathroom. Interior remodel","metadescription":"Bldg-Alter/Repair. Commercial. Tenant Improvement and change of use, from retail to furniture showroom.All work to be within existing footprint. Demo rebuild bathroom. Interior remodel. PC Info Complete. 8270 W MELROSE AVE","address":"8270 Melrose Avenue, CA, Los Angeles, 90046, US","ct":"1944.02","ev":"N","apc":"Central","cpa":"Hollywood","zone":"C4-1XL","solar":"N","pin_nbr":"141B173   479","use_code":"16","status_date":"07/29/2024","construction":"Type V-B Construction","permit_group":"Building","refresh_time":"06/10/2026","type_lat_lon":"ADDRESS","business_unit":"Regular Plan Check","square_footage":"0"},"geometry":{"type":"Point","coordinates":[-118.36976,34.08355]}},{"type":"Feature","properties":{"date":"2024-05-02T00:00:00.000Z","year":2024,"description":"DEMOLISH (E) SINGLE FAMILY RESIDENCE, WHICH HAS BEEN DEEMED A PUBLIC NUISANCE PER BOARD FILE 230065 DATED NOV. 16TH 2023 AND LABC SECTION 8904.2.1","metadescription":"Bldg-Demolition. 1 or 2 Family Dwelling. DEMOLISH (E) SINGLE FAMILY RESIDENCE, WHICH HAS BEEN DEEMED A PUBLIC NUISANCE PER BOARD FILE 230065 DATED NOV. 16TH 2023 AND LABC SECTION 8904.2.1. Permit Finaled. 800 N LA JOLLA AVE","address":"808 North La Jolla Avenue, CA, Los Angeles, 90046, US","ct":"1944.02","ev":"N","apc":"Central","cpa":"Hollywood","zone":"R2-1XL","solar":"N","pin_nbr":"141B173   183","use_code":"1","status_date":"08/14/2024","permit_group":"Building","refresh_time":"06/10/2026","type_lat_lon":"ADDRESS","business_unit":"Plan Check at Counter","square_footage":"0"},"geometry":{"type":"Point","coordinates":[-118.36788,34.08564]}},{"type":"Feature","properties":{"date":"2024-05-02T00:00:00.000Z","year":2024,"description":"DEMOLISH (E) SINGLE FAMILY RESIDENCE, WHICH HAS BEEN DEEMED A PUBLIC NUISANCE PER BOARD FILE 230065 DATED NOV. 16TH 2023 AND LABC SECTION 8904.2.1","metadescription":"Bldg-Demolition. 1 or 2 Family Dwelling. DEMOLISH (E) SINGLE FAMILY RESIDENCE, WHICH HAS BEEN DEEMED A PUBLIC NUISANCE PER BOARD FILE 230065 DATED NOV. 16TH 2023 AND LABC SECTION 8904.2.1. Permit Finaled. 800 N LA JOLLA AVE","address":"808 North La Jolla Avenue, CA, Los Angeles, 90046, US","ct":"1944.02","ev":"N","apc":"Central","cpa":"Hollywood","zone":"R2-1XL","solar":"N","pin_nbr":"141B173   183","use_code":"1","status_date":"08/14/2024","permit_group":"Building","refresh_time":"06/10/2026","type_lat_lon":"ADDRESS","business_unit":"Plan Check at Counter","square_footage":"0"},"geometry":{"type":"Point","coordinates":[-118.36788,34.08564]}},{"type":"Feature","properties":{"date":"2024-05-02T00:00:00.000Z","year":2024,"description":"DEMOLISH (E) SINGLE FAMILY RESIDENCE, WHICH HAS BEEN DEEMED A PUBLIC NUISANCE PER BOARD FILE 230065 DATED NOV. 16TH 2023 AND LABC SECTION 8904.2.1","metadescription":"Bldg-Demolition. 1 or 2 Family Dwelling. DEMOLISH (E) SINGLE FAMILY RESIDENCE, WHICH HAS BEEN DEEMED A PUBLIC NUISANCE PER BOARD FILE 230065 DATED NOV. 16TH 2023 AND LABC SECTION 8904.2.1. Permit Finaled. 800 N LA JOLLA AVE","address":"808 North La Jolla Avenue, CA, Los Angeles, 90046, US","ct":"1944.02","ev":"N","apc":"Central","cpa":"Hollywood","zone":"R2-1XL","solar":"N","pin_nbr":"141B173   183","use_code":"1","status_date":"08/14/2024","permit_group":"Building","refresh_time":"06/10/2026","type_lat_lon":"ADDRESS","business_unit":"Plan Check at Counter","square_footage":"0"},"geometry":{"type":"Point","coordinates":[-118.36788,34.08564]}},{"type":"Feature","properties":{"date":"2024-04-04T00:00:00.000Z","year":2024,"description":"DEMO THE (E) BUILDING","metadescription":"Bldg-Demolition. Commercial. DEMO THE (E) BUILDING. Issued. 8425 W MELROSE AVE","address":"8425 Melrose Avenue, CA, West Hollywood, 90069, US","ct":"1944.02","ev":"N","apc":"Central","cpa":"Hollywood","zone":"C4-1XL","solar":"N","pin_nbr":"141B173   504","use_code":"16","status_date":"04/04/2024","permit_group":"Building","refresh_time":"06/10/2026","type_lat_lon":"ADDRESS","business_unit":"Plan Check at Counter"},"geometry":{"type":"Point","coordinates":[-118.37422,34.0833]}},{"type":"Feature","properties":{"date":"2024-02-02T00:00:00.000Z","year":2024,"description":"EPLAN: DEMOLISH EXISTING DETACHED GARAGE","metadescription":"Bldg-Demolition. 1 or 2 Family Dwelling. EPLAN: DEMOLISH EXISTING DETACHED GARAGE. Issued. 419 N ORLANDO AVE","address":"419 North Orlando Avenue, CA, Los Angeles, 90048, US","ct":"1945.00","ev":"N","apc":"Central","cpa":"Wilshire","zone":"R1V3-O","solar":"N","pin_nbr":"141B173  1357","use_code":"7","status_date":"02/02/2024","permit_group":"Building","refresh_time":"06/10/2026","type_lat_lon":"ADDRESS","business_unit":"Plan Check at Counter"},"geometry":{"type":"Point","coordinates":[-118.37328,34.07889]}},{"type":"Feature","properties":{"date":"2024-01-30T00:00:00.000Z","year":2024,"description":"DEMO PERMIT FOR COMMERCIAL BUILDING AND CONCRETE PAD","metadescription":"Bldg-Demolition. Commercial. DEMO PERMIT FOR COMMERCIAL BUILDING AND CONCRETE PAD. PC Info Complete. 959 N LA CIENEGA BLVD","address":"959 North La Cienega Boulevard, CA, West Hollywood, 90069, US","ct":"1944.02","ev":"N","apc":"Central","cpa":"Hollywood","zone":"C4-1VL","solar":"N","pin_nbr":"144B173   210","use_code":"13","status_date":"03/19/2024","permit_group":"Building","refresh_time":"06/10/2026","type_lat_lon":"ADDRESS","business_unit":"Plan Check at Counter"},"geometry":{"type":"Point","coordinates":[-118.37657,34.08854]}},{"type":"Feature","properties":{"date":"2024-01-30T00:00:00.000Z","year":2024,"description":"DEMOLITION OF ONE STORY STUCCO BUILDING","metadescription":"Bldg-Demolition. Commercial. DEMOLITION OF ONE STORY STUCCO BUILDING. PC Info Complete. 951-953 N LA CIENEGA BLVD","address":"951 North La Cienega Boulevard, CA, West Hollywood, 90069, US","ct":"1944.02","ev":"N","apc":"Central","cpa":"Hollywood","zone":"C4-1VL","solar":"N","pin_nbr":"144B173   235","use_code":"13","status_date":"03/19/2024","permit_group":"Building","refresh_time":"06/10/2026","type_lat_lon":"ADDRESS","business_unit":"Plan Check at Counter"},"geometry":{"type":"Point","coordinates":[-118.37657,34.08834]}},{"type":"Feature","properties":{"date":"2024-01-02T00:00:00.000Z","year":2024,"description":"DEMO THE (E) DETACHED GARAGE**SEE COMMENTS","metadescription":"Bldg-Demolition. 1 or 2 Family Dwelling. DEMO THE (E) DETACHED GARAGE**SEE COMMENTS. Corrections Issued. 446 N ALFRED ST","address":"446 North Alfred Street, CA, Los Angeles, 90048, US","ct":"1945.00","ev":"N","apc":"Central","cpa":"Wilshire","zone":"R2-1-O","solar":"N","pin_nbr":"141B173  1227","use_code":"7","status_date":"01/02/2024","permit_group":"Building","refresh_time":"06/10/2026","type_lat_lon":"ADDRESS","business_unit":"Plan Check at Counter"},"geometry":{"type":"Point","coordinates":[-118.37515,34.07946]}},{"type":"Feature","properties":{"date":"2023-11-02T00:00:00.000Z","year":2023,"description":"DEMO THE (E) SFD AND DETACHED GARAGE AND REC ROOM. SEWER CAP AND FENCE REQUIRED.","metadescription":"Bldg-Demolition. 1 or 2 Family Dwelling. DEMO THE (E) SFD AND DETACHED GARAGE AND REC ROOM. SEWER CAP AND FENCE REQUIRED.. Permit Finaled. 441 N CROFT AVE","address":"445 North Croft Avenue, CA, Los Angeles, 90048, US","ct":"1945.00","ev":"N","apc":"Central","cpa":"Wilshire","zone":"R1V3-O","solar":"N","pin_nbr":"141B173  1279","use_code":"1","status_date":"11/04/2025","permit_group":"Building","refresh_time":"06/10/2026","type_lat_lon":"ADDRESS","business_unit":"Plan Check at Counter"},"geometry":{"type":"Point","coordinates":[-118.37434,34.07929]}},{"type":"Feature","properties":{"date":"2023-09-15T00:00:00.000Z","year":2023,"description":"Eplan. Demolition permit to demolish garage in rear yardDPI: 23019-10000-03483. +++++++++SEE COMMENTS++++++++++","metadescription":"Bldg-Demolition. Commercial. Eplan. Demolition permit to demolish garage in rear yardDPI: 23019-10000-03483. +++++++++SEE COMMENTS++++++++++. Verifications in Progress. 815 N LA CIENEGA BLVD","address":"819 North La Cienega Boulevard, CA, West Hollywood, 90069, US","ct":"1944.02","ev":"N","apc":"Central","cpa":"Hollywood","zone":"C4-1VL","solar":"N","pin_nbr":"141B173   154","use_code":"7","status_date":"10/12/2023","permit_group":"Building","refresh_time":"06/10/2026","type_lat_lon":"ADDRESS","business_unit":"Plan Check at Counter","square_footage":"0"},"geometry":{"type":"Point","coordinates":[-118.37662,34.08582]}},{"type":"Feature","properties":{"date":"2023-09-13T00:00:00.000Z","year":2023,"description":"DEMOLISH (E) 1-STORY SFD AND DETACHED GARAGE","metadescription":"Bldg-Demolition. 1 or 2 Family Dwelling. DEMOLISH (E) 1-STORY SFD AND DETACHED GARAGE. Permit Finaled. 1332 N FAIRFAX AVE","address":"1332 North Fairfax Avenue, CA, Los Angeles, 90046, US","ct":"1898.01","ev":"N","apc":"Central","cpa":"Hollywood","zone":"R1-1","solar":"N","height":"0","pin_nbr":"147B177  1367","use_code":"1","status_date":"04/26/2024","permit_group":"Building","refresh_time":"06/10/2026","type_lat_lon":"ADDRESS","business_unit":"Plan Check at Counter"},"geometry":{"type":"Point","coordinates":[-118.36135,34.09538]}},{"type":"Feature","properties":{"date":"2023-06-30T00:00:00.000Z","year":2023,"description":"EPLAN: DEMO (E) DETACHED GARAGE. SEWER CAP NOT REQUIRED. PEDESTRIAN CANOPY REQUIRED. SEE COMMENTS","metadescription":"Bldg-Demolition. 1 or 2 Family Dwelling. EPLAN: DEMO (E) DETACHED GARAGE. SEWER CAP NOT REQUIRED. PEDESTRIAN CANOPY REQUIRED. SEE COMMENTS. Permit Finaled. 409 N HARPER AVE","address":"411 North Harper Avenue, CA, Los Angeles, 90048, US","ct":"1945.00","ev":"N","apc":"Central","cpa":"Wilshire","zone":"R2-1","solar":"N","pin_nbr":"138B173    29","use_code":"7","status_date":"12/02/2024","construction":"Type V-B Construction","permit_group":"Building","refresh_time":"06/10/2026","type_lat_lon":"ADDRESS","business_unit":"Plan Check at Counter"},"geometry":{"type":"Point","coordinates":[-118.36916,34.07847]}},{"type":"Feature","properties":{"date":"2023-06-08T00:00:00.000Z","year":2023,"description":"eplan: Demolish Existing SFD and detached garage,  Cap sewer,  Fence lot.","metadescription":"Bldg-Demolition. 1 or 2 Family Dwelling. eplan: Demolish Existing SFD and detached garage,  Cap sewer,  Fence lot.. Permit Finaled. 419 N HARPER AVE","address":"419 North Harper Avenue, CA, Los Angeles, 90048, US","ct":"1945.00","ev":"N","apc":"Central","cpa":"Wilshire","zone":"R2-1","solar":"N","pin_nbr":"141B173  1374","use_code":"1","status_date":"07/31/2023","construction":"Type V-B Construction","permit_group":"Building","refresh_time":"06/10/2026","type_lat_lon":"ADDRESS","business_unit":"Plan Check at Counter"},"geometry":{"type":"Point","coordinates":[-118.3691,34.07877]}},{"type":"Feature","properties":{"date":"2023-05-24T00:00:00.000Z","year":2023,"description":"DEMOLITION OF (E) DUPLEX - SEWER CAP REQUIRED","metadescription":"Bldg-Demolition. 1 or 2 Family Dwelling. DEMOLITION OF (E) DUPLEX - SEWER CAP REQUIRED. Permit Finaled. 1350 N GARDNER ST","address":"1350 North Gardner Street, CA, Los Angeles, 90046, US","ct":"1899.02","ev":"N","apc":"Central","cpa":"Hollywood","zone":"R3-1","solar":"N","pin_nbr":"147B181   997","use_code":"2","status_date":"06/27/2023","permit_group":"Building","refresh_time":"06/10/2026","type_lat_lon":"ADDRESS","business_unit":"Expanded Counter Plan Check"},"geometry":{"type":"Point","coordinates":[-118.35268,34.0959]}},{"type":"Feature","properties":{"date":"2023-05-24T00:00:00.000Z","year":2023,"description":"DEMOLITION OF DEATCHED GARAGE - SEWER CAP REQUIRED","metadescription":"Bldg-Demolition. 1 or 2 Family Dwelling. DEMOLITION OF DEATCHED GARAGE - SEWER CAP REQUIRED. Permit Finaled. 1350 N GARDNER ST","address":"1350 North Gardner Street, CA, Los Angeles, 90046, US","ct":"1899.02","ev":"N","apc":"Central","cpa":"Hollywood","zone":"R3-1","solar":"N","pin_nbr":"147B181   997","use_code":"7","status_date":"06/27/2023","permit_group":"Building","refresh_time":"06/10/2026","type_lat_lon":"ADDRESS","business_unit":"Expanded Counter Plan Check"},"geometry":{"type":"Point","coordinates":[-118.35268,34.0959]}},{"type":"Feature","properties":{"date":"2023-05-05T00:00:00.000Z","year":2023,"description":"DEMO OF (E) SINGLE FAMILY DWELLING (1548 SF). SEWER CAP AND PEDESTRIAN FENCE REQUIRED.","metadescription":"Bldg-Demolition. 1 or 2 Family Dwelling. DEMO OF (E) SINGLE FAMILY DWELLING (1548 SF). SEWER CAP AND PEDESTRIAN FENCE REQUIRED.. Permit Finaled. 1348 N GARDNER ST","address":"1348 North Gardner Street, CA, Los Angeles, 90046, US","ct":"1899.02","ev":"N","apc":"Central","cpa":"Hollywood","zone":"R3-1","solar":"N","pin_nbr":"147B181  1018","use_code":"1","status_date":"12/04/2023","permit_group":"Building","refresh_time":"06/10/2026","type_lat_lon":"ADDRESS","business_unit":"Expanded Counter Plan Check"},"geometry":{"type":"Point","coordinates":[-118.35268,34.09579]}},{"type":"Feature","properties":{"date":"2023-05-05T00:00:00.000Z","year":2023,"description":"DEMO OF (E) DUPLEX (2000 SF). SEWER CAP AND PEDESTRIAN FENCE REQUIRED.","metadescription":"Bldg-Demolition. 1 or 2 Family Dwelling. DEMO OF (E) DUPLEX (2000 SF). SEWER CAP AND PEDESTRIAN FENCE REQUIRED.. Permit Finaled. 1344-1346 N GARDNER ST","address":"1344 North Gardner Street, CA, Los Angeles, 90046, US","ct":"1899.02","ev":"N","apc":"Central","cpa":"Hollywood","zone":"R3-1","solar":"N","pin_nbr":"147B181  1018","use_code":"2","status_date":"10/18/2023","permit_group":"Building","refresh_time":"06/10/2026","type_lat_lon":"ADDRESS","business_unit":"Expanded Counter Plan Check"},"geometry":{"type":"Point","coordinates":[-118.35268,34.09573]}},{"type":"Feature","properties":{"date":"2023-05-02T00:00:00.000Z","year":2023,"description":"EPLAN: Tenant improvement to existing reatil space. work inlcudes minor interior demolition, interior patitions, suspend ceilings, and millwork. no change in existing use or occupancy.","metadescription":"Bldg-Alter/Repair. Commercial. EPLAN: Tenant improvement to existing reatil space. work inlcudes minor interior demolition, interior patitions, suspend ceilings, and millwork. no change in existing use or occupancy.. PC Info Complete. 8445 W MELROSE PL","address":"8445 Melrose Place, CA, West Hollywood, 90069, US","ct":"1944.02","ev":"N","apc":"Central","cpa":"Hollywood","zone":"C4-1XL","solar":"N","pin_nbr":"141B173   420","use_code":"16","status_date":"06/07/2023","permit_group":"Building","refresh_time":"06/10/2026","type_lat_lon":"ADDRESS","business_unit":"Expanded Counter Plan Check"},"geometry":{"type":"Point","coordinates":[-118.37476,34.08375]}},{"type":"Feature","properties":{"date":"2023-04-12T00:00:00.000Z","year":2023,"description":"eplan: Demolish existing Garage at rear of property 1 of 2","metadescription":"Bldg-Demolition. Apartment. eplan: Demolish existing Garage at rear of property 1 of 2. Permit Finaled. 504 N SWEETZER AVE","address":"504 1/2 North Sweetzer Avenue, CA, Los Angeles, 90048, US","ct":"1944.02","ev":"N","apc":"Central","cpa":"Hollywood","zone":"RD1.5-1XL","solar":"N","pin_nbr":"141B173  1083","use_code":"7","status_date":"04/25/2023","permit_group":"Building","refresh_time":"06/10/2026","type_lat_lon":"ADDRESS","business_unit":"Plan Check at Counter"},"geometry":{"type":"Point","coordinates":[-118.37011,34.08031]}},{"type":"Feature","properties":{"date":"2023-04-12T00:00:00.000Z","year":2023,"description":"eplan: Demolish existing Garage at rear of property 2 of 2","metadescription":"Bldg-Demolition. Apartment. eplan: Demolish existing Garage at rear of property 2 of 2. Permit Finaled. 504 N SWEETZER AVE","address":"504 1/2 North Sweetzer Avenue, CA, Los Angeles, 90048, US","ct":"1944.02","ev":"N","apc":"Central","cpa":"Hollywood","zone":"RD1.5-1XL","solar":"N","pin_nbr":"141B173  1083","use_code":"7","status_date":"04/25/2023","permit_group":"Building","refresh_time":"06/10/2026","type_lat_lon":"ADDRESS","business_unit":"Plan Check at Counter"},"geometry":{"type":"Point","coordinates":[-118.37011,34.08031]}},{"type":"Feature","properties":{"date":"2023-04-06T00:00:00.000Z","year":2023,"description":"DEMO (E) 17' X 17' GARAGE. SEWER CAP NOT REQUIRED.","metadescription":"Bldg-Demolition. 1 or 2 Family Dwelling. DEMO (E) 17' X 17' GARAGE. SEWER CAP NOT REQUIRED.. Corrections Issued. 1351 N FORMOSA AVE","address":"1351 North Formosa Avenue, CA, Los Angeles, 90046, US","ct":"1899.06","ev":"N","apc":"Central","cpa":"Hollywood","zone":"R3-1","solar":"N","pin_nbr":"147B181   994","use_code":"7","status_date":"04/08/2023","permit_group":"Building","refresh_time":"06/10/2026","type_lat_lon":"ADDRESS","business_unit":"Plan Check at Counter","square_footage":"0"},"geometry":{"type":"Point","coordinates":[-118.34635,34.0958]}},{"type":"Feature","properties":{"date":"2023-03-24T00:00:00.000Z","year":2023,"description":"DEMOLITION OF (E) DETACHED GARAGE.  (N) DETACHED CARPORT PER 21010-30000-06203","metadescription":"Bldg-Demolition. 1 or 2 Family Dwelling. DEMOLITION OF (E) DETACHED GARAGE.  (N) DETACHED CARPORT PER 21010-30000-06203. Permit Finaled. 934 N ORLANDO AVE","address":"934 North Orlando Avenue, CA, West Hollywood, 90069, US","ct":"1944.02","ev":"N","apc":"Central","cpa":"Hollywood","zone":"R1-1","solar":"N","pin_nbr":"144B173   265","use_code":"7","status_date":"04/18/2024","permit_group":"Building","refresh_time":"06/10/2026","type_lat_lon":"ADDRESS","business_unit":"Plan Check at Counter"},"geometry":{"type":"Point","coordinates":[-118.37303,34.08795]}},{"type":"Feature","properties":{"date":"2023-03-23T00:00:00.000Z","year":2023,"description":"interior early start non structural demo to remove non-bearing partitions, interior work on 1st floor only","metadescription":"Bldg-Alter/Repair. Commercial. interior early start non structural demo to remove non-bearing partitions, interior work on 1st floor only. Issued. 921 N LA CIENEGA BLVD","address":"923 North La Cienega Boulevard, CA, West Hollywood, 90069, US","ct":"1944.02","ev":"N","apc":"Central","cpa":"Hollywood","zone":"C4-1VL","solar":"N","pin_nbr":"144B173   325","use_code":"16","status_date":"03/23/2023","permit_group":"Building","refresh_time":"06/10/2026","type_lat_lon":"ADDRESS","business_unit":"Plan Check at Counter"},"geometry":{"type":"Point","coordinates":[-118.37658,34.08754]}},{"type":"Feature","properties":{"date":"2023-03-10T00:00:00.000Z","year":2023,"description":"DEMO (E) 2 STORY APARTMENT1 of 2","metadescription":"Bldg-Demolition. Apartment. DEMO (E) 2 STORY APARTMENT1 of 2. Permit Finaled. 1012 N ALFRED ST","address":"1012 1/2 North Alfred Street, CA, West Hollywood, 90069, US","ct":"1944.02","ev":"N","apc":"Central","cpa":"Hollywood","zone":"[Q]R4-1","solar":"N","pin_nbr":"144B173   165","use_code":"5","status_date":"05/02/2023","permit_group":"Building","refresh_time":"06/10/2026","type_lat_lon":"ADDRESS","business_unit":"Plan Check at Counter"},"geometry":{"type":"Point","coordinates":[-118.37515,34.08916]}},{"type":"Feature","properties":{"date":"2023-03-10T00:00:00.000Z","year":2023,"description":"DEMO (E) GARAGE2 of 2","metadescription":"Bldg-Demolition. Apartment. DEMO (E) GARAGE2 of 2. Issued. 1012 N ALFRED ST","address":"1012 1/2 North Alfred Street, CA, West Hollywood, 90069, US","ct":"1944.02","ev":"N","apc":"Central","cpa":"Hollywood","zone":"[Q]R4-1","solar":"N","pin_nbr":"144B173   165","use_code":"7","status_date":"03/10/2023","permit_group":"Building","refresh_time":"06/10/2026","type_lat_lon":"ADDRESS","business_unit":"Plan Check at Counter"},"geometry":{"type":"Point","coordinates":[-118.37515,34.08916]}},{"type":"Feature","properties":{"date":"2023-03-10T00:00:00.000Z","year":2023,"description":"DEMO EX. LODGING HOUSE ( 3 UNITS ). CLEAR LOT","metadescription":"Bldg-Demolition. 1 or 2 Family Dwelling. DEMO EX. LODGING HOUSE ( 3 UNITS ). CLEAR LOT. Issued. 1412 N POINSETTIA PL","address":"1412 1/2 North Poinsettia Place, CA, Los Angeles, 90046, US","ct":"1899.02","ev":"N","apc":"Central","cpa":"Hollywood","zone":"R3-1","solar":"N","pin_nbr":"147B181   909","use_code":"5","status_date":"03/10/2023","permit_group":"Building","refresh_time":"06/10/2026","type_lat_lon":"ADDRESS","business_unit":"Plan Check at Counter","square_footage":"0"},"geometry":{"type":"Point","coordinates":[-118.3482,34.09623]}},{"type":"Feature","properties":{"date":"2023-03-10T00:00:00.000Z","year":2023,"description":"DEMO OF EXISTING 3 STORY APARTMENT BUILDING, CLEAR LOT****Code Enforcement Bureau has issued an order. This parcel iseligible for issuance of a 30 day time limit permit (includingBuilding, Electrical, HVAC and Plumbing) with a work descriptionas follows. \"COMPLY WITH DEPARTMENT ORDER effective date12/20/2022. PERMIT WILL EXPIRE 30 DAYS FROM ISSUANCE DATE\". Allpermits shall be for the same time period limitation. Ifadditional assistance is needed, please call Inspector EDMUND LUMat (213)252-3959 of CONTRACT NUISANCE ABATEMENT.  CEIS CaseNumber is 975105.(Created: IMSV7 / 12-14-22)*****","metadescription":"Bldg-Demolition. Apartment. DEMO OF EXISTING 3 STORY APARTMENT BUILDING, CLEAR LOT****Code Enforcement Bureau has issued an order. This parcel iseligible for issuance of a 30 day time limit permit (includingBuilding, Electrical, HVAC and Plumbing) with a work descriptionas follows. \"COMPLY WITH DEPARTMENT ORDER effective date12/20/2022. PERMIT WILL EXPIRE 30 DAYS FROM ISSUANCE DATE\". Allpermits shall be for the same time period limitation. Ifadditional assistance is needed, please call Inspector EDMUND LUMat (213)252-3959 of CONTRACT NUISANCE ABATEMENT.  CEIS CaseNumber is 975105.(Created: IMSV7 / 12-14-22)*****. Permit Finaled. 1004 N ALFRED ST 1-7","address":"1-7, 1004 North Alfred Street, CA, West Hollywood, 90069, US","ct":"1944.02","ev":"N","apc":"Central","cpa":"Hollywood","zone":"[Q]R4-1","solar":"N","pin_nbr":"144B173   176","use_code":"5","status_date":"05/02/2023","permit_group":"Building","refresh_time":"06/10/2026","type_lat_lon":"ADDRESS","business_unit":"Plan Check at Counter"},"geometry":{"type":"Point","coordinates":[-118.37515,34.08902]}},{"type":"Feature","properties":{"date":"2023-03-10T00:00:00.000Z","year":2023,"description":"DEMO EX. SFD AND DETACHED GARAGE. SEWER CAP AND PEDESTRIAN PROTECTION FENCE REQUIRED. CLEAR LOT","metadescription":"Bldg-Demolition. 1 or 2 Family Dwelling. DEMO EX. SFD AND DETACHED GARAGE. SEWER CAP AND PEDESTRIAN PROTECTION FENCE REQUIRED. CLEAR LOT. Permit Finaled. 1412 N POINSETTIA PL","address":"1412 1/2 North Poinsettia Place, CA, Los Angeles, 90046, US","ct":"1899.02","ev":"N","apc":"Central","cpa":"Hollywood","zone":"R3-1","solar":"N","pin_nbr":"147B181   909","use_code":"1","status_date":"03/30/2023","permit_group":"Building","refresh_time":"06/10/2026","type_lat_lon":"ADDRESS","business_unit":"Plan Check at Counter"},"geometry":{"type":"Point","coordinates":[-118.3482,34.09623]}},{"type":"Feature","properties":{"date":"2023-03-10T00:00:00.000Z","year":2023,"description":"DEMOLITION OF EXISTING 1 STORY APARTMENT BUILDING, CLEAR LOT****Code Enforcement Bureau has issued an order. This parcel iseligible for issuance of a 30 day time limit permit (includingBuilding, Electrical, HVAC and Plumbing) with a work descriptionas follows. \"COMPLY WITH DEPARTMENT ORDER effective date12/20/2022. PERMIT WILL EXPIRE 30 DAYS FROM ISSUANCE DATE\". Allpermits shall be for the same time period limitation. Ifadditional assistance is needed, please call Inspector EDMUND LUMat (213)252-3959 of CONTRACT NUISANCE ABATEMENT.  CEIS CaseNumber is 975009.(Created: IMSV7 / 12-14-22)*****","metadescription":"Bldg-Demolition. 1 or 2 Family Dwelling. DEMOLITION OF EXISTING 1 STORY APARTMENT BUILDING, CLEAR LOT****Code Enforcement Bureau has issued an order. This parcel iseligible for issuance of a 30 day time limit permit (includingBuilding, Electrical, HVAC and Plumbing) with a work descriptionas follows. \"COMPLY WITH DEPARTMENT ORDER effective date12/20/2022. PERMIT WILL EXPIRE 30 DAYS FROM ISSUANCE DATE\". Allpermits shall be for the same time period limitation. Ifadditional assistance is needed, please call Inspector EDMUND LUMat (213)252-3959 of CONTRACT NUISANCE ABATEMENT.  CEIS CaseNumber is 975009.(Created: IMSV7 / 12-14-22)*****. Permit Finaled. 1002 N ALFRED ST","address":"1002 North Alfred Street, CA, West Hollywood, 90069, US","ct":"1944.02","ev":"N","apc":"Central","cpa":"Hollywood","zone":"[Q]R4-1","solar":"N","pin_nbr":"144B173   188","use_code":"5","status_date":"05/02/2023","permit_group":"Building","refresh_time":"06/10/2026","type_lat_lon":"ADDRESS","business_unit":"Plan Check at Counter"},"geometry":{"type":"Point","coordinates":[-118.37515,34.08898]}},{"type":"Feature","properties":{"date":"2023-03-08T00:00:00.000Z","year":2023,"description":"Demo (E) carport","metadescription":"Bldg-Demolition. 1 or 2 Family Dwelling. Demo (E) carport. Permit Expired. 725 N HARPER AVE","address":"725 North Harper Avenue, CA, Los Angeles, 90046, US","ct":"1944.02","ev":"N","apc":"Central","cpa":"Hollywood","zone":"R2-1XL","solar":"N","pin_nbr":"141B173   335","use_code":"7","status_date":"12/31/2024","permit_group":"Building","refresh_time":"06/10/2026","type_lat_lon":"ADDRESS","business_unit":"Plan Check at Counter"},"geometry":{"type":"Point","coordinates":[-118.3692,34.08441]}},{"type":"Feature","properties":{"date":"2023-01-17T00:00:00.000Z","year":2023,"description":"DEMOLISH EXISISTING POOL SHELL AND BACKFILL WITH CERTIFIED FILL PER P/IB 2020-111 OPTION I","metadescription":"Grading. 1 or 2 Family Dwelling. DEMOLISH EXISISTING POOL SHELL AND BACKFILL WITH CERTIFIED FILL PER P/IB 2020-111 OPTION I. Permit Finaled. 1406 N MARTEL AVE","address":"1-5, 1406 North Martel Avenue, CA, Los Angeles, 90046, US","ct":"1899.07","ev":"N","apc":"Central","cpa":"Hollywood","zone":"R3-1","solar":"N","pin_nbr":"147B181   922","use_code":"60","status_date":"06/30/2023","permit_group":"Building","refresh_time":"06/10/2026","type_lat_lon":"ADDRESS","business_unit":"Plan Check at Counter"},"geometry":{"type":"Point","coordinates":[-118.35052,34.09625]}},{"type":"Feature","properties":{"date":"2022-10-12T00:00:00.000Z","year":2022,"description":"ePlan-Early Start Demolition Permit - the remodel work will be submitted under a separate permit application. This is only for demo of interior of existing retail tenant space.","metadescription":"Bldg-Alter/Repair. Commercial. ePlan-Early Start Demolition Permit - the remodel work will be submitted under a separate permit application. This is only for demo of interior of existing retail tenant space.. Issued. 8409 W MELROSE AVE","address":"8409 Melrose Avenue, CA, West Hollywood, 90069, US","ct":"1944.02","ev":"N","apc":"Central","cpa":"Hollywood","zone":"C4-1XL","solar":"N","pin_nbr":"141B173   502","use_code":"16","status_date":"10/12/2022","permit_group":"Building","refresh_time":"06/10/2026","type_lat_lon":"ADDRESS","business_unit":"Plan Check at Counter"},"geometry":{"type":"Point","coordinates":[-118.37391,34.0834]}},{"type":"Feature","properties":{"date":"2022-10-03T00:00:00.000Z","year":2022,"description":"Demo (E)  Detached Garage","metadescription":"Bldg-Demolition. 1 or 2 Family Dwelling. Demo (E)  Detached Garage. Permit Finaled. 342 N KINGS ROAD","address":"338 North Kings Road, CA, Los Angeles, 90048, US","ct":"1945.00","ev":"N","apc":"Central","cpa":"Wilshire","zone":"R1V3","solar":"N","pin_nbr":"138B173   229","use_code":"7","status_date":"10/14/2022","permit_group":"Building","refresh_time":"06/10/2026","type_lat_lon":"ADDRESS","business_unit":"Expanded Counter Plan Check"},"geometry":{"type":"Point","coordinates":[-118.37199,34.07725]}},{"type":"Feature","properties":{"date":"2022-09-06T00:00:00.000Z","year":2022,"description":"DEMOLISH EXISTING PARKING SIGN AT CEDAR SINAI MEDICAL CAMPUS. PERMIT #97048-10000-00755","metadescription":"Sign. Onsite. DEMOLISH EXISTING PARKING SIGN AT CEDAR SINAI MEDICAL CAMPUS. PERMIT #97048-10000-00755. Issued. 8700 W BEVERLY BLVD","address":"8702 Beverly Boulevard, CA, Los Angeles, 90048, US","ct":"2149.02","ev":"N","apc":"Central","cpa":"Wilshire","zone":"[T][Q]C2-2D-O","solar":"N","pin_nbr":"138B169   208","use_code":"19","status_date":"09/06/2022","permit_group":"Building","refresh_time":"06/10/2026","type_lat_lon":"ADDRESS","business_unit":"Regular Plan Check"},"geometry":{"type":"Point","coordinates":[-118.3805,34.07666]}},{"type":"Feature","properties":{"date":"2022-08-30T00:00:00.000Z","year":2022,"description":"EARLY START INTERIOR DEMO IN AN EXISTING RETAIL STORE","metadescription":"Bldg-Alter/Repair. Commercial. EARLY START INTERIOR DEMO IN AN EXISTING RETAIL STORE. Issued. 8451 W MELROSE PL","address":"8451 Melrose Place, CA, West Hollywood, 90069, US","ct":"1944.02","ev":"N","apc":"Central","cpa":"Hollywood","zone":"C4-1XL","solar":"N","pin_nbr":"141B173   421","use_code":"16","status_date":"08/30/2022","permit_group":"Building","refresh_time":"06/10/2026","type_lat_lon":"ADDRESS","business_unit":"Plan Check at Counter"},"geometry":{"type":"Point","coordinates":[-118.37501,34.08375]}},{"type":"Feature","properties":{"date":"2022-08-17T00:00:00.000Z","year":2022,"description":"Demo S.F.D. and detached garage  *** 2 of 2 ***","metadescription":"Bldg-Demolition. 1 or 2 Family Dwelling. Demo S.F.D. and detached garage  *** 2 of 2 ***. Permit Finaled. 755 N ALFRED ST","address":"755 North Alfred Street, CA, West Hollywood, 90069, US","ct":"1944.02","ev":"N","apc":"Central","cpa":"Hollywood","zone":"[Q]R3-1","solar":"N","pin_nbr":"141B173   229","use_code":"1","status_date":"09/26/2022","permit_group":"Building","refresh_time":"06/10/2026","type_lat_lon":"ADDRESS","business_unit":"Plan Check at Counter","square_footage":"0"},"geometry":{"type":"Point","coordinates":[-118.37541,34.08515]}},{"type":"Feature","properties":{"date":"2022-08-16T00:00:00.000Z","year":2022,"description":"DEMOLISH EXISTING DIRECTIONAL POLE SIGN, PERMIT #97048-10000-00856.","metadescription":"Sign. Onsite. DEMOLISH EXISTING DIRECTIONAL POLE SIGN, PERMIT #97048-10000-00856.. Permit Finaled. 8700 W BEVERLY BLVD","address":"8702 Beverly Boulevard, CA, Los Angeles, 90048, US","ct":"2149.02","ev":"N","apc":"Central","cpa":"Wilshire","zone":"[T][Q]C2-2D-O","solar":"N","pin_nbr":"138B169   208","use_code":"19","status_date":"10/30/2024","permit_group":"Building","refresh_time":"06/10/2026","type_lat_lon":"ADDRESS","business_unit":"Regular Plan Check"},"geometry":{"type":"Point","coordinates":[-118.3805,34.07666]}},{"type":"Feature","properties":{"date":"2022-08-16T00:00:00.000Z","year":2022,"description":"Demo S.F.D. and detached garage  *** 1 of 2 ***","metadescription":"Bldg-Demolition. 1 or 2 Family Dwelling. Demo S.F.D. and detached garage  *** 1 of 2 ***. Permit Finaled. 8470 W WARING AVE","address":"8470 West Waring Avenue, CA, West Hollywood, 90069, US","ct":"1944.02","ev":"N","apc":"Central","cpa":"Hollywood","zone":"[Q]R3-1","solar":"N","pin_nbr":"141B173   230","use_code":"1","status_date":"09/26/2022","permit_group":"Building","refresh_time":"06/10/2026","type_lat_lon":"ADDRESS","business_unit":"Plan Check at Counter","square_footage":"0"},"geometry":{"type":"Point","coordinates":[-118.37568,34.08523]}},{"type":"Feature","properties":{"date":"2022-08-16T00:00:00.000Z","year":2022,"description":"*eplan*DEMO EXISTING TUB AND INSTALL NEW SHOWER AT MASTER BATHROOM AT THE SAME LOCATION.","metadescription":"Bldg-Alter/Repair. Apartment. *eplan*DEMO EXISTING TUB AND INSTALL NEW SHOWER AT MASTER BATHROOM AT THE SAME LOCATION.. Permit Finaled. 8380 W WARING AVE 206","address":"1-26, 8380 Waring Avenue, CA, West Hollywood, 90069, US","ct":"1944.02","ev":"N","apc":"Central","cpa":"Hollywood","zone":"[Q]R3-1","solar":"N","pin_nbr":"141B173   224","use_code":"35","status_date":"02/10/2023","permit_group":"Building","refresh_time":"06/10/2026","type_lat_lon":"ADDRESS","business_unit":"Plan Check at Counter"},"geometry":{"type":"Point","coordinates":[-118.37254,34.08516]}},{"type":"Feature","properties":{"date":"2022-08-16T00:00:00.000Z","year":2022,"description":"DEMOLISH EXISTING DIRECTIONAL POLE SIGN, PERMIT #97048-10000-00755, ( 4'W X 6'H).","metadescription":"Sign. Onsite. DEMOLISH EXISTING DIRECTIONAL POLE SIGN, PERMIT #97048-10000-00755, ( 4'W X 6'H).. Issued. 8700 W BEVERLY BLVD","address":"8702 Beverly Boulevard, CA, Los Angeles, 90048, US","ct":"2149.02","ev":"N","apc":"Central","cpa":"Wilshire","zone":"[T][Q]C2-2D-O","solar":"N","pin_nbr":"138B169   208","use_code":"19","status_date":"08/16/2022","permit_group":"Building","refresh_time":"06/10/2026","type_lat_lon":"ADDRESS","business_unit":"Regular Plan Check"},"geometry":{"type":"Point","coordinates":[-118.3805,34.07666]}},{"type":"Feature","properties":{"date":"2022-08-15T00:00:00.000Z","year":2022,"description":"DEMOLISH (E) RETAIL / MASSAGE PARLOR. SEWER CAP REQUIRED.","metadescription":"Bldg-Demolition. Commercial. DEMOLISH (E) RETAIL / MASSAGE PARLOR. SEWER CAP REQUIRED.. Permit Finaled. 729 N LA CIENEGA BLVD","address":"729 North La Cienega Boulevard, CA, West Hollywood, 90069, US","ct":"1944.02","ev":"N","apc":"Central","cpa":"Hollywood","zone":"C4-1VL","solar":"N","pin_nbr":"141B173   334","use_code":"16","status_date":"01/31/2023","permit_group":"Building","refresh_time":"06/10/2026","type_lat_lon":"ADDRESS","business_unit":"Plan Check at Counter","square_footage":"0"},"geometry":{"type":"Point","coordinates":[-118.3767,34.08445]}},{"type":"Feature","properties":{"date":"2022-08-15T00:00:00.000Z","year":2022,"description":"DEMOLISH (E) RETAIL STORE AND ATTACHED GARAGE. SEWER CAP REQUIRED.","metadescription":"Bldg-Demolition. Commercial. DEMOLISH (E) RETAIL STORE AND ATTACHED GARAGE. SEWER CAP REQUIRED.. Permit Finaled. 731 N LA CIENEGA BLVD","address":"731 North La Cienega Boulevard, CA, West Hollywood, 90069, US","ct":"1944.02","ev":"N","apc":"Central","cpa":"Hollywood","zone":"C4-1VL","solar":"N","pin_nbr":"141B173   334","use_code":"16","status_date":"01/31/2023","permit_group":"Building","refresh_time":"06/10/2026","type_lat_lon":"ADDRESS","business_unit":"Plan Check at Counter"},"geometry":{"type":"Point","coordinates":[-118.3767,34.08449]}},{"type":"Feature","properties":{"date":"2022-08-02T00:00:00.000Z","year":2022,"description":"DEMOLISH EXISTING DIRECTIONAL PROJECTING SIGN.","metadescription":"Sign. Onsite. DEMOLISH EXISTING DIRECTIONAL PROJECTING SIGN.. Issued. 8700 W BEVERLY BLVD","address":"8702 Beverly Boulevard, CA, Los Angeles, 90048, US","ct":"2149.02","ev":"N","apc":"Central","cpa":"Wilshire","zone":"[T][Q]C2-2D-O","solar":"N","pin_nbr":"138B169   208","use_code":"19","status_date":"08/02/2022","permit_group":"Building","refresh_time":"06/10/2026","type_lat_lon":"ADDRESS","business_unit":"Regular Plan Check"},"geometry":{"type":"Point","coordinates":[-118.3805,34.07666]}},{"type":"Feature","properties":{"date":"2022-08-02T00:00:00.000Z","year":2022,"description":"DEMOLISH EXISTING DIRECTIONAL POLE SIGN, PERMIT #05048-20000-01654.","metadescription":"Sign. Onsite. DEMOLISH EXISTING DIRECTIONAL POLE SIGN, PERMIT #05048-20000-01654.. Issued. 8700 W BEVERLY BLVD","address":"8702 Beverly Boulevard, CA, Los Angeles, 90048, US","ct":"2149.02","ev":"N","apc":"Central","cpa":"Wilshire","zone":"[T][Q]C2-2D-O","solar":"N","pin_nbr":"138B169   208","use_code":"19","status_date":"08/02/2022","permit_group":"Building","refresh_time":"06/10/2026","type_lat_lon":"ADDRESS","business_unit":"Regular Plan Check"},"geometry":{"type":"Point","coordinates":[-118.3805,34.07666]}},{"type":"Feature","properties":{"date":"2022-08-02T00:00:00.000Z","year":2022,"description":"DEMOLISH EXISTING PROJECTING SIGN, PERMIT #08048-30000-02396 (5'-1\"W X 2'-6\"H).","metadescription":"Sign. Onsite. DEMOLISH EXISTING PROJECTING SIGN, PERMIT #08048-30000-02396 (5'-1\"W X 2'-6\"H).. Permit Finaled. 8700 W BEVERLY BLVD","address":"8702 Beverly Boulevard, CA, Los Angeles, 90048, US","ct":"2149.02","ev":"N","apc":"Central","cpa":"Wilshire","zone":"[T][Q]C2-2D-O","solar":"N","pin_nbr":"138B169   208","use_code":"19","status_date":"10/30/2024","permit_group":"Building","refresh_time":"06/10/2026","type_lat_lon":"ADDRESS","business_unit":"Regular Plan Check"},"geometry":{"type":"Point","coordinates":[-118.3805,34.07666]}},{"type":"Feature","properties":{"date":"2022-08-02T00:00:00.000Z","year":2022,"description":"DEMOLISH EXISTING DIRECTIONAL POLE SIGN (3'-10 1/2\"W X 11'H).","metadescription":"Sign. Onsite. DEMOLISH EXISTING DIRECTIONAL POLE SIGN (3'-10 1/2\"W X 11'H).. Issued. 8700 W BEVERLY BLVD","address":"8702 Beverly Boulevard, CA, Los Angeles, 90048, US","ct":"2149.02","ev":"N","apc":"Central","cpa":"Wilshire","zone":"[T][Q]C2-2D-O","solar":"N","pin_nbr":"138B169   208","use_code":"19","status_date":"08/02/2022","permit_group":"Building","refresh_time":"06/10/2026","type_lat_lon":"ADDRESS","business_unit":"Regular Plan Check"},"geometry":{"type":"Point","coordinates":[-118.3805,34.07666]}},{"type":"Feature","properties":{"date":"2022-08-02T00:00:00.000Z","year":2022,"description":"DEMOLISH EXISTING DIRECTIONAL SIGN, PERMIT #08048-30000-02395, (12'-3\"H X 5' 4 1/2\" W).","metadescription":"Sign. Onsite. DEMOLISH EXISTING DIRECTIONAL SIGN, PERMIT #08048-30000-02395, (12'-3\"H X 5' 4 1/2\" W).. Issued. 8700 W BEVERLY BLVD","address":"8702 Beverly Boulevard, CA, Los Angeles, 90048, US","ct":"2149.02","ev":"N","apc":"Central","cpa":"Wilshire","zone":"[T][Q]C2-2D-O","solar":"N","pin_nbr":"138B169   208","use_code":"19","status_date":"08/02/2022","permit_group":"Building","refresh_time":"06/10/2026","type_lat_lon":"ADDRESS","business_unit":"Regular Plan Check"},"geometry":{"type":"Point","coordinates":[-118.3805,34.07666]}},{"type":"Feature","properties":{"date":"2022-08-02T00:00:00.000Z","year":2022,"description":"DEMOLISH EXISTING DIRECTIONAL POLE SIGN, PERMIT #04048-30000-00454.","metadescription":"Sign. Onsite. DEMOLISH EXISTING DIRECTIONAL POLE SIGN, PERMIT #04048-30000-00454.. Issued. 8700 W BEVERLY BLVD","address":"8702 Beverly Boulevard, CA, Los Angeles, 90048, US","ct":"2149.02","ev":"N","apc":"Central","cpa":"Wilshire","zone":"[T][Q]C2-2D-O","solar":"N","pin_nbr":"138B169   208","use_code":"19","status_date":"08/02/2022","permit_group":"Building","refresh_time":"06/10/2026","type_lat_lon":"ADDRESS","business_unit":"Regular Plan Check"},"geometry":{"type":"Point","coordinates":[-118.3805,34.07666]}},{"type":"Feature","properties":{"date":"2022-08-02T00:00:00.000Z","year":2022,"description":"DEMOLISH EXISTING DIRECTIONAL POLE SIGN, PERMIT #04048-30000-00454, \"P-1 VISITOR PARKING\"(5'X7'3'', IRR. 32.50 S.F.) .","metadescription":"Sign. Onsite. DEMOLISH EXISTING DIRECTIONAL POLE SIGN, PERMIT #04048-30000-00454, \"P-1 VISITOR PARKING\"(5'X7'3'', IRR. 32.50 S.F.) .. Issued. 8700 W BEVERLY BLVD","address":"8702 Beverly Boulevard, CA, Los Angeles, 90048, US","ct":"2149.02","ev":"N","apc":"Central","cpa":"Wilshire","zone":"[T][Q]C2-2D-O","solar":"N","pin_nbr":"138B169   208","use_code":"19","status_date":"08/02/2022","permit_group":"Building","refresh_time":"06/10/2026","type_lat_lon":"ADDRESS","business_unit":"Regular Plan Check"},"geometry":{"type":"Point","coordinates":[-118.3805,34.07666]}},{"type":"Feature","properties":{"date":"2022-08-02T00:00:00.000Z","year":2022,"description":"DEMOLISH EXISTING DIRECTIONAL POLE SIGN, PERMIT #97048-10000-00755.","metadescription":"Sign. Onsite. DEMOLISH EXISTING DIRECTIONAL POLE SIGN, PERMIT #97048-10000-00755.. Permit Finaled. 8700 W BEVERLY BLVD","address":"8702 Beverly Boulevard, CA, Los Angeles, 90048, US","ct":"2149.02","ev":"N","apc":"Central","cpa":"Wilshire","zone":"[T][Q]C2-2D-O","solar":"N","pin_nbr":"138B169   208","use_code":"19","status_date":"10/30/2024","permit_group":"Building","refresh_time":"06/10/2026","type_lat_lon":"ADDRESS","business_unit":"Regular Plan Check"},"geometry":{"type":"Point","coordinates":[-118.3805,34.07666]}},{"type":"Feature","properties":{"date":"2022-08-02T00:00:00.000Z","year":2022,"description":"DEMOLISH EXISTING DIRECTIONAL POLE SIGN, PERMIT #08048-30000-02394, (10'-1\"H X 5'-2\"W).","metadescription":"Sign. Onsite. DEMOLISH EXISTING DIRECTIONAL POLE SIGN, PERMIT #08048-30000-02394, (10'-1\"H X 5'-2\"W).. Permit Finaled. 8700 W BEVERLY BLVD","address":"8702 Beverly Boulevard, CA, Los Angeles, 90048, US","ct":"2149.02","ev":"N","apc":"Central","cpa":"Wilshire","zone":"[T][Q]C2-2D-O","solar":"N","pin_nbr":"138B169   208","use_code":"19","status_date":"12/18/2025","permit_group":"Building","refresh_time":"06/10/2026","type_lat_lon":"ADDRESS","business_unit":"Regular Plan Check"},"geometry":{"type":"Point","coordinates":[-118.3805,34.07666]}},{"type":"Feature","properties":{"date":"2022-08-02T00:00:00.000Z","year":2022,"description":"DEMOLISH EXISTING POLE SIGN, PERMIT #08048-30000-02392","metadescription":"Sign. Onsite. DEMOLISH EXISTING POLE SIGN, PERMIT #08048-30000-02392. Issued. 8700 W BEVERLY BLVD","address":"8702 Beverly Boulevard, CA, Los Angeles, 90048, US","ct":"2149.02","ev":"N","apc":"Central","cpa":"Wilshire","zone":"[T][Q]C2-2D-O","solar":"N","pin_nbr":"138B169   208","use_code":"19","status_date":"08/02/2022","permit_group":"Building","refresh_time":"06/10/2026","type_lat_lon":"ADDRESS","business_unit":"Regular Plan Check"},"geometry":{"type":"Point","coordinates":[-118.3805,34.07666]}},{"type":"Feature","properties":{"date":"2022-08-02T00:00:00.000Z","year":2022,"description":"DEMOLISH EXISTING DIRECTIONAL POLE SIGN, PERMIT #05048-20000-01653.","metadescription":"Sign. Onsite. DEMOLISH EXISTING DIRECTIONAL POLE SIGN, PERMIT #05048-20000-01653.. Issued. 8700 W BEVERLY BLVD","address":"8702 Beverly Boulevard, CA, Los Angeles, 90048, US","ct":"2149.02","ev":"N","apc":"Central","cpa":"Wilshire","zone":"[T][Q]C2-2D-O","solar":"N","pin_nbr":"138B169   208","use_code":"19","status_date":"08/02/2022","permit_group":"Building","refresh_time":"06/10/2026","type_lat_lon":"ADDRESS","business_unit":"Regular Plan Check"},"geometry":{"type":"Point","coordinates":[-118.3805,34.07666]}},{"type":"Feature","properties":{"date":"2022-07-27T00:00:00.000Z","year":2022,"description":"DEMO THE (E) TWO STORY DUPLEX - SEWER CAP REQUIRED. PEDESTRIAN FENCE REQUIRED. CLEAR LOT.","metadescription":"Bldg-Demolition. 1 or 2 Family Dwelling. DEMO THE (E) TWO STORY DUPLEX - SEWER CAP REQUIRED. PEDESTRIAN FENCE REQUIRED. CLEAR LOT.. Permit Finaled. 331-333 N ALFRED ST","address":"331 North Alfred Street, CA, Los Angeles, 90048, US","ct":"1945.00","ev":"N","apc":"Central","cpa":"Wilshire","zone":"R2-1-O","solar":"N","pin_nbr":"138B173   290","use_code":"2","status_date":"08/01/2022","permit_group":"Building","refresh_time":"06/10/2026","type_lat_lon":"ADDRESS","business_unit":"Plan Check at Counter"},"geometry":{"type":"Point","coordinates":[-118.37545,34.07696]}},{"type":"Feature","properties":{"date":"2022-07-27T00:00:00.000Z","year":2022,"description":"DEMO THE (E) DETACHED GARAGE - SEWER CAP NOT REQUIRED. PEDESTRIAN FENCE REQUIRED. CLEAR LOT","metadescription":"Bldg-Demolition. 1 or 2 Family Dwelling. DEMO THE (E) DETACHED GARAGE - SEWER CAP NOT REQUIRED. PEDESTRIAN FENCE REQUIRED. CLEAR LOT. Permit Finaled. 331-333 N ALFRED ST","address":"331 North Alfred Street, CA, Los Angeles, 90048, US","ct":"1945.00","ev":"N","apc":"Central","cpa":"Wilshire","zone":"R2-1-O","solar":"N","pin_nbr":"138B173   290","use_code":"7","status_date":"08/05/2022","permit_group":"Building","refresh_time":"06/10/2026","type_lat_lon":"ADDRESS","business_unit":"Plan Check at Counter"},"geometry":{"type":"Point","coordinates":[-118.37545,34.07696]}},{"type":"Feature","properties":{"date":"2022-07-08T00:00:00.000Z","year":2022,"description":"Demolition partition of (E) garage and convert to ADU per State Law.","metadescription":"Bldg-Alter/Repair. 1 or 2 Family Dwelling. Demolition partition of (E) garage and convert to ADU per State Law.. CofO Issued. 347 1/2 N CROFT AVE","address":"349 North Croft Avenue, CA, Los Angeles, 90048, US","ct":"1945.00","ev":"N","apc":"Central","cpa":"Wilshire","zone":"R2-1-O","solar":"N","height":"12","pin_nbr":"138B173   208","use_code":"1","status_date":"04/07/2023","construction":"Type V-B Construction","permit_group":"Building","refresh_time":"06/10/2026","type_lat_lon":"PIN","business_unit":"Expanded Counter Plan Check","square_footage":"351"},"geometry":{"type":"Point","coordinates":[-118.3745185,34.07743473]}},{"type":"Feature","properties":{"date":"2022-06-28T00:00:00.000Z","year":2022,"description":"ePlan  Demolition of existing 2 story wood, 25 foot tall apartment building and garage structure.","metadescription":"Bldg-Demolition. Apartment. ePlan  Demolition of existing 2 story wood, 25 foot tall apartment building and garage structure.. Corrections Issued. 101 S CLARK DR","address":"1-5, 101 South Clark Drive, CA, Los Angeles, 90048, US","ct":"2149.01","ev":"N","apc":"Central","cpa":"Wilshire","zone":"R3-1-O","solar":"N","pin_nbr":"138B169   370","use_code":"5","status_date":"06/30/2022","permit_group":"Building","refresh_time":"06/10/2026","type_lat_lon":"ADDRESS","business_unit":"Plan Check at Counter"},"geometry":{"type":"Point","coordinates":[-118.38507,34.07517]}},{"type":"Feature","properties":{"date":"2022-06-27T00:00:00.000Z","year":2022,"description":"DEMOLISH POLE SIGN WITHIN PLANTER AT CEDAR SINAI MEDICAL CAMPUS, PER#97048-10000-00225","metadescription":"Sign. Onsite. DEMOLISH POLE SIGN WITHIN PLANTER AT CEDAR SINAI MEDICAL CAMPUS, PER#97048-10000-00225. Issued. 8700 W BEVERLY BLVD","address":"8702 Beverly Boulevard, CA, Los Angeles, 90048, US","ct":"2149.02","ev":"N","apc":"Central","cpa":"Wilshire","zone":"[T][Q]C2-2D-O","solar":"N","pin_nbr":"138B169   208","use_code":"19","status_date":"06/27/2022","permit_group":"Building","refresh_time":"06/10/2026","type_lat_lon":"ADDRESS","business_unit":"Regular Plan Check"},"geometry":{"type":"Point","coordinates":[-118.3805,34.07666]}},{"type":"Feature","properties":{"date":"2022-06-27T00:00:00.000Z","year":2022,"description":"DEMOLISH EXISTING DIRECTIONAL SIGN, PERMIT #1994WL20561.","metadescription":"Sign. Onsite. DEMOLISH EXISTING DIRECTIONAL SIGN, PERMIT #1994WL20561.. Permit Finaled. 8700 W BEVERLY BLVD","address":"8702 Beverly Boulevard, CA, Los Angeles, 90048, US","ct":"2149.02","ev":"N","apc":"Central","cpa":"Wilshire","zone":"[T][Q]C2-2D-O","solar":"N","pin_nbr":"138B169   208","use_code":"19","status_date":"01/12/2026","permit_group":"Building","refresh_time":"06/10/2026","type_lat_lon":"ADDRESS","business_unit":"Regular Plan Check"},"geometry":{"type":"Point","coordinates":[-118.3805,34.07666]}},{"type":"Feature","properties":{"date":"2022-06-27T00:00:00.000Z","year":2022,"description":"DEMOLISH EXISTING WALL SIGN, PERMIT #1996LA49934, (3'-6\"H x 37'-0\"W)","metadescription":"Sign. Onsite. DEMOLISH EXISTING WALL SIGN, PERMIT #1996LA49934, (3'-6\"H x 37'-0\"W). Issued. 8700 W BEVERLY BLVD","address":"8702 Beverly Boulevard, CA, Los Angeles, 90048, US","ct":"2149.02","ev":"N","apc":"Central","cpa":"Wilshire","zone":"[T][Q]C2-2D-O","solar":"N","pin_nbr":"138B169   208","use_code":"19","status_date":"06/27/2022","permit_group":"Building","refresh_time":"06/10/2026","type_lat_lon":"ADDRESS","business_unit":"Regular Plan Check"},"geometry":{"type":"Point","coordinates":[-118.3805,34.07666]}},{"type":"Feature","properties":{"date":"2022-06-27T00:00:00.000Z","year":2022,"description":"DEMOLISH EXISTING WALL SIGN, (4'-1'W X 7'-6\"H).","metadescription":"Sign. Onsite. DEMOLISH EXISTING WALL SIGN, (4'-1'W X 7'-6\"H).. Permit Finaled. 8700 W BEVERLY BLVD","address":"8702 Beverly Boulevard, CA, Los Angeles, 90048, US","ct":"2149.02","ev":"N","apc":"Central","cpa":"Wilshire","zone":"[T][Q]C2-2D-O","solar":"N","pin_nbr":"138B169   208","use_code":"19","status_date":"01/12/2026","permit_group":"Building","refresh_time":"06/10/2026","type_lat_lon":"ADDRESS","business_unit":"Regular Plan Check"},"geometry":{"type":"Point","coordinates":[-118.3805,34.07666]}},{"type":"Feature","properties":{"date":"2022-06-27T00:00:00.000Z","year":2022,"description":"DEMOLISH EXISTING SIGN, (6'-9\"W x 5'-6\"H). 74.24 SF","metadescription":"Sign. Onsite. DEMOLISH EXISTING SIGN, (6'-9\"W x 5'-6\"H). 74.24 SF. Permit Finaled. 8700 W BEVERLY BLVD","address":"8702 Beverly Boulevard, CA, Los Angeles, 90048, US","ct":"2149.02","ev":"N","apc":"Central","cpa":"Wilshire","zone":"[T][Q]C2-2D-O","solar":"N","pin_nbr":"138B169   208","use_code":"19","status_date":"01/12/2026","permit_group":"Building","refresh_time":"06/10/2026","type_lat_lon":"ADDRESS","business_unit":"Regular Plan Check"},"geometry":{"type":"Point","coordinates":[-118.3805,34.07666]}},{"type":"Feature","properties":{"date":"2022-06-27T00:00:00.000Z","year":2022,"description":"DEMOLISH EXISTING POLE SIGN, PERMIT #09048-30000-00575, (9'-2\"W x 10'-3\"H).","metadescription":"Sign. Onsite. DEMOLISH EXISTING POLE SIGN, PERMIT #09048-30000-00575, (9'-2\"W x 10'-3\"H).. Permit Finaled. 8700 W BEVERLY BLVD","address":"8702 Beverly Boulevard, CA, Los Angeles, 90048, US","ct":"2149.02","ev":"N","apc":"Central","cpa":"Wilshire","zone":"[T][Q]C2-2D-O","solar":"N","pin_nbr":"138B169   208","use_code":"19","status_date":"01/12/2026","permit_group":"Building","refresh_time":"06/10/2026","type_lat_lon":"ADDRESS","business_unit":"Regular Plan Check"},"geometry":{"type":"Point","coordinates":[-118.3805,34.07666]}},{"type":"Feature","properties":{"date":"2022-06-27T00:00:00.000Z","year":2022,"description":"DEMOLISH EXISTING MONUMENT SIGN, PERMIT #13048-10000-00639, (11'-6\"W x 6'-4\"H).","metadescription":"Sign. Onsite. DEMOLISH EXISTING MONUMENT SIGN, PERMIT #13048-10000-00639, (11'-6\"W x 6'-4\"H).. Permit Finaled. 8700 W BEVERLY BLVD","address":"8702 Beverly Boulevard, CA, Los Angeles, 90048, US","ct":"2149.02","ev":"N","apc":"Central","cpa":"Wilshire","zone":"[T][Q]C2-2D-O","solar":"N","pin_nbr":"138B169   208","use_code":"19","status_date":"01/12/2026","permit_group":"Building","refresh_time":"06/10/2026","type_lat_lon":"ADDRESS","business_unit":"Regular Plan Check"},"geometry":{"type":"Point","coordinates":[-118.3805,34.07666]}},{"type":"Feature","properties":{"date":"2022-06-24T00:00:00.000Z","year":2022,"description":"DEMOLISH EXISTING (1) 6' X 1' 8\" NON-ILLUMINATED INFORMATION POLE SIGN WITH \"CS\" LOGO, PER#13048-10000-00638.","metadescription":"Sign. Onsite. DEMOLISH EXISTING (1) 6' X 1' 8\" NON-ILLUMINATED INFORMATION POLE SIGN WITH \"CS\" LOGO, PER#13048-10000-00638.. Permit Finaled. 8700 W BEVERLY BLVD","address":"8702 Beverly Boulevard, CA, Los Angeles, 90048, US","ct":"2149.02","ev":"N","apc":"Central","cpa":"Wilshire","zone":"[T][Q]C2-2D-O","solar":"N","pin_nbr":"138B169   208","use_code":"19","status_date":"01/12/2026","permit_group":"Building","refresh_time":"06/10/2026","type_lat_lon":"ADDRESS","business_unit":"Regular Plan Check"},"geometry":{"type":"Point","coordinates":[-118.3805,34.07666]}},{"type":"Feature","properties":{"date":"2022-06-24T00:00:00.000Z","year":2022,"description":"DEMOLISH EXISTING POLE SIGN, PERMIT #97048-10000-00755.","metadescription":"Sign. Onsite. DEMOLISH EXISTING POLE SIGN, PERMIT #97048-10000-00755.. Permit Finaled. 8700 W BEVERLY BLVD","address":"8702 Beverly Boulevard, CA, Los Angeles, 90048, US","ct":"2149.02","ev":"N","apc":"Central","cpa":"Wilshire","zone":"[T][Q]C2-2D-O","solar":"N","pin_nbr":"138B169   208","use_code":"19","status_date":"05/05/2025","permit_group":"Building","refresh_time":"06/10/2026","type_lat_lon":"ADDRESS","business_unit":"Regular Plan Check"},"geometry":{"type":"Point","coordinates":[-118.3805,34.07666]}},{"type":"Feature","properties":{"date":"2022-06-10T00:00:00.000Z","year":2022,"description":"DEMOLITION PREINSPECTION WITH POSTING REQUIRED FOR GARAGE","metadescription":"Bldg-Demolition. Commercial. DEMOLITION PREINSPECTION WITH POSTING REQUIRED FOR GARAGE. PC Approved. 729 31 N LA CIENEGA BLVD","address":"729 North La Cienega Boulevard, CA, West Hollywood, 90069, US","ct":"1944.02","ev":"N","apc":"Central","cpa":"Hollywood","zone":"C4-1VL","solar":"N","pin_nbr":"141B173   334","status_date":"08/15/2022","permit_group":"Building","refresh_time":"06/10/2026","type_lat_lon":"PIN","business_unit":"Plan Check at Counter"},"geometry":{"type":"Point","coordinates":[-118.37680607,34.08445851]}},{"type":"Feature","properties":{"date":"2022-06-10T00:00:00.000Z","year":2022,"description":"DEMOLITION PREINSPECTION WITH POSTING REQUIRED FOR RETAIL STORE/ GARAGE","metadescription":"Bldg-Demolition. Commercial. DEMOLITION PREINSPECTION WITH POSTING REQUIRED FOR RETAIL STORE/ GARAGE. PC Approved. 731 N LA CIENEGA BLVD","address":"731 North La Cienega Boulevard, CA, West Hollywood, 90069, US","ct":"1944.02","ev":"N","apc":"Central","cpa":"Hollywood","zone":"C4-1VL","solar":"N","pin_nbr":"141B173   334","status_date":"08/15/2022","permit_group":"Building","refresh_time":"06/10/2026","type_lat_lon":"ADDRESS","business_unit":"Plan Check at Counter"},"geometry":{"type":"Point","coordinates":[-118.3767,34.08449]}},{"type":"Feature","properties":{"date":"2022-05-09T00:00:00.000Z","year":2022,"description":"DEMO THE (E) DETACHED GARAGE","metadescription":"Bldg-Demolition. 1 or 2 Family Dwelling. DEMO THE (E) DETACHED GARAGE. Permit Finaled. 948 N ORLANDO AVE","address":"948 North Orlando Avenue, CA, West Hollywood, 90069, US","ct":"1944.02","ev":"N","apc":"Central","cpa":"Hollywood","zone":"R1-1","solar":"N","pin_nbr":"144B173   221","use_code":"7","status_date":"06/07/2022","permit_group":"Building","refresh_time":"06/10/2026","type_lat_lon":"ADDRESS","business_unit":"Plan Check at Counter"},"geometry":{"type":"Point","coordinates":[-118.37303,34.08836]}},{"type":"Feature","properties":{"date":"2022-04-19T00:00:00.000Z","year":2022,"description":"Early Start Demo Interior demolition of non structural partitions and finishes. No change in use, no change in building area.","metadescription":"Bldg-Alter/Repair. Commercial. Early Start Demo Interior demolition of non structural partitions and finishes. No change in use, no change in building area.. Permit Finaled. 8401 W MELROSE AVE","address":"8401 Melrose Avenue, CA, West Hollywood, 90069, US","ct":"1944.02","ev":"N","apc":"Central","cpa":"Hollywood","zone":"C4-1XL","solar":"N","pin_nbr":"141B173   502","use_code":"16","status_date":"05/09/2022","permit_group":"Building","refresh_time":"06/10/2026","type_lat_lon":"ADDRESS","business_unit":"Plan Check at Counter"},"geometry":{"type":"Point","coordinates":[-118.37376,34.08347]}},{"type":"Feature","properties":{"date":"2022-04-04T00:00:00.000Z","year":2022,"description":"demolish (e) s.f.d. w/ detached garage and clear lotDemo by HandcrackSewer Cap Req'Fence Req'DPI: 20019-30000-01067","metadescription":"Bldg-Demolition. 1 or 2 Family Dwelling. demolish (e) s.f.d. w/ detached garage and clear lotDemo by HandcrackSewer Cap Req'Fence Req'DPI: 20019-30000-01067. Permit Finaled. 1316 N VISTA ST","address":"1314 North Vista Street, CA, Los Angeles, 90046, US","ct":"1899.02","ev":"N","apc":"Central","cpa":"Hollywood","zone":"R3-1","solar":"N","pin_nbr":"144B181    46","use_code":"1","status_date":"06/09/2022","permit_group":"Building","refresh_time":"06/10/2026","type_lat_lon":"ADDRESS","business_unit":"Plan Check at Counter","square_footage":"0"},"geometry":{"type":"Point","coordinates":[-118.35158,34.09495]}},{"type":"Feature","properties":{"date":"2022-01-05T00:00:00.000Z","year":2022,"description":"DEMOLITION PORTION OF (E) GARAGE & ADD (N) SLIDING DOOR.","metadescription":"Bldg-Alter/Repair. 1 or 2 Family Dwelling. DEMOLITION PORTION OF (E) GARAGE & ADD (N) SLIDING DOOR.. CofO Issued. 458 N ALFRED ST","address":"458 North Alfred Street, CA, Los Angeles, 90048, US","ct":"1945.00","ev":"N","apc":"Central","cpa":"Wilshire","zone":"R2-1-O","solar":"N","pin_nbr":"141B173  1180","use_code":"7","status_date":"05/07/2024","construction":"Type V-B Construction","permit_group":"Building","refresh_time":"06/10/2026","type_lat_lon":"ADDRESS","business_unit":"Expanded Counter Plan Check","square_footage":"0"},"geometry":{"type":"Point","coordinates":[-118.37514,34.07981]}},{"type":"Feature","properties":{"date":"2021-11-10T00:00:00.000Z","year":2021,"description":"Demolish (E) one story single family dwelling.","metadescription":"Bldg-Demolition. 1 or 2 Family Dwelling. Demolish (E) one story single family dwelling.. Permit Finaled. 854 N CRESCENT HEIGHTS BLVD","address":"854 North Crescent Heights Boulevard, CA, Los Angeles, 90046, US","ct":"1944.01","ev":"N","apc":"Central","cpa":"Hollywood","zone":"R1-1","solar":"N","pin_nbr":"144B177   505","use_code":"1","status_date":"01/20/2022","permit_group":"Building","refresh_time":"06/10/2026","type_lat_lon":"ADDRESS","business_unit":"Plan Check at Counter","square_footage":"0"},"geometry":{"type":"Point","coordinates":[-118.36577,34.08693]}},{"type":"Feature","properties":{"date":"2021-10-22T00:00:00.000Z","year":2021,"description":"demolish (e) s.f.d. and garage.DEMO BY HAND CRACK METHOD, SEWER CAP REQ', FENCE REQ'S","metadescription":"Bldg-Demolition. 1 or 2 Family Dwelling. demolish (e) s.f.d. and garage.DEMO BY HAND CRACK METHOD, SEWER CAP REQ', FENCE REQ'S. Permit Finaled. 469 N ORLANDO AVE","address":"469 North Orlando Avenue, CA, Los Angeles, 90048, US","ct":"1945.00","ev":"N","apc":"Central","cpa":"Wilshire","zone":"R1V3-O","solar":"N","pin_nbr":"141B173  1131","use_code":"1","status_date":"01/26/2025","permit_group":"Building","refresh_time":"06/10/2026","type_lat_lon":"ADDRESS","business_unit":"Plan Check at Counter","square_footage":"0"},"geometry":{"type":"Point","coordinates":[-118.3733,34.07999]}},{"type":"Feature","properties":{"date":"2021-09-22T00:00:00.000Z","year":2021,"description":"EARLY START DEMOLITION TO DEMOLISH NON BEARING PARTITIONS","metadescription":"Bldg-Alter/Repair. Commercial. EARLY START DEMOLITION TO DEMOLISH NON BEARING PARTITIONS. Issued. 117 N ROBERTSON BLVD","address":"117 North Robertson Boulevard, CA, Los Angeles, 90048, US","ct":"2149.01","ev":"N","apc":"Central","cpa":"Wilshire","zone":"[Q]C2-1VL-O","solar":"N","pin_nbr":"138B169   306","use_code":"16","status_date":"09/22/2021","permit_group":"Building","refresh_time":"06/10/2026","type_lat_lon":"ADDRESS","business_unit":"Plan Check at Counter"},"geometry":{"type":"Point","coordinates":[-118.38388,34.0758]}},{"type":"Feature","properties":{"date":"2021-09-20T00:00:00.000Z","year":2021,"description":"DEMO THE (E) SFD WITH DETACHED (E) GARAGE - SEWER CAP REQUIRED. PEDESTRIAN FENCE NOT REQUIRED. CLEAR LOT","metadescription":"Bldg-Demolition. 1 or 2 Family Dwelling. DEMO THE (E) SFD WITH DETACHED (E) GARAGE - SEWER CAP REQUIRED. PEDESTRIAN FENCE NOT REQUIRED. CLEAR LOT. Permit Finaled. 941 N ORLANDO AVE","address":"933 North Orlando Avenue, CA, West Hollywood, 90069, US","ct":"1944.02","ev":"N","apc":"Central","cpa":"Hollywood","zone":"R1-1","solar":"N","pin_nbr":"144B173   252","use_code":"1","status_date":"12/19/2021","permit_group":"Building","refresh_time":"06/10/2026","type_lat_lon":"ADDRESS","business_unit":"Plan Check at Counter"},"geometry":{"type":"Point","coordinates":[-118.3733,34.08811]}},{"type":"Feature","properties":{"date":"2021-09-14T00:00:00.000Z","year":2021,"description":"Demo Permit for (E) Garage 360sqftDPI: 21019-30000-01446Sewer Cap Req' Demo by Handcrack method","metadescription":"Bldg-Demolition. 1 or 2 Family Dwelling. Demo Permit for (E) Garage 360sqftDPI: 21019-30000-01446Sewer Cap Req' Demo by Handcrack method. Permit Finaled. 629 N HARPER AVE","address":"629 North Harper Avenue, CA, Los Angeles, 90048, US","ct":"1944.02","ev":"N","apc":"Central","cpa":"Hollywood","zone":"R1V3","solar":"N","pin_nbr":"141B173   662","use_code":"7","status_date":"06/14/2023","permit_group":"Building","refresh_time":"06/10/2026","type_lat_lon":"ADDRESS","business_unit":"Plan Check at Counter"},"geometry":{"type":"Point","coordinates":[-118.36919,34.08244]}},{"type":"Feature","properties":{"date":"2021-08-26T00:00:00.000Z","year":2021,"description":"eplan:  EARLY START DEMOLITION Interior non-structural demolition only.","metadescription":"Bldg-Alter/Repair. Commercial. eplan:  EARLY START DEMOLITION Interior non-structural demolition only.. Permit Expired. 8424 W MELROSE PL","address":"8424 Melrose Place, CA, West Hollywood, 90069, US","ct":"1944.02","ev":"N","apc":"Central","cpa":"Hollywood","zone":"C4-1XL","solar":"N","pin_nbr":"141B173   504","use_code":"13","status_date":"04/07/2026","permit_group":"Building","refresh_time":"06/10/2026","type_lat_lon":"ADDRESS","business_unit":"Plan Check at Counter"},"geometry":{"type":"Point","coordinates":[-118.37421,34.08342]}},{"type":"Feature","properties":{"date":"2021-07-21T00:00:00.000Z","year":2021,"description":"EARLY START DEMO PERMIT FOR REMOVAL OF NON-BEARING INTERIOR PARTITIONS, SUSPENDED CEILING WITH MODICATION.","metadescription":"Bldg-Alter/Repair. Commercial. EARLY START DEMO PERMIT FOR REMOVAL OF NON-BEARING INTERIOR PARTITIONS, SUSPENDED CEILING WITH MODICATION.. Issued. 650 N LA CIENEGA BLVD","address":"650 North La Cienega Boulevard, CA, West Hollywood, 90069, US","ct":"1944.02","ev":"N","apc":"Central","cpa":"Hollywood","zone":"C4-1XL","solar":"N","pin_nbr":"141B173   519","use_code":"17","status_date":"07/21/2021","permit_group":"Building","refresh_time":"06/10/2026","type_lat_lon":"ADDRESS","business_unit":"Plan Check at Counter"},"geometry":{"type":"Point","coordinates":[-118.37631,34.08325]}},{"type":"Feature","properties":{"date":"2021-06-28T00:00:00.000Z","year":2021,"description":"DEMOLISH (E) 6-CAR CARPORT. SEWER CAP REQUIRED. PEDESTRIAN PROTECTION FENCE AND CANOPY REQUIRED.","metadescription":"Bldg-Demolition. Apartment. DEMOLISH (E) 6-CAR CARPORT. SEWER CAP REQUIRED. PEDESTRIAN PROTECTION FENCE AND CANOPY REQUIRED.. Permit Finaled. 1302 N DETROIT ST","address":"1-7, 1302 North Detroit Street, CA, Los Angeles, 90046, US","ct":"1899.02","ev":"N","apc":"Central","cpa":"Hollywood","zone":"R3-1XL","solar":"N","pin_nbr":"144B181   132","use_code":"7","status_date":"04/01/2022","permit_group":"Building","refresh_time":"06/10/2026","type_lat_lon":"ADDRESS","business_unit":"Plan Check at Counter"},"geometry":{"type":"Point","coordinates":[-118.34505,34.09454]}},{"type":"Feature","properties":{"date":"2021-06-14T00:00:00.000Z","year":2021,"description":"demo detach garage.  dwelling demo under separate permit.  clear lot","metadescription":"Bldg-Demolition. 1 or 2 Family Dwelling. demo detach garage.  dwelling demo under separate permit.  clear lot. Permit Finaled. 438 N LA JOLLA AVE","address":"438 North La Jolla Avenue, CA, Los Angeles, 90048, US","ct":"1945.00","ev":"N","apc":"Central","cpa":"Wilshire","zone":"R1V3","solar":"N","pin_nbr":"141B173  1266","use_code":"7","status_date":"07/21/2021","permit_group":"Building","refresh_time":"06/10/2026","type_lat_lon":"ADDRESS","business_unit":"Plan Check at Counter"},"geometry":{"type":"Point","coordinates":[-118.36784,34.07934]}},{"type":"Feature","properties":{"date":"2021-06-14T00:00:00.000Z","year":2021,"description":"demo dwelling, garage to be demo under separate permit.  clear lot","metadescription":"Bldg-Demolition. 1 or 2 Family Dwelling. demo dwelling, garage to be demo under separate permit.  clear lot. Permit Finaled. 438 N LA JOLLA AVE","address":"438 North La Jolla Avenue, CA, Los Angeles, 90048, US","ct":"1945.00","ev":"N","apc":"Central","cpa":"Wilshire","zone":"R1V3","solar":"N","pin_nbr":"141B173  1266","use_code":"1","status_date":"07/21/2021","permit_group":"Building","refresh_time":"06/10/2026","type_lat_lon":"ADDRESS","business_unit":"Plan Check at Counter","square_footage":"0"},"geometry":{"type":"Point","coordinates":[-118.36784,34.07934]}},{"type":"Feature","properties":{"date":"2021-06-11T00:00:00.000Z","year":2021,"description":"DEMOLITION OF EXISTING ONE-STORY SINGLE FAMILY DWELLING AND DETACHED GARAGE, CLEAR LOT, FENCE REQUIREDComply with Department Order effective date12/08/2020","metadescription":"Bldg-Demolition. 1 or 2 Family Dwelling. DEMOLITION OF EXISTING ONE-STORY SINGLE FAMILY DWELLING AND DETACHED GARAGE, CLEAR LOT, FENCE REQUIREDComply with Department Order effective date12/08/2020. Permit Finaled. 444 N KINGS ROAD","address":"444 North Kings Road, CA, Los Angeles, 90048, US","ct":"1945.00","ev":"N","apc":"Central","cpa":"Wilshire","zone":"R1V3","solar":"N","pin_nbr":"141B173  1249","use_code":"1","status_date":"07/21/2021","permit_group":"Building","refresh_time":"06/10/2026","type_lat_lon":"ADDRESS","business_unit":"Plan Check at Counter"},"geometry":{"type":"Point","coordinates":[-118.372,34.07945]}},{"type":"Feature","properties":{"date":"2021-05-16T00:00:00.000Z","year":2021,"description":"DEMOLITON OF (E) GARAGE. CLEAR LOT.","metadescription":"Bldg-Demolition. 1 or 2 Family Dwelling. DEMOLITON OF (E) GARAGE. CLEAR LOT.. PC Info Complete. 745-747 N CROFT AVE","address":"745 North Croft Avenue, CA, West Hollywood, 90069, US","ct":"1944.02","ev":"N","apc":"Central","cpa":"Hollywood","zone":"[Q]R3-1","solar":"N","pin_nbr":"141B173   266","use_code":"7","status_date":"07/19/2021","construction":"Type V-B Construction","permit_group":"Building","refresh_time":"06/10/2026","type_lat_lon":"ADDRESS","business_unit":"Plan Check at Counter","square_footage":"0"},"geometry":{"type":"Point","coordinates":[-118.37435,34.08489]}},{"type":"Feature","properties":{"date":"2021-04-08T00:00:00.000Z","year":2021,"description":"DEMOLISH (E) DUPLEX AND DETACHED GARAGE TO CLEAR LOT. SEWER CAP AND PEDESTRIAN PROTECTION FENCE REQUIRED.","metadescription":"Bldg-Demolition. 1 or 2 Family Dwelling. DEMOLISH (E) DUPLEX AND DETACHED GARAGE TO CLEAR LOT. SEWER CAP AND PEDESTRIAN PROTECTION FENCE REQUIRED.. Permit Finaled. 738-740 N HARPER AVE","address":"738 North Harper Avenue, CA, Los Angeles, 90046, US","ct":"1944.02","ev":"N","apc":"Central","cpa":"Hollywood","zone":"R2-1XL","solar":"N","pin_nbr":"141B173   276","use_code":"2","status_date":"05/10/2021","permit_group":"Building","refresh_time":"06/10/2026","type_lat_lon":"ADDRESS","business_unit":"Plan Check at Counter","square_footage":"0"},"geometry":{"type":"Point","coordinates":[-118.36894,34.08482]}},{"type":"Feature","properties":{"date":"2021-03-25T00:00:00.000Z","year":2021,"description":"DEMO 2 GARAGES (18' X 18')****VOID, DUPLICATED WITH: 23019-10000-00926****","metadescription":"Bldg-Demolition. 1 or 2 Family Dwelling. DEMO 2 GARAGES (18' X 18')****VOID, DUPLICATED WITH: 23019-10000-00926****. Corrections Issued. 504 N SWEETZER AVE","address":"504 1/2 North Sweetzer Avenue, CA, Los Angeles, 90048, US","ct":"1944.02","ev":"N","apc":"Central","cpa":"Hollywood","zone":"RD1.5-1XL","solar":"N","pin_nbr":"141B173  1083","use_code":"7","status_date":"03/29/2021","permit_group":"Building","refresh_time":"06/10/2026","type_lat_lon":"ADDRESS","business_unit":"Plan Check at Counter"},"geometry":{"type":"Point","coordinates":[-118.37011,34.08031]}},{"type":"Feature","properties":{"date":"2021-03-25T00:00:00.000Z","year":2021,"description":"DEMOLTION PREINSPECTION WITH POSTING REQUIRED FOR 2 GARAGES (18' X 18')","metadescription":"Bldg-Demolition. 1 or 2 Family Dwelling. DEMOLTION PREINSPECTION WITH POSTING REQUIRED FOR 2 GARAGES (18' X 18'). Corrections Issued. 504 N SWEETZER AVE","address":"504 1/2 North Sweetzer Avenue, CA, Los Angeles, 90048, US","ct":"1944.02","ev":"N","apc":"Central","cpa":"Hollywood","zone":"RD1.5-1XL","solar":"N","pin_nbr":"141B173  1083","status_date":"03/29/2021","permit_group":"Building","refresh_time":"06/10/2026","type_lat_lon":"ADDRESS","business_unit":"Plan Check at Counter"},"geometry":{"type":"Point","coordinates":[-118.37011,34.08031]}},{"type":"Feature","properties":{"date":"2021-03-02T00:00:00.000Z","year":2021,"description":"DEMO THE (E) SFD AND DETACHED GARAGE, CLEAR LOT.","metadescription":"Bldg-Demolition. 1 or 2 Family Dwelling. DEMO THE (E) SFD AND DETACHED GARAGE, CLEAR LOT.. Corrections Issued. 8448 W OAKWOOD AVE","address":"8448 Oakwood Avenue, CA, Los Angeles, 90048, US","ct":"1945.00","ev":"N","apc":"Central","cpa":"Wilshire","zone":"R2-1-O","solar":"N","pin_nbr":"138B173   101","use_code":"2","status_date":"03/08/2021","permit_group":"Building","refresh_time":"06/10/2026","type_lat_lon":"ADDRESS","business_unit":"Plan Check at Counter","square_footage":"0"},"geometry":{"type":"Point","coordinates":[-118.37479,34.07804]}},{"type":"Feature","properties":{"date":"2020-12-18T00:00:00.000Z","year":2020,"description":"DEMOLISH (E) SFD & DETACHED GARAGE. SEWER CAP & PEDESTRIAN PROTECTION FENCE REQUIRED. CLEAR LOT.","metadescription":"Bldg-Demolition. 1 or 2 Family Dwelling. DEMOLISH (E) SFD & DETACHED GARAGE. SEWER CAP & PEDESTRIAN PROTECTION FENCE REQUIRED. CLEAR LOT.. PC Info Complete. 1000 N EDINBURGH AVE","address":"1000 North Edinburgh Avenue, CA, Los Angeles, 90046, US","ct":"1944.01","ev":"N","apc":"Central","cpa":"Hollywood","zone":"R4-1","solar":"N","pin_nbr":"144B177   275","use_code":"1","status_date":"05/28/2021","permit_group":"Building","refresh_time":"06/10/2026","type_lat_lon":"ADDRESS","business_unit":"Plan Check at Counter"},"geometry":{"type":"Point","coordinates":[-118.36365,34.08892]}},{"type":"Feature","properties":{"date":"2020-12-17T00:00:00.000Z","year":2020,"description":"EARLY START INTERIOR NON-STRUCTURAL DEMOLITION WHICH WILL INCLUDE THE REMOVAL OF INTERIOR NON-BEARING PARTITIONS, DOORS, CEILING, MILLWORK, FINISHES, AND LIGHT FIXTURES ON A PORTION OF THE 3 RD FLOOR. NOT TO INCLUDE FIRE SPRINKLERS OR OTHER FIRE SAFETY SYSTEMS.","metadescription":"Bldg-Alter/Repair. Commercial. EARLY START INTERIOR NON-STRUCTURAL DEMOLITION WHICH WILL INCLUDE THE REMOVAL OF INTERIOR NON-BEARING PARTITIONS, DOORS, CEILING, MILLWORK, FINISHES, AND LIGHT FIXTURES ON A PORTION OF THE 3 RD FLOOR. NOT TO INCLUDE FIRE SPRINKLERS OR OTHER FIRE SAFETY SYSTEMS.. Permit Finaled. 116 N ROBERTSON BLVD 300","address":"116 North Robertson Boulevard, CA, Los Angeles, 90048, US","ct":"2149.02","ev":"N","apc":"Central","cpa":"Wilshire","zone":"[Q]C2-1VL-O","solar":"N","pin_nbr":"138B169   244","use_code":"13","status_date":"03/11/2021","permit_group":"Building","refresh_time":"06/10/2026","type_lat_lon":"ADDRESS","business_unit":"Plan Check at Counter"},"geometry":{"type":"Point","coordinates":[-118.38356,34.0758]}},{"type":"Feature","properties":{"date":"2020-12-01T00:00:00.000Z","year":2020,"description":"DEMO (E) SFD WITH ATTACHED GARAGE BY DOZER OR LOADING WRECKING. PEDESTRIAN FENCE AND SEWER CAP NOT REQUIRED.","metadescription":"Bldg-Demolition. 1 or 2 Family Dwelling. DEMO (E) SFD WITH ATTACHED GARAGE BY DOZER OR LOADING WRECKING. PEDESTRIAN FENCE AND SEWER CAP NOT REQUIRED.. Permit Finaled. 715 N ALFRED ST","address":"715 North Alfred Street, CA, West Hollywood, 90069, US","ct":"1944.02","ev":"N","apc":"Central","cpa":"Hollywood","zone":"[Q]R3-1","solar":"N","pin_nbr":"141B173   381","use_code":"1","status_date":"01/22/2021","permit_group":"Building","refresh_time":"06/10/2026","type_lat_lon":"ADDRESS","business_unit":"Plan Check at Counter"},"geometry":{"type":"Point","coordinates":[-118.37548,34.08414]}},{"type":"Feature","properties":{"date":"2020-11-30T00:00:00.000Z","year":2020,"description":"DEMO (E) SFD AND DETACHED GARAGE/WORKSHOP TO CLEAR THE LOT - SEWER CAP REQUIRED","metadescription":"Bldg-Demolition. 1 or 2 Family Dwelling. DEMO (E) SFD AND DETACHED GARAGE/WORKSHOP TO CLEAR THE LOT - SEWER CAP REQUIRED. Permit Finaled. 347 N ALFRED ST","address":"347 North Alfred Street, CA, Los Angeles, 90048, US","ct":"1945.00","ev":"N","apc":"Central","cpa":"Wilshire","zone":"R2-1-O","solar":"N","pin_nbr":"138B173   211","use_code":"7","status_date":"01/05/2021","permit_group":"Building","refresh_time":"06/10/2026","type_lat_lon":"ADDRESS","business_unit":"Plan Check at Counter"},"geometry":{"type":"Point","coordinates":[-118.3755,34.07746]}},{"type":"Feature","properties":{"date":"2020-10-16T00:00:00.000Z","year":2020,"description":"Tennant improvement. Preparation of rooms 2094 C, 2095, and 2085 for installation of new lab/research equipment.  Demolition of wall between rooms 2085 and 2085 A, and infill of door in room 2085A","metadescription":"Bldg-Alter/Repair. Commercial. Tennant improvement. Preparation of rooms 2094 C, 2095, and 2085 for installation of new lab/research equipment.  Demolition of wall between rooms 2085 and 2085 A, and infill of door in room 2085A. Permit Finaled. 8700 W BEVERLY BLVD","address":"8702 Beverly Boulevard, CA, Los Angeles, 90048, US","ct":"2149.02","ev":"N","apc":"Central","cpa":"Wilshire","zone":"[T][Q]C2-2D-O","solar":"N","pin_nbr":"138B169   208","use_code":"13","status_date":"02/02/2021","permit_group":"Building","refresh_time":"06/10/2026","type_lat_lon":"ADDRESS","business_unit":"Plan Check at Counter"},"geometry":{"type":"Point","coordinates":[-118.3805,34.07666]}},{"type":"Feature","properties":{"date":"2020-10-15T00:00:00.000Z","year":2020,"description":"DEMOLITION OF DUPLEX, FENCE REQUIRED. CLEAR LOT.","metadescription":"Bldg-Demolition. 1 or 2 Family Dwelling. DEMOLITION OF DUPLEX, FENCE REQUIRED. CLEAR LOT.. Corrections Issued. 745 N CROFT AVE","address":"745 North Croft Avenue, CA, West Hollywood, 90069, US","ct":"1944.02","ev":"N","apc":"Central","cpa":"Hollywood","zone":"[Q]R3-1","solar":"N","pin_nbr":"141B173   266","use_code":"2","status_date":"10/24/2020","permit_group":"Building","refresh_time":"06/10/2026","type_lat_lon":"ADDRESS","business_unit":"Plan Check at Counter"},"geometry":{"type":"Point","coordinates":[-118.37435,34.08489]}},{"type":"Feature","properties":{"date":"2020-09-25T00:00:00.000Z","year":2020,"description":"DEMOLITION PREINSPECTION WITH POSTING REQUIRED FOR SFD/ GAR","metadescription":"Bldg-Demolition. 1 or 2 Family Dwelling. DEMOLITION PREINSPECTION WITH POSTING REQUIRED FOR SFD/ GAR. PC Approved. 715 N ALFRED ST","address":"715 North Alfred Street, CA, West Hollywood, 90069, US","ct":"1944.02","ev":"N","apc":"Central","cpa":"Hollywood","zone":"[Q]R3-1","solar":"N","pin_nbr":"141B173   381","status_date":"11/30/2020","permit_group":"Building","refresh_time":"06/10/2026","type_lat_lon":"ADDRESS","business_unit":"Plan Check at Counter"},"geometry":{"type":"Point","coordinates":[-118.37548,34.08414]}},{"type":"Feature","properties":{"date":"2020-08-26T00:00:00.000Z","year":2020,"description":"DEMO (E) DUPLEX.  SEWER CAP REQUIRED AND PEDESTRIAN FENCE REQUIRED. CLEAR LOT.","metadescription":"Bldg-Demolition. 1 or 2 Family Dwelling. DEMO (E) DUPLEX.  SEWER CAP REQUIRED AND PEDESTRIAN FENCE REQUIRED. CLEAR LOT.. Permit Finaled. 813-815 N LA JOLLA AVE","address":"815 North La Jolla Avenue, CA, Los Angeles, 90046, US","ct":"1944.02","ev":"N","apc":"Central","cpa":"Hollywood","zone":"R2-1XL","solar":"N","pin_nbr":"141B173   146","use_code":"2","status_date":"11/11/2020","permit_group":"Building","refresh_time":"06/10/2026","type_lat_lon":"PIN","business_unit":"Plan Check at Counter"},"geometry":{"type":"Point","coordinates":[-118.36833039,34.08586187]}},{"type":"Feature","properties":{"date":"2020-08-26T00:00:00.000Z","year":2020,"description":"DEMO (E) SFD AND ATTACHED GARAGE.  SEWER CAP REQUIRED AND PEDESTRIAN FENCE REQUIRED. CLEAR LOT.","metadescription":"Bldg-Demolition. 1 or 2 Family Dwelling. DEMO (E) SFD AND ATTACHED GARAGE.  SEWER CAP REQUIRED AND PEDESTRIAN FENCE REQUIRED. CLEAR LOT.. Permit Finaled. 813-815 N LA JOLLA AVE","address":"815 North La Jolla Avenue, CA, Los Angeles, 90046, US","ct":"1944.02","ev":"N","apc":"Central","cpa":"Hollywood","zone":"R2-1XL","solar":"N","pin_nbr":"141B173   146","use_code":"1","status_date":"11/14/2020","permit_group":"Building","refresh_time":"06/10/2026","type_lat_lon":"PIN","business_unit":"Plan Check at Counter"},"geometry":{"type":"Point","coordinates":[-118.36833039,34.08586187]}},{"type":"Feature","properties":{"date":"2020-07-20T00:00:00.000Z","year":2020,"description":"DEMO (E) GARAGE. SEE COMMENTS.","metadescription":"Bldg-Demolition. 1 or 2 Family Dwelling. DEMO (E) GARAGE. SEE COMMENTS.. Verifications in Progress. 1314 N ORANGE GROVE AVE","address":"1314 North Orange Grove Avenue, CA, Los Angeles, 90046, US","ct":"1898.00","ev":"N","apc":"Central","cpa":"Hollywood","zone":"R1-1-HPOZ","solar":"N","pin_nbr":"144B177    34","use_code":"7","status_date":"08/26/2020","permit_group":"Building","refresh_time":"06/10/2026","type_lat_lon":"ADDRESS","business_unit":"Expanded Counter Plan Check"},"geometry":{"type":"Point","coordinates":[-118.36022,34.09494]}},{"type":"Feature","properties":{"date":"2020-07-17T00:00:00.000Z","year":2020,"description":"Demo (E) SFD and detached garage to clear lot. Pedestrian fence & sewer cap required.","metadescription":"Bldg-Demolition. 1 or 2 Family Dwelling. Demo (E) SFD and detached garage to clear lot. Pedestrian fence & sewer cap required.. Permit Finaled. 1327 N FULLER AVE","address":"1327 North Fuller Avenue, CA, Los Angeles, 90046, US","ct":"1899.02","ev":"N","apc":"Central","cpa":"Hollywood","zone":"R3-1","solar":"N","pin_nbr":"147B181  1104","use_code":"1","status_date":"08/30/2021","permit_group":"Building","refresh_time":"06/10/2026","type_lat_lon":"ADDRESS","business_unit":"Plan Check at Counter","square_footage":"0"},"geometry":{"type":"Point","coordinates":[-118.34968,34.09527]}},{"type":"Feature","properties":{"date":"2020-07-09T00:00:00.000Z","year":2020,"description":"DEMOLISH (E) SINGLE-FAMILY DWELLING AND DETACHED GARAGE. CLEAR LOT.","metadescription":"Bldg-Demolition. 1 or 2 Family Dwelling. DEMOLISH (E) SINGLE-FAMILY DWELLING AND DETACHED GARAGE. CLEAR LOT.. Permit Finaled. 434 N FLORES ST","address":"434 North Flores Street, CA, Los Angeles, 90048, US","ct":"1945.00","ev":"N","apc":"Central","cpa":"Wilshire","zone":"R1V3","solar":"N","pin_nbr":"141B173  1299","use_code":"1","status_date":"07/26/2020","permit_group":"Building","refresh_time":"06/10/2026","type_lat_lon":"ADDRESS","business_unit":"Plan Check at Counter","square_footage":"0"},"geometry":{"type":"Point","coordinates":[-118.37094,34.07918]}},{"type":"Feature","properties":{"date":"2020-04-03T00:00:00.000Z","year":2020,"description":"DEMO (E) DUPLEX AND (E) DETACHED GARAGE PER DEPT'S INFO BULLETIN, P/BC 2017-039 - CLEAR LOT. DPI COMPLETED PER 19019-20000-05762.","metadescription":"Bldg-Demolition. 1 or 2 Family Dwelling. DEMO (E) DUPLEX AND (E) DETACHED GARAGE PER DEPT'S INFO BULLETIN, P/BC 2017-039 - CLEAR LOT. DPI COMPLETED PER 19019-20000-05762.. Permit Finaled. 812-814 N LA JOLLA AVE","address":"812 North La Jolla Avenue, CA, Los Angeles, 90046, US","ct":"1944.02","ev":"N","apc":"Central","cpa":"Hollywood","zone":"R2-1XL","solar":"N","pin_nbr":"141B173   145","use_code":"2","status_date":"04/30/2020","permit_group":"Building","refresh_time":"06/10/2026","type_lat_lon":"ADDRESS","business_unit":"Plan Check at Counter","square_footage":"0"},"geometry":{"type":"Point","coordinates":[-118.36788,34.08581]}},{"type":"Feature","properties":{"date":"2020-01-24T00:00:00.000Z","year":2020,"description":"EARLY START INTERIOR DEMO PER IB/P/BC 2017-097:  REMOVE NON-STRUCTURAL INTERIOR PARTITIONS AND FINISHES ON FIRST FLOOR AND MEZZANINE LEVEL.","metadescription":"Bldg-Alter/Repair. Commercial. EARLY START INTERIOR DEMO PER IB/P/BC 2017-097:  REMOVE NON-STRUCTURAL INTERIOR PARTITIONS AND FINISHES ON FIRST FLOOR AND MEZZANINE LEVEL.. Permit Finaled. 714 N LA CIENEGA BLVD","address":"722 North La Cienega Boulevard, CA, West Hollywood, 90069, US","ct":"1944.02","ev":"N","apc":"Central","cpa":"Hollywood","zone":"C4-1VL","solar":"N","pin_nbr":"141B173   383","use_code":"16","status_date":"04/09/2020","permit_group":"Building","refresh_time":"06/10/2026","type_lat_lon":"ADDRESS","business_unit":"Plan Check at Counter"},"geometry":{"type":"Point","coordinates":[-118.37634,34.08414]}},{"type":"Feature","properties":{"date":"2019-12-19T00:00:00.000Z","year":2019,"description":"Demolish (E) detached garage at rear of property per handwreck method.","metadescription":"Bldg-Demolition. 1 or 2 Family Dwelling. Demolish (E) detached garage at rear of property per handwreck method.. Permit Finaled. 362 N ORLANDO AVE","address":"362 North Orlando Avenue, CA, Los Angeles, 90048, US","ct":"1945.00","ev":"N","apc":"Central","cpa":"Wilshire","zone":"R1V3-O","solar":"N","pin_nbr":"138B173   126","use_code":"7","geolocation":"POINT (-118.37302 34.0778)","status_date":"01/16/2020","permit_group":"Building","refresh_time":"06/10/2026","type_lat_lon":"ADDRESS","business_unit":"Plan Check at Counter","square_footage":"0"},"geometry":{"type":"Point","coordinates":[-118.37302,34.0778]}},{"type":"Feature","properties":{"date":"2019-11-26T00:00:00.000Z","year":2019,"description":"DEMO PERMIT FOR (E) SFD & DETACHED GARAGE HANDWRECK METHOD","metadescription":"Bldg-Demolition. 1 or 2 Family Dwelling. DEMO PERMIT FOR (E) SFD & DETACHED GARAGE HANDWRECK METHOD. Permit Finaled. 405 N HARPER AVE","address":"405 North Harper Avenue, CA, Los Angeles, 90048, US","ct":"1945.00","ev":"N","apc":"Central","cpa":"Wilshire","zone":"R2-1","solar":"N","pin_nbr":"138B173    55","use_code":"1","geolocation":"POINT (-118.3691 34.07835)","status_date":"05/28/2020","permit_group":"Building","refresh_time":"06/10/2026","type_lat_lon":"ADDRESS","business_unit":"Plan Check at Counter"},"geometry":{"type":"Point","coordinates":[-118.3691,34.07835]}},{"type":"Feature","properties":{"date":"2019-11-25T00:00:00.000Z","year":2019,"description":"DEMO (E) SFD, GARAGE TO CLEAR LOT. SEWER CAP AND PEDESTERIAN FENCE REQUIRED.\"Comply with Department Order effective date11/27/2019.","metadescription":"Bldg-Demolition. 1 or 2 Family Dwelling. DEMO (E) SFD, GARAGE TO CLEAR LOT. SEWER CAP AND PEDESTERIAN FENCE REQUIRED.\"Comply with Department Order effective date11/27/2019.. Permit Finaled. 842 N CRESCENT HEIGHTS BLVD","address":"842 North Crescent Heights Boulevard, CA, Los Angeles, 90046, US","ct":"1944.01","ev":"N","apc":"Central","cpa":"Hollywood","zone":"R1-1","solar":"N","pin_nbr":"141B177    43","use_code":"1","geolocation":"POINT (-118.36576 34.08675)","status_date":"01/16/2020","permit_group":"Building","refresh_time":"06/10/2026","type_lat_lon":"ADDRESS","business_unit":"Plan Check at Counter","square_footage":"0"},"geometry":{"type":"Point","coordinates":[-118.36576,34.08675]}},{"type":"Feature","properties":{"date":"2019-09-16T00:00:00.000Z","year":2019,"description":"DEMOLISH (E) SFD & DETACHED 1-CAR GARAGE PER DEPT'S INFO BULLETIN, P/BC 2017-039. SEWER CAP & PEDESTRIAN PROTECTION FENCE REQUIRED.","metadescription":"Bldg-Demolition. 1 or 2 Family Dwelling. DEMOLISH (E) SFD & DETACHED 1-CAR GARAGE PER DEPT'S INFO BULLETIN, P/BC 2017-039. SEWER CAP & PEDESTRIAN PROTECTION FENCE REQUIRED.. Permit Finaled. 1024 N ORLANDO AVE","address":"1016 North Orlando Avenue, CA, West Hollywood, 90069, US","ct":"1944.02","ev":"N","apc":"Central","cpa":"Hollywood","zone":"R1-1","solar":"N","pin_nbr":"144B173   135","use_code":"1","geolocation":"POINT (-118.37304 34.08949)","status_date":"10/22/2019","permit_group":"Building","refresh_time":"06/10/2026","type_lat_lon":"ADDRESS","business_unit":"Plan Check at Counter"},"geometry":{"type":"Point","coordinates":[-118.37304,34.08949]}},{"type":"Feature","properties":{"date":"2019-09-10T00:00:00.000Z","year":2019,"description":"INTERIOR TI OF 1436 SF OF (E) RETAIL SPACE, DEMO OF INTERIOR PARTITIONS, FITTING ROOMS, FIXTURES, AND PLATFORMS. INSTALL NEW INTERIOR PARTITIONS, FIXTURES AND FITTING ROOMS, AND INSTALL NEW LIGHT FIXTURES, POWER OUTLETS AND DATA PORTS","metadescription":"Bldg-Alter/Repair. Commercial. INTERIOR TI OF 1436 SF OF (E) RETAIL SPACE, DEMO OF INTERIOR PARTITIONS, FITTING ROOMS, FIXTURES, AND PLATFORMS. INSTALL NEW INTERIOR PARTITIONS, FIXTURES AND FITTING ROOMS, AND INSTALL NEW LIGHT FIXTURES, POWER OUTLETS AND DATA PORTS. Issued. 8406 W MELROSE AVE","address":"8406 Melrose Avenue, CA, West Hollywood, 90069, US","ct":"1944.02","ev":"N","apc":"Central","cpa":"Hollywood","zone":"C4-1XL","solar":"N","pin_nbr":"141B173   526","use_code":"16","geolocation":"POINT (-118.3735 34.08322)","status_date":"09/10/2019","permit_group":"Building","refresh_time":"06/10/2026","type_lat_lon":"ADDRESS","business_unit":"Plan Check at Counter"},"geometry":{"type":"Point","coordinates":[-118.3735,34.08322]}},{"type":"Feature","properties":{"date":"2019-09-09T00:00:00.000Z","year":2019,"description":"DEMOLITION OF 2-STORY 4-UNIT APARTMENT. SEWER CAP AND PEDESTRIAN PROTECTION FENCE REQUIRED. CLEAR LOT.","metadescription":"Bldg-Demolition. Apartment. DEMOLITION OF 2-STORY 4-UNIT APARTMENT. SEWER CAP AND PEDESTRIAN PROTECTION FENCE REQUIRED. CLEAR LOT.. Permit Finaled. 713 N CROFT AVE","address":"1-4, 713 North Croft Avenue, CA, West Hollywood, 90069, US","ct":"1944.02","ev":"N","apc":"Central","cpa":"Hollywood","zone":"[Q]R3-1","solar":"N","pin_nbr":"141B173   378","use_code":"5","geolocation":"POINT (-118.37447 34.08416)","status_date":"10/04/2019","construction":"Type V-B Construction","permit_group":"Building","refresh_time":"06/10/2026","type_lat_lon":"ADDRESS","business_unit":"Plan Check at Counter","square_footage":"0"},"geometry":{"type":"Point","coordinates":[-118.37447,34.08416]}},{"type":"Feature","properties":{"date":"2019-09-06T00:00:00.000Z","year":2019,"description":"DEMOLITION OF (E) GARAGE.","metadescription":"Bldg-Demolition. Apartment. DEMOLITION OF (E) GARAGE.. Permit Finaled. 718 N ALFRED ST 1-4","address":"1-4, 718 North Alfred Street, CA, West Hollywood, 90069, US","ct":"1944.02","ev":"N","apc":"Central","cpa":"Hollywood","zone":"[Q]R3-1","solar":"N","pin_nbr":"141B173   361","use_code":"7","geolocation":"POINT (-118.37514 34.08419)","status_date":"08/03/2021","construction":"Type V-B Construction","permit_group":"Building","refresh_time":"06/10/2026","type_lat_lon":"ADDRESS","business_unit":"Plan Check at Counter"},"geometry":{"type":"Point","coordinates":[-118.37514,34.08419]}},{"type":"Feature","properties":{"date":"2019-09-06T00:00:00.000Z","year":2019,"description":"DEMOLITION OF (E) 4-UNIT APARTMENT BUILDING.","metadescription":"Bldg-Demolition. Apartment. DEMOLITION OF (E) 4-UNIT APARTMENT BUILDING.. Permit Finaled. 718 N ALFRED ST 1-4","address":"1-4, 718 North Alfred Street, CA, West Hollywood, 90069, US","ct":"1944.02","ev":"N","apc":"Central","cpa":"Hollywood","zone":"[Q]R3-1","solar":"N","pin_nbr":"141B173   361","use_code":"5","geolocation":"POINT (-118.37514 34.08419)","status_date":"10/28/2019","permit_group":"Building","refresh_time":"06/10/2026","type_lat_lon":"ADDRESS","business_unit":"Plan Check at Counter"},"geometry":{"type":"Point","coordinates":[-118.37514,34.08419]}},{"type":"Feature","properties":{"date":"2019-09-06T00:00:00.000Z","year":2019,"description":"DEMOLISH DETACHED GARAGE.","metadescription":"Bldg-Demolition. 1 or 2 Family Dwelling. DEMOLISH DETACHED GARAGE.. Permit Finaled. 714-716 N ALFRED ST","address":"714 North Alfred Street, CA, West Hollywood, 90069, US","ct":"1944.02","ev":"N","apc":"Central","cpa":"Hollywood","zone":"[Q]R3-1","solar":"N","pin_nbr":"141B173   380","use_code":"7","geolocation":"POINT (-118.37514 34.08413)","status_date":"10/01/2019","construction":"Type V-B Construction","permit_group":"Building","refresh_time":"06/10/2026","type_lat_lon":"ADDRESS","business_unit":"Plan Check at Counter"},"geometry":{"type":"Point","coordinates":[-118.37514,34.08413]}},{"type":"Feature","properties":{"date":"2019-09-06T00:00:00.000Z","year":2019,"description":"DEMOLISH DUPLEX. HANDWRECKING METHOD ONLY.  SEWER CAP AND PEDESTRIAN PROTECTION FENCE REQUIRED. CLEAR LOT. 1 OF 2","metadescription":"Bldg-Demolition. 1 or 2 Family Dwelling. DEMOLISH DUPLEX. HANDWRECKING METHOD ONLY.  SEWER CAP AND PEDESTRIAN PROTECTION FENCE REQUIRED. CLEAR LOT. 1 OF 2. Permit Finaled. 714-716 N ALFRED ST","address":"714 North Alfred Street, CA, West Hollywood, 90069, US","ct":"1944.02","ev":"N","apc":"Central","cpa":"Hollywood","zone":"[Q]R3-1","solar":"N","pin_nbr":"141B173   380","use_code":"2","geolocation":"POINT (-118.37514 34.08413)","status_date":"10/01/2019","construction":"Type V-B Construction","permit_group":"Building","refresh_time":"06/10/2026","type_lat_lon":"ADDRESS","business_unit":"Plan Check at Counter","square_footage":"0"},"geometry":{"type":"Point","coordinates":[-118.37514,34.08413]}},{"type":"Feature","properties":{"date":"2019-08-26T00:00:00.000Z","year":2019,"description":"DEMO (E) DETACHED GARAGE BY HANDWRECK. PEDESTRIAN FENCE IS REQUIRED.","metadescription":"Bldg-Demolition. 1 or 2 Family Dwelling. DEMO (E) DETACHED GARAGE BY HANDWRECK. PEDESTRIAN FENCE IS REQUIRED.. Permit Finaled. 807-809 N CROFT AVE","address":"807 North Croft Avenue, CA, West Hollywood, 90069, US","ct":"1944.02","ev":"N","apc":"Central","cpa":"Hollywood","zone":"[Q]R3-1","solar":"N","pin_nbr":"141B173   175","use_code":"7","geolocation":"POINT (-118.37435 34.08559)","status_date":"03/20/2020","construction":"Type V-B Construction","permit_group":"Building","refresh_time":"06/10/2026","type_lat_lon":"ADDRESS","business_unit":"Plan Check at Counter","square_footage":"0"},"geometry":{"type":"Point","coordinates":[-118.37435,34.08559]}},{"type":"Feature","properties":{"date":"2019-06-17T00:00:00.000Z","year":2019,"description":"DEMO- (E) SFD AND DETACHED GARAGE TO CLEAR LOT. SEWER CAP AND PEDESTRIAN PROTECTION FENCE IS REQUIRED.","metadescription":"Bldg-Demolition. 1 or 2 Family Dwelling. DEMO- (E) SFD AND DETACHED GARAGE TO CLEAR LOT. SEWER CAP AND PEDESTRIAN PROTECTION FENCE IS REQUIRED.. Permit Finaled. 734 N HARPER AVE","address":"738 North Harper Avenue, CA, Los Angeles, 90046, US","ct":"1944.02","ev":"N","apc":"Central","cpa":"Hollywood","zone":"R2-1XL","solar":"N","pin_nbr":"141B173   291","use_code":"1","geolocation":"POINT (-118.36894 34.08478)","status_date":"08/30/2019","permit_group":"Building","refresh_time":"06/10/2026","type_lat_lon":"ADDRESS","business_unit":"Plan Check at Counter","square_footage":"0"},"geometry":{"type":"Point","coordinates":[-118.36894,34.08478]}},{"type":"Feature","properties":{"date":"2019-06-17T00:00:00.000Z","year":2019,"description":"DEMO- (E) ADU TO CLEAR LOT. SEWER CAP AND PEDESTRIAN PROTECTION FENCE IS REQUIRED.","metadescription":"Bldg-Demolition. 1 or 2 Family Dwelling. DEMO- (E) ADU TO CLEAR LOT. SEWER CAP AND PEDESTRIAN PROTECTION FENCE IS REQUIRED.. Permit Finaled. 734 N HARPER AVE","address":"738 North Harper Avenue, CA, Los Angeles, 90046, US","ct":"1944.02","ev":"N","apc":"Central","cpa":"Hollywood","zone":"R2-1XL","solar":"N","pin_nbr":"141B173   291","use_code":"1","geolocation":"POINT (-118.36894 34.08478)","status_date":"08/30/2019","permit_group":"Building","refresh_time":"06/10/2026","type_lat_lon":"ADDRESS","business_unit":"Plan Check at Counter","square_footage":"0"},"geometry":{"type":"Point","coordinates":[-118.36894,34.08478]}},{"type":"Feature","properties":{"date":"2019-06-05T00:00:00.000Z","year":2019,"description":"PROPOSED DEMOLISION OF GARAGE; FENCE REQUIRED","metadescription":"Bldg-Demolition. 1 or 2 Family Dwelling. PROPOSED DEMOLISION OF GARAGE; FENCE REQUIRED. Permit Finaled. 845 N CRESCENT HEIGHTS BLVD","address":"845 North Crescent Heights Boulevard, CA, Los Angeles, 90046, US","ct":"1944.01","ev":"N","apc":"Central","cpa":"Hollywood","zone":"R1-1","solar":"N","pin_nbr":"141B177    41","use_code":"7","geolocation":"POINT (-118.36606 34.08676)","status_date":"11/06/2019","permit_group":"Building","refresh_time":"06/10/2026","type_lat_lon":"ADDRESS","business_unit":"Plan Check at Counter"},"geometry":{"type":"Point","coordinates":[-118.36606,34.08676]}},{"type":"Feature","properties":{"date":"2019-05-23T00:00:00.000Z","year":2019,"description":"Demo existing single family dwelling with detached garage handwreck, sewer cap and fence required.","metadescription":"Bldg-Demolition. 1 or 2 Family Dwelling. Demo existing single family dwelling with detached garage handwreck, sewer cap and fence required.. Permit Finaled. 1428 N FULLER AVE","address":"1428 North Fuller Avenue, CA, Los Angeles, 90046, US","ct":"1899.02","ev":"N","apc":"Central","cpa":"Hollywood","zone":"R3-1","solar":"N","pin_nbr":"147B181   824","use_code":"1","geolocation":"POINT (-118.34942 34.09681)","status_date":"09/04/2019","permit_group":"Building","refresh_time":"06/10/2026","type_lat_lon":"ADDRESS","business_unit":"Plan Check at Counter"},"geometry":{"type":"Point","coordinates":[-118.34942,34.09681]}},{"type":"Feature","properties":{"date":"2019-05-23T00:00:00.000Z","year":2019,"description":"Demo existing 20X20 single family dwelling by hand wreck, sewer cap and fence required","metadescription":"Bldg-Demolition. 1 or 2 Family Dwelling. Demo existing 20X20 single family dwelling by hand wreck, sewer cap and fence required. Permit Expired. 1426 N FULLER AVE","address":"1426 North Fuller Avenue, CA, Los Angeles, 90046, US","ct":"1899.02","ev":"N","apc":"Central","cpa":"Hollywood","zone":"R3-1","solar":"N","pin_nbr":"147B181   824","use_code":"1","geolocation":"POINT (-118.34942 34.09671)","status_date":"02/12/2025","permit_group":"Building","refresh_time":"06/10/2026","type_lat_lon":"ADDRESS","business_unit":"Plan Check at Counter"},"geometry":{"type":"Point","coordinates":[-118.34942,34.09671]}},{"type":"Feature","properties":{"date":"2019-05-14T00:00:00.000Z","year":2019,"description":"EARLY START INTERIOR DEMOLITION.","metadescription":"Bldg-Alter/Repair. Commercial. EARLY START INTERIOR DEMOLITION.. Permit Finaled. 8379 W MELROSE AVE","address":"8379 Melrose Avenue, CA, West Hollywood, 90069, US","ct":"1944.02","ev":"N","apc":"Central","cpa":"Hollywood","zone":"C4-1XL","solar":"N","pin_nbr":"141B173   439","use_code":"16","geolocation":"POINT (-118.37279 34.08378)","status_date":"12/10/2019","permit_group":"Building","refresh_time":"06/10/2026","type_lat_lon":"ADDRESS","business_unit":"Plan Check at Counter"},"geometry":{"type":"Point","coordinates":[-118.37279,34.08378]}},{"type":"Feature","properties":{"date":"2019-04-26T00:00:00.000Z","year":2019,"description":"DEMO (E) SFD AND DETACHED GARAGE - SEWER CAP REQUIRED","metadescription":"Bldg-Demolition. 1 or 2 Family Dwelling. DEMO (E) SFD AND DETACHED GARAGE - SEWER CAP REQUIRED. Permit Finaled. 469 N SWEETZER AVE","address":"465 North Sweetzer Avenue, CA, Los Angeles, 90048, US","ct":"1945.00","ev":"N","apc":"Central","cpa":"Wilshire","zone":"R1V3","solar":"N","pin_nbr":"141B173  1125","use_code":"1","geolocation":"POINT (-118.37026 34.07998)","status_date":"06/17/2019","permit_group":"Building","refresh_time":"06/10/2026","type_lat_lon":"ADDRESS","business_unit":"Plan Check at Counter"},"geometry":{"type":"Point","coordinates":[-118.37026,34.07998]}},{"type":"Feature","properties":{"date":"2019-02-21T00:00:00.000Z","year":2019,"description":"DEMO (E) DUPLEX AND DETACHED GARAGE; CLEAR AND FENCE LOT; SEWER CAP REQ'D","metadescription":"Bldg-Demolition. 1 or 2 Family Dwelling. DEMO (E) DUPLEX AND DETACHED GARAGE; CLEAR AND FENCE LOT; SEWER CAP REQ'D. Permit Finaled. 852-854 N GENESEE AVE","address":"852 North Genesee Avenue, CA, Los Angeles, 90046, US","ct":"1920.02","ev":"N","apc":"Central","cpa":"Hollywood","zone":"R2-1XL","solar":"N","pin_nbr":"144B177   527","use_code":"2","geolocation":"POINT (-118.35831 34.08688)","status_date":"08/14/2019","permit_group":"Building","refresh_time":"06/10/2026","type_lat_lon":"ADDRESS","business_unit":"Plan Check at Counter","square_footage":"0"},"geometry":{"type":"Point","coordinates":[-118.35831,34.08688]}},{"type":"Feature","properties":{"date":"2018-12-31T00:00:00.000Z","year":2018,"description":"DEMO DUPLEX AND DETACHED GARAGE TO CLEAR LOT, SEWER CAP AND PEDESTRIAN PROTECTION FENCE ARE REQUIRED","metadescription":"Bldg-Demolition. 1 or 2 Family Dwelling. DEMO DUPLEX AND DETACHED GARAGE TO CLEAR LOT, SEWER CAP AND PEDESTRIAN PROTECTION FENCE ARE REQUIRED. Permit Finaled. 851 N LA JOLLA AVE","address":"851 North La Jolla Avenue, CA, Los Angeles, 90046, US","ct":"1944.02","ev":"N","apc":"Central","cpa":"Hollywood","zone":"R2-1XL","solar":"N","pin_nbr":"144B173   417","use_code":"2","geolocation":"POINT (-118.36815 34.08687)","status_date":"01/24/2019","permit_group":"Building","refresh_time":"06/10/2026","type_lat_lon":"ADDRESS","business_unit":"Plan Check at Counter"},"geometry":{"type":"Point","coordinates":[-118.36815,34.08687]}},{"type":"Feature","properties":{"date":"2018-11-26T00:00:00.000Z","year":2018,"description":"Demolish 2-story type V building.  Sewer cap and pedestrian protection fence required.","metadescription":"Bldg-Demolition. Commercial. Demolish 2-story type V building.  Sewer cap and pedestrian protection fence required.. Permit Finaled. 8303 W MELROSE AVE","address":"8303 Melrose Avenue, CA, West Hollywood, 90069, US","ct":"1944.02","ev":"N","apc":"Central","cpa":"Hollywood","zone":"C4-1XL","solar":"N","height":"0","pin_nbr":"141B173   427","use_code":"13","geolocation":"POINT (-118.37057 34.08387)","status_date":"12/19/2018","construction":"Type V-B Construction","permit_group":"Building","refresh_time":"06/10/2026","type_lat_lon":"ADDRESS","business_unit":"Plan Check at Counter"},"geometry":{"type":"Point","coordinates":[-118.37057,34.08387]}},{"type":"Feature","properties":{"date":"2018-11-09T00:00:00.000Z","year":2018,"description":"DEMO (E) SFD WITH A DETACHED GARAGE. SEWER CAP & PEDESTRIAN FENCE REQUIRED. CLEAR LOT.","metadescription":"Bldg-Demolition. 1 or 2 Family Dwelling. DEMO (E) SFD WITH A DETACHED GARAGE. SEWER CAP & PEDESTRIAN FENCE REQUIRED. CLEAR LOT.. Permit Finaled. 839 N GENESEE AVE","address":"843 North Genesee Avenue, CA, Los Angeles, 90046, US","ct":"1920.02","ev":"N","apc":"Central","cpa":"Hollywood","zone":"R2-1XL","solar":"N","pin_nbr":"141B177    76","use_code":"1","geolocation":"POINT (-118.35862 34.08653)","status_date":"12/13/2018","permit_group":"Building","refresh_time":"06/10/2026","type_lat_lon":"ADDRESS","business_unit":"Plan Check at Counter"},"geometry":{"type":"Point","coordinates":[-118.35862,34.08653]}},{"type":"Feature","properties":{"date":"2018-11-08T00:00:00.000Z","year":2018,"description":"DEMOLITION OF SFD AND DETACHED GARAGE.  Method of demolition will be by Handwreck.  Sewer Cap and Fence for Pedestrian Protection is Required per DPI .  Clear Lot.","metadescription":"Bldg-Demolition. 1 or 2 Family Dwelling. DEMOLITION OF SFD AND DETACHED GARAGE.  Method of demolition will be by Handwreck.  Sewer Cap and Fence for Pedestrian Protection is Required per DPI .  Clear Lot.. Permit Finaled. 132 N LAPEER DR","address":"132 North Lapeer Drive, CA, Los Angeles, 90048, US","ct":"2149.01","ev":"N","apc":"Central","cpa":"Wilshire","zone":"R1-1-O","solar":"N","pin_nbr":"138B169   258","use_code":"1","geolocation":"POINT (-118.38667 34.07621)","status_date":"09/25/2019","construction":"Type V-B Construction","permit_group":"Building","refresh_time":"06/10/2026","type_lat_lon":"ADDRESS","business_unit":"Plan Check at Counter","square_footage":"0"},"geometry":{"type":"Point","coordinates":[-118.38667,34.07621]}},{"type":"Feature","properties":{"date":"2018-09-17T00:00:00.000Z","year":2018,"description":"NON-STRUCTURAL TENANT IMPROVEMENT FOR COMMERCIAL RETAIL USE. WORK INLCLUDES  INTERIOR DEMOLITION, INTERIOR PATITIONS, SUSPEND CEILINGS, MILLWORK, AND THE REMOVAL OF EXISTING DIMISING PARTITIONS TO COMBINE SUITES 106, 108, AND 110. NO CHANGE IN EXISTING USE OR OCCUPANCY. (no structural work)","metadescription":"Bldg-Alter/Repair. Commercial. NON-STRUCTURAL TENANT IMPROVEMENT FOR COMMERCIAL RETAIL USE. WORK INLCLUDES  INTERIOR DEMOLITION, INTERIOR PATITIONS, SUSPEND CEILINGS, MILLWORK, AND THE REMOVAL OF EXISTING DIMISING PARTITIONS TO COMBINE SUITES 106, 108, AND 110. NO CHANGE IN EXISTING USE OR OCCUPANCY. (no structural work). Permit Finaled. 106-110 S ROBERTSON BLVD","address":"106 South Robertson Boulevard, CA, Los Angeles, 90048, US","ct":"2149.02","ev":"N","apc":"Central","cpa":"Wilshire","zone":"[Q]C2-1VL-O","solar":"N","pin_nbr":"138B169   393","use_code":"16","geolocation":"POINT (-118.3836 34.075)","status_date":"04/22/2019","permit_group":"Building","refresh_time":"06/10/2026","type_lat_lon":"ADDRESS","business_unit":"Appointment Plan Check"},"geometry":{"type":"Point","coordinates":[-118.3836,34.075]}},{"type":"Feature","properties":{"date":"2018-07-30T00:00:00.000Z","year":2018,"description":"DEMOLISH (E) RETAIL BUILDING. CLEAR AND FENCE THE LOT.","metadescription":"Bldg-Demolition. Commercial. DEMOLISH (E) RETAIL BUILDING. CLEAR AND FENCE THE LOT.. Permit Finaled. 8441 W MELROSE PL","address":"8441 Melrose Place, CA, West Hollywood, 90069, US","ct":"1944.02","ev":"N","apc":"Central","cpa":"Hollywood","zone":"C4-1XL","solar":"N","pin_nbr":"141B173   419","use_code":"16","geolocation":"POINT (-118.37461 34.08375)","status_date":"02/19/2021","permit_group":"Building","refresh_time":"06/10/2026","type_lat_lon":"ADDRESS","business_unit":"Plan Check at Counter","square_footage":"0"},"geometry":{"type":"Point","coordinates":[-118.37461,34.08375]}},{"type":"Feature","properties":{"date":"2018-07-24T00:00:00.000Z","year":2018,"description":"DEMOLISH (E) SINGLE FAMILY DWELLING AND DETACHED GARAGE. CLEAR LOT. SEWER CAP AND PEDESTRIAN PROTECTION FENCE REQUIRED.","metadescription":"Bldg-Demolition. 1 or 2 Family Dwelling. DEMOLISH (E) SINGLE FAMILY DWELLING AND DETACHED GARAGE. CLEAR LOT. SEWER CAP AND PEDESTRIAN PROTECTION FENCE REQUIRED.. Permit Finaled. 848 N GENESEE AVE","address":"852 North Genesee Avenue, CA, Los Angeles, 90046, US","ct":"1920.02","ev":"N","apc":"Central","cpa":"Hollywood","zone":"R2-1XL","solar":"N","pin_nbr":"141B177    26","use_code":"1","geolocation":"POINT (-118.35831 34.0868)","status_date":"08/21/2018","permit_group":"Building","refresh_time":"06/10/2026","type_lat_lon":"ADDRESS","business_unit":"Plan Check at Counter","square_footage":"0"},"geometry":{"type":"Point","coordinates":[-118.35831,34.0868]}},{"type":"Feature","properties":{"date":"2018-07-09T00:00:00.000Z","year":2018,"description":"DEMO (E) SFD WITH DETACHED GARAGE TO CLEAR LOT SEWER CAP REQUIRED","metadescription":"Bldg-Demolition. 1 or 2 Family Dwelling. DEMO (E) SFD WITH DETACHED GARAGE TO CLEAR LOT SEWER CAP REQUIRED. Permit Finaled. 359 N ALFRED ST","address":"353 North Alfred Street, CA, Los Angeles, 90048, US","ct":"1945.00","ev":"N","apc":"Central","cpa":"Wilshire","zone":"R2-1-O","solar":"N","pin_nbr":"138B173   159","use_code":"1","geolocation":"POINT (-118.37544 34.07765)","status_date":"10/16/2018","permit_group":"Building","refresh_time":"06/10/2026","type_lat_lon":"ADDRESS","business_unit":"Plan Check at Counter"},"geometry":{"type":"Point","coordinates":[-118.37544,34.07765]}},{"type":"Feature","properties":{"date":"2018-07-06T00:00:00.000Z","year":2018,"description":"demo (e) bearing wall between kitchen and dining room and replace the wall with a beam. structural design per engineering.","metadescription":"Bldg-Alter/Repair. 1 or 2 Family Dwelling. demo (e) bearing wall between kitchen and dining room and replace the wall with a beam. structural design per engineering.. Permit Finaled. 503 N LA JOLLA AVE","address":"503 North La Jolla Avenue, CA, Los Angeles, 90048, US","ct":"1944.02","ev":"N","apc":"Central","cpa":"Hollywood","zone":"R1V3","solar":"N","pin_nbr":"141B173  1103","use_code":"1","geolocation":"POINT (-118.36812 34.08024)","status_date":"11/19/2018","permit_group":"Building","refresh_time":"06/10/2026","type_lat_lon":"ADDRESS","business_unit":"Plan Check at Counter"},"geometry":{"type":"Point","coordinates":[-118.36812,34.08024]}},{"type":"Feature","properties":{"date":"2018-06-26T00:00:00.000Z","year":2018,"description":"DEMO EXISTING SINGLE FAMILY DWELLING AND DETACHED  GARAGE TO CLEAR LOT.  SEWER CAP AND PEDESTRIAN PROTECTION FENCE REQUIRED.","metadescription":"Bldg-Demolition. 1 or 2 Family Dwelling. DEMO EXISTING SINGLE FAMILY DWELLING AND DETACHED  GARAGE TO CLEAR LOT.  SEWER CAP AND PEDESTRIAN PROTECTION FENCE REQUIRED.. Permit Finaled. 418 N SWEETZER AVE","address":"424 North Sweetzer Avenue, CA, Los Angeles, 90048, US","ct":"1945.00","ev":"N","apc":"Central","cpa":"Wilshire","zone":"R1V3","solar":"N","pin_nbr":"141B173  1375","use_code":"1","geolocation":"POINT (-118.36988 34.07877)","status_date":"07/19/2018","permit_group":"Building","refresh_time":"06/10/2026","type_lat_lon":"ADDRESS","business_unit":"Plan Check at Counter"},"geometry":{"type":"Point","coordinates":[-118.36988,34.07877]}},{"type":"Feature","properties":{"date":"2018-05-15T00:00:00.000Z","year":2018,"description":"Supplemental to 17016-30000-13125 for increase TI work. Demolish existing non-parition wall and new non-partion.","metadescription":"Bldg-Alter/Repair. Commercial. Supplemental to 17016-30000-13125 for increase TI work. Demolish existing non-parition wall and new non-partion.. Permit Finaled. 8700 W BEVERLY BLVD","address":"8702 Beverly Boulevard, CA, Los Angeles, 90048, US","ct":"2149.02","ev":"N","apc":"Central","cpa":"Wilshire","zone":"[T][Q]C2-2D-O","solar":"N","pin_nbr":"138B169   208","use_code":"13","geolocation":"POINT (-118.3805 34.07666)","status_date":"08/24/2018","permit_group":"Building","refresh_time":"06/10/2026","type_lat_lon":"ADDRESS","business_unit":"Plan Check at Counter"},"geometry":{"type":"Point","coordinates":[-118.3805,34.07666]}},{"type":"Feature","properties":{"date":"2018-05-10T00:00:00.000Z","year":2018,"description":"DEMO (E) SFD AND DETACHED GARAGE TO CLEAR LOT. SEWER CAP & PED FENCE REQUIRED","metadescription":"Bldg-Demolition. 1 or 2 Family Dwelling. DEMO (E) SFD AND DETACHED GARAGE TO CLEAR LOT. SEWER CAP & PED FENCE REQUIRED. Permit Finaled. 510 N SWEETZER AVE","address":"510 North Sweetzer Avenue, CA, Los Angeles, 90048, US","ct":"1944.02","ev":"N","apc":"Central","cpa":"Hollywood","zone":"RD1.5-1XL","solar":"N","pin_nbr":"141B173  1060","use_code":"1","geolocation":"POINT (-118.37016 34.08047)","status_date":"08/02/2018","permit_group":"Building","refresh_time":"06/10/2026","type_lat_lon":"ADDRESS","business_unit":"Plan Check at Counter"},"geometry":{"type":"Point","coordinates":[-118.37016,34.08047]}},{"type":"Feature","properties":{"date":"2018-04-09T00:00:00.000Z","year":2018,"description":"DEMO THE (E) SFD AND DETACHED GARAGE TO CLEAR LOT. SEWER CAP REQUIRED.","metadescription":"Bldg-Demolition. 1 or 2 Family Dwelling. DEMO THE (E) SFD AND DETACHED GARAGE TO CLEAR LOT. SEWER CAP REQUIRED.. Permit Finaled. 729 N ORLANDO AVE","address":"729 North Orlando Avenue, CA, West Hollywood, 90069, US","ct":"1944.02","ev":"N","apc":"Central","cpa":"Hollywood","zone":"R1-1","solar":"N","pin_nbr":"141B173   320","use_code":"1","geolocation":"POINT (-118.37329 34.0846)","status_date":"05/08/2018","permit_group":"Building","refresh_time":"06/10/2026","type_lat_lon":"ADDRESS","business_unit":"Plan Check at Counter"},"geometry":{"type":"Point","coordinates":[-118.37329,34.0846]}},{"type":"Feature","properties":{"date":"2018-04-04T00:00:00.000Z","year":2018,"description":"DEMO (E) SFD AND DETACHED GARAGE; FENCE AND CLEAR LOT; SEWER CAP IS REQ'D","metadescription":"Bldg-Demolition. 1 or 2 Family Dwelling. DEMO (E) SFD AND DETACHED GARAGE; FENCE AND CLEAR LOT; SEWER CAP IS REQ'D. Permit Finaled. 723 N ORLANDO AVE","address":"723 North Orlando Avenue, CA, West Hollywood, 90069, US","ct":"1944.02","ev":"N","apc":"Central","cpa":"Hollywood","zone":"R1-1","solar":"N","pin_nbr":"141B173   339","use_code":"1","geolocation":"POINT (-118.3733 34.08444)","status_date":"05/08/2018","permit_group":"Building","refresh_time":"06/10/2026","type_lat_lon":"ADDRESS","business_unit":"Plan Check at Counter","square_footage":"0"},"geometry":{"type":"Point","coordinates":[-118.3733,34.08444]}},{"type":"Feature","properties":{"date":"2018-03-28T00:00:00.000Z","year":2018,"description":"EARLY START INTERIOR DEMOLISHION PER IB P/BC 2017-097","metadescription":"Bldg-Alter/Repair. Commercial. EARLY START INTERIOR DEMOLISHION PER IB P/BC 2017-097. Permit Finaled. 141 N ROBERTSON BLVD","address":"141 North Robertson Boulevard, CA, Los Angeles, 90048, US","ct":"2149.01","ev":"N","apc":"Central","cpa":"Wilshire","zone":"[Q]C2-1VL-O","solar":"N","pin_nbr":"138B169   243","use_code":"16","geolocation":"POINT (-118.38389 34.07639)","status_date":"06/26/2020","permit_group":"Building","refresh_time":"06/10/2026","type_lat_lon":"ADDRESS","business_unit":"Plan Check at Counter"},"geometry":{"type":"Point","coordinates":[-118.38389,34.07639]}},{"type":"Feature","properties":{"date":"2018-03-22T00:00:00.000Z","year":2018,"description":"Demolition of duplex and detached garage.  Sewer cap and pedestrian protection fence required.","metadescription":"Bldg-Demolition. 1 or 2 Family Dwelling. Demolition of duplex and detached garage.  Sewer cap and pedestrian protection fence required.. Permit Finaled. 1029 N CROFT AVE","address":"1029 North Croft Avenue, CA, West Hollywood, 90069, US","ct":"1944.02","ev":"N","apc":"Central","cpa":"Hollywood","zone":"[Q]R3-1","solar":"N","pin_nbr":"144B173   133","use_code":"2","geolocation":"POINT (-118.37441 34.08967)","status_date":"06/12/2018","construction":"Type V-B Construction","permit_group":"Building","refresh_time":"06/10/2026","type_lat_lon":"ADDRESS","business_unit":"Plan Check at Counter"},"geometry":{"type":"Point","coordinates":[-118.37441,34.08967]}},{"type":"Feature","properties":{"date":"2018-03-22T00:00:00.000Z","year":2018,"description":"Demolition of 5 unit apartment building.  Pedestrian protection fence required.  Sewer Cap required.","metadescription":"Bldg-Demolition. Apartment. Demolition of 5 unit apartment building.  Pedestrian protection fence required.  Sewer Cap required.. Permit Finaled. 1017 N CROFT AVE 1-5","address":"1-5, 1017 North Croft Avenue, CA, West Hollywood, 90069, US","ct":"1944.02","ev":"N","apc":"Central","cpa":"Hollywood","zone":"[Q]R3-1","solar":"N","pin_nbr":"144B173   142","use_code":"5","geolocation":"POINT (-118.37446 34.08945)","status_date":"06/12/2018","permit_group":"Building","refresh_time":"06/10/2026","type_lat_lon":"ADDRESS","business_unit":"Plan Check at Counter"},"geometry":{"type":"Point","coordinates":[-118.37446,34.08945]}},{"type":"Feature","properties":{"date":"2018-03-19T00:00:00.000Z","year":2018,"description":"Demolition of existing single family dwelling with detached accessory living quarters to clear lot.  Sewer cap required.  Pedestrian fence required.","metadescription":"Bldg-Demolition. 1 or 2 Family Dwelling. Demolition of existing single family dwelling with detached accessory living quarters to clear lot.  Sewer cap required.  Pedestrian fence required.. Permit Finaled. 425 N ALFRED ST","address":"425 North Alfred Street, CA, Los Angeles, 90048, US","ct":"1945.00","ev":"N","apc":"Central","cpa":"Wilshire","zone":"R2-1-O","solar":"N","pin_nbr":"141B173  1361","use_code":"1","geolocation":"POINT (-118.37548 34.07878)","status_date":"07/10/2018","construction":"Type V-B Construction","permit_group":"Building","refresh_time":"06/10/2026","type_lat_lon":"ADDRESS","business_unit":"Plan Check at Counter"},"geometry":{"type":"Point","coordinates":[-118.37548,34.07878]}},{"type":"Feature","properties":{"date":"2018-02-09T00:00:00.000Z","year":2018,"description":"DEMO SFD AND DET. GARAGE. SEWER CAP PERMIT & FENCE REQUIRED.","metadescription":"Bldg-Demolition. 1 or 2 Family Dwelling. DEMO SFD AND DET. GARAGE. SEWER CAP PERMIT & FENCE REQUIRED.. Permit Finaled. 952 N LAUREL AVE","address":"952 North Laurel Avenue, CA, Los Angeles, 90046, US","ct":"1944.01","ev":"N","apc":"Central","cpa":"Hollywood","zone":"R1-1","solar":"N","pin_nbr":"144B177   290","use_code":"1","geolocation":"POINT (-118.36471 34.08858)","status_date":"05/24/2019","permit_group":"Building","refresh_time":"06/10/2026","type_lat_lon":"ADDRESS","business_unit":"Plan Check at Counter","square_footage":"0"},"geometry":{"type":"Point","coordinates":[-118.36471,34.08858]}},{"type":"Feature","properties":{"date":"2018-01-25T00:00:00.000Z","year":2018,"description":"DEMO (E) SINGLE FAMILY DWELLNG WITH DETACHED GARAGE TO CLEAR LOT. SEWER CAP REQUIRED.","metadescription":"Bldg-Demolition. 1 or 2 Family Dwelling. DEMO (E) SINGLE FAMILY DWELLNG WITH DETACHED GARAGE TO CLEAR LOT. SEWER CAP REQUIRED.. Permit Finaled. 515 N HARPER AVE","address":"515 North Harper Avenue, CA, Los Angeles, 90048, US","ct":"1944.02","ev":"N","apc":"Central","cpa":"Hollywood","zone":"R1V3","solar":"N","pin_nbr":"141B173  1034","use_code":"1","geolocation":"POINT (-118.36918 34.08059)","status_date":"05/07/2018","permit_group":"Building","refresh_time":"06/10/2026","type_lat_lon":"ADDRESS","business_unit":"Plan Check at Counter"},"geometry":{"type":"Point","coordinates":[-118.36918,34.08059]}},{"type":"Feature","properties":{"date":"2018-01-08T00:00:00.000Z","year":2018,"description":"DEMOLISH (E) SFD TO CLEAR LOT. SEWER CAP REQUIRED.","metadescription":"Bldg-Demolition. 1 or 2 Family Dwelling. DEMOLISH (E) SFD TO CLEAR LOT. SEWER CAP REQUIRED.. Permit Finaled. 1434 N POINSETTIA PL","address":"1-4, 1428 North Poinsettia Place, CA, Los Angeles, 90046, US","ct":"1899.02","ev":"N","apc":"Central","cpa":"Hollywood","zone":"R3-1","solar":"N","pin_nbr":"147B181   815","use_code":"1","geolocation":"POINT (-118.34821 34.09686)","status_date":"03/22/2018","permit_group":"Building","refresh_time":"06/10/2026","type_lat_lon":"ADDRESS","business_unit":"Plan Check at Counter"},"geometry":{"type":"Point","coordinates":[-118.34821,34.09686]}},{"type":"Feature","properties":{"date":"2017-12-07T00:00:00.000Z","year":2017,"description":"DEMO (E) SINGLE FAMILY DWELLING WITH DETACHED GARAGE TO CLEAR LOT. SEWER CAP AND FENCE REQUIRED.","metadescription":"Bldg-Demolition. 1 or 2 Family Dwelling. DEMO (E) SINGLE FAMILY DWELLING WITH DETACHED GARAGE TO CLEAR LOT. SEWER CAP AND FENCE REQUIRED.. Permit Finaled. 439 N HARPER AVE","address":"435 North Harper Avenue, CA, Los Angeles, 90048, US","ct":"1945.00","ev":"N","apc":"Central","cpa":"Wilshire","zone":"R2-1","solar":"N","pin_nbr":"141B173  1269","use_code":"1","geolocation":"POINT (-118.36916 34.07931)","status_date":"02/09/2018","permit_group":"Building","refresh_time":"06/10/2026","type_lat_lon":"ADDRESS","business_unit":"Plan Check at Counter"},"geometry":{"type":"Point","coordinates":[-118.36916,34.07931]}},{"type":"Feature","properties":{"date":"2017-12-01T00:00:00.000Z","year":2017,"description":"Demo dwelling, detached carport and storage shed to clear lot.  Sewer cap and pedestrian protection fence are required.","metadescription":"Bldg-Demolition. 1 or 2 Family Dwelling. Demo dwelling, detached carport and storage shed to clear lot.  Sewer cap and pedestrian protection fence are required.. Permit Finaled. 356 N ALFRED ST","address":"352 North Alfred Street, CA, Los Angeles, 90048, US","ct":"1945.00","ev":"N","apc":"Central","cpa":"Wilshire","zone":"R2-1-O","solar":"N","pin_nbr":"138B173   158","use_code":"1","geolocation":"POINT (-118.37517 34.07765)","status_date":"01/09/2018","permit_group":"Building","refresh_time":"06/10/2026","type_lat_lon":"ADDRESS","business_unit":"Plan Check at Counter"},"geometry":{"type":"Point","coordinates":[-118.37517,34.07765]}},{"type":"Feature","properties":{"date":"2017-11-06T00:00:00.000Z","year":2017,"description":"demo (e) pool and remove shell, backfill with cert. fill","metadescription":"Grading. 1 or 2 Family Dwelling. demo (e) pool and remove shell, backfill with cert. fill. Permit Finaled. 333 N FLORES ST","address":"335 North Flores Street, CA, Los Angeles, 90048, US","ct":"1945.00","ev":"N","apc":"Central","cpa":"Wilshire","zone":"R1V3","solar":"N","pin_nbr":"138B173   281","use_code":"60","geolocation":"POINT (-118.3712 34.07708)","status_date":"07/18/2019","permit_group":"Building","refresh_time":"06/10/2026","type_lat_lon":"ADDRESS","business_unit":"Plan Check at Counter"},"geometry":{"type":"Point","coordinates":[-118.3712,34.07708]}},{"type":"Feature","properties":{"date":"2017-11-06T00:00:00.000Z","year":2017,"description":"Demolish the SFD and detached garage to clear the lot.  Sewer cap and fence required.","metadescription":"Bldg-Demolition. 1 or 2 Family Dwelling. Demolish the SFD and detached garage to clear the lot.  Sewer cap and fence required.. Permit Finaled. 333 N FLORES ST","address":"335 North Flores Street, CA, Los Angeles, 90048, US","ct":"1945.00","ev":"N","apc":"Central","cpa":"Wilshire","zone":"R1V3","solar":"N","height":"0","pin_nbr":"138B173   281","use_code":"1","geolocation":"POINT (-118.3712 34.07708)","status_date":"03/01/2018","construction":"Type V-B Construction","permit_group":"Building","refresh_time":"06/10/2026","type_lat_lon":"ADDRESS","business_unit":"Plan Check at Counter","square_footage":"0"},"geometry":{"type":"Point","coordinates":[-118.3712,34.07708]}},{"type":"Feature","properties":{"date":"2017-09-27T00:00:00.000Z","year":2017,"description":"DEMOLISH TWO STORY HOUSE  clear  the  lot  sewer  cap is  required  demolition by handwreck.  pedestrian  fence is required","metadescription":"Bldg-Demolition. 1 or 2 Family Dwelling. DEMOLISH TWO STORY HOUSE  clear  the  lot  sewer  cap is  required  demolition by handwreck.  pedestrian  fence is required. Permit Finaled. 1410 N POINSETTIA PL","address":"1410 North Poinsettia Place, CA, Los Angeles, 90046, US","ct":"1899.02","ev":"N","apc":"Central","cpa":"Hollywood","zone":"R3-1","solar":"N","pin_nbr":"147B181   927","use_code":"1","geolocation":"POINT (-118.34792 34.09609)","status_date":"11/02/2017","permit_group":"Building","refresh_time":"06/10/2026","type_lat_lon":"ADDRESS","business_unit":"Plan Check at Counter"},"geometry":{"type":"Point","coordinates":[-118.34792,34.09609]}},{"type":"Feature","properties":{"date":"2017-09-27T00:00:00.000Z","year":2017,"description":"DEMOLISH SINGLE STORY HOUSE AND GARAGE  clear  the  lot  sewer  cap is  required  demolition by handwreck.  pedestrian  fence is required","metadescription":"Bldg-Demolition. 1 or 2 Family Dwelling. DEMOLISH SINGLE STORY HOUSE AND GARAGE  clear  the  lot  sewer  cap is  required  demolition by handwreck.  pedestrian  fence is required. Permit Finaled. 1408 N POINSETTIA PL","address":"1408 North Poinsettia Place, CA, Los Angeles, 90046, US","ct":"1899.02","ev":"N","apc":"Central","cpa":"Hollywood","zone":"R3-1","solar":"N","pin_nbr":"147B181   927","use_code":"1","geolocation":"POINT (-118.3481 34.09607)","status_date":"11/02/2017","permit_group":"Building","refresh_time":"06/10/2026","type_lat_lon":"ADDRESS","business_unit":"Plan Check at Counter"},"geometry":{"type":"Point","coordinates":[-118.3481,34.09607]}},{"type":"Feature","properties":{"date":"2017-09-14T00:00:00.000Z","year":2017,"description":"DEMO EXISTING 2 STORIES 4-UNITS APARTMENT.DETACHED GARAGE DEMO UNDER PERMIT #17019-10000-02644","metadescription":"Bldg-Demolition. 1 or 2 Family Dwelling. DEMO EXISTING 2 STORIES 4-UNITS APARTMENT.DETACHED GARAGE DEMO UNDER PERMIT #17019-10000-02644. Permit Finaled. 725 N CROFT AVE 1-4","address":"1-4, 725 North Croft Avenue, CA, West Hollywood, 90069, US","ct":"1944.02","ev":"N","apc":"Central","cpa":"Hollywood","zone":"[Q]R3-1","solar":"N","pin_nbr":"141B173   340","use_code":"5","geolocation":"POINT (-118.37448 34.08433)","status_date":"10/26/2017","permit_group":"Building","refresh_time":"06/10/2026","type_lat_lon":"ADDRESS","business_unit":"Plan Check at Counter"},"geometry":{"type":"Point","coordinates":[-118.37448,34.08433]}},{"type":"Feature","properties":{"date":"2017-09-14T00:00:00.000Z","year":2017,"description":"DEMOLITION OF (E) DUPLEX AND DETACHED GARAGE TO CLEAR LOT. SEWER CAP AND FENCE REQUIRED.","metadescription":"Bldg-Demolition. 1 or 2 Family Dwelling. DEMOLITION OF (E) DUPLEX AND DETACHED GARAGE TO CLEAR LOT. SEWER CAP AND FENCE REQUIRED.. Permit Finaled. 721-723 N CROFT AVE","address":"721 North Croft Avenue, CA, West Hollywood, 90069, US","ct":"1944.02","ev":"N","apc":"Central","cpa":"Hollywood","zone":"[Q]R3-1","solar":"N","height":"0","pin_nbr":"141B173   359","use_code":"2","geolocation":"POINT (-118.37442 34.0842)","status_date":"10/25/2017","permit_group":"Building","refresh_time":"06/10/2026","type_lat_lon":"ADDRESS","business_unit":"Plan Check at Counter"},"geometry":{"type":"Point","coordinates":[-118.37442,34.0842]}},{"type":"Feature","properties":{"date":"2017-09-14T00:00:00.000Z","year":2017,"description":"DEMO EXISTING 1 STORY 4 CARS GARAGE. CLEAR LOTMAIN BUILDING DEMO #17019-10000-02644","metadescription":"Bldg-Demolition. Apartment. DEMO EXISTING 1 STORY 4 CARS GARAGE. CLEAR LOTMAIN BUILDING DEMO #17019-10000-02644. Permit Finaled. 725 N CROFT AVE 1-4","address":"1-4, 725 North Croft Avenue, CA, West Hollywood, 90069, US","ct":"1944.02","ev":"N","apc":"Central","cpa":"Hollywood","zone":"[Q]R3-1","solar":"N","pin_nbr":"141B173   340","use_code":"7","geolocation":"POINT (-118.37448 34.08433)","status_date":"10/25/2017","permit_group":"Building","refresh_time":"06/10/2026","type_lat_lon":"ADDRESS","business_unit":"Plan Check at Counter"},"geometry":{"type":"Point","coordinates":[-118.37448,34.08433]}},{"type":"Feature","properties":{"date":"2017-07-26T00:00:00.000Z","year":2017,"description":"Demo duplex and detached garage. Sew cap is required. Pedestrian construction is required.","metadescription":"Bldg-Demolition. 1 or 2 Family Dwelling. Demo duplex and detached garage. Sew cap is required. Pedestrian construction is required.. Permit Finaled. 801-803 N KILKEA DR","address":"801 North Kilkea Drive, CA, Los Angeles, 90046, US","ct":"1944.02","ev":"N","apc":"Central","cpa":"Hollywood","zone":"R2-1XL","solar":"N","pin_nbr":"141B173   181","use_code":"2","geolocation":"POINT (-118.36708 34.08562)","status_date":"06/23/2018","permit_group":"Building","refresh_time":"06/10/2026","type_lat_lon":"ADDRESS","business_unit":"Plan Check at Counter","square_footage":"0"},"geometry":{"type":"Point","coordinates":[-118.36708,34.08562]}},{"type":"Feature","properties":{"date":"2017-07-20T00:00:00.000Z","year":2017,"description":"DEMOLITION OF EXISTING SINGLE FAMILY DWELLING AND DETACHED GARAGE TO CLEAR LOT.  SEWER CAP AND PEDESTRIAN PROTECTION FENCE REQUIRED.","metadescription":"Bldg-Demolition. 1 or 2 Family Dwelling. DEMOLITION OF EXISTING SINGLE FAMILY DWELLING AND DETACHED GARAGE TO CLEAR LOT.  SEWER CAP AND PEDESTRIAN PROTECTION FENCE REQUIRED.. Permit Finaled. 414 N KINGS ROAD","address":"414 North Kings Road, CA, Los Angeles, 90048, US","ct":"1945.00","ev":"N","apc":"Central","cpa":"Wilshire","zone":"R1-1","solar":"N","pin_nbr":"141B173  1404","use_code":"1","geolocation":"POINT (-118.37199 34.07862)","status_date":"03/06/2018","construction":"Type V-B Construction","permit_group":"Building","refresh_time":"06/10/2026","type_lat_lon":"ADDRESS","business_unit":"Plan Check at Counter"},"geometry":{"type":"Point","coordinates":[-118.37199,34.07862]}},{"type":"Feature","properties":{"date":"2017-07-14T00:00:00.000Z","year":2017,"description":"DEMOLITION OF NON BEARING PARTITIONS PURSUANT TO P/BC 2014-097","metadescription":"Bldg-Alter/Repair. Commercial. DEMOLITION OF NON BEARING PARTITIONS PURSUANT TO P/BC 2014-097. Permit Expired. 8475 W MELROSE PL","address":"8479 Melrose Place, CA, West Hollywood, 90069, US","ct":"1944.02","ev":"N","apc":"Central","cpa":"Hollywood","zone":"C4-1XL","solar":"N","pin_nbr":"141B173   426","use_code":"17","geolocation":"POINT (-118.37591 34.08373)","status_date":"04/07/2026","permit_group":"Building","refresh_time":"06/10/2026","type_lat_lon":"ADDRESS","business_unit":"Plan Check at Counter"},"geometry":{"type":"Point","coordinates":[-118.37591,34.08373]}},{"type":"Feature","properties":{"date":"2017-07-03T00:00:00.000Z","year":2017,"description":"Demolition af 4-unit apartment building to clear lot. DPI and posting under no. 16019-30000-05258, sewer cap and pedestrian protection fence required. See comments.","metadescription":"Bldg-Demolition. Apartment. Demolition af 4-unit apartment building to clear lot. DPI and posting under no. 16019-30000-05258, sewer cap and pedestrian protection fence required. See comments.. Permit Finaled. 1342-1344 1/2 N FORMOSA AVE","address":"1-25, 1338 North Formosa Avenue, CA, Los Angeles, 90046, US","ct":"1899.02","ev":"N","apc":"Central","cpa":"Hollywood","zone":"R3-1","solar":"N","pin_nbr":"147B181  1029","use_code":"5","geolocation":"POINT (-118.34613 34.09555)","status_date":"10/02/2017","permit_group":"Building","refresh_time":"06/10/2026","type_lat_lon":"ADDRESS","business_unit":"Plan Check at Counter","square_footage":"0"},"geometry":{"type":"Point","coordinates":[-118.34613,34.09555]}},{"type":"Feature","properties":{"date":"2017-07-03T00:00:00.000Z","year":2017,"description":"Demolition of one story detached garage to clear lot. DPI and posting under no. 16019-30000-05258, pedestrian protection fence required.","metadescription":"Bldg-Demolition. Apartment. Demolition of one story detached garage to clear lot. DPI and posting under no. 16019-30000-05258, pedestrian protection fence required.. Permit Finaled. 1342-1344 1/2 N FORMOSA AVE","address":"1-25, 1338 North Formosa Avenue, CA, Los Angeles, 90046, US","ct":"1899.02","ev":"N","apc":"Central","cpa":"Hollywood","zone":"R3-1","solar":"N","pin_nbr":"147B181  1029","use_code":"7","geolocation":"POINT (-118.34613 34.09555)","status_date":"10/02/2017","permit_group":"Building","refresh_time":"06/10/2026","type_lat_lon":"ADDRESS","business_unit":"Plan Check at Counter"},"geometry":{"type":"Point","coordinates":[-118.34613,34.09555]}},{"type":"Feature","properties":{"date":"2017-06-09T00:00:00.000Z","year":2017,"description":"DEMO OF 2 STORY 4 UNIT APARTMENT, APPROX. 84'X40', DEMO BY HAND WRECK, SEWER CAP  REQUIRED, CLEAR AND FENCE LOT (1 OF 2)","metadescription":"Bldg-Demolition. Apartment. DEMO OF 2 STORY 4 UNIT APARTMENT, APPROX. 84'X40', DEMO BY HAND WRECK, SEWER CAP  REQUIRED, CLEAR AND FENCE LOT (1 OF 2). Permit Finaled. 724 N CROFT AVE 1-4","address":"1-4, 724 North Croft Avenue, CA, West Hollywood, 90069, US","ct":"1944.02","ev":"N","apc":"Central","cpa":"Hollywood","zone":"[Q]R3-1","solar":"N","height":"0","pin_nbr":"141B173   341","use_code":"5","geolocation":"POINT (-118.37408 34.08433)","status_date":"08/07/2017","construction":"Type V-B Construction","permit_group":"Building","refresh_time":"06/10/2026","type_lat_lon":"ADDRESS","business_unit":"Plan Check at Counter","square_footage":"0"},"geometry":{"type":"Point","coordinates":[-118.37408,34.08433]}},{"type":"Feature","properties":{"date":"2017-06-09T00:00:00.000Z","year":2017,"description":"DEMO OF 1 STORY DETACHED GARAGE, 20'X20', DEMO BY HAND WRECK, SEWER CAP NOT REQUIRED, CLEAR AND FENCE LOT (2 OF 2)","metadescription":"Bldg-Demolition. Apartment. DEMO OF 1 STORY DETACHED GARAGE, 20'X20', DEMO BY HAND WRECK, SEWER CAP NOT REQUIRED, CLEAR AND FENCE LOT (2 OF 2). Permit Finaled. 724 N CROFT AVE 1-4","address":"1-4, 724 North Croft Avenue, CA, West Hollywood, 90069, US","ct":"1944.02","ev":"N","apc":"Central","cpa":"Hollywood","zone":"[Q]R3-1","solar":"N","height":"0","pin_nbr":"141B173   341","use_code":"7","geolocation":"POINT (-118.37408 34.08433)","status_date":"08/07/2017","construction":"Type V-B Construction","permit_group":"Building","refresh_time":"06/10/2026","type_lat_lon":"ADDRESS","business_unit":"Plan Check at Counter","square_footage":"0"},"geometry":{"type":"Point","coordinates":[-118.37408,34.08433]}},{"type":"Feature","properties":{"date":"2017-06-09T00:00:00.000Z","year":2017,"description":"HANDWRECK DEMOLITION OF 2 STORY 5 UNIT APARTMENT. SEWER CAP AND PEDESTRIAN PROTECTION FENCE REQUIRED","metadescription":"Bldg-Demolition. Apartment. HANDWRECK DEMOLITION OF 2 STORY 5 UNIT APARTMENT. SEWER CAP AND PEDESTRIAN PROTECTION FENCE REQUIRED. Permit Finaled. 740 N CROFT AVE 1-5","address":"1-5, 740 North Croft Avenue, CA, West Hollywood, 90069, US","ct":"1944.02","ev":"N","apc":"Central","cpa":"Hollywood","zone":"[Q]R3-1","solar":"N","height":"0","pin_nbr":"141B173   282","use_code":"5","geolocation":"POINT (-118.37409 34.08474)","status_date":"08/07/2017","permit_group":"Building","refresh_time":"06/10/2026","type_lat_lon":"ADDRESS","business_unit":"Plan Check at Counter","square_footage":"0"},"geometry":{"type":"Point","coordinates":[-118.37409,34.08474]}},{"type":"Feature","properties":{"date":"2017-06-09T00:00:00.000Z","year":2017,"description":"DEMO OF 2 STORY 4 UNIT APARTMENT BUILDING, APPROX 78'X40', 3990 SQFT, DEMO BY HAND WRECK, SEWER CAP REQUIRED, CLEAR AND FENCE LOT (2 OF 2)","metadescription":"Bldg-Demolition. Apartment. DEMO OF 2 STORY 4 UNIT APARTMENT BUILDING, APPROX 78'X40', 3990 SQFT, DEMO BY HAND WRECK, SEWER CAP REQUIRED, CLEAR AND FENCE LOT (2 OF 2). Permit Finaled. 728 N CROFT AVE 1-4","address":"1-4, 728 North Croft Avenue, CA, West Hollywood, 90069, US","ct":"1944.02","ev":"N","apc":"Central","cpa":"Hollywood","zone":"[Q]R3-1","solar":"N","height":"0","pin_nbr":"141B173   322","use_code":"5","geolocation":"POINT (-118.37408 34.08447)","status_date":"08/07/2017","construction":"Type V-B Construction","permit_group":"Building","refresh_time":"06/10/2026","type_lat_lon":"ADDRESS","business_unit":"Plan Check at Counter","square_footage":"0"},"geometry":{"type":"Point","coordinates":[-118.37408,34.08447]}},{"type":"Feature","properties":{"date":"2017-06-09T00:00:00.000Z","year":2017,"description":"DEMO OF 1 STORY DETACHED GARAGE, 40'X20', DEMO BY HAND WRECK, SEWER CAP NOT REQUIRED, CLEAR AND FENCE LOT (1 OF 2)","metadescription":"Bldg-Demolition. Apartment. DEMO OF 1 STORY DETACHED GARAGE, 40'X20', DEMO BY HAND WRECK, SEWER CAP NOT REQUIRED, CLEAR AND FENCE LOT (1 OF 2). Permit Finaled. 728 N CROFT AVE 1-4","address":"1-4, 728 North Croft Avenue, CA, West Hollywood, 90069, US","ct":"1944.02","ev":"N","apc":"Central","cpa":"Hollywood","zone":"[Q]R3-1","solar":"N","height":"0","pin_nbr":"141B173   322","use_code":"7","geolocation":"POINT (-118.37408 34.08447)","status_date":"08/07/2017","construction":"Type V-B Construction","permit_group":"Building","refresh_time":"06/10/2026","type_lat_lon":"ADDRESS","business_unit":"Plan Check at Counter","square_footage":"0"},"geometry":{"type":"Point","coordinates":[-118.37408,34.08447]}},{"type":"Feature","properties":{"date":"2017-06-09T00:00:00.000Z","year":2017,"description":"HANDWRECK DEMOLITION DEMO OF (E) 2-STORY  5-UNIT APARTMENT. CLEAR LOT, SEWER CAP REQUIRED","metadescription":"Bldg-Demolition. Apartment. HANDWRECK DEMOLITION DEMO OF (E) 2-STORY  5-UNIT APARTMENT. CLEAR LOT, SEWER CAP REQUIRED. Permit Finaled. 734 N CROFT AVE 1-5","address":"1-5, 734 North Croft Avenue, CA, West Hollywood, 90069, US","ct":"1944.02","ev":"N","apc":"Central","cpa":"Hollywood","zone":"[Q]R3-1","solar":"N","height":"0","pin_nbr":"141B173   304","use_code":"5","geolocation":"POINT (-118.37408 34.0846)","status_date":"08/07/2017","permit_group":"Building","refresh_time":"06/10/2026","type_lat_lon":"ADDRESS","business_unit":"Plan Check at Counter","square_footage":"0"},"geometry":{"type":"Point","coordinates":[-118.37408,34.0846]}},{"type":"Feature","properties":{"date":"2017-06-01T00:00:00.000Z","year":2017,"description":"TENANT IMPROVEMENT OF EXISTING OFFICE SPACE. , DEMOLITION OF (E) NON-BEARING WALL, CONSTRUCTION OF NEW INTERIOR NON-BEARING PARTITION; NEW DOOR WITH SIDELITE INSTALLATION; AND REMODELING OF (E) SUSPENDED CEILING. (204 SF)","metadescription":"Bldg-Alter/Repair. Commercial. TENANT IMPROVEMENT OF EXISTING OFFICE SPACE. , DEMOLITION OF (E) NON-BEARING WALL, CONSTRUCTION OF NEW INTERIOR NON-BEARING PARTITION; NEW DOOR WITH SIDELITE INSTALLATION; AND REMODELING OF (E) SUSPENDED CEILING. (204 SF). Permit Finaled. 110 N GEORGE BURNS ROAD STE 4065","address":"110 George Burns Road, CA, Los Angeles, 90048, US","ct":"2149.02","ev":"N","apc":"Central","cpa":"Wilshire","zone":"[T][Q]C2-2D-O","solar":"N","pin_nbr":"138B169   247","use_code":"13","geolocation":"POINT (-118.38149 34.07564)","status_date":"08/03/2017","permit_group":"Building","refresh_time":"06/10/2026","type_lat_lon":"ADDRESS","business_unit":"Plan Check at Counter"},"geometry":{"type":"Point","coordinates":[-118.38149,34.07564]}},{"type":"Feature","properties":{"date":"2017-04-12T00:00:00.000Z","year":2017,"description":"DEMOLITION OF (E) GARAGE. SEE COMMENTS***NO SEWER CAP REQUIRED****\"DEPARTMENT ORDER TO COMPLY, PERMIT TO EXPIRE 30 DAYS FROM ISSUANCE DATE.","metadescription":"Bldg-Demolition. 1 or 2 Family Dwelling. DEMOLITION OF (E) GARAGE. SEE COMMENTS***NO SEWER CAP REQUIRED****\"DEPARTMENT ORDER TO COMPLY, PERMIT TO EXPIRE 30 DAYS FROM ISSUANCE DATE.. Permit Finaled. 362 N FLORES ST","address":"362 North Flores Street, CA, Los Angeles, 90048, US","ct":"1945.00","ev":"N","apc":"Central","cpa":"Wilshire","zone":"R1-1","solar":"N","pin_nbr":"138B173   122","use_code":"7","geolocation":"POINT (-118.37094 34.07781)","status_date":"01/15/2019","construction":"Type V-B Construction","permit_group":"Building","refresh_time":"06/10/2026","type_lat_lon":"ADDRESS","business_unit":"Plan Check at Counter"},"geometry":{"type":"Point","coordinates":[-118.37094,34.07781]}},{"type":"Feature","properties":{"date":"2017-04-03T00:00:00.000Z","year":2017,"description":"DEMOLISH EXIST. SINGLE FAMILY DWELLING AND DETACHED GARAGE. FENCE AND CLEAR LOT. SEWER CAP IS REQUIRED.","metadescription":"Bldg-Demolition. 1 or 2 Family Dwelling. DEMOLISH EXIST. SINGLE FAMILY DWELLING AND DETACHED GARAGE. FENCE AND CLEAR LOT. SEWER CAP IS REQUIRED.. Permit Finaled. 411 N CROFT AVE","address":"411 North Croft Avenue, CA, Los Angeles, 90048, US","ct":"1945.00","ev":"N","apc":"Central","cpa":"Wilshire","zone":"R1-1-O","solar":"N","pin_nbr":"138B173    40","use_code":"1","geolocation":"POINT (-118.37434 34.07837)","status_date":"04/14/2017","permit_group":"Building","refresh_time":"06/10/2026","type_lat_lon":"ADDRESS","business_unit":"Plan Check at Counter","square_footage":"0"},"geometry":{"type":"Point","coordinates":[-118.37434,34.07837]}},{"type":"Feature","properties":{"date":"2017-03-24T00:00:00.000Z","year":2017,"description":"Demo and reconstruction of slab.","metadescription":"Bldg-Alter/Repair. Commercial. Demo and reconstruction of slab.. Issued. 8417 W MELROSE PL","address":"8417 West Melrose Place, CA, West Hollywood, 90069, US","ct":"1944.02","ev":"N","apc":"Central","cpa":"Hollywood","zone":"C4-1XL","solar":"N","pin_nbr":"141B173   443","use_code":"16","geolocation":"POINT (-118.37377 34.08377)","status_date":"03/24/2017","permit_group":"Building","refresh_time":"06/10/2026","type_lat_lon":"ADDRESS","business_unit":"Plan Check at Counter"},"geometry":{"type":"Point","coordinates":[-118.37377,34.08377]}},{"type":"Feature","properties":{"date":"2017-02-28T00:00:00.000Z","year":2017,"description":"EARLY START DEMOLITION TO REMOVE INTERIOR NON-STRUCTURAL WALLS. (NO EXTERIOR WORK)","metadescription":"Bldg-Alter/Repair. Commercial. EARLY START DEMOLITION TO REMOVE INTERIOR NON-STRUCTURAL WALLS. (NO EXTERIOR WORK). Permit Finaled. 8417 W MELROSE PL C","address":"8417 West Melrose Place, CA, West Hollywood, 90069, US","ct":"1944.02","ev":"N","apc":"Central","cpa":"Hollywood","zone":"C4-1XL","solar":"N","pin_nbr":"141B173   443","use_code":"16","geolocation":"POINT (-118.37377 34.08377)","status_date":"05/03/2017","permit_group":"Building","refresh_time":"06/10/2026","type_lat_lon":"ADDRESS","business_unit":"Plan Check at Counter"},"geometry":{"type":"Point","coordinates":[-118.37377,34.08377]}},{"type":"Feature","properties":{"date":"2017-02-22T00:00:00.000Z","year":2017,"description":"DEMOLITION OF (E) 3-UNIT APARTMENT BY HANDWRECK METHOD.  SEWER CAP IS REQUIRED.  CLEAR AND FENCE LOT.  Contractor will perform both demo and new construction onsite","metadescription":"Bldg-Demolition. Apartment. DEMOLITION OF (E) 3-UNIT APARTMENT BY HANDWRECK METHOD.  SEWER CAP IS REQUIRED.  CLEAR AND FENCE LOT.  Contractor will perform both demo and new construction onsite. Permit Finaled. 718 N SWEETZER AVE","address":"718 North Sweetzer Avenue, CA, West Hollywood, 90069, US","ct":"1944.02","ev":"N","apc":"Central","cpa":"Hollywood","zone":"[Q]R3-1","solar":"N","pin_nbr":"141B173   356","use_code":"5","geolocation":"POINT (-118.37016 34.08434)","status_date":"03/30/2017","permit_group":"Building","refresh_time":"06/10/2026","type_lat_lon":"ADDRESS","business_unit":"Plan Check at Counter"},"geometry":{"type":"Point","coordinates":[-118.37016,34.08434]}},{"type":"Feature","properties":{"date":"2017-02-21T00:00:00.000Z","year":2017,"description":"DEMOLISH EXISTING SFD, DETACHED GARAGE AND DETACHED RECREATION ROOM TO CLEAR LOT. DPI AND POSTING UNDER NO. 16019-10000-04915, SEWER CAP AND PEDESTRIAN PROTECTION FENCE REQUIRED.","metadescription":"Bldg-Demolition. 1 or 2 Family Dwelling. DEMOLISH EXISTING SFD, DETACHED GARAGE AND DETACHED RECREATION ROOM TO CLEAR LOT. DPI AND POSTING UNDER NO. 16019-10000-04915, SEWER CAP AND PEDESTRIAN PROTECTION FENCE REQUIRED.. Permit Finaled. 926 N ORLANDO AVE","address":"926 North Orlando Avenue, CA, West Hollywood, 90069, US","ct":"1944.02","ev":"N","apc":"Central","cpa":"Hollywood","zone":"R1-1","solar":"N","height":"0","pin_nbr":"144B173   288","use_code":"1","geolocation":"POINT (-118.37303 34.08774)","status_date":"03/06/2017","construction":"Type V-B Construction","permit_group":"Building","refresh_time":"06/10/2026","type_lat_lon":"ADDRESS","business_unit":"Plan Check at Counter","square_footage":"0"},"geometry":{"type":"Point","coordinates":[-118.37303,34.08774]}},{"type":"Feature","properties":{"date":"2017-02-16T00:00:00.000Z","year":2017,"description":"DEMOLITION OF  (E) SFD AND DETACHED GARAGE. CLEAR LOT; HANDWRECK METHOD ONLY. SEWER CAP REQ. PEDESTRIAN PROTECTION REQUIRED.","metadescription":"Bldg-Demolition. 1 or 2 Family Dwelling. DEMOLITION OF  (E) SFD AND DETACHED GARAGE. CLEAR LOT; HANDWRECK METHOD ONLY. SEWER CAP REQ. PEDESTRIAN PROTECTION REQUIRED.. Permit Finaled. 1447 N MARTEL AVE","address":"1447 North Martel Avenue, CA, Los Angeles, 90046, US","ct":"1899.02","ev":"N","apc":"Central","cpa":"Hollywood","zone":"R3-1","solar":"N","pin_nbr":"147B181   734","use_code":"1","geolocation":"POINT (-118.35102 34.09728)","status_date":"02/28/2017","permit_group":"Building","refresh_time":"06/10/2026","type_lat_lon":"ADDRESS","business_unit":"Plan Check at Counter"},"geometry":{"type":"Point","coordinates":[-118.35102,34.09728]}},{"type":"Feature","properties":{"date":"2017-02-15T00:00:00.000Z","year":2017,"description":"DEMOLISH (E) SFD AND DETACHED GARAGE. CLEAR THE LOT. SEWER CAP AND PEDESTRIAN PROTECTION FENCE REQUIRED.","metadescription":"Bldg-Demolition. 1 or 2 Family Dwelling. DEMOLISH (E) SFD AND DETACHED GARAGE. CLEAR THE LOT. SEWER CAP AND PEDESTRIAN PROTECTION FENCE REQUIRED.. Permit Finaled. 444 N ORLANDO AVE","address":"444 North Orlando Avenue, CA, Los Angeles, 90048, US","ct":"1945.00","ev":"N","apc":"Central","cpa":"Wilshire","zone":"R1-1-O","solar":"N","pin_nbr":"141B173  1251","use_code":"1","geolocation":"POINT (-118.37302 34.07944)","status_date":"09/09/2017","permit_group":"Building","refresh_time":"06/10/2026","type_lat_lon":"ADDRESS","business_unit":"Plan Check at Counter","square_footage":"0"},"geometry":{"type":"Point","coordinates":[-118.37302,34.07944]}},{"type":"Feature","properties":{"date":"2017-02-15T00:00:00.000Z","year":2017,"description":"DEMOLITION OF 10 UNIT APARTMENT BUILDING  30' x  140' .     demo  by  handwreck.    clear  the  lot    sewer  cap  is  required. Pedestrian Fence required","metadescription":"Bldg-Demolition. Apartment. DEMOLITION OF 10 UNIT APARTMENT BUILDING  30' x  140' .     demo  by  handwreck.    clear  the  lot    sewer  cap  is  required. Pedestrian Fence required. Permit Finaled. 714 N SWEETZER AVE","address":"714 North Sweetzer Avenue, CA, West Hollywood, 90069, US","ct":"1944.02","ev":"N","apc":"Central","cpa":"Hollywood","zone":"[Q]R3-1","solar":"N","pin_nbr":"141B173   374","use_code":"5","geolocation":"POINT (-118.37017 34.08415)","status_date":"03/30/2017","permit_group":"Building","refresh_time":"06/10/2026","type_lat_lon":"ADDRESS","business_unit":"Plan Check at Counter"},"geometry":{"type":"Point","coordinates":[-118.37017,34.08415]}},{"type":"Feature","properties":{"date":"2017-02-15T00:00:00.000Z","year":2017,"description":"DEMOLITION OF 4 CAR CARPORT 18'  X 34' DEMO  BY  HAND WRECK  .  CLEAR  THE  LOT","metadescription":"Bldg-Demolition. Apartment. DEMOLITION OF 4 CAR CARPORT 18'  X 34' DEMO  BY  HAND WRECK  .  CLEAR  THE  LOT. Permit Finaled. 718 N SWEETZER AVE","address":"718 North Sweetzer Avenue, CA, West Hollywood, 90069, US","ct":"1944.02","ev":"N","apc":"Central","cpa":"Hollywood","zone":"[Q]R3-1","solar":"N","pin_nbr":"141B173   356","use_code":"7","geolocation":"POINT (-118.37016 34.08434)","status_date":"03/30/2017","permit_group":"Building","refresh_time":"06/10/2026","type_lat_lon":"ADDRESS","business_unit":"Plan Check at Counter"},"geometry":{"type":"Point","coordinates":[-118.37016,34.08434]}},{"type":"Feature","properties":{"date":"2017-02-15T00:00:00.000Z","year":2017,"description":"DEMOLISH EXISTING SFD, DETACHED GARAGE AND DETACHED STORAGE BUILDING TO CLEAR LOT. DPI AND POSTING UNDER NO. 16019-10000-04394, SEWER CAP AND PEDESTRIAN PROTECTION FENCE REQUIRED.","metadescription":"Bldg-Demolition. 1 or 2 Family Dwelling. DEMOLISH EXISTING SFD, DETACHED GARAGE AND DETACHED STORAGE BUILDING TO CLEAR LOT. DPI AND POSTING UNDER NO. 16019-10000-04394, SEWER CAP AND PEDESTRIAN PROTECTION FENCE REQUIRED.. Permit Finaled. 927 N ORLANDO AVE","address":"921 North Orlando Avenue, CA, West Hollywood, 90069, US","ct":"1944.02","ev":"N","apc":"Central","cpa":"Hollywood","zone":"R1-1","solar":"N","height":"0","pin_nbr":"144B173   292","use_code":"1","geolocation":"POINT (-118.3733 34.08778)","status_date":"03/06/2017","construction":"Type V-B Construction","permit_group":"Building","refresh_time":"06/10/2026","type_lat_lon":"ADDRESS","business_unit":"Plan Check at Counter","square_footage":"0"},"geometry":{"type":"Point","coordinates":[-118.3733,34.08778]}},{"type":"Feature","properties":{"date":"2017-02-15T00:00:00.000Z","year":2017,"description":"DEMOLITION OF DUPLEX( 23'  X 41' )  DEMO BY  HANDWRECK . SEWER  CAP  IS  REQUIRED","metadescription":"Bldg-Demolition. Apartment. DEMOLITION OF DUPLEX( 23'  X 41' )  DEMO BY  HANDWRECK . SEWER  CAP  IS  REQUIRED. Permit Finaled. 718 N SWEETZER AVE","address":"718 North Sweetzer Avenue, CA, West Hollywood, 90069, US","ct":"1944.02","ev":"N","apc":"Central","cpa":"Hollywood","zone":"[Q]R3-1","solar":"N","pin_nbr":"141B173   356","use_code":"2","geolocation":"POINT (-118.37016 34.08434)","status_date":"03/30/2017","permit_group":"Building","refresh_time":"06/10/2026","type_lat_lon":"ADDRESS","business_unit":"Plan Check at Counter"},"geometry":{"type":"Point","coordinates":[-118.37016,34.08434]}},{"type":"Feature","properties":{"date":"2017-01-31T00:00:00.000Z","year":2017,"description":"Demo sfd & detached garage(Clear lot).","metadescription":"Bldg-Demolition. 1 or 2 Family Dwelling. Demo sfd & detached garage(Clear lot).. Permit Finaled. 514 N SWEETZER AVE","address":"8282 West Sweetzer Court, CA, Los Angeles, 90048, US","ct":"1944.02","ev":"N","apc":"Central","cpa":"Hollywood","zone":"RD1.5-1XL","solar":"N","pin_nbr":"141B173  1035","use_code":"1","geolocation":"POINT (-118.37016 34.08059)","status_date":"01/02/2018","permit_group":"Building","refresh_time":"06/10/2026","type_lat_lon":"ADDRESS","business_unit":"Plan Check at Counter"},"geometry":{"type":"Point","coordinates":[-118.37016,34.08059]}},{"type":"Feature","properties":{"date":"2017-01-31T00:00:00.000Z","year":2017,"description":"DEMO (E) SINGLE FAMILY DWELLING AND DETACHED GARAGE BY HANDWRECK METHOD.  CLEAR AND FENCE LOT.  PEDESTRIAN PROTECTION FENCE REQUIRED.  SEWER CAP IS REQUIRED.","metadescription":"Bldg-Demolition. 1 or 2 Family Dwelling. DEMO (E) SINGLE FAMILY DWELLING AND DETACHED GARAGE BY HANDWRECK METHOD.  CLEAR AND FENCE LOT.  PEDESTRIAN PROTECTION FENCE REQUIRED.  SEWER CAP IS REQUIRED.. Permit Finaled. 516 N SWEETZER AVE","address":"8281 West Sweetzer Court, CA, Los Angeles, 90048, US","ct":"1944.02","ev":"N","apc":"Central","cpa":"Hollywood","zone":"RD1.5-1XL","solar":"N","pin_nbr":"141B173  1012","use_code":"1","geolocation":"POINT (-118.37016 34.08062)","status_date":"01/02/2018","permit_group":"Building","refresh_time":"06/10/2026","type_lat_lon":"ADDRESS","business_unit":"Plan Check at Counter"},"geometry":{"type":"Point","coordinates":[-118.37016,34.08062]}},{"type":"Feature","properties":{"date":"2017-01-31T00:00:00.000Z","year":2017,"description":"DEMO (E) SINGLE FAMILY DWELLING BY HANDWRECK METHOD.  CLEAR AND FENCE LOT.  PEDESTRIAN PROTECTION FENCE REQUIRED.  SEWER CAP IS REQUIRED.  SEE COMMENTS","metadescription":"Bldg-Demolition. 1 or 2 Family Dwelling. DEMO (E) SINGLE FAMILY DWELLING BY HANDWRECK METHOD.  CLEAR AND FENCE LOT.  PEDESTRIAN PROTECTION FENCE REQUIRED.  SEWER CAP IS REQUIRED.  SEE COMMENTS. Permit Finaled. 516 N SWEETZER AVE","address":"8281 West Sweetzer Court, CA, Los Angeles, 90048, US","ct":"1944.02","ev":"N","apc":"Central","cpa":"Hollywood","zone":"RD1.5-1XL","solar":"N","pin_nbr":"141B173  1012","use_code":"1","geolocation":"POINT (-118.37016 34.08062)","status_date":"02/09/2022","permit_group":"Building","refresh_time":"06/10/2026","type_lat_lon":"ADDRESS","business_unit":"Plan Check at Counter"},"geometry":{"type":"Point","coordinates":[-118.37016,34.08062]}},{"type":"Feature","properties":{"date":"2017-01-20T00:00:00.000Z","year":2017,"description":"Demolition of 2-story single family residence and garage to clear lot. DPI/Posting 16019-30000-05260","metadescription":"Bldg-Demolition. 1 or 2 Family Dwelling. Demolition of 2-story single family residence and garage to clear lot. DPI/Posting 16019-30000-05260. Permit Finaled. 1332-1334 N FORMOSA AVE","address":"1328 1/2 North Formosa Avenue, CA, Los Angeles, 90046, US","ct":"1899.02","ev":"N","apc":"Central","cpa":"Hollywood","zone":"R3-1","solar":"N","pin_nbr":"147B181  1083","use_code":"1","geolocation":"POINT (-118.34612 34.09528)","status_date":"01/29/2018","permit_group":"Building","refresh_time":"06/10/2026","type_lat_lon":"ADDRESS","business_unit":"Plan Check at Counter","square_footage":"0"},"geometry":{"type":"Point","coordinates":[-118.34612,34.09528]}},{"type":"Feature","properties":{"date":"2017-01-20T00:00:00.000Z","year":2017,"description":"Demolition of 2-story apartment building to clear lot. DPI/Posting 16019-30000-05260","metadescription":"Bldg-Demolition. Apartment. Demolition of 2-story apartment building to clear lot. DPI/Posting 16019-30000-05260. Permit Finaled. 1332-1334 N FORMOSA AVE","address":"1328 1/2 North Formosa Avenue, CA, Los Angeles, 90046, US","ct":"1899.02","ev":"N","apc":"Central","cpa":"Hollywood","zone":"R3-1","solar":"N","pin_nbr":"147B181  1083","use_code":"5","geolocation":"POINT (-118.34612 34.09528)","status_date":"01/29/2018","permit_group":"Building","refresh_time":"06/10/2026","type_lat_lon":"ADDRESS","business_unit":"Plan Check at Counter","square_footage":"0"},"geometry":{"type":"Point","coordinates":[-118.34612,34.09528]}},{"type":"Feature","properties":{"date":"2016-12-30T00:00:00.000Z","year":2016,"description":"Demolish (e) 18' x 20' detached garage per P/BC 2014-039","metadescription":"Bldg-Demolition. 1 or 2 Family Dwelling. Demolish (e) 18' x 20' detached garage per P/BC 2014-039. Permit Finaled. 454 N CROFT AVE","address":"454 North Croft Avenue, CA, Los Angeles, 90048, US","ct":"1945.00","ev":"N","apc":"Central","cpa":"Wilshire","zone":"R1-1-O","solar":"N","pin_nbr":"141B173  1198","use_code":"7","geolocation":"POINT (-118.37408 34.0797)","status_date":"03/14/2017","permit_group":"Building","refresh_time":"06/10/2026","type_lat_lon":"ADDRESS","business_unit":"Plan Check at Counter"},"geometry":{"type":"Point","coordinates":[-118.37408,34.0797]}},{"type":"Feature","properties":{"date":"2016-12-29T00:00:00.000Z","year":2016,"description":"DEMOLITION OF EXISTING 1-STORY SINGLE FAMILY DWELLING (18' x 28').  sewer  cap  is  required  . demo by  handwreck  . pedestrian  fence  is  required .","metadescription":"Bldg-Demolition. 1 or 2 Family Dwelling. DEMOLITION OF EXISTING 1-STORY SINGLE FAMILY DWELLING (18' x 28').  sewer  cap  is  required  . demo by  handwreck  . pedestrian  fence  is  required .. Permit Finaled. 728 N SWEETZER AVE B","address":"728 North Sweetzer Avenue, CA, Los Angeles, 90046, US","ct":"1944.02","ev":"N","apc":"Central","cpa":"Hollywood","zone":"[Q]R3-1","solar":"N","pin_nbr":"141B173   317","use_code":"1","geolocation":"POINT (-118.37016 34.08452)","status_date":"03/30/2017","permit_group":"Building","refresh_time":"06/10/2026","type_lat_lon":"ADDRESS","business_unit":"Expanded Counter Plan Check","square_footage":"0"},"geometry":{"type":"Point","coordinates":[-118.37016,34.08452]}},{"type":"Feature","properties":{"date":"2016-12-29T00:00:00.000Z","year":2016,"description":"DEMOLITION OF EXISTING 1-STORY SINGLE FAMILY DWELLING (18' x 28').  sewer  cap  is  required  . demo by  handwreck  . pedestrian  fence  is  required .","metadescription":"Bldg-Demolition. 1 or 2 Family Dwelling. DEMOLITION OF EXISTING 1-STORY SINGLE FAMILY DWELLING (18' x 28').  sewer  cap  is  required  . demo by  handwreck  . pedestrian  fence  is  required .. Permit Finaled. 728 N SWEETZER AVE F","address":"728 North Sweetzer Avenue, CA, Los Angeles, 90046, US","ct":"1944.02","ev":"N","apc":"Central","cpa":"Hollywood","zone":"[Q]R3-1","solar":"N","pin_nbr":"141B173   317","use_code":"1","geolocation":"POINT (-118.37016 34.08452)","status_date":"03/30/2017","permit_group":"Building","refresh_time":"06/10/2026","type_lat_lon":"ADDRESS","business_unit":"Expanded Counter Plan Check"},"geometry":{"type":"Point","coordinates":[-118.37016,34.08452]}},{"type":"Feature","properties":{"date":"2016-12-29T00:00:00.000Z","year":2016,"description":"DEMOLITION OF EXISTING 1-STORY SINGLE FAMILY DWELLING (18' x 28').  sewer  cap  is  required  . demo by  handwreck  . pedestrian  fence  is  required .","metadescription":"Bldg-Demolition. 1 or 2 Family Dwelling. DEMOLITION OF EXISTING 1-STORY SINGLE FAMILY DWELLING (18' x 28').  sewer  cap  is  required  . demo by  handwreck  . pedestrian  fence  is  required .. Permit Finaled. 728 N SWEETZER AVE A","address":"728 North Sweetzer Avenue, CA, Los Angeles, 90046, US","ct":"1944.02","ev":"N","apc":"Central","cpa":"Hollywood","zone":"[Q]R3-1","solar":"N","pin_nbr":"141B173   317","use_code":"1","geolocation":"POINT (-118.37016 34.08452)","status_date":"03/30/2017","permit_group":"Building","refresh_time":"06/10/2026","type_lat_lon":"ADDRESS","business_unit":"Expanded Counter Plan Check","square_footage":"0"},"geometry":{"type":"Point","coordinates":[-118.37016,34.08452]}},{"type":"Feature","properties":{"date":"2016-12-29T00:00:00.000Z","year":2016,"description":"DEMOLISH 6- CAR DETACHED CARPORT BY HAND WRECKING METHOD .  SEWER CAP IS NOT REQUIRED.  DEMO OF 6-UNIT APARTMENT UNDER PERMIT 16019-10000-00581.","metadescription":"Bldg-Demolition. Apartment. DEMOLISH 6- CAR DETACHED CARPORT BY HAND WRECKING METHOD .  SEWER CAP IS NOT REQUIRED.  DEMO OF 6-UNIT APARTMENT UNDER PERMIT 16019-10000-00581.. Permit Finaled. 748 N SWEETZER AVE 1-6","address":"1-6, 748 North Sweetzer Avenue, CA, Los Angeles, 90046, US","ct":"1944.02","ev":"N","apc":"Central","cpa":"Hollywood","zone":"[Q]R3-1","solar":"N","height":"0","pin_nbr":"141B173   239","use_code":"7","geolocation":"POINT (-118.37015 34.08508)","status_date":"03/28/2017","permit_group":"Building","refresh_time":"06/10/2026","type_lat_lon":"ADDRESS","business_unit":"Plan Check at Counter"},"geometry":{"type":"Point","coordinates":[-118.37015,34.08508]}},{"type":"Feature","properties":{"date":"2016-12-29T00:00:00.000Z","year":2016,"description":"DEMOLITION OF EXISTING 1-STORY 3-CAR GARAGE(17'  x 27').  sewer  cap  is NOT required  . demo by  handwreck  . pedestrian  fence  is  required .","metadescription":"Bldg-Demolition. 1 or 2 Family Dwelling. DEMOLITION OF EXISTING 1-STORY 3-CAR GARAGE(17'  x 27').  sewer  cap  is NOT required  . demo by  handwreck  . pedestrian  fence  is  required .. Permit Finaled. 728 N SWEETZER AVE 1","address":"728 North Sweetzer Avenue, CA, Los Angeles, 90046, US","ct":"1944.02","ev":"N","apc":"Central","cpa":"Hollywood","zone":"[Q]R3-1","solar":"N","pin_nbr":"141B173   317","use_code":"7","geolocation":"POINT (-118.37016 34.08452)","status_date":"03/30/2017","permit_group":"Building","refresh_time":"06/10/2026","type_lat_lon":"ADDRESS","business_unit":"Expanded Counter Plan Check"},"geometry":{"type":"Point","coordinates":[-118.37016,34.08452]}},{"type":"Feature","properties":{"date":"2016-12-29T00:00:00.000Z","year":2016,"description":"DEMOLITION OF EXISTING 1-STORY 3-CAR GARAGE(17' x 27').  sewer  cap  is NOT required  . demo by  handwreck  . pedestrian  fence  is  required .","metadescription":"Bldg-Demolition. 1 or 2 Family Dwelling. DEMOLITION OF EXISTING 1-STORY 3-CAR GARAGE(17' x 27').  sewer  cap  is NOT required  . demo by  handwreck  . pedestrian  fence  is  required .. Permit Finaled. 728 N SWEETZER AVE 2","address":"728 North Sweetzer Avenue, CA, Los Angeles, 90046, US","ct":"1944.02","ev":"N","apc":"Central","cpa":"Hollywood","zone":"[Q]R3-1","solar":"N","pin_nbr":"141B173   317","use_code":"7","geolocation":"POINT (-118.37016 34.08452)","status_date":"03/30/2017","permit_group":"Building","refresh_time":"06/10/2026","type_lat_lon":"ADDRESS","business_unit":"Expanded Counter Plan Check"},"geometry":{"type":"Point","coordinates":[-118.37016,34.08452]}},{"type":"Feature","properties":{"date":"2016-12-29T00:00:00.000Z","year":2016,"description":"DEMOLITION OF EXISTING 1-STORY SINGLE FAMILY DWELLING (18' x 28').  sewer  cap  is  required  . demo by  handwreck  . pedestrian  fence  is  required .","metadescription":"Bldg-Demolition. 1 or 2 Family Dwelling. DEMOLITION OF EXISTING 1-STORY SINGLE FAMILY DWELLING (18' x 28').  sewer  cap  is  required  . demo by  handwreck  . pedestrian  fence  is  required .. Permit Finaled. 728 N SWEETZER AVE E","address":"728 North Sweetzer Avenue, CA, Los Angeles, 90046, US","ct":"1944.02","ev":"N","apc":"Central","cpa":"Hollywood","zone":"[Q]R3-1","solar":"N","pin_nbr":"141B173   317","use_code":"1","geolocation":"POINT (-118.37016 34.08452)","status_date":"03/30/2017","permit_group":"Building","refresh_time":"06/10/2026","type_lat_lon":"ADDRESS","business_unit":"Expanded Counter Plan Check"},"geometry":{"type":"Point","coordinates":[-118.37016,34.08452]}},{"type":"Feature","properties":{"date":"2016-12-29T00:00:00.000Z","year":2016,"description":"DEMOLITION OF EXISTING 1-STORY SINGLE FAMILY DWELLING (18' x 28').  sewer  cap  is  required  . demo by  handwreck  . pedestrian  fence  is  required .","metadescription":"Bldg-Demolition. 1 or 2 Family Dwelling. DEMOLITION OF EXISTING 1-STORY SINGLE FAMILY DWELLING (18' x 28').  sewer  cap  is  required  . demo by  handwreck  . pedestrian  fence  is  required .. Permit Finaled. 728 N SWEETZER AVE D","address":"728 North Sweetzer Avenue, CA, Los Angeles, 90046, US","ct":"1944.02","ev":"N","apc":"Central","cpa":"Hollywood","zone":"[Q]R3-1","solar":"N","pin_nbr":"141B173   317","use_code":"1","geolocation":"POINT (-118.37016 34.08452)","status_date":"03/30/2017","permit_group":"Building","refresh_time":"06/10/2026","type_lat_lon":"ADDRESS","business_unit":"Expanded Counter Plan Check"},"geometry":{"type":"Point","coordinates":[-118.37016,34.08452]}},{"type":"Feature","properties":{"date":"2016-12-29T00:00:00.000Z","year":2016,"description":"DEMOLISH  6- UNIT APARTMENT BUILDING BY HAND WRECKING METHOD . CLEAR SITE AND FENCE LOT . SEWER CAP REQUIRED.  DEMO OF DETACHED GARAGE UNDER PERMIT 16019-10000-00580.","metadescription":"Bldg-Demolition. Apartment. DEMOLISH  6- UNIT APARTMENT BUILDING BY HAND WRECKING METHOD . CLEAR SITE AND FENCE LOT . SEWER CAP REQUIRED.  DEMO OF DETACHED GARAGE UNDER PERMIT 16019-10000-00580.. Permit Finaled. 748 N SWEETZER AVE 1-6","address":"1-6, 748 North Sweetzer Avenue, CA, Los Angeles, 90046, US","ct":"1944.02","ev":"N","apc":"Central","cpa":"Hollywood","zone":"[Q]R3-1","solar":"N","pin_nbr":"141B173   239","use_code":"5","geolocation":"POINT (-118.37015 34.08508)","status_date":"03/28/2017","permit_group":"Building","refresh_time":"06/10/2026","type_lat_lon":"ADDRESS","business_unit":"Plan Check at Counter","square_footage":"0"},"geometry":{"type":"Point","coordinates":[-118.37015,34.08508]}},{"type":"Feature","properties":{"date":"2016-12-29T00:00:00.000Z","year":2016,"description":"DEMOLITION OF EXISTING 1-STORY SINGLE FAMILY DWELLING (18' x 28').  sewer  cap  is  required  . demo by  handwreck  . pedestrian  fence  is  required .","metadescription":"Bldg-Demolition. 1 or 2 Family Dwelling. DEMOLITION OF EXISTING 1-STORY SINGLE FAMILY DWELLING (18' x 28').  sewer  cap  is  required  . demo by  handwreck  . pedestrian  fence  is  required .. Permit Finaled. 728 N SWEETZER AVE C","address":"728 North Sweetzer Avenue, CA, Los Angeles, 90046, US","ct":"1944.02","ev":"N","apc":"Central","cpa":"Hollywood","zone":"[Q]R3-1","solar":"N","pin_nbr":"141B173   317","use_code":"1","geolocation":"POINT (-118.37016 34.08452)","status_date":"03/30/2017","permit_group":"Building","refresh_time":"06/10/2026","type_lat_lon":"ADDRESS","business_unit":"Expanded Counter Plan Check","square_footage":"0"},"geometry":{"type":"Point","coordinates":[-118.37016,34.08452]}},{"type":"Feature","properties":{"date":"2016-12-28T00:00:00.000Z","year":2016,"description":"HANDWRECK DEMOLITION OF DETACHED 4 CAR GARAGE ( 20 ft x 40ft). CLEAR LOT","metadescription":"Bldg-Demolition. Apartment. HANDWRECK DEMOLITION OF DETACHED 4 CAR GARAGE ( 20 ft x 40ft). CLEAR LOT. Permit Finaled. 738 N SWEETZER AVE","address":"1-4, 738 North Sweetzer Avenue, CA, Los Angeles, 90046, US","ct":"1944.02","ev":"N","apc":"Central","cpa":"Hollywood","zone":"[Q]R3-1","solar":"N","height":"0","pin_nbr":"141B173   278","use_code":"7","geolocation":"POINT (-118.37017 34.0848)","status_date":"03/28/2017","construction":"Type V-B Construction","permit_group":"Building","refresh_time":"06/10/2026","type_lat_lon":"ADDRESS","business_unit":"Plan Check at Counter","square_footage":"0"},"geometry":{"type":"Point","coordinates":[-118.37017,34.0848]}},{"type":"Feature","properties":{"date":"2016-12-28T00:00:00.000Z","year":2016,"description":"HANDWRECK DEMOLITION OF 4 UNIT APARTMENT. CLEAR LOT","metadescription":"Bldg-Demolition. Apartment. HANDWRECK DEMOLITION OF 4 UNIT APARTMENT. CLEAR LOT. Permit Finaled. 738 N SWEETZER AVE","address":"1-4, 738 North Sweetzer Avenue, CA, Los Angeles, 90046, US","ct":"1944.02","ev":"N","apc":"Central","cpa":"Hollywood","zone":"[Q]R3-1","solar":"N","pin_nbr":"141B173   278","use_code":"5","geolocation":"POINT (-118.37017 34.0848)","status_date":"03/28/2017","permit_group":"Building","refresh_time":"06/10/2026","type_lat_lon":"ADDRESS","business_unit":"Plan Check at Counter","square_footage":"0"},"geometry":{"type":"Point","coordinates":[-118.37017,34.0848]}},{"type":"Feature","properties":{"date":"2016-12-27T00:00:00.000Z","year":2016,"description":"DEMOLITION OF 4 UNIT APARTMENT BUILDING.  SEWER CAP REQUIRED.  PEDESTRIAN PROTECTION FENCE AND CANOPY REQUIRED.","metadescription":"Bldg-Demolition. Apartment. DEMOLITION OF 4 UNIT APARTMENT BUILDING.  SEWER CAP REQUIRED.  PEDESTRIAN PROTECTION FENCE AND CANOPY REQUIRED.. Permit Finaled. 734 N SWEETZER AVE UNIT 1-4","address":"1-4, 734 North Sweetzer Avenue, CA, Los Angeles, 90046, US","ct":"1944.02","ev":"N","apc":"Central","cpa":"Hollywood","zone":"[Q]R3-1","solar":"N","pin_nbr":"141B173   297","use_code":"5","geolocation":"POINT (-118.37017 34.08466)","status_date":"03/28/2017","permit_group":"Building","refresh_time":"06/10/2026","type_lat_lon":"ADDRESS","business_unit":"Plan Check at Counter","square_footage":"0"},"geometry":{"type":"Point","coordinates":[-118.37017,34.08466]}},{"type":"Feature","properties":{"date":"2016-12-27T00:00:00.000Z","year":2016,"description":"DEMO (E) 2-STORY 6-UNIT APARTMENT BUILDING BY HANDWRECK. SEWER CAP REQUIRED. FENCE AND CANOPY PROTECTION. CLEAR LOT","metadescription":"Bldg-Demolition. Apartment. DEMO (E) 2-STORY 6-UNIT APARTMENT BUILDING BY HANDWRECK. SEWER CAP REQUIRED. FENCE AND CANOPY PROTECTION. CLEAR LOT. Permit Finaled. 742 N SWEETZER AVE UNIT 1-6","address":"1-6, 742 North Sweetzer Avenue, CA, Los Angeles, 90046, US","ct":"1944.02","ev":"N","apc":"Central","cpa":"Hollywood","zone":"[Q]R3-1","solar":"N","height":"0","pin_nbr":"141B173   259","use_code":"5","geolocation":"POINT (-118.37016 34.08494)","status_date":"03/28/2017","construction":"Type V-B Construction","permit_group":"Building","refresh_time":"06/10/2026","type_lat_lon":"ADDRESS","business_unit":"Plan Check at Counter","square_footage":"0"},"geometry":{"type":"Point","coordinates":[-118.37016,34.08494]}},{"type":"Feature","properties":{"date":"2016-12-27T00:00:00.000Z","year":2016,"description":"DEMOLITION OF DETACHED GARAGE.  HANDWRECK METHOD ONLY.  SEWER CAP REQUIRED.  PEDESTRIAN FENCE AND CANOPY PROTECTION REQUIRED.","metadescription":"Bldg-Demolition. Apartment. DEMOLITION OF DETACHED GARAGE.  HANDWRECK METHOD ONLY.  SEWER CAP REQUIRED.  PEDESTRIAN FENCE AND CANOPY PROTECTION REQUIRED.. Permit Finaled. 734 N SWEETZER AVE","address":"1-4, 734 North Sweetzer Avenue, CA, Los Angeles, 90046, US","ct":"1944.02","ev":"N","apc":"Central","cpa":"Hollywood","zone":"[Q]R3-1","solar":"N","pin_nbr":"141B173   297","use_code":"7","geolocation":"POINT (-118.37017 34.08466)","status_date":"03/28/2017","permit_group":"Building","refresh_time":"06/10/2026","type_lat_lon":"ADDRESS","business_unit":"Plan Check at Counter","square_footage":"0"},"geometry":{"type":"Point","coordinates":[-118.37017,34.08466]}},{"type":"Feature","properties":{"date":"2016-12-27T00:00:00.000Z","year":2016,"description":"DEMO (E) 1-STORY 6-CAR DETACHED GARAGE BY HANDWRECK ONLY.  SEWER CAP REQUIRED.  PEDESTRIAN PROTECTION FENCE AND CANOPY REQUIRED.","metadescription":"Bldg-Demolition. Apartment. DEMO (E) 1-STORY 6-CAR DETACHED GARAGE BY HANDWRECK ONLY.  SEWER CAP REQUIRED.  PEDESTRIAN PROTECTION FENCE AND CANOPY REQUIRED.. Permit Finaled. 742 N SWEETZER AVE","address":"1-6, 742 North Sweetzer Avenue, CA, Los Angeles, 90046, US","ct":"1944.02","ev":"N","apc":"Central","cpa":"Hollywood","zone":"[Q]R3-1","solar":"N","height":"0","pin_nbr":"141B173   259","use_code":"7","geolocation":"POINT (-118.37016 34.08494)","status_date":"03/28/2017","construction":"Type V-B Construction","permit_group":"Building","refresh_time":"06/10/2026","type_lat_lon":"ADDRESS","business_unit":"Plan Check at Counter"},"geometry":{"type":"Point","coordinates":[-118.37016,34.08494]}},{"type":"Feature","properties":{"date":"2016-12-14T00:00:00.000Z","year":2016,"description":"DEMOLISH (E) SFD AND DETACHED GARAGE. CLEAR THE LOT. SEWER CAP REQUIRED.","metadescription":"Bldg-Demolition. 1 or 2 Family Dwelling. DEMOLISH (E) SFD AND DETACHED GARAGE. CLEAR THE LOT. SEWER CAP REQUIRED.. Permit Finaled. 435 N SWEETZER AVE","address":"435 North Sweetzer Avenue, CA, Los Angeles, 90048, US","ct":"1945.00","ev":"N","apc":"Central","cpa":"Wilshire","zone":"R1-1","solar":"N","pin_nbr":"141B173  1298","use_code":"1","geolocation":"POINT (-118.37016 34.07918)","status_date":"04/17/2019","permit_group":"Building","refresh_time":"06/10/2026","type_lat_lon":"ADDRESS","business_unit":"Plan Check at Counter","square_footage":"0"},"geometry":{"type":"Point","coordinates":[-118.37016,34.07918]}},{"type":"Feature","properties":{"date":"2016-12-12T00:00:00.000Z","year":2016,"description":"Demolish (E) sfd to clear lot. DPI and posting under no. 16019-30000-04865, sewer cap and protection fence required. See comments.","metadescription":"Bldg-Demolition. 1 or 2 Family Dwelling. Demolish (E) sfd to clear lot. DPI and posting under no. 16019-30000-04865, sewer cap and protection fence required. See comments.. Permit Finaled. 1338 N FORMOSA AVE 1-25","address":"1-25, 1338 North Formosa Avenue, CA, Los Angeles, 90046, US","ct":"1899.02","ev":"N","apc":"Central","cpa":"Hollywood","zone":"R3-1","solar":"N","height":"0","pin_nbr":"147B181  1056","use_code":"1","geolocation":"POINT (-118.34613 34.09551)","status_date":"09/14/2017","construction":"Type V-B Construction","permit_group":"Building","refresh_time":"06/10/2026","type_lat_lon":"ADDRESS","business_unit":"Plan Check at Counter","square_footage":"0"},"geometry":{"type":"Point","coordinates":[-118.34613,34.09551]}},{"type":"Feature","properties":{"date":"2016-11-28T00:00:00.000Z","year":2016,"description":"DEMO 1 STORY DETATCHED GARAGE BY HANDWRECK METHOD.  CLEAR AND FENCE LOT. SEWER CAP IS NOT REQUIRED.  PEDESTRIAN PROTECTION FENCE IS REQUIRED.","metadescription":"Bldg-Demolition. Apartment. DEMO 1 STORY DETATCHED GARAGE BY HANDWRECK METHOD.  CLEAR AND FENCE LOT. SEWER CAP IS NOT REQUIRED.  PEDESTRIAN PROTECTION FENCE IS REQUIRED.. Permit Finaled. 1367 N ALTA VISTA BLVD","address":"1-12, 1367 North Alta Vista Boulevard, CA, Los Angeles, 90046, US","ct":"1899.02","ev":"N","apc":"Central","cpa":"Hollywood","zone":"R3-1","solar":"N","height":"0","pin_nbr":"147B181   990","use_code":"7","geolocation":"POINT (-118.34738 34.09588)","status_date":"06/28/2017","permit_group":"Building","refresh_time":"06/10/2026","type_lat_lon":"ADDRESS","business_unit":"Plan Check at Counter"},"geometry":{"type":"Point","coordinates":[-118.34738,34.09588]}},{"type":"Feature","properties":{"date":"2016-11-28T00:00:00.000Z","year":2016,"description":"DEMO 2 STORY APARTMENT BY HANDWRECK METHOD.  CLEAR AND FENCE LOT. SEWER CAP IS REQUIRED.  PEDESTRIAN PROTECTION FENCE IS REQUIRED.","metadescription":"Bldg-Demolition. Apartment. DEMO 2 STORY APARTMENT BY HANDWRECK METHOD.  CLEAR AND FENCE LOT. SEWER CAP IS REQUIRED.  PEDESTRIAN PROTECTION FENCE IS REQUIRED.. Permit Finaled. 1367 N ALTA VISTA BLVD","address":"1-12, 1367 North Alta Vista Boulevard, CA, Los Angeles, 90046, US","ct":"1899.02","ev":"N","apc":"Central","cpa":"Hollywood","zone":"R3-1","solar":"N","height":"0","pin_nbr":"147B181   990","use_code":"5","geolocation":"POINT (-118.34738 34.09588)","status_date":"06/28/2017","permit_group":"Building","refresh_time":"06/10/2026","type_lat_lon":"ADDRESS","business_unit":"Plan Check at Counter"},"geometry":{"type":"Point","coordinates":[-118.34738,34.09588]}},{"type":"Feature","properties":{"date":"2016-11-01T00:00:00.000Z","year":2016,"description":"DEMO  SFD AND DETACHED GARAGE TO CLEAR LOT .  SEWER CAP AND PEDESTRIAN PROTECTION FENCE ARE REQUIRED.","metadescription":"Bldg-Demolition. 1 or 2 Family Dwelling. DEMO  SFD AND DETACHED GARAGE TO CLEAR LOT .  SEWER CAP AND PEDESTRIAN PROTECTION FENCE ARE REQUIRED.. Permit Finaled. 415 N ALFRED ST","address":"419 North Alfred Street, CA, Los Angeles, 90048, US","ct":"1945.00","ev":"N","apc":"Central","cpa":"Wilshire","zone":"R2-1-O","solar":"N","pin_nbr":"141B173  1412","use_code":"1","geolocation":"POINT (-118.37542 34.0786)","status_date":"03/17/2017","permit_group":"Building","refresh_time":"06/10/2026","type_lat_lon":"ADDRESS","business_unit":"Plan Check at Counter"},"geometry":{"type":"Point","coordinates":[-118.37542,34.0786]}},{"type":"Feature","properties":{"date":"2016-10-26T00:00:00.000Z","year":2016,"description":"DEMOLITION OF (E) 2-STORY TYPE VB DUPLEX AND DETACHED ACCESSORY STORAGE BUILDING TO CLEAR LOT. DPI + POSTING UNDER NO. 16019-30000-03485, SEWER CAP AND PROTECTION FENCE REQUIRED.","metadescription":"Bldg-Demolition. 1 or 2 Family Dwelling. DEMOLITION OF (E) 2-STORY TYPE VB DUPLEX AND DETACHED ACCESSORY STORAGE BUILDING TO CLEAR LOT. DPI + POSTING UNDER NO. 16019-30000-03485, SEWER CAP AND PROTECTION FENCE REQUIRED.. Permit Finaled. 829-831 N CROFT AVE","address":"829 North Croft Avenue, CA, West Hollywood, 90069, US","ct":"1944.02","ev":"N","apc":"Central","cpa":"Hollywood","zone":"[Q]R3-1","solar":"N","height":"0","pin_nbr":"141B173   100","use_code":"2","geolocation":"POINT (-118.37445 34.08612)","status_date":"12/16/2016","permit_group":"Building","refresh_time":"06/10/2026","type_lat_lon":"ADDRESS","business_unit":"Plan Check at Counter","square_footage":"0"},"geometry":{"type":"Point","coordinates":[-118.37445,34.08612]}},{"type":"Feature","properties":{"date":"2016-10-26T00:00:00.000Z","year":2016,"description":"DEMOLITION OF (E) 2-STORY TYPE VB SFD WITH ATTACHED GARAGE. DPI + POSTING UNDER NO. 16019-30000-03482, SEWER CAP AND PERMIT REQUIRED.","metadescription":"Bldg-Demolition. 1 or 2 Family Dwelling. DEMOLITION OF (E) 2-STORY TYPE VB SFD WITH ATTACHED GARAGE. DPI + POSTING UNDER NO. 16019-30000-03482, SEWER CAP AND PERMIT REQUIRED.. Permit Finaled. 825 N CROFT AVE","address":"825 North Croft Avenue, CA, West Hollywood, 90069, US","ct":"1944.02","ev":"N","apc":"Central","cpa":"Hollywood","zone":"[Q]R3-1","solar":"N","height":"0","pin_nbr":"141B173   119","use_code":"1","geolocation":"POINT (-118.37445 34.08607)","status_date":"12/16/2016","permit_group":"Building","refresh_time":"06/10/2026","type_lat_lon":"ADDRESS","business_unit":"Plan Check at Counter"},"geometry":{"type":"Point","coordinates":[-118.37445,34.08607]}},{"type":"Feature","properties":{"date":"2016-10-26T00:00:00.000Z","year":2016,"description":"DEMOLISH (E) 2-STORY TYPE VB DUPLEX DPI+POSTING UNDER NO. 16019-30000-03482, SEWER CAP AND PROTECTION FENCE REQUIRED.","metadescription":"Bldg-Demolition. 1 or 2 Family Dwelling. DEMOLISH (E) 2-STORY TYPE VB DUPLEX DPI+POSTING UNDER NO. 16019-30000-03482, SEWER CAP AND PROTECTION FENCE REQUIRED.. Permit Finaled. 823 N CROFT AVE","address":"1-2, 823 North Croft Avenue, CA, West Hollywood, 90069, US","ct":"1944.02","ev":"N","apc":"Central","cpa":"Hollywood","zone":"[Q]R3-1","solar":"N","height":"0","pin_nbr":"141B173   119","use_code":"2","geolocation":"POINT (-118.37447 34.08599)","status_date":"12/17/2016","permit_group":"Building","refresh_time":"06/10/2026","type_lat_lon":"ADDRESS","business_unit":"Plan Check at Counter"},"geometry":{"type":"Point","coordinates":[-118.37447,34.08599]}},{"type":"Feature","properties":{"date":"2016-09-15T00:00:00.000Z","year":2016,"description":"TI REMODEL - DEMO AND CONST  NON BEARING INTERIOR PARTITIONS","metadescription":"Bldg-Alter/Repair. Commercial. TI REMODEL - DEMO AND CONST  NON BEARING INTERIOR PARTITIONS. Permit Finaled. 120 N ROBERTSON BLVD STE 202A","address":"120 North Robertson Boulevard, CA, Los Angeles, 90048, US","ct":"2149.02","ev":"N","apc":"Central","cpa":"Wilshire","zone":"[Q]C2-1VL-O","solar":"N","pin_nbr":"138B169   244","use_code":"13","geolocation":"POINT (-118.38356 34.07585)","status_date":"11/28/2016","permit_group":"Building","refresh_time":"06/10/2026","type_lat_lon":"ADDRESS","business_unit":"Plan Check at Counter"},"geometry":{"type":"Point","coordinates":[-118.38356,34.07585]}},{"type":"Feature","properties":{"date":"2016-09-12T00:00:00.000Z","year":2016,"description":"DEMO (E) DET. GARAGE TO CLEAR LOT.","metadescription":"Bldg-Demolition. 1 or 2 Family Dwelling. DEMO (E) DET. GARAGE TO CLEAR LOT.. Permit Finaled. 838-840 N LA JOLLA AVE","address":"838 North La Jolla Avenue, CA, Los Angeles, 90046, US","ct":"1944.02","ev":"N","apc":"Central","cpa":"Hollywood","zone":"R2-1XL","solar":"N","pin_nbr":"141B173    51","use_code":"7","geolocation":"POINT (-118.36789 34.0865)","status_date":"09/19/2016","permit_group":"Building","refresh_time":"06/10/2026","type_lat_lon":"ADDRESS","business_unit":"Plan Check at Counter"},"geometry":{"type":"Point","coordinates":[-118.36789,34.0865]}},{"type":"Feature","properties":{"date":"2016-09-12T00:00:00.000Z","year":2016,"description":"DEMO (E) DUPLEX TO CLEAR LOT. SEWER CAP IS REQUIRED.","metadescription":"Bldg-Demolition. 1 or 2 Family Dwelling. DEMO (E) DUPLEX TO CLEAR LOT. SEWER CAP IS REQUIRED.. Permit Finaled. 838-840 N LA JOLLA AVE","address":"838 North La Jolla Avenue, CA, Los Angeles, 90046, US","ct":"1944.02","ev":"N","apc":"Central","cpa":"Hollywood","zone":"R2-1XL","solar":"N","pin_nbr":"141B173    51","use_code":"2","geolocation":"POINT (-118.36789 34.0865)","status_date":"09/19/2016","permit_group":"Building","refresh_time":"06/10/2026","type_lat_lon":"ADDRESS","business_unit":"Plan Check at Counter"},"geometry":{"type":"Point","coordinates":[-118.36789,34.0865]}},{"type":"Feature","properties":{"date":"2016-08-30T00:00:00.000Z","year":2016,"description":"DEMO (E) SFD AND DETACHED GARAGE - SEWER CAP REQUIRED","metadescription":"Bldg-Demolition. 1 or 2 Family Dwelling. DEMO (E) SFD AND DETACHED GARAGE - SEWER CAP REQUIRED. Permit Finaled. 912 N CRESCENT HEIGHTS BLVD","address":"906 North Crescent Heights Boulevard, CA, Los Angeles, 90046, US","ct":"1944.01","ev":"N","apc":"Central","cpa":"Hollywood","zone":"R1-1","solar":"N","pin_nbr":"144B177   419","use_code":"1","geolocation":"POINT (-118.36577 34.08749)","status_date":"02/10/2017","permit_group":"Building","refresh_time":"06/10/2026","type_lat_lon":"ADDRESS","business_unit":"Plan Check at Counter"},"geometry":{"type":"Point","coordinates":[-118.36577,34.08749]}},{"type":"Feature","properties":{"date":"2016-08-04T00:00:00.000Z","year":2016,"description":"DEMOLISH (E) DETACHED GARAGE. DPI AND POSTING UNDER NO. 15019-30000-00624.","metadescription":"Bldg-Demolition. 1 or 2 Family Dwelling. DEMOLISH (E) DETACHED GARAGE. DPI AND POSTING UNDER NO. 15019-30000-00624.. Permit Finaled. 1326 N FAIRFAX AVE","address":"1326 North Fairfax Avenue, CA, Los Angeles, 90046, US","ct":"1898.00","ev":"N","apc":"Central","cpa":"Hollywood","zone":"R2-1XL","solar":"N","pin_nbr":"147B177  1392","use_code":"7","geolocation":"POINT (-118.36135 34.09524)","status_date":"08/19/2016","permit_group":"Building","refresh_time":"06/10/2026","type_lat_lon":"ADDRESS","business_unit":"Plan Check at Counter","square_footage":"0"},"geometry":{"type":"Point","coordinates":[-118.36135,34.09524]}},{"type":"Feature","properties":{"date":"2016-08-01T00:00:00.000Z","year":2016,"description":"DEMOLISH (E) SFD AND DETACHED GARAGE. DPI AND POSTING UNDER NO. 16019-30000-02708, SEWER CAP AND PROTECTION FENCE REQUIRED.","metadescription":"Bldg-Demolition. 1 or 2 Family Dwelling. DEMOLISH (E) SFD AND DETACHED GARAGE. DPI AND POSTING UNDER NO. 16019-30000-02708, SEWER CAP AND PROTECTION FENCE REQUIRED.. Permit Expired. 462 N CROFT AVE","address":"466 North Croft Avenue, CA, Los Angeles, 90048, US","ct":"1945.00","ev":"N","apc":"Central","cpa":"Wilshire","zone":"R1-1-O","solar":"N","height":"0","pin_nbr":"141B173  1147","use_code":"1","geolocation":"POINT (-118.37407 34.07995)","status_date":"04/10/2025","construction":"Type V-B Construction","permit_group":"Building","refresh_time":"06/10/2026","type_lat_lon":"ADDRESS","business_unit":"Plan Check at Counter","square_footage":"0"},"geometry":{"type":"Point","coordinates":[-118.37407,34.07995]}},{"type":"Feature","properties":{"date":"2016-06-20T00:00:00.000Z","year":2016,"description":"DEMO (E) SFD AND GARAGE TO CLEAR LOT. SEWER CAP AND PEDESTRIAN FENCE REQUIRED.","metadescription":"Bldg-Demolition. 1 or 2 Family Dwelling. DEMO (E) SFD AND GARAGE TO CLEAR LOT. SEWER CAP AND PEDESTRIAN FENCE REQUIRED.. Permit Finaled. 369 N ORLANDO AVE","address":"363 North Orlando Avenue, CA, Los Angeles, 90048, US","ct":"1945.00","ev":"N","apc":"Central","cpa":"Wilshire","zone":"R1-1-O","solar":"N","pin_nbr":"138B173    98","use_code":"1","geolocation":"POINT (-118.37328 34.07794)","status_date":"06/24/2016","permit_group":"Building","refresh_time":"06/10/2026","type_lat_lon":"ADDRESS","business_unit":"Plan Check at Counter"},"geometry":{"type":"Point","coordinates":[-118.37328,34.07794]}},{"type":"Feature","properties":{"date":"2016-06-14T00:00:00.000Z","year":2016,"description":"DEMO/REMOVE (E) POOL SHELL AND BACKFILL OF POOL","metadescription":"Grading. 1 or 2 Family Dwelling. DEMO/REMOVE (E) POOL SHELL AND BACKFILL OF POOL. Permit Finaled. 323 N FLORES ST","address":"323 North Flores Street, CA, Los Angeles, 90048, US","ct":"1945.00","ev":"N","apc":"Central","cpa":"Wilshire","zone":"R1-1","solar":"N","pin_nbr":"138B173   335","use_code":"60","geolocation":"POINT (-118.3712 34.0768)","status_date":"09/16/2016","permit_group":"Building","refresh_time":"06/10/2026","type_lat_lon":"ADDRESS","business_unit":"Plan Check at Counter"},"geometry":{"type":"Point","coordinates":[-118.3712,34.0768]}},{"type":"Feature","properties":{"date":"2016-06-14T00:00:00.000Z","year":2016,"description":"DEMO (E) SFD AND DETACHED GARAGE; SEWER CAP IS REQ'D; CLEAR LOT","metadescription":"Bldg-Demolition. 1 or 2 Family Dwelling. DEMO (E) SFD AND DETACHED GARAGE; SEWER CAP IS REQ'D; CLEAR LOT. Permit Finaled. 942 N CRESCENT HEIGHTS BLVD","address":"946 North Crescent Heights Boulevard, CA, Los Angeles, 90046, US","ct":"1944.01","ev":"N","apc":"Central","cpa":"Hollywood","zone":"R1-1","solar":"N","pin_nbr":"144B177   312","use_code":"1","geolocation":"POINT (-118.36577 34.08839)","status_date":"07/18/2016","permit_group":"Building","refresh_time":"06/10/2026","type_lat_lon":"ADDRESS","business_unit":"Plan Check at Counter","square_footage":"0"},"geometry":{"type":"Point","coordinates":[-118.36577,34.08839]}},{"type":"Feature","properties":{"date":"2016-05-26T00:00:00.000Z","year":2016,"description":"DEMOLISH (E) SFD AND DETACHED GARAGE TO CLEAR LOT. DPI AND POSTING UNDER NO. 15019-20000-04716. SEWER CAP AND FENCE REQUIRED.","metadescription":"Bldg-Demolition. 1 or 2 Family Dwelling. DEMOLISH (E) SFD AND DETACHED GARAGE TO CLEAR LOT. DPI AND POSTING UNDER NO. 15019-20000-04716. SEWER CAP AND FENCE REQUIRED.. Permit Finaled. 327 N FLORES ST","address":"327 North Flores Street, CA, Los Angeles, 90048, US","ct":"1945.00","ev":"N","apc":"Central","cpa":"Wilshire","zone":"R1-1","solar":"N","pin_nbr":"138B173   308","use_code":"1","geolocation":"POINT (-118.3712 34.07695)","status_date":"08/16/2016","construction":"Type V-B Construction","permit_group":"Building","refresh_time":"06/10/2026","type_lat_lon":"ADDRESS","business_unit":"Plan Check at Counter","square_footage":"-1848"},"geometry":{"type":"Point","coordinates":[-118.3712,34.07695]}},{"type":"Feature","properties":{"date":"2016-05-16T00:00:00.000Z","year":2016,"description":"DEMO (E) SFD AND DETACHED GARAGE. CLEAR THE LOT","metadescription":"Bldg-Demolition. 1 or 2 Family Dwelling. DEMO (E) SFD AND DETACHED GARAGE. CLEAR THE LOT. Permit Finaled. 441 N SWEETZER AVE","address":"445 North Sweetzer Avenue, CA, Los Angeles, 90048, US","ct":"1945.00","ev":"N","apc":"Central","cpa":"Wilshire","zone":"R1-1","solar":"N","pin_nbr":"141B173  1271","use_code":"1","geolocation":"POINT (-118.37014 34.07931)","status_date":"09/27/2016","permit_group":"Building","refresh_time":"06/10/2026","type_lat_lon":"ADDRESS","business_unit":"Plan Check at Counter","square_footage":"0"},"geometry":{"type":"Point","coordinates":[-118.37014,34.07931]}},{"type":"Feature","properties":{"date":"2016-05-02T00:00:00.000Z","year":2016,"description":"DEMO 18'-8\" X 20' DET. GARAGE.","metadescription":"Bldg-Demolition. 1 or 2 Family Dwelling. DEMO 18'-8\" X 20' DET. GARAGE.. Permit Finaled. 458-460 N LA JOLLA AVE","address":"460 North La Jolla Avenue, CA, Los Angeles, 90048, US","ct":"1945.00","ev":"N","apc":"Central","cpa":"Wilshire","zone":"R1-1","solar":"N","pin_nbr":"141B173  1162","use_code":"7","geolocation":"POINT (-118.36765848 34.07984268)","status_date":"08/24/2016","permit_group":"Building","refresh_time":"06/10/2026","type_lat_lon":"PIN","business_unit":"Plan Check at Counter"},"geometry":{"type":"Point","coordinates":[-118.36765848,34.07984268]}},{"type":"Feature","properties":{"date":"2016-04-25T00:00:00.000Z","year":2016,"description":"Early Start Permit for demolition of interior partitions for two separate area in one building.","metadescription":"Bldg-Alter/Repair. Commercial. Early Start Permit for demolition of interior partitions for two separate area in one building.. Permit Finaled. 116-120 N ROBERTSON BLVD","address":"116 North Robertson Boulevard, CA, Los Angeles, 90048, US","ct":"2149.02","ev":"N","apc":"Central","cpa":"Wilshire","zone":"[Q]C2-1VL-O","solar":"N","pin_nbr":"138B169   244","use_code":"16","geolocation":"POINT (-118.38356 34.0758)","status_date":"10/25/2017","permit_group":"Building","refresh_time":"06/10/2026","type_lat_lon":"ADDRESS","business_unit":"Plan Check at Counter"},"geometry":{"type":"Point","coordinates":[-118.38356,34.0758]}},{"type":"Feature","properties":{"date":"2016-04-04T00:00:00.000Z","year":2016,"description":"Demolition of existing single family dwelling and garage. Clear lot.","metadescription":"Bldg-Demolition. 1 or 2 Family Dwelling. Demolition of existing single family dwelling and garage. Clear lot.. Permit Finaled. 8368 W ROMAINE ST","address":"8368 Romaine Street, CA, West Hollywood, 90069, US","ct":"1944.02","ev":"N","apc":"Central","cpa":"Hollywood","zone":"R1-1","solar":"N","pin_nbr":"144B173   202","use_code":"1","geolocation":"POINT (-118.37283 34.08874)","status_date":"02/23/2017","permit_group":"Building","refresh_time":"06/10/2026","type_lat_lon":"ADDRESS","business_unit":"Plan Check at Counter"},"geometry":{"type":"Point","coordinates":[-118.37283,34.08874]}},{"type":"Feature","properties":{"date":"2016-03-14T00:00:00.000Z","year":2016,"description":"Demolition of (E) SFD with detached garage to clear lot. Site must be fenced in.","metadescription":"Bldg-Demolition. 1 or 2 Family Dwelling. Demolition of (E) SFD with detached garage to clear lot. Site must be fenced in.. Permit Finaled. 323 N FLORES ST","address":"323 North Flores Street, CA, Los Angeles, 90048, US","ct":"1945.00","ev":"N","apc":"Central","cpa":"Wilshire","zone":"R1-1","solar":"N","pin_nbr":"138B173   335","use_code":"1","geolocation":"POINT (-118.3712 34.0768)","status_date":"05/24/2016","permit_group":"Building","refresh_time":"06/10/2026","type_lat_lon":"ADDRESS","business_unit":"Plan Check at Counter","square_footage":"0"},"geometry":{"type":"Point","coordinates":[-118.3712,34.0768]}},{"type":"Feature","properties":{"date":"2016-02-25T00:00:00.000Z","year":2016,"description":"REMODEL EXISTING SFD - DEMO TWO INTERIOR WALLS CONVERT (E) KITCHEN TO LIVING ROOM AND RELOCATE KITCHEN TO FAMILY ROOM;  ADD PARTITION WALL FOR NEW DEN;  CHANGE PORTION OF RAISED FLOOR TO SLAB -ON GRADE FOR SINKING BAR;  CHANGE OUT DOUBLE SWINGING DOORS W/ SIDELIGHT FOR NEW BIFOLDING DOORS. ALL WORK PER ENGINEERING.","metadescription":"Bldg-Alter/Repair. 1 or 2 Family Dwelling. REMODEL EXISTING SFD - DEMO TWO INTERIOR WALLS CONVERT (E) KITCHEN TO LIVING ROOM AND RELOCATE KITCHEN TO FAMILY ROOM;  ADD PARTITION WALL FOR NEW DEN;  CHANGE PORTION OF RAISED FLOOR TO SLAB -ON GRADE FOR SINKING BAR;  CHANGE OUT DOUBLE SWINGING DOORS W/ SIDELIGHT FOR NEW BIFOLDING DOORS. ALL WORK PER ENGINEERING.. Permit Finaled. 1041 N ORLANDO AVE","address":"1041 North Orlando Avenue, CA, West Hollywood, 90069, US","ct":"1944.02","ev":"N","apc":"Central","cpa":"Hollywood","zone":"R1-1","solar":"N","pin_nbr":"144B173   112","use_code":"1","geolocation":"POINT (-118.37342858 34.08997964)","status_date":"11/18/2016","permit_group":"Building","refresh_time":"06/10/2026","type_lat_lon":"BUILDING","business_unit":"Plan Check at Counter"},"geometry":{"type":"Point","coordinates":[-118.37342858,34.08997964]}},{"type":"Feature","properties":{"date":"2016-01-20T00:00:00.000Z","year":2016,"description":"DEMO SFD (52' x 37') & GARAGE (20' x 18') & 3 STORAGE SHEDS.  (11' x 12', 9' x 9', 8' x 9') DEMO BY HANDWRECK, SEWER CAP & FENCE REQUIRED PER DPI 14019-30000-03640 , CLEAR THE LOT.","metadescription":"Bldg-Demolition. 1 or 2 Family Dwelling. DEMO SFD (52' x 37') & GARAGE (20' x 18') & 3 STORAGE SHEDS.  (11' x 12', 9' x 9', 8' x 9') DEMO BY HANDWRECK, SEWER CAP & FENCE REQUIRED PER DPI 14019-30000-03640 , CLEAR THE LOT.. Permit Finaled. 434 N CROFT AVE","address":"440 North Croft Avenue, CA, Los Angeles, 90048, US","ct":"1945.00","ev":"N","apc":"Central","cpa":"Wilshire","zone":"R1-1-O","solar":"N","pin_nbr":"141B173  1307","use_code":"1","geolocation":"POINT (-118.37407 34.07916)","status_date":"01/03/2020","construction":"Type V-B Construction","permit_group":"Building","refresh_time":"06/10/2026","type_lat_lon":"ADDRESS","business_unit":"Plan Check at Counter","square_footage":"0"},"geometry":{"type":"Point","coordinates":[-118.37407,34.07916]}},{"type":"Feature","properties":{"date":"2016-01-05T00:00:00.000Z","year":2016,"description":"DEMO (E) SFD, DETACHED GARAGE AND DETACHED SHED.","metadescription":"Bldg-Demolition. 1 or 2 Family Dwelling. DEMO (E) SFD, DETACHED GARAGE AND DETACHED SHED.. Permit Finaled. 326 N CROFT AVE","address":"324 North Croft Avenue, CA, Los Angeles, 90048, US","ct":"1945.00","ev":"N","apc":"Central","cpa":"Wilshire","zone":"R2-1-O","solar":"N","pin_nbr":"138B173   314","use_code":"1","geolocation":"POINT (-118.37407 34.07684)","status_date":"02/12/2016","permit_group":"Building","refresh_time":"06/10/2026","type_lat_lon":"ADDRESS","business_unit":"Plan Check at Counter"},"geometry":{"type":"Point","coordinates":[-118.37407,34.07684]}},{"type":"Feature","properties":{"date":"2015-12-28T00:00:00.000Z","year":2015,"description":"DEMO EXISTING 2 CAR GARAGE","metadescription":"Bldg-Demolition. 1 or 2 Family Dwelling. DEMO EXISTING 2 CAR GARAGE. Permit Finaled. 1033 N ORLANDO AVE","address":"1033 North Orlando Avenue, CA, West Hollywood, 90069, US","ct":"1944.02","ev":"N","apc":"Central","cpa":"Hollywood","zone":"R1-1","solar":"N","pin_nbr":"144B173   121","use_code":"7","geolocation":"POINT (-118.3733 34.08974)","status_date":"04/02/2016","permit_group":"Building","refresh_time":"06/10/2026","type_lat_lon":"ADDRESS","business_unit":"Plan Check at Counter"},"geometry":{"type":"Point","coordinates":[-118.3733,34.08974]}},{"type":"Feature","properties":{"date":"2015-11-23T00:00:00.000Z","year":2015,"description":"DEMOLISH EXISTING DUPLEX( 51.5'  x  34.5') AND DETACHED 2-CAR GARAGE  ( 22'  x 20').  clear  the  lot  demo  by  handwreck","metadescription":"Bldg-Demolition. 1 or 2 Family Dwelling. DEMOLISH EXISTING DUPLEX( 51.5'  x  34.5') AND DETACHED 2-CAR GARAGE  ( 22'  x 20').  clear  the  lot  demo  by  handwreck. Permit Finaled. 1333 N SIERRA BONITA AVE","address":"1333 North Sierra Bonita Avenue, CA, Los Angeles, 90046, US","ct":"1898.00","ev":"N","apc":"Central","cpa":"Hollywood","zone":"R3-1","solar":"N","pin_nbr":"147B177  1376","use_code":"2","geolocation":"POINT (-118.35409 34.09531)","status_date":"12/21/2017","permit_group":"Building","refresh_time":"06/10/2026","type_lat_lon":"ADDRESS","business_unit":"Plan Check at Counter"},"geometry":{"type":"Point","coordinates":[-118.35409,34.09531]}},{"type":"Feature","properties":{"date":"2015-11-20T00:00:00.000Z","year":2015,"description":"DEMO (E) SFD AND ATTACHED GAR TO CLEAR LOT.  SEWER CAP AND PEDESTRIAN PROTECTION FENCE ARE REQUIRED.","metadescription":"Bldg-Demolition. 1 or 2 Family Dwelling. DEMO (E) SFD AND ATTACHED GAR TO CLEAR LOT.  SEWER CAP AND PEDESTRIAN PROTECTION FENCE ARE REQUIRED.. Permit Finaled. 447 N HARPER AVE","address":"447 North Harper Avenue, CA, Los Angeles, 90048, US","ct":"1945.00","ev":"N","apc":"Central","cpa":"Wilshire","zone":"R2-1","solar":"N","pin_nbr":"141B173  1219","use_code":"1","geolocation":"POINT (-118.36911 34.07958)","status_date":"07/12/2016","permit_group":"Building","refresh_time":"06/10/2026","type_lat_lon":"ADDRESS","business_unit":"Plan Check at Counter"},"geometry":{"type":"Point","coordinates":[-118.36911,34.07958]}},{"type":"Feature","properties":{"date":"2015-10-23T00:00:00.000Z","year":2015,"description":"DEMO SFD AND GARAGE; SEWER CAP IS REQ'D; CLEAR LOT","metadescription":"Bldg-Demolition. 1 or 2 Family Dwelling. DEMO SFD AND GARAGE; SEWER CAP IS REQ'D; CLEAR LOT. Permit Finaled. 943 N LAUREL AVE","address":"947 North Laurel Avenue, CA, Los Angeles, 90046, US","ct":"1944.01","ev":"N","apc":"Central","cpa":"Hollywood","zone":"R1-1","solar":"N","pin_nbr":"144B177   311","use_code":"1","geolocation":"POINT (-118.36498 34.0884)","status_date":"05/19/2016","construction":"Type V-B Construction","permit_group":"Building","refresh_time":"06/10/2026","type_lat_lon":"ADDRESS","business_unit":"Plan Check at Counter","square_footage":"0"},"geometry":{"type":"Point","coordinates":[-118.36498,34.0884]}},{"type":"Feature","properties":{"date":"2015-10-22T00:00:00.000Z","year":2015,"description":"DEMO EXISTING SFD WITH DETACHED GARAGE","metadescription":"Bldg-Demolition. 1 or 2 Family Dwelling. DEMO EXISTING SFD WITH DETACHED GARAGE. Permit Finaled. 829 N ORLANDO AVE","address":"829 North Orlando Avenue, CA, West Hollywood, 90069, US","ct":"1944.02","ev":"N","apc":"Central","cpa":"Hollywood","zone":"R1-1","solar":"N","pin_nbr":"141B173    96","use_code":"1","geolocation":"POINT (-118.37329 34.08625)","status_date":"01/21/2016","permit_group":"Building","refresh_time":"06/10/2026","type_lat_lon":"ADDRESS","business_unit":"Plan Check at Counter","square_footage":"0"},"geometry":{"type":"Point","coordinates":[-118.37329,34.08625]}},{"type":"Feature","properties":{"date":"2015-10-19T00:00:00.000Z","year":2015,"description":"Demo existing detached garage building.  Demo by handwreck, sewer cap is req'd, clear and fence the lot.  DPI#15019-30000-01609.","metadescription":"Bldg-Demolition. Apartment. Demo existing detached garage building.  Demo by handwreck, sewer cap is req'd, clear and fence the lot.  DPI#15019-30000-01609.. Permit Finaled. 138-140 1/2 N SWALL DR","address":"1-14, 138 North Swall Drive, CA, Los Angeles, 90048, US","ct":"2149.01","ev":"N","apc":"Central","cpa":"Wilshire","zone":"R3-1-O","solar":"N","pin_nbr":"138B169   240","use_code":"7","geolocation":"POINT (-118.38569 34.07637)","status_date":"04/26/2016","permit_group":"Building","refresh_time":"06/10/2026","type_lat_lon":"ADDRESS","business_unit":"Plan Check at Counter"},"geometry":{"type":"Point","coordinates":[-118.38569,34.07637]}},{"type":"Feature","properties":{"date":"2015-10-19T00:00:00.000Z","year":2015,"description":"Demo existing detached garage building.  Demo by handwreck, sewer cap is req'd, clear and fence the lot.  DPI#15019-30000-01609.","metadescription":"Bldg-Demolition. Apartment. Demo existing detached garage building.  Demo by handwreck, sewer cap is req'd, clear and fence the lot.  DPI#15019-30000-01609.. Permit Finaled. 138-140 1/2 N SWALL DR","address":"1-14, 138 North Swall Drive, CA, Los Angeles, 90048, US","ct":"2149.01","ev":"N","apc":"Central","cpa":"Wilshire","zone":"R3-1-O","solar":"N","pin_nbr":"138B169   240","use_code":"7","geolocation":"POINT (-118.38569 34.07637)","status_date":"04/26/2016","permit_group":"Building","refresh_time":"06/10/2026","type_lat_lon":"ADDRESS","business_unit":"Plan Check at Counter","square_footage":"0"},"geometry":{"type":"Point","coordinates":[-118.38569,34.07637]}},{"type":"Feature","properties":{"date":"2015-10-19T00:00:00.000Z","year":2015,"description":"DEMOLITION OF A 7-UNIT APARTMENT BLDG.","metadescription":"Bldg-Demolition. Apartment. DEMOLITION OF A 7-UNIT APARTMENT BLDG.. Permit Finaled. 132 N SWALL DR 1-7","address":"1-14, 132 North Swall Drive, CA, Los Angeles, 90048, US","ct":"2149.01","ev":"N","apc":"Central","cpa":"Wilshire","zone":"R3-1-O","solar":"N","pin_nbr":"138B169   260","use_code":"5","geolocation":"POINT (-118.38569 34.07622)","status_date":"04/26/2016","construction":"Type V-B Construction","permit_group":"Building","refresh_time":"06/10/2026","type_lat_lon":"ADDRESS","business_unit":"Plan Check at Counter"},"geometry":{"type":"Point","coordinates":[-118.38569,34.07622]}},{"type":"Feature","properties":{"date":"2015-10-19T00:00:00.000Z","year":2015,"description":"Demo existing 4 unit apartment building.  Demo by handwreck, sewer cap is req'd, clear and fence the lot.  DPI#15019-30000-01609.","metadescription":"Bldg-Demolition. Apartment. Demo existing 4 unit apartment building.  Demo by handwreck, sewer cap is req'd, clear and fence the lot.  DPI#15019-30000-01609.. Permit Finaled. 138 N SWALL DR","address":"1-14, 138 North Swall Drive, CA, Los Angeles, 90048, US","ct":"2149.01","ev":"N","apc":"Central","cpa":"Wilshire","zone":"R3-1-O","solar":"N","pin_nbr":"138B169   240","use_code":"5","geolocation":"POINT (-118.38569 34.07637)","status_date":"04/26/2016","permit_group":"Building","refresh_time":"06/10/2026","type_lat_lon":"ADDRESS","business_unit":"Plan Check at Counter","square_footage":"0"},"geometry":{"type":"Point","coordinates":[-118.38569,34.07637]}},{"type":"Feature","properties":{"date":"2015-09-02T00:00:00.000Z","year":2015,"description":"\"COMPLY WITH DEPARTMENT ORDER effective date 09/17/2014. PERMIT WILL EXPIRE 30 DAYS FROM ISSUANCE DATE\".Demolish existing one story single family dwelling with detached garage to clear the lot","metadescription":"Bldg-Demolition. 1 or 2 Family Dwelling. \"COMPLY WITH DEPARTMENT ORDER effective date 09/17/2014. PERMIT WILL EXPIRE 30 DAYS FROM ISSUANCE DATE\".Demolish existing one story single family dwelling with detached garage to clear the lot. Permit Finaled. 1339 N FULLER AVE","address":"1333 North Fuller Avenue, CA, Los Angeles, 90046, US","ct":"1899.02","ev":"N","apc":"Central","cpa":"Hollywood","zone":"R3-1","solar":"N","pin_nbr":"147B181  1052","use_code":"1","geolocation":"POINT (-118.34973 34.09545)","status_date":"09/18/2015","permit_group":"Building","refresh_time":"06/10/2026","type_lat_lon":"ADDRESS","business_unit":"Plan Check at Counter","square_footage":"0"},"geometry":{"type":"Point","coordinates":[-118.34973,34.09545]}},{"type":"Feature","properties":{"date":"2015-08-20T00:00:00.000Z","year":2015,"description":"DEMO ( E ) TWO-CAR GARAGE BY HAND WRECKING METHOD .","metadescription":"Bldg-Demolition. 1 or 2 Family Dwelling. DEMO ( E ) TWO-CAR GARAGE BY HAND WRECKING METHOD .. Permit Finaled. 459 N LA JOLLA AVE","address":"459 North La Jolla Avenue, CA, Los Angeles, 90048, US","ct":"1945.00","ev":"N","apc":"Central","cpa":"Wilshire","zone":"R1-1","solar":"N","pin_nbr":"141B173  1164","use_code":"7","geolocation":"POINT (-118.36812 34.07989)","status_date":"12/14/2017","permit_group":"Building","refresh_time":"06/10/2026","type_lat_lon":"ADDRESS","business_unit":"Plan Check at Counter"},"geometry":{"type":"Point","coordinates":[-118.36812,34.07989]}},{"type":"Feature","properties":{"date":"2015-08-17T00:00:00.000Z","year":2015,"description":"DEMOLISH EXISTING SFD WITH DETACHED GARAGE AND CLEAR SITE. POSTING COMPLETED 7/16/2015. DEMO TO BE COMPLETED BY HANDWRECKING","metadescription":"Bldg-Demolition. 1 or 2 Family Dwelling. DEMOLISH EXISTING SFD WITH DETACHED GARAGE AND CLEAR SITE. POSTING COMPLETED 7/16/2015. DEMO TO BE COMPLETED BY HANDWRECKING. Permit Finaled. 916 N CRESCENT HEIGHTS BLVD","address":"916 North Crescent Heights Boulevard, CA, Los Angeles, 90046, US","ct":"1944.01","ev":"N","apc":"Central","cpa":"Hollywood","zone":"R1-1","solar":"N","pin_nbr":"144B177   396","use_code":"1","geolocation":"POINT (-118.36577 34.08772)","status_date":"09/18/2015","permit_group":"Building","refresh_time":"06/10/2026","type_lat_lon":"ADDRESS","business_unit":"Plan Check at Counter","square_footage":"0"},"geometry":{"type":"Point","coordinates":[-118.36577,34.08772]}},{"type":"Feature","properties":{"date":"2015-07-10T00:00:00.000Z","year":2015,"description":"Demo detached garage(To be replaced by new garage on 14014-10000-03493).","metadescription":"Bldg-Demolition. 1 or 2 Family Dwelling. Demo detached garage(To be replaced by new garage on 14014-10000-03493).. Permit Finaled. 825 N KILKEA DR","address":"829 North Kilkea Drive, CA, Los Angeles, 90046, US","ct":"1944.02","ev":"N","apc":"Central","cpa":"Hollywood","zone":"R2-1XL","solar":"N","pin_nbr":"141B173   106","use_code":"7","geolocation":"POINT (-118.36709 34.0862)","status_date":"07/17/2015","permit_group":"Building","refresh_time":"06/10/2026","type_lat_lon":"ADDRESS","business_unit":"Plan Check at Counter"},"geometry":{"type":"Point","coordinates":[-118.36709,34.0862]}},{"type":"Feature","properties":{"date":"2015-05-22T00:00:00.000Z","year":2015,"description":"DEMOLITION OF (E) 2,216 ONE STORY STRUCTURE AND DETACHED 400 SQ. FT. GARAGE AND REMOVE POOL.","metadescription":"Bldg-Demolition. 1 or 2 Family Dwelling. DEMOLITION OF (E) 2,216 ONE STORY STRUCTURE AND DETACHED 400 SQ. FT. GARAGE AND REMOVE POOL.. Permit Finaled. 1349 N GARDNER ST","address":"1345 North Gardner Street, CA, Los Angeles, 90046, US","ct":"1899.02","ev":"N","apc":"Central","cpa":"Hollywood","zone":"R3-1","solar":"N","pin_nbr":"147B177  1309","use_code":"1","geolocation":"POINT (-118.35314 34.09582)","status_date":"08/04/2015","construction":"Type V-B Construction","permit_group":"Building","refresh_time":"06/10/2026","type_lat_lon":"ADDRESS","business_unit":"Plan Check at Counter","square_footage":"0"},"geometry":{"type":"Point","coordinates":[-118.35314,34.09582]}},{"type":"Feature","properties":{"date":"2015-05-22T00:00:00.000Z","year":2015,"description":"DEMO POOL. REMOVE SHELL AND BACK FILL WITH CERTIFIED FILL","metadescription":"Grading. 1 or 2 Family Dwelling. DEMO POOL. REMOVE SHELL AND BACK FILL WITH CERTIFIED FILL. Permit Finaled. 1349 N GARDNER ST","address":"1345 North Gardner Street, CA, Los Angeles, 90046, US","ct":"1899.02","ev":"N","apc":"Central","cpa":"Hollywood","zone":"R3-1","solar":"N","pin_nbr":"147B177  1309","use_code":"60","geolocation":"POINT (-118.35314 34.09582)","status_date":"05/24/2016","permit_group":"Building","refresh_time":"06/10/2026","type_lat_lon":"ADDRESS","business_unit":"Plan Check at Counter"},"geometry":{"type":"Point","coordinates":[-118.35314,34.09582]}},{"type":"Feature","properties":{"date":"2015-04-02T00:00:00.000Z","year":2015,"description":"DEMO SFD AND DETACHED GARAGE.  Method of demolition will be by handwreck.  Sewer Cap is required.  Clear Lot.","metadescription":"Bldg-Demolition. 1 or 2 Family Dwelling. DEMO SFD AND DETACHED GARAGE.  Method of demolition will be by handwreck.  Sewer Cap is required.  Clear Lot.. Permit Finaled. 346 N KINGS ROAD","address":"342 North Kings Road, CA, Los Angeles, 90048, US","ct":"1945.00","ev":"N","apc":"Central","cpa":"Wilshire","zone":"R1-1","solar":"N","pin_nbr":"138B173   202","use_code":"1","geolocation":"POINT (-118.37199 34.07739)","status_date":"08/11/2015","permit_group":"Building","refresh_time":"06/10/2026","type_lat_lon":"ADDRESS","business_unit":"Plan Check at Counter","square_footage":"-1167"},"geometry":{"type":"Point","coordinates":[-118.37199,34.07739]}},{"type":"Feature","properties":{"date":"2015-03-27T00:00:00.000Z","year":2015,"description":"SUPLEMENTAL PERMIT OF 14016-20000-02009 TO OMIT ADDITION TO (E) CARPORT, DEMOLISH (E) CARPORT AND REBUILD NEW SAME 18'5\" X 18'4\" CARPORT AT EXISTING LOCATION.  SEE COMMENT.","metadescription":"Bldg-New. 1 or 2 Family Dwelling. SUPLEMENTAL PERMIT OF 14016-20000-02009 TO OMIT ADDITION TO (E) CARPORT, DEMOLISH (E) CARPORT AND REBUILD NEW SAME 18'5\" X 18'4\" CARPORT AT EXISTING LOCATION.  SEE COMMENT.. CofO Issued. 829 N CRESCENT HEIGHTS BLVD","address":"829 North Crescent Heights Boulevard, CA, Los Angeles, 90046, US","ct":"1944.01","ev":"N","apc":"Central","cpa":"Hollywood","zone":"R1-1","solar":"N","height":"10","pin_nbr":"141B177   118","use_code":"7","geolocation":"POINT (-118.36637203 34.08626576)","status_date":"12/09/2015","construction":"Type V-B Construction","permit_group":"Building","refresh_time":"06/10/2026","type_lat_lon":"BUILDING","business_unit":"Plan Check at Counter","square_footage":"0"},"geometry":{"type":"Point","coordinates":[-118.36637203,34.08626576]}},{"type":"Feature","properties":{"date":"2015-03-19T00:00:00.000Z","year":2015,"description":"Demolish existing single family dwelling with detached garage to clear the lot.","metadescription":"Bldg-Demolition. 1 or 2 Family Dwelling. Demolish existing single family dwelling with detached garage to clear the lot.. Permit Finaled. 848 N CRESCENT HEIGHTS BLVD","address":"848 North Crescent Heights Boulevard, CA, Los Angeles, 90046, US","ct":"1944.01","ev":"N","apc":"Central","cpa":"Hollywood","zone":"R1-1","solar":"N","pin_nbr":"144B177   545","use_code":"1","geolocation":"POINT (-118.36576 34.08689)","status_date":"04/23/2015","permit_group":"Building","refresh_time":"06/10/2026","type_lat_lon":"ADDRESS","business_unit":"Plan Check at Counter"},"geometry":{"type":"Point","coordinates":[-118.36576,34.08689]}},{"type":"Feature","properties":{"date":"2015-03-16T00:00:00.000Z","year":2015,"description":"DEMO (E) SFD AND DETACHED GARAGE TO CLEAR LOT. SEWER CAP PERMIT REQUIRED.","metadescription":"Bldg-Demolition. 1 or 2 Family Dwelling. DEMO (E) SFD AND DETACHED GARAGE TO CLEAR LOT. SEWER CAP PERMIT REQUIRED.. Permit Finaled. 333 N CROFT AVE","address":"333 North Croft Avenue, CA, Los Angeles, 90048, US","ct":"1945.00","ev":"N","apc":"Central","cpa":"Wilshire","zone":"R2-1-O","solar":"N","pin_nbr":"138B173   288","use_code":"1","geolocation":"POINT (-118.37439 34.07706)","status_date":"04/21/2015","permit_group":"Building","refresh_time":"06/10/2026","type_lat_lon":"ADDRESS","business_unit":"Plan Check at Counter"},"geometry":{"type":"Point","coordinates":[-118.37439,34.07706]}},{"type":"Feature","properties":{"date":"2015-03-13T00:00:00.000Z","year":2015,"description":"Demolition of SFD with detach garage per Information Bulletin, P/BC 2014-039.  Method of demolition will be by handwreck.  Sewer Cap is required.  Clear Lot.","metadescription":"Bldg-Demolition. 1 or 2 Family Dwelling. Demolition of SFD with detach garage per Information Bulletin, P/BC 2014-039.  Method of demolition will be by handwreck.  Sewer Cap is required.  Clear Lot.. Permit Finaled. 453 N KINGS ROAD","address":"453 North Kings Road, CA, Los Angeles, 90048, US","ct":"1945.00","ev":"N","apc":"Central","cpa":"Wilshire","zone":"R1-1-O","solar":"N","pin_nbr":"141B173  1207","use_code":"1","geolocation":"POINT (-118.37226 34.07969)","status_date":"02/13/2017","permit_group":"Building","refresh_time":"06/10/2026","type_lat_lon":"ADDRESS","business_unit":"Plan Check at Counter","square_footage":"0"},"geometry":{"type":"Point","coordinates":[-118.37226,34.07969]}},{"type":"Feature","properties":{"date":"2015-03-05T00:00:00.000Z","year":2015,"description":"Demolish existing single family dwelling with attached garage at rear of lot","metadescription":"Bldg-Demolition. 1 or 2 Family Dwelling. Demolish existing single family dwelling with attached garage at rear of lot. Permit Finaled. 1325 N MARTEL AVE","address":"1-24, 1319 North Martel Avenue, CA, Los Angeles, 90046, US","ct":"1899.02","ev":"N","apc":"Central","cpa":"Hollywood","zone":"R3-1","solar":"N","pin_nbr":"147B181  1124","use_code":"1","geolocation":"POINT (-118.35075 34.09514)","status_date":"07/20/2015","permit_group":"Building","refresh_time":"06/10/2026","type_lat_lon":"ADDRESS","business_unit":"Plan Check at Counter"},"geometry":{"type":"Point","coordinates":[-118.35075,34.09514]}},{"type":"Feature","properties":{"date":"2015-03-05T00:00:00.000Z","year":2015,"description":"Demo existing garage and storage to clear the lot.","metadescription":"Bldg-Demolition. 1 or 2 Family Dwelling. Demo existing garage and storage to clear the lot.. Permit Finaled. 1319 N MARTEL AVE","address":"1-24, 1319 North Martel Avenue, CA, Los Angeles, 90046, US","ct":"1899.02","ev":"N","apc":"Central","cpa":"Hollywood","zone":"R3-1","solar":"N","pin_nbr":"144B181    48","use_code":"7","geolocation":"POINT (-118.35087 34.09499)","status_date":"07/22/2015","permit_group":"Building","refresh_time":"06/10/2026","type_lat_lon":"ADDRESS","business_unit":"Plan Check at Counter"},"geometry":{"type":"Point","coordinates":[-118.35087,34.09499]}},{"type":"Feature","properties":{"date":"2015-03-05T00:00:00.000Z","year":2015,"description":"Demolish existing duplex at front of lot","metadescription":"Bldg-Demolition. 1 or 2 Family Dwelling. Demolish existing duplex at front of lot. Permit Finaled. 1321-1323 N MARTEL AVE","address":"1-24, 1319 North Martel Avenue, CA, Los Angeles, 90046, US","ct":"1899.02","ev":"N","apc":"Central","cpa":"Hollywood","zone":"R3-1","solar":"N","pin_nbr":"147B181  1124","use_code":"2","geolocation":"POINT (-118.35089 34.09503)","status_date":"07/22/2015","permit_group":"Building","refresh_time":"06/10/2026","type_lat_lon":"ADDRESS","business_unit":"Plan Check at Counter"},"geometry":{"type":"Point","coordinates":[-118.35089,34.09503]}},{"type":"Feature","properties":{"date":"2015-03-03T00:00:00.000Z","year":2015,"description":"DEMO DUPLEX WITH ATTACHED GARAGE.  CLEAR AND FENCE THE LOT.  SEWER CAP REQUIRED.","metadescription":"Bldg-Demolition. 1 or 2 Family Dwelling. DEMO DUPLEX WITH ATTACHED GARAGE.  CLEAR AND FENCE THE LOT.  SEWER CAP REQUIRED.. Permit Finaled. 611 N HARPER AVE","address":"605 North Harper Avenue, CA, Los Angeles, 90048, US","ct":"1944.02","ev":"N","apc":"Central","cpa":"Hollywood","zone":"R1-1","solar":"N","pin_nbr":"141B173   744","use_code":"7","geolocation":"POINT (-118.36918 34.08189)","status_date":"03/02/2017","permit_group":"Building","refresh_time":"06/10/2026","type_lat_lon":"ADDRESS","business_unit":"Plan Check at Counter","square_footage":"0"},"geometry":{"type":"Point","coordinates":[-118.36918,34.08189]}},{"type":"Feature","properties":{"date":"2015-02-20T00:00:00.000Z","year":2015,"description":"EARLY START INTERIOR DEMO -  NONSTRUCTURAL. SEE COMMENTS.","metadescription":"Bldg-Alter/Repair. Commercial. EARLY START INTERIOR DEMO -  NONSTRUCTURAL. SEE COMMENTS.. Permit Expired. 8468 W MELROSE PL","address":"8468 Melrose Place, CA, West Hollywood, 90069, US","ct":"1944.02","ev":"N","apc":"Central","cpa":"Hollywood","zone":"C4-1XL","solar":"N","pin_nbr":"141B173   514","use_code":"16","geolocation":"POINT (-118.37563 34.0834)","status_date":"03/16/2017","permit_group":"Building","refresh_time":"06/10/2026","type_lat_lon":"ADDRESS","business_unit":"Plan Check at Counter"},"geometry":{"type":"Point","coordinates":[-118.37563,34.0834]}},{"type":"Feature","properties":{"date":"2015-01-30T00:00:00.000Z","year":2015,"description":"DEMO (E) SFD, DETACHED GARAGE AND ACCESSORY BLDG TO CLEAR LOT. DEMO PER INFORMATION BULLETIN, P/BC 2011-039.","metadescription":"Bldg-Demolition. 1 or 2 Family Dwelling. DEMO (E) SFD, DETACHED GARAGE AND ACCESSORY BLDG TO CLEAR LOT. DEMO PER INFORMATION BULLETIN, P/BC 2011-039.. Permit Finaled. 523 N HARPER AVE","address":"523 North Harper Avenue, CA, Los Angeles, 90048, US","ct":"1944.02","ev":"N","apc":"Central","cpa":"Hollywood","zone":"R1-1","solar":"N","height":"0","pin_nbr":"141B173   997","use_code":"1","geolocation":"POINT (-118.36918 34.08081)","status_date":"02/19/2015","permit_group":"Building","refresh_time":"06/10/2026","type_lat_lon":"ADDRESS","business_unit":"Plan Check at Counter","square_footage":"0"},"geometry":{"type":"Point","coordinates":[-118.36918,34.08081]}},{"type":"Feature","properties":{"date":"2015-01-30T00:00:00.000Z","year":2015,"description":"DEMO SINGLE FAMILY DWELLING , DETACHED GARAGE  AND  REC. ROOM  BY HAND WRECKING METHOD .  CLEAR SITE AND FENCE LOT . SEWER CAP REQUIRED .","metadescription":"Bldg-Demolition. 1 or 2 Family Dwelling. DEMO SINGLE FAMILY DWELLING , DETACHED GARAGE  AND  REC. ROOM  BY HAND WRECKING METHOD .  CLEAR SITE AND FENCE LOT . SEWER CAP REQUIRED .. Permit Finaled. 838 N ORLANDO AVE","address":"838 North Orlando Avenue, CA, West Hollywood, 90069, US","ct":"1944.02","ev":"N","apc":"Central","cpa":"Hollywood","zone":"R1-1","solar":"N","pin_nbr":"141B173    59","use_code":"1","geolocation":"POINT (-118.37303 34.08657)","status_date":"08/13/2015","construction":"Type V-B Construction","permit_group":"Building","refresh_time":"06/10/2026","type_lat_lon":"ADDRESS","business_unit":"Plan Check at Counter","square_footage":"0"},"geometry":{"type":"Point","coordinates":[-118.37303,34.08657]}},{"type":"Feature","properties":{"date":"2015-01-28T00:00:00.000Z","year":2015,"description":"DEMO (E) SFD AND DETACHED GARAGE, CLEAR LOT.","metadescription":"Bldg-Demolition. 1 or 2 Family Dwelling. DEMO (E) SFD AND DETACHED GARAGE, CLEAR LOT.. Permit Finaled. 527 N HARPER AVE","address":"531 North Harper Avenue, CA, Los Angeles, 90048, US","ct":"1944.02","ev":"N","apc":"Central","cpa":"Hollywood","zone":"R1-1","solar":"N","pin_nbr":"141B173   971","use_code":"1","geolocation":"POINT (-118.36918 34.08092)","status_date":"02/28/2015","permit_group":"Building","refresh_time":"06/10/2026","type_lat_lon":"ADDRESS","business_unit":"Plan Check at Counter","square_footage":"0"},"geometry":{"type":"Point","coordinates":[-118.36918,34.08092]}},{"type":"Feature","properties":{"date":"2015-01-28T00:00:00.000Z","year":2015,"description":"DEMO (E) SFD AND DETCHED GARAGE,  CLEAR LOT","metadescription":"Bldg-Demolition. 1 or 2 Family Dwelling. DEMO (E) SFD AND DETCHED GARAGE,  CLEAR LOT. Permit Expired. 460 N KINGS ROAD","address":"462 North Kings Road, CA, Los Angeles, 90048, US","ct":"1945.00","ev":"N","apc":"Central","cpa":"Wilshire","zone":"R1-1","solar":"N","pin_nbr":"141B173  1181","use_code":"1","geolocation":"POINT (-118.372 34.07982)","status_date":"02/21/2017","permit_group":"Building","refresh_time":"06/10/2026","type_lat_lon":"ADDRESS","business_unit":"Plan Check at Counter","square_footage":"0"},"geometry":{"type":"Point","coordinates":[-118.372,34.07982]}},{"type":"Feature","properties":{"date":"2015-01-23T00:00:00.000Z","year":2015,"description":"Demolition of s.f.d. and detached garage to clear the lot per I/B 2014-039.  Sewer cap is required.","metadescription":"Bldg-Demolition. 1 or 2 Family Dwelling. Demolition of s.f.d. and detached garage to clear the lot per I/B 2014-039.  Sewer cap is required.. Permit Finaled. 451 N HARPER AVE","address":"455 North Harper Avenue, CA, Los Angeles, 90048, US","ct":"1945.00","ev":"N","apc":"Central","cpa":"Wilshire","zone":"R2-1","solar":"N","pin_nbr":"141B173  1194","use_code":"1","geolocation":"POINT (-118.36911 34.07971)","status_date":"02/26/2015","construction":"Type V-B Construction","permit_group":"Building","refresh_time":"06/10/2026","type_lat_lon":"ADDRESS","business_unit":"Plan Check at Counter","square_footage":"0"},"geometry":{"type":"Point","coordinates":[-118.36911,34.07971]}},{"type":"Feature","properties":{"date":"2015-01-07T00:00:00.000Z","year":2015,"description":"Demolition of detached recreation room over garage to clear lot. Demolition of Duplex under permit no. 15019-30000-00048.","metadescription":"Bldg-Demolition. 1 or 2 Family Dwelling. Demolition of detached recreation room over garage to clear lot. Demolition of Duplex under permit no. 15019-30000-00048.. Permit Finaled. 617-619 N HARPER AVE","address":"619 North Harper Avenue, CA, Los Angeles, 90048, US","ct":"1944.02","ev":"N","apc":"Central","cpa":"Hollywood","zone":"R1-1","solar":"N","pin_nbr":"141B173   737","use_code":"7","geolocation":"POINT (-118.36919 34.08204)","status_date":"07/22/2017","construction":"Type V-B Construction","permit_group":"Building","refresh_time":"06/10/2026","type_lat_lon":"ADDRESS","business_unit":"Plan Check at Counter","square_footage":"0"},"geometry":{"type":"Point","coordinates":[-118.36919,34.08204]}},{"type":"Feature","properties":{"date":"2015-01-07T00:00:00.000Z","year":2015,"description":"Demolition of one story duplex to clear lot. Existing separate accessory structure (recreation room over garage) to be demolished under permit no. 15019-30000-00049.","metadescription":"Bldg-Demolition. 1 or 2 Family Dwelling. Demolition of one story duplex to clear lot. Existing separate accessory structure (recreation room over garage) to be demolished under permit no. 15019-30000-00049.. Permit Finaled. 617-619 N HARPER AVE","address":"619 North Harper Avenue, CA, Los Angeles, 90048, US","ct":"1944.02","ev":"N","apc":"Central","cpa":"Hollywood","zone":"R1-1","solar":"N","pin_nbr":"141B173   737","use_code":"2","geolocation":"POINT (-118.36919 34.08204)","status_date":"07/22/2017","construction":"Type V-B Construction","permit_group":"Building","refresh_time":"06/10/2026","type_lat_lon":"ADDRESS","business_unit":"Plan Check at Counter","square_footage":"0"},"geometry":{"type":"Point","coordinates":[-118.36919,34.08204]}},{"type":"Feature","properties":{"date":"2015-01-05T00:00:00.000Z","year":2015,"description":"DEMO (E) ONE STORY RESTAURANT PER I/B 2014-039;   SEWER CAP IS REQUIRED;  PEDESTRIAN PROTECTION FENCE IS REQUIRED.","metadescription":"Bldg-Demolition. Commercial. DEMO (E) ONE STORY RESTAURANT PER I/B 2014-039;   SEWER CAP IS REQUIRED;  PEDESTRIAN PROTECTION FENCE IS REQUIRED.. Permit Expired. 478 N LA CIENEGA BLVD","address":"478 North La Cienega Boulevard, CA, Los Angeles, 90048, US","ct":"1945.00","ev":"N","apc":"Central","cpa":"Wilshire","zone":"C2-1VL-O","solar":"N","pin_nbr":"141B173  1158","use_code":"17","geolocation":"POINT (-118.37634 34.08002)","status_date":"01/27/2017","construction":"Type V-B Construction","permit_group":"Building","refresh_time":"06/10/2026","type_lat_lon":"ADDRESS","business_unit":"Plan Check at Counter","square_footage":"0"},"geometry":{"type":"Point","coordinates":[-118.37634,34.08002]}},{"type":"Feature","properties":{"date":"2014-12-31T00:00:00.000Z","year":2014,"description":"Demo existing SFD and detached 2 car garage.","metadescription":"Bldg-Demolition. 1 or 2 Family Dwelling. Demo existing SFD and detached 2 car garage.. Permit Finaled. 402 N FLORES ST","address":"402 North Flores Street, CA, Los Angeles, 90048, US","ct":"1945.00","ev":"N","apc":"Central","cpa":"Wilshire","zone":"R1-1","solar":"N","pin_nbr":"138B173    60","use_code":"1","geolocation":"POINT (-118.37094 34.07835)","status_date":"03/05/2015","permit_group":"Building","refresh_time":"06/10/2026","type_lat_lon":"ADDRESS","business_unit":"Plan Check at Counter","square_footage":"0"},"geometry":{"type":"Point","coordinates":[-118.37094,34.07835]}},{"type":"Feature","properties":{"date":"2014-12-17T00:00:00.000Z","year":2014,"description":"DEMO (E) SFD & DETACHED GARAGE TO CLEAR LOT","metadescription":"Bldg-Demolition. 1 or 2 Family Dwelling. DEMO (E) SFD & DETACHED GARAGE TO CLEAR LOT. Permit Finaled. 362 N CROFT AVE","address":"356 North Croft Avenue, CA, Los Angeles, 90048, US","ct":"1945.00","ev":"N","apc":"Central","cpa":"Wilshire","zone":"R2-1-O","solar":"N","pin_nbr":"138B173   128","use_code":"1","geolocation":"POINT (-118.37407 34.07779)","status_date":"08/03/2016","permit_group":"Building","refresh_time":"06/10/2026","type_lat_lon":"ADDRESS","business_unit":"Plan Check at Counter","square_footage":"0"},"geometry":{"type":"Point","coordinates":[-118.37407,34.07779]}},{"type":"Feature","properties":{"date":"2014-12-11T00:00:00.000Z","year":2014,"description":"DEMO SFD AND DETACHED GARAGE.  Method of demolition will be by handwreck.  Sewer Cap is required.   Clear Lot.","metadescription":"Bldg-Demolition. 1 or 2 Family Dwelling. DEMO SFD AND DETACHED GARAGE.  Method of demolition will be by handwreck.  Sewer Cap is required.   Clear Lot.. Permit Finaled. 424 N KINGS ROAD","address":"430 North Kings Road, CA, Los Angeles, 90048, US","ct":"1945.00","ev":"N","apc":"Central","cpa":"Wilshire","zone":"R1-1","solar":"N","pin_nbr":"141B173  1354","use_code":"1","geolocation":"POINT (-118.372 34.07889)","status_date":"04/01/2015","permit_group":"Building","refresh_time":"06/10/2026","type_lat_lon":"ADDRESS","business_unit":"Plan Check at Counter","square_footage":"0"},"geometry":{"type":"Point","coordinates":[-118.372,34.07889]}},{"type":"Feature","properties":{"date":"2014-12-05T00:00:00.000Z","year":2014,"description":"DEMO (E) SFD AND DETACHED GARAGE TO CLEAR LOT.  SEWER CAP IS REQUIRED.","metadescription":"Bldg-Demolition. 1 or 2 Family Dwelling. DEMO (E) SFD AND DETACHED GARAGE TO CLEAR LOT.  SEWER CAP IS REQUIRED.. Permit Finaled. 424 N FLORES ST","address":"424 North Flores Street, CA, Los Angeles, 90048, US","ct":"1945.00","ev":"N","apc":"Central","cpa":"Wilshire","zone":"R1-1","solar":"N","pin_nbr":"141B173  1352","use_code":"1","geolocation":"POINT (-118.37094 34.0789)","status_date":"10/09/2015","permit_group":"Building","refresh_time":"06/10/2026","type_lat_lon":"ADDRESS","business_unit":"Plan Check at Counter"},"geometry":{"type":"Point","coordinates":[-118.37094,34.0789]}},{"type":"Feature","properties":{"date":"2014-10-23T00:00:00.000Z","year":2014,"description":"TO DEMO DUPLEX AND DETACHED GARAGE, CLEAR LOT. SEWER CAP AND PROTECTION FENCE  ARE REQUIRED. DEMO BY HAND WRECKING AND DOZER.","metadescription":"Bldg-Demolition. 1 or 2 Family Dwelling. TO DEMO DUPLEX AND DETACHED GARAGE, CLEAR LOT. SEWER CAP AND PROTECTION FENCE  ARE REQUIRED. DEMO BY HAND WRECKING AND DOZER.. Permit Finaled. 824-826 N LA JOLLA AVE","address":"824 North La Jolla Avenue, CA, Los Angeles, 90046, US","ct":"1944.02","ev":"N","apc":"Central","cpa":"Hollywood","zone":"R2-1XL","solar":"N","pin_nbr":"141B173   108","use_code":"2","geolocation":"POINT (-118.36788 34.08609)","status_date":"12/10/2014","permit_group":"Building","refresh_time":"06/10/2026","type_lat_lon":"ADDRESS","business_unit":"Plan Check at Counter"},"geometry":{"type":"Point","coordinates":[-118.36788,34.08609]}},{"type":"Feature","properties":{"date":"2014-10-23T00:00:00.000Z","year":2014,"description":"EARLY  START  PERMIT  .   DEMO  OF  NON BEARING  PARTITIONS  AS  SHOWN  ON  SHEET  A-2","metadescription":"Bldg-Alter/Repair. Commercial. EARLY  START  PERMIT  .   DEMO  OF  NON BEARING  PARTITIONS  AS  SHOWN  ON  SHEET  A-2. Permit Finaled. 705 N ALFRED ST 1-2","address":"1-3, 705 Alfred Street, CA, West Hollywood, 90069, US","ct":"1944.02","ev":"N","apc":"Central","cpa":"Hollywood","zone":"C4-1XL","solar":"N","pin_nbr":"141B173   423","use_code":"16","geolocation":"POINT (-118.3755 34.08391)","status_date":"11/06/2015","permit_group":"Building","refresh_time":"06/10/2026","type_lat_lon":"ADDRESS","business_unit":"Plan Check at Counter"},"geometry":{"type":"Point","coordinates":[-118.3755,34.08391]}},{"type":"Feature","properties":{"date":"2014-10-14T00:00:00.000Z","year":2014,"description":"TO DEMOLISH SFD AND DETACHED GARAGE, CLEAR LOT. SEWER CAP AND PROTECTION FENCE ARE REQUIRED. DEMO BY DOZER AND HAND WRECKING.","metadescription":"Bldg-Demolition. 1 or 2 Family Dwelling. TO DEMOLISH SFD AND DETACHED GARAGE, CLEAR LOT. SEWER CAP AND PROTECTION FENCE ARE REQUIRED. DEMO BY DOZER AND HAND WRECKING.. Permit Finaled. 519 N HARPER AVE","address":"523 North Harper Avenue, CA, Los Angeles, 90048, US","ct":"1944.02","ev":"N","apc":"Central","cpa":"Hollywood","zone":"R1-1","solar":"N","pin_nbr":"141B173  1010","use_code":"1","geolocation":"POINT (-118.36918 34.0807)","status_date":"02/24/2015","permit_group":"Building","refresh_time":"06/10/2026","type_lat_lon":"ADDRESS","business_unit":"Plan Check at Counter"},"geometry":{"type":"Point","coordinates":[-118.36918,34.0807]}},{"type":"Feature","properties":{"date":"2014-08-07T00:00:00.000Z","year":2014,"description":"DEMO EXISTING 1 STORY SFD. (EXISTING DETACHED GARAGE TO REMAIN) (N) SFD UNDER 14010-10000-00884","metadescription":"Bldg-Demolition. 1 or 2 Family Dwelling. DEMO EXISTING 1 STORY SFD. (EXISTING DETACHED GARAGE TO REMAIN) (N) SFD UNDER 14010-10000-00884. Permit Finaled. 800 N ORLANDO AVE","address":"800 North Orlando Avenue, CA, West Hollywood, 90069, US","ct":"1944.02","ev":"N","apc":"Central","cpa":"Hollywood","zone":"R1-1","solar":"N","height":"0","pin_nbr":"141B173   187","use_code":"1","geolocation":"POINT (-118.37302 34.08557)","status_date":"09/04/2014","construction":"Type V-B Construction","permit_group":"Building","refresh_time":"06/10/2026","type_lat_lon":"ADDRESS","business_unit":"Plan Check at Counter","square_footage":"0"},"geometry":{"type":"Point","coordinates":[-118.37302,34.08557]}},{"type":"Feature","properties":{"date":"2014-06-18T00:00:00.000Z","year":2014,"description":"DEMOLITION OF EXISTING HOUSE (1566 SQ. FT.) AND DETACHED GARAGE (500 SQ. FT.) BY HANDWRECKING; CLEAR LOT","metadescription":"Bldg-Demolition. 1 or 2 Family Dwelling. DEMOLITION OF EXISTING HOUSE (1566 SQ. FT.) AND DETACHED GARAGE (500 SQ. FT.) BY HANDWRECKING; CLEAR LOT. Permit Finaled. 932 N CRESCENT HEIGHTS BLVD","address":"932 North Crescent Heights Boulevard, CA, Los Angeles, 90046, US","ct":"1944.01","ev":"N","apc":"Central","cpa":"Hollywood","zone":"R1-1","solar":"N","height":"0","pin_nbr":"144B177   330","use_code":"1","geolocation":"POINT (-118.36577 34.08812)","status_date":"02/17/2016","construction":"Type V-B Construction","permit_group":"Building","refresh_time":"06/10/2026","type_lat_lon":"ADDRESS","business_unit":"Plan Check at Counter","square_footage":"0"},"geometry":{"type":"Point","coordinates":[-118.36577,34.08812]}},{"type":"Feature","properties":{"date":"2014-06-12T00:00:00.000Z","year":2014,"description":"DEMOLISH EXISTING 1-STORY SINGLE FAMILY DWELLING & DETACHED GARAGE BY HANDWRECKING METHOD. FENCE AND CLEAR LOT. SEWER CAP REQUIRED.","metadescription":"Bldg-Demolition. 1 or 2 Family Dwelling. DEMOLISH EXISTING 1-STORY SINGLE FAMILY DWELLING & DETACHED GARAGE BY HANDWRECKING METHOD. FENCE AND CLEAR LOT. SEWER CAP REQUIRED.. Permit Finaled. 347 N KINGS ROAD","address":"341 North Kings Road, CA, Los Angeles, 90048, US","ct":"1945.00","ev":"N","apc":"Central","cpa":"Wilshire","zone":"R1-1-O","solar":"N","pin_nbr":"138B173   203","use_code":"1","geolocation":"POINT (-118.37233 34.07739)","status_date":"09/22/2014","construction":"Type V-B Construction","permit_group":"Building","refresh_time":"06/10/2026","type_lat_lon":"ADDRESS","business_unit":"Plan Check at Counter","square_footage":"0"},"geometry":{"type":"Point","coordinates":[-118.37233,34.07739]}},{"type":"Feature","properties":{"date":"2014-04-29T00:00:00.000Z","year":2014,"description":"SUPPLEMENTAL TO 14019-10000-00455 TO CHANGE THE METHOD OF DEMOLITION FROM HANDWRECKING TO DOZER.","metadescription":"Nonbldg-Alter/Repair. 1 or 2 Family Dwelling. SUPPLEMENTAL TO 14019-10000-00455 TO CHANGE THE METHOD OF DEMOLITION FROM HANDWRECKING TO DOZER.. Permit Finaled. 601 N HARPER AVE","address":"601 North Harper Avenue, CA, Los Angeles, 90048, US","ct":"1944.02","ev":"N","apc":"Central","cpa":"Hollywood","zone":"R1-1","solar":"N","pin_nbr":"141B173   819","use_code":"23","geolocation":"POINT (-118.36918 34.0817)","status_date":"06/13/2014","permit_group":"Building","refresh_time":"06/10/2026","type_lat_lon":"ADDRESS","business_unit":"Plan Check at Counter"},"geometry":{"type":"Point","coordinates":[-118.36918,34.0817]}},{"type":"Feature","properties":{"date":"2014-04-03T00:00:00.000Z","year":2014,"description":"DEMO DUPLEX 2170S.F. AND ATTACHED GARAGE. DEMO BY HANDWRECK.  SEWER CAP IS REQUIRED PER DPI #14019-10000-00364. CLEAR LOT.","metadescription":"Bldg-Demolition. 1 or 2 Family Dwelling. DEMO DUPLEX 2170S.F. AND ATTACHED GARAGE. DEMO BY HANDWRECK.  SEWER CAP IS REQUIRED PER DPI #14019-10000-00364. CLEAR LOT.. Permit Finaled. 601 N HARPER AVE","address":"601 North Harper Avenue, CA, Los Angeles, 90048, US","ct":"1944.02","ev":"N","apc":"Central","cpa":"Hollywood","zone":"R1-1","solar":"N","pin_nbr":"141B173   819","use_code":"2","geolocation":"POINT (-118.36918 34.0817)","status_date":"06/13/2014","permit_group":"Building","refresh_time":"06/10/2026","type_lat_lon":"ADDRESS","business_unit":"Plan Check at Counter","square_footage":"0"},"geometry":{"type":"Point","coordinates":[-118.36918,34.0817]}},{"type":"Feature","properties":{"date":"2014-03-21T00:00:00.000Z","year":2014,"description":"DEMOLISH EXISTING 1-STORY SINGLE FAMILY DWELLING AND DETACHED GARAGE BY HANDWRECKING METHOD. FENCE AND CLEAR LOT. SEWER CAP REQUIRED.","metadescription":"Bldg-Demolition. 1 or 2 Family Dwelling. DEMOLISH EXISTING 1-STORY SINGLE FAMILY DWELLING AND DETACHED GARAGE BY HANDWRECKING METHOD. FENCE AND CLEAR LOT. SEWER CAP REQUIRED.. Permit Finaled. 115 N LAPEER DR","address":"115 North Lapeer Drive, CA, Los Angeles, 90048, US","ct":"2149.01","ev":"N","apc":"Central","cpa":"Wilshire","zone":"R1-1-O","solar":"N","pin_nbr":"138B169   316","use_code":"1","geolocation":"POINT (-118.38691 34.07566)","status_date":"03/09/2015","construction":"Type V-B Construction","permit_group":"Building","refresh_time":"06/10/2026","type_lat_lon":"ADDRESS","business_unit":"Plan Check at Counter","square_footage":"0"},"geometry":{"type":"Point","coordinates":[-118.38691,34.07566]}},{"type":"Feature","properties":{"date":"2014-03-14T00:00:00.000Z","year":2014,"description":"Supplement to 14016-30000-03727 to demolish existing bathroom on first floor. Add new bathroom on first floor.  Revise bathroom layout of 3 bathrooms on  second floor.","metadescription":"Bldg-Alter/Repair. 1 or 2 Family Dwelling. Supplement to 14016-30000-03727 to demolish existing bathroom on first floor. Add new bathroom on first floor.  Revise bathroom layout of 3 bathrooms on  second floor.. Permit Finaled. 459 N CROFT AVE","address":"459 North Croft Avenue, CA, Los Angeles, 90048, US","ct":"1945.00","ev":"N","apc":"Central","cpa":"Wilshire","zone":"R1-1-O","solar":"N","pin_nbr":"141B173  1178","use_code":"1","geolocation":"POINT (-118.37435 34.07983)","status_date":"05/27/2015","permit_group":"Building","refresh_time":"06/10/2026","type_lat_lon":"ADDRESS","business_unit":"Plan Check at Counter"},"geometry":{"type":"Point","coordinates":[-118.37435,34.07983]}},{"type":"Feature","properties":{"date":"2014-03-14T00:00:00.000Z","year":2014,"description":"TO DEMO SFD AND DETACHED GARAGE. DPI PERMIT, 14019-20000-0052. SEWER CAP AND PROTECTION FENCE ARE REQUIRED. DEMO BY HAND WRECKING OR DOZER.","metadescription":"Bldg-Demolition. 1 or 2 Family Dwelling. TO DEMO SFD AND DETACHED GARAGE. DPI PERMIT, 14019-20000-0052. SEWER CAP AND PROTECTION FENCE ARE REQUIRED. DEMO BY HAND WRECKING OR DOZER.. Permit Finaled. 918 N ORLANDO AVE","address":"910 North Orlando Avenue, CA, West Hollywood, 90069, US","ct":"1944.02","ev":"N","apc":"Central","cpa":"Hollywood","zone":"R1-1","solar":"N","pin_nbr":"144B173   314","use_code":"1","geolocation":"POINT (-118.37303 34.08754)","status_date":"01/09/2015","permit_group":"Building","refresh_time":"06/10/2026","type_lat_lon":"ADDRESS","business_unit":"Plan Check at Counter","square_footage":"0"},"geometry":{"type":"Point","coordinates":[-118.37303,34.08754]}},{"type":"Feature","properties":{"date":"2014-02-05T00:00:00.000Z","year":2014,"description":"SUPPLEMENTAL PERMIT--Change of address and legal description. Original address and permit number is 13019-10000-03176.***No fee , Dept Error.***","metadescription":"Bldg-Demolition. 1 or 2 Family Dwelling. SUPPLEMENTAL PERMIT--Change of address and legal description. Original address and permit number is 13019-10000-03176.***No fee , Dept Error.***. Permit Finaled. 122 N LAPEER DR","address":"122 North Lapeer Drive, CA, Los Angeles, 90048, US","ct":"2149.01","ev":"N","apc":"Central","cpa":"Wilshire","zone":"R1-1-O","solar":"N","height":"0","pin_nbr":"138B169   288","use_code":"1","geolocation":"POINT (-118.38667 34.07593)","status_date":"11/10/2014","permit_group":"Building","refresh_time":"06/10/2026","type_lat_lon":"ADDRESS","business_unit":"Plan Check at Counter","square_footage":"0"},"geometry":{"type":"Point","coordinates":[-118.38667,34.07593]}},{"type":"Feature","properties":{"date":"2014-02-03T00:00:00.000Z","year":2014,"description":"EARLY START DEMOLITION TO REMOVE INTERIOR NON-STRUCTURAL WALLS PER P/BS 2011-097 FOR (E) RETAIL STORE (ALL PLUMBING FIXTURES TO REMAIN)","metadescription":"Bldg-Alter/Repair. Commercial. EARLY START DEMOLITION TO REMOVE INTERIOR NON-STRUCTURAL WALLS PER P/BS 2011-097 FOR (E) RETAIL STORE (ALL PLUMBING FIXTURES TO REMAIN). Issued. 113 S ROBERTSON BLVD","address":"113 South Robertson Boulevard, CA, Los Angeles, 90048, US","ct":"2149.01","ev":"N","apc":"Central","cpa":"Wilshire","zone":"[Q]C2-1VL-O","solar":"N","pin_nbr":"138B169   418","use_code":"16","geolocation":"POINT (-118.3839 34.0748)","status_date":"02/03/2014","permit_group":"Building","refresh_time":"06/10/2026","type_lat_lon":"ADDRESS","business_unit":"Plan Check at Counter"},"geometry":{"type":"Point","coordinates":[-118.3839,34.0748]}},{"type":"Feature","properties":{"date":"2014-01-24T00:00:00.000Z","year":2014,"description":"DEMOLISH EXISTING 1-STORY SINGLE FAMILY DWELLING BY HANDWRECKING METHOD. FENCE AND CLEAR LOT. SEWER CAP REQUIRED.","metadescription":"Bldg-Demolition. 1 or 2 Family Dwelling. DEMOLISH EXISTING 1-STORY SINGLE FAMILY DWELLING BY HANDWRECKING METHOD. FENCE AND CLEAR LOT. SEWER CAP REQUIRED.. Permit Finaled. 926 N CRESCENT HEIGHTS BLVD","address":"926 North Crescent Heights Boulevard, CA, Los Angeles, 90046, US","ct":"1944.01","ev":"N","apc":"Central","cpa":"Hollywood","zone":"R1-1","solar":"N","pin_nbr":"144B177   346","use_code":"1","geolocation":"POINT (-118.36577 34.08798)","status_date":"07/24/2014","construction":"Type V-B Construction","permit_group":"Building","refresh_time":"06/10/2026","type_lat_lon":"ADDRESS","business_unit":"Plan Check at Counter","square_footage":"0"},"geometry":{"type":"Point","coordinates":[-118.36577,34.08798]}},{"type":"Feature","properties":{"date":"2014-01-08T00:00:00.000Z","year":2014,"description":"(EARLY START DEMO) FOR (E) RETAIL.  Removal of drywall and electrical fixtures.","metadescription":"Bldg-Alter/Repair. Commercial. (EARLY START DEMO) FOR (E) RETAIL.  Removal of drywall and electrical fixtures.. Permit Finaled. 651-653 N LA CIENEGA BLVD","address":"651 North La Cienega Boulevard, CA, West Hollywood, 90069, US","ct":"1944.02","ev":"N","apc":"Central","cpa":"Hollywood","zone":"[Q]C4-2D","solar":"N","pin_nbr":"141B173   496","use_code":"16","geolocation":"POINT (-118.37676 34.08342)","status_date":"09/02/2014","permit_group":"Building","refresh_time":"06/10/2026","type_lat_lon":"ADDRESS","business_unit":"Plan Check at Counter"},"geometry":{"type":"Point","coordinates":[-118.37676,34.08342]}},{"type":"Feature","properties":{"date":"2014-01-06T00:00:00.000Z","year":2014,"description":"interior demo, int. non-bearing walls and refinish and patch. (early start demo)","metadescription":"Bldg-Alter/Repair. Commercial. interior demo, int. non-bearing walls and refinish and patch. (early start demo). Permit Expired. 401 N LA CIENEGA BLVD","address":"401 North La Cienega Boulevard, CA, Los Angeles, 90048, US","ct":"1945.00","ev":"N","apc":"Central","cpa":"Wilshire","zone":"C2-1VL-O","solar":"N","pin_nbr":"141B173  1372","use_code":"17","geolocation":"POINT (-118.37677 34.07877)","status_date":"01/29/2016","permit_group":"Building","refresh_time":"06/10/2026","type_lat_lon":"ADDRESS","business_unit":"Plan Check at Counter"},"geometry":{"type":"Point","coordinates":[-118.37677,34.07877]}},{"type":"Feature","properties":{"date":"2014-01-06T00:00:00.000Z","year":2014,"description":"EARLY START, NON-STRUCTURAL  DEMO","metadescription":"Bldg-Alter/Repair. Commercial. EARLY START, NON-STRUCTURAL  DEMO. Permit Expired. 100 S ROBERTSON BLVD","address":"100 South Robertson Boulevard, CA, Los Angeles, 90048, US","ct":"2149.02","ev":"N","apc":"Central","cpa":"Wilshire","zone":"[Q]C2-1VL-O","solar":"N","pin_nbr":"138B169   373","use_code":"16","geolocation":"POINT (-118.38359 34.0751)","status_date":"01/29/2016","permit_group":"Building","refresh_time":"06/10/2026","type_lat_lon":"ADDRESS","business_unit":"Plan Check at Counter"},"geometry":{"type":"Point","coordinates":[-118.38359,34.0751]}},{"type":"Feature","properties":{"date":"2013-12-27T00:00:00.000Z","year":2013,"description":"Demo (e) garage 18'6\"x18'6\".","metadescription":"Bldg-Demolition. 1 or 2 Family Dwelling. Demo (e) garage 18'6\"x18'6\".. Permit Finaled. 435 N HARPER AVE","address":"435 North Harper Avenue, CA, Los Angeles, 90048, US","ct":"1945.00","ev":"N","apc":"Central","cpa":"Wilshire","zone":"R2-1","solar":"N","pin_nbr":"141B173  1296","use_code":"7","geolocation":"POINT (-118.36917 34.07917)","status_date":"09/19/2015","permit_group":"Building","refresh_time":"06/10/2026","type_lat_lon":"ADDRESS","business_unit":"Plan Check at Counter","square_footage":"0"},"geometry":{"type":"Point","coordinates":[-118.36917,34.07917]}},{"type":"Feature","properties":{"date":"2013-12-17T00:00:00.000Z","year":2013,"description":"DEMO (E) DETACHED GARAGE. SEE COMMENTS.","metadescription":"Bldg-Demolition. 1 or 2 Family Dwelling. DEMO (E) DETACHED GARAGE. SEE COMMENTS.. Permit Finaled. 8340 W ROSEWOOD AVE","address":"8340 Rosewood Avenue, CA, Los Angeles, 90048, US","ct":"1945.00","ev":"N","apc":"Central","cpa":"Wilshire","zone":"R1-1","solar":"N","pin_nbr":"141B173  1127","use_code":"7","geolocation":"POINT (-118.37156 34.08)","status_date":"09/12/2014","permit_group":"Building","refresh_time":"06/10/2026","type_lat_lon":"ADDRESS","business_unit":"Plan Check at Counter"},"geometry":{"type":"Point","coordinates":[-118.37156,34.08]}},{"type":"Feature","properties":{"date":"2013-12-16T00:00:00.000Z","year":2013,"description":"Demolition of Duplex and Detach Garage (sfd 36' x 74' and garage 20'x 18').  Method of demolition will be by handwreck.  Sewer Cap is required.  Clear Lot.","metadescription":"Bldg-Demolition. 1 or 2 Family Dwelling. Demolition of Duplex and Detach Garage (sfd 36' x 74' and garage 20'x 18').  Method of demolition will be by handwreck.  Sewer Cap is required.  Clear Lot.. Permit Finaled. 844 N HARPER AVE","address":"844 North Harper Avenue, CA, Los Angeles, 90046, US","ct":"1944.02","ev":"N","apc":"Central","cpa":"Hollywood","zone":"R2-1XL","solar":"N","pin_nbr":"141B173    37","use_code":"2","geolocation":"POINT (-118.36895 34.08662)","status_date":"01/16/2014","permit_group":"Building","refresh_time":"06/10/2026","type_lat_lon":"ADDRESS","business_unit":"Plan Check at Counter","square_footage":"-360"},"geometry":{"type":"Point","coordinates":[-118.36895,34.08662]}},{"type":"Feature","properties":{"date":"2013-12-03T00:00:00.000Z","year":2013,"description":"DEMOLITION OF (E) SFD AND DETACHED GARAGE TO CLEAR THE LOT.","metadescription":"Bldg-Demolition. 1 or 2 Family Dwelling. DEMOLITION OF (E) SFD AND DETACHED GARAGE TO CLEAR THE LOT.. Permit Finaled. 336 N FLORES ST","address":"332 North Flores Street, CA, Los Angeles, 90048, US","ct":"1945.00","ev":"N","apc":"Central","cpa":"Wilshire","zone":"R1-1","solar":"N","pin_nbr":"138B173   254","use_code":"1","geolocation":"POINT (-118.37093 34.07712)","status_date":"01/24/2014","permit_group":"Building","refresh_time":"06/10/2026","type_lat_lon":"ADDRESS","business_unit":"Plan Check at Counter"},"geometry":{"type":"Point","coordinates":[-118.37093,34.07712]}},{"type":"Feature","properties":{"date":"2013-11-04T00:00:00.000Z","year":2013,"description":"demo sfd and detached garage,  clear lot","metadescription":"Bldg-Demolition. 1 or 2 Family Dwelling. demo sfd and detached garage,  clear lot. Permit Finaled. 343 N ORLANDO AVE","address":"337 North Orlando Avenue, CA, Los Angeles, 90048, US","ct":"1945.00","ev":"N","apc":"Central","cpa":"Wilshire","zone":"R1-1-O","solar":"N","pin_nbr":"138B173   232","use_code":"1","geolocation":"POINT (-118.37328 34.07725)","status_date":"04/01/2014","permit_group":"Building","refresh_time":"06/10/2026","type_lat_lon":"ADDRESS","business_unit":"Plan Check at Counter","square_footage":"0"},"geometry":{"type":"Point","coordinates":[-118.37328,34.07725]}},{"type":"Feature","properties":{"date":"2013-10-30T00:00:00.000Z","year":2013,"description":"EARLY START DEMO FOR EXISTING NONSTRUCTURALS FLOORING, WALL PANELS AND FIREPLACE","metadescription":"Bldg-Alter/Repair. Commercial. EARLY START DEMO FOR EXISTING NONSTRUCTURALS FLOORING, WALL PANELS AND FIREPLACE. Permit Finaled. 8420 W MELROSE PL","address":"8420 Melrose Place, CA, West Hollywood, 90069, US","ct":"1944.02","ev":"N","apc":"Central","cpa":"Hollywood","zone":"C4-1XL","solar":"N","pin_nbr":"141B173   503","use_code":"16","geolocation":"POINT (-118.3741 34.08348)","status_date":"08/01/2014","permit_group":"Building","refresh_time":"06/10/2026","type_lat_lon":"ADDRESS","business_unit":"Plan Check at Counter"},"geometry":{"type":"Point","coordinates":[-118.3741,34.08348]}},{"type":"Feature","properties":{"date":"2013-10-10T00:00:00.000Z","year":2013,"description":"EARLY START DEMO/SOFT DEMO OF NON STRUCTURAL. REMOVE CEILING, FINISHES, MILLWORK","metadescription":"Bldg-Alter/Repair. Commercial. EARLY START DEMO/SOFT DEMO OF NON STRUCTURAL. REMOVE CEILING, FINISHES, MILLWORK. Permit Finaled. 8442 W MELROSE PL","address":"8442 Melrose Place, CA, West Hollywood, 90069, US","ct":"1944.02","ev":"N","apc":"Central","cpa":"Hollywood","zone":"C4-1XL","solar":"N","pin_nbr":"141B173   508","use_code":"16","geolocation":"POINT (-118.37474 34.08341)","status_date":"05/07/2014","permit_group":"Building","refresh_time":"06/10/2026","type_lat_lon":"ADDRESS","business_unit":"Plan Check at Counter"},"geometry":{"type":"Point","coordinates":[-118.37474,34.08341]}},{"type":"Feature","properties":{"date":"2013-10-01T00:00:00.000Z","year":2013,"description":"SUPPLEMENTAL PERMIT TO 13019-20000-02256 TO REVISE WORK DESCRIPTION (DEMOLITION METHOD) FROM HAND-WRECKING TO DOZER/LAODING WRECKING FOR BUILDING FOUNDATION AND REMAINING CONCRETE SLAB. CHANGE OF OWNER'S NAME.","metadescription":"Bldg-Demolition. 1 or 2 Family Dwelling. SUPPLEMENTAL PERMIT TO 13019-20000-02256 TO REVISE WORK DESCRIPTION (DEMOLITION METHOD) FROM HAND-WRECKING TO DOZER/LAODING WRECKING FOR BUILDING FOUNDATION AND REMAINING CONCRETE SLAB. CHANGE OF OWNER'S NAME.. Permit Finaled. 353 N ORLANDO AVE","address":"353 North Orlando Avenue, CA, Los Angeles, 90048, US","ct":"1945.00","ev":"N","apc":"Central","cpa":"Wilshire","zone":"R1-1-O","solar":"N","height":"0","pin_nbr":"138B173   180","use_code":"1","geolocation":"POINT (-118.37328 34.07753)","status_date":"11/08/2013","permit_group":"Building","refresh_time":"06/10/2026","type_lat_lon":"ADDRESS","business_unit":"Plan Check at Counter","square_footage":"0"},"geometry":{"type":"Point","coordinates":[-118.37328,34.07753]}},{"type":"Feature","properties":{"date":"2013-09-24T00:00:00.000Z","year":2013,"description":"DEMO (E) SFD & DETACHED GARAGE TO CLEAR LOT","metadescription":"Bldg-Demolition. 1 or 2 Family Dwelling. DEMO (E) SFD & DETACHED GARAGE TO CLEAR LOT. Permit Finaled. 363 N SWEETZER AVE","address":"363 North Sweetzer Avenue, CA, Los Angeles, 90048, US","ct":"1945.00","ev":"N","apc":"Central","cpa":"Wilshire","zone":"R1-1","solar":"N","pin_nbr":"138B173   121","use_code":"1","geolocation":"POINT (-118.37014 34.07781)","status_date":"12/22/2014","permit_group":"Building","refresh_time":"06/10/2026","type_lat_lon":"ADDRESS","business_unit":"Plan Check at Counter","square_footage":"0"},"geometry":{"type":"Point","coordinates":[-118.37014,34.07781]}},{"type":"Feature","properties":{"date":"2013-09-17T00:00:00.000Z","year":2013,"description":"Demolition of an existing sfd with detached garage and recreation room  by hand wreck method. Clear and fence lot. Sewer cap required. Backfill of swimming pool under 13030-10000-05178. SPI under 13019-100000-01683","metadescription":"Bldg-Demolition. 1 or 2 Family Dwelling. Demolition of an existing sfd with detached garage and recreation room  by hand wreck method. Clear and fence lot. Sewer cap required. Backfill of swimming pool under 13030-10000-05178. SPI under 13019-100000-01683. Permit Finaled. 1003 N CRESCENT HEIGHTS BLVD","address":"1001 North Crescent Heights Boulevard, CA, Los Angeles, 90046, US","ct":"1944.01","ev":"N","apc":"Central","cpa":"Hollywood","zone":"R4-1","solar":"N","height":"0","pin_nbr":"144B177   283","use_code":"1","geolocation":"POINT (-118.36611 34.08889)","status_date":"09/26/2013","permit_group":"Building","refresh_time":"06/10/2026","type_lat_lon":"ADDRESS","business_unit":"Plan Check at Counter","square_footage":"0"},"geometry":{"type":"Point","coordinates":[-118.36611,34.08889]}},{"type":"Feature","properties":{"date":"2013-08-30T00:00:00.000Z","year":2013,"description":"DEMOLITION OF (E) GARAGE, 20'X18' BY HANDWRECK METHOD.","metadescription":"Bldg-Demolition. 1 or 2 Family Dwelling. DEMOLITION OF (E) GARAGE, 20'X18' BY HANDWRECK METHOD.. Permit Finaled. 401 N CROFT AVE","address":"401 North Croft Avenue, CA, Los Angeles, 90048, US","ct":"1945.00","ev":"N","apc":"Central","cpa":"Wilshire","zone":"R1-1-O","solar":"N","pin_nbr":"138B173    68","use_code":"7","geolocation":"POINT (-118.37434 34.07833)","status_date":"05/23/2015","permit_group":"Building","refresh_time":"06/10/2026","type_lat_lon":"ADDRESS","business_unit":"Plan Check at Counter","square_footage":"0"},"geometry":{"type":"Point","coordinates":[-118.37434,34.07833]}},{"type":"Feature","properties":{"date":"2013-08-27T00:00:00.000Z","year":2013,"description":"demolish (e) sfd and detached garage; hand wrecking method; clear lot.","metadescription":"Bldg-Demolition. 1 or 2 Family Dwelling. demolish (e) sfd and detached garage; hand wrecking method; clear lot.. Permit Finaled. 353 N ORLANDO AVE","address":"353 North Orlando Avenue, CA, Los Angeles, 90048, US","ct":"1945.00","ev":"N","apc":"Central","cpa":"Wilshire","zone":"R1-1-O","solar":"N","height":"0","pin_nbr":"138B173   180","use_code":"1","geolocation":"POINT (-118.37328 34.07753)","status_date":"06/06/2014","construction":"Type V-B Construction","permit_group":"Building","refresh_time":"06/10/2026","type_lat_lon":"ADDRESS","business_unit":"Plan Check at Counter","square_footage":"0"},"geometry":{"type":"Point","coordinates":[-118.37328,34.07753]}},{"type":"Feature","properties":{"date":"2013-08-12T00:00:00.000Z","year":2013,"description":"DEMOLISH (E) 1-STORY DUPLEX (APPROX 1,994 SF) AND (E) DETACHED 1-STORY CARPORT (APPROX 400 SF), FENCE AND SEWER CAP REQ'D.","metadescription":"Bldg-Demolition. 1 or 2 Family Dwelling. DEMOLISH (E) 1-STORY DUPLEX (APPROX 1,994 SF) AND (E) DETACHED 1-STORY CARPORT (APPROX 400 SF), FENCE AND SEWER CAP REQ'D.. Permit Finaled. 855 N KILKEA DR","address":"855 North Kilkea Drive, CA, Los Angeles, 90046, US","ct":"1944.02","ev":"N","apc":"Central","cpa":"Hollywood","zone":"R2-1XL","solar":"N","height":"0","pin_nbr":"144B173   391","use_code":"2","geolocation":"POINT (-118.36709 34.08695)","status_date":"08/22/2013","construction":"Type V-B Construction","permit_group":"Building","refresh_time":"06/10/2026","type_lat_lon":"ADDRESS","business_unit":"Plan Check at Counter","square_footage":"0"},"geometry":{"type":"Point","coordinates":[-118.36709,34.08695]}},{"type":"Feature","properties":{"date":"2013-08-08T00:00:00.000Z","year":2013,"description":"TENANT IMPROVEMENT TO 2 EXISTING RETAIL SPACE [AREA OF WORK 8245SF] : DEMO ALL EXISTING NON-BEARING PARTITIONS & RESTROOMS.  ADD ADA RESTROOMS IN EACH RETAIL SPACE AND REPLACE EXTERIOR WITH NEW STOREFRONT.","metadescription":"Bldg-Alter/Repair. Commercial. TENANT IMPROVEMENT TO 2 EXISTING RETAIL SPACE [AREA OF WORK 8245SF] : DEMO ALL EXISTING NON-BEARING PARTITIONS & RESTROOMS.  ADD ADA RESTROOMS IN EACH RETAIL SPACE AND REPLACE EXTERIOR WITH NEW STOREFRONT.. Permit Expired. 8431 W MELROSE PL","address":"8431 Melrose Place, CA, West Hollywood, 90069, US","ct":"1944.02","ev":"N","apc":"Central","cpa":"Hollywood","zone":"C4-1XL","solar":"N","pin_nbr":"141B173   417","use_code":"16","geolocation":"POINT (-118.37442 34.08376)","status_date":"09/02/2015","permit_group":"Building","refresh_time":"06/10/2026","type_lat_lon":"ADDRESS","business_unit":"Regular Plan Check","square_footage":"0"},"geometry":{"type":"Point","coordinates":[-118.37442,34.08376]}},{"type":"Feature","properties":{"date":"2013-07-11T00:00:00.000Z","year":2013,"description":"DEMOLISH ONE-STORY DUPLEX (51' X 32') AND DETACHED GARAGE (18' X 22').","metadescription":"Bldg-Demolition. 1 or 2 Family Dwelling. DEMOLISH ONE-STORY DUPLEX (51' X 32') AND DETACHED GARAGE (18' X 22').. Permit Finaled. 843 N GENESEE AVE","address":"843 North Genesee Avenue, CA, Los Angeles, 90046, US","ct":"1920.02","ev":"N","apc":"Central","cpa":"Hollywood","zone":"R2-1XL","solar":"N","pin_nbr":"141B177    50","use_code":"2","geolocation":"POINT (-118.35855 34.08657)","status_date":"09/30/2013","permit_group":"Building","refresh_time":"06/10/2026","type_lat_lon":"ADDRESS","business_unit":"Plan Check at Counter","square_footage":"0"},"geometry":{"type":"Point","coordinates":[-118.35855,34.08657]}},{"type":"Feature","properties":{"date":"2013-07-02T00:00:00.000Z","year":2013,"description":"DEMO (E) SFD AND DETACHED GARAGE","metadescription":"Bldg-Demolition. 1 or 2 Family Dwelling. DEMO (E) SFD AND DETACHED GARAGE. Permit Finaled. 429 N LA JOLLA AVE","address":"429 North La Jolla Avenue, CA, Los Angeles, 90048, US","ct":"1945.00","ev":"N","apc":"Central","cpa":"Wilshire","zone":"R1-1","solar":"N","pin_nbr":"141B173  1319","use_code":"1","geolocation":"POINT (-118.36811 34.07907)","status_date":"12/05/2013","permit_group":"Building","refresh_time":"06/10/2026","type_lat_lon":"ADDRESS","business_unit":"Plan Check at Counter"},"geometry":{"type":"Point","coordinates":[-118.36811,34.07907]}},{"type":"Feature","properties":{"date":"2013-07-02T00:00:00.000Z","year":2013,"description":"Demolition of SFD and detach garage.  Clear Lot.  Method of demolition will be by handwreck.  Sewer cap and fence for pedestrian protection are required.","metadescription":"Bldg-Demolition. 1 or 2 Family Dwelling. Demolition of SFD and detach garage.  Clear Lot.  Method of demolition will be by handwreck.  Sewer cap and fence for pedestrian protection are required.. Permit Finaled. 755 N ORLANDO AVE","address":"755 North Orlando Avenue, CA, West Hollywood, 90069, US","ct":"1944.02","ev":"N","apc":"Central","cpa":"Hollywood","zone":"R1-1","solar":"N","pin_nbr":"141B173   225","use_code":"1","geolocation":"POINT (-118.37337 34.08514)","status_date":"08/05/2013","permit_group":"Building","refresh_time":"06/10/2026","type_lat_lon":"ADDRESS","business_unit":"Plan Check at Counter","square_footage":"-350"},"geometry":{"type":"Point","coordinates":[-118.37337,34.08514]}},{"type":"Feature","properties":{"date":"2013-07-01T00:00:00.000Z","year":2013,"description":"Demolition of SFD and Detach garage.  Clear lot.  Method of demolition is by handwreck.  Sewer cap and fence for pedestrian protection is required.","metadescription":"Bldg-Demolition. 1 or 2 Family Dwelling. Demolition of SFD and Detach garage.  Clear lot.  Method of demolition is by handwreck.  Sewer cap and fence for pedestrian protection is required.. Permit Finaled. 749 N ORLANDO AVE","address":"755 North Orlando Avenue, CA, West Hollywood, 90069, US","ct":"1944.02","ev":"N","apc":"Central","cpa":"Hollywood","zone":"R1-1","solar":"N","pin_nbr":"141B173   249","use_code":"1","geolocation":"POINT (-118.3733 34.0851)","status_date":"08/05/2013","permit_group":"Building","refresh_time":"06/10/2026","type_lat_lon":"ADDRESS","business_unit":"Plan Check at Counter","square_footage":"-1424"},"geometry":{"type":"Point","coordinates":[-118.3733,34.0851]}},{"type":"Feature","properties":{"date":"2013-06-26T00:00:00.000Z","year":2013,"description":"DEMO 2-STORY  4-UNIT APT.  HANDWRECK, CLEAR LOT AND FENCE.","metadescription":"Bldg-Demolition. Apartment. DEMO 2-STORY  4-UNIT APT.  HANDWRECK, CLEAR LOT AND FENCE.. Permit Finaled. 115 N CLARK DR","address":"1-8, 109 North Clark Drive, CA, Los Angeles, 90048, US","ct":"2149.01","ev":"N","apc":"Central","cpa":"Wilshire","zone":"R3-1-O","solar":"N","pin_nbr":"138B169   319","use_code":"5","geolocation":"POINT (-118.38497 34.07569)","status_date":"10/07/2013","permit_group":"Building","refresh_time":"06/10/2026","type_lat_lon":"ADDRESS","business_unit":"Plan Check at Counter"},"geometry":{"type":"Point","coordinates":[-118.38497,34.07569]}},{"type":"Feature","properties":{"date":"2013-06-26T00:00:00.000Z","year":2013,"description":"DEMO 1-STORY GARAGE,  ACC TO APT.  HANDWRECK, CLEAR LOT AND FENCE.","metadescription":"Bldg-Demolition. Apartment. DEMO 1-STORY GARAGE,  ACC TO APT.  HANDWRECK, CLEAR LOT AND FENCE.. Permit Finaled. 115 N CLARK DR","address":"1-8, 109 North Clark Drive, CA, Los Angeles, 90048, US","ct":"2149.01","ev":"N","apc":"Central","cpa":"Wilshire","zone":"R3-1-O","solar":"N","pin_nbr":"138B169   319","use_code":"7","geolocation":"POINT (-118.38497 34.07569)","status_date":"09/20/2013","permit_group":"Building","refresh_time":"06/10/2026","type_lat_lon":"ADDRESS","business_unit":"Plan Check at Counter"},"geometry":{"type":"Point","coordinates":[-118.38497,34.07569]}},{"type":"Feature","properties":{"date":"2013-06-03T00:00:00.000Z","year":2013,"description":"Early start Demolition.","metadescription":"Bldg-Alter/Repair. Commercial. Early start Demolition.. Permit Finaled. 915 N LA CIENEGA BLVD","address":"917 North La Cienega Boulevard, CA, West Hollywood, 90069, US","ct":"1944.02","ev":"N","apc":"Central","cpa":"Hollywood","zone":"[Q]C4-2D","solar":"N","pin_nbr":"144B173   361","use_code":"16","geolocation":"POINT (-118.37659 34.08734)","status_date":"02/25/2014","permit_group":"Building","refresh_time":"06/10/2026","type_lat_lon":"ADDRESS","business_unit":"Plan Check at Counter"},"geometry":{"type":"Point","coordinates":[-118.37659,34.08734]}},{"type":"Feature","properties":{"date":"2013-05-09T00:00:00.000Z","year":2013,"description":"Demo SFD and detach Garage.  Clear Lot.  Method of demolition will by handwreck.  Sewer Cap and Pedestrian Protection are required.","metadescription":"Bldg-Demolition. 1 or 2 Family Dwelling. Demo SFD and detach Garage.  Clear Lot.  Method of demolition will by handwreck.  Sewer Cap and Pedestrian Protection are required.. Permit Finaled. 915 N CRESCENT HEIGHTS BLVD","address":"915 North Crescent Heights Boulevard, CA, Los Angeles, 90046, US","ct":"1944.01","ev":"N","apc":"Central","cpa":"Hollywood","zone":"R1-1","solar":"N","pin_nbr":"144B177   422","use_code":"1","geolocation":"POINT (-118.36603 34.08758)","status_date":"04/16/2014","permit_group":"Building","refresh_time":"06/10/2026","type_lat_lon":"ADDRESS","business_unit":"Plan Check at Counter","square_footage":"0"},"geometry":{"type":"Point","coordinates":[-118.36603,34.08758]}},{"type":"Feature","properties":{"date":"2013-04-17T00:00:00.000Z","year":2013,"description":"DEMOLISH (E) 1-STORY SFD (APPROX 1600 SF) AND (E) 1-STORY DETACHED GARAGE (APPROX 350 SF), TO CLEAR THE LOT, SEWER CAP REQ'D.  (SEE COMMENTS)","metadescription":"Bldg-Demolition. 1 or 2 Family Dwelling. DEMOLISH (E) 1-STORY SFD (APPROX 1600 SF) AND (E) 1-STORY DETACHED GARAGE (APPROX 350 SF), TO CLEAR THE LOT, SEWER CAP REQ'D.  (SEE COMMENTS). Permit Finaled. 327 N KINGS ROAD","address":"323 North Kings Road, CA, Los Angeles, 90048, US","ct":"1945.00","ev":"N","apc":"Central","cpa":"Wilshire","zone":"R1-1-O","solar":"N","height":"0","pin_nbr":"138B173   310","use_code":"1","geolocation":"POINT (-118.37226 34.07684)","status_date":"05/15/2013","construction":"Type V-B Construction","permit_group":"Building","refresh_time":"06/10/2026","type_lat_lon":"ADDRESS","business_unit":"Plan Check at Counter","square_footage":"0"},"geometry":{"type":"Point","coordinates":[-118.37226,34.07684]}},{"type":"Feature","properties":{"date":"2013-02-22T00:00:00.000Z","year":2013,"description":"DEMOLISH EXISTING SFD (27' X 74')  AND DETACHED 2-CAR GARAGE (18' X 18') VIA HANDWRECKING METHOD. CLEAR LOT. SEWER CAP REQUIRED.","metadescription":"Bldg-Demolition. 1 or 2 Family Dwelling. DEMOLISH EXISTING SFD (27' X 74')  AND DETACHED 2-CAR GARAGE (18' X 18') VIA HANDWRECKING METHOD. CLEAR LOT. SEWER CAP REQUIRED.. Permit Finaled. 429 N KINGS ROAD","address":"429 North Kings Road, CA, Los Angeles, 90048, US","ct":"1945.00","ev":"N","apc":"Central","cpa":"Wilshire","zone":"R1-1-O","solar":"N","height":"0","pin_nbr":"141B173  1329","use_code":"7","geolocation":"POINT (-118.37226 34.07903)","status_date":"03/21/2013","construction":"Type V-B Construction","permit_group":"Building","refresh_time":"06/10/2026","type_lat_lon":"ADDRESS","business_unit":"Plan Check at Counter","square_footage":"0"},"geometry":{"type":"Point","coordinates":[-118.37226,34.07903]}},{"type":"Feature","properties":{"date":"2013-01-24T00:00:00.000Z","year":2013,"description":"DEMO (E) SFD AND DETACHED GARAGE TO CLEAR THE LOT","metadescription":"Bldg-Demolition. 1 or 2 Family Dwelling. DEMO (E) SFD AND DETACHED GARAGE TO CLEAR THE LOT. Permit Finaled. 901 N LAUREL AVE","address":"901 North Laurel Avenue, CA, Los Angeles, 90046, US","ct":"1944.00","ev":"N","apc":"Central","cpa":"Hollywood","zone":"R1-1","solar":"N","pin_nbr":"144B177   466","use_code":"1","geolocation":"POINT (-118.36497 34.08731)","status_date":"04/05/2013","permit_group":"Building","refresh_time":"06/10/2026","type_lat_lon":"ADDRESS","business_unit":"Plan Check at Counter"},"geometry":{"type":"Point","coordinates":[-118.36497,34.08731]}},{"type":"Feature","properties":{"date":"2013-01-10T00:00:00.000Z","year":2013,"description":"EARLY START DEMOLITION PERMIT TO REMOVE NON BEARING PARTITIONS.","metadescription":"Bldg-Alter/Repair. Commercial. EARLY START DEMOLITION PERMIT TO REMOVE NON BEARING PARTITIONS.. Permit Finaled. 8445 W MELROSE PL","address":"8445 Melrose Place, CA, West Hollywood, 90069, US","ct":"1944.02","ev":"N","apc":"Central","cpa":"Hollywood","zone":"C4-1XL","solar":"N","pin_nbr":"141B173   420","use_code":"16","geolocation":"POINT (-118.37476 34.08375)","status_date":"12/04/2013","permit_group":"Building","refresh_time":"06/10/2026","type_lat_lon":"ADDRESS","business_unit":"Plan Check at Counter"},"geometry":{"type":"Point","coordinates":[-118.37476,34.08375]}},{"type":"Feature","properties":{"date":"2012-12-27T00:00:00.000Z","year":2012,"description":"DEMO PERMIT FOR SINGLE FAMILY DWELLING & DETACHED GARAGE AND SHED; CLEAR LOT; HANDWRECKING METHOD; SEWER CAP AND FENCE REQUIRE.","metadescription":"Bldg-Demolition. 1 or 2 Family Dwelling. DEMO PERMIT FOR SINGLE FAMILY DWELLING & DETACHED GARAGE AND SHED; CLEAR LOT; HANDWRECKING METHOD; SEWER CAP AND FENCE REQUIRE.. Permit Finaled. 8455 W OAKWOOD AVE","address":"8455 Oakwood Avenue, CA, Los Angeles, 90048, US","ct":"1945.00","ev":"N","apc":"Central","cpa":"Wilshire","zone":"R2-1-O","solar":"N","pin_nbr":"138B173    69","use_code":"1","geolocation":"POINT (-118.37477 34.07823)","status_date":"01/24/2013","permit_group":"Building","refresh_time":"06/10/2026","type_lat_lon":"ADDRESS","business_unit":"Plan Check at Counter","square_footage":"0"},"geometry":{"type":"Point","coordinates":[-118.37477,34.07823]}},{"type":"Feature","properties":{"date":"2012-11-21T00:00:00.000Z","year":2012,"description":"DEMO (E) SFD AND DETACHED GARAGE","metadescription":"Bldg-Demolition. 1 or 2 Family Dwelling. DEMO (E) SFD AND DETACHED GARAGE. Permit Finaled. 944 N LAUREL AVE","address":"942 North Laurel Avenue, CA, Los Angeles, 90046, US","ct":"1944.00","ev":"N","apc":"Central","cpa":"Hollywood","zone":"R1-1","solar":"N","pin_nbr":"144B177   301","use_code":"1","geolocation":"POINT (-118.36471 34.08844)","status_date":"12/14/2012","permit_group":"Building","refresh_time":"06/10/2026","type_lat_lon":"ADDRESS","business_unit":"Plan Check at Counter"},"geometry":{"type":"Point","coordinates":[-118.36471,34.08844]}},{"type":"Feature","properties":{"date":"2012-11-20T00:00:00.000Z","year":2012,"description":"DEMOLISH (E) 1-STORY DETACHED GARAGE, APPROX 800 SF (SEE COMMENTS).","metadescription":"Bldg-Demolition. Apartment. DEMOLISH (E) 1-STORY DETACHED GARAGE, APPROX 800 SF (SEE COMMENTS).. Permit Finaled. 119-121 1/2 N CLARK DR","address":"1-19, 121 North Clark Drive, CA, Los Angeles, 90048, US","ct":"2149.01","ev":"N","apc":"Central","cpa":"Wilshire","zone":"R3-1-O","solar":"N","height":"0","pin_nbr":"138B169   304","use_code":"7","geolocation":"POINT (-118.38497 34.07582)","status_date":"09/20/2013","construction":"Type V-B Construction","permit_group":"Building","refresh_time":"06/10/2026","type_lat_lon":"ADDRESS","business_unit":"Plan Check at Counter","square_footage":"0"},"geometry":{"type":"Point","coordinates":[-118.38497,34.07582]}},{"type":"Feature","properties":{"date":"2012-11-20T00:00:00.000Z","year":2012,"description":"DEMOLISH (E) 2-STORY, 4-UNIT (119, 119 1/2, 121, & 121 1/2) APARTMENT BLDG (APPROX 3,700 SF); FENCE, CANOPY, & SEWER CAP REQ'D. (SEE COMMENTS)","metadescription":"Bldg-Demolition. Apartment. DEMOLISH (E) 2-STORY, 4-UNIT (119, 119 1/2, 121, & 121 1/2) APARTMENT BLDG (APPROX 3,700 SF); FENCE, CANOPY, & SEWER CAP REQ'D. (SEE COMMENTS). Permit Finaled. 119-121 1/2 N CLARK DR","address":"1-19, 121 North Clark Drive, CA, Los Angeles, 90048, US","ct":"2149.01","ev":"N","apc":"Central","cpa":"Wilshire","zone":"R3-1-O","solar":"N","height":"0","pin_nbr":"138B169   304","use_code":"5","geolocation":"POINT (-118.38497 34.07582)","status_date":"10/07/2013","construction":"Type V-B Construction","permit_group":"Building","refresh_time":"06/10/2026","type_lat_lon":"ADDRESS","business_unit":"Plan Check at Counter","square_footage":"0"},"geometry":{"type":"Point","coordinates":[-118.38497,34.07582]}},{"type":"Feature","properties":{"date":"2012-11-07T00:00:00.000Z","year":2012,"description":"DEMO (E) SFD AND DETACHED ACCESSORY LIVING QUARTERS. POOL TO REMAIN ON SITE. SEE COMMENTS.","metadescription":"Bldg-Demolition. 1 or 2 Family Dwelling. DEMO (E) SFD AND DETACHED ACCESSORY LIVING QUARTERS. POOL TO REMAIN ON SITE. SEE COMMENTS.. Permit Finaled. 910 N ORLANDO AVE","address":"900 North Orlando Avenue, CA, West Hollywood, 90069, US","ct":"1944.02","ev":"N","apc":"Central","cpa":"Hollywood","zone":"R1-1","solar":"N","pin_nbr":"144B173   342","use_code":"1","geolocation":"POINT (-118.37303 34.08733)","status_date":"11/06/2013","permit_group":"Building","refresh_time":"06/10/2026","type_lat_lon":"ADDRESS","business_unit":"Plan Check at Counter"},"geometry":{"type":"Point","coordinates":[-118.37303,34.08733]}},{"type":"Feature","properties":{"date":"2012-10-29T00:00:00.000Z","year":2012,"description":"EARLY START DEMOLITION TO REMOVE (E) BAR AND EQUIPMENT, WALL FINISHES, FLOORING, & CLG. ACOUSTICS IN DINING AREA. NO CHANGE OF USE.","metadescription":"Bldg-Alter/Repair. Commercial. EARLY START DEMOLITION TO REMOVE (E) BAR AND EQUIPMENT, WALL FINISHES, FLOORING, & CLG. ACOUSTICS IN DINING AREA. NO CHANGE OF USE.. Permit Finaled. 861 N LA CIENEGA BLVD","address":"861 North La Cienega Boulevard, CA, West Hollywood, 90069, US","ct":"1944.02","ev":"N","apc":"Central","cpa":"Hollywood","zone":"[Q]C4-2D","solar":"N","pin_nbr":"144B173   404","use_code":"17","geolocation":"POINT (-118.37659 34.08698)","status_date":"05/27/2014","permit_group":"Building","refresh_time":"06/10/2026","type_lat_lon":"ADDRESS","business_unit":"Plan Check at Counter"},"geometry":{"type":"Point","coordinates":[-118.37659,34.08698]}},{"type":"Feature","properties":{"date":"2012-10-15T00:00:00.000Z","year":2012,"description":"Demo (e) sfd and detached garage to clear the lot. Handwrecking method","metadescription":"Bldg-Demolition. 1 or 2 Family Dwelling. Demo (e) sfd and detached garage to clear the lot. Handwrecking method. Permit Finaled. 441 N ALFRED ST 1-2","address":"1-2, 441 North Alfred Street, CA, Los Angeles, 90048, US","ct":"1945.00","ev":"N","apc":"Central","cpa":"Wilshire","zone":"R2-1-O","solar":"N","pin_nbr":"141B173  1282","use_code":"1","geolocation":"POINT (-118.37555 34.07928)","status_date":"01/18/2013","permit_group":"Building","refresh_time":"06/10/2026","type_lat_lon":"ADDRESS","business_unit":"Plan Check at Counter","square_footage":"0"},"geometry":{"type":"Point","coordinates":[-118.37555,34.07928]}},{"type":"Feature","properties":{"date":"2012-10-10T00:00:00.000Z","year":2012,"description":"DEMO BUILDING 1 OF 2 SINGLE FAMILY DWELLINGS W/DETACHED GARAGE .  CLEAR SITE AND FENCE LOT.","metadescription":"Bldg-Demolition. 1 or 2 Family Dwelling. DEMO BUILDING 1 OF 2 SINGLE FAMILY DWELLINGS W/DETACHED GARAGE .  CLEAR SITE AND FENCE LOT.. Permit Finaled. 1400 N FULLER AVE","address":"1-19, 1400 North Fuller Avenue, CA, Los Angeles, 90046, US","ct":"1899.02","ev":"N","apc":"Central","cpa":"Hollywood","zone":"R3-1","solar":"N","height":"0","pin_nbr":"147B181   966","use_code":"1","geolocation":"POINT (-118.34943 34.09594)","status_date":"01/07/2013","construction":"Type V-B Construction","permit_group":"Building","refresh_time":"06/10/2026","type_lat_lon":"ADDRESS","business_unit":"Plan Check at Counter","square_footage":"0"},"geometry":{"type":"Point","coordinates":[-118.34943,34.09594]}},{"type":"Feature","properties":{"date":"2012-10-10T00:00:00.000Z","year":2012,"description":"DEMO BUILDING # 2 OF 2 SINGLE FAMILY DWELLINGS W/DETACHED GARAGE .  CLEAR SITE AND FENCE LOT.","metadescription":"Bldg-Demolition. 1 or 2 Family Dwelling. DEMO BUILDING # 2 OF 2 SINGLE FAMILY DWELLINGS W/DETACHED GARAGE .  CLEAR SITE AND FENCE LOT.. Permit Finaled. 1400 N FULLER AVE","address":"1-19, 1400 North Fuller Avenue, CA, Los Angeles, 90046, US","ct":"1899.02","ev":"N","apc":"Central","cpa":"Hollywood","zone":"R3-1","solar":"N","height":"0","pin_nbr":"147B181   966","use_code":"1","geolocation":"POINT (-118.34943 34.09594)","status_date":"11/13/2012","construction":"Type V-B Construction","permit_group":"Building","refresh_time":"06/10/2026","type_lat_lon":"ADDRESS","business_unit":"Plan Check at Counter","square_footage":"0"},"geometry":{"type":"Point","coordinates":[-118.34943,34.09594]}},{"type":"Feature","properties":{"date":"2012-10-10T00:00:00.000Z","year":2012,"description":"DEMOLISH  1 SINGLE STORY BUILDING; CLEAR AND FENCE LOT; CAP  SEWER .","metadescription":"Bldg-Demolition. 1 or 2 Family Dwelling. DEMOLISH  1 SINGLE STORY BUILDING; CLEAR AND FENCE LOT; CAP  SEWER .. Permit Finaled. 1414 N FULLER AVE","address":"Number 14, 1400 North Fuller Avenue, CA, Los Angeles, 90046, US","ct":"1899.02","ev":"N","apc":"Central","cpa":"Hollywood","zone":"R3-1","solar":"N","pin_nbr":"147B181   901","use_code":"1","geolocation":"POINT (-118.34942 34.09631)","status_date":"11/14/2012","permit_group":"Building","refresh_time":"06/10/2026","type_lat_lon":"ADDRESS","business_unit":"Plan Check at Counter"},"geometry":{"type":"Point","coordinates":[-118.34942,34.09631]}},{"type":"Feature","properties":{"date":"2012-10-10T00:00:00.000Z","year":2012,"description":"HANDWRECK DEMOLITION OF (E) SINGLE FAMILY DWELLING AND DETACHED GARAGE. DPI#12019-30000-02006. CLEAR LOT","metadescription":"Bldg-Demolition. 1 or 2 Family Dwelling. HANDWRECK DEMOLITION OF (E) SINGLE FAMILY DWELLING AND DETACHED GARAGE. DPI#12019-30000-02006. CLEAR LOT. Permit Finaled. 932 N ALFRED ST","address":"936 North Alfred Street, CA, West Hollywood, 90069, US","ct":"1944.00","ev":"N","apc":"Central","cpa":"Hollywood","zone":"[Q]R3-1","solar":"N","height":"0","pin_nbr":"144B173   262","use_code":"1","geolocation":"POINT (-118.37515 34.08806)","status_date":"12/14/2012","permit_group":"Building","refresh_time":"06/10/2026","type_lat_lon":"ADDRESS","business_unit":"Plan Check at Counter","square_footage":"0"},"geometry":{"type":"Point","coordinates":[-118.37515,34.08806]}},{"type":"Feature","properties":{"date":"2012-10-10T00:00:00.000Z","year":2012,"description":"DEMOLISH 1 SINGLE STORY BUILDING WITH DETACHED GARAGE; CLEAR AND FENCE LOT;  CAP SEWER .","metadescription":"Bldg-Demolition. 1 or 2 Family Dwelling. DEMOLISH 1 SINGLE STORY BUILDING WITH DETACHED GARAGE; CLEAR AND FENCE LOT;  CAP SEWER .. Permit Finaled. 1408 N FULLER AVE","address":"Number 13, 1400 North Fuller Avenue, CA, Los Angeles, 90046, US","ct":"1899.02","ev":"N","apc":"Central","cpa":"Hollywood","zone":"R3-1","solar":"N","height":"0","pin_nbr":"147B181   925","use_code":"1","geolocation":"POINT (-118.34941 34.09623)","status_date":"11/14/2012","construction":"Type V-B Construction","permit_group":"Building","refresh_time":"06/10/2026","type_lat_lon":"ADDRESS","business_unit":"Plan Check at Counter"},"geometry":{"type":"Point","coordinates":[-118.34941,34.09623]}},{"type":"Feature","properties":{"date":"2012-10-10T00:00:00.000Z","year":2012,"description":"DEMO BUILDING # 1 OF 2 SINGLE FAMILY DWELLINGS W/DETACHED GARAGE .  CLEAR SITE AND FENCE LOT .  CAP SEWER .","metadescription":"Bldg-Demolition. 1 or 2 Family Dwelling. DEMO BUILDING # 1 OF 2 SINGLE FAMILY DWELLINGS W/DETACHED GARAGE .  CLEAR SITE AND FENCE LOT .  CAP SEWER .. Permit Finaled. 1404 N FULLER AVE","address":"Number 2, 1400 North Fuller Avenue, CA, Los Angeles, 90046, US","ct":"1899.02","ev":"N","apc":"Central","cpa":"Hollywood","zone":"R3-1","solar":"N","height":"0","pin_nbr":"147B181   935","use_code":"1","geolocation":"POINT (-118.34941 34.09606)","status_date":"11/14/2012","construction":"Type V-B Construction","permit_group":"Building","refresh_time":"06/10/2026","type_lat_lon":"ADDRESS","business_unit":"Plan Check at Counter","square_footage":"0"},"geometry":{"type":"Point","coordinates":[-118.34941,34.09606]}},{"type":"Feature","properties":{"date":"2012-10-10T00:00:00.000Z","year":2012,"description":"DEMO BUILDING # 2 OF 2 SINGLE FAMILY DWELLINGS W/DETACHED GARAGE .  CLEAR SITE AND FENCE LOT .  CASP SEWER .","metadescription":"Bldg-Demolition. 1 or 2 Family Dwelling. DEMO BUILDING # 2 OF 2 SINGLE FAMILY DWELLINGS W/DETACHED GARAGE .  CLEAR SITE AND FENCE LOT .  CASP SEWER .. Permit Finaled. 1404 N FULLER AVE","address":"Number 2, 1400 North Fuller Avenue, CA, Los Angeles, 90046, US","ct":"1899.02","ev":"N","apc":"Central","cpa":"Hollywood","zone":"R3-1","solar":"N","height":"0","pin_nbr":"147B181   935","use_code":"1","geolocation":"POINT (-118.34941 34.09606)","status_date":"11/14/2012","construction":"Type V-B Construction","permit_group":"Building","refresh_time":"06/10/2026","type_lat_lon":"ADDRESS","business_unit":"Plan Check at Counter"},"geometry":{"type":"Point","coordinates":[-118.34941,34.09606]}},{"type":"Feature","properties":{"date":"2012-10-05T00:00:00.000Z","year":2012,"description":"DEMOLITION OF ONE STORY SINGLE FAMILY DWELLING AND DETACHED GARAGE. CLEAR LOT. DEMOLITION BY HAND WRECK METHOD. SEWER CAP PERMIT REQUIRED.","metadescription":"Bldg-Demolition. 1 or 2 Family Dwelling. DEMOLITION OF ONE STORY SINGLE FAMILY DWELLING AND DETACHED GARAGE. CLEAR LOT. DEMOLITION BY HAND WRECK METHOD. SEWER CAP PERMIT REQUIRED.. Permit Finaled. 446 N ORLANDO AVE","address":"454 North Orlando Avenue, CA, Los Angeles, 90048, US","ct":"1945.00","ev":"N","apc":"Central","cpa":"Wilshire","zone":"R1-1-O","solar":"N","pin_nbr":"141B173  1231","use_code":"1","geolocation":"POINT (-118.37302 34.07956)","status_date":"11/13/2012","construction":"Type V-B Construction","permit_group":"Building","refresh_time":"06/10/2026","type_lat_lon":"ADDRESS","business_unit":"Plan Check at Counter","square_footage":"0"},"geometry":{"type":"Point","coordinates":[-118.37302,34.07956]}},{"type":"Feature","properties":{"date":"2012-08-15T00:00:00.000Z","year":2012,"description":"T.I. - Non-structural, interior remodel (300 SF) of existing restaurant , including:  new awning (7'-0\"x18'-3\") at front of building, demolition of nonbearing partitions, relocation of existing walk-in cooler and freezer, and construction of new non-bearing partitions to create new disabled access compliant men's restroom.  No change of use.","metadescription":"Bldg-Alter/Repair. Commercial. T.I. - Non-structural, interior remodel (300 SF) of existing restaurant , including:  new awning (7'-0\"x18'-3\") at front of building, demolition of nonbearing partitions, relocation of existing walk-in cooler and freezer, and construction of new non-bearing partitions to create new disabled access compliant men's restroom.  No change of use.. Permit Finaled. 408 N LA CIENEGA BLVD","address":"410 North La Cienega Boulevard, CA, Los Angeles, 90048, US","ct":"1945.00","ev":"N","apc":"Central","cpa":"Wilshire","zone":"C2-1VL-O","solar":"N","pin_nbr":"138B173    47","use_code":"17","geolocation":"POINT (-118.37638 34.07839)","status_date":"03/06/2015","permit_group":"Building","refresh_time":"06/10/2026","type_lat_lon":"ADDRESS","business_unit":"Plan Check at Counter"},"geometry":{"type":"Point","coordinates":[-118.37638,34.07839]}},{"type":"Feature","properties":{"date":"2012-06-22T00:00:00.000Z","year":2012,"description":"DEMOLISH (E) SFD (1495 SF) & (E) DET GARAGE (195 SF), SEWER CAP REQ'D. (SEE COMMENTS)","metadescription":"Bldg-Demolition. 1 or 2 Family Dwelling. DEMOLISH (E) SFD (1495 SF) & (E) DET GARAGE (195 SF), SEWER CAP REQ'D. (SEE COMMENTS). Permit Finaled. 927 N LAUREL AVE","address":"931 North Laurel Avenue, CA, Los Angeles, 90046, US","ct":"1944.00","ev":"N","apc":"Central","cpa":"Hollywood","zone":"R1-1","solar":"N","height":"0","pin_nbr":"144B177   343","use_code":"1","geolocation":"POINT (-118.36497 34.08799)","status_date":"08/28/2012","construction":"Type V-B Construction","permit_group":"Building","refresh_time":"06/10/2026","type_lat_lon":"ADDRESS","business_unit":"Plan Check at Counter","square_footage":"0"},"geometry":{"type":"Point","coordinates":[-118.36497,34.08799]}},{"type":"Feature","properties":{"date":"2012-06-22T00:00:00.000Z","year":2012,"description":"DEMO EXSIT SFD AND DETACHED TWO CAR GAR.  TO CLEAR LOT.","metadescription":"Bldg-Demolition. 1 or 2 Family Dwelling. DEMO EXSIT SFD AND DETACHED TWO CAR GAR.  TO CLEAR LOT.. Permit Finaled. 425 N FLORES ST","address":"429 North Flores Street, CA, Los Angeles, 90048, US","ct":"1945.00","ev":"N","apc":"Central","cpa":"Wilshire","zone":"R1-1","solar":"N","pin_nbr":"141B173  1353","use_code":"1","geolocation":"POINT (-118.3712 34.0789)","status_date":"12/04/2012","construction":"Type V-B Construction","permit_group":"Building","refresh_time":"06/10/2026","type_lat_lon":"ADDRESS","business_unit":"Plan Check at Counter","square_footage":"0"},"geometry":{"type":"Point","coordinates":[-118.3712,34.0789]}},{"type":"Feature","properties":{"date":"2012-06-15T00:00:00.000Z","year":2012,"description":"DEMOLISH PORTIONS OF EXISTING WALLS BETWEEN TENANT SPACES TO CONNECT INTO A SINGLE TENANT SPACE; NEW PARTITIONS.","metadescription":"Bldg-Alter/Repair. Commercial. DEMOLISH PORTIONS OF EXISTING WALLS BETWEEN TENANT SPACES TO CONNECT INTO A SINGLE TENANT SPACE; NEW PARTITIONS.. Issued. 8404-8410 W MELROSE AVE","address":"8410 Melrose Avenue, CA, West Hollywood, 90069, US","ct":"1944.02","ev":"N","apc":"Central","cpa":"Hollywood","zone":"C4-1XL","solar":"N","pin_nbr":"141B173   541","use_code":"16","geolocation":"POINT (-118.37356942 34.08315709)","status_date":"06/15/2012","permit_group":"Building","refresh_time":"06/10/2026","type_lat_lon":"PIN","business_unit":"Regular Plan Check"},"geometry":{"type":"Point","coordinates":[-118.37356942,34.08315709]}},{"type":"Feature","properties":{"date":"2012-06-05T00:00:00.000Z","year":2012,"description":"DEMOLISH (E) SFD PERMITTED UNDER 1928LA35171","metadescription":"Bldg-Demolition. 1 or 2 Family Dwelling. DEMOLISH (E) SFD PERMITTED UNDER 1928LA35171. Permit Finaled. 454 N SWEETZER AVE","address":"454 North Sweetzer Avenue, CA, Los Angeles, 90048, US","ct":"1945.00","ev":"N","apc":"Central","cpa":"Wilshire","zone":"R1-1","solar":"N","pin_nbr":"141B173  1173","use_code":"1","geolocation":"POINT (-118.36988 34.07982)","status_date":"06/21/2012","permit_group":"Building","refresh_time":"06/10/2026","type_lat_lon":"ADDRESS","business_unit":"Plan Check at Counter","square_footage":"0"},"geometry":{"type":"Point","coordinates":[-118.36988,34.07982]}},{"type":"Feature","properties":{"date":"2012-05-10T00:00:00.000Z","year":2012,"description":"DEMO  SFR  PLUS DETACHED GARAGE; HAND WRECKING METHOD; CLEAR LOT.","metadescription":"Bldg-Demolition. 1 or 2 Family Dwelling. DEMO  SFR  PLUS DETACHED GARAGE; HAND WRECKING METHOD; CLEAR LOT.. Permit Finaled. 429 N HARPER AVE","address":"433 North Harper Avenue, CA, Los Angeles, 90048, US","ct":"1945.00","ev":"N","apc":"Central","cpa":"Wilshire","zone":"R2-1","solar":"N","height":"0","pin_nbr":"141B173  1323","use_code":"1","geolocation":"POINT (-118.36911 34.07905)","status_date":"06/07/2013","permit_group":"Building","refresh_time":"06/10/2026","type_lat_lon":"ADDRESS","business_unit":"Plan Check at Counter","square_footage":"0"},"geometry":{"type":"Point","coordinates":[-118.36911,34.07905]}},{"type":"Feature","properties":{"date":"2012-04-17T00:00:00.000Z","year":2012,"description":"HANDWRECK DEMOLITION OF SINGLE FAMILY DWELLING; HANDWRECK DEMO OF (E) 4' X 6' SHED; CAP THE SEWER; CLEAR THE LOT.","metadescription":"Bldg-Demolition. 1 or 2 Family Dwelling. HANDWRECK DEMOLITION OF SINGLE FAMILY DWELLING; HANDWRECK DEMO OF (E) 4' X 6' SHED; CAP THE SEWER; CLEAR THE LOT.. Permit Finaled. 516 N LA JOLLA AVE","address":"522 North La Jolla Avenue, CA, Los Angeles, 90048, US","ct":"1944.00","ev":"N","apc":"Central","cpa":"Hollywood","zone":"R1-1","solar":"N","height":"0","pin_nbr":"141B173  1006","use_code":"1","geolocation":"POINT (-118.36785 34.0807)","status_date":"07/03/2012","construction":"Type V-B Construction","permit_group":"Building","refresh_time":"06/10/2026","type_lat_lon":"ADDRESS","business_unit":"Plan Check at Counter","square_footage":"0"},"geometry":{"type":"Point","coordinates":[-118.36785,34.0807]}},{"type":"Feature","properties":{"date":"2012-04-10T00:00:00.000Z","year":2012,"description":"Demolish existing single family dwelling with detached garage.","metadescription":"Bldg-Demolition. 1 or 2 Family Dwelling. Demolish existing single family dwelling with detached garage.. Permit Finaled. 735 N HARPER AVE","address":"735 North Harper Avenue, CA, Los Angeles, 90046, US","ct":"1944.00","ev":"N","apc":"Central","cpa":"Hollywood","zone":"R2-1XL","solar":"N","pin_nbr":"141B173   294","use_code":"1","geolocation":"POINT (-118.36922 34.08468)","status_date":"11/14/2012","permit_group":"Building","refresh_time":"06/10/2026","type_lat_lon":"ADDRESS","business_unit":"Plan Check at Counter","square_footage":"0"},"geometry":{"type":"Point","coordinates":[-118.36922,34.08468]}},{"type":"Feature","properties":{"date":"2012-03-19T00:00:00.000Z","year":2012,"description":"NON-STRUCTURAL TENANT IMPROVEMENT TO 9TH FLOOR OF (E) OFFICE BUILDING (2,911SF) TO CREATE (2) ADDITIONAL SUITES (#910 & #915), CONSTRUCT/DEMO NON-BEARING PARTITION WALLS & (N) CEILING  **** SEE COMMENTS ****","metadescription":"Bldg-Alter/Repair. Commercial. NON-STRUCTURAL TENANT IMPROVEMENT TO 9TH FLOOR OF (E) OFFICE BUILDING (2,911SF) TO CREATE (2) ADDITIONAL SUITES (#910 & #915), CONSTRUCT/DEMO NON-BEARING PARTITION WALLS & (N) CEILING  **** SEE COMMENTS ****. Issued. 116 N ROBERTSON BLVD #900","address":"116 North Robertson Boulevard, CA, Los Angeles, 90048, US","ct":"2149.02","ev":"N","apc":"Central","cpa":"Wilshire","zone":"[Q]C2-1VL-O","solar":"N","pin_nbr":"138B169   244","use_code":"13","geolocation":"POINT (-118.38356 34.0758)","status_date":"03/19/2012","permit_group":"Building","refresh_time":"06/10/2026","type_lat_lon":"ADDRESS","business_unit":"Plan Check at Counter"},"geometry":{"type":"Point","coordinates":[-118.38356,34.0758]}},{"type":"Feature","properties":{"date":"2012-03-19T00:00:00.000Z","year":2012,"description":"DEMO EX DETACHED GARAGE. THIS PERMIT TO BE ISSUED CONCURRENTLY WITH 12010-10000-00462.","metadescription":"Bldg-Demolition. 1 or 2 Family Dwelling. DEMO EX DETACHED GARAGE. THIS PERMIT TO BE ISSUED CONCURRENTLY WITH 12010-10000-00462.. Permit Finaled. 449 N ALFRED ST","address":"449 North Alfred Street, CA, Los Angeles, 90048, US","ct":"1945.00","ev":"N","apc":"Central","cpa":"Wilshire","zone":"R2-1-O","solar":"N","pin_nbr":"141B173  1229","use_code":"7","geolocation":"POINT (-118.37541 34.07957)","status_date":"04/03/2012","permit_group":"Building","refresh_time":"06/10/2026","type_lat_lon":"ADDRESS","business_unit":"Plan Check at Counter","square_footage":"0"},"geometry":{"type":"Point","coordinates":[-118.37541,34.07957]}},{"type":"Feature","properties":{"date":"2011-12-22T00:00:00.000Z","year":2011,"description":"DEMO (E) SFD AND DETACHED GARAGE TO CLEAR THE LOT","metadescription":"Bldg-Demolition. 1 or 2 Family Dwelling. DEMO (E) SFD AND DETACHED GARAGE TO CLEAR THE LOT. Permit Finaled. 538 N HARPER AVE","address":"540 Harper Avenue, CA, Los Angeles, 90048, US","ct":"1944.00","ev":"N","apc":"Central","cpa":"Hollywood","zone":"R1-1","solar":"N","pin_nbr":"141B173   894","use_code":"1","geolocation":"POINT (-118.36892 34.08126)","status_date":"02/06/2012","permit_group":"Building","refresh_time":"06/10/2026","type_lat_lon":"ADDRESS","business_unit":"Plan Check at Counter"},"geometry":{"type":"Point","coordinates":[-118.36892,34.08126]}},{"type":"Feature","properties":{"date":"2011-11-14T00:00:00.000Z","year":2011,"description":"DEMOLITION -  (E) SFD AND DETACHED GARAGE.  DPI # 11019-20000-01515","metadescription":"Bldg-Demolition. 1 or 2 Family Dwelling. DEMOLITION -  (E) SFD AND DETACHED GARAGE.  DPI # 11019-20000-01515. Permit Finaled. 417 N ORLANDO AVE","address":"419 North Orlando Avenue, CA, Los Angeles, 90048, US","ct":"1945.00","ev":"N","apc":"Central","cpa":"Wilshire","zone":"R1-1-O","solar":"N","pin_nbr":"141B173  1383","use_code":"1","geolocation":"POINT (-118.37328 34.07875)","status_date":"12/21/2011","construction":"Type V-B Construction","permit_group":"Building","refresh_time":"06/10/2026","type_lat_lon":"ADDRESS","business_unit":"Plan Check at Counter","square_footage":"0"},"geometry":{"type":"Point","coordinates":[-118.37328,34.07875]}},{"type":"Feature","properties":{"date":"2011-10-27T00:00:00.000Z","year":2011,"description":"DEMO EXISTING TWO STORY RESTAURANT /GARAGE BUILDING TO CLEAR LOT , FNECE REQD. SEWER CAP REQD., HANDWRECKING METHOD,COMPLY WITH DEPARTMENT ORDER effective date01/31/2011. PERMIT WILL EXPIRE 30 DAYS FROM ISSUANCE DATE\"","metadescription":"Bldg-Demolition. Commercial. DEMO EXISTING TWO STORY RESTAURANT /GARAGE BUILDING TO CLEAR LOT , FNECE REQD. SEWER CAP REQD., HANDWRECKING METHOD,COMPLY WITH DEPARTMENT ORDER effective date01/31/2011. PERMIT WILL EXPIRE 30 DAYS FROM ISSUANCE DATE\". Permit Finaled. 385 N LA CIENEGA BLVD 1-125","address":"385 North La Cienega Boulevard, CA, Los Angeles, 90048, US","ct":"1945.00","ev":"N","apc":"Central","cpa":"Wilshire","zone":"C2-1VL-O","solar":"N","height":"0","pin_nbr":"141B173  1385","use_code":"17","geolocation":"POINT (-118.37688 34.0782)","status_date":"03/30/2012","permit_group":"Building","refresh_time":"06/10/2026","type_lat_lon":"ADDRESS","business_unit":"Plan Check at Counter","square_footage":"0"},"geometry":{"type":"Point","coordinates":[-118.37688,34.0782]}},{"type":"Feature","properties":{"date":"2011-10-27T00:00:00.000Z","year":2011,"description":"DEMOLITION OF TWO STORY RETAIL BUILDING (3,338 SQ FT). DEMOLITION BY HAND WRECK. CLEAR LOT. SEWER CAP PERMIT REQUIRED. PEDESTRIAN PROTECTION CANOPY REQUIRED.","metadescription":"Bldg-Demolition. Commercial. DEMOLITION OF TWO STORY RETAIL BUILDING (3,338 SQ FT). DEMOLITION BY HAND WRECK. CLEAR LOT. SEWER CAP PERMIT REQUIRED. PEDESTRIAN PROTECTION CANOPY REQUIRED.. Permit Finaled. 411 N WESTMOUNT DR","address":"411 North Westmount Drive, CA, Los Angeles, 90048, US","ct":"1945.00","ev":"N","apc":"Central","cpa":"Wilshire","zone":"C2-1VL-O","solar":"N","pin_nbr":"138B173    16","use_code":"16","geolocation":"POINT (-118.37707 34.07857)","status_date":"03/30/2012","construction":"Type V-B Construction","permit_group":"Building","refresh_time":"06/10/2026","type_lat_lon":"ADDRESS","business_unit":"Plan Check at Counter","square_footage":"0"},"geometry":{"type":"Point","coordinates":[-118.37707,34.07857]}},{"type":"Feature","properties":{"date":"2011-10-27T00:00:00.000Z","year":2011,"description":"DEMOLITION OF TWO STORY RETAIL STRUCTURE (2,250 SQ FT). DEMOLITION BY HAND WRECK METHOD. CLEAR LOT. SEWER CAP PERMIT NOT REQUIRED. PEDESTRIAN FENCE PROTECTION REQUIRED.","metadescription":"Bldg-Demolition. Commercial. DEMOLITION OF TWO STORY RETAIL STRUCTURE (2,250 SQ FT). DEMOLITION BY HAND WRECK METHOD. CLEAR LOT. SEWER CAP PERMIT NOT REQUIRED. PEDESTRIAN FENCE PROTECTION REQUIRED.. Permit Finaled. 415 N WESTMOUNT DR","address":"411 North Westmount Drive, CA, Los Angeles, 90048, US","ct":"1945.00","ev":"N","apc":"Central","cpa":"Wilshire","zone":"C2-1VL-O","solar":"N","pin_nbr":"141B173  1385","use_code":"16","geolocation":"POINT (-118.37713 34.07867)","status_date":"03/23/2012","permit_group":"Building","refresh_time":"06/10/2026","type_lat_lon":"ADDRESS","business_unit":"Plan Check at Counter","square_footage":"0"},"geometry":{"type":"Point","coordinates":[-118.37713,34.07867]}},{"type":"Feature","properties":{"date":"2011-10-20T00:00:00.000Z","year":2011,"description":"DEMO PERMIT FOR SINGLE FAMILY DWELLING. FENCE AND SEWER CAP REQUIRED AS PER DPI#11019-30000-01419. CLEAR LOT","metadescription":"Bldg-Demolition. 1 or 2 Family Dwelling. DEMO PERMIT FOR SINGLE FAMILY DWELLING. FENCE AND SEWER CAP REQUIRED AS PER DPI#11019-30000-01419. CLEAR LOT. Permit Finaled. 453 N SWEETZER AVE","address":"453 North Sweetzer Avenue, CA, Los Angeles, 90048, US","ct":"1945.00","ev":"N","apc":"Central","cpa":"Wilshire","zone":"R1-1","solar":"N","height":"0","pin_nbr":"141B173  1197","use_code":"1","geolocation":"POINT (-118.37015 34.0797)","status_date":"12/07/2012","permit_group":"Building","refresh_time":"06/10/2026","type_lat_lon":"ADDRESS","business_unit":"Plan Check at Counter"},"geometry":{"type":"Point","coordinates":[-118.37015,34.0797]}},{"type":"Feature","properties":{"date":"2011-09-02T00:00:00.000Z","year":2011,"description":"DEMOLITION OF (E) SFD, DETACHED, GARAGE AND PATIO COVER.  FENCE AND SEWER CAP REQUIRED AS PER DPI#11019-30000-01359. CLEAR LOT.","metadescription":"Bldg-Demolition. 1 or 2 Family Dwelling. DEMOLITION OF (E) SFD, DETACHED, GARAGE AND PATIO COVER.  FENCE AND SEWER CAP REQUIRED AS PER DPI#11019-30000-01359. CLEAR LOT.. Permit Finaled. 429 N SWEETZER AVE","address":"429 North Sweetzer Avenue, CA, Los Angeles, 90048, US","ct":"1945.00","ev":"N","apc":"Central","cpa":"Wilshire","zone":"R1-1","solar":"N","pin_nbr":"141B173  1325","use_code":"1","geolocation":"POINT (-118.37016 34.07904)","status_date":"09/19/2011","permit_group":"Building","refresh_time":"06/10/2026","type_lat_lon":"ADDRESS","business_unit":"Plan Check at Counter","square_footage":"0"},"geometry":{"type":"Point","coordinates":[-118.37016,34.07904]}},{"type":"Feature","properties":{"date":"2011-08-15T00:00:00.000Z","year":2011,"description":"EARLY START DEMO: DEMOLISH INTERIOR NON-STRUCTURAL WALLS ONLY (EXISTING HANDICAP BATHROOM TO REMAIN)","metadescription":"Bldg-Alter/Repair. Commercial. EARLY START DEMO: DEMOLISH INTERIOR NON-STRUCTURAL WALLS ONLY (EXISTING HANDICAP BATHROOM TO REMAIN). Permit Finaled. 107 S ROBERTSON BLVD","address":"107 South Robertson Boulevard, CA, Los Angeles, 90048, US","ct":"2149.01","ev":"N","apc":"Central","cpa":"Wilshire","zone":"[Q]C2-1VL-O","solar":"N","pin_nbr":"138B169   391","use_code":"16","geolocation":"POINT (-118.38389 34.07503)","status_date":"09/09/2013","permit_group":"Building","refresh_time":"06/10/2026","type_lat_lon":"ADDRESS","business_unit":"Plan Check at Counter"},"geometry":{"type":"Point","coordinates":[-118.38389,34.07503]}},{"type":"Feature","properties":{"date":"2011-07-28T00:00:00.000Z","year":2011,"description":"REMODEL OF (E) RETAIL SPACE; DEMO OF (E) NON-STRUCTURAL WALLS, (E) INTERIOR FINISHES & (E) STOREFRONT; WORK INCLUDES (N) NON-STRUCTURAL WALLS, (N) CEILING, (N) INTERIOR FINISHES,  (N) ADA UNISEX COMPLIANT RESTROOM; NO CHANGE IN USE.","metadescription":"Bldg-Alter/Repair. Commercial. REMODEL OF (E) RETAIL SPACE; DEMO OF (E) NON-STRUCTURAL WALLS, (E) INTERIOR FINISHES & (E) STOREFRONT; WORK INCLUDES (N) NON-STRUCTURAL WALLS, (N) CEILING, (N) INTERIOR FINISHES,  (N) ADA UNISEX COMPLIANT RESTROOM; NO CHANGE IN USE.. Permit Finaled. 108 N ROBERTSON BLVD","address":"108 North Robertson Boulevard, CA, Los Angeles, 90048, US","ct":"2149.00","ev":"N","apc":"Central","cpa":"Wilshire","zone":"[Q]C2-1VL-O","solar":"N","pin_nbr":"138B169   337","use_code":"16","geolocation":"POINT (-118.38359 34.07561)","status_date":"02/07/2012","permit_group":"Building","refresh_time":"06/10/2026","type_lat_lon":"ADDRESS","business_unit":"Plan Check at Counter"},"geometry":{"type":"Point","coordinates":[-118.38359,34.07561]}},{"type":"Feature","properties":{"date":"2011-06-14T00:00:00.000Z","year":2011,"description":"EARLY START PERMIT FOR NON-STRUCTURAL DEMOLITION. WORK IS AT FIRST FLOOR. AREA OF WORK IS 2797 sf.","metadescription":"Bldg-Alter/Repair. Commercial. EARLY START PERMIT FOR NON-STRUCTURAL DEMOLITION. WORK IS AT FIRST FLOOR. AREA OF WORK IS 2797 sf.. Permit Expired. 752-756 N LA CIENEGA BLVD","address":"752 North La Cienega Boulevard, CA, West Hollywood, 90069, US","ct":"1944.00","ev":"N","apc":"Central","cpa":"Hollywood","zone":"C4-1VL","solar":"N","pin_nbr":"141B173   248","use_code":"16","geolocation":"POINT (-118.37633 34.085)","status_date":"07/08/2013","permit_group":"Building","refresh_time":"06/10/2026","type_lat_lon":"ADDRESS","business_unit":"Plan Check at Counter"},"geometry":{"type":"Point","coordinates":[-118.37633,34.085]}},{"type":"Feature","properties":{"date":"2011-06-13T00:00:00.000Z","year":2011,"description":"HANDWRECK DEMOLITION FORSINGLE FAMILY DWELLING WITH DETACHED GARAGE. FENCE AND SEWER CAP REQUIRED AS PER DPI# 11019-30000-00847. CLEAR LOT.","metadescription":"Bldg-Demolition. 1 or 2 Family Dwelling. HANDWRECK DEMOLITION FORSINGLE FAMILY DWELLING WITH DETACHED GARAGE. FENCE AND SEWER CAP REQUIRED AS PER DPI# 11019-30000-00847. CLEAR LOT.. Permit Finaled. 322 N KINGS ROAD","address":"316 North Kings Road, CA, Los Angeles, 90048, US","ct":"1945.00","ev":"N","apc":"Central","cpa":"Wilshire","zone":"R1-1","solar":"N","height":"0","pin_nbr":"138B173   336","use_code":"1","geolocation":"POINT (-118.37199 34.0767)","status_date":"07/13/2011","permit_group":"Building","refresh_time":"06/10/2026","type_lat_lon":"ADDRESS","business_unit":"Plan Check at Counter","square_footage":"0"},"geometry":{"type":"Point","coordinates":[-118.37199,34.0767]}},{"type":"Feature","properties":{"date":"2011-06-13T00:00:00.000Z","year":2011,"description":"HANDWRECK DEMOLITION FORSINGLE FAMILY DWELLING  WITH DETACHED GARAGE.  FENCE AND SEWER CAP REQUIRED AS PER DPI# 11019-30000-00846. CLEAR LOT","metadescription":"Bldg-Demolition. 1 or 2 Family Dwelling. HANDWRECK DEMOLITION FORSINGLE FAMILY DWELLING  WITH DETACHED GARAGE.  FENCE AND SEWER CAP REQUIRED AS PER DPI# 11019-30000-00846. CLEAR LOT. Permit Finaled. 328 N FLORES ST","address":"322 North Flores Street, CA, Los Angeles, 90048, US","ct":"1945.00","ev":"N","apc":"Central","cpa":"Wilshire","zone":"R1-1","solar":"N","height":"0","pin_nbr":"138B173   307","use_code":"1","geolocation":"POINT (-118.37093 34.07684)","status_date":"07/13/2011","permit_group":"Building","refresh_time":"06/10/2026","type_lat_lon":"ADDRESS","business_unit":"Plan Check at Counter","square_footage":"0"},"geometry":{"type":"Point","coordinates":[-118.37093,34.07684]}},{"type":"Feature","properties":{"date":"2011-06-07T00:00:00.000Z","year":2011,"description":"EARLY START PERMIT FOR NON-STRUCTURAL DEMOLITION OF INTERIOR WALLS, CEILING, MILLWORK AND EQUIPMENT.","metadescription":"Bldg-Alter/Repair. Commercial. EARLY START PERMIT FOR NON-STRUCTURAL DEMOLITION OF INTERIOR WALLS, CEILING, MILLWORK AND EQUIPMENT.. Permit Expired. 643 N LA CIENEGA BLVD","address":"643 North La Cienega Boulevard, CA, West Hollywood, 90069, US","ct":"1944.00","ev":"N","apc":"Central","cpa":"Hollywood","zone":"C4-1VL","solar":"N","pin_nbr":"141B173   532","use_code":"17","geolocation":"POINT (-118.37674 34.08325)","status_date":"07/03/2013","permit_group":"Building","refresh_time":"06/10/2026","type_lat_lon":"ADDRESS","business_unit":"Plan Check at Counter"},"geometry":{"type":"Point","coordinates":[-118.37674,34.08325]}},{"type":"Feature","properties":{"date":"2011-05-13T00:00:00.000Z","year":2011,"description":"DEMO ONE STORY SFD, NO BASEMENT. CAP SEWER.  HANDWRECK ONLY.  SFD TO BE REPLACED BY NEW SFD/GARAGE PER 10016-10001-20596.","metadescription":"Bldg-Demolition. 1 or 2 Family Dwelling. DEMO ONE STORY SFD, NO BASEMENT. CAP SEWER.  HANDWRECK ONLY.  SFD TO BE REPLACED BY NEW SFD/GARAGE PER 10016-10001-20596.. Permit Finaled. 460 N SWEETZER AVE","address":"464 North Sweetzer Avenue, CA, Los Angeles, 90048, US","ct":"1945.00","ev":"N","apc":"Central","cpa":"Wilshire","zone":"R1-1","solar":"N","pin_nbr":"141B173  1144","use_code":"1","geolocation":"POINT (-118.36988 34.07995)","status_date":"12/13/2011","permit_group":"Building","refresh_time":"06/10/2026","type_lat_lon":"ADDRESS","business_unit":"Plan Check at Counter"},"geometry":{"type":"Point","coordinates":[-118.36988,34.07995]}},{"type":"Feature","properties":{"date":"2011-03-30T00:00:00.000Z","year":2011,"description":"COMBINED PERMIT TO DEMOLISH ONE STORY SFD AND DETACHED GARAGE.","metadescription":"Bldg-Demolition. 1 or 2 Family Dwelling. COMBINED PERMIT TO DEMOLISH ONE STORY SFD AND DETACHED GARAGE.. Permit Finaled. 809 N KILKEA DR","address":"801 North Kilkea Drive, CA, Los Angeles, 90046, US","ct":"1944.00","ev":"N","apc":"Central","cpa":"Hollywood","zone":"R2-1XL","solar":"N","pin_nbr":"141B173   161","use_code":"1","geolocation":"POINT (-118.36708 34.08579)","status_date":"05/11/2011","permit_group":"Building","refresh_time":"06/10/2026","type_lat_lon":"ADDRESS","business_unit":"Plan Check at Counter","square_footage":"0"},"geometry":{"type":"Point","coordinates":[-118.36708,34.08579]}},{"type":"Feature","properties":{"date":"2011-02-17T00:00:00.000Z","year":2011,"description":"Demolish (E) garage.  New garage is under application 10010-20000-01984.","metadescription":"Bldg-Demolition. 1 or 2 Family Dwelling. Demolish (E) garage.  New garage is under application 10010-20000-01984.. Permit Finaled. 1327 N FULLER AVE","address":"1327 North Fuller Avenue, CA, Los Angeles, 90046, US","ct":"1899.02","ev":"N","apc":"Central","cpa":"Hollywood","zone":"R3-1","solar":"N","pin_nbr":"147B181  1104","use_code":"7","geolocation":"POINT (-118.34968 34.09527)","status_date":"02/23/2011","permit_group":"Building","refresh_time":"06/10/2026","type_lat_lon":"ADDRESS","business_unit":"Plan Check at Counter"},"geometry":{"type":"Point","coordinates":[-118.34968,34.09527]}},{"type":"Feature","properties":{"date":"2011-01-18T00:00:00.000Z","year":2011,"description":"DEMO EXISTING TWO CAR GARAGE (HAND-WRECK)TO BE REPLACED WITH A NEW TWO CAR GARAGE UNDER APPLICATION # 10010-30000-01877","metadescription":"Bldg-Demolition. 1 or 2 Family Dwelling. DEMO EXISTING TWO CAR GARAGE (HAND-WRECK)TO BE REPLACED WITH A NEW TWO CAR GARAGE UNDER APPLICATION # 10010-30000-01877. Permit Finaled. 459 N FLORES ST","address":"459 North Flores Street, CA, Los Angeles, 90048, US","ct":"1945.00","ev":"N","apc":"Central","cpa":"Wilshire","zone":"R1-1","solar":"N","pin_nbr":"141B173  1179","use_code":"7","geolocation":"POINT (-118.37121 34.07982)","status_date":"03/09/2011","permit_group":"Building","refresh_time":"06/10/2026","type_lat_lon":"ADDRESS","business_unit":"Plan Check at Counter"},"geometry":{"type":"Point","coordinates":[-118.37121,34.07982]}},{"type":"Feature","properties":{"date":"2010-12-01T00:00:00.000Z","year":2010,"description":"LEGALIZE DEMOLITION OF (E) 12' X 24' S/F OFFSITE BILLBOARD.","metadescription":"Sign. Offsite. LEGALIZE DEMOLITION OF (E) 12' X 24' S/F OFFSITE BILLBOARD.. Refund in Progress. 8367-8369 W BEVERLY BLVD","address":"8367 Beverly Boulevard, CA, Los Angeles, 90048, US","ct":"1945.00","ev":"N","apc":"Central","cpa":"Wilshire","zone":"C2-1VL-O","solar":"N","pin_nbr":"138B173   408","use_code":"19","geolocation":"POINT (-118.37238 34.07622)","status_date":"05/04/2011","permit_group":"Building","refresh_time":"06/10/2026","type_lat_lon":"ADDRESS","business_unit":"Plan Check at Counter"},"geometry":{"type":"Point","coordinates":[-118.37238,34.07622]}},{"type":"Feature","properties":{"date":"2010-12-01T00:00:00.000Z","year":2010,"description":"LEGALIZE DEMOLITION OF (E) 12' X 24' S/F OFFSITE BILLBOARD.","metadescription":"Sign. Offsite. LEGALIZE DEMOLITION OF (E) 12' X 24' S/F OFFSITE BILLBOARD.. Refund in Progress. 8367-8369 W BEVERLY BLVD","address":"8367 Beverly Boulevard, CA, Los Angeles, 90048, US","ct":"1945.00","ev":"N","apc":"Central","cpa":"Wilshire","zone":"C2-1VL-O","solar":"N","pin_nbr":"138B173   408","use_code":"19","geolocation":"POINT (-118.37238 34.07622)","status_date":"05/04/2011","permit_group":"Building","refresh_time":"06/10/2026","type_lat_lon":"ADDRESS","business_unit":"Plan Check at Counter"},"geometry":{"type":"Point","coordinates":[-118.37238,34.07622]}},{"type":"Feature","properties":{"date":"2010-09-28T00:00:00.000Z","year":2010,"description":"DEMO (E) DETACHED GARAGE & STORAGE ROOM (430SF)","metadescription":"Bldg-Demolition. 1 or 2 Family Dwelling. DEMO (E) DETACHED GARAGE & STORAGE ROOM (430SF). Permit Finaled. 946 N CRESCENT HEIGHTS BLVD","address":"946 North Crescent Heights Boulevard, CA, Los Angeles, 90046, US","ct":"1944.00","ev":"N","apc":"Central","cpa":"Hollywood","zone":"R1-1","solar":"N","pin_nbr":"144B177   303","use_code":"7","geolocation":"POINT (-118.36578 34.08852)","status_date":"10/28/2010","permit_group":"Building","refresh_time":"06/10/2026","type_lat_lon":"ADDRESS","business_unit":"Plan Check at Counter","square_footage":"0"},"geometry":{"type":"Point","coordinates":[-118.36578,34.08852]}},{"type":"Feature","properties":{"date":"2010-09-20T00:00:00.000Z","year":2010,"description":"SUPPLEMENTAL PERMIT TO 10016-10000-13291 FOR EARLY START INTERIOR NON-STRUCTURAL DEMOLITION PERMIT not including fire sprinklers or other fire safety systems","metadescription":"Bldg-Alter/Repair. Commercial. SUPPLEMENTAL PERMIT TO 10016-10000-13291 FOR EARLY START INTERIOR NON-STRUCTURAL DEMOLITION PERMIT not including fire sprinklers or other fire safety systems. Permit Expired. 650 N LA CIENEGA BLVD","address":"650 North La Cienega Boulevard, CA, West Hollywood, 90069, US","ct":"1944.00","ev":"N","apc":"Central","cpa":"Hollywood","zone":"C4-1XL","solar":"N","pin_nbr":"141B173   519","use_code":"17","geolocation":"POINT (-118.37631 34.08325)","status_date":"12/12/2012","permit_group":"Building","refresh_time":"06/10/2026","type_lat_lon":"ADDRESS","business_unit":"Plan Check at Counter"},"geometry":{"type":"Point","coordinates":[-118.37631,34.08325]}},{"type":"Feature","properties":{"date":"2010-09-09T00:00:00.000Z","year":2010,"description":"EARLY START    INTERIOR NON-STRUCTURAL  DEMOLITION PRIOR TO NEW TENANT IMPROVEMENT","metadescription":"Bldg-Alter/Repair. Commercial. EARLY START    INTERIOR NON-STRUCTURAL  DEMOLITION PRIOR TO NEW TENANT IMPROVEMENT. Permit Expired. 401 N LA CIENEGA BLVD","address":"401 North La Cienega Boulevard, CA, Los Angeles, 90048, US","ct":"1945.00","ev":"N","apc":"Central","cpa":"Wilshire","zone":"C2-1VL-O","solar":"N","pin_nbr":"141B173  1372","use_code":"17","geolocation":"POINT (-118.37677 34.07877)","status_date":"12/05/2012","permit_group":"Building","refresh_time":"06/10/2026","type_lat_lon":"ADDRESS","business_unit":"Plan Check at Counter"},"geometry":{"type":"Point","coordinates":[-118.37677,34.07877]}},{"type":"Feature","properties":{"date":"2010-09-03T00:00:00.000Z","year":2010,"description":"EARLY START PERMIT-INTERIOR NON STRUCTURAL DEMOLITION.  ADA RESTROOMS TO REMAIN.","metadescription":"Bldg-Alter/Repair. Commercial. EARLY START PERMIT-INTERIOR NON STRUCTURAL DEMOLITION.  ADA RESTROOMS TO REMAIN.. Permit Finaled. 861 N LA CIENEGA BLVD","address":"861 North La Cienega Boulevard, CA, West Hollywood, 90069, US","ct":"1944.00","ev":"N","apc":"Central","cpa":"Hollywood","zone":"C4-1VL","solar":"N","pin_nbr":"144B173   404","use_code":"17","geolocation":"POINT (-118.37659 34.08698)","status_date":"05/26/2011","permit_group":"Building","refresh_time":"06/10/2026","type_lat_lon":"ADDRESS","business_unit":"Plan Check at Counter"},"geometry":{"type":"Point","coordinates":[-118.37659,34.08698]}},{"type":"Feature","properties":{"date":"2010-06-29T00:00:00.000Z","year":2010,"description":"RENOVATION OF EXISTING  2617 SQUARE FOOT SUITE INVOLVING DEMOLITION OF INTERIOR PARTITIONS (NON BEARING) AND CONSTRUCTION OF INTERIOR PARTITIONS FOR OFFICE SPACES","metadescription":"Bldg-Alter/Repair. Commercial. RENOVATION OF EXISTING  2617 SQUARE FOOT SUITE INVOLVING DEMOLITION OF INTERIOR PARTITIONS (NON BEARING) AND CONSTRUCTION OF INTERIOR PARTITIONS FOR OFFICE SPACES. Permit Finaled. 120 N ROBERTSON BLVD # 202A","address":"120 North Robertson Boulevard, CA, Los Angeles, 90048, US","ct":"2149.00","ev":"N","apc":"Central","cpa":"Wilshire","zone":"[Q]C2-1VL-O","solar":"N","pin_nbr":"138B169   244","use_code":"13","geolocation":"POINT (-118.38356 34.07585)","status_date":"08/09/2010","permit_group":"Building","refresh_time":"06/10/2026","type_lat_lon":"ADDRESS","business_unit":"Plan Check at Counter"},"geometry":{"type":"Point","coordinates":[-118.38356,34.07585]}},{"type":"Feature","properties":{"date":"2010-05-28T00:00:00.000Z","year":2010,"description":"DEMO DETACHED 20' x 20' GARAGE. SEE COMMENTS","metadescription":"Bldg-Demolition. 1 or 2 Family Dwelling. DEMO DETACHED 20' x 20' GARAGE. SEE COMMENTS. Permit Finaled. 424 N CROFT AVE","address":"430 North Croft Avenue, CA, Los Angeles, 90048, US","ct":"1945.00","ev":"N","apc":"Central","cpa":"Wilshire","zone":"R1-1-O","solar":"N","height":"0","pin_nbr":"141B173  1358","use_code":"7","geolocation":"POINT (-118.37407 34.07889)","status_date":"03/01/2011","permit_group":"Building","refresh_time":"06/10/2026","type_lat_lon":"ADDRESS","business_unit":"Plan Check at Counter"},"geometry":{"type":"Point","coordinates":[-118.37407,34.07889]}},{"type":"Feature","properties":{"date":"2010-05-11T00:00:00.000Z","year":2010,"description":"TENANT IMPROVEMENT, COMBINING TWO SUITES INTO ONE SUITE BY DEMOLISHING A SINGLE INTERIOR PARTITION; DEMO NON-BEARING PARTITION","metadescription":"Bldg-Alter/Repair. Commercial. TENANT IMPROVEMENT, COMBINING TWO SUITES INTO ONE SUITE BY DEMOLISHING A SINGLE INTERIOR PARTITION; DEMO NON-BEARING PARTITION. Permit Finaled. 120 N ROBERTSON BLVD #251","address":"120 North Robertson Boulevard, CA, Los Angeles, 90048, US","ct":"2149.00","ev":"N","apc":"Central","cpa":"Wilshire","zone":"[Q]C2-1VL-O","solar":"N","pin_nbr":"138B169   244","use_code":"13","geolocation":"POINT (-118.38356 34.07585)","status_date":"07/02/2010","permit_group":"Building","refresh_time":"06/10/2026","type_lat_lon":"ADDRESS","business_unit":"Plan Check at Counter"},"geometry":{"type":"Point","coordinates":[-118.38356,34.07585]}},{"type":"Feature","properties":{"date":"2010-03-02T00:00:00.000Z","year":2010,"description":"DEMO (E) DUPLEX AND DETACHED GARAGE, CLEAR LOT.","metadescription":"Bldg-Demolition. 1 or 2 Family Dwelling. DEMO (E) DUPLEX AND DETACHED GARAGE, CLEAR LOT.. Permit Finaled. 812 N CROFT AVE","address":"812 North Croft Avenue, CA, West Hollywood, 90069, US","ct":"1944.00","ev":"N","apc":"Central","cpa":"Hollywood","zone":"[Q]R3-1","solar":"N","pin_nbr":"141B173   153","use_code":"2","geolocation":"POINT (-118.37409 34.08581)","status_date":"06/25/2010","permit_group":"Building","refresh_time":"06/10/2026","type_lat_lon":"ADDRESS","business_unit":"Plan Check at Counter","square_footage":"0"},"geometry":{"type":"Point","coordinates":[-118.37409,34.08581]}},{"type":"Feature","properties":{"date":"2009-11-10T00:00:00.000Z","year":2009,"description":"Demolish (e) 1-story sfd located at front of lot as required by Board File #090064.Method of Demo: Handwrecking","metadescription":"Bldg-Demolition. 1 or 2 Family Dwelling. Demolish (e) 1-story sfd located at front of lot as required by Board File #090064.Method of Demo: Handwrecking. Permit Finaled. 1319 N MARTEL AVE","address":"1-24, 1319 North Martel Avenue, CA, Los Angeles, 90046, US","ct":"1899.02","ev":"N","apc":"Central","cpa":"Hollywood","zone":"R3-1","solar":"N","pin_nbr":"144B181  1225","use_code":"1","geolocation":"POINT (-118.35087 34.09499)","status_date":"12/04/2009","permit_group":"Building","refresh_time":"06/10/2026","type_lat_lon":"ADDRESS","business_unit":"Plan Check at Counter"},"geometry":{"type":"Point","coordinates":[-118.35087,34.09499]}},{"type":"Feature","properties":{"date":"2009-09-18T00:00:00.000Z","year":2009,"description":"COMBINED PERMIT TO DEMOLISH ONE STORY SFD AND DETTACHED GARAGE. USE HANDWRECKING METHOD ; FENCE AND CLEAR LOT.","metadescription":"Bldg-Demolition. 1 or 2 Family Dwelling. COMBINED PERMIT TO DEMOLISH ONE STORY SFD AND DETTACHED GARAGE. USE HANDWRECKING METHOD ; FENCE AND CLEAR LOT.. Permit Expired. 756 N SWEETZER AVE","address":"8272 Waring Avenue, CA, Los Angeles, 90046, US","ct":"1944.00","ev":"N","apc":"Central","cpa":"Hollywood","zone":"[Q]R3-1","solar":"N","pin_nbr":"141B173   215","use_code":"1","geolocation":"POINT (-118.37013 34.08524)","status_date":"05/28/2012","permit_group":"Building","refresh_time":"06/10/2026","type_lat_lon":"ADDRESS","business_unit":"Plan Check at Counter","square_footage":"0"},"geometry":{"type":"Point","coordinates":[-118.37013,34.08524]}},{"type":"Feature","properties":{"date":"2009-09-09T00:00:00.000Z","year":2009,"description":"TENANT IMPROVEMENT TO EXISTING 1ST FLOOR RETAIL. REMODEL TO EXISTING COMMERCIAL BUILDING. DEMOLISH EXISTING FLOOR AREA (3038 SQ FT) ON 1ST, 2ND AND 3RD FLOOR OF EXISTING BUILDING. ADDITION OF (363 SQ FT) ON 1ST FLOOR. \"COMPLY WITH DEPARTMENT ORDER effective date05/22/2009. PERMIT WILL EXPIRE 30 DAYS FROM ISSUANCE DATE\".","metadescription":"Bldg-Addition. Commercial. TENANT IMPROVEMENT TO EXISTING 1ST FLOOR RETAIL. REMODEL TO EXISTING COMMERCIAL BUILDING. DEMOLISH EXISTING FLOOR AREA (3038 SQ FT) ON 1ST, 2ND AND 3RD FLOOR OF EXISTING BUILDING. ADDITION OF (363 SQ FT) ON 1ST FLOOR. \"COMPLY WITH DEPARTMENT ORDER effective date05/22/2009. PERMIT WILL EXPIRE 30 DAYS FROM ISSUANCE DATE\".. CofO Issued. 8378 W MELROSE AVE","address":"8378 Melrose Avenue, CA, Los Angeles, 90048, US","ct":"1944.00","ev":"N","apc":"Central","cpa":"Hollywood","zone":"C4-1XL","solar":"N","pin_nbr":"141B173  1776","use_code":"13","geolocation":"POINT (-118.37285 34.08341)","status_date":"04/13/2012","construction":"Type V-B Construction","permit_group":"Building","refresh_time":"06/10/2026","type_lat_lon":"ADDRESS","business_unit":"Regular Plan Check","square_footage":"-2675"},"geometry":{"type":"Point","coordinates":[-118.37285,34.08341]}},{"type":"Feature","properties":{"date":"2009-08-25T00:00:00.000Z","year":2009,"description":"EARLY START INTERIOR DEMO PERMIT.  REMOVE (E) PARTITIONS, DOORS, CEILING, FIXTURES, ETC. FOR FUTURE T.I. FINISH.","metadescription":"Bldg-Alter/Repair. Commercial. EARLY START INTERIOR DEMO PERMIT.  REMOVE (E) PARTITIONS, DOORS, CEILING, FIXTURES, ETC. FOR FUTURE T.I. FINISH.. Permit Finaled. 100 N ROBERTSON BLVD","address":"100 North Robertson Boulevard, CA, Los Angeles, 90048, US","ct":"2149.00","ev":"N","apc":"Central","cpa":"Wilshire","zone":"[Q]C2-1VL-O","solar":"N","pin_nbr":"138B169   337","use_code":"16","geolocation":"POINT (-118.38359 34.0755)","status_date":"11/17/2009","permit_group":"Building","refresh_time":"06/10/2026","type_lat_lon":"ADDRESS","business_unit":"Plan Check at Counter"},"geometry":{"type":"Point","coordinates":[-118.38359,34.0755]}},{"type":"Feature","properties":{"date":"2009-07-21T00:00:00.000Z","year":2009,"description":"T. I.   DEMO & CONSTRUCT  NON-BEARING INTERIOR PARTITIONS IN 4TH, 5TH, 6TH, 7TH FLOOR","metadescription":"Bldg-Alter/Repair. Commercial. T. I.   DEMO & CONSTRUCT  NON-BEARING INTERIOR PARTITIONS IN 4TH, 5TH, 6TH, 7TH FLOOR. Permit Finaled. 116 N ROBERTSON BLVD 4TH, 5TH,-6TH,7TH FL","address":"116 North Robertson Boulevard, CA, Los Angeles, 90048, US","ct":"2149.00","ev":"N","apc":"Central","cpa":"Wilshire","zone":"[Q]C2-1VL-O","solar":"N","pin_nbr":"138B169   244","use_code":"13","geolocation":"POINT (-118.38356 34.0758)","status_date":"10/19/2009","permit_group":"Building","refresh_time":"06/10/2026","type_lat_lon":"ADDRESS","business_unit":"Appointment Plan Check"},"geometry":{"type":"Point","coordinates":[-118.38356,34.0758]}},{"type":"Feature","properties":{"date":"2009-07-13T00:00:00.000Z","year":2009,"description":"EARLY START INTERIOR NON-STRUCTURAL DEMOLITION PERMIT FOR EXISTING RESTAURANT.","metadescription":"Bldg-Alter/Repair. Commercial. EARLY START INTERIOR NON-STRUCTURAL DEMOLITION PERMIT FOR EXISTING RESTAURANT.. Permit Expired. 8284 W MELROSE AVE","address":"8284 Melrose Avenue, CA, Los Angeles, 90046, US","ct":"1944.00","ev":"N","apc":"Central","cpa":"Hollywood","zone":"C4-1XL","solar":"N","pin_nbr":"141B173   481","use_code":"17","geolocation":"POINT (-118.37011768 34.08342179)","status_date":"04/24/2012","permit_group":"Building","refresh_time":"06/10/2026","type_lat_lon":"PIN","business_unit":"Plan Check at Counter"},"geometry":{"type":"Point","coordinates":[-118.37011768,34.08342179]}},{"type":"Feature","properties":{"date":"2009-06-12T00:00:00.000Z","year":2009,"description":"PARTIAL DEMOLITION AND RECONSTRUCTION OF EXISTING RESTROOMS, ADD GLASS WASHROOM, ADD TISSUE CULTURE ROOMS, REVISE CEILING HEIGHTS AND ADD STRUCTURAL DETAILS.  SUPPLEMENTAL TO 07016-10000-24507.","metadescription":"Bldg-Alter/Repair. Commercial. PARTIAL DEMOLITION AND RECONSTRUCTION OF EXISTING RESTROOMS, ADD GLASS WASHROOM, ADD TISSUE CULTURE ROOMS, REVISE CEILING HEIGHTS AND ADD STRUCTURAL DETAILS.  SUPPLEMENTAL TO 07016-10000-24507.. Permit Finaled. 8723 W ALDEN DR","address":"8741 Alden Drive, CA, Los Angeles, 90048, US","ct":"2149.00","ev":"N","apc":"Central","cpa":"Wilshire","zone":"[T][Q]C2-2D-O","solar":"N","pin_nbr":"138B169   245","use_code":"13","geolocation":"POINT (-118.38272 34.0754)","status_date":"09/02/2011","permit_group":"Building","refresh_time":"06/10/2026","type_lat_lon":"ADDRESS","business_unit":"Regular Plan Check"},"geometry":{"type":"Point","coordinates":[-118.38272,34.0754]}},{"type":"Feature","properties":{"date":"2009-01-08T00:00:00.000Z","year":2009,"description":"DEMOLISH (E) GARAGE","metadescription":"Bldg-Demolition. 1 or 2 Family Dwelling. DEMOLISH (E) GARAGE. Permit Finaled. 353 N SWEETZER AVE","address":"353 North Sweetzer Avenue, CA, Los Angeles, 90048, US","ct":"1945.00","ev":"N","apc":"Central","cpa":"Wilshire","zone":"R1-1","solar":"N","pin_nbr":"138B173   174","use_code":"7","geolocation":"POINT (-118.37014 34.07754)","status_date":"05/21/2009","permit_group":"Building","refresh_time":"06/10/2026","type_lat_lon":"ADDRESS","business_unit":"Plan Check at Counter"},"geometry":{"type":"Point","coordinates":[-118.37014,34.07754]}},{"type":"Feature","properties":{"date":"2008-11-03T00:00:00.000Z","year":2008,"description":"DEMOLISH (E) 1-STORY DETTACHED GARAGE WITH ATTACHED STORAGE (400SF). DPI# 08019-30000-01913","metadescription":"Bldg-Demolition. 1 or 2 Family Dwelling. DEMOLISH (E) 1-STORY DETTACHED GARAGE WITH ATTACHED STORAGE (400SF). DPI# 08019-30000-01913. Permit Finaled. 454 N ORLANDO AVE","address":"454 North Orlando Avenue, CA, Los Angeles, 90048, US","ct":"1945.00","ev":"N","apc":"Central","cpa":"Wilshire","zone":"R1-1-O","solar":"N","height":"0","pin_nbr":"141B173  1208","use_code":"7","geolocation":"POINT (-118.37302 34.07969)","status_date":"10/08/2009","construction":"Type V-B Construction","permit_group":"Building","refresh_time":"06/10/2026","type_lat_lon":"ADDRESS","business_unit":"Plan Check at Counter","square_footage":"0"},"geometry":{"type":"Point","coordinates":[-118.37302,34.07969]}},{"type":"Feature","properties":{"date":"2008-10-02T00:00:00.000Z","year":2008,"description":"DEMOLITION OF NON-LOAD BEARING PARTITIONS, DOORS, CEILING AND FINISHES.  INSTALL NEW NON-LOAD BEARING PARTITIONS, DOORS, CEILING AND FINISHES.  T.I.","metadescription":"Bldg-Alter/Repair. Commercial. DEMOLITION OF NON-LOAD BEARING PARTITIONS, DOORS, CEILING AND FINISHES.  INSTALL NEW NON-LOAD BEARING PARTITIONS, DOORS, CEILING AND FINISHES.  T.I.. Permit Finaled. 962 N LA CIENEGA BLVD","address":"962 North La Cienega Boulevard, CA, West Hollywood, 90069, US","ct":"1944.00","ev":"N","apc":"Central","cpa":"Hollywood","zone":"C4-1VL","solar":"N","pin_nbr":"144B173   227","use_code":"13","geolocation":"POINT (-118.37623 34.0884)","status_date":"03/19/2009","permit_group":"Building","refresh_time":"06/10/2026","type_lat_lon":"ADDRESS","business_unit":"Plan Check at Counter"},"geometry":{"type":"Point","coordinates":[-118.37623,34.0884]}},{"type":"Feature","properties":{"date":"2008-07-25T00:00:00.000Z","year":2008,"description":"DEMOLISH 18'X18' TWO CAR GARAGE , SEWER CAP NOT REQUIRED. NEW GARAGE UNDER PERMIT # 08010-30000-01389.","metadescription":"Bldg-Demolition. 1 or 2 Family Dwelling. DEMOLISH 18'X18' TWO CAR GARAGE , SEWER CAP NOT REQUIRED. NEW GARAGE UNDER PERMIT # 08010-30000-01389.. Permit Finaled. 359 N SWEETZER AVE","address":"359 North Sweetzer Avenue, CA, Los Angeles, 90048, US","ct":"1945.00","ev":"N","apc":"Central","cpa":"Wilshire","zone":"R1-1","solar":"N","pin_nbr":"138B173   148","use_code":"7","geolocation":"POINT (-118.37014 34.07768)","status_date":"10/28/2008","permit_group":"Building","refresh_time":"06/10/2026","type_lat_lon":"ADDRESS","business_unit":"Appointment Plan Check","square_footage":"0"},"geometry":{"type":"Point","coordinates":[-118.37014,34.07768]}},{"type":"Feature","properties":{"date":"2008-07-25T00:00:00.000Z","year":2008,"description":"TI AND ADDITION/DEMOLISH PORTION OF (E) BUILDING.   SHELL PERMIT ONLY (NO CHANGE OF USE, NO INCREASED SQ FOOTAGE)","metadescription":"Bldg-Addition. Commercial. TI AND ADDITION/DEMOLISH PORTION OF (E) BUILDING.   SHELL PERMIT ONLY (NO CHANGE OF USE, NO INCREASED SQ FOOTAGE). CofO Issued. 739-741 N LA CIENEGA BLVD","address":"8502 Sherwood Drive, CA, West Hollywood, 90069, US","ct":"1944.00","ev":"N","apc":"Central","cpa":"Hollywood","zone":"C4-1VL","solar":"N","pin_nbr":"141B173   300","use_code":"16","geolocation":"POINT (-118.37673288 34.0847115)","status_date":"09/23/2013","construction":"Type V-B Construction","permit_group":"Building","refresh_time":"06/10/2026","type_lat_lon":"PIN","business_unit":"Regular Plan Check","square_footage":"0"},"geometry":{"type":"Point","coordinates":[-118.37673288,34.0847115]}},{"type":"Feature","properties":{"date":"2008-06-09T00:00:00.000Z","year":2008,"description":"EARLY START PERMIT,  DEMOLITION OF THE NON-BAEARING WALL ON THE 3RD FLOOR.","metadescription":"Bldg-Alter/Repair. Commercial. EARLY START PERMIT,  DEMOLITION OF THE NON-BAEARING WALL ON THE 3RD FLOOR.. Permit Finaled. 8723 W ALDEN DR","address":"8741 Alden Drive, CA, Los Angeles, 90048, US","ct":"2149.00","ev":"N","apc":"Central","cpa":"Wilshire","zone":"[T][Q]C2-2D-O","solar":"N","pin_nbr":"138B169   245","use_code":"13","geolocation":"POINT (-118.38272 34.0754)","status_date":"09/06/2011","permit_group":"Building","refresh_time":"06/10/2026","type_lat_lon":"ADDRESS","business_unit":"Plan Check at Counter"},"geometry":{"type":"Point","coordinates":[-118.38272,34.0754]}},{"type":"Feature","properties":{"date":"2008-05-07T00:00:00.000Z","year":2008,"description":"DEMOLISH EXISTING SINGLE FAMILY DWELLING WITH DETACHED GARAGE. DEMOLISH BY HANDWRECK. DPI LOG # L0699. CLEAR LOT.","metadescription":"Bldg-Demolition. 1 or 2 Family Dwelling. DEMOLISH EXISTING SINGLE FAMILY DWELLING WITH DETACHED GARAGE. DEMOLISH BY HANDWRECK. DPI LOG # L0699. CLEAR LOT.. Permit Finaled. 841 N CRESCENT HEIGHTS BLVD","address":"841 North Crescent Heights Boulevard, CA, Los Angeles, 90046, US","ct":"1944.00","ev":"N","apc":"Central","cpa":"Hollywood","zone":"R1-1","solar":"N","pin_nbr":"141B177    66","use_code":"1","geolocation":"POINT (-118.36607 34.08663)","status_date":"06/15/2009","permit_group":"Building","refresh_time":"06/10/2026","type_lat_lon":"ADDRESS","business_unit":"Plan Check at Counter","square_footage":"0"},"geometry":{"type":"Point","coordinates":[-118.36607,34.08663]}},{"type":"Feature","properties":{"date":"2008-04-28T00:00:00.000Z","year":2008,"description":"EARLY START PERMIT - INTERIOR DEMO OF NON BEARING PARTITIONS ONLY.","metadescription":"Bldg-Alter/Repair. Commercial. EARLY START PERMIT - INTERIOR DEMO OF NON BEARING PARTITIONS ONLY.. Permit Finaled. 101-103 S ROBERTSON BLVD","address":"101 South Robertson Boulevard, CA, Los Angeles, 90048, US","ct":"2149.00","ev":"N","apc":"Central","cpa":"Wilshire","zone":"[Q]C2-1VL-O","solar":"N","pin_nbr":"138B169   372","use_code":"16","geolocation":"POINT (-118.38391 34.07513)","status_date":"05/14/2008","permit_group":"Building","refresh_time":"06/10/2026","type_lat_lon":"ADDRESS","business_unit":"Plan Check at Counter"},"geometry":{"type":"Point","coordinates":[-118.38391,34.07513]}},{"type":"Feature","properties":{"date":"2008-04-16T00:00:00.000Z","year":2008,"description":"DEMOLISH (E) 2 STORY HOUSE AND DETACHED GARAGE","metadescription":"Bldg-Demolition. 1 or 2 Family Dwelling. DEMOLISH (E) 2 STORY HOUSE AND DETACHED GARAGE. Permit Finaled. 600 N SWEETZER AVE","address":"600 North Sweetzer Avenue, CA, Los Angeles, 90048, US","ct":"1944.00","ev":"N","apc":"Central","cpa":"Hollywood","zone":"RD1.5-1XL","solar":"N","pin_nbr":"141B173   823","use_code":"1","geolocation":"POINT (-118.37016 34.08162)","status_date":"06/20/2008","permit_group":"Building","refresh_time":"06/10/2026","type_lat_lon":"ADDRESS","business_unit":"Plan Check at Counter","square_footage":"0"},"geometry":{"type":"Point","coordinates":[-118.37016,34.08162]}},{"type":"Feature","properties":{"date":"2008-04-09T00:00:00.000Z","year":2008,"description":"TENANT IMPROVEMENT OF AN EXISTING RETAIL SPACE: DEMOLITION AND CONSTRUCTION OF INTERIOR NON BEARING PARTITIONS. NEW EQUIPEMENTS AND FINISHES. (N) HVAC UNIT ON (E) ROOF.","metadescription":"Bldg-Alter/Repair. Commercial. TENANT IMPROVEMENT OF AN EXISTING RETAIL SPACE: DEMOLITION AND CONSTRUCTION OF INTERIOR NON BEARING PARTITIONS. NEW EQUIPEMENTS AND FINISHES. (N) HVAC UNIT ON (E) ROOF.. Permit Finaled. 140 S ROBERTSON BLVD","address":"140 South Robertson Boulevard, CA, Los Angeles, 90048, US","ct":"2149.00","ev":"N","apc":"Central","cpa":"Wilshire","zone":"[Q]C2-1VL-O","solar":"N","pin_nbr":"138B169   454","use_code":"16","geolocation":"POINT (-118.38359 34.0743)","status_date":"06/18/2008","permit_group":"Building","refresh_time":"06/10/2026","type_lat_lon":"ADDRESS","business_unit":"Plan Check at Counter"},"geometry":{"type":"Point","coordinates":[-118.38359,34.0743]}},{"type":"Feature","properties":{"date":"2008-03-27T00:00:00.000Z","year":2008,"description":"MAJOR REMODEL OF EXISTING RETAIL. \" SHELL ONLY\" (FUTURE TI WORK UNDER SEPARATE PERMIT): PARTIAL DEMOLITION, NEW STOREFRONT, ROOFING, DOORS/WINDOWS, EXTERIOR FINISHES.","metadescription":"Bldg-Alter/Repair. Commercial. MAJOR REMODEL OF EXISTING RETAIL. \" SHELL ONLY\" (FUTURE TI WORK UNDER SEPARATE PERMIT): PARTIAL DEMOLITION, NEW STOREFRONT, ROOFING, DOORS/WINDOWS, EXTERIOR FINISHES.. Permit Finaled. 143 N ROBERTSON BLVD","address":"143 North Robertson Boulevard, CA, Los Angeles, 90048, US","ct":"2149.00","ev":"N","apc":"Central","cpa":"Wilshire","zone":"[Q]C2-1VL-O","solar":"N","pin_nbr":"138B169   263","use_code":"16","geolocation":"POINT (-118.38389 34.07643)","status_date":"09/24/2008","permit_group":"Building","refresh_time":"06/10/2026","type_lat_lon":"ADDRESS","business_unit":"Regular Plan Check"},"geometry":{"type":"Point","coordinates":[-118.38389,34.07643]}},{"type":"Feature","properties":{"date":"2008-03-05T00:00:00.000Z","year":2008,"description":"DEMO (E) SFD AND GARAGE TO CLEAR LOT","metadescription":"Bldg-Demolition. 1 or 2 Family Dwelling. DEMO (E) SFD AND GARAGE TO CLEAR LOT. Permit Finaled. 458 N FLORES ST","address":"458 North Flores Street, CA, Los Angeles, 90048, US","ct":"1945.00","ev":"N","apc":"Central","cpa":"Wilshire","zone":"R1-1","solar":"N","pin_nbr":"141B173  1177","use_code":"1","geolocation":"POINT (-118.37094 34.07982)","status_date":"08/04/2009","permit_group":"Building","refresh_time":"06/10/2026","type_lat_lon":"ADDRESS","business_unit":"Plan Check at Counter"},"geometry":{"type":"Point","coordinates":[-118.37094,34.07982]}},{"type":"Feature","properties":{"date":"2007-12-04T00:00:00.000Z","year":2007,"description":"Addition of a new 2.5'x 20' canopy @ entry.  Demo and replace damaged rails.   New rails to match existing conditions.","metadescription":"Bldg-Alter/Repair. Apartment. Addition of a new 2.5'x 20' canopy @ entry.  Demo and replace damaged rails.   New rails to match existing conditions.. Permit Finaled. 931 N ALFRED ST 1-18","address":"1-18, 931 North Alfred Street, CA, West Hollywood, 90069, US","ct":"1944.00","ev":"N","apc":"Central","cpa":"Hollywood","zone":"[Q]R3-1","solar":"N","pin_nbr":"144B173   276","use_code":"5","geolocation":"POINT (-118.37541 34.08792)","status_date":"08/05/2008","permit_group":"Building","refresh_time":"06/10/2026","type_lat_lon":"ADDRESS","business_unit":"Plan Check at Counter"},"geometry":{"type":"Point","coordinates":[-118.37541,34.08792]}},{"type":"Feature","properties":{"date":"2007-10-29T00:00:00.000Z","year":2007,"description":"INTERIOR NON-BEARING PARTITION WALL, AND A/C SOFFIT CONSTRUCTION. THIS WORK OCCURS IN EVERY UNIT. NO WALL DEMOLITION UNDER THIS PERMIT.","metadescription":"Bldg-Alter/Repair. Apartment. INTERIOR NON-BEARING PARTITION WALL, AND A/C SOFFIT CONSTRUCTION. THIS WORK OCCURS IN EVERY UNIT. NO WALL DEMOLITION UNDER THIS PERMIT.. Permit Finaled. 931 N ALFRED ST 1-18","address":"1-18, 931 North Alfred Street, CA, West Hollywood, 90069, US","ct":"1944.00","ev":"N","apc":"Central","cpa":"Hollywood","zone":"[Q]R3-1","solar":"N","pin_nbr":"144B173   276","use_code":"5","geolocation":"POINT (-118.37541 34.08792)","status_date":"08/05/2008","permit_group":"Building","refresh_time":"06/10/2026","type_lat_lon":"ADDRESS","business_unit":"Plan Check at Counter"},"geometry":{"type":"Point","coordinates":[-118.37541,34.08792]}},{"type":"Feature","properties":{"date":"2007-10-26T00:00:00.000Z","year":2007,"description":"EARLY START DEMO. Demolition of non structural int. partitions & store fixtures at first floor tenant space.","metadescription":"Bldg-Alter/Repair. Commercial. EARLY START DEMO. Demolition of non structural int. partitions & store fixtures at first floor tenant space.. Permit Finaled. 360 N LA CIENEGA BLVD First Flr","address":"360 North La Cienega Boulevard, CA, Los Angeles, 90048, US","ct":"1945.00","ev":"N","apc":"Central","cpa":"Wilshire","zone":"C2-1VL-O","solar":"N","pin_nbr":"138B173   138","use_code":"16","geolocation":"POINT (-118.37639 34.07775)","status_date":"01/25/2008","permit_group":"Building","refresh_time":"06/10/2026","type_lat_lon":"ADDRESS","business_unit":"Plan Check at Counter"},"geometry":{"type":"Point","coordinates":[-118.37639,34.07775]}},{"type":"Feature","properties":{"date":"2007-10-04T00:00:00.000Z","year":2007,"description":"Demo existing garage by handwreck and or dozer.  New garage under permit # 07014-30000-04830. (DPI # L 0491)","metadescription":"Bldg-Demolition. 1 or 2 Family Dwelling. Demo existing garage by handwreck and or dozer.  New garage under permit # 07014-30000-04830. (DPI # L 0491). Permit Finaled. 844-846 N LA JOLLA AVE","address":"844 North La Jolla Avenue, CA, Los Angeles, 90046, US","ct":"1944.00","ev":"N","apc":"Central","cpa":"Hollywood","zone":"R2-1XL","solar":"N","pin_nbr":"141B173    34","use_code":"7","geolocation":"POINT (-118.36789 34.08664)","status_date":"11/15/2007","permit_group":"Building","refresh_time":"06/10/2026","type_lat_lon":"ADDRESS","business_unit":"Plan Check at Counter","square_footage":"0"},"geometry":{"type":"Point","coordinates":[-118.36789,34.08664]}},{"type":"Feature","properties":{"date":"2007-09-21T00:00:00.000Z","year":2007,"description":"DEMOLITION OF ONE-STORY SINGLE FAMILY DWELLING AND DETACHED GARAGE. HANDWRECKING METHOD. CLEAR LOT. SEWER CAP REQUIRED.","metadescription":"Bldg-Demolition. 1 or 2 Family Dwelling. DEMOLITION OF ONE-STORY SINGLE FAMILY DWELLING AND DETACHED GARAGE. HANDWRECKING METHOD. CLEAR LOT. SEWER CAP REQUIRED.. Permit Finaled. 454 N KINGS ROAD","address":"454 North Kings Road, CA, Los Angeles, 90048, US","ct":"1945.00","ev":"N","apc":"Central","cpa":"Wilshire","zone":"R1-1","solar":"N","pin_nbr":"141B173  1205","use_code":"1","geolocation":"POINT (-118.37199 34.07969)","status_date":"11/05/2008","construction":"Type V-N Construction","permit_group":"Building","refresh_time":"06/10/2026","type_lat_lon":"ADDRESS","business_unit":"Plan Check at Counter","square_footage":"0"},"geometry":{"type":"Point","coordinates":[-118.37199,34.07969]}},{"type":"Feature","properties":{"date":"2007-09-17T00:00:00.000Z","year":2007,"description":"EARLY START PERMIT DEMOLITION OF INTERIOR NON-BEARING PARTITION IN 1ST FLOOR ONLY.","metadescription":"Bldg-Alter/Repair. Commercial. EARLY START PERMIT DEMOLITION OF INTERIOR NON-BEARING PARTITION IN 1ST FLOOR ONLY.. Permit Finaled. 8424 W MELROSE PL","address":"8424 Melrose Place, CA, West Hollywood, 90069, US","ct":"1944.00","ev":"N","apc":"Central","cpa":"Hollywood","zone":"C4-1XL","solar":"N","pin_nbr":"141B173   504","use_code":"16","geolocation":"POINT (-118.37421 34.08342)","status_date":"01/16/2008","permit_group":"Building","refresh_time":"06/10/2026","type_lat_lon":"ADDRESS","business_unit":"Plan Check at Counter"},"geometry":{"type":"Point","coordinates":[-118.37421,34.08342]}},{"type":"Feature","properties":{"date":"2007-09-07T00:00:00.000Z","year":2007,"description":"EARLY START PERMIT TO DO DEMO PREP WORK ON AN 18-UNIT APARTMENT BUILDING.  REMOVE DOORS, WINDOW, KITCHEN CABINETS & APPLIANCES, CARPETING, BATHROOM FIXTURES, TILES & PLUMBING.  REMOVE ALL FLOOR FINISHES AND LIGHTINGS.  WORK TO COMPLY WITH P/BC 2002-097 SECTION II.** NO STRUTURAL WORK OR NEW TENANT IMPROVEMENT **","metadescription":"Bldg-Alter/Repair. Apartment. EARLY START PERMIT TO DO DEMO PREP WORK ON AN 18-UNIT APARTMENT BUILDING.  REMOVE DOORS, WINDOW, KITCHEN CABINETS & APPLIANCES, CARPETING, BATHROOM FIXTURES, TILES & PLUMBING.  REMOVE ALL FLOOR FINISHES AND LIGHTINGS.  WORK TO COMPLY WITH P/BC 2002-097 SECTION II.** NO STRUTURAL WORK OR NEW TENANT IMPROVEMENT **. Permit Finaled. 931 N ALFRED ST 1-18","address":"1-18, 931 North Alfred Street, CA, West Hollywood, 90069, US","ct":"1944.00","ev":"N","apc":"Central","cpa":"Hollywood","zone":"[Q]R3-1","solar":"N","pin_nbr":"144B173   276","use_code":"5","geolocation":"POINT (-118.37541 34.08792)","status_date":"09/12/2008","permit_group":"Building","refresh_time":"06/10/2026","type_lat_lon":"ADDRESS","business_unit":"Plan Check at Counter"},"geometry":{"type":"Point","coordinates":[-118.37541,34.08792]}},{"type":"Feature","properties":{"date":"2007-08-22T00:00:00.000Z","year":2007,"description":"Demolition of interior walls and dropped ceiling per plans.  Replacement of storefront glass and doors.  Removal of awnings and security gates.  Removal of existing AC ducts.  New non load bearing walls for bathroom/office/storage.  New storefront.","metadescription":"Bldg-Alter/Repair. Commercial. Demolition of interior walls and dropped ceiling per plans.  Replacement of storefront glass and doors.  Removal of awnings and security gates.  Removal of existing AC ducts.  New non load bearing walls for bathroom/office/storage.  New storefront.. Permit Finaled. 8360 W MELROSE AVE","address":"101-108, 8360 Melrose Avenue, CA, Los Angeles, 90048, US","ct":"1944.00","ev":"N","apc":"Central","cpa":"Hollywood","zone":"C4-1XL","solar":"N","pin_nbr":"141B173   498","use_code":"16","geolocation":"POINT (-118.37235 34.08338)","status_date":"03/02/2009","permit_group":"Building","refresh_time":"06/10/2026","type_lat_lon":"ADDRESS","business_unit":"Plan Check at Counter"},"geometry":{"type":"Point","coordinates":[-118.37235,34.08338]}},{"type":"Feature","properties":{"date":"2007-08-08T00:00:00.000Z","year":2007,"description":"EARLY START PERMIT TO DEMOLISH NON-BEARING WALLS, HVAC AND CONSTRUCT TEMPORARY CORRIDOR FOR FUTURE USE DURING DEMOLISHING.  EXISTING 1 HR CORRIDOR TO BE MAINTAINED.","metadescription":"Bldg-Alter/Repair. Commercial. EARLY START PERMIT TO DEMOLISH NON-BEARING WALLS, HVAC AND CONSTRUCT TEMPORARY CORRIDOR FOR FUTURE USE DURING DEMOLISHING.  EXISTING 1 HR CORRIDOR TO BE MAINTAINED.. Permit Finaled. 120 N ROBERTSON BLVD 2ND FL","address":"120 North Robertson Boulevard, CA, Los Angeles, 90048, US","ct":"2149.00","ev":"N","apc":"Central","cpa":"Wilshire","zone":"[Q]C2-1VL-O","solar":"N","pin_nbr":"138B169   244","use_code":"13","geolocation":"POINT (-118.38356 34.07585)","status_date":"12/26/2007","permit_group":"Building","refresh_time":"06/10/2026","type_lat_lon":"ADDRESS","business_unit":"Plan Check at Counter"},"geometry":{"type":"Point","coordinates":[-118.38356,34.07585]}},{"type":"Feature","properties":{"date":"2007-07-09T00:00:00.000Z","year":2007,"description":"DEMO (E) SFD AND DETACHED GARAGE _ CLEAR THE LOT (DPI UNDER #Z 7124)","metadescription":"Bldg-Demolition. 1 or 2 Family Dwelling. DEMO (E) SFD AND DETACHED GARAGE _ CLEAR THE LOT (DPI UNDER #Z 7124). Permit Finaled. 459 N SWEETZER AVE","address":"465 North Sweetzer Avenue, CA, Los Angeles, 90048, US","ct":"1945.00","ev":"N","apc":"Central","cpa":"Wilshire","zone":"R1-1","solar":"N","pin_nbr":"141B173  1175","use_code":"1","geolocation":"POINT (-118.37015 34.07982)","status_date":"02/27/2008","permit_group":"Building","refresh_time":"06/10/2026","type_lat_lon":"ADDRESS","business_unit":"Plan Check at Counter","square_footage":"0"},"geometry":{"type":"Point","coordinates":[-118.37015,34.07982]}},{"type":"Feature","properties":{"date":"2007-05-21T00:00:00.000Z","year":2007,"description":"TENANT IMPROVEMENT OF (E) 7TH FLOOR OFFICE - DEMOLITION OF ALL EXISTING NON-RATED PARTITIONS.  CONSTRUCTION OF NEW PARTITIONS TO BUILD OUT PRIVATE OFFICES, 2 CONFERENCE ROOMS, 2 COPY ROOMS AND A SOUND BOOTH.  NEW STAIRS UNDER SEPERATE PERMIT. ( A= 10,568 SF).","metadescription":"Bldg-Alter/Repair. Commercial. TENANT IMPROVEMENT OF (E) 7TH FLOOR OFFICE - DEMOLITION OF ALL EXISTING NON-RATED PARTITIONS.  CONSTRUCTION OF NEW PARTITIONS TO BUILD OUT PRIVATE OFFICES, 2 CONFERENCE ROOMS, 2 COPY ROOMS AND A SOUND BOOTH.  NEW STAIRS UNDER SEPERATE PERMIT. ( A= 10,568 SF).. Permit Finaled. 116 N ROBERTSON BLVD 7TH FLOOR","address":"116 North Robertson Boulevard, CA, Los Angeles, 90048, US","ct":"2149.00","ev":"N","apc":"Central","cpa":"Wilshire","zone":"[Q]C2-1VL-O","solar":"N","pin_nbr":"138B169   322","use_code":"13","geolocation":"POINT (-118.38356 34.0758)","status_date":"09/25/2008","permit_group":"Building","refresh_time":"06/10/2026","type_lat_lon":"ADDRESS","business_unit":"Appointment Plan Check"},"geometry":{"type":"Point","coordinates":[-118.38356,34.0758]}},{"type":"Feature","properties":{"date":"2007-05-17T00:00:00.000Z","year":2007,"description":"EARLY START INTERIOR NON-STRUCTURAL DEMOLITION PERMIT ON THE  1ST AND 2ND FLOOR.","metadescription":"Bldg-Alter/Repair. Commercial. EARLY START INTERIOR NON-STRUCTURAL DEMOLITION PERMIT ON THE  1ST AND 2ND FLOOR.. Permit Finaled. 125 N ROBERTSON BLVD","address":"125 North Robertson Boulevard, CA, Los Angeles, 90048, US","ct":"2149.00","ev":"N","apc":"Central","cpa":"Wilshire","zone":"[Q]C2-1VL-O","solar":"N","pin_nbr":"138B169   291","use_code":"16","geolocation":"POINT (-118.38394 34.07598)","status_date":"10/07/2008","permit_group":"Building","refresh_time":"06/10/2026","type_lat_lon":"ADDRESS","business_unit":"Plan Check at Counter"},"geometry":{"type":"Point","coordinates":[-118.38394,34.07598]}},{"type":"Feature","properties":{"date":"2007-05-01T00:00:00.000Z","year":2007,"description":"Demolition of existing duplex over garage. Demo by handwreck. Sewer Cap is required. DPI log#14243. Clear and fence lot.","metadescription":"Bldg-Demolition. 1 or 2 Family Dwelling. Demolition of existing duplex over garage. Demo by handwreck. Sewer Cap is required. DPI log#14243. Clear and fence lot.. Permit Finaled. 1449 1/2-3/4 N POINSETTIA PL","address":"1-39, 1439 North Poinsettia Place, CA, Los Angeles, 90046, US","ct":"1899.02","ev":"N","apc":"Central","cpa":"Hollywood","zone":"R3-1","solar":"N","pin_nbr":"147B181   733","use_code":"2","geolocation":"POINT (-118.3486992 34.09731312)","status_date":"07/31/2007","permit_group":"Building","refresh_time":"06/10/2026","type_lat_lon":"PIN","business_unit":"Plan Check at Counter","square_footage":"0"},"geometry":{"type":"Point","coordinates":[-118.3486992,34.09731312]}},{"type":"Feature","properties":{"date":"2007-05-01T00:00:00.000Z","year":2007,"description":"DEMO EXISTING DUPLEX. . DEMO BY HAND WRECKING AND DOZER. SEWER CAP IS REQUIRED. PEDESTRIAN FENCE IS REQUIRED. DPI LOG # L 014241.","metadescription":"Bldg-Demolition. 1 or 2 Family Dwelling. DEMO EXISTING DUPLEX. . DEMO BY HAND WRECKING AND DOZER. SEWER CAP IS REQUIRED. PEDESTRIAN FENCE IS REQUIRED. DPI LOG # L 014241.. Permit Finaled. 1439-1439 1/2 N POINSETTIA PL","address":"1-39, 1439 North Poinsettia Place, CA, Los Angeles, 90046, US","ct":"1899.02","ev":"N","apc":"Central","cpa":"Hollywood","zone":"R3-1","solar":"N","pin_nbr":"147B181   777","use_code":"2","geolocation":"POINT (-118.34858 34.09717)","status_date":"07/31/2007","permit_group":"Building","refresh_time":"06/10/2026","type_lat_lon":"ADDRESS","business_unit":"Plan Check at Counter"},"geometry":{"type":"Point","coordinates":[-118.34858,34.09717]}},{"type":"Feature","properties":{"date":"2007-03-23T00:00:00.000Z","year":2007,"description":"DEMOLISH EXISTING 2 STORY APARTMENT BY HANDWRECK DPI - (L :14669)  SEWER CAP IS REQ'D, CLEAR AND FECE THE LOT.  PEDESTRIAN PROTECTION IS REQ'D.","metadescription":"Bldg-Demolition. Apartment. DEMOLISH EXISTING 2 STORY APARTMENT BY HANDWRECK DPI - (L :14669)  SEWER CAP IS REQ'D, CLEAR AND FECE THE LOT.  PEDESTRIAN PROTECTION IS REQ'D.. Permit Expired. 845 N CROFT AVE 1-6","address":"1-6, 845 North Croft Avenue, CA, West Hollywood, 90069, US","ct":"1944.00","ev":"N","apc":"Central","cpa":"Hollywood","zone":"R3-1","solar":"N","pin_nbr":"141B173    44","use_code":"5","geolocation":"POINT (-118.37447 34.08654)","status_date":"11/06/2009","permit_group":"Building","refresh_time":"06/10/2026","type_lat_lon":"ADDRESS","business_unit":"Plan Check at Counter","square_footage":"0"},"geometry":{"type":"Point","coordinates":[-118.37447,34.08654]}},{"type":"Feature","properties":{"date":"2007-03-23T00:00:00.000Z","year":2007,"description":"DEMOLISH EXISTING DETACHED GARAGE.  DEMO BY HANDWRECK, SEWER CAP IS NOT REQ'D, DPI #L14669","metadescription":"Bldg-Demolition. Apartment. DEMOLISH EXISTING DETACHED GARAGE.  DEMO BY HANDWRECK, SEWER CAP IS NOT REQ'D, DPI #L14669. Permit Expired. 845 N CROFT AVE 1-6","address":"1-6, 845 North Croft Avenue, CA, West Hollywood, 90069, US","ct":"1944.00","ev":"N","apc":"Central","cpa":"Hollywood","zone":"R3-1","solar":"N","pin_nbr":"141B173    44","use_code":"7","geolocation":"POINT (-118.37447 34.08654)","status_date":"11/09/2009","permit_group":"Building","refresh_time":"06/10/2026","type_lat_lon":"ADDRESS","business_unit":"Plan Check at Counter","square_footage":"0"},"geometry":{"type":"Point","coordinates":[-118.37447,34.08654]}},{"type":"Feature","properties":{"date":"2007-03-23T00:00:00.000Z","year":2007,"description":"DEMOLISH (E) 2 STORY APARTMENT. (DPI # L14670 WAS COMPLETED ON 11/21/2006)","metadescription":"Bldg-Demolition. Apartment. DEMOLISH (E) 2 STORY APARTMENT. (DPI # L14670 WAS COMPLETED ON 11/21/2006). Permit Expired. 847 N CROFT AVE 1-4","address":"1-4, 847 North Croft Avenue, CA, West Hollywood, 90069, US","ct":"1944.00","ev":"N","apc":"Central","cpa":"Hollywood","zone":"R3-1","solar":"N","pin_nbr":"141B173    26","use_code":"5","geolocation":"POINT (-118.37447 34.08661)","status_date":"11/06/2009","permit_group":"Building","refresh_time":"06/10/2026","type_lat_lon":"ADDRESS","business_unit":"Plan Check at Counter","square_footage":"0"},"geometry":{"type":"Point","coordinates":[-118.37447,34.08661]}},{"type":"Feature","properties":{"date":"2007-03-23T00:00:00.000Z","year":2007,"description":"DEMOLISH EXISTING 1 STORY DUPLEX AND DETACHED GARAGE.  DEMOLISH BY HANDWRECK OR DOZER. DPI LOG# L14668. SEWER CAP IS REQ'D, CLEAR AND FENCE THE LOT.","metadescription":"Bldg-Demolition. Apartment. DEMOLISH EXISTING 1 STORY DUPLEX AND DETACHED GARAGE.  DEMOLISH BY HANDWRECK OR DOZER. DPI LOG# L14668. SEWER CAP IS REQ'D, CLEAR AND FENCE THE LOT.. Permit Finaled. 839-841 N CROFT AVE","address":"839 North Croft Avenue, CA, West Hollywood, 90069, US","ct":"1944.00","ev":"N","apc":"Central","cpa":"Hollywood","zone":"R3-1","solar":"N","pin_nbr":"141B173    62","use_code":"2","geolocation":"POINT (-118.37442 34.08641)","status_date":"10/03/2007","permit_group":"Building","refresh_time":"06/10/2026","type_lat_lon":"ADDRESS","business_unit":"Plan Check at Counter","square_footage":"0"},"geometry":{"type":"Point","coordinates":[-118.37442,34.08641]}},{"type":"Feature","properties":{"date":"2007-03-23T00:00:00.000Z","year":2007,"description":"DEMOLISH EXISTING GARAGE.  (DPI # L14670 WAS COMPLETED ON 11/21/2006)","metadescription":"Bldg-Demolition. Apartment. DEMOLISH EXISTING GARAGE.  (DPI # L14670 WAS COMPLETED ON 11/21/2006). Permit Expired. 847 N CROFT AVE 1-4","address":"1-4, 847 North Croft Avenue, CA, West Hollywood, 90069, US","ct":"1944.00","ev":"N","apc":"Central","cpa":"Hollywood","zone":"R3-1","solar":"N","pin_nbr":"141B173    26","use_code":"7","geolocation":"POINT (-118.37447 34.08661)","status_date":"11/09/2009","permit_group":"Building","refresh_time":"06/10/2026","type_lat_lon":"ADDRESS","business_unit":"Plan Check at Counter"},"geometry":{"type":"Point","coordinates":[-118.37447,34.08661]}},{"type":"Feature","properties":{"date":"2007-01-25T00:00:00.000Z","year":2007,"description":"DEMO SFD W/ DETACHED GARAGE (CLEAR LOT)","metadescription":"Bldg-Demolition. 1 or 2 Family Dwelling. DEMO SFD W/ DETACHED GARAGE (CLEAR LOT). Permit Finaled. 419 N CROFT AVE","address":"419 North Croft Avenue, CA, Los Angeles, 90048, US","ct":"1945.00","ev":"N","apc":"Central","cpa":"Wilshire","zone":"R1-1-O","solar":"N","pin_nbr":"141B173  1386","use_code":"1","geolocation":"POINT (-118.37435 34.07875)","status_date":"05/07/2007","permit_group":"Building","refresh_time":"06/10/2026","type_lat_lon":"ADDRESS","business_unit":"Plan Check at Counter","square_footage":"0"},"geometry":{"type":"Point","coordinates":[-118.37435,34.07875]}},{"type":"Feature","properties":{"date":"2007-01-17T00:00:00.000Z","year":2007,"description":"INTERIOR DEMO TO ARCHITECTURAL FINISHES ONLY.","metadescription":"Bldg-Alter/Repair. Commercial. INTERIOR DEMO TO ARCHITECTURAL FINISHES ONLY.. Permit Finaled. 111 S ROBERTSON BLVD","address":"111 South Robertson Boulevard, CA, Los Angeles, 90048, US","ct":"2149.00","ev":"N","apc":"Central","cpa":"Wilshire","zone":"[Q]C2-1VL-O","solar":"N","pin_nbr":"138B169   406","use_code":"16","geolocation":"POINT (-118.38389 34.0749)","status_date":"11/16/2007","permit_group":"Building","refresh_time":"06/10/2026","type_lat_lon":"ADDRESS","business_unit":"Plan Check at Counter"},"geometry":{"type":"Point","coordinates":[-118.38389,34.0749]}},{"type":"Feature","properties":{"date":"2007-01-12T00:00:00.000Z","year":2007,"description":"EARLY START PERMIT. DEMO INTERIOR NON-STRUCTURAL DEMOLITION OF (E) RESTAURANT FOR PROPOSED RESTAURANT T.I. (06014�40000�09990)","metadescription":"Bldg-Alter/Repair. Commercial. EARLY START PERMIT. DEMO INTERIOR NON-STRUCTURAL DEMOLITION OF (E) RESTAURANT FOR PROPOSED RESTAURANT T.I. (06014�40000�09990). Permit Finaled. 903 N LA CIENEGA BLVD","address":"903 North La Cienega Boulevard, CA, West Hollywood, 90069, US","ct":"1944.00","ev":"N","apc":"Central","cpa":"Hollywood","zone":"C4-1VL","solar":"N","pin_nbr":"144B173   387","use_code":"17","geolocation":"POINT (-118.37664 34.08711)","status_date":"04/22/2008","permit_group":"Building","refresh_time":"06/10/2026","type_lat_lon":"ADDRESS","business_unit":"Plan Check at Counter"},"geometry":{"type":"Point","coordinates":[-118.37664,34.08711]}},{"type":"Feature","properties":{"date":"2006-12-08T00:00:00.000Z","year":2006,"description":"COMBINED PERMIT TO DEMOLISH ONE STORY DUPLEX  AND DETTACHED GARAGE AS PER ABATE ORDER DATED 11/16/06,  CASE # 184366, ORDER #A-1320938.  USE HANDWRECKING METHOD, FENCE AND CLEAR LOT. PERMIT EXPIRES  30 DAYS FROM ISSUANCE DATE.","metadescription":"Bldg-Demolition. 1 or 2 Family Dwelling. COMBINED PERMIT TO DEMOLISH ONE STORY DUPLEX  AND DETTACHED GARAGE AS PER ABATE ORDER DATED 11/16/06,  CASE # 184366, ORDER #A-1320938.  USE HANDWRECKING METHOD, FENCE AND CLEAR LOT. PERMIT EXPIRES  30 DAYS FROM ISSUANCE DATE.. Permit Finaled. 618-620 N HARPER AVE","address":"612 1/2 North Harper Avenue, CA, Los Angeles, 90048, US","ct":"1944.00","ev":"N","apc":"Central","cpa":"Hollywood","zone":"R1-1","solar":"N","pin_nbr":"141B173   736","use_code":"2","geolocation":"POINT (-118.36892 34.08204)","status_date":"12/21/2006","permit_group":"Building","refresh_time":"06/10/2026","type_lat_lon":"ADDRESS","business_unit":"Plan Check at Counter","square_footage":"0"},"geometry":{"type":"Point","coordinates":[-118.36892,34.08204]}},{"type":"Feature","properties":{"date":"2006-12-07T00:00:00.000Z","year":2006,"description":"DEMOLITION OF (E) SFD AND DETACHED GARAGE PER DPI Z1978.","metadescription":"Bldg-Demolition. 1 or 2 Family Dwelling. DEMOLITION OF (E) SFD AND DETACHED GARAGE PER DPI Z1978.. Permit Expired. 405 N FLORES ST","address":"405 North Flores Street, CA, Los Angeles, 90048, US","ct":"1945.00","ev":"N","apc":"Central","cpa":"Wilshire","zone":"R1-1","solar":"N","pin_nbr":"138B173    61","use_code":"1","geolocation":"POINT (-118.3712 34.07835)","status_date":"02/23/2009","construction":"Type V-N Construction","permit_group":"Building","refresh_time":"06/10/2026","type_lat_lon":"ADDRESS","business_unit":"Plan Check at Counter","square_footage":"0"},"geometry":{"type":"Point","coordinates":[-118.3712,34.07835]}},{"type":"Feature","properties":{"date":"2006-10-26T00:00:00.000Z","year":2006,"description":"DEMO (E) 1-STORY SFD W/ ATT GARAGE.Building strattles between the Hollywood/West Hollywood city limits line-- City of West Hollywood letter (dated Oct. 24, 2006) signed by Jenny Blount states that Demolition of the building is permitted without any objections.","metadescription":"Bldg-Demolition. 1 or 2 Family Dwelling. DEMO (E) 1-STORY SFD W/ ATT GARAGE.Building strattles between the Hollywood/West Hollywood city limits line-- City of West Hollywood letter (dated Oct. 24, 2006) signed by Jenny Blount states that Demolition of the building is permitted without any objections.. Permit Finaled. 636 N KINGS ROAD","address":"636 North Kings Road, CA, Los Angeles, 90048, US","ct":"1944.00","ev":"N","apc":"Central","cpa":"Hollywood","zone":"(T)(Q)C4-1","solar":"N","height":"-18","pin_nbr":"141B173   544","use_code":"1","geolocation":"POINT (-118.37206 34.08319)","status_date":"01/19/2007","construction":"Type V-N Construction","permit_group":"Building","refresh_time":"06/10/2026","type_lat_lon":"ADDRESS","business_unit":"Plan Check at Counter","square_footage":"-1200"},"geometry":{"type":"Point","coordinates":[-118.37206,34.08319]}},{"type":"Feature","properties":{"date":"2006-10-13T00:00:00.000Z","year":2006,"description":"Supplental permit 06016-10000-04784 to modify the demo plan (As built).","metadescription":"Bldg-Alter/Repair. Commercial. Supplental permit 06016-10000-04784 to modify the demo plan (As built).. Permit Finaled. 848 N LA CIENEGA BLVD","address":"201-207, 848 North La Cienega Boulevard, CA, West Hollywood, 90069, US","ct":"1944.00","ev":"N","apc":"Central","cpa":"Hollywood","zone":"C4-1VL","solar":"N","pin_nbr":"141B173    70","use_code":"17","geolocation":"POINT (-118.37624 34.08677)","status_date":"10/18/2006","permit_group":"Building","refresh_time":"06/10/2026","type_lat_lon":"ADDRESS","business_unit":"Plan Check at Counter"},"geometry":{"type":"Point","coordinates":[-118.37624,34.08677]}},{"type":"Feature","properties":{"date":"2006-09-26T00:00:00.000Z","year":2006,"description":"EARLY START INTERIOR DEMO-PORTION 1ST FLOOR.  REMOVE PARTITIONS AND FINISHES.","metadescription":"Bldg-Alter/Repair. Commercial. EARLY START INTERIOR DEMO-PORTION 1ST FLOOR.  REMOVE PARTITIONS AND FINISHES.. Permit Finaled. 8400 W MELROSE AVE","address":"8404 Melrose Avenue, CA, West Hollywood, 90069, US","ct":"1944.00","ev":"N","apc":"Central","cpa":"Hollywood","zone":"C4-1XL","solar":"N","pin_nbr":"141B173   526","use_code":"16","geolocation":"POINT (-118.37337517 34.08321005)","status_date":"09/05/2007","permit_group":"Building","refresh_time":"06/10/2026","type_lat_lon":"PIN","business_unit":"Plan Check at Counter"},"geometry":{"type":"Point","coordinates":[-118.37337517,34.08321005]}},{"type":"Feature","properties":{"date":"2006-09-21T00:00:00.000Z","year":2006,"description":"INT REMODEL, ADD HANDICAP RAMP & ADA COMPLIANT BATHROOMS, DEMOLISH EXISTING GARAGE. *** CHANGE OF USE FROM SFD W/GARAGE TO DAY CARE CENTER (20 CHILDREN MAX)***(PARKING:  2 STANDARD STALLS REQ'D)","metadescription":"Bldg-Alter/Repair. Commercial. INT REMODEL, ADD HANDICAP RAMP & ADA COMPLIANT BATHROOMS, DEMOLISH EXISTING GARAGE. *** CHANGE OF USE FROM SFD W/GARAGE TO DAY CARE CENTER (20 CHILDREN MAX)***(PARKING:  2 STANDARD STALLS REQ'D). CofO Issued. 803 N ALFRED ST","address":"803 North Alfred Street, CA, West Hollywood, 90069, US","ct":"1944.00","ev":"N","apc":"Central","cpa":"Hollywood","zone":"R3-1","solar":"N","pin_nbr":"141B173   199","use_code":"18","geolocation":"POINT (-118.37541 34.08552)","status_date":"03/12/2007","construction":"Type V-1HR Construction","permit_group":"Building","refresh_time":"06/10/2026","type_lat_lon":"ADDRESS","business_unit":"Regular Plan Check","square_footage":"1250"},"geometry":{"type":"Point","coordinates":[-118.37541,34.08552]}},{"type":"Feature","properties":{"date":"2006-09-20T00:00:00.000Z","year":2006,"description":"EARLY START INTERIOR DEMOLITION ON THE FIRST FLOOR OF AN (E) RESTAURANT (1987LA76138) - DEMOLISH NON STRUCTURAL INTERIOR WALLS, CARPET, CEILING, & TILE FLOORING.","metadescription":"Bldg-Alter/Repair. Commercial. EARLY START INTERIOR DEMOLITION ON THE FIRST FLOOR OF AN (E) RESTAURANT (1987LA76138) - DEMOLISH NON STRUCTURAL INTERIOR WALLS, CARPET, CEILING, & TILE FLOORING.. Permit Finaled. 8360 W MELROSE AVE","address":"101-108, 8360 Melrose Avenue, CA, Los Angeles, 90048, US","ct":"1944.00","ev":"N","apc":"Central","cpa":"Hollywood","zone":"C4-1XL","solar":"N","pin_nbr":"141B173   498","use_code":"17","geolocation":"POINT (-118.37235 34.08338)","status_date":"07/03/2007","permit_group":"Building","refresh_time":"06/10/2026","type_lat_lon":"ADDRESS","business_unit":"Plan Check at Counter"},"geometry":{"type":"Point","coordinates":[-118.37235,34.08338]}},{"type":"Feature","properties":{"date":"2006-08-24T00:00:00.000Z","year":2006,"description":"EARLY START PERMIT (INTERIOR DEMOLITION ONLY): DEMO NON-STRUCTURAL PARTITIONS & FINISHES  [ALL RESTROOMS TO REMAIN] AT FIRST AND SECOND FLOOR.","metadescription":"Bldg-Alter/Repair. Commercial. EARLY START PERMIT (INTERIOR DEMOLITION ONLY): DEMO NON-STRUCTURAL PARTITIONS & FINISHES  [ALL RESTROOMS TO REMAIN] AT FIRST AND SECOND FLOOR.. Permit Expired. 8450 W MELROSE PL","address":"8448 Melrose Place, CA, West Hollywood, 90069, US","ct":"1944.00","ev":"N","apc":"Central","cpa":"Hollywood","zone":"C4-1XL","solar":"N","pin_nbr":"141B173   510","use_code":"13","geolocation":"POINT (-118.37496954 34.08335599)","status_date":"12/01/2008","permit_group":"Building","refresh_time":"06/10/2026","type_lat_lon":"PIN","business_unit":"Plan Check at Counter"},"geometry":{"type":"Point","coordinates":[-118.37496954,34.08335599]}},{"type":"Feature","properties":{"date":"2006-08-01T00:00:00.000Z","year":2006,"description":"DEMO (E) 2-CAR GARAGE. PARKING STALL SHALL BE PROVIDED UNDER PERMIT 06010-10000-03178.","metadescription":"Bldg-Demolition. 1 or 2 Family Dwelling. DEMO (E) 2-CAR GARAGE. PARKING STALL SHALL BE PROVIDED UNDER PERMIT 06010-10000-03178.. Permit Finaled. 849 N GENESEE AVE","address":"849 North Genesee Avenue, CA, Los Angeles, 90046, US","ct":"1920.00","ev":"N","apc":"Central","cpa":"Hollywood","zone":"R2-1XL","solar":"N","height":"0","pin_nbr":"141B177    24","use_code":"7","geolocation":"POINT (-118.35856 34.08681)","status_date":"09/11/2006","construction":"Type V-N Construction","permit_group":"Building","refresh_time":"06/10/2026","type_lat_lon":"ADDRESS","business_unit":"Plan Check at Counter"},"geometry":{"type":"Point","coordinates":[-118.35856,34.08681]}},{"type":"Feature","properties":{"date":"2006-07-21T00:00:00.000Z","year":2006,"description":"demolish 6 car carport.","metadescription":"Bldg-Demolition. Apartment. demolish 6 car carport.. Permit Finaled. 708 N CROFT AVE 1-6","address":"1-6, 708 North Croft Avenue, CA, West Hollywood, 90069, US","ct":"1944.00","ev":"N","apc":"Central","cpa":"Hollywood","zone":"C4-1XL","solar":"N","pin_nbr":"141B173   413","use_code":"7","geolocation":"POINT (-118.37408 34.08392)","status_date":"12/12/2008","permit_group":"Building","refresh_time":"06/10/2026","type_lat_lon":"ADDRESS","business_unit":"Plan Check at Counter"},"geometry":{"type":"Point","coordinates":[-118.37408,34.08392]}},{"type":"Feature","properties":{"date":"2006-07-21T00:00:00.000Z","year":2006,"description":"Demolish 2 story apartment building.  Clear Lot.","metadescription":"Bldg-Demolition. Apartment. Demolish 2 story apartment building.  Clear Lot.. Permit Finaled. 708 N CROFT AVE 1-6","address":"1-6, 708 North Croft Avenue, CA, West Hollywood, 90069, US","ct":"1944.00","ev":"N","apc":"Central","cpa":"Hollywood","zone":"C4-1XL","solar":"N","pin_nbr":"141B173   413","use_code":"5","geolocation":"POINT (-118.37408 34.08392)","status_date":"12/12/2008","permit_group":"Building","refresh_time":"06/10/2026","type_lat_lon":"ADDRESS","business_unit":"Plan Check at Counter","square_footage":"0"},"geometry":{"type":"Point","coordinates":[-118.37408,34.08392]}},{"type":"Feature","properties":{"date":"2006-06-08T00:00:00.000Z","year":2006,"description":"Demo (E) 1 story SFD (2525 sq.ft)  and (E) detached 2 car garage .  Demo by handwreck or dozer.  Sewer cap is req'd (fee included with permit), clear and fence lot.  DPI #Z-1267","metadescription":"Bldg-Demolition. 1 or 2 Family Dwelling. Demo (E) 1 story SFD (2525 sq.ft)  and (E) detached 2 car garage .  Demo by handwreck or dozer.  Sewer cap is req'd (fee included with permit), clear and fence lot.  DPI #Z-1267. Permit Finaled. 800 N HARPER AVE","address":"800 North Harper Avenue, CA, Los Angeles, 90046, US","ct":"1944.00","ev":"N","apc":"Central","cpa":"Hollywood","zone":"R2-1XL","solar":"N","pin_nbr":"141B173   185","use_code":"1","geolocation":"POINT (-118.36893 34.08551)","status_date":"06/14/2006","permit_group":"Building","refresh_time":"06/10/2026","type_lat_lon":"ADDRESS","business_unit":"Plan Check at Counter","square_footage":"0"},"geometry":{"type":"Point","coordinates":[-118.36893,34.08551]}},{"type":"Feature","properties":{"date":"2006-05-31T00:00:00.000Z","year":2006,"description":"EARLY START PRMIT - DEMO INTERIOR FINISHES.  REMOVE LIGHTING, ELECTRICAL DISTRIBUTION, DUCTWORK, AND NON-BEARING PARTITIONS.  (BATHROOM TO REMAIN)","metadescription":"Bldg-Alter/Repair. Commercial. EARLY START PRMIT - DEMO INTERIOR FINISHES.  REMOVE LIGHTING, ELECTRICAL DISTRIBUTION, DUCTWORK, AND NON-BEARING PARTITIONS.  (BATHROOM TO REMAIN). Permit Expired. 8448 W MELROSE PL","address":"8448 Melrose Place, CA, West Hollywood, 90069, US","ct":"1944.00","ev":"N","apc":"Central","cpa":"Hollywood","zone":"C4-1XL","solar":"N","pin_nbr":"141B173   510","use_code":"13","geolocation":"POINT (-118.37491 34.0834)","status_date":"09/29/2008","permit_group":"Building","refresh_time":"06/10/2026","type_lat_lon":"ADDRESS","business_unit":"Plan Check at Counter"},"geometry":{"type":"Point","coordinates":[-118.37491,34.0834]}},{"type":"Feature","properties":{"date":"2006-05-05T00:00:00.000Z","year":2006,"description":"DEMO (E) TWO CAR GARAGE(NEW ADDITIONS AND GARAGE UNDER PERMIT#06014-20000-02267)","metadescription":"Bldg-Demolition. 1 or 2 Family Dwelling. DEMO (E) TWO CAR GARAGE(NEW ADDITIONS AND GARAGE UNDER PERMIT#06014-20000-02267). Permit Finaled. 743-745 N HARPER AVE","address":"743 North Harper Avenue, CA, Los Angeles, 90046, US","ct":"1944.00","ev":"N","apc":"Central","cpa":"Hollywood","zone":"R2-1XL","solar":"N","pin_nbr":"141B173   258","use_code":"7","geolocation":"POINT (-118.36921 34.08495)","status_date":"12/11/2006","permit_group":"Building","refresh_time":"06/10/2026","type_lat_lon":"ADDRESS","business_unit":"Plan Check at Counter","square_footage":"0"},"geometry":{"type":"Point","coordinates":[-118.36921,34.08495]}},{"type":"Feature","properties":{"date":"2006-05-01T00:00:00.000Z","year":2006,"description":"Non structural interior demo.   Early start.","metadescription":"Bldg-Alter/Repair. Commercial. Non structural interior demo.   Early start.. Permit Finaled. 647 N LA CIENEGA BLVD","address":"647 North La Cienega Boulevard, CA, West Hollywood, 90069, US","ct":"1944.00","ev":"N","apc":"Central","cpa":"Hollywood","zone":"C4-1VL","solar":"N","pin_nbr":"141B173   532","use_code":"17","geolocation":"POINT (-118.37674 34.0833)","status_date":"09/22/2006","permit_group":"Building","refresh_time":"06/10/2026","type_lat_lon":"ADDRESS","business_unit":"Plan Check at Counter"},"geometry":{"type":"Point","coordinates":[-118.37674,34.0833]}},{"type":"Feature","properties":{"date":"2006-04-28T00:00:00.000Z","year":2006,"description":"DEPARTMENT ERROR. NO FEE.SUPPLEMENTAL PERMIT TO #05019-10000-00912 TO CHANGE THE LEGAL DESCRIPTION FROM LOT #126 TO LOT#127 AND APN 5528-002-037 TO 5528-002-038.","metadescription":"Bldg-Demolition. Apartment. DEPARTMENT ERROR. NO FEE.SUPPLEMENTAL PERMIT TO #05019-10000-00912 TO CHANGE THE LEGAL DESCRIPTION FROM LOT #126 TO LOT#127 AND APN 5528-002-037 TO 5528-002-038.. Permit Finaled. 714 N CROFT AVE 1-5","address":"1-5, 714 North Croft Avenue, CA, West Hollywood, 90069, US","ct":"1944.00","ev":"N","apc":"Central","cpa":"Hollywood","zone":"R3-1","solar":"N","pin_nbr":"141B173   379","use_code":"5","geolocation":"POINT (-118.37408 34.08406)","status_date":"11/28/2007","permit_group":"Building","refresh_time":"06/10/2026","type_lat_lon":"ADDRESS","business_unit":"Plan Check at Counter"},"geometry":{"type":"Point","coordinates":[-118.37408,34.08406]}},{"type":"Feature","properties":{"date":"2006-04-24T00:00:00.000Z","year":2006,"description":"3500 SF T.I. WORK REMODEL EXIST. RETAIL SPACE. DEMO NON-BEARING WALLS.  NEW H/C BATHRMS. REPLACE WINDOWS, SAME SIZE. REPLACE DOOR, SAME WIDTH. NEW CONCRETE SLAB IN AREA INDICATED.","metadescription":"Bldg-Alter/Repair. Commercial. 3500 SF T.I. WORK REMODEL EXIST. RETAIL SPACE. DEMO NON-BEARING WALLS.  NEW H/C BATHRMS. REPLACE WINDOWS, SAME SIZE. REPLACE DOOR, SAME WIDTH. NEW CONCRETE SLAB IN AREA INDICATED.. Permit Finaled. 8441 W MELROSE PL","address":"8441 Melrose Place, CA, West Hollywood, 90069, US","ct":"1944.00","ev":"N","apc":"Central","cpa":"Hollywood","zone":"C4-1XL","solar":"N","pin_nbr":"141B173   419","use_code":"16","geolocation":"POINT (-118.37461 34.08375)","status_date":"07/28/2006","permit_group":"Building","refresh_time":"06/10/2026","type_lat_lon":"ADDRESS","business_unit":"Plan Check at Counter"},"geometry":{"type":"Point","coordinates":[-118.37461,34.08375]}},{"type":"Feature","properties":{"date":"2006-04-07T00:00:00.000Z","year":2006,"description":"Demo (E) SFD.  Demo by handwreck, sewer cap is req'd, clear and fence the lot.  DPI #L14241.  DUPLEX to be demo under separate permit.","metadescription":"Bldg-Demolition. 1 or 2 Family Dwelling. Demo (E) SFD.  Demo by handwreck, sewer cap is req'd, clear and fence the lot.  DPI #L14241.  DUPLEX to be demo under separate permit.. Permit Finaled. 1441 N POINSETTIA PL","address":"1-39, 1439 North Poinsettia Place, CA, Los Angeles, 90046, US","ct":"1899.02","ev":"N","apc":"Central","cpa":"Hollywood","zone":"R3-1","solar":"N","pin_nbr":"147B181   777","use_code":"1","geolocation":"POINT (-118.34869737 34.09703834)","status_date":"07/31/2007","permit_group":"Building","refresh_time":"06/10/2026","type_lat_lon":"PIN","business_unit":"Plan Check at Counter","square_footage":"0"},"geometry":{"type":"Point","coordinates":[-118.34869737,34.09703834]}},{"type":"Feature","properties":{"date":"2006-04-07T00:00:00.000Z","year":2006,"description":"DEMOLITION OF (E) SINGLE FAMILY DWELLING - CLEAR LOT","metadescription":"Bldg-Demolition. 1 or 2 Family Dwelling. DEMOLITION OF (E) SINGLE FAMILY DWELLING - CLEAR LOT. Permit Finaled. 1445 N POINSETTIA PL","address":"1-39, 1439 North Poinsettia Place, CA, Los Angeles, 90046, US","ct":"1899.02","ev":"N","apc":"Central","cpa":"Hollywood","zone":"R3-1","solar":"N","pin_nbr":"147B181   754","use_code":"1","geolocation":"POINT (-118.34869828 34.09717573)","status_date":"07/31/2007","permit_group":"Building","refresh_time":"06/10/2026","type_lat_lon":"PIN","business_unit":"Plan Check at Counter","square_footage":"0"},"geometry":{"type":"Point","coordinates":[-118.34869828,34.09717573]}},{"type":"Feature","properties":{"date":"2006-04-07T00:00:00.000Z","year":2006,"description":"Demolition of existing single family dwelling. DPI log# L14243. Duplex demolition under separate permit.","metadescription":"Bldg-Demolition. 1 or 2 Family Dwelling. Demolition of existing single family dwelling. DPI log# L14243. Duplex demolition under separate permit.. Permit Finaled. 1449 N POINSETTIA PL","address":"1-39, 1439 North Poinsettia Place, CA, Los Angeles, 90046, US","ct":"1899.02","ev":"N","apc":"Central","cpa":"Hollywood","zone":"R3-1","solar":"N","pin_nbr":"147B181   733","use_code":"1","geolocation":"POINT (-118.3486992 34.09731312)","status_date":"07/31/2007","permit_group":"Building","refresh_time":"06/10/2026","type_lat_lon":"PIN","business_unit":"Plan Check at Counter","square_footage":"0"},"geometry":{"type":"Point","coordinates":[-118.3486992,34.09731312]}},{"type":"Feature","properties":{"date":"2006-04-05T00:00:00.000Z","year":2006,"description":"DEMOLISH (E) 31' X 45' 1-STORY SFD & DETACHED 15' X 20' GARAGE.  HANDWRECK METHOD ONLY.  SEWER CAP PERMIT REQUIRED.","metadescription":"Bldg-Demolition. 1 or 2 Family Dwelling. DEMOLISH (E) 31' X 45' 1-STORY SFD & DETACHED 15' X 20' GARAGE.  HANDWRECK METHOD ONLY.  SEWER CAP PERMIT REQUIRED.. Permit Finaled. 1430 N VISTA ST","address":"1-2, 1430 North Vista Street, CA, Los Angeles, 90046, US","ct":"1899.02","ev":"N","apc":"Central","cpa":"Hollywood","zone":"R3-1","solar":"N","pin_nbr":"147B181   655","use_code":"1","geolocation":"POINT (-118.35162 34.09682)","status_date":"06/30/2006","construction":"Type V-N Construction","permit_group":"Building","refresh_time":"06/10/2026","type_lat_lon":"ADDRESS","business_unit":"Plan Check at Counter","square_footage":"0"},"geometry":{"type":"Point","coordinates":[-118.35162,34.09682]}},{"type":"Feature","properties":{"date":"2006-03-31T00:00:00.000Z","year":2006,"description":"Demo 18'4\"x19'2\" detached garage.","metadescription":"Bldg-Demolition. 1 or 2 Family Dwelling. Demo 18'4\"x19'2\" detached garage.. Permit Finaled. 819 N KILKEA DR","address":"815 North Kilkea Drive, CA, Los Angeles, 90046, US","ct":"1944.00","ev":"N","apc":"Central","cpa":"Hollywood","zone":"R2-1XL","solar":"N","pin_nbr":"141B173   124","use_code":"7","geolocation":"POINT (-118.36708 34.08596)","status_date":"05/17/2007","permit_group":"Building","refresh_time":"06/10/2026","type_lat_lon":"ADDRESS","business_unit":"Plan Check at Counter","square_footage":"0"},"geometry":{"type":"Point","coordinates":[-118.36708,34.08596]}},{"type":"Feature","properties":{"date":"2006-03-03T00:00:00.000Z","year":2006,"description":"INTERIOR NON-STRUCTUAL DEMO.","metadescription":"Bldg-Alter/Repair. Commercial. INTERIOR NON-STRUCTUAL DEMO.. Permit Finaled. 8441 W MELROSE PL","address":"8441 Melrose Place, CA, West Hollywood, 90069, US","ct":"1944.00","ev":"N","apc":"Central","cpa":"Hollywood","zone":"C4-1XL","solar":"N","pin_nbr":"141B173   419","use_code":"16","geolocation":"POINT (-118.37461 34.08375)","status_date":"07/31/2006","permit_group":"Building","refresh_time":"06/10/2026","type_lat_lon":"ADDRESS","business_unit":"Plan Check at Counter"},"geometry":{"type":"Point","coordinates":[-118.37461,34.08375]}},{"type":"Feature","properties":{"date":"2006-02-21T00:00:00.000Z","year":2006,"description":"NON STRUCTURAL DEMOLITION OF INTERIOR PARTITIONS. EARLY TO START. SEE COMMENTS.","metadescription":"Bldg-Alter/Repair. Commercial. NON STRUCTURAL DEMOLITION OF INTERIOR PARTITIONS. EARLY TO START. SEE COMMENTS.. Permit Expired. 8215 W MELROSE AVE","address":"8215 Melrose Avenue, CA, Los Angeles, 90046, US","ct":"1944.00","ev":"N","apc":"Central","cpa":"Hollywood","zone":"C4-1XL","solar":"N","pin_nbr":"141B173   401","use_code":"16","geolocation":"POINT (-118.36862 34.08385)","status_date":"08/18/2008","permit_group":"Building","refresh_time":"06/10/2026","type_lat_lon":"ADDRESS","business_unit":"Plan Check at Counter"},"geometry":{"type":"Point","coordinates":[-118.36862,34.08385]}},{"type":"Feature","properties":{"date":"2005-12-23T00:00:00.000Z","year":2005,"description":"DEMOLITION OF AN EXISTING 7-UNIT APARTMENT.   REFER TO L13844 FOR DPI.","metadescription":"Bldg-Demolition. Apartment. DEMOLITION OF AN EXISTING 7-UNIT APARTMENT.   REFER TO L13844 FOR DPI.. Permit Expired. 1401 N FULLER AVE","address":"1401 North Fuller Avenue, CA, Los Angeles, 90046, US","ct":"1899.02","ev":"N","apc":"Central","cpa":"Hollywood","zone":"R3-1","solar":"N","pin_nbr":"147B181   940","use_code":"5","geolocation":"POINT (-118.34968 34.09611)","status_date":"08/04/2008","permit_group":"Building","refresh_time":"06/10/2026","type_lat_lon":"ADDRESS","business_unit":"Plan Check at Counter","square_footage":"0"},"geometry":{"type":"Point","coordinates":[-118.34968,34.09611]}},{"type":"Feature","properties":{"date":"2005-12-08T00:00:00.000Z","year":2005,"description":"TENANT IMPROVEMENT - PORTION OF GROUND FLR: DEMOLITION OF 3 NON-RATED PARTITIONS - CONSTRUCTION OF 3 NON-RATED PARTITIONS - ONE NEW DOOR WITH SIDE LITE, TWO NEW WINDOWS","metadescription":"Bldg-Alter/Repair. Commercial. TENANT IMPROVEMENT - PORTION OF GROUND FLR: DEMOLITION OF 3 NON-RATED PARTITIONS - CONSTRUCTION OF 3 NON-RATED PARTITIONS - ONE NEW DOOR WITH SIDE LITE, TWO NEW WINDOWS. Permit Finaled. 120 N ROBERTSON BLVD 1ST FLR","address":"120 North Robertson Boulevard, CA, Los Angeles, 90048, US","ct":"2149.00","ev":"N","apc":"Central","cpa":"Wilshire","zone":"[Q]C2-1VL-O","solar":"N","pin_nbr":"138B169   244","use_code":"23","geolocation":"POINT (-118.38356 34.07585)","status_date":"10/23/2006","permit_group":"Building","refresh_time":"06/10/2026","type_lat_lon":"ADDRESS","business_unit":"Plan Check at Counter"},"geometry":{"type":"Point","coordinates":[-118.38356,34.07585]}},{"type":"Feature","properties":{"date":"2005-12-02T00:00:00.000Z","year":2005,"description":"Add new 2 car garage (20'x18', 360 s.f.) (to replace garage approved under 1959LA36986 & demolished per  permit # 05019-30000-02977) Relocate/remodel/expand (E) Bathrm (14.75'x10', irr.72.5's.f.) Remodel the rear of (E) 1-story SFD.  Remove/ install  new walls, replace windows and doors. Remove (10'x26', 260 s.f.) rear portion of existing SFD.","metadescription":"Bldg-Addition. 1 or 2 Family Dwelling. Add new 2 car garage (20'x18', 360 s.f.) (to replace garage approved under 1959LA36986 & demolished per  permit # 05019-30000-02977) Relocate/remodel/expand (E) Bathrm (14.75'x10', irr.72.5's.f.) Remodel the rear of (E) 1-story SFD.  Remove/ install  new walls, replace windows and doors. Remove (10'x26', 260 s.f.) rear portion of existing SFD.. CofO Issued. 369 N SWEETZER AVE","address":"363 North Sweetzer Avenue, CA, Los Angeles, 90048, US","ct":"1945.00","ev":"N","apc":"Central","cpa":"Wilshire","zone":"R1-1","solar":"N","pin_nbr":"138B173    92","use_code":"1","geolocation":"POINT (-118.37014 34.07795)","status_date":"01/19/2007","construction":"Type V-N Construction","permit_group":"Building","refresh_time":"06/10/2026","type_lat_lon":"ADDRESS","business_unit":"Plan Check at Counter","square_footage":"247.5"},"geometry":{"type":"Point","coordinates":[-118.37014,34.07795]}},{"type":"Feature","properties":{"date":"2005-12-02T00:00:00.000Z","year":2005,"description":"Demo (E) carport (removed without a permit as  per DPI #13979. ) Sewer cap is not req'd. New 2-car garage attached to existing SFD- per permit PCIS # 0514-30000-11615.","metadescription":"Bldg-Demolition. 1 or 2 Family Dwelling. Demo (E) carport (removed without a permit as  per DPI #13979. ) Sewer cap is not req'd. New 2-car garage attached to existing SFD- per permit PCIS # 0514-30000-11615.. Permit Finaled. 369 N SWEETZER AVE","address":"363 North Sweetzer Avenue, CA, Los Angeles, 90048, US","ct":"1945.00","ev":"N","apc":"Central","cpa":"Wilshire","zone":"R1-1","solar":"N","pin_nbr":"138B173    92","use_code":"7","geolocation":"POINT (-118.37014 34.07795)","status_date":"12/30/2005","permit_group":"Building","refresh_time":"06/10/2026","type_lat_lon":"ADDRESS","business_unit":"Plan Check at Counter","square_footage":"0"},"geometry":{"type":"Point","coordinates":[-118.37014,34.07795]}},{"type":"Feature","properties":{"date":"2005-11-10T00:00:00.000Z","year":2005,"description":"DEMOLISH EXISTING 1-STORY GARAGE ( 20'X23',460S.F.)W/ATT. REQ. RM (11'X14', 154 S.F.) (INSPECTION COMPLETED BY INSPECTOR G. CHAPMAN) (PLANS FOR PROPOSED 3-CAR GARAGE ARE IN PLAN CHECK, APPLIC'N # 05014-2000-08725)SC- REQ'D.","metadescription":"Bldg-Demolition. 1 or 2 Family Dwelling. DEMOLISH EXISTING 1-STORY GARAGE ( 20'X23',460S.F.)W/ATT. REQ. RM (11'X14', 154 S.F.) (INSPECTION COMPLETED BY INSPECTOR G. CHAPMAN) (PLANS FOR PROPOSED 3-CAR GARAGE ARE IN PLAN CHECK, APPLIC'N # 05014-2000-08725)SC- REQ'D.. Permit Finaled. 748 N LA JOLLA AVE","address":"748 North La Jolla Avenue, CA, Los Angeles, 90046, US","ct":"1944.00","ev":"N","apc":"Central","cpa":"Hollywood","zone":"R2-1XL","solar":"N","pin_nbr":"141B173   234","use_code":"7","geolocation":"POINT (-118.36787 34.08521)","status_date":"07/20/2007","construction":"Type V-N Construction","permit_group":"Building","refresh_time":"06/10/2026","type_lat_lon":"ADDRESS","business_unit":"Plan Check at Counter","square_footage":"0"},"geometry":{"type":"Point","coordinates":[-118.36787,34.08521]}},{"type":"Feature","properties":{"date":"2005-11-10T00:00:00.000Z","year":2005,"description":"Demolish existing 1-story TypeV  SFD (1377.0 s.f.as per ZIMAS) & detached garage. Use handwreck method, 8'high fencing & SC req\"d.","metadescription":"Bldg-Demolition. 1 or 2 Family Dwelling. Demolish existing 1-story TypeV  SFD (1377.0 s.f.as per ZIMAS) & detached garage. Use handwreck method, 8'high fencing & SC req\"d.. Permit Finaled. 1353 N FULLER AVE","address":"1353 North Fuller Avenue, CA, Los Angeles, 90046, US","ct":"1899.02","ev":"N","apc":"Central","cpa":"Hollywood","zone":"R3-1","solar":"N","height":"0","pin_nbr":"147B181   973","use_code":"1","geolocation":"POINT (-118.34969 34.09597)","status_date":"03/10/2006","construction":"Type V-N Construction","permit_group":"Building","refresh_time":"06/10/2026","type_lat_lon":"ADDRESS","business_unit":"Plan Check at Counter","square_footage":"0"},"geometry":{"type":"Point","coordinates":[-118.34969,34.09597]}},{"type":"Feature","properties":{"date":"2005-11-10T00:00:00.000Z","year":2005,"description":"Demolish 1-story TypeV SFD (1355.0 as per ZIMAS) & detached garage 450s.f. to clear lot. Handwreck, 8ft high fence req'd.","metadescription":"Bldg-Demolition. 1 or 2 Family Dwelling. Demolish 1-story TypeV SFD (1355.0 as per ZIMAS) & detached garage 450s.f. to clear lot. Handwreck, 8ft high fence req'd.. Permit Finaled. 1407 N FULLER AVE","address":"1407 North Fuller Avenue, CA, Los Angeles, 90046, US","ct":"1899.02","ev":"N","apc":"Central","cpa":"Hollywood","zone":"R3-1","solar":"N","height":"0","pin_nbr":"147B181   923","use_code":"1","geolocation":"POINT (-118.34969 34.09624)","status_date":"03/13/2006","construction":"Type V-N Construction","permit_group":"Building","refresh_time":"06/10/2026","type_lat_lon":"ADDRESS","business_unit":"Plan Check at Counter","square_footage":"0"},"geometry":{"type":"Point","coordinates":[-118.34969,34.09624]}},{"type":"Feature","properties":{"date":"2005-11-01T00:00:00.000Z","year":2005,"description":"DEMOLISH EXISTING SFD AND  DETACHED  GARAGE. METHOD OF DEMOLITION WILL BE HANDWRECKING. SEWER CAP IS REQUIRED. PEDESTRIAN PROTECTION FENCE IS REQUIRED.","metadescription":"Bldg-Demolition. 1 or 2 Family Dwelling. DEMOLISH EXISTING SFD AND  DETACHED  GARAGE. METHOD OF DEMOLITION WILL BE HANDWRECKING. SEWER CAP IS REQUIRED. PEDESTRIAN PROTECTION FENCE IS REQUIRED.. Permit Finaled. 1411 N DETROIT ST","address":"1-23, 1411 North Detroit Street, CA, Los Angeles, 90046, US","ct":"1899.02","ev":"N","apc":"Central","cpa":"Hollywood","zone":"R3-1","solar":"N","pin_nbr":"147B181   853","use_code":"1","geolocation":"POINT (-118.34544 34.0966)","status_date":"03/30/2007","construction":"Type V-N Construction","permit_group":"Building","refresh_time":"06/10/2026","type_lat_lon":"ADDRESS","business_unit":"Plan Check at Counter","square_footage":"0"},"geometry":{"type":"Point","coordinates":[-118.34544,34.0966]}},{"type":"Feature","properties":{"date":"2005-10-28T00:00:00.000Z","year":2005,"description":"DEMO (E) DETACHED GARAGE. (18'X19').  NO SEWER CAP REQUIRED.  NEW GARAGE PROVIDED PER 05010-20000-06011","metadescription":"Bldg-Demolition. 1 or 2 Family Dwelling. DEMO (E) DETACHED GARAGE. (18'X19').  NO SEWER CAP REQUIRED.  NEW GARAGE PROVIDED PER 05010-20000-06011. Permit Finaled. 454 N HARPER AVE","address":"458 North Harper Avenue, CA, Los Angeles, 90048, US","ct":"1945.00","ev":"N","apc":"Central","cpa":"Wilshire","zone":"R2-1","solar":"N","pin_nbr":"141B173  1190","use_code":"7","geolocation":"POINT (-118.36884 34.07975)","status_date":"11/14/2005","permit_group":"Building","refresh_time":"06/10/2026","type_lat_lon":"ADDRESS","business_unit":"Plan Check at Counter","square_footage":"0"},"geometry":{"type":"Point","coordinates":[-118.36884,34.07975]}},{"type":"Feature","properties":{"date":"2005-09-28T00:00:00.000Z","year":2005,"description":"DEMO (E) 2 CAR GARAGE TO BE REPLACED BY NEW 2 car GARAGE ON PERMIT(05010-20000-04781).","metadescription":"Bldg-Demolition. 1 or 2 Family Dwelling. DEMO (E) 2 CAR GARAGE TO BE REPLACED BY NEW 2 car GARAGE ON PERMIT(05010-20000-04781).. Permit Finaled. 853 N GENESEE AVE","address":"853 North Genesee Avenue, CA, Los Angeles, 90046, US","ct":"1920.00","ev":"N","apc":"Central","cpa":"Hollywood","zone":"R2-1XL","solar":"N","pin_nbr":"144B177   525","use_code":"7","geolocation":"POINT (-118.35856 34.08695)","status_date":"11/29/2005","permit_group":"Building","refresh_time":"06/10/2026","type_lat_lon":"ADDRESS","business_unit":"Plan Check at Counter","square_footage":"-360"},"geometry":{"type":"Point","coordinates":[-118.35856,34.08695]}},{"type":"Feature","properties":{"date":"2005-09-28T00:00:00.000Z","year":2005,"description":"demolish existing one story, two car, type V garage.new garage under permit 05014-30001-01963.","metadescription":"Bldg-Demolition. 1 or 2 Family Dwelling. demolish existing one story, two car, type V garage.new garage under permit 05014-30001-01963.. Permit Finaled. 346 N FLORES ST","address":"342 North Flores Street, CA, Los Angeles, 90048, US","ct":"1945.00","ev":"N","apc":"Central","cpa":"Wilshire","zone":"R1-1","solar":"N","pin_nbr":"138B173   200","use_code":"7","geolocation":"POINT (-118.37094 34.07739)","status_date":"10/07/2005","permit_group":"Building","refresh_time":"06/10/2026","type_lat_lon":"ADDRESS","business_unit":"Plan Check at Counter"},"geometry":{"type":"Point","coordinates":[-118.37094,34.07739]}},{"type":"Feature","properties":{"date":"2005-09-21T00:00:00.000Z","year":2005,"description":"DEMOLISH EXISTING GARAGE, 200SF, METHOD OF DEMOLITION WILL BE HANDWRECKING, SEWER CAP IS NOT REQUIRED.  SEPARATE PERMIT IS BEING OBTAIEND FOR NEW GARAGE UNDER PCIS# 05010-30000-04031","metadescription":"Bldg-Demolition. 1 or 2 Family Dwelling. DEMOLISH EXISTING GARAGE, 200SF, METHOD OF DEMOLITION WILL BE HANDWRECKING, SEWER CAP IS NOT REQUIRED.  SEPARATE PERMIT IS BEING OBTAIEND FOR NEW GARAGE UNDER PCIS# 05010-30000-04031. Permit Finaled. 506 N LA JOLLA AVE","address":"506 North La Jolla Avenue, CA, Los Angeles, 90048, US","ct":"1944.00","ev":"N","apc":"Central","cpa":"Hollywood","zone":"R1-1","solar":"N","pin_nbr":"141B173  1079","use_code":"7","geolocation":"POINT (-118.36785 34.08037)","status_date":"11/09/2005","permit_group":"Building","refresh_time":"06/10/2026","type_lat_lon":"ADDRESS","business_unit":"Plan Check at Counter","square_footage":"0"},"geometry":{"type":"Point","coordinates":[-118.36785,34.08037]}},{"type":"Feature","properties":{"date":"2005-09-21T00:00:00.000Z","year":2005,"description":"New detached two car garage to replace (E) 1 car garage which is demoed.SEPARATE PERMIT IS BEING OBTAIEND FOR DEMOLITION OF EX. GARAGE","metadescription":"Bldg-New. 1 or 2 Family Dwelling. New detached two car garage to replace (E) 1 car garage which is demoed.SEPARATE PERMIT IS BEING OBTAIEND FOR DEMOLITION OF EX. GARAGE. CofO Issued. 506 N LA JOLLA AVE","address":"506 North La Jolla Avenue, CA, Los Angeles, 90048, US","ct":"1944.00","ev":"N","apc":"Central","cpa":"Hollywood","zone":"R1-1","solar":"N","height":"13.75","pin_nbr":"141B173  1079","use_code":"7","geolocation":"POINT (-118.36785 34.08037)","status_date":"12/20/2005","construction":"Type V-N Construction","permit_group":"Building","refresh_time":"06/10/2026","type_lat_lon":"ADDRESS","business_unit":"Plan Check at Counter","square_footage":"0"},"geometry":{"type":"Point","coordinates":[-118.36785,34.08037]}},{"type":"Feature","properties":{"date":"2005-09-14T00:00:00.000Z","year":2005,"description":"DEMOLITION 4 UNIT APARTMENT (APPROXIMATE 3840 SF)  AND DETACHED GARAGE, BY HANDWRECK, SEWER CAP REQD.","metadescription":"Bldg-Demolition. Apartment. DEMOLITION 4 UNIT APARTMENT (APPROXIMATE 3840 SF)  AND DETACHED GARAGE, BY HANDWRECK, SEWER CAP REQD.. Permit Finaled. 718 N CROFT AVE 1-4","address":"1-4, 718 North Croft Avenue, CA, West Hollywood, 90069, US","ct":"1944.00","ev":"N","apc":"Central","cpa":"Hollywood","zone":"R3-1","solar":"N","pin_nbr":"141B173   360","use_code":"5","geolocation":"POINT (-118.37408 34.08421)","status_date":"12/08/2005","permit_group":"Building","refresh_time":"06/10/2026","type_lat_lon":"ADDRESS","business_unit":"Plan Check at Counter","square_footage":"0"},"geometry":{"type":"Point","coordinates":[-118.37408,34.08421]}},{"type":"Feature","properties":{"date":"2005-08-05T00:00:00.000Z","year":2005,"description":"DEMO DUPLEX & GARAGE.  HANDWRECK, CAP SEWER, FENCE AND CLEAR LOT.","metadescription":"Bldg-Demolition. 1 or 2 Family Dwelling. DEMO DUPLEX & GARAGE.  HANDWRECK, CAP SEWER, FENCE AND CLEAR LOT.. Permit Finaled. 932-934 N CROFT AVE","address":"932 North Croft Avenue, CA, West Hollywood, 90069, US","ct":"1944.00","ev":"N","apc":"Central","cpa":"Hollywood","zone":"R3-1","solar":"N","pin_nbr":"144B173   272","use_code":"2","geolocation":"POINT (-118.37409 34.08794)","status_date":"02/13/2006","permit_group":"Building","refresh_time":"06/10/2026","type_lat_lon":"ADDRESS","business_unit":"Plan Check at Counter"},"geometry":{"type":"Point","coordinates":[-118.37409,34.08794]}},{"type":"Feature","properties":{"date":"2005-08-05T00:00:00.000Z","year":2005,"description":"DEMO DUPLEX & GARAGE.  HANDWRECK, CAP SEWER, FENCE AND CLEAR LOT.","metadescription":"Bldg-Demolition. 1 or 2 Family Dwelling. DEMO DUPLEX & GARAGE.  HANDWRECK, CAP SEWER, FENCE AND CLEAR LOT.. Permit Finaled. 928-930 N CROFT AVE","address":"928 North Croft Avenue, CA, West Hollywood, 90069, US","ct":"1944.00","ev":"N","apc":"Central","cpa":"Hollywood","zone":"R3-1","solar":"N","pin_nbr":"144B173   293","use_code":"2","geolocation":"POINT (-118.37409 34.08781)","status_date":"02/13/2006","permit_group":"Building","refresh_time":"06/10/2026","type_lat_lon":"ADDRESS","business_unit":"Plan Check at Counter"},"geometry":{"type":"Point","coordinates":[-118.37409,34.08781]}},{"type":"Feature","properties":{"date":"2005-07-27T00:00:00.000Z","year":2005,"description":"DEMOLISH  EXIST'G GARAGE","metadescription":"Bldg-Demolition. 1 or 2 Family Dwelling. DEMOLISH  EXIST'G GARAGE. Permit Finaled. 751 N HARPER AVE","address":"751 North Harper Avenue, CA, Los Angeles, 90046, US","ct":"1944.00","ev":"N","apc":"Central","cpa":"Hollywood","zone":"R2-1XL","solar":"N","pin_nbr":"141B173   238","use_code":"7","geolocation":"POINT (-118.36921 34.08519)","status_date":"01/24/2006","permit_group":"Building","refresh_time":"06/10/2026","type_lat_lon":"ADDRESS","business_unit":"Plan Check at Counter","square_footage":"0"},"geometry":{"type":"Point","coordinates":[-118.36921,34.08519]}},{"type":"Feature","properties":{"date":"2005-07-27T00:00:00.000Z","year":2005,"description":"NEW TWO STORY ACCS. STRUCTURE AT REAR:  REC. ROOM OVER A 3-CAR GARAGE.  (DEMO PERMIT REQUIRED FOR (E) GARAGE/STORAGE)","metadescription":"Bldg-New. 1 or 2 Family Dwelling. NEW TWO STORY ACCS. STRUCTURE AT REAR:  REC. ROOM OVER A 3-CAR GARAGE.  (DEMO PERMIT REQUIRED FOR (E) GARAGE/STORAGE). CofO Issued. 751 N HARPER AVE","address":"751 North Harper Avenue, CA, Los Angeles, 90046, US","ct":"1944.00","ev":"N","apc":"Central","cpa":"Hollywood","zone":"R2-1XL","solar":"N","height":"28","pin_nbr":"141B173   238","use_code":"7","geolocation":"POINT (-118.36921 34.08519)","status_date":"04/21/2009","construction":"Type V-N Construction","permit_group":"Building","refresh_time":"06/10/2026","type_lat_lon":"ADDRESS","business_unit":"Regular Plan Check","square_footage":"1100"},"geometry":{"type":"Point","coordinates":[-118.36921,34.08519]}},{"type":"Feature","properties":{"date":"2005-07-26T00:00:00.000Z","year":2005,"description":"DEMOLISH (E) 18'X18' GARAGE.","metadescription":"Bldg-Demolition. 1 or 2 Family Dwelling. DEMOLISH (E) 18'X18' GARAGE.. Permit Finaled. 842-844 N GENESEE AVE","address":"842 North Genesee Avenue, CA, Los Angeles, 90046, US","ct":"1920.00","ev":"N","apc":"Central","cpa":"Hollywood","zone":"R2-1XL","solar":"N","pin_nbr":"141B177    52","use_code":"7","geolocation":"POINT (-118.35831 34.08656)","status_date":"08/03/2005","permit_group":"Building","refresh_time":"06/10/2026","type_lat_lon":"ADDRESS","business_unit":"Plan Check at Counter"},"geometry":{"type":"Point","coordinates":[-118.35831,34.08656]}},{"type":"Feature","properties":{"date":"2005-07-20T00:00:00.000Z","year":2005,"description":"DEMO EXISTING DET GAR. (NEW GARAGE UNDER PERMIT 05014-30000-04169) NO SEWER CAP REQUIRED - DOZER WRECK - PER DPI LOG # L 13669.","metadescription":"Bldg-Demolition. 1 or 2 Family Dwelling. DEMO EXISTING DET GAR. (NEW GARAGE UNDER PERMIT 05014-30000-04169) NO SEWER CAP REQUIRED - DOZER WRECK - PER DPI LOG # L 13669.. Permit Finaled. 317 N FLORES ST","address":"317 North Flores Street, CA, Los Angeles, 90048, US","ct":"1945.00","ev":"N","apc":"Central","cpa":"Wilshire","zone":"R1-1","solar":"N","pin_nbr":"138B173   361","use_code":"7","geolocation":"POINT (-118.3712 34.07667)","status_date":"07/25/2005","permit_group":"Building","refresh_time":"06/10/2026","type_lat_lon":"ADDRESS","business_unit":"Plan Check at Counter"},"geometry":{"type":"Point","coordinates":[-118.3712,34.07667]}},{"type":"Feature","properties":{"date":"2005-07-06T00:00:00.000Z","year":2005,"description":"DEMO SFD AND DETACHED GARAGE.  CLEAR LOT.  FENCE AND SEWER CAP REQUIRED. HANDWRECK METHOD.  COMPLY TO THE ORDER DATED 1/31/2005.  PERMIT WILL EXPIRE 30 DAYS FROM PERMIT ISSUANCE DATE.","metadescription":"Bldg-Demolition. 1 or 2 Family Dwelling. DEMO SFD AND DETACHED GARAGE.  CLEAR LOT.  FENCE AND SEWER CAP REQUIRED. HANDWRECK METHOD.  COMPLY TO THE ORDER DATED 1/31/2005.  PERMIT WILL EXPIRE 30 DAYS FROM PERMIT ISSUANCE DATE.. Permit Finaled. 1322 N DETROIT ST","address":"1322 North Detroit Street, CA, Los Angeles, 90046, US","ct":"1899.02","ev":"N","apc":"Central","cpa":"Hollywood","zone":"R3-1","solar":"N","pin_nbr":"144B181    29","use_code":"1","geolocation":"POINT (-118.34504 34.095)","status_date":"03/30/2006","permit_group":"Building","refresh_time":"06/10/2026","type_lat_lon":"ADDRESS","business_unit":"Plan Check at Counter"},"geometry":{"type":"Point","coordinates":[-118.34504,34.095]}},{"type":"Feature","properties":{"date":"2005-06-28T00:00:00.000Z","year":2005,"description":"Demolish existing 1- story DUPLEX, Method of demolition will be handwrecking. sewer cap and pedestrian protection fence are required.; clear lot.","metadescription":"Bldg-Demolition. 1 or 2 Family Dwelling. Demolish existing 1- story DUPLEX, Method of demolition will be handwrecking. sewer cap and pedestrian protection fence are required.; clear lot.. Permit Finaled. 1452-1454 N FULLER AVE","address":"1448 North Fuller Avenue, CA, Los Angeles, 90046, US","ct":"1899.02","ev":"N","apc":"Central","cpa":"Hollywood","zone":"[Q]C2-1","solar":"N","pin_nbr":"147B181   712","use_code":"2","geolocation":"POINT (-118.34920567 34.09745396)","status_date":"10/04/2006","construction":"Type V-N Construction","permit_group":"Building","refresh_time":"06/10/2026","type_lat_lon":"PIN","business_unit":"Plan Check at Counter","square_footage":"0"},"geometry":{"type":"Point","coordinates":[-118.34920567,34.09745396]}},{"type":"Feature","properties":{"date":"2005-06-27T00:00:00.000Z","year":2005,"description":"Revise permit to change to New garage and storage room. PERMIT TO BE ISSUED WITH A DEMO PERMITSEE 05019-20000-00783.","metadescription":"Bldg-New. 1 or 2 Family Dwelling. Revise permit to change to New garage and storage room. PERMIT TO BE ISSUED WITH A DEMO PERMITSEE 05019-20000-00783.. Permit Finaled. 607 N LA JOLLA AVE","address":"603 North La Jolla Avenue, CA, Los Angeles, 90048, US","ct":"1944.00","ev":"N","apc":"Central","cpa":"Hollywood","zone":"R1-1","solar":"N","height":"12","pin_nbr":"141B173   767","use_code":"7","geolocation":"POINT (-118.36813 34.08178)","status_date":"08/02/2012","construction":"Type V-N Construction","permit_group":"Building","refresh_time":"06/10/2026","type_lat_lon":"ADDRESS","business_unit":"Plan Check at Counter","square_footage":"0"},"geometry":{"type":"Point","coordinates":[-118.36813,34.08178]}},{"type":"Feature","properties":{"date":"2005-06-27T00:00:00.000Z","year":2005,"description":"Demo garage. DEMO PERMIT SHALL BE ISSUED THE SAME TIME AS NEW GARAGE 04014-20001-09741","metadescription":"Bldg-Demolition. 1 or 2 Family Dwelling. Demo garage. DEMO PERMIT SHALL BE ISSUED THE SAME TIME AS NEW GARAGE 04014-20001-09741. Permit Finaled. 607 N LA JOLLA AVE","address":"603 North La Jolla Avenue, CA, Los Angeles, 90048, US","ct":"1944.00","ev":"N","apc":"Central","cpa":"Hollywood","zone":"R1-1","solar":"N","pin_nbr":"141B173   767","use_code":"7","geolocation":"POINT (-118.36813 34.08178)","status_date":"08/10/2005","permit_group":"Building","refresh_time":"06/10/2026","type_lat_lon":"ADDRESS","business_unit":"Plan Check at Counter","square_footage":"0"},"geometry":{"type":"Point","coordinates":[-118.36813,34.08178]}},{"type":"Feature","properties":{"date":"2005-06-01T00:00:00.000Z","year":2005,"description":"DEMOLISH ONE STORY DUPLEX. USE HANDWRECKING METHOD. FENCE & CLEAR LOT.","metadescription":"Bldg-Demolition. 1 or 2 Family Dwelling. DEMOLISH ONE STORY DUPLEX. USE HANDWRECKING METHOD. FENCE & CLEAR LOT.. Permit Finaled. 1458-1458 1/2 N FULLER AVE","address":"1448 North Fuller Avenue, CA, Los Angeles, 90046, US","ct":"1899.02","ev":"N","apc":"Central","cpa":"Hollywood","zone":"[T][Q]C2-1","solar":"N","pin_nbr":"147B181   712","use_code":"2","geolocation":"POINT (-118.34920567 34.09745396)","status_date":"07/12/2005","permit_group":"Building","refresh_time":"06/10/2026","type_lat_lon":"PIN","business_unit":"Plan Check at Counter","square_footage":"0"},"geometry":{"type":"Point","coordinates":[-118.34920567,34.09745396]}},{"type":"Feature","properties":{"date":"2005-06-01T00:00:00.000Z","year":2005,"description":"DEMOLISH TWO STORY  MIX-USE RETAIL-DUPLEX  BLDG . SEWER CAP REQUIRED PER DPI, SEPARATE PERMIT REQUIRED. USE HANDWRECKING METHOD; FENCE  & CANOPY REQUIRED.","metadescription":"Bldg-Demolition. Commercial. DEMOLISH TWO STORY  MIX-USE RETAIL-DUPLEX  BLDG . SEWER CAP REQUIRED PER DPI, SEPARATE PERMIT REQUIRED. USE HANDWRECKING METHOD; FENCE  & CANOPY REQUIRED.. Permit Finaled. 7280-7282 W SUNSET BLVD","address":"1-14, 7288 West Sunset Boulevard, CA, Los Angeles, 90046, US","ct":"1899.02","ev":"N","apc":"Central","cpa":"Hollywood","zone":"[T][Q]C2-1","solar":"N","pin_nbr":"147B181   667","use_code":"16","geolocation":"POINT (-118.34903696 34.0976905)","status_date":"12/16/2005","permit_group":"Building","refresh_time":"06/10/2026","type_lat_lon":"PIN","business_unit":"Plan Check at Counter","square_footage":"0"},"geometry":{"type":"Point","coordinates":[-118.34903696,34.0976905]}},{"type":"Feature","properties":{"date":"2005-05-17T00:00:00.000Z","year":2005,"description":"DEMO T.I. NON-BEARING SOFFITS-DROPPED CEILING-CLOSETS-REPLACE EXISTING SIDE DOOR WITH NEW IN EXISTING OPENING.","metadescription":"Bldg-Alter/Repair. Commercial. DEMO T.I. NON-BEARING SOFFITS-DROPPED CEILING-CLOSETS-REPLACE EXISTING SIDE DOOR WITH NEW IN EXISTING OPENING.. Permit Finaled. 915 N LA CIENEGA BLVD","address":"917 North La Cienega Boulevard, CA, West Hollywood, 90069, US","ct":"1944.00","ev":"N","apc":"Central","cpa":"Hollywood","zone":"C4-1VL","solar":"N","pin_nbr":"144B173   361","use_code":"16","geolocation":"POINT (-118.37659 34.08734)","status_date":"09/27/2005","permit_group":"Building","refresh_time":"06/10/2026","type_lat_lon":"ADDRESS","business_unit":"Plan Check at Counter"},"geometry":{"type":"Point","coordinates":[-118.37659,34.08734]}},{"type":"Feature","properties":{"date":"2005-05-09T00:00:00.000Z","year":2005,"description":"DEMO (E) ACCESSORY GARAGE OF (E) BULIDING TO BE DEMO'D, REF APP# 05019-10000-01081.  CLEAR LOT.  HANDWRECK METHOD.  FENCE REQUIRED.","metadescription":"Bldg-Demolition. Commercial. DEMO (E) ACCESSORY GARAGE OF (E) BULIDING TO BE DEMO'D, REF APP# 05019-10000-01081.  CLEAR LOT.  HANDWRECK METHOD.  FENCE REQUIRED.. Permit Finaled. 7278 W SUNSET BLVD","address":"1-14, 7288 West Sunset Boulevard, CA, Los Angeles, 90046, US","ct":"1899.02","ev":"N","apc":"Central","cpa":"Hollywood","zone":"[T][Q]C2-1","solar":"N","pin_nbr":"147B181   667","use_code":"7","geolocation":"POINT (-118.34903696 34.0976905)","status_date":"12/16/2005","permit_group":"Building","refresh_time":"06/10/2026","type_lat_lon":"PIN","business_unit":"Plan Check at Counter"},"geometry":{"type":"Point","coordinates":[-118.34903696,34.0976905]}},{"type":"Feature","properties":{"date":"2005-05-09T00:00:00.000Z","year":2005,"description":"DEMO 1-STORY TAKE-OUT RESTAURANT, PERMIT# 1966LA230193.","metadescription":"Bldg-Demolition. Commercial. DEMO 1-STORY TAKE-OUT RESTAURANT, PERMIT# 1966LA230193.. Permit Finaled. 7290 SUNSET BLVD","address":"1-14, 7288 West Sunset Boulevard, CA, Los Angeles, 90046, US","ct":"1899.02","ev":"N","apc":"Central","cpa":"Hollywood","zone":"[T][Q]C2-1","solar":"N","pin_nbr":"147B181   665","use_code":"17","geolocation":"POINT (-118.3493714 34.09769062)","status_date":"12/16/2005","permit_group":"Building","refresh_time":"06/10/2026","type_lat_lon":"PIN","business_unit":"Plan Check at Counter","square_footage":"0"},"geometry":{"type":"Point","coordinates":[-118.3493714,34.09769062]}},{"type":"Feature","properties":{"date":"2005-03-07T00:00:00.000Z","year":2005,"description":"Demo SFD and detached garage.  Demo by handwreck, sewer cap is req'd, clear and fence the lot.  DPI #L13520","metadescription":"Bldg-Demolition. 1 or 2 Family Dwelling. Demo SFD and detached garage.  Demo by handwreck, sewer cap is req'd, clear and fence the lot.  DPI #L13520. Permit Finaled. 1319 N DETROIT ST","address":"1-25, 1319 North Detroit Street, CA, Los Angeles, 90046, US","ct":"1899.02","ev":"N","apc":"Central","cpa":"Hollywood","zone":"R3-1","solar":"N","pin_nbr":"144B181    54","use_code":"1","geolocation":"POINT (-118.34542 34.09515)","status_date":"07/19/2005","permit_group":"Building","refresh_time":"06/10/2026","type_lat_lon":"ADDRESS","business_unit":"Plan Check at Counter","square_footage":"0"},"geometry":{"type":"Point","coordinates":[-118.34542,34.09515]}},{"type":"Feature","properties":{"date":"2005-01-10T00:00:00.000Z","year":2005,"description":"DEMO (E) SFD AND DETACHED GARAGE.  CLEAR LOT.","metadescription":"Bldg-Demolition. 1 or 2 Family Dwelling. DEMO (E) SFD AND DETACHED GARAGE.  CLEAR LOT.. Permit Finaled. 109 S SWALL DR","address":"109 South Swall Drive, CA, Los Angeles, 90048, US","ct":"2149.00","ev":"N","apc":"Central","cpa":"Wilshire","zone":"R3-1-O","solar":"N","pin_nbr":"138B169   392","use_code":"1","geolocation":"POINT (-118.38599 34.07494)","status_date":"01/12/2005","permit_group":"Building","refresh_time":"06/10/2026","type_lat_lon":"ADDRESS","business_unit":"Plan Check at Counter","square_footage":"0"},"geometry":{"type":"Point","coordinates":[-118.38599,34.07494]}},{"type":"Feature","properties":{"date":"2004-12-22T00:00:00.000Z","year":2004,"description":"EARLY START - DEMO EX. NONSTRUCTURAL INT WALL PER PLAN - RESTROOMS TO REMAIN. SEPARATE PERMIT REQUIRED FOR TENANT IMPROVEMENT WORK","metadescription":"Bldg-Alter/Repair. Commercial. EARLY START - DEMO EX. NONSTRUCTURAL INT WALL PER PLAN - RESTROOMS TO REMAIN. SEPARATE PERMIT REQUIRED FOR TENANT IMPROVEMENT WORK. Permit Expired. 753-757 N LA CIENEGA BLVD","address":"A, 755 North La Cienega Boulevard, CA, West Hollywood, 90069, US","ct":"1944.00","ev":"N","apc":"Central","cpa":"Hollywood","zone":"C4-1VL","solar":"N","pin_nbr":"141B173   242","use_code":"17","geolocation":"POINT (-118.37682104 34.08511701)","status_date":"04/23/2007","permit_group":"Building","refresh_time":"06/10/2026","type_lat_lon":"PIN","business_unit":"Plan Check at Counter"},"geometry":{"type":"Point","coordinates":[-118.37682104,34.08511701]}},{"type":"Feature","properties":{"date":"2004-10-13T00:00:00.000Z","year":2004,"description":"PROPOSED TENANT IMPROVEMENT/CHANGE OF USE FROM CLEANING ESTABLISHMENT TO RETAIL AND ADDITION TO EXISTING  BLDG FOR \"MARC BY MARC JACOBS\" STORE. BLDGS AT THE REAR OF THE SITE TO BE REMOVED ON SEPARATE DEMO  PERMIT. REAR OF SITE TO BE USED FOR PARKING. SEE COMMENTS","metadescription":"Bldg-Addition. Commercial. PROPOSED TENANT IMPROVEMENT/CHANGE OF USE FROM CLEANING ESTABLISHMENT TO RETAIL AND ADDITION TO EXISTING  BLDG FOR \"MARC BY MARC JACOBS\" STORE. BLDGS AT THE REAR OF THE SITE TO BE REMOVED ON SEPARATE DEMO  PERMIT. REAR OF SITE TO BE USED FOR PARKING. SEE COMMENTS. Issued. 8410 W MELROSE AVE","address":"8410 Melrose Avenue, CA, West Hollywood, 90069, US","ct":"1944.00","ev":"N","apc":"Central","cpa":"Hollywood","zone":"C4-1XL","solar":"N","pin_nbr":"141B173   541","use_code":"16","geolocation":"POINT (-118.37356942 34.08315709)","status_date":"10/13/2004","construction":"Type V-N Construction","permit_group":"Building","refresh_time":"06/10/2026","type_lat_lon":"PIN","business_unit":"Regular Plan Check","square_footage":"500"},"geometry":{"type":"Point","coordinates":[-118.37356942,34.08315709]}},{"type":"Feature","properties":{"date":"2004-08-03T00:00:00.000Z","year":2004,"description":"demo ex. 1 story, two car garage.  see application 04014-30000-04695 for new garage, to be issued concurrently.","metadescription":"Bldg-Demolition. 1 or 2 Family Dwelling. demo ex. 1 story, two car garage.  see application 04014-30000-04695 for new garage, to be issued concurrently.. Permit Finaled. 931 N LAUREL AVE","address":"931 North Laurel Avenue, CA, Los Angeles, 90046, US","ct":"1944.00","ev":"N","apc":"Central","cpa":"Hollywood","zone":"R1-1","solar":"N","pin_nbr":"144B177   329","use_code":"7","geolocation":"POINT (-118.36497 34.08803)","status_date":"09/30/2004","permit_group":"Building","refresh_time":"06/10/2026","type_lat_lon":"ADDRESS","business_unit":"Plan Check at Counter","square_footage":"-323"},"geometry":{"type":"Point","coordinates":[-118.36497,34.08803]}},{"type":"Feature","properties":{"date":"2004-07-12T00:00:00.000Z","year":2004,"description":"Early start permit : interior non-structural demo.","metadescription":"Bldg-Alter/Repair. Commercial. Early start permit : interior non-structural demo.. Permit Expired. 420 N LA CIENEGA BLVD","address":"420 North La Cienega Boulevard, CA, Los Angeles, 90048, US","ct":"1945.00","ev":"N","apc":"Central","cpa":"Wilshire","zone":"C2-1VL-O","solar":"N","pin_nbr":"141B173  1389","use_code":"16","geolocation":"POINT (-118.37637 34.07872)","status_date":"04/16/2007","permit_group":"Building","refresh_time":"06/10/2026","type_lat_lon":"ADDRESS","business_unit":"Plan Check at Counter"},"geometry":{"type":"Point","coordinates":[-118.37637,34.07872]}},{"type":"Feature","properties":{"date":"2004-07-12T00:00:00.000Z","year":2004,"description":"DEMOLISH (E) 2-STORY APARTMENT BLDG & DETACHED GARAGE.","metadescription":"Bldg-Demolition. Apartment. DEMOLISH (E) 2-STORY APARTMENT BLDG & DETACHED GARAGE.. Permit Finaled. 744 N ALFRED ST 1-5","address":"1-8, 740 North Alfred Street, CA, West Hollywood, 90069, US","ct":"1944.00","ev":"N","apc":"Central","cpa":"Hollywood","zone":"R3-1","solar":"N","pin_nbr":"141B173   268","use_code":"5","geolocation":"POINT (-118.37514 34.08487)","status_date":"09/30/2004","permit_group":"Building","refresh_time":"06/10/2026","type_lat_lon":"ADDRESS","business_unit":"Plan Check at Counter","square_footage":"-2670"},"geometry":{"type":"Point","coordinates":[-118.37514,34.08487]}},{"type":"Feature","properties":{"date":"2004-05-27T00:00:00.000Z","year":2004,"description":"NEW ONE CAR CARPORT(To replace demolished att one car garage on 04016-20000-10153).","metadescription":"Bldg-New. 1 or 2 Family Dwelling. NEW ONE CAR CARPORT(To replace demolished att one car garage on 04016-20000-10153).. Permit Finaled. 953 N LAUREL AVE","address":"947 North Laurel Avenue, CA, Los Angeles, 90046, US","ct":"1944.00","ev":"N","apc":"Central","cpa":"Hollywood","zone":"R1-1","solar":"N","height":"10","pin_nbr":"144B177   291","use_code":"7","geolocation":"POINT (-118.36498 34.08857)","status_date":"09/12/2005","construction":"Type V-N Construction","permit_group":"Building","refresh_time":"06/10/2026","type_lat_lon":"ADDRESS","business_unit":"Appointment Plan Check","square_footage":".1"},"geometry":{"type":"Point","coordinates":[-118.36498,34.08857]}},{"type":"Feature","properties":{"date":"2004-04-16T00:00:00.000Z","year":2004,"description":"DEMO 2-STORY 4-UNIT APARTMENT BUILDING (2344 s.f. per Lupams).  Hand wreck and clear lot (1 of 2)  10-year affidavit under 04-0888608","metadescription":"Bldg-Demolition. 1 or 2 Family Dwelling. DEMO 2-STORY 4-UNIT APARTMENT BUILDING (2344 s.f. per Lupams).  Hand wreck and clear lot (1 of 2)  10-year affidavit under 04-0888608. Permit Finaled. 817 N ALFRED ST 1-4","address":"1-18, 817 North Alfred Street, CA, West Hollywood, 90069, US","ct":"1944.00","ev":"N","apc":"Central","cpa":"Hollywood","zone":"R3-1","solar":"N","pin_nbr":"141B173   139","use_code":"5","geolocation":"POINT (-118.37554 34.08593)","status_date":"04/08/2009","permit_group":"Building","refresh_time":"06/10/2026","type_lat_lon":"ADDRESS","business_unit":"Plan Check at Counter","square_footage":"-2344"},"geometry":{"type":"Point","coordinates":[-118.37554,34.08593]}},{"type":"Feature","properties":{"date":"2004-04-16T00:00:00.000Z","year":2004,"description":"DEMOLISH 4-UNIT 2-STORY APARTMENT BUILDING (2367 S.F. PER LUPAMS).  HAND WRECK AND CLEAR LOT.  (1 OF 2)  10-year affidavit under 04-0888608","metadescription":"Bldg-Demolition. 1 or 2 Family Dwelling. DEMOLISH 4-UNIT 2-STORY APARTMENT BUILDING (2367 S.F. PER LUPAMS).  HAND WRECK AND CLEAR LOT.  (1 OF 2)  10-year affidavit under 04-0888608. Permit Expired. 821 N ALFRED ST 1-4","address":"821 North Alfred Street, CA, West Hollywood, 90069, US","ct":"1944.00","ev":"N","apc":"Central","cpa":"Hollywood","zone":"R3-1","solar":"N","pin_nbr":"141B173   121","use_code":"5","geolocation":"POINT (-118.37548 34.08597)","status_date":"04/09/2007","permit_group":"Building","refresh_time":"06/10/2026","type_lat_lon":"ADDRESS","business_unit":"Plan Check at Counter","square_footage":"-2367"},"geometry":{"type":"Point","coordinates":[-118.37548,34.08597]}},{"type":"Feature","properties":{"date":"2004-04-15T00:00:00.000Z","year":2004,"description":"Demolish 1-story 40'x20' garage.  Clear lot and Hand wreck.  (2 of 2)","metadescription":"Bldg-Demolition. 1 or 2 Family Dwelling. Demolish 1-story 40'x20' garage.  Clear lot and Hand wreck.  (2 of 2). Permit Finaled. 821 N ALFRED ST 1-4","address":"821 North Alfred Street, CA, West Hollywood, 90069, US","ct":"1944.00","ev":"N","apc":"Central","cpa":"Hollywood","zone":"R3-1","solar":"N","pin_nbr":"141B173   121","use_code":"7","geolocation":"POINT (-118.37548 34.08597)","status_date":"11/10/2004","permit_group":"Building","refresh_time":"06/10/2026","type_lat_lon":"ADDRESS","business_unit":"Plan Check at Counter","square_footage":"-800"},"geometry":{"type":"Point","coordinates":[-118.37548,34.08597]}},{"type":"Feature","properties":{"date":"2004-04-15T00:00:00.000Z","year":2004,"description":"Demolish 1-story 40'x20' garage.  Clear lot and Hand wreck.  (2 of 2)","metadescription":"Bldg-Demolition. 1 or 2 Family Dwelling. Demolish 1-story 40'x20' garage.  Clear lot and Hand wreck.  (2 of 2). Permit Finaled. 817 N ALFRED ST 1-4","address":"1-18, 817 North Alfred Street, CA, West Hollywood, 90069, US","ct":"1944.00","ev":"N","apc":"Central","cpa":"Hollywood","zone":"R3-1","solar":"N","pin_nbr":"141B173   139","use_code":"7","geolocation":"POINT (-118.37554 34.08593)","status_date":"01/28/2009","permit_group":"Building","refresh_time":"06/10/2026","type_lat_lon":"ADDRESS","business_unit":"Plan Check at Counter","square_footage":"-800"},"geometry":{"type":"Point","coordinates":[-118.37554,34.08593]}},{"type":"Feature","properties":{"date":"2004-04-13T00:00:00.000Z","year":2004,"description":"INTERIOR DEMOLITION OF EXISTING WALLS AND CEILINGS.  (EARLY START PERMIT)","metadescription":"Bldg-Alter/Repair. Commercial. INTERIOR DEMOLITION OF EXISTING WALLS AND CEILINGS.  (EARLY START PERMIT). Issued. 8407 W MELROSE PL","address":"8407 Melrose Place, CA, West Hollywood, 90069, US","ct":"1944.00","ev":"N","apc":"Central","cpa":"Hollywood","zone":"C4-1XL","solar":"N","pin_nbr":"141B173   502","use_code":"16","geolocation":"POINT (-118.37342 34.08377)","status_date":"04/13/2004","permit_group":"Building","refresh_time":"06/10/2026","type_lat_lon":"ADDRESS","business_unit":"Plan Check at Counter"},"geometry":{"type":"Point","coordinates":[-118.37342,34.08377]}},{"type":"Feature","properties":{"date":"2004-03-11T00:00:00.000Z","year":2004,"description":"demo 2-story duplex and det garage to clear lot","metadescription":"Bldg-Demolition. 1 or 2 Family Dwelling. demo 2-story duplex and det garage to clear lot. Permit Finaled. 943-945 N CROFT AVE","address":"943 North Croft Avenue, CA, West Hollywood, 90069, US","ct":"1944.00","ev":"N","apc":"Central","cpa":"Hollywood","zone":"R3-1","solar":"N","pin_nbr":"144B173   246","use_code":"2","geolocation":"POINT (-118.37435 34.08821)","status_date":"05/14/2004","permit_group":"Building","refresh_time":"06/10/2026","type_lat_lon":"ADDRESS","business_unit":"Plan Check at Counter","square_footage":"-2614"},"geometry":{"type":"Point","coordinates":[-118.37435,34.08821]}},{"type":"Feature","properties":{"date":"2004-03-10T00:00:00.000Z","year":2004,"description":"DEMOLISH SINGLE FAMILY DWELLING AND DETACHED GARAGE, CLEAR LOT. SEWER CAP REQUIRED. (-1,290 SQ FT)","metadescription":"Bldg-Demolition. 1 or 2 Family Dwelling. DEMOLISH SINGLE FAMILY DWELLING AND DETACHED GARAGE, CLEAR LOT. SEWER CAP REQUIRED. (-1,290 SQ FT). Permit Expired. 347 N ALFRED ST","address":"347 North Alfred Street, CA, Los Angeles, 90048, US","ct":"1945.00","ev":"N","apc":"Central","cpa":"Wilshire","zone":"R2-1-O","solar":"N","pin_nbr":"138B173   211","use_code":"1","geolocation":"POINT (-118.3755 34.07746)","status_date":"02/27/2007","permit_group":"Building","refresh_time":"06/10/2026","type_lat_lon":"ADDRESS","business_unit":"Plan Check at Counter","square_footage":"-1290"},"geometry":{"type":"Point","coordinates":[-118.3755,34.07746]}},{"type":"Feature","properties":{"date":"2003-11-26T00:00:00.000Z","year":2003,"description":"t. i. : Demo interior non-bearing partition walls & replace 6-doors.","metadescription":"Bldg-Alter/Repair. Commercial. t. i. : Demo interior non-bearing partition walls & replace 6-doors.. Permit Finaled. 919 N LA CIENEGA BLVD","address":"919 North La Cienega Boulevard, CA, West Hollywood, 90069, US","ct":"1944.00","ev":"N","apc":"Central","cpa":"Hollywood","zone":"C4-1VL","solar":"N","pin_nbr":"144B173  1749","use_code":"16","geolocation":"POINT (-118.37667 34.08751)","status_date":"02/11/2004","permit_group":"Building","refresh_time":"06/10/2026","type_lat_lon":"ADDRESS","business_unit":"Plan Check at Counter"},"geometry":{"type":"Point","coordinates":[-118.37667,34.08751]}},{"type":"Feature","properties":{"date":"2003-10-30T00:00:00.000Z","year":2003,"description":"CLEAR LOT.  DEMO (E)SFD & (E)DET. GARAGE.  THIS PERMIT INCLUDES SEWER CAP PERMIT.","metadescription":"Bldg-Demolition. 1 or 2 Family Dwelling. CLEAR LOT.  DEMO (E)SFD & (E)DET. GARAGE.  THIS PERMIT INCLUDES SEWER CAP PERMIT.. Permit Finaled. 949 N CROFT AVE","address":"949 North Croft Avenue, CA, West Hollywood, 90069, US","ct":"1944.00","ev":"N","apc":"Central","cpa":"Hollywood","zone":"R3-1","solar":"N","pin_nbr":"144B173   230","use_code":"1","geolocation":"POINT (-118.37435 34.08834)","status_date":"05/14/2004","permit_group":"Building","refresh_time":"06/10/2026","type_lat_lon":"ADDRESS","business_unit":"Plan Check at Counter","square_footage":"-1188"},"geometry":{"type":"Point","coordinates":[-118.37435,34.08834]}},{"type":"Feature","properties":{"date":"2003-09-18T00:00:00.000Z","year":2003,"description":"DEMOLITION OF 7 UNIT APARTMENT.  CLEAR LOT.  SEWAGE CAP REQUIRED.","metadescription":"Bldg-Demolition. Apartment. DEMOLITION OF 7 UNIT APARTMENT.  CLEAR LOT.  SEWAGE CAP REQUIRED.. Permit Finaled. 123 S CLARK DR 1-6","address":"123 South Clark Drive, CA, Los Angeles, 90048, US","ct":"2149.00","ev":"N","apc":"Central","cpa":"Wilshire","zone":"R3-1-O","solar":"N","pin_nbr":"138B169   430","use_code":"5","geolocation":"POINT (-118.38502 34.07462)","status_date":"10/19/2004","permit_group":"Building","refresh_time":"06/10/2026","type_lat_lon":"ADDRESS","business_unit":"Plan Check at Counter","square_footage":"-6052"},"geometry":{"type":"Point","coordinates":[-118.38502,34.07462]}},{"type":"Feature","properties":{"date":"2003-09-15T00:00:00.000Z","year":2003,"description":"DEMO OF NON-BEARING PARTITIONS AND T-BAR CEILING.  NON-STRUCTURAL DEMOLITIION","metadescription":"Bldg-Alter/Repair. Commercial. DEMO OF NON-BEARING PARTITIONS AND T-BAR CEILING.  NON-STRUCTURAL DEMOLITIION. Permit Finaled. 360 N LA CIENEGA BLVD 1ST FLR","address":"360 North La Cienega Boulevard, CA, Los Angeles, 90048, US","ct":"1945.00","ev":"N","apc":"Central","cpa":"Wilshire","zone":"C2-1VL-O","solar":"N","pin_nbr":"138B173   138","use_code":"13","geolocation":"POINT (-118.37639 34.07775)","status_date":"02/22/2006","permit_group":"Building","refresh_time":"06/10/2026","type_lat_lon":"ADDRESS","business_unit":"Plan Check at Counter"},"geometry":{"type":"Point","coordinates":[-118.37639,34.07775]}},{"type":"Feature","properties":{"date":"2003-06-16T00:00:00.000Z","year":2003,"description":"DEMO (E) 18'X18' GARAGE","metadescription":"Bldg-Demolition. 1 or 2 Family Dwelling. DEMO (E) 18'X18' GARAGE. Permit Finaled. 362 N ALFRED ST","address":"362 North Alfred Street, CA, Los Angeles, 90048, US","ct":"1945.00","ev":"N","apc":"Central","cpa":"Wilshire","zone":"R2-1-O","solar":"N","pin_nbr":"138B173   130","use_code":"7","geolocation":"POINT (-118.37517 34.07779)","status_date":"12/07/2004","permit_group":"Building","refresh_time":"06/10/2026","type_lat_lon":"ADDRESS","business_unit":"Plan Check at Counter","square_footage":"-324"},"geometry":{"type":"Point","coordinates":[-118.37517,34.07779]}},{"type":"Feature","properties":{"date":"2003-04-03T00:00:00.000Z","year":2003,"description":"DEMO EXIST SFD AND DET. GAR CLEAR LOT.","metadescription":"Bldg-Demolition. 1 or 2 Family Dwelling. DEMO EXIST SFD AND DET. GAR CLEAR LOT.. Permit Finaled. 818 N CROFT AVE","address":"818 North Croft Avenue, CA, West Hollywood, 90069, US","ct":"1944.00","ev":"N","apc":"Central","cpa":"Hollywood","zone":"R3-1","solar":"N","pin_nbr":"141B173   135","use_code":"1","geolocation":"POINT (-118.37409 34.08596)","status_date":"08/27/2003","permit_group":"Building","refresh_time":"06/10/2026","type_lat_lon":"ADDRESS","business_unit":"Plan Check at Counter","square_footage":"-2200"},"geometry":{"type":"Point","coordinates":[-118.37409,34.08596]}},{"type":"Feature","properties":{"date":"2003-04-01T00:00:00.000Z","year":2003,"description":"DEMO (E) DUPLEX & DETACHED GARAGE. CLEAR LOT. SEWER CAPPING IS REQUIRED (FEE IS INCLUDED WITH PERMIT)","metadescription":"Bldg-Demolition. 1 or 2 Family Dwelling. DEMO (E) DUPLEX & DETACHED GARAGE. CLEAR LOT. SEWER CAPPING IS REQUIRED (FEE IS INCLUDED WITH PERMIT). Permit Finaled. 822 N CROFT AVE","address":"822 North Croft Avenue, CA, West Hollywood, 90069, US","ct":"1944.00","ev":"N","apc":"Central","cpa":"Hollywood","zone":"R3-1","solar":"N","pin_nbr":"141B173   116","use_code":"2","geolocation":"POINT (-118.37409 34.08599)","status_date":"09/12/2003","permit_group":"Building","refresh_time":"06/10/2026","type_lat_lon":"ADDRESS","business_unit":"Plan Check at Counter","square_footage":"-3000"},"geometry":{"type":"Point","coordinates":[-118.37409,34.08599]}},{"type":"Feature","properties":{"date":"2002-12-10T00:00:00.000Z","year":2002,"description":"DEMO (E) MASONRY CHIMNEY & REPLACE.","metadescription":"Bldg-Alter/Repair. 1 or 2 Family Dwelling. DEMO (E) MASONRY CHIMNEY & REPLACE.. Permit Finaled. 361 N CROFT AVE","address":"361 North Croft Avenue, CA, Los Angeles, 90048, US","ct":"1945.00","ev":"N","apc":"Central","zone":"R2-1-O","solar":"N","pin_nbr":"138B173   129","use_code":"1","geolocation":"POINT (-118.37434 34.0778)","status_date":"04/14/2003","permit_group":"Building","refresh_time":"06/10/2026","type_lat_lon":"ADDRESS","business_unit":"Plan Check at Counter"},"geometry":{"type":"Point","coordinates":[-118.37434,34.0778]}},{"type":"Feature","properties":{"date":"2002-10-17T00:00:00.000Z","year":2002,"description":"DEMO (E) SFD, REC. ROOM AND GARAGE TO CLEAR LOT.","metadescription":"Bldg-Demolition. 1 or 2 Family Dwelling. DEMO (E) SFD, REC. ROOM AND GARAGE TO CLEAR LOT.. Permit Finaled. 531 N LA JOLLA AVE","address":"529 North La Jolla Avenue, CA, Los Angeles, 90048, US","ct":"1944.00","ev":"N","apc":"Central","zone":"R1-1","solar":"N","pin_nbr":"141B173   943","use_code":"1","geolocation":"POINT (-118.36819 34.08095)","status_date":"01/06/2003","permit_group":"Building","refresh_time":"06/10/2026","type_lat_lon":"ADDRESS","business_unit":"Plan Check at Counter","square_footage":"-1774"},"geometry":{"type":"Point","coordinates":[-118.36819,34.08095]}},{"type":"Feature","properties":{"date":"2002-10-07T00:00:00.000Z","year":2002,"description":"PROPOSED 1 CAR CARPORT PER ENGR'S DESIGN (10'X18') TO REPLACE DEMOLISHED 1 CAR GARAGE (02019-20000-01363)","metadescription":"Bldg-New. 1 or 2 Family Dwelling. PROPOSED 1 CAR CARPORT PER ENGR'S DESIGN (10'X18') TO REPLACE DEMOLISHED 1 CAR GARAGE (02019-20000-01363). Permit Finaled. 928 N LAUREL AVE","address":"932 North Laurel Avenue, CA, Los Angeles, 90046, US","ct":"1944.00","ev":"N","apc":"Central","zone":"R1-1","solar":"N","pin_nbr":"144B177   340","use_code":"7","geolocation":"POINT (-118.36471 34.088)","status_date":"03/07/2003","construction":"Type V-N Construction","permit_group":"Building","refresh_time":"06/10/2026","type_lat_lon":"ADDRESS","business_unit":"Plan Check at Counter","square_footage":"180"},"geometry":{"type":"Point","coordinates":[-118.36471,34.088]}},{"type":"Feature","properties":{"date":"2002-10-07T00:00:00.000Z","year":2002,"description":"DEMO EX. DETACHED 1 - CAR GARAGE (10'X18'). SEPARATE PERMIT FOR NEW 1-CAR CARPORT TO BE OBTAINED CONCURRENTLY WITH THIS PERMIT. DPI COMPLETED PER G10338.","metadescription":"Bldg-Demolition. 1 or 2 Family Dwelling. DEMO EX. DETACHED 1 - CAR GARAGE (10'X18'). SEPARATE PERMIT FOR NEW 1-CAR CARPORT TO BE OBTAINED CONCURRENTLY WITH THIS PERMIT. DPI COMPLETED PER G10338.. Permit Finaled. 928 N LAUREL AVE","address":"932 North Laurel Avenue, CA, Los Angeles, 90046, US","ct":"1944.00","ev":"N","apc":"Central","zone":"R1-1","solar":"N","pin_nbr":"144B177   340","use_code":"7","geolocation":"POINT (-118.36471 34.088)","status_date":"03/19/2003","permit_group":"Building","refresh_time":"06/10/2026","type_lat_lon":"ADDRESS","business_unit":"Plan Check at Counter","square_footage":"-180"},"geometry":{"type":"Point","coordinates":[-118.36471,34.088]}},{"type":"Feature","properties":{"date":"2002-06-05T00:00:00.000Z","year":2002,"description":"DEMOLISH 18'X18' GARAGE, SEWER CAP NOT REQUIRED. NEW GARAGE UNDER APP # 02010-30000-01816.","metadescription":"Bldg-Demolition. 1 or 2 Family Dwelling. DEMOLISH 18'X18' GARAGE, SEWER CAP NOT REQUIRED. NEW GARAGE UNDER APP # 02010-30000-01816.. Permit Expired. 465 N SWEETZER AVE","address":"465 North Sweetzer Avenue, CA, Los Angeles, 90048, US","ct":"1945.00","ev":"N","apc":"Central","zone":"R1-1","solar":"N","pin_nbr":"141B173  1146","use_code":"7","geolocation":"POINT (-118.37015 34.07995)","status_date":"02/27/2007","permit_group":"Building","refresh_time":"06/10/2026","type_lat_lon":"ADDRESS","business_unit":"Express Permit","square_footage":"-324"},"geometry":{"type":"Point","coordinates":[-118.37015,34.07995]}},{"type":"Feature","properties":{"date":"2002-05-29T00:00:00.000Z","year":2002,"description":"Demolish \"handwreck\"  18 x18 garage. New garage is under 02010 70000 01700","metadescription":"Bldg-Demolition. 1 or 2 Family Dwelling. Demolish \"handwreck\"  18 x18 garage. New garage is under 02010 70000 01700. Permit Finaled. 933 N CRESCENT HEIGHTS BLVD","address":"933 North Crescent Heights Boulevard, CA, Los Angeles, 90046, US","ct":"1944.00","ev":"N","apc":"Central","zone":"R1-1","solar":"N","pin_nbr":"144B177   331","use_code":"7","geolocation":"POINT (-118.36604 34.08812)","status_date":"09/09/2002","construction":"Type V-N Construction","permit_group":"Building","refresh_time":"06/10/2026","type_lat_lon":"ADDRESS","business_unit":"Express Permit","square_footage":"-324"},"geometry":{"type":"Point","coordinates":[-118.36604,34.08812]}},{"type":"Feature","properties":{"date":"2002-04-26T00:00:00.000Z","year":2002,"description":"Demolish 1 story single family dwelling and detached garage.  Clear Lot.  Sewer Cap required.","metadescription":"Bldg-Demolition. 1 or 2 Family Dwelling. Demolish 1 story single family dwelling and detached garage.  Clear Lot.  Sewer Cap required.. Permit Finaled. 122 N CLARK DR","address":"110 North Clark Drive, CA, Los Angeles, 90048, US","ct":"2149.00","ev":"N","apc":"Central","zone":"R3-1-O","solar":"N","pin_nbr":"138B169   290","use_code":"1","geolocation":"POINT (-118.38472 34.07568)","status_date":"04/28/2004","permit_group":"Building","refresh_time":"06/10/2026","type_lat_lon":"ADDRESS","business_unit":"Plan Check at Counter","square_footage":"-1270"},"geometry":{"type":"Point","coordinates":[-118.38472,34.07568]}},{"type":"Feature","properties":{"date":"2002-04-02T00:00:00.000Z","year":2002,"description":"NON-STRUCTURAL DEMO WINDOWS, DOORS KITCHEN CABINETS, PLUMBING FIXTURES & DRY WALL.","metadescription":"Bldg-Alter/Repair. Apartment. NON-STRUCTURAL DEMO WINDOWS, DOORS KITCHEN CABINETS, PLUMBING FIXTURES & DRY WALL.. Permit Finaled. 908 N ALFRED ST 1-8","address":"1-5, 910 North Alfred Street, CA, West Hollywood, 90069, US","ct":"1944.00","ev":"N","apc":"Central","zone":"R3-1","solar":"N","pin_nbr":"144B173   365","use_code":"5","geolocation":"POINT (-118.37515 34.08732)","status_date":"06/06/2003","permit_group":"Building","refresh_time":"06/10/2026","type_lat_lon":"ADDRESS","business_unit":"Plan Check at Counter"},"geometry":{"type":"Point","coordinates":[-118.37515,34.08732]}},{"type":"Feature","properties":{"date":"2002-03-25T00:00:00.000Z","year":2002,"description":"DEMO OF S.F.D./DETACHED GARAGE. HANDWRECK","metadescription":"Bldg-Demolition. 1 or 2 Family Dwelling. DEMO OF S.F.D./DETACHED GARAGE. HANDWRECK. Permit Finaled. 1325 N POINSETTIA PL","address":"1325 North Poinsettia Place, CA, Los Angeles, 90046, US","ct":"1899.02","ev":"N","apc":"Central","zone":"R3-1","solar":"N","pin_nbr":"147B181  1119","use_code":"1","geolocation":"POINT (-118.34846 34.09517)","status_date":"06/24/2002","permit_group":"Building","refresh_time":"06/10/2026","type_lat_lon":"ADDRESS","business_unit":"Plan Check at Counter","square_footage":"-1622"},"geometry":{"type":"Point","coordinates":[-118.34846,34.09517]}},{"type":"Feature","properties":{"date":"2002-03-11T00:00:00.000Z","year":2002,"description":"DEMO EXISTING GAZEBO AND ADD SUN ROOM","metadescription":"Bldg-Addition. 1 or 2 Family Dwelling. DEMO EXISTING GAZEBO AND ADD SUN ROOM. Permit Finaled. 830 N ORLANDO AVE","address":"830 North Orlando Avenue, CA, West Hollywood, 90069, US","ct":"1944.00","ev":"N","apc":"Central","zone":"R1-1","solar":"N","pin_nbr":"141B173    78","use_code":"1","geolocation":"POINT (-118.37303 34.08622)","status_date":"12/19/2002","construction":"Type V-N Construction","permit_group":"Building","refresh_time":"06/10/2026","type_lat_lon":"ADDRESS","business_unit":"Appointment Plan Check","square_footage":"395"},"geometry":{"type":"Point","coordinates":[-118.37303,34.08622]}},{"type":"Feature","properties":{"date":"2002-01-31T00:00:00.000Z","year":2002,"description":"DEMOLISH (E) 2 STORY DUPLEX. DOZERWRECK. CLEAR LOT. SITE TO BE FENCED ONCE DEMO COMPLTETE. SC# 00042-10000-09396","metadescription":"Bldg-Demolition. 1 or 2 Family Dwelling. DEMOLISH (E) 2 STORY DUPLEX. DOZERWRECK. CLEAR LOT. SITE TO BE FENCED ONCE DEMO COMPLTETE. SC# 00042-10000-09396. Permit Finaled. 107-109 N SWALL DR","address":"1-22, 107 North Swall Drive, CA, Los Angeles, 90048, US","ct":"2149.00","ev":"N","zone":"R3-1-O","solar":"N","pin_nbr":"138B169   333","use_code":"2","geolocation":"POINT (-118.38608 34.07571)","status_date":"07/10/2002","construction":"Type V-N Construction","permit_group":"Building","refresh_time":"06/10/2026","type_lat_lon":"ADDRESS","business_unit":"Plan Check at Counter","square_footage":"-3800"},"geometry":{"type":"Point","coordinates":[-118.38608,34.07571]}},{"type":"Feature","properties":{"date":"2002-01-31T00:00:00.000Z","year":2002,"description":"DEMOLISH (E) GARAGE.  DOZER WRECK.  CLEAR LOT. SITE TO BE FENCED ONCE DEMO COMPLETE.","metadescription":"Bldg-Demolition. 1 or 2 Family Dwelling. DEMOLISH (E) GARAGE.  DOZER WRECK.  CLEAR LOT. SITE TO BE FENCED ONCE DEMO COMPLETE.. Permit Finaled. 107 N SWALL DR","address":"1-22, 107 North Swall Drive, CA, Los Angeles, 90048, US","ct":"2149.00","ev":"N","zone":"R3-1-O","solar":"N","pin_nbr":"138B169   333","use_code":"7","geolocation":"POINT (-118.38608 34.07571)","status_date":"07/10/2002","construction":"Type V-N Construction","permit_group":"Building","refresh_time":"06/10/2026","type_lat_lon":"ADDRESS","business_unit":"Plan Check at Counter"},"geometry":{"type":"Point","coordinates":[-118.38608,34.07571]}},{"type":"Feature","properties":{"date":"2001-11-30T00:00:00.000Z","year":2001,"description":"DEMO (E) DUPLEX AND GARAGE. CLEAR LOT. Separate permit for sewer cap","metadescription":"Bldg-Demolition. 1 or 2 Family Dwelling. DEMO (E) DUPLEX AND GARAGE. CLEAR LOT. Separate permit for sewer cap. Permit Finaled. 900-902 N CROFT AVE","address":"900 North Croft Avenue, CA, West Hollywood, 90069, US","ct":"1944.00","ev":"N","apc":"Central","zone":"R3-1","solar":"N","pin_nbr":"144B173   380","use_code":"2","geolocation":"POINT (-118.37409 34.08716)","status_date":"12/03/2004","permit_group":"Building","refresh_time":"06/10/2026","type_lat_lon":"ADDRESS","business_unit":"Express Permit"},"geometry":{"type":"Point","coordinates":[-118.37409,34.08716]}},{"type":"Feature","properties":{"date":"2001-10-16T00:00:00.000Z","year":2001,"description":"demo 18' x 20' det. garage.","metadescription":"Bldg-Demolition. 1 or 2 Family Dwelling. demo 18' x 20' det. garage.. Permit Expired. 819 N KILKEA DR","address":"815 North Kilkea Drive, CA, Los Angeles, 90046, US","ct":"1944.00","ev":"N","apc":"Central","zone":"R2-1XL","solar":"N","pin_nbr":"141B173   124","use_code":"7","geolocation":"POINT (-118.36708 34.08596)","status_date":"09/22/2005","permit_group":"Building","refresh_time":"06/10/2026","type_lat_lon":"ADDRESS","business_unit":"Plan Check at Counter","square_footage":"-360"},"geometry":{"type":"Point","coordinates":[-118.36708,34.08596]}},{"type":"Feature","properties":{"date":"2001-10-09T00:00:00.000Z","year":2001,"description":"Interior non-structural demo. Early start permit.","metadescription":"Bldg-Alter/Repair. Commercial. Interior non-structural demo. Early start permit.. Permit Expired. 843-845 N LA CIENEGA BLVD","address":"843 North La Cienega Boulevard, CA, West Hollywood, 90069, US","ct":"1944.00","ev":"N","apc":"Central","zone":"C4-1VL","solar":"N","pin_nbr":"141B173    53","use_code":"16","geolocation":"POINT (-118.37665 34.08652)","status_date":"03/19/2008","permit_group":"Building","refresh_time":"06/10/2026","type_lat_lon":"ADDRESS","business_unit":"Plan Check at Counter"},"geometry":{"type":"Point","coordinates":[-118.37665,34.08652]}},{"type":"Feature","properties":{"date":"2001-08-20T00:00:00.000Z","year":2001,"description":"DEMOLISH (E) ONE STORY 2 CAR GARAGE.(18'x20')","metadescription":"Bldg-Demolition. 1 or 2 Family Dwelling. DEMOLISH (E) ONE STORY 2 CAR GARAGE.(18'x20'). Permit Finaled. 743 N HARPER AVE","address":"743 North Harper Avenue, CA, Los Angeles, 90046, US","ct":"1944.00","ev":"N","apc":"Central","zone":"R2-1XL","solar":"N","pin_nbr":"141B173   258","use_code":"7","geolocation":"POINT (-118.36921 34.08495)","status_date":"10/19/2001","permit_group":"Building","refresh_time":"06/10/2026","type_lat_lon":"ADDRESS","business_unit":"Appointment Plan Check"},"geometry":{"type":"Point","coordinates":[-118.36921,34.08495]}},{"type":"Feature","properties":{"date":"2001-07-18T00:00:00.000Z","year":2001,"description":"DEMO OFF SITE ROOF SIGN.","metadescription":"Sign. Offsite. DEMO OFF SITE ROOF SIGN.. Permit Finaled. 665 LA CIENEGA","address":"663 North La Cienega Boulevard, CA, West Hollywood, 90069, US","ct":"1944.00","ev":"N","apc":"Central","zone":"C4-1VL","solar":"N","pin_nbr":"141B173   450","use_code":"19","geolocation":"POINT (-118.37681679 34.08371664)","status_date":"07/20/2001","permit_group":"Building","refresh_time":"06/10/2026","type_lat_lon":"PIN","business_unit":"Plan Check at Counter"},"geometry":{"type":"Point","coordinates":[-118.37681679,34.08371664]}},{"type":"Feature","properties":{"date":"2001-05-31T00:00:00.000Z","year":2001,"description":"DEMO GARAGE : ( 400 SF ) : CLEAR LOT : DEMO HANDWRECK","metadescription":"Bldg-Demolition. Apartment. DEMO GARAGE : ( 400 SF ) : CLEAR LOT : DEMO HANDWRECK. Permit Finaled. 832-834 N ALFRED ST","address":"832 North Alfred Street, CA, West Hollywood, 90069, US","ct":"1944.00","ev":"N","apc":"Central","zone":"R3-1","solar":"N","pin_nbr":"141B173    82","use_code":"7","geolocation":"POINT (-118.37515 34.08625)","status_date":"11/01/2002","permit_group":"Building","refresh_time":"06/10/2026","type_lat_lon":"ADDRESS","business_unit":"Appointment Plan Check"},"geometry":{"type":"Point","coordinates":[-118.37515,34.08625]}},{"type":"Feature","properties":{"date":"2001-05-31T00:00:00.000Z","year":2001,"description":"DEMO 2-STORY DUPLEX ( 3500 SF ) - CLEAR LOT -DEMO HANDWRECK","metadescription":"Bldg-Demolition. Apartment. DEMO 2-STORY DUPLEX ( 3500 SF ) - CLEAR LOT -DEMO HANDWRECK. Permit Finaled. 826-828 N ALFRED ST","address":"826 North Alfred Street, CA, West Hollywood, 90069, US","ct":"1944.00","ev":"N","apc":"Central","zone":"R3-1","solar":"N","pin_nbr":"141B173   102","use_code":"2","geolocation":"POINT (-118.37514 34.08611)","status_date":"11/01/2002","permit_group":"Building","refresh_time":"06/10/2026","type_lat_lon":"ADDRESS","business_unit":"Appointment Plan Check"},"geometry":{"type":"Point","coordinates":[-118.37514,34.08611]}},{"type":"Feature","properties":{"date":"2001-05-31T00:00:00.000Z","year":2001,"description":"DEMO 2-STORY DUPLEX ( 2500 SF ) : CLEAR LOT - DEMO HANDWRECK","metadescription":"Bldg-Demolition. Apartment. DEMO 2-STORY DUPLEX ( 2500 SF ) : CLEAR LOT - DEMO HANDWRECK. Permit Finaled. 832-834 N ALFRED ST","address":"832 North Alfred Street, CA, West Hollywood, 90069, US","ct":"1944.00","ev":"N","apc":"Central","zone":"R3-1","solar":"N","pin_nbr":"141B173    82","use_code":"2","geolocation":"POINT (-118.37515 34.08625)","status_date":"11/01/2002","permit_group":"Building","refresh_time":"06/10/2026","type_lat_lon":"ADDRESS","business_unit":"Appointment Plan Check"},"geometry":{"type":"Point","coordinates":[-118.37515,34.08625]}},{"type":"Feature","properties":{"date":"2001-05-31T00:00:00.000Z","year":2001,"description":"DEMO GARAGE : ( 400 SF ) : CLEAR LOT : DEMO HANDWRECK","metadescription":"Bldg-Demolition. Apartment. DEMO GARAGE : ( 400 SF ) : CLEAR LOT : DEMO HANDWRECK. Permit Finaled. 826-828 N ALFRED ST","address":"826 North Alfred Street, CA, West Hollywood, 90069, US","ct":"1944.00","ev":"N","apc":"Central","zone":"R3-1","solar":"N","pin_nbr":"141B173   102","use_code":"7","geolocation":"POINT (-118.37514 34.08611)","status_date":"09/20/2004","permit_group":"Building","refresh_time":"06/10/2026","type_lat_lon":"ADDRESS","business_unit":"Appointment Plan Check"},"geometry":{"type":"Point","coordinates":[-118.37514,34.08611]}},{"type":"Feature","properties":{"date":"2001-04-03T00:00:00.000Z","year":2001,"description":"DEMO OF (E) 2 STORY APARTMENT [7 UNITS]","metadescription":"Bldg-Demolition. Apartment. DEMO OF (E) 2 STORY APARTMENT [7 UNITS]. Permit Finaled. 112 S CLARK DR 1-7","address":"1-7, 112 South Clark Drive, CA, Los Angeles, 90048, US","ct":"2149.00","ev":"N","apc":"Central","zone":"R3-1-O","solar":"N","pin_nbr":"138B169   405","use_code":"5","geolocation":"POINT (-118.38471 34.07489)","status_date":"05/07/2008","permit_group":"Building","refresh_time":"06/10/2026","type_lat_lon":"ADDRESS","business_unit":"Plan Check at Counter","square_footage":"-6138"},"geometry":{"type":"Point","coordinates":[-118.38471,34.07489]}},{"type":"Feature","properties":{"date":"2001-04-03T00:00:00.000Z","year":2001,"description":"Demolish (e) 2-story duplex. Sewer capping required (fee included with this permit).","metadescription":"Bldg-Demolition. 1 or 2 Family Dwelling. Demolish (e) 2-story duplex. Sewer capping required (fee included with this permit).. Permit Finaled. 108-110 S CLARK DR","address":"108 South Clark Drive, CA, Los Angeles, 90048, US","ct":"2149.00","ev":"N","apc":"Central","zone":"R4-1-O","solar":"N","pin_nbr":"138B169   390","use_code":"2","geolocation":"POINT (-118.38471 34.07503)","status_date":"11/18/2004","permit_group":"Building","refresh_time":"06/10/2026","type_lat_lon":"ADDRESS","business_unit":"Plan Check at Counter","square_footage":"-2914"},"geometry":{"type":"Point","coordinates":[-118.38471,34.07503]}},{"type":"Feature","properties":{"date":"2001-04-03T00:00:00.000Z","year":2001,"description":"Demolish detached garage.","metadescription":"Bldg-Demolition. 1 or 2 Family Dwelling. Demolish detached garage.. Permit Finaled. 108 S CLARK DR","address":"108 South Clark Drive, CA, Los Angeles, 90048, US","ct":"2149.00","ev":"N","apc":"Central","zone":"R4-1-O","solar":"N","pin_nbr":"138B169   390","use_code":"7","geolocation":"POINT (-118.38471 34.07503)","status_date":"11/18/2004","permit_group":"Building","refresh_time":"06/10/2026","type_lat_lon":"ADDRESS","business_unit":"Plan Check at Counter"},"geometry":{"type":"Point","coordinates":[-118.38471,34.07503]}},{"type":"Feature","properties":{"date":"2001-03-21T00:00:00.000Z","year":2001,"description":"demo (e) 22' x 20' gar. handwrecking.","metadescription":"Bldg-Demolition. 1 or 2 Family Dwelling. demo (e) 22' x 20' gar. handwrecking.. Permit Finaled. 714 N HARPER AVE","address":"714 North Harper Avenue, CA, Los Angeles, 90046, US","ct":"1944.00","ev":"N","apc":"Central","zone":"R2-1XL","solar":"N","pin_nbr":"141B173   372","use_code":"7","geolocation":"POINT (-118.36892 34.08419)","status_date":"06/28/2001","permit_group":"Building","refresh_time":"06/10/2026","type_lat_lon":"ADDRESS","business_unit":"Plan Check at Counter"},"geometry":{"type":"Point","coordinates":[-118.36892,34.08419]}},{"type":"Feature","properties":{"date":"2000-04-13T00:00:00.000Z","year":2000,"description":"DEMOLIS EXISTING 12' X 24' D.F. SIGN (OFF-SITE ROOF SIGN) THIS IS A SUPPLEMENTAL PERMIT TO 99048-10000-01582 WHICH HAS EXPIRED.","metadescription":"Sign. Offsite. DEMOLIS EXISTING 12' X 24' D.F. SIGN (OFF-SITE ROOF SIGN) THIS IS A SUPPLEMENTAL PERMIT TO 99048-10000-01582 WHICH HAS EXPIRED.. Permit Finaled. 715-725 N LA CIENEGA BLVD","address":"715 North La Cienega Boulevard, CA, West Hollywood, 90069, US","ct":"1944.00","ev":"N","apc":"Central","zone":"C4-1VL","solar":"N","pin_nbr":"141B173   386","use_code":"19","geolocation":"POINT (-118.37665 34.08405)","status_date":"06/26/2001","permit_group":"Building","refresh_time":"06/10/2026","type_lat_lon":"ADDRESS","business_unit":"Plan Check at Counter"},"geometry":{"type":"Point","coordinates":[-118.37665,34.08405]}},{"type":"Feature","properties":{"date":"2000-04-13T00:00:00.000Z","year":2000,"description":"DEMO EXISTING 12' X 24' D.F. SIGN (OFF-SITE ROOF SIGN) THIS IS A SUPPLEMENTAL PERMIT TO # 99048-10000-01580 WHICH HAS EXPIRED","metadescription":"Sign. Offsite. DEMO EXISTING 12' X 24' D.F. SIGN (OFF-SITE ROOF SIGN) THIS IS A SUPPLEMENTAL PERMIT TO # 99048-10000-01580 WHICH HAS EXPIRED. Permit Expired. 715-725 N LA CIENEGA BLVD","address":"715 North La Cienega Boulevard, CA, West Hollywood, 90069, US","ct":"1944.00","ev":"N","apc":"Central","zone":"C4-1VL","solar":"N","pin_nbr":"141B173   386","use_code":"19","geolocation":"POINT (-118.37665 34.08405)","status_date":"01/29/2007","permit_group":"Building","refresh_time":"06/10/2026","type_lat_lon":"ADDRESS","business_unit":"Plan Check at Counter"},"geometry":{"type":"Point","coordinates":[-118.37665,34.08405]}},{"type":"Feature","properties":{"date":"2000-03-21T00:00:00.000Z","year":2000,"description":"Demolish (E) 19'x19' detached garage. Hand wreck. Permit for new det. garage under 00010-30000-00855.","metadescription":"Bldg-Demolition. 1 or 2 Family Dwelling. Demolish (E) 19'x19' detached garage. Hand wreck. Permit for new det. garage under 00010-30000-00855.. Permit Finaled. 445 N SWEETZER AVE","address":"445 North Sweetzer Avenue, CA, Los Angeles, 90048, US","ct":"1945.00","ev":"N","apc":"Central","zone":"R1-1","solar":"N","pin_nbr":"141B173  1246","use_code":"7","geolocation":"POINT (-118.37015 34.07945)","status_date":"07/31/2000","permit_group":"Building","refresh_time":"06/10/2026","type_lat_lon":"ADDRESS","business_unit":"Plan Check at Counter"},"geometry":{"type":"Point","coordinates":[-118.37015,34.07945]}},{"type":"Feature","properties":{"date":"2000-03-07T00:00:00.000Z","year":2000,"description":"DEMOLISH 16'-6\"X19'-8\" GARAGE. HANDWRECK NO SEWER CAP REQ.","metadescription":"Bldg-Demolition. 1 or 2 Family Dwelling. DEMOLISH 16'-6\"X19'-8\" GARAGE. HANDWRECK NO SEWER CAP REQ.. Permit Finaled. 412 N FLORES ST","address":"420 North Flores Street, CA, Los Angeles, 90048, US","ct":"1945.00","ev":"N","apc":"Central","zone":"R1-1","solar":"N","pin_nbr":"141B173  1402","use_code":"7","geolocation":"POINT (-118.37094 34.07863)","status_date":"12/08/2000","construction":"Type V-N Construction","permit_group":"Building","refresh_time":"06/10/2026","type_lat_lon":"ADDRESS","business_unit":"Appointment Plan Check"},"geometry":{"type":"Point","coordinates":[-118.37094,34.07863]}},{"type":"Feature","properties":{"date":"1999-10-28T00:00:00.000Z","year":1999,"description":"Demolish (E) deteriorated garage(TypeV,1story,400s.f.) No SC req'd.","metadescription":"Bldg-Demolition. 1 or 2 Family Dwelling. Demolish (E) deteriorated garage(TypeV,1story,400s.f.) No SC req'd.. Permit Finaled. 1300-1302 N POINSETTIA PL","address":"1300 North Poinsettia Place, CA, Los Angeles, 90046, US","ct":"1899.02","ev":"N","apc":"Central","zone":"R3-1XL","solar":"N","pin_nbr":"144B181   118","use_code":"7","geolocation":"POINT (-118.34819 34.09459)","status_date":"02/12/2001","permit_group":"Building","refresh_time":"06/10/2026","type_lat_lon":"ADDRESS","business_unit":"Express Permit"},"geometry":{"type":"Point","coordinates":[-118.34819,34.09459]}},{"type":"Feature","properties":{"date":"1999-09-09T00:00:00.000Z","year":1999,"description":"DEMOLIS EXISTING 12' X 24' D.F. SIGN (OFF-SITE ROOF SIGN)","metadescription":"Sign. Offsite. DEMOLIS EXISTING 12' X 24' D.F. SIGN (OFF-SITE ROOF SIGN). Permit Finaled. 715-725 N LA CIENEGA BLVD","address":"715 North La Cienega Boulevard, CA, West Hollywood, 90069, US","ct":"1944.00","ev":"N","apc":"Central","zone":"C4-1VL","solar":"N","pin_nbr":"141B173   386","use_code":"19","geolocation":"POINT (-118.37665 34.08405)","status_date":"06/26/2001","permit_group":"Building","refresh_time":"06/10/2026","type_lat_lon":"ADDRESS","business_unit":"Plan Check at Counter"},"geometry":{"type":"Point","coordinates":[-118.37665,34.08405]}},{"type":"Feature","properties":{"date":"1999-09-09T00:00:00.000Z","year":1999,"description":"DEMOLIS EXISTING 12' X 24' D.F. SIGN (OFF-SITE ROOF SIGN)","metadescription":"Sign. Offsite. DEMOLIS EXISTING 12' X 24' D.F. SIGN (OFF-SITE ROOF SIGN). Permit Finaled. 715-725 N LA CIENEGA BLVD","address":"715 North La Cienega Boulevard, CA, West Hollywood, 90069, US","ct":"1944.00","ev":"N","apc":"Central","zone":"C4-1VL","solar":"N","pin_nbr":"141B173   386","use_code":"19","geolocation":"POINT (-118.37665 34.08405)","status_date":"06/26/2001","permit_group":"Building","refresh_time":"06/10/2026","type_lat_lon":"ADDRESS","business_unit":"Plan Check at Counter"},"geometry":{"type":"Point","coordinates":[-118.37665,34.08405]}},{"type":"Feature","properties":{"date":"1999-08-13T00:00:00.000Z","year":1999,"description":"DEMOLISH EXISTING 8' X 32' ILLUMINATED SIGN.","metadescription":"Nonbldg-Demolition. Commercial. DEMOLISH EXISTING 8' X 32' ILLUMINATED SIGN.. Permit Finaled. 1309 N LA BREA AVE","address":"1309 North La Brea Avenue, CA, Los Angeles, 90028, US","ct":"1899.02","ev":"N","apc":"Central","zone":"C2-1","solar":"N","pin_nbr":"144B181   105","use_code":"19","geolocation":"POINT (-118.34444205 34.09463172)","status_date":"01/25/2002","permit_group":"Building","refresh_time":"06/10/2026","type_lat_lon":"PIN","business_unit":"Plan Check at Counter"},"geometry":{"type":"Point","coordinates":[-118.34444205,34.09463172]}},{"type":"Feature","properties":{"date":"1999-07-14T00:00:00.000Z","year":1999,"description":"DEMO INTERIOR ON 5 & 6 FLOORS","metadescription":"Bldg-Alter/Repair. Commercial. DEMO INTERIOR ON 5 & 6 FLOORS. Permit Finaled. 116 N ROBERTSON BLVD FLOOR 5&6","address":"116 North Robertson Boulevard, CA, Los Angeles, 90048, US","ct":"2149.00","ev":"N","apc":"Central","zone":"C2-1VL, Q, O","solar":"N","pin_nbr":"138B169   244","use_code":"13","geolocation":"POINT (-118.38356 34.0758)","status_date":"08/04/2000","permit_group":"Building","refresh_time":"06/10/2026","type_lat_lon":"ADDRESS","business_unit":"Plan Check at Counter"},"geometry":{"type":"Point","coordinates":[-118.38356,34.0758]}},{"type":"Feature","properties":{"date":"1998-11-04T00:00:00.000Z","year":1998,"description":"DEMO EXISTING GARAGE- HANDWRECK NEW GARAGE TO BE ISSUED CONCURRENTLY B1 ALLOWED TO SIGN FOR DEMO SINCE HE IS THE CONTRACTOR OF RECORD FOR NEW GARAGE BEING ISSUED CONCURRENTLY","metadescription":"Bldg-Demolition. 1 or 2 Family Dwelling. DEMO EXISTING GARAGE- HANDWRECK NEW GARAGE TO BE ISSUED CONCURRENTLY B1 ALLOWED TO SIGN FOR DEMO SINCE HE IS THE CONTRACTOR OF RECORD FOR NEW GARAGE BEING ISSUED CONCURRENTLY. Permit Finaled. 1325 N OGDEN DR","address":"1319 North Ogden Drive, CA, Los Angeles, 90046, US","ct":"1898.00","ev":"N","apc":"Central","zone":"R1-1, HPOZ","solar":"N","pin_nbr":"147B177  1402","use_code":"7","geolocation":"POINT (-118.35939 34.09511)","status_date":"09/24/2003","permit_group":"Building","refresh_time":"06/10/2026","type_lat_lon":"ADDRESS","business_unit":"Plan Check at Counter","square_footage":"-400"},"geometry":{"type":"Point","coordinates":[-118.35939,34.09511]}},{"type":"Feature","properties":{"date":"1998-10-14T00:00:00.000Z","year":1998,"description":"DEMOLISH EXISTING 20' x 20' DETACHED GARAGE (Handwrecking).","metadescription":"Bldg-Demolition. 1 or 2 Family Dwelling. DEMOLISH EXISTING 20' x 20' DETACHED GARAGE (Handwrecking).. Permit Finaled. 411-413 N ALFRED ST","address":"411 North Alfred Street, CA, Los Angeles, 90048, US","ct":"1945.00","ev":"N","apc":"Central","zone":"R2-1","solar":"N","pin_nbr":"138B173    42","use_code":"7","geolocation":"POINT (-118.37548 34.07837)","status_date":"02/16/2001","permit_group":"Building","refresh_time":"06/10/2026","type_lat_lon":"ADDRESS","business_unit":"Plan Check at Counter"},"geometry":{"type":"Point","coordinates":[-118.37548,34.07837]}},{"type":"Feature","properties":{"date":"1998-09-18T00:00:00.000Z","year":1998,"description":"T. I.: - NEW STORE FRONT & CEILING. DEMO INTERIOR NON-BEARING PARTITION WALLS.","metadescription":"Bldg-Alter/Repair. Commercial. T. I.: - NEW STORE FRONT & CEILING. DEMO INTERIOR NON-BEARING PARTITION WALLS.. Permit Finaled. 104 S ROBERTSON BLVD","address":"104 South Robertson Boulevard, CA, Los Angeles, 90048, US","ct":"2149.00","ev":"N","apc":"Central","zone":"C2-1VL, Q, O","solar":"N","pin_nbr":"138B169   373","use_code":"16","geolocation":"POINT (-118.3836 34.07505)","status_date":"12/14/1998","permit_group":"Building","refresh_time":"06/10/2026","type_lat_lon":"ADDRESS","business_unit":"Plan Check at Counter"},"geometry":{"type":"Point","coordinates":[-118.3836,34.07505]}},{"type":"Feature","properties":{"date":"1998-07-29T00:00:00.000Z","year":1998,"description":"REMODEL RESIDENCE: REMOVE/REPLACE TERMITE DAMAGED LUMBER, MOVE EXISTING WINDOW AND DOOR, DEMO 1/2 BATH. INSTALL 4*12 BEAM SUPPORTING CEILING LOAD, NEW WINDOW AWNING AT KITCHEN, NEW WOOD STAIRS EXTERIOR.","metadescription":"Bldg-Alter/Repair. 1 or 2 Family Dwelling. REMODEL RESIDENCE: REMOVE/REPLACE TERMITE DAMAGED LUMBER, MOVE EXISTING WINDOW AND DOOR, DEMO 1/2 BATH. INSTALL 4*12 BEAM SUPPORTING CEILING LOAD, NEW WINDOW AWNING AT KITCHEN, NEW WOOD STAIRS EXTERIOR.. Permit Finaled. 8213 W ROSEWOOD AVE","address":"8213 Rosewood Avenue, CA, Los Angeles, 90048, US","ct":"1944.00","ev":"N","apc":"Central","zone":"R1-1","solar":"N","pin_nbr":"141B173  1104","use_code":"1","geolocation":"POINT (-118.36847 34.0802)","status_date":"01/02/2007","construction":"Type V-N Construction","permit_group":"Building","refresh_time":"06/10/2026","type_lat_lon":"ADDRESS","business_unit":"Plan Check at Counter","square_footage":"0"},"geometry":{"type":"Point","coordinates":[-118.36847,34.0802]}},{"type":"Feature","properties":{"date":"1998-07-20T00:00:00.000Z","year":1998,"description":"SHORING FOR BASEMENT DEMOLITION. (OFFICE SUPERSTRUCTURE DEMOLISHED 1996).","metadescription":"Nonbldg-New. Commercial. SHORING FOR BASEMENT DEMOLITION. (OFFICE SUPERSTRUCTURE DEMOLISHED 1996).. Permit Finaled. 8700 W BEVERLY BLVD","address":"8702 Beverly Boulevard, CA, Los Angeles, 90048, US","ct":"2149.00","ev":"N","apc":"Central","zone":"C2-2, T, Q, D, O","solar":"N","pin_nbr":"138B169   208","use_code":"23","geolocation":"POINT (-118.3805 34.07666)","status_date":"12/23/1998","permit_group":"Building","refresh_time":"06/10/2026","type_lat_lon":"ADDRESS","business_unit":"Appointment Plan Check"},"geometry":{"type":"Point","coordinates":[-118.3805,34.07666]}},{"type":"Feature","properties":{"date":"1998-07-20T00:00:00.000Z","year":1998,"description":"DEMOLISH BASEMENT ( OFFICE SUPERSTRUCTURE DEMOLISHED 1996 ) _demolition does not include removal of south & west basement walls-","metadescription":"Bldg-Demolition. Commercial. DEMOLISH BASEMENT ( OFFICE SUPERSTRUCTURE DEMOLISHED 1996 ) _demolition does not include removal of south & west basement walls-. Permit Finaled. 8700 W BEVERLY BLVD","address":"8702 Beverly Boulevard, CA, Los Angeles, 90048, US","ct":"2149.00","ev":"N","apc":"Central","zone":"C2-2, T, Q, D, O","solar":"N","pin_nbr":"138B169   208","use_code":"13","geolocation":"POINT (-118.3805 34.07666)","status_date":"12/23/1998","permit_group":"Building","refresh_time":"06/10/2026","type_lat_lon":"ADDRESS","business_unit":"Appointment Plan Check"},"geometry":{"type":"Point","coordinates":[-118.3805,34.07666]}},{"type":"Feature","properties":{"date":"1998-06-30T00:00:00.000Z","year":1998,"description":"DEMOLISH EXISTING ELLER ROOF SIGN (14'*48' 672 SQ FT) rti for eric c. by syed","metadescription":"Nonbldg-Demolition. Commercial. DEMOLISH EXISTING ELLER ROOF SIGN (14'*48' 672 SQ FT) rti for eric c. by syed. Permit Finaled. 961 N LA CIENEGA BLVD","address":"961 North La Cienega Boulevard, CA, West Hollywood, 90069, US","ct":"1944.00","ev":"N","apc":"Central","zone":"C4-1VL","solar":"N","pin_nbr":"144B173   210","use_code":"23","geolocation":"POINT (-118.37657 34.08857)","status_date":"02/12/1999","permit_group":"Building","refresh_time":"06/10/2026","type_lat_lon":"ADDRESS","business_unit":"Plan Check at Counter"},"geometry":{"type":"Point","coordinates":[-118.37657,34.08857]}},{"type":"Feature","properties":{"date":"1998-06-17T00:00:00.000Z","year":1998,"description":"NON-STRUCTURAL INTERIOR DEMOLITION. REMOVAL OF INTERIOR LATH & PLASTER TO EXPOSE EXISTING FRAMING.","metadescription":"Bldg-Alter/Repair. 1 or 2 Family Dwelling. NON-STRUCTURAL INTERIOR DEMOLITION. REMOVAL OF INTERIOR LATH & PLASTER TO EXPOSE EXISTING FRAMING.. Permit Closed. 1003 N ORLANDO AVE","address":"1003 North Orlando Avenue, CA, West Hollywood, 90069, US","ct":"1944.00","ev":"N","apc":"Central","zone":"R1-1","solar":"N","pin_nbr":"144B173   182","use_code":"1","geolocation":"POINT (-118.3733 34.08904)","status_date":"08/10/1999","permit_group":"Building","refresh_time":"06/10/2026","type_lat_lon":"ADDRESS","business_unit":"Express Permit"},"geometry":{"type":"Point","coordinates":[-118.3733,34.08904]}},{"type":"Feature","properties":{"date":"1998-06-08T00:00:00.000Z","year":1998,"description":"demo one-story garage structures (18'x40', type V).","metadescription":"Bldg-Demolition. 1 or 2 Family Dwelling. demo one-story garage structures (18'x40', type V).. Permit Closed. 640 N SWEETZER AVE","address":"1-11, 640 North Sweetzer Avenue, CA, Los Angeles, 90048, US","ct":"1944.00","ev":"N","zone":"RD1.5-1XL","solar":"N","pin_nbr":"141B173   612","use_code":"7","geolocation":"POINT (-118.37015 34.08285)","status_date":"08/05/1999","permit_group":"Building","refresh_time":"06/10/2026","type_lat_lon":"ADDRESS","business_unit":"Plan Check at Counter"},"geometry":{"type":"Point","coordinates":[-118.37015,34.08285]}},{"type":"Feature","properties":{"date":"1998-06-08T00:00:00.000Z","year":1998,"description":"demo 1 story sfd (25'x25'=625 SF, type V), sewer cap is req'd.","metadescription":"Bldg-Demolition. 1 or 2 Family Dwelling. demo 1 story sfd (25'x25'=625 SF, type V), sewer cap is req'd.. Permit Closed. 640 N SWEETZER AVE","address":"1-11, 640 North Sweetzer Avenue, CA, Los Angeles, 90048, US","ct":"1944.00","ev":"N","zone":"RD1.5-1XL","solar":"N","pin_nbr":"141B173   612","use_code":"1","geolocation":"POINT (-118.37015 34.08285)","status_date":"08/05/1999","permit_group":"Building","refresh_time":"06/10/2026","type_lat_lon":"ADDRESS","business_unit":"Plan Check at Counter","square_footage":"600"},"geometry":{"type":"Point","coordinates":[-118.37015,34.08285]}},{"type":"Feature","properties":{"date":"1998-01-28T00:00:00.000Z","year":1998,"description":"DEMOLISH (e) UNREINFORCED BRICK DWELLING ..1500SF & GARAGE . HANDWRECK METHOD. ..COMBINED PERMIT. DPI WAIVED BY INSPECTOR KIP KENNEDY IN A TELEC0M WITH LINCOLN LEE ON 4/29/97. SEWER CAP REQUIRED.","metadescription":"Bldg-Demolition. 1 or 2 Family Dwelling. DEMOLISH (e) UNREINFORCED BRICK DWELLING ..1500SF & GARAGE . HANDWRECK METHOD. ..COMBINED PERMIT. DPI WAIVED BY INSPECTOR KIP KENNEDY IN A TELEC0M WITH LINCOLN LEE ON 4/29/97. SEWER CAP REQUIRED.. Permit Expired. 1325 N GENESEE AVE","address":"1325 North Genesee Avenue, CA, Los Angeles, 90046, US","ct":"1898.00","ev":"N","apc":"Central","zone":"R1-1, HPOZ","solar":"N","pin_nbr":"147B177  1404","use_code":"1","geolocation":"POINT (-118.35849094 34.09516146)","status_date":"03/19/2008","construction":"Type V-N Construction","permit_group":"Building","refresh_time":"06/10/2026","type_lat_lon":"PIN","business_unit":"Regular Plan Check"},"geometry":{"type":"Point","coordinates":[-118.35849094,34.09516146]}},{"type":"Feature","properties":{"date":"1997-12-18T00:00:00.000Z","year":1997,"description":"DEMOLISH EX. 2 CAR GARAGE, 18'X18',(A PERMIT FOR A NEW 2 CAR GARAGE IS BEING ISSUED CONCURRENTLY WITH THIS PERMIT APPLIC # 97010-20000-00000)","metadescription":"Bldg-Demolition. 1 or 2 Family Dwelling. DEMOLISH EX. 2 CAR GARAGE, 18'X18',(A PERMIT FOR A NEW 2 CAR GARAGE IS BEING ISSUED CONCURRENTLY WITH THIS PERMIT APPLIC # 97010-20000-00000). Permit Closed. 535 N HARPER AVE","address":"539 North Harper Avenue, CA, Los Angeles, 90048, US","ct":"1944.00","ev":"N","apc":"Central","zone":"R1-1","solar":"N","pin_nbr":"141B173   923","use_code":"7","geolocation":"POINT (-118.36918 34.08114)","status_date":"07/27/1999","permit_group":"Building","refresh_time":"06/10/2026","type_lat_lon":"ADDRESS","business_unit":"Plan Check at Counter"},"geometry":{"type":"Point","coordinates":[-118.36918,34.08114]}},{"type":"Feature","properties":{"date":"1997-12-18T00:00:00.000Z","year":1997,"description":"NEW 2 CAR GARAGE 18'-8\"X18'-8\" (THIS GARAGE REPLACES DEMOLISHED GARAGE, ISSUED UNDER APPLIC # 97019-20000-01106)","metadescription":"Bldg-New. 1 or 2 Family Dwelling. NEW 2 CAR GARAGE 18'-8\"X18'-8\" (THIS GARAGE REPLACES DEMOLISHED GARAGE, ISSUED UNDER APPLIC # 97019-20000-01106). Permit Closed. 535 N HARPER AVE","address":"539 North Harper Avenue, CA, Los Angeles, 90048, US","ct":"1944.00","ev":"N","apc":"Central","zone":"R1-1","solar":"N","pin_nbr":"141B173   923","use_code":"7","geolocation":"POINT (-118.36918 34.08114)","status_date":"07/27/1999","construction":"Type V-N Construction","permit_group":"Building","refresh_time":"06/10/2026","type_lat_lon":"ADDRESS","business_unit":"Plan Check at Counter","square_footage":"312"},"geometry":{"type":"Point","coordinates":[-118.36918,34.08114]}},{"type":"Feature","properties":{"date":"1996-12-18T00:00:00.000Z","year":1996,"description":"DEMOLISH INTERIOR WALLS,CEILING & FLOORING,T.I.,(2000 SQ. FT.),1ST FLO OR,NORTH END.","metadescription":"Bldg-Alter/Repair. Commercial. DEMOLISH INTERIOR WALLS,CEILING & FLOORING,T.I.,(2000 SQ. FT.),1ST FLO OR,NORTH END.. Permit Finaled. 8723 W ALDEN DR","address":"8741 Alden Drive, CA, Los Angeles, 90048, US","ct":"2149.00","ev":"N","apc":"Central","solar":"N","pin_nbr":"138B169   245","use_code":"13","geolocation":"POINT (-118.38272 34.0754)","status_date":"03/10/2000","permit_group":"Building","refresh_time":"06/10/2026","type_lat_lon":"ADDRESS","business_unit":"Plan Check at Counter"},"geometry":{"type":"Point","coordinates":[-118.38272,34.0754]}},{"type":"Feature","properties":{"date":"1996-11-20T00:00:00.000Z","year":1996,"description":"To collect fees in 96VN07609, not an E. Q. related job. Permit was issued for a Garage demolition permit.","metadescription":"Bldg-Alter/Repair. 1 or 2 Family Dwelling. To collect fees in 96VN07609, not an E. Q. related job. Permit was issued for a Garage demolition permit.. Permit Closed. 453 N FLORES ST","address":"453 North Flores Street, CA, Los Angeles, 90048, US","ct":"1945.00","ev":"N","apc":"Central","zone":"R1-1","solar":"N","pin_nbr":"141B173  1202","use_code":"7","geolocation":"POINT (-118.3712 34.0797)","status_date":"02/19/2000","permit_group":"Building","refresh_time":"06/10/2026","type_lat_lon":"ADDRESS","business_unit":"Plan Check at Counter"},"geometry":{"type":"Point","coordinates":[-118.3712,34.0797]}},{"type":"Feature","properties":{"date":"1996-09-26T00:00:00.000Z","year":1996,"description":"Demo garage, handwreck, sewer cap not required.","metadescription":"Bldg-Demolition. 1 or 2 Family Dwelling. Demo garage, handwreck, sewer cap not required.. Permit Finaled. 453 N FLORES ST","address":"453 North Flores Street, CA, Los Angeles, 90048, US","ct":"1945.00","ev":"N","apc":"Central","zone":"R1-1","solar":"N","pin_nbr":"141B173  1202","geolocation":"POINT (-118.3712 34.0797)","status_date":"03/24/2000","permit_group":"Building","refresh_time":"06/10/2026","type_lat_lon":"ADDRESS","business_unit":"Plan Check at Counter"},"geometry":{"type":"Point","coordinates":[-118.3712,34.0797]}}]}
