{"type":"FeatureCollection","features":[{"type":"Feature","properties":{"date":"2026-06-01T00:00:00.000Z","year":2026,"description":"ATTN: KEVIN MORALES ** 100% HSAP FOR REVIEW OF STRUCTURAL ONLY (SB330)** SUPPLEMENTAL TO 25010-10000-04828** NEW MIX-USE RESIDENTIAL+ RETAIL BUILDING. (54) UNITS, 6 STORIES RESIDENTIAL ABOVE GROUND FLOOR GARAGE) OVER 2- LEVEL BASEMENTPARKING.","metadescription":"Bldg-Alter/Repair. Apartment. ATTN: KEVIN MORALES ** 100% HSAP FOR REVIEW OF STRUCTURAL ONLY (SB330)** SUPPLEMENTAL TO 25010-10000-04828** NEW MIX-USE RESIDENTIAL+ RETAIL BUILDING. (54) UNITS, 6 STORIES RESIDENTIAL ABOVE GROUND FLOOR GARAGE) OVER 2- LEVEL BASEMENTPARKING.. PC Assigned. 12701 W WASHINGTON PL","address":"12701 Washington Place, CA, Los Angeles, 90066, US","ct":"2722.02","ev":"N","apc":"West Los Angeles","cpa":"Palms - Mar Vista - Del Rey","zone":"C2-1","solar":"N","pin_nbr":"111B153  1159","status_date":"06/04/2026","permit_group":"Building","refresh_time":"06/10/2026","type_lat_lon":"ADDRESS","business_unit":"Regular Plan Check"},"geometry":{"type":"Point","coordinates":[-118.4351,33.99722]}},{"type":"Feature","properties":{"date":"2025-12-11T00:00:00.000Z","year":2025,"description":"ePlan DEMO (E) STORAGE BUILDING","metadescription":"Bldg-Demolition. 1 or 2 Family Dwelling. ePlan DEMO (E) STORAGE BUILDING. Corrections Issued. 4277 S MOORE ST","address":"4283 Moore Street, CA, Los Angeles, 90066, US","ct":"2754.00","ev":"N","apc":"West Los Angeles","cpa":"Palms - Mar Vista - Del Rey","zone":"R1-1","solar":"N","pin_nbr":"108B153   865","use_code":"23","status_date":"12/15/2025","permit_group":"Building","refresh_time":"06/10/2026","type_lat_lon":"ADDRESS","business_unit":"Plan Check at Counter"},"geometry":{"type":"Point","coordinates":[-118.43259,33.9914]}},{"type":"Feature","properties":{"date":"2025-11-12T00:00:00.000Z","year":2025,"description":"- PREPARE PLANS FOR THE REPAIR AND RESTORATION OF A FIRE DAMAGED CONDOMINIUM (MULTI-FAMILY RESIDENCE) - REMOVE APPROX. 17 LN. FT. OF STUD WALLS ON THE 2ND FLOOR OF UNIT #4 AND REPLACE w/ (N) MATCHING STUD WALLS - REMOVE ALL DAMAGED OR COMPROMISED INTERIOR AND EXTERIOR FINISHES AND REPLACE w/ (N) MATCHING FINISHES - DAMAGE TO BUILDING IS LESS THAN 20%","metadescription":"Bldg-Alter/Repair. Apartment. - PREPARE PLANS FOR THE REPAIR AND RESTORATION OF A FIRE DAMAGED CONDOMINIUM (MULTI-FAMILY RESIDENCE) - REMOVE APPROX. 17 LN. FT. OF STUD WALLS ON THE 2ND FLOOR OF UNIT #4 AND REPLACE w/ (N) MATCHING STUD WALLS - REMOVE ALL DAMAGED OR COMPROMISED INTERIOR AND EXTERIOR FINISHES AND REPLACE w/ (N) MATCHING FINISHES - DAMAGE TO BUILDING IS LESS THAN 20%. PC Info Complete. 3985 S MOORE ST Units 2/4","address":"3987 Moore Street, CA, Los Angeles, 90066, US","ct":"2722.02","ev":"N","apc":"West Los Angeles","cpa":"Palms - Mar Vista - Del Rey","zone":"R3-1","solar":"N","pin_nbr":"111B153  1292","use_code":"5","status_date":"12/17/2025","permit_group":"Building","refresh_time":"06/10/2026","type_lat_lon":"ADDRESS","business_unit":"Expanded Counter Plan Check"},"geometry":{"type":"Point","coordinates":[-118.43779,33.99614]}},{"type":"Feature","properties":{"date":"2025-10-21T00:00:00.000Z","year":2025,"description":"**70% HSAP FOR REVIEW OF ZONING, FLS, GREEN AND ACCESSIBILITY (SB330)** NEW MIX-USE RESIDENTIAL+ RETAIL BUILDING. (54) UNITS, 6 STORIES RESIDENTIAL ABOVE GROUND FLOOR GARAGE) OVER 2- LEVEL BASEMENTPARKING. THE PROJECT UTILIZES 2 ADDITIONAL INCENTIVES PER CHIP ORDINANCE 188477.8 UNITS ALLOCATED TO VERY LOW INCOME (VLI).  PROJECT IS UTILIZING OPPORTUNITY CORRIDOR INCENTIVE AREA OC-1, HIGH MARKET TIER.**SUPPLEMENTAL PERMIT REQUIRED TO CAPTURE CALOSHA CLEARANCE APPROVAL PRIOR TO COMMENCING CONSTRUCTION**","metadescription":"Bldg-New. Apartment. **70% HSAP FOR REVIEW OF ZONING, FLS, GREEN AND ACCESSIBILITY (SB330)** NEW MIX-USE RESIDENTIAL+ RETAIL BUILDING. (54) UNITS, 6 STORIES RESIDENTIAL ABOVE GROUND FLOOR GARAGE) OVER 2- LEVEL BASEMENTPARKING. THE PROJECT UTILIZES 2 ADDITIONAL INCENTIVES PER CHIP ORDINANCE 188477.8 UNITS ALLOCATED TO VERY LOW INCOME (VLI).  PROJECT IS UTILIZING OPPORTUNITY CORRIDOR INCENTIVE AREA OC-1, HIGH MARKET TIER.**SUPPLEMENTAL PERMIT REQUIRED TO CAPTURE CALOSHA CLEARANCE APPROVAL PRIOR TO COMMENCING CONSTRUCTION**. Quality Review Completed. 12701 W WASHINGTON PL","address":"12701 Washington Place, CA, Los Angeles, 90066, US","ct":"2722.02","ev":"N","apc":"West Los Angeles","cpa":"Palms - Mar Vista - Del Rey","zone":"C2-1","solar":"N","pin_nbr":"111B153  1159","status_date":"10/29/2025","permit_group":"Building","refresh_time":"06/10/2026","type_lat_lon":"ADDRESS","business_unit":"Regular Plan Check"},"geometry":{"type":"Point","coordinates":[-118.4351,33.99722]}},{"type":"Feature","properties":{"date":"2024-03-18T00:00:00.000Z","year":2024,"description":"EPLAN: FOUNDATION REPAIR WITH PILES AT NORTHEAST CORNER OF BUILDING  ALL WORK PER ENGINEERINGNO CHANGE IN FLOORPLAN/ FOOTPRING/ HEIGHT","metadescription":"Bldg-Alter/Repair. Commercial. EPLAN: FOUNDATION REPAIR WITH PILES AT NORTHEAST CORNER OF BUILDING  ALL WORK PER ENGINEERINGNO CHANGE IN FLOORPLAN/ FOOTPRING/ HEIGHT. Permit Finaled. 3107 S LA CIENEGA BLVD","address":"3107 South La Cienega Boulevard, CA, Los Angeles, 90016, US","ct":"2199.02","ev":"N","apc":"South Los Angeles","cpa":"West Adams - Baldwin Hills - Leimert","zone":"MR1-1VL-CPIO","solar":"N","pin_nbr":"123B173  1531","use_code":"12","status_date":"06/12/2024","permit_group":"Building","refresh_time":"06/10/2026","type_lat_lon":"ADDRESS","business_unit":"Regular Plan Check"},"geometry":{"type":"Point","coordinates":[-118.37367,34.02997]}},{"type":"Feature","properties":{"date":"2023-12-13T00:00:00.000Z","year":2023,"description":"Change of Use from Personal Fitness Counseling service to Health Club and Tenant Improvement in existing commercial building","metadescription":"Bldg-Alter/Repair. Commercial. Change of Use from Personal Fitness Counseling service to Health Club and Tenant Improvement in existing commercial building. CofO Issued. 13400 W WASHINGTON BLVD 200","address":"13400 Washington Boulevard, CA, Marina Del Rey, 90292, US","ct":"2754.00","ev":"N","apc":"West Los Angeles","cpa":"Palms - Mar Vista - Del Rey","zone":"CM(GM)-2D-CA","solar":"N","pin_nbr":"108B153  1318","use_code":"4","status_date":"08/21/2024","permit_group":"Building","refresh_time":"06/10/2026","type_lat_lon":"ADDRESS","business_unit":"Expanded Counter Plan Check","square_footage":"0"},"geometry":{"type":"Point","coordinates":[-118.44484,33.99158]}},{"type":"Feature","properties":{"date":"2019-11-01T00:00:00.000Z","year":2019,"description":"Re-roof with Class A or B material weighing less than 6 pounds per sq. ft. over existing solid sheathing __40____Squares. Class A roof covering is required within Very High Fire Hazard Severity Zone (VHFHSZ). For residential roof replacement > 50% of the total roof area, apply Cool Roof Product labeled and certified by Cool Roof Rating Council (CRRC). Cool Roof may be required for non-residential buildings per Title 24, Part 6, Section 141.0(b) 2B.","metadescription":"Bldg-Alter/Repair. Apartment. Re-roof with Class A or B material weighing less than 6 pounds per sq. ft. over existing solid sheathing __40____Squares. Class A roof covering is required within Very High Fire Hazard Severity Zone (VHFHSZ). For residential roof replacement > 50% of the total roof area, apply Cool Roof Product labeled and certified by Cool Roof Rating Council (CRRC). Cool Roof may be required for non-residential buildings per Title 24, Part 6, Section 141.0(b) 2B.. Permit Finaled. 4600 S SAWTELLE BLVD","address":"1-15, 4600 Sawtelle Boulevard, CA, Culver City, 90230, US","ct":"2751.01","ev":"N","apc":"West Los Angeles","cpa":"Palms - Mar Vista - Del Rey","zone":"RD2-1","solar":"N","pin_nbr":"111B161   419","use_code":"5","geolocation":"POINT (-118.40834 34.00057)","status_date":"11/25/2019","permit_group":"Building","refresh_time":"06/10/2026","type_lat_lon":"ADDRESS","business_unit":"Express Permit"},"geometry":{"type":"Point","coordinates":[-118.40834,34.00057]}},{"type":"Feature","properties":{"date":"2019-10-28T00:00:00.000Z","year":2019,"description":"(8) WINDOW and (2) DOOR CHANGE-OUT (SAME SIZE & TYPE) FOR RESIDENTIAL BUILDINGS.  TWO KITCHEN REMODEL FOR RESIDENTIAL BUILDINGS (NO STRUCTURAL CHANGES).  TWO BATHROOM REMODEL FOR RESIDENTIAL BUILDINGS (NO STRUCTURAL CHANGES).","metadescription":"Bldg-Alter/Repair. Apartment. (8) WINDOW and (2) DOOR CHANGE-OUT (SAME SIZE & TYPE) FOR RESIDENTIAL BUILDINGS.  TWO KITCHEN REMODEL FOR RESIDENTIAL BUILDINGS (NO STRUCTURAL CHANGES).  TWO BATHROOM REMODEL FOR RESIDENTIAL BUILDINGS (NO STRUCTURAL CHANGES).. Permit Finaled. 5934-5936 W COMEY AVE","address":"5934 Comey Avenue, CA, Los Angeles, 90034, US","ct":"2702.00","ev":"N","apc":"South Los Angeles","cpa":"West Adams - Baldwin Hills - Leimert","zone":"RD2-1","solar":"N","pin_nbr":"123B173   662","use_code":"5","geolocation":"POINT (-118.37431 34.03347)","status_date":"10/13/2020","permit_group":"Building","refresh_time":"06/10/2026","type_lat_lon":"ADDRESS","business_unit":"Express Permit"},"geometry":{"type":"Point","coordinates":[-118.37431,34.03347]}},{"type":"Feature","properties":{"date":"2019-10-02T00:00:00.000Z","year":2019,"description":"BATHROOM REMODEL(MASTER) FOR RESIDENTIAL BUILDINGS(NO STRUCTURAL CHANGES).","metadescription":"Bldg-Alter/Repair. Apartment. BATHROOM REMODEL(MASTER) FOR RESIDENTIAL BUILDINGS(NO STRUCTURAL CHANGES).. Permit Finaled. 3988 S BEETHOVEN ST #10","address":"3988 Beethoven Street, CA, Los Angeles, 90066, US","ct":"2722.02","ev":"N","apc":"West Los Angeles","cpa":"Palms - Mar Vista - Del Rey","zone":"R3-1","solar":"N","pin_nbr":"108B153    26","use_code":"35","geolocation":"POINT (-118.43832 33.99576)","status_date":"12/10/2019","permit_group":"Building","refresh_time":"06/10/2026","type_lat_lon":"ADDRESS","business_unit":"Express Permit"},"geometry":{"type":"Point","coordinates":[-118.43832,33.99576]}},{"type":"Feature","properties":{"date":"2019-08-22T00:00:00.000Z","year":2019,"description":"(7) WINDOW and (2) DOOR CHANGE-OUT (SAME SIZE & TYPE) FOR RESIDENTIAL BUILDINGS.","metadescription":"Bldg-Alter/Repair. 1 or 2 Family Dwelling. (7) WINDOW and (2) DOOR CHANGE-OUT (SAME SIZE & TYPE) FOR RESIDENTIAL BUILDINGS.. Permit Finaled. 3987 S MOORE ST","address":"3987 Moore Street, CA, Los Angeles, 90066, US","ct":"2722.02","ev":"N","apc":"West Los Angeles","cpa":"Palms - Mar Vista - Del Rey","zone":"R3-1","solar":"N","pin_nbr":"111B153  1303","use_code":"1","geolocation":"POINT (-118.43778 33.996)","status_date":"10/15/2019","permit_group":"Building","refresh_time":"06/10/2026","type_lat_lon":"ADDRESS","business_unit":"Express Permit"},"geometry":{"type":"Point","coordinates":[-118.43778,33.996]}},{"type":"Feature","properties":{"date":"2019-07-08T00:00:00.000Z","year":2019,"description":"New storage container as incidental use to main office building. (N) Parking restriping. See comments.","metadescription":"Nonbldg-New. Commercial. New storage container as incidental use to main office building. (N) Parking restriping. See comments.. Permit Expired. 12725 W ZANJA ST","address":"12725 West Zanja Street, CA, Los Angeles, 90066, US","ct":"2722.02","ev":"N","apc":"West Los Angeles","cpa":"Palms - Mar Vista - Del Rey","zone":"C2-1","solar":"N","pin_nbr":"111B153  1188","use_code":"22","geolocation":"POINT (-118.43563 33.99699)","status_date":"03/13/2025","permit_group":"Building","refresh_time":"06/10/2026","type_lat_lon":"ADDRESS","business_unit":"Expanded Counter Plan Check"},"geometry":{"type":"Point","coordinates":[-118.43563,33.99699]}},{"type":"Feature","properties":{"date":"2018-10-08T00:00:00.000Z","year":2018,"description":"Reroof with 120 sqrs BUILT UP roofing. Existing solid sheathing.Re-roof with Class A or B material weighing less than 6 pounds per sq. ft. For residential roof replacement > 50% of the total roof area, apply Cool Roof Product labeled and certified by Cool Roof Rating Council (CRRC). Cool Roof may be required for non-residential buildings per Title 24, Part 6, Section 149(b).","metadescription":"Bldg-Alter/Repair. Commercial. Reroof with 120 sqrs BUILT UP roofing. Existing solid sheathing.Re-roof with Class A or B material weighing less than 6 pounds per sq. ft. For residential roof replacement > 50% of the total roof area, apply Cool Roof Product labeled and certified by Cool Roof Rating Council (CRRC). Cool Roof may be required for non-residential buildings per Title 24, Part 6, Section 149(b).. Permit Finaled. 8829 W NATIONAL BLVD","address":"8829 National Boulevard, CA, Los Angeles, 90034, US","ct":"2702.00","ev":"N","apc":"South Los Angeles","cpa":"West Adams - Baldwin Hills - Leimert","zone":"C2-2D-CPIO","solar":"N","pin_nbr":"123B169  1385","use_code":"22","geolocation":"POINT (-118.3864 34.02913)","status_date":"03/05/2019","permit_group":"Building","refresh_time":"06/10/2026","type_lat_lon":"ADDRESS","business_unit":"Express Permit"},"geometry":{"type":"Point","coordinates":[-118.3864,34.02913]}},{"type":"Feature","properties":{"date":"2018-10-04T00:00:00.000Z","year":2018,"description":"Reinforce trusses in existing 1-story industrial building. See comments.","metadescription":"Bldg-Alter/Repair. Commercial. Reinforce trusses in existing 1-story industrial building. See comments.. Permit Finaled. 8829 W NATIONAL BLVD","address":"8829 National Boulevard, CA, Los Angeles, 90034, US","ct":"2702.00","ev":"N","apc":"South Los Angeles","cpa":"West Adams - Baldwin Hills - Leimert","zone":"C2-2D-CPIO","solar":"N","pin_nbr":"123B169  1385","use_code":"13","geolocation":"POINT (-118.3864 34.02913)","status_date":"10/22/2018","permit_group":"Building","refresh_time":"06/10/2026","type_lat_lon":"ADDRESS","business_unit":"Regular Plan Check"},"geometry":{"type":"Point","coordinates":[-118.3864,34.02913]}},{"type":"Feature","properties":{"date":"2018-09-25T00:00:00.000Z","year":2018,"description":"SUPPLEMENTAL PERMMIT TO 18016-20000-30481 TO REVISE WORK DISCRIPTION TO \" install sheet metal siding over space sheathing with an approved water-resistive barrier per valid ICC Evaluation Report #ESR 2048 on exterior walls at 5 feet or more from property lines for residential buildings.  (Applicant to provide a copy of the report to inspector).\"","metadescription":"Bldg-Alter/Repair. Apartment. SUPPLEMENTAL PERMMIT TO 18016-20000-30481 TO REVISE WORK DISCRIPTION TO \" install sheet metal siding over space sheathing with an approved water-resistive barrier per valid ICC Evaluation Report #ESR 2048 on exterior walls at 5 feet or more from property lines for residential buildings.  (Applicant to provide a copy of the report to inspector).\". Permit Finaled. 4283 S MOORE ST","address":"4283 Moore Street, CA, Los Angeles, 90066, US","ct":"2754.00","ev":"N","apc":"West Los Angeles","cpa":"Palms - Mar Vista - Del Rey","zone":"R1-1","solar":"N","pin_nbr":"108B153   883","use_code":"5","geolocation":"POINT (-118.4326 33.99132)","status_date":"11/16/2018","permit_group":"Building","refresh_time":"06/10/2026","type_lat_lon":"ADDRESS","business_unit":"Plan Check at Counter"},"geometry":{"type":"Point","coordinates":[-118.4326,33.99132]}},{"type":"Feature","properties":{"date":"2018-09-20T00:00:00.000Z","year":2018,"description":"Sheet metal siding over solid sheathing with an approved water-resistive barrier per valid ICC Evaluation Report #ESR 2048 on exterior walls at 5 feet or more from property lines for residential buildings.  (Applicant to provide a copy of the report to inspector).","metadescription":"Bldg-Alter/Repair. Apartment. Sheet metal siding over solid sheathing with an approved water-resistive barrier per valid ICC Evaluation Report #ESR 2048 on exterior walls at 5 feet or more from property lines for residential buildings.  (Applicant to provide a copy of the report to inspector).. Permit Finaled. 4283 S MOORE ST","address":"4283 Moore Street, CA, Los Angeles, 90066, US","ct":"2754.00","ev":"N","apc":"West Los Angeles","cpa":"Palms - Mar Vista - Del Rey","zone":"R1-1","solar":"N","pin_nbr":"108B153   883","use_code":"5","geolocation":"POINT (-118.4326 33.99132)","status_date":"11/28/2018","permit_group":"Building","refresh_time":"06/10/2026","type_lat_lon":"ADDRESS","business_unit":"Express Permit"},"geometry":{"type":"Point","coordinates":[-118.4326,33.99132]}},{"type":"Feature","properties":{"date":"2018-08-13T00:00:00.000Z","year":2018,"description":"Tenanit Improvement to existing manufacturing building.","metadescription":"Bldg-Alter/Repair. Commercial. Tenanit Improvement to existing manufacturing building.. Permit Finaled. 3105 S LA CIENEGA BLVD","address":"3105 South La Cienega Boulevard, CA, Los Angeles, 90016, US","ct":"2199.02","ev":"N","apc":"South Los Angeles","cpa":"West Adams - Baldwin Hills - Leimert","zone":"MR1-1VL-CPIO","solar":"N","pin_nbr":"123B173  1531","use_code":"12","geolocation":"POINT (-118.37353 34.02993)","status_date":"11/08/2018","permit_group":"Building","refresh_time":"06/10/2026","type_lat_lon":"ADDRESS","business_unit":"Regular Plan Check"},"geometry":{"type":"Point","coordinates":[-118.37353,34.02993]}},{"type":"Feature","properties":{"date":"2018-06-13T00:00:00.000Z","year":2018,"description":"Re-roof with Class A or B material weighing less than 6 pounds per sq. ft. over new solid sheathing _43_ squares.  For residential roof replacement > 50% of the total roof area, apply Cool Roof Product labeled and certified by Cool Roofing Rating Council (CRRC). Cool Roof may be required for non-residential buildings per Title 24, Part 6, Section 149(b).","metadescription":"Bldg-Alter/Repair. 1 or 2 Family Dwelling. Re-roof with Class A or B material weighing less than 6 pounds per sq. ft. over new solid sheathing _43_ squares.  For residential roof replacement > 50% of the total roof area, apply Cool Roof Product labeled and certified by Cool Roofing Rating Council (CRRC). Cool Roof may be required for non-residential buildings per Title 24, Part 6, Section 149(b).. Permit Finaled. 5872 W DAUPHIN AVE","address":"5870 Dauphin Avenue, CA, Los Angeles, 90034, US","ct":"2702.00","ev":"N","apc":"South Los Angeles","cpa":"West Adams - Baldwin Hills - Leimert","zone":"RD2-1","solar":"N","pin_nbr":"123B173   632","use_code":"1","geolocation":"POINT (-118.37317 34.03372)","status_date":"08/04/2018","permit_group":"Building","refresh_time":"06/10/2026","type_lat_lon":"ADDRESS","business_unit":"Express Permit"},"geometry":{"type":"Point","coordinates":[-118.37317,34.03372]}},{"type":"Feature","properties":{"date":"2018-04-25T00:00:00.000Z","year":2018,"description":"Window (4 ) and door (2 sliders ) change-out (same size & type) for residential buildings.  Dual glazing, labeled and certified by National Fenestration Rating Council (NFRC), is required for doors and windows replaced in all residential buildings, three stories or less, per Section 152(b) of Title 24.","metadescription":"Bldg-Alter/Repair. Apartment. Window (4 ) and door (2 sliders ) change-out (same size & type) for residential buildings.  Dual glazing, labeled and certified by National Fenestration Rating Council (NFRC), is required for doors and windows replaced in all residential buildings, three stories or less, per Section 152(b) of Title 24.. Permit Expired. 12621 W WASHINGTON PL #103","address":"12621 Washington Place, CA, Los Angeles, 90066, US","ct":"2722.01","ev":"N","apc":"West Los Angeles","cpa":"Palms - Mar Vista - Del Rey","zone":"R3-1","solar":"N","pin_nbr":"111B153  1396","use_code":"5","geolocation":"POINT (-118.43431 33.99767)","status_date":"01/23/2023","permit_group":"Building","refresh_time":"06/10/2026","type_lat_lon":"ADDRESS","business_unit":"Express Permit"},"geometry":{"type":"Point","coordinates":[-118.43431,33.99767]}},{"type":"Feature","properties":{"date":"2018-04-25T00:00:00.000Z","year":2018,"description":"Window (4 ) and door (2 sliders ) change-out (same size & type) for residential buildings.  Dual glazing, labeled and certified by National Fenestration Rating Council (NFRC), is required for doors and windows replaced in all residential buildings, three stories or less, per Section 152(b) of Title 24.","metadescription":"Bldg-Alter/Repair. Apartment. Window (4 ) and door (2 sliders ) change-out (same size & type) for residential buildings.  Dual glazing, labeled and certified by National Fenestration Rating Council (NFRC), is required for doors and windows replaced in all residential buildings, three stories or less, per Section 152(b) of Title 24.. Permit Expired. 12621 W WASHINGTON PL #305","address":"12621 Washington Place, CA, Los Angeles, 90066, US","ct":"2722.01","ev":"N","apc":"West Los Angeles","cpa":"Palms - Mar Vista - Del Rey","zone":"R3-1","solar":"N","pin_nbr":"111B153  1396","use_code":"5","geolocation":"POINT (-118.43431 33.99767)","status_date":"01/23/2023","permit_group":"Building","refresh_time":"06/10/2026","type_lat_lon":"ADDRESS","business_unit":"Express Permit"},"geometry":{"type":"Point","coordinates":[-118.43431,33.99767]}},{"type":"Feature","properties":{"date":"2018-04-23T00:00:00.000Z","year":2018,"description":"SOFT STORY RETROFIT PER DIVISION 93. RETROFIT CONSISTS OF INSTALLING (3) ORDINARY MOMENT FRAMES TO EXISTING 2-STORY APARTMENT BUILDING","metadescription":"Bldg-Alter/Repair. Apartment. SOFT STORY RETROFIT PER DIVISION 93. RETROFIT CONSISTS OF INSTALLING (3) ORDINARY MOMENT FRAMES TO EXISTING 2-STORY APARTMENT BUILDING. CofC Issued. 3996 S WADE ST 1-10","address":"1-10, 3996 Wade Street, CA, Los Angeles, 90066, US","ct":"2722.01","ev":"N","apc":"West Los Angeles","cpa":"Palms - Mar Vista - Del Rey","zone":"R3-1","solar":"N","pin_nbr":"111B153  1146","use_code":"5","geolocation":"POINT (-118.43488 33.99754)","status_date":"10/30/2019","permit_group":"Building","refresh_time":"06/10/2026","type_lat_lon":"ADDRESS","business_unit":"Regular Plan Check"},"geometry":{"type":"Point","coordinates":[-118.43488,33.99754]}},{"type":"Feature","properties":{"date":"2018-04-13T00:00:00.000Z","year":2018,"description":"Window (2) and door (1) change-out (same size & type) for residential buildings.  Dual glazing, labeled and certified by National Fenestration Rating Council (NFRC), is required for doors and windows replaced in all residential buildings, three stories or less, per Section 152(b) of Title 24.","metadescription":"Bldg-Alter/Repair. Apartment. Window (2) and door (1) change-out (same size & type) for residential buildings.  Dual glazing, labeled and certified by National Fenestration Rating Council (NFRC), is required for doors and windows replaced in all residential buildings, three stories or less, per Section 152(b) of Title 24.. Permit Expired. 12621 W WASHINGTON PL 202","address":"12621 Washington Place, CA, Los Angeles, 90066, US","ct":"2722.01","ev":"N","apc":"West Los Angeles","cpa":"Palms - Mar Vista - Del Rey","zone":"R3-1","solar":"N","pin_nbr":"111B153  1396","use_code":"35","geolocation":"POINT (-118.43431 33.99767)","status_date":"01/23/2023","permit_group":"Building","refresh_time":"06/10/2026","type_lat_lon":"ADDRESS","business_unit":"Express Permit"},"geometry":{"type":"Point","coordinates":[-118.43431,33.99767]}},{"type":"Feature","properties":{"date":"2018-04-13T00:00:00.000Z","year":2018,"description":"Window (4) and door (2) change-out (same size & type) for residential buildings.  Dual glazing, labeled and certified by National Fenestration Rating Council (NFRC), is required for doors and windows replaced in all residential buildings, three stories or less, per Section 152(b) of Title 24.","metadescription":"Bldg-Alter/Repair. Apartment. Window (4) and door (2) change-out (same size & type) for residential buildings.  Dual glazing, labeled and certified by National Fenestration Rating Council (NFRC), is required for doors and windows replaced in all residential buildings, three stories or less, per Section 152(b) of Title 24.. Permit Finaled. 12621 W WASHINGTON PL 204","address":"12621 Washington Place, CA, Los Angeles, 90066, US","ct":"2722.01","ev":"N","apc":"West Los Angeles","cpa":"Palms - Mar Vista - Del Rey","zone":"R3-1","solar":"N","pin_nbr":"111B153  1396","use_code":"35","geolocation":"POINT (-118.43431 33.99767)","status_date":"06/04/2018","permit_group":"Building","refresh_time":"06/10/2026","type_lat_lon":"ADDRESS","business_unit":"Express Permit"},"geometry":{"type":"Point","coordinates":[-118.43431,33.99767]}},{"type":"Feature","properties":{"date":"2018-04-13T00:00:00.000Z","year":2018,"description":"Window (4) and door (1) change-out (same size & type) for residential buildings.  Dual glazing, labeled and certified by National Fenestration Rating Council (NFRC), is required for doors and windows replaced in all residential buildings, three stories or less, per Section 152(b) of Title 24.","metadescription":"Bldg-Alter/Repair. Apartment. Window (4) and door (1) change-out (same size & type) for residential buildings.  Dual glazing, labeled and certified by National Fenestration Rating Council (NFRC), is required for doors and windows replaced in all residential buildings, three stories or less, per Section 152(b) of Title 24.. Permit Expired. 12621 W WASHINGTON PL 301","address":"12621 Washington Place, CA, Los Angeles, 90066, US","ct":"2722.01","ev":"N","apc":"West Los Angeles","cpa":"Palms - Mar Vista - Del Rey","zone":"R3-1","solar":"N","pin_nbr":"111B153  1396","use_code":"35","geolocation":"POINT (-118.43431 33.99767)","status_date":"01/23/2023","permit_group":"Building","refresh_time":"06/10/2026","type_lat_lon":"ADDRESS","business_unit":"Express Permit"},"geometry":{"type":"Point","coordinates":[-118.43431,33.99767]}},{"type":"Feature","properties":{"date":"2018-04-13T00:00:00.000Z","year":2018,"description":"Window (6) and door (2) change-out (same size & type) for residential buildings.  Dual glazing, labeled and certified by National Fenestration Rating Council (NFRC), is required for doors and windows replaced in all residential buildings, three stories or less, per Section 152(b) of Title 24.","metadescription":"Bldg-Alter/Repair. Apartment. Window (6) and door (2) change-out (same size & type) for residential buildings.  Dual glazing, labeled and certified by National Fenestration Rating Council (NFRC), is required for doors and windows replaced in all residential buildings, three stories or less, per Section 152(b) of Title 24.. Permit Finaled. 12621 W WASHINGTON PL 201","address":"12621 Washington Place, CA, Los Angeles, 90066, US","ct":"2722.01","ev":"N","apc":"West Los Angeles","cpa":"Palms - Mar Vista - Del Rey","zone":"R3-1","solar":"N","pin_nbr":"111B153  1396","use_code":"35","geolocation":"POINT (-118.43431 33.99767)","status_date":"05/18/2018","permit_group":"Building","refresh_time":"06/10/2026","type_lat_lon":"ADDRESS","business_unit":"Express Permit"},"geometry":{"type":"Point","coordinates":[-118.43431,33.99767]}},{"type":"Feature","properties":{"date":"2018-02-21T00:00:00.000Z","year":2018,"description":"ADD SILL PLATE ANCHOR BOLTS, ADD PLYWOOD TO CRIPPLE WALLS (IF EXISTING), AND REPLACE FOUNDATION PER LA CITY STANDARD PLAN #1 (EARTHQUAKE HAZARD REDUCTION PER CHAPTER 92 OF THE LOS ANGELES BUILDING CODE). (HOUSES, RESIDENTIAL BUILDINGS UP TO 3 STORIES AND UP TO 4 UNITS).","metadescription":"Bldg-Alter/Repair. 1 or 2 Family Dwelling. ADD SILL PLATE ANCHOR BOLTS, ADD PLYWOOD TO CRIPPLE WALLS (IF EXISTING), AND REPLACE FOUNDATION PER LA CITY STANDARD PLAN #1 (EARTHQUAKE HAZARD REDUCTION PER CHAPTER 92 OF THE LOS ANGELES BUILDING CODE). (HOUSES, RESIDENTIAL BUILDINGS UP TO 3 STORIES AND UP TO 4 UNITS).. Permit Finaled. 3260 S CATTARAUGUS AVE","address":"3264 Cattaraugus Avenue, CA, Los Angeles, 90034, US","ct":"2702.00","ev":"N","apc":"South Los Angeles","cpa":"West Adams - Baldwin Hills - Leimert","zone":"RD2-1","solar":"N","pin_nbr":"123B169  1145","use_code":"1","geolocation":"POINT (-118.38145 34.03104)","status_date":"03/23/2018","permit_group":"Building","refresh_time":"06/10/2026","type_lat_lon":"ADDRESS","business_unit":"Express Permit"},"geometry":{"type":"Point","coordinates":[-118.38145,34.03104]}},{"type":"Feature","properties":{"date":"2018-02-15T00:00:00.000Z","year":2018,"description":"remove storage room of (e) accessory building to reduce area from 299 to 199 sf","metadescription":"Bldg-Alter/Repair. 1 or 2 Family Dwelling. remove storage room of (e) accessory building to reduce area from 299 to 199 sf. CofO Issued. 4272 S NEOSHO AVE","address":"4270 Neosho Avenue, CA, Los Angeles, 90066, US","ct":"2753.11","ev":"N","apc":"West Los Angeles","cpa":"Palms - Mar Vista - Del Rey","zone":"R1-1","solar":"N","pin_nbr":"108B157   779","use_code":"23","geolocation":"POINT (-118.43037 33.99226)","status_date":"04/01/2024","construction":"Type V-B Construction","permit_group":"Building","refresh_time":"06/10/2026","type_lat_lon":"ADDRESS","business_unit":"Plan Check at Counter","square_footage":"199"},"geometry":{"type":"Point","coordinates":[-118.43037,33.99226]}},{"type":"Feature","properties":{"date":"2018-01-22T00:00:00.000Z","year":2018,"description":"Re-roof with Class A or B material weighing less than 6 pounds per sq. ft. over existing solid sheathing 45 squares.  For residential roof replacement > 50% of the total roof area, apply Cool Roof Product labeled and certified by Cool Roofing Rating Council (CRRC). Cool Roof may be required for non-residential buildings per Title 24, Part 6, Section 149(b).","metadescription":"Bldg-Alter/Repair. Apartment. Re-roof with Class A or B material weighing less than 6 pounds per sq. ft. over existing solid sheathing 45 squares.  For residential roof replacement > 50% of the total roof area, apply Cool Roof Product labeled and certified by Cool Roofing Rating Council (CRRC). Cool Roof may be required for non-residential buildings per Title 24, Part 6, Section 149(b).. Permit Expired. 3265 S CATTARAUGUS AVE","address":"1-12, 3265 Cattaraugus Avenue, CA, Los Angeles, 90034, US","ct":"2702.00","ev":"N","apc":"South Los Angeles","cpa":"West Adams - Baldwin Hills - Leimert","zone":"RD2-1","solar":"N","pin_nbr":"123B169  1212","use_code":"5","geolocation":"POINT (-118.38176 34.03087)","status_date":"03/16/2023","permit_group":"Building","refresh_time":"06/10/2026","type_lat_lon":"ADDRESS","business_unit":"Express Permit"},"geometry":{"type":"Point","coordinates":[-118.38176,34.03087]}},{"type":"Feature","properties":{"date":"2017-05-08T00:00:00.000Z","year":2017,"description":"Re-roof with Class A or B roof covering material weighing less than 6 pounds per sq. ft. over existing solid sheathing 27 Squares. Class A roof covering is required within Very High Fire Hazard Severity Zone (VHFHSZ). For residential roof replacement > 50% of the total roof area, apply Cool Roof Product labeled and certified by Cool Roof Rating Council (CRRC). Cool Roof may be required for non-residential buildings per Title 24, Part 6, Section 149 (b).","metadescription":"Bldg-Alter/Repair. 1 or 2 Family Dwelling. Re-roof with Class A or B roof covering material weighing less than 6 pounds per sq. ft. over existing solid sheathing 27 Squares. Class A roof covering is required within Very High Fire Hazard Severity Zone (VHFHSZ). For residential roof replacement > 50% of the total roof area, apply Cool Roof Product labeled and certified by Cool Roof Rating Council (CRRC). Cool Roof may be required for non-residential buildings per Title 24, Part 6, Section 149 (b).. Permit Finaled. 3965 S LYCEUM AVE","address":"3965 Lyceum Avenue, CA, Los Angeles, 90066, US","ct":"2722.02","ev":"N","apc":"West Los Angeles","cpa":"Palms - Mar Vista - Del Rey","zone":"R1-1","solar":"N","pin_nbr":"108B153   131","use_code":"1","geolocation":"POINT (-118.43942 33.99528)","status_date":"05/27/2017","permit_group":"Building","refresh_time":"06/10/2026","type_lat_lon":"ADDRESS","business_unit":"Express Permit"},"geometry":{"type":"Point","coordinates":[-118.43942,33.99528]}},{"type":"Feature","properties":{"date":"2017-01-12T00:00:00.000Z","year":2017,"description":"TENANT IMPROVEMENT OF A ONE-STORY MEDIA PRODUCTION BUILDING WITH MEZZANINE","metadescription":"Bldg-Alter/Repair. Commercial. TENANT IMPROVEMENT OF A ONE-STORY MEDIA PRODUCTION BUILDING WITH MEZZANINE. Permit Finaled. 3111 S LA CIENEGA BLVD","address":"3111 1/2 South La Cienega Boulevard, CA, Los Angeles, 90016, US","ct":"2199.02","ev":"N","apc":"South Los Angeles","cpa":"West Adams - Baldwin Hills - Leimert","zone":"MR1-1VL","solar":"N","pin_nbr":"123B173  1531","use_code":"12","geolocation":"POINT (-118.37395 34.02983)","status_date":"04/10/2017","permit_group":"Building","refresh_time":"06/10/2026","type_lat_lon":"ADDRESS","business_unit":"Plan Check at Counter"},"geometry":{"type":"Point","coordinates":[-118.37395,34.02983]}},{"type":"Feature","properties":{"date":"2016-12-05T00:00:00.000Z","year":2016,"description":"Re-roof with Class A or B material weighing less than 6 pound per sq. ft. over new solid sheathing 8.5 Squares. For residential roof replacement > 50% of the total roof area, apply Cool Roof Product labeled and certified by Cool Roof Rating Council (CRRC).  Cool Roof may be required for non-residential buildings per Title 24, Part 6, Section 149 (b).","metadescription":"Bldg-Alter/Repair. 1 or 2 Family Dwelling. Re-roof with Class A or B material weighing less than 6 pound per sq. ft. over new solid sheathing 8.5 Squares. For residential roof replacement > 50% of the total roof area, apply Cool Roof Product labeled and certified by Cool Roof Rating Council (CRRC).  Cool Roof may be required for non-residential buildings per Title 24, Part 6, Section 149 (b).. Permit Finaled. 5901 W DAUPHIN AVE","address":"5901 Dauphin Avenue, CA, Los Angeles, 90034, US","ct":"2702.00","ev":"N","apc":"South Los Angeles","zone":"RD1.5-1","solar":"N","pin_nbr":"123B173   528","use_code":"1","geolocation":"POINT (-118.37307 34.0339)","status_date":"02/24/2017","permit_group":"Building","refresh_time":"06/10/2026","type_lat_lon":"ADDRESS","business_unit":"Express Permit"},"geometry":{"type":"Point","coordinates":[-118.37307,34.0339]}},{"type":"Feature","properties":{"date":"2016-09-06T00:00:00.000Z","year":2016,"description":"(1) bathroom remodel for residential buildings (no structural changes).","metadescription":"Bldg-Alter/Repair. Apartment. (1) bathroom remodel for residential buildings (no structural changes).. Permit Finaled. 3988 S BEETHOVEN ST #11","address":"3988 Beethoven Street, CA, Los Angeles, 90066, US","ct":"2722.02","ev":"N","apc":"West Los Angeles","cpa":"Palms - Mar Vista - Del Rey","zone":"R3-1","solar":"N","pin_nbr":"108B153    26","use_code":"35","geolocation":"POINT (-118.43832 33.99576)","status_date":"02/02/2017","permit_group":"Building","refresh_time":"06/10/2026","type_lat_lon":"ADDRESS","business_unit":"Express Permit"},"geometry":{"type":"Point","coordinates":[-118.43832,33.99576]}},{"type":"Feature","properties":{"date":"2015-11-19T00:00:00.000Z","year":2015,"description":"Reroof with 50 sqrs BUILT UP roofing. Existing solid sheathing.Re-roof with Class A or B material weighing less than 6 pounds per sq. ft. For residential roof replacement > 50% of the total roof area, apply Cool Roof Product labeled and certified by Cool Roof Rating Council (CRRC). Cool Roof may be required for non-residential buildings per Title 24, Part 6, Section 149(b).","metadescription":"Bldg-Alter/Repair. Apartment. Reroof with 50 sqrs BUILT UP roofing. Existing solid sheathing.Re-roof with Class A or B material weighing less than 6 pounds per sq. ft. For residential roof replacement > 50% of the total roof area, apply Cool Roof Product labeled and certified by Cool Roof Rating Council (CRRC). Cool Roof may be required for non-residential buildings per Title 24, Part 6, Section 149(b).. Permit Finaled. 2628 S ALVIRA ST","address":"2628 Alvira Street, CA, Los Angeles, 90034, US","ct":"2702.00","ev":"N","apc":"South Los Angeles","cpa":"West Adams - Baldwin Hills - Leimert","zone":"RD1.5-1","solar":"N","pin_nbr":"123B173   882","use_code":"5","geolocation":"POINT (-118.37626 34.03274)","status_date":"01/19/2016","permit_group":"Building","refresh_time":"06/10/2026","type_lat_lon":"ADDRESS","business_unit":"Express Permit"},"geometry":{"type":"Point","coordinates":[-118.37626,34.03274]}},{"type":"Feature","properties":{"date":"2015-07-29T00:00:00.000Z","year":2015,"description":"Restucco for single family dwellings and duplexes only.  Replace drywall (no new walls added) for single family dwellings and duplexes only.  Re-roof with Class A or B material weighing less than 6 pound per sq. ft.  Window and door change-out (same size & type) for residential buildings.-ALL WORK AT ATTACHED GARAGE.***SEE APPLICATION COMMENTS***","metadescription":"Bldg-Alter/Repair. 1 or 2 Family Dwelling. Restucco for single family dwellings and duplexes only.  Replace drywall (no new walls added) for single family dwellings and duplexes only.  Re-roof with Class A or B material weighing less than 6 pound per sq. ft.  Window and door change-out (same size & type) for residential buildings.-ALL WORK AT ATTACHED GARAGE.***SEE APPLICATION COMMENTS***. Permit Finaled. 5811 W DAVID AVE","address":"5811 David Avenue, CA, Los Angeles, 90034, US","ct":"2702.00","ev":"N","apc":"South Los Angeles","zone":"RD1.5-1","solar":"N","pin_nbr":"123B173   429","use_code":"7","geolocation":"POINT (-118.37105 34.03452)","status_date":"08/09/2016","permit_group":"Building","refresh_time":"06/10/2026","type_lat_lon":"ADDRESS","business_unit":"Express Permit"},"geometry":{"type":"Point","coordinates":[-118.37105,34.03452]}},{"type":"Feature","properties":{"date":"2015-07-27T00:00:00.000Z","year":2015,"description":"SUPPLEMENTAL TO PERMIT No.: 08014-10003-02637 TO CHANGE MEZZANINE TO BE SECOND FLOOR OPEN ATRIUM. BUILDING TO BE FULLY SPRINKLERED.","metadescription":"Bldg-Alter/Repair. Commercial. SUPPLEMENTAL TO PERMIT No.: 08014-10003-02637 TO CHANGE MEZZANINE TO BE SECOND FLOOR OPEN ATRIUM. BUILDING TO BE FULLY SPRINKLERED.. Permit Finaled. 3125 S LA CIENEGA BLVD BLDG 1.04","address":"3231 South La Cienega Boulevard, CA, Los Angeles, 90016, US","ct":"2199.02","ev":"N","apc":"South Los Angeles","cpa":"West Adams - Baldwin Hills - Leimert","zone":"MR1-1VL","solar":"N","pin_nbr":"123B173  1684","use_code":"12","geolocation":"POINT (-118.37362986 34.02946322)","status_date":"01/19/2016","permit_group":"Building","refresh_time":"06/10/2026","type_lat_lon":"BUILDING","business_unit":"Plan Check at Counter","square_footage":"7429"},"geometry":{"type":"Point","coordinates":[-118.37362986,34.02946322]}},{"type":"Feature","properties":{"date":"2015-03-09T00:00:00.000Z","year":2015,"description":"TENANT IMPROVEMENT. CHANGE OF USE: RETAIL FURNITURE TO OFFICE. PARTIAL DEMO OF (E) BUILDING. ADD MEZZANINE FLOOR, PARKING LOT RESTRIPE. PER CASE ZA 2010-0538 (ZV)","metadescription":"Bldg-Addition. Commercial. TENANT IMPROVEMENT. CHANGE OF USE: RETAIL FURNITURE TO OFFICE. PARTIAL DEMO OF (E) BUILDING. ADD MEZZANINE FLOOR, PARKING LOT RESTRIPE. PER CASE ZA 2010-0538 (ZV). CofO Issued. 8876 W VENICE BLVD","address":"8884 Venice Boulevard, CA, Los Angeles, 90034, US","ct":"2702.00","ev":"N","apc":"South Los Angeles","cpa":"West Adams - Baldwin Hills - Leimert","zone":"[Q]CM-1VL","solar":"N","pin_nbr":"123B169  1385","use_code":"22","geolocation":"POINT (-118.38664992 34.02947749)","status_date":"10/04/2016","construction":"Type III-B Construction","permit_group":"Building","refresh_time":"06/10/2026","type_lat_lon":"BUILDING","business_unit":"Regular Plan Check","square_footage":"3000"},"geometry":{"type":"Point","coordinates":[-118.38664992,34.02947749]}},{"type":"Feature","properties":{"date":"2015-01-30T00:00:00.000Z","year":2015,"description":"(5) Window change-out (same size & type) for residential buildings.  Dual glazing, labeled and certified by National Fenestration Rating Council (NFRC), is required for doors and windows replaced in all residential buildings, three stories or less, per Section 152(b) of Title 24","metadescription":"Bldg-Alter/Repair. 1 or 2 Family Dwelling. (5) Window change-out (same size & type) for residential buildings.  Dual glazing, labeled and certified by National Fenestration Rating Council (NFRC), is required for doors and windows replaced in all residential buildings, three stories or less, per Section 152(b) of Title 24. Permit Finaled. 3927 S ALBRIGHT AVE","address":"3927 Albright Avenue, CA, Los Angeles, 90066, US","ct":"2723.01","ev":"N","apc":"West Los Angeles","cpa":"Palms - Mar Vista - Del Rey","zone":"R1-1","solar":"N","pin_nbr":"114B161    89","use_code":"1","geolocation":"POINT (-118.41891 34.00845)","status_date":"03/05/2015","permit_group":"Building","refresh_time":"06/10/2026","type_lat_lon":"ADDRESS","business_unit":"Express Permit"},"geometry":{"type":"Point","coordinates":[-118.41891,34.00845]}},{"type":"Feature","properties":{"date":"2014-12-15T00:00:00.000Z","year":2014,"description":"Kitchen and bathroom remodel (no structural changes).  General rehabilitation (non-structural changes, less than 10% of replacement cost of building). Change out (1) door same size and location.  Replace flooring throught sfd.  Related electrical/plumbing/hvac included.","metadescription":"Bldg-Alter/Repair. 1 or 2 Family Dwelling. Kitchen and bathroom remodel (no structural changes).  General rehabilitation (non-structural changes, less than 10% of replacement cost of building). Change out (1) door same size and location.  Replace flooring throught sfd.  Related electrical/plumbing/hvac included.. Permit Finaled. 3923 S ALBRIGHT AVE","address":"3927 Albright Avenue, CA, Los Angeles, 90066, US","ct":"2723.01","ev":"N","apc":"West Los Angeles","cpa":"Palms - Mar Vista - Del Rey","zone":"R1-1","solar":"N","pin_nbr":"114B157   874","use_code":"1","geolocation":"POINT (-118.41892 34.0085)","status_date":"03/27/2015","permit_group":"Building","refresh_time":"06/10/2026","type_lat_lon":"ADDRESS","business_unit":"Express Permit"},"geometry":{"type":"Point","coordinates":[-118.41892,34.0085]}},{"type":"Feature","properties":{"date":"2014-10-16T00:00:00.000Z","year":2014,"description":"KITCHEN REMODEL (FOR RESIDENTIAL BUILDINGS; NO STRUCTURAL CHANGES)","metadescription":"Bldg-Alter/Repair. Apartment. KITCHEN REMODEL (FOR RESIDENTIAL BUILDINGS; NO STRUCTURAL CHANGES). Permit Finaled. 12417-12419 1/2 W WASHINGTON PL","address":"12419 West Washington Place, CA, Los Angeles, 90066, US","ct":"2722.01","ev":"N","apc":"West Los Angeles","cpa":"Palms - Mar Vista - Del Rey","zone":"R3-1","solar":"N","pin_nbr":"111B157   719","use_code":"5","geolocation":"POINT (-118.43108 33.99932)","status_date":"12/03/2014","permit_group":"Building","refresh_time":"06/10/2026","type_lat_lon":"ADDRESS","business_unit":"Express Permit"},"geometry":{"type":"Point","coordinates":[-118.43108,33.99932]}},{"type":"Feature","properties":{"date":"2014-04-16T00:00:00.000Z","year":2014,"description":"DEMO ( E ) SINGLE FAMILY DWELLING , DETACHED GARAGE AND DETACHED STORAGE BUILDINGS  BY HAND WRECKING METHOD . SEWER CAP IS REQUIRED.  CLEAR SITE AND FENCE LOT .","metadescription":"Bldg-Demolition. 1 or 2 Family Dwelling. DEMO ( E ) SINGLE FAMILY DWELLING , DETACHED GARAGE AND DETACHED STORAGE BUILDINGS  BY HAND WRECKING METHOD . SEWER CAP IS REQUIRED.  CLEAR SITE AND FENCE LOT .. Permit Finaled. 3264 S FAY AVE","address":"1-3, 3264 Fay Avenue, CA, Los Angeles, 90034, US","ct":"2702.00","ev":"N","apc":"South Los Angeles","cpa":"West Adams - Baldwin Hills - Leimert","zone":"RD1.5-1","solar":"N","pin_nbr":"123B169  1098","use_code":"1","geolocation":"POINT (-118.38054 34.03129)","status_date":"05/13/2014","construction":"Type V-B Construction","permit_group":"Building","refresh_time":"06/10/2026","type_lat_lon":"ADDRESS","business_unit":"Plan Check at Counter","square_footage":"0"},"geometry":{"type":"Point","coordinates":[-118.38054,34.03129]}},{"type":"Feature","properties":{"date":"2014-02-06T00:00:00.000Z","year":2014,"description":"KITCHEN REMODEL COMBINED WITH ELECTRICAL AND PLUMBING (FOR RESIDENTIAL BUILDINGS; NO STRUCTURAL CHANGES).BATHROOM REMODEL COMBINED WITH ELECTRICAL AND PLUMBING  (FOR RESIDENTIAL BUILDINGS; NO STRUCTURAL CHANGES).","metadescription":"Bldg-Alter/Repair. 1 or 2 Family Dwelling. KITCHEN REMODEL COMBINED WITH ELECTRICAL AND PLUMBING (FOR RESIDENTIAL BUILDINGS; NO STRUCTURAL CHANGES).BATHROOM REMODEL COMBINED WITH ELECTRICAL AND PLUMBING  (FOR RESIDENTIAL BUILDINGS; NO STRUCTURAL CHANGES).. Permit Finaled. 12435 W WASHINGTON PL","address":"12435 Washington Place, CA, Los Angeles, 90066, US","ct":"2722.01","ev":"N","apc":"West Los Angeles","cpa":"Palms - Mar Vista - Del Rey","zone":"R3-1","solar":"N","pin_nbr":"111B157   754","use_code":"1","geolocation":"POINT (-118.43155 33.99916)","status_date":"03/14/2014","permit_group":"Building","refresh_time":"06/10/2026","type_lat_lon":"ADDRESS","business_unit":"Express Permit"},"geometry":{"type":"Point","coordinates":[-118.43155,33.99916]}},{"type":"Feature","properties":{"date":"2014-01-30T00:00:00.000Z","year":2014,"description":"TENANT IMPROVEMENT OF AN EXISTING BUILDING, REMOVE BATHROOM, AND ADD PARTITION WALLS.","metadescription":"Bldg-Alter/Repair. Commercial. TENANT IMPROVEMENT OF AN EXISTING BUILDING, REMOVE BATHROOM, AND ADD PARTITION WALLS.. Permit Finaled. 3121 S LA CIENEGA BLVD","address":"3121 South La Cienega Boulevard, CA, Los Angeles, 90016, US","ct":"2199.02","ev":"N","apc":"South Los Angeles","cpa":"West Adams - Baldwin Hills - Leimert","zone":"MR1-1VL","solar":"N","pin_nbr":"123B173  1581","use_code":"13","geolocation":"POINT (-118.37306 34.02996)","status_date":"03/17/2014","permit_group":"Building","refresh_time":"06/10/2026","type_lat_lon":"ADDRESS","business_unit":"Plan Check at Counter"},"geometry":{"type":"Point","coordinates":[-118.37306,34.02996]}},{"type":"Feature","properties":{"date":"2014-01-29T00:00:00.000Z","year":2014,"description":"SECURITY UPGRADE OF AN EXISTING CHILD CARE CENTER  TO SECURE THE INGRESS TO THE BUILDING.","metadescription":"Bldg-Alter/Repair. Commercial. SECURITY UPGRADE OF AN EXISTING CHILD CARE CENTER  TO SECURE THE INGRESS TO THE BUILDING.. Permit Expired. 3845 S CLARINGTON AVE","address":"3845 Clarington Avenue, CA, Culver City, 90232, US","ct":"2699.05","ev":"N","apc":"West Los Angeles","cpa":"Palms - Mar Vista - Del Rey","zone":"C2-1","solar":"N","pin_nbr":"120B165  1375","use_code":"18","geolocation":"POINT (-118.39962 34.02131)","status_date":"03/16/2023","permit_group":"Building","refresh_time":"06/10/2026","type_lat_lon":"ADDRESS","business_unit":"Regular Plan Check"},"geometry":{"type":"Point","coordinates":[-118.39962,34.02131]}},{"type":"Feature","properties":{"date":"2014-01-16T00:00:00.000Z","year":2014,"description":"REPLACE ALL  DOORS AND WINDOWS OF (E) TWO STORY OFFICE BUILDING (ALL SAME SIZE/LOCATION) . THE AFFECTED UNITS ARE : 101 , 102 , 103 , 104 , 201 , 202 , 203 & 204 .","metadescription":"Bldg-Alter/Repair. Commercial. REPLACE ALL  DOORS AND WINDOWS OF (E) TWO STORY OFFICE BUILDING (ALL SAME SIZE/LOCATION) . THE AFFECTED UNITS ARE : 101 , 102 , 103 , 104 , 201 , 202 , 203 & 204 .. Permit Expired. 3989 S CENTINELA AVE","address":"3989 South Centinela Avenue, CA, Los Angeles, 90066, US","ct":"2722.01","ev":"N","apc":"West Los Angeles","cpa":"Palms - Mar Vista - Del Rey","zone":"CR-1","solar":"N","pin_nbr":"111B157   656","use_code":"13","geolocation":"POINT (-118.43088 33.99985)","status_date":"02/10/2016","permit_group":"Building","refresh_time":"06/10/2026","type_lat_lon":"ADDRESS","business_unit":"Plan Check at Counter"},"geometry":{"type":"Point","coordinates":[-118.43088,33.99985]}},{"type":"Feature","properties":{"date":"2013-07-22T00:00:00.000Z","year":2013,"description":"Window (12)  change-out (same size & type) for residential buildings.Dual glazing, labeled and certified by National Fenestration Rating Council (NFRC), is required for doors and windows replaced in all residential buildings, three stories or less, per Section 152(b) of Title 24.  Valuation to be verified by Inspector.","metadescription":"Bldg-Alter/Repair. Apartment. Window (12)  change-out (same size & type) for residential buildings.Dual glazing, labeled and certified by National Fenestration Rating Council (NFRC), is required for doors and windows replaced in all residential buildings, three stories or less, per Section 152(b) of Title 24.  Valuation to be verified by Inspector.. Permit Finaled. 3985 S WASATCH AVE #B & C","address":"12503 Washington Place, CA, Los Angeles, 90066, US","ct":"2722.01","ev":"N","apc":"West Los Angeles","cpa":"Palms - Mar Vista - Del Rey","zone":"R3-1","solar":"N","pin_nbr":"111B153   961","use_code":"5","geolocation":"POINT (-118.43227 33.99889)","status_date":"07/26/2013","permit_group":"Building","refresh_time":"06/10/2026","type_lat_lon":"ADDRESS","business_unit":"Express Permit"},"geometry":{"type":"Point","coordinates":[-118.43227,33.99889]}},{"type":"Feature","properties":{"date":"2013-07-12T00:00:00.000Z","year":2013,"description":"New detached storage building , per WFPP ,  at the rear of lot .","metadescription":"Bldg-New. 1 or 2 Family Dwelling. New detached storage building , per WFPP ,  at the rear of lot .. Issued. 4277 S MOORE ST","address":"4283 Moore Street, CA, Los Angeles, 90066, US","ct":"2754.00","ev":"N","apc":"West Los Angeles","cpa":"Palms - Mar Vista - Del Rey","zone":"R1-1","solar":"N","height":"9.5","pin_nbr":"108B153   865","use_code":"23","geolocation":"POINT (-118.43259 33.9914)","status_date":"07/12/2013","construction":"Type V-B Construction","permit_group":"Building","refresh_time":"06/10/2026","type_lat_lon":"ADDRESS","business_unit":"Plan Check at Counter","square_footage":"113"},"geometry":{"type":"Point","coordinates":[-118.43259,33.9914]}},{"type":"Feature","properties":{"date":"2012-09-26T00:00:00.000Z","year":2012,"description":"SUPPLEMENTAL TO PERMIT#12014-10000-03035 TO REDUCE FLOOR AREA ADDITION FROM 452 SF TO 415 SF. AND TO REVISE FLOOR PLAN, FOUNDATION, FRAMING AND PLOT PLAN. CONSTRUCTION PER WFPP SHEET.","metadescription":"Bldg-Alter/Repair. 1 or 2 Family Dwelling. SUPPLEMENTAL TO PERMIT#12014-10000-03035 TO REDUCE FLOOR AREA ADDITION FROM 452 SF TO 415 SF. AND TO REVISE FLOOR PLAN, FOUNDATION, FRAMING AND PLOT PLAN. CONSTRUCTION PER WFPP SHEET.. Permit Finaled. 4376 S MC CONNELL BLVD","address":"4376 Mcconnell Avenue, CA, Los Angeles, 90066, US","ct":"2753.11","ev":"N","apc":"West Los Angeles","cpa":"Palms - Mar Vista - Del Rey","zone":"R1-1","solar":"N","height":"16","pin_nbr":"108B157  1222","use_code":"1","geolocation":"POINT (-118.42984957 33.9901271)","status_date":"12/10/2013","construction":"Type V-B Construction","permit_group":"Building","refresh_time":"06/10/2026","type_lat_lon":"PIN","business_unit":"Plan Check at Counter","square_footage":"1243"},"geometry":{"type":"Point","coordinates":[-118.42984957,33.9901271]}},{"type":"Feature","properties":{"date":"2012-08-30T00:00:00.000Z","year":2012,"description":"Kitchen/bathroom remodel for residential buildings (no structural changes). @ Existing SFD.  Related (Plbg., Elect. & Hvac).","metadescription":"Bldg-Alter/Repair. 1 or 2 Family Dwelling. Kitchen/bathroom remodel for residential buildings (no structural changes). @ Existing SFD.  Related (Plbg., Elect. & Hvac).. Permit Finaled. 4376 S MC CONNELL BLVD","address":"4376 Mcconnell Avenue, CA, Los Angeles, 90066, US","ct":"2753.11","ev":"N","apc":"West Los Angeles","cpa":"Palms - Mar Vista - Del Rey","zone":"R1-1","solar":"N","pin_nbr":"108B157  1222","use_code":"1","geolocation":"POINT (-118.42984957 33.9901271)","status_date":"11/20/2012","permit_group":"Building","refresh_time":"06/10/2026","type_lat_lon":"PIN","business_unit":"Express Permit"},"geometry":{"type":"Point","coordinates":[-118.42984957,33.9901271]}},{"type":"Feature","properties":{"date":"2012-07-23T00:00:00.000Z","year":2012,"description":"TENANT IMRPOVEMENT TO EXISTING BUILDING; ATTACHED DECK. <SEE COMMENTS>","metadescription":"Bldg-Alter/Repair. Commercial. TENANT IMRPOVEMENT TO EXISTING BUILDING; ATTACHED DECK. <SEE COMMENTS>. Permit Finaled. 3107 S LA CIENEGA BLVD","address":"3107 South La Cienega Boulevard, CA, Los Angeles, 90016, US","ct":"2199.00","ev":"N","apc":"South Los Angeles","cpa":"West Adams - Baldwin Hills - Leimert","zone":"MR1-1VL","solar":"N","pin_nbr":"123B173  1531","use_code":"12","geolocation":"POINT (-118.37367 34.02997)","status_date":"09/24/2013","permit_group":"Building","refresh_time":"06/10/2026","type_lat_lon":"ADDRESS","business_unit":"Regular Plan Check"},"geometry":{"type":"Point","coordinates":[-118.37367,34.02997]}},{"type":"Feature","properties":{"date":"2012-07-10T00:00:00.000Z","year":2012,"description":"CHANGE OUT  #3 DOOR(S)  (SAME SIZE & TYPE FOR RESIDENTIAL BUILDINGS ONLY) DUAL GLAZING, LABELED AND CERTIFIED BY NATIONAL FENESTRATION RATING COUNCIL (NFRC), IS REQUIRED FOR DOORS AND WINDOWS REPLACED IN ALL RESIDENTIAL BUILDINGS, THREE STORIES OR LESS, PER SECTION 152(B) OF TITLE 24.","metadescription":"Bldg-Alter/Repair. Apartment. CHANGE OUT  #3 DOOR(S)  (SAME SIZE & TYPE FOR RESIDENTIAL BUILDINGS ONLY) DUAL GLAZING, LABELED AND CERTIFIED BY NATIONAL FENESTRATION RATING COUNCIL (NFRC), IS REQUIRED FOR DOORS AND WINDOWS REPLACED IN ALL RESIDENTIAL BUILDINGS, THREE STORIES OR LESS, PER SECTION 152(B) OF TITLE 24.. Issued. 3985 S MOORE ST #4","address":"3987 Moore Street, CA, Los Angeles, 90066, US","ct":"2722.02","ev":"N","apc":"West Los Angeles","cpa":"Palms - Mar Vista - Del Rey","zone":"R3-1","solar":"N","pin_nbr":"111B153  1292","use_code":"35","geolocation":"POINT (-118.43779 33.99614)","status_date":"07/10/2012","permit_group":"Building","refresh_time":"06/10/2026","type_lat_lon":"ADDRESS","business_unit":"Express Permit"},"geometry":{"type":"Point","coordinates":[-118.43779,33.99614]}},{"type":"Feature","properties":{"date":"2012-01-04T00:00:00.000Z","year":2012,"description":"(4) Windows change-out (same size & type) for residential buildings.  Dual glazing, labeled and certified by National Fenestration Rating Council (NFRC), is required for windows replaced in all residential buildings, three stories or less, per Section 152(b) of Title 24.","metadescription":"Bldg-Alter/Repair. 1 or 2 Family Dwelling. (4) Windows change-out (same size & type) for residential buildings.  Dual glazing, labeled and certified by National Fenestration Rating Council (NFRC), is required for windows replaced in all residential buildings, three stories or less, per Section 152(b) of Title 24.. Permit Finaled. 5821 W DAVID AVE","address":"5823 David Avenue, CA, Los Angeles, 90034, US","ct":"2703.00","ev":"N","apc":"South Los Angeles","zone":"RD1.5-1","solar":"N","pin_nbr":"123B173   409","use_code":"1","geolocation":"POINT (-118.37131 34.03452)","status_date":"01/18/2012","permit_group":"Building","refresh_time":"06/10/2026","type_lat_lon":"ADDRESS","business_unit":"Express Permit"},"geometry":{"type":"Point","coordinates":[-118.37131,34.03452]}},{"type":"Feature","properties":{"date":"2011-12-01T00:00:00.000Z","year":2011,"description":"SUPPLEMENTAL TO PERMIT No.: 08014-10000-04453 TO REVISE STRUCTURAL PLANS FOR PROPOSED SECOND FLOOR. NO ADDITIONAL CHANGE IN FLOOR PLAN LAY-OUT OR CHANGE IN AREA OF ADDITION. CHANGE ENGINEER FOR SECOND FLOOR CONSTRUCTION.","metadescription":"Bldg-Alter/Repair. Commercial. SUPPLEMENTAL TO PERMIT No.: 08014-10000-04453 TO REVISE STRUCTURAL PLANS FOR PROPOSED SECOND FLOOR. NO ADDITIONAL CHANGE IN FLOOR PLAN LAY-OUT OR CHANGE IN AREA OF ADDITION. CHANGE ENGINEER FOR SECOND FLOOR CONSTRUCTION.. Permit Finaled. 3109 S LA CIENEGA BLVD bldg 1.11","address":"3109 South La Cienega Boulevard, CA, Los Angeles, 90016, US","ct":"2199.00","ev":"N","apc":"South Los Angeles","cpa":"West Adams - Baldwin Hills - Leimert","zone":"MR1-1VL","solar":"N","pin_nbr":"123B173  1684","use_code":"12","geolocation":"POINT (-118.37367 34.03003)","status_date":"11/01/2012","permit_group":"Building","refresh_time":"06/10/2026","type_lat_lon":"ADDRESS","business_unit":"Regular Plan Check","square_footage":"5769"},"geometry":{"type":"Point","coordinates":[-118.37367,34.03003]}},{"type":"Feature","properties":{"date":"2011-06-08T00:00:00.000Z","year":2011,"description":"Window (1) change out (same size type and location) for residential buildings. Dual glazing, labeled and certified by National Fenestration rating council (NFRC), is required for doors and windows replaced in all residential buildings, 3 stories or less, per Section 152 (b) of Title 24.  No structural changes, valuation to be verified by field inspector.  Kitchen/bathroom remodel for residential buildings (no structural changes).   Stucco patch around windows.","metadescription":"Bldg-Alter/Repair. 1 or 2 Family Dwelling. Window (1) change out (same size type and location) for residential buildings. Dual glazing, labeled and certified by National Fenestration rating council (NFRC), is required for doors and windows replaced in all residential buildings, 3 stories or less, per Section 152 (b) of Title 24.  No structural changes, valuation to be verified by field inspector.  Kitchen/bathroom remodel for residential buildings (no structural changes).   Stucco patch around windows.. Permit Finaled. 4275 S MOORE ST","address":"4275 Moore Street, CA, Los Angeles, 90066, US","ct":"2754.00","ev":"N","apc":"West Los Angeles","cpa":"Palms - Mar Vista - Del Rey","zone":"R1-1","solar":"N","pin_nbr":"108B153   851","use_code":"1","geolocation":"POINT (-118.43266 33.99149)","status_date":"07/06/2011","permit_group":"Building","refresh_time":"06/10/2026","type_lat_lon":"ADDRESS","business_unit":"Express Permit"},"geometry":{"type":"Point","coordinates":[-118.43266,33.99149]}},{"type":"Feature","properties":{"date":"2011-05-19T00:00:00.000Z","year":2011,"description":"SUPPLEMENTAL TO PCIS 09010-30000-00576 TO CORRECT THE HEIGHT IN STRUCTURAL INVENTORY (SEE REVISED STRUCTURAL INVENTORY) AND TO CHECK THE ADDITIONAL ARCHITECTURAL AND STRUCTURAL DETAILS.    ADD TWO FIXED OPENINGS AT THE BASEMENT LEVEL ALONG THE FRONT OF BUILDING.  NO CHANGE IN PLOT PLAN, FLOOR AREA OR PARKING.  ORIGINAL SCOPE OF WORK: 2-STORY DUPLEX OVER ONE GARAGE PARKING FOR 4 AUTOS.","metadescription":"Bldg-Alter/Repair. 1 or 2 Family Dwelling. SUPPLEMENTAL TO PCIS 09010-30000-00576 TO CORRECT THE HEIGHT IN STRUCTURAL INVENTORY (SEE REVISED STRUCTURAL INVENTORY) AND TO CHECK THE ADDITIONAL ARCHITECTURAL AND STRUCTURAL DETAILS.    ADD TWO FIXED OPENINGS AT THE BASEMENT LEVEL ALONG THE FRONT OF BUILDING.  NO CHANGE IN PLOT PLAN, FLOOR AREA OR PARKING.  ORIGINAL SCOPE OF WORK: 2-STORY DUPLEX OVER ONE GARAGE PARKING FOR 4 AUTOS.. Permit Finaled. 12437 W WASHINGTON PL","address":"12437 Washington Place, CA, Los Angeles, 90066, US","ct":"2722.00","ev":"N","apc":"West Los Angeles","cpa":"Palms - Mar Vista - Del Rey","zone":"R3-1","solar":"N","height":"34.07","pin_nbr":"111B157   756","use_code":"2","geolocation":"POINT (-118.43165 33.99911)","status_date":"03/08/2012","construction":"Type V-B Construction","permit_group":"Building","refresh_time":"06/10/2026","type_lat_lon":"ADDRESS","business_unit":"Plan Check at Counter","square_footage":"3390.6"},"geometry":{"type":"Point","coordinates":[-118.43165,33.99911]}},{"type":"Feature","properties":{"date":"2011-05-19T00:00:00.000Z","year":2011,"description":"SUPPLEMENTAL TO PCIS 09010-30000-00577 TO CORRECT THE HEIGHT IN STRUCTURAL INVENTORY (SEE REVISED STRUCTURAL INVENTORY) AND TO CHECK THE ADDITIONAL ARCHITECTURAL AND STRUCTURAL DETAILS.   ADD TWO FIXED OPENINGS AT THE BASEMENT LEVEL ALONG THE FRONT OF BUILDING.   NO CHANGE IN PLOT PLAN, FLOOR AREA OR PARKING.  ORIGINAL SCOPE OF WORK:  2- STORY DUPLEX OVER ON - GRADE PARKING FOR  4 AUTOS.","metadescription":"Bldg-Alter/Repair. 1 or 2 Family Dwelling. SUPPLEMENTAL TO PCIS 09010-30000-00577 TO CORRECT THE HEIGHT IN STRUCTURAL INVENTORY (SEE REVISED STRUCTURAL INVENTORY) AND TO CHECK THE ADDITIONAL ARCHITECTURAL AND STRUCTURAL DETAILS.   ADD TWO FIXED OPENINGS AT THE BASEMENT LEVEL ALONG THE FRONT OF BUILDING.   NO CHANGE IN PLOT PLAN, FLOOR AREA OR PARKING.  ORIGINAL SCOPE OF WORK:  2- STORY DUPLEX OVER ON - GRADE PARKING FOR  4 AUTOS.. Permit Finaled. 12439 W WASHINGTON PL","address":"12437 Washington Place, CA, Los Angeles, 90066, US","ct":"2722.00","ev":"N","apc":"West Los Angeles","cpa":"Palms - Mar Vista - Del Rey","zone":"R3-1","solar":"N","height":"34.2","pin_nbr":"111B157   761","use_code":"2","geolocation":"POINT (-118.43164 33.99903)","status_date":"03/08/2012","construction":"Type V-B Construction","permit_group":"Building","refresh_time":"06/10/2026","type_lat_lon":"ADDRESS","business_unit":"Plan Check at Counter","square_footage":"3390.6"},"geometry":{"type":"Point","coordinates":[-118.43164,33.99903]}},{"type":"Feature","properties":{"date":"2011-03-02T00:00:00.000Z","year":2011,"description":"NON STRUCTURAL TI IN (E) MANUFACTURING BUILDING.","metadescription":"Bldg-Alter/Repair. Commercial. NON STRUCTURAL TI IN (E) MANUFACTURING BUILDING.. Permit Finaled. 3103 S LA CIENEGA BLVD 1.12","address":"3103 South La Cienega Boulevard, CA, Los Angeles, 90016, US","ct":"2199.00","ev":"N","apc":"South Los Angeles","cpa":"West Adams - Baldwin Hills - Leimert","zone":"MR1-1VL","solar":"N","pin_nbr":"123B173  1531","use_code":"12","geolocation":"POINT (-118.37335 34.02996)","status_date":"07/19/2011","permit_group":"Building","refresh_time":"06/10/2026","type_lat_lon":"ADDRESS","business_unit":"Plan Check at Counter"},"geometry":{"type":"Point","coordinates":[-118.37335,34.02996]}},{"type":"Feature","properties":{"date":"2010-07-06T00:00:00.000Z","year":2010,"description":"Add sill plate anchor bolts and cripple wall plywood per LA City Standard Plan#1; no foundationreplacement (Earthquake hazard reduction per Chapter 92 of the Los Angeles Building Code).(Houses, residential buildings up to 3 stories and up to 4 units).","metadescription":"Bldg-Alter/Repair. Apartment. Add sill plate anchor bolts and cripple wall plywood per LA City Standard Plan#1; no foundationreplacement (Earthquake hazard reduction per Chapter 92 of the Los Angeles Building Code).(Houses, residential buildings up to 3 stories and up to 4 units).. Permit Finaled. 12603 W WASHINGTON PL","address":"12603 Washington Place, CA, Los Angeles, 90066, US","ct":"2722.00","ev":"N","apc":"West Los Angeles","cpa":"Palms - Mar Vista - Del Rey","zone":"R3-1","solar":"N","pin_nbr":"111B153  1095","use_code":"5","geolocation":"POINT (-118.43383 33.99787)","status_date":"07/12/2010","permit_group":"Building","refresh_time":"06/10/2026","type_lat_lon":"ADDRESS","business_unit":"Express Permit"},"geometry":{"type":"Point","coordinates":[-118.43383,33.99787]}},{"type":"Feature","properties":{"date":"2010-02-18T00:00:00.000Z","year":2010,"description":"Replace drywall, install insulation. (no new walls added)  Bathroom remodel for residential buildings (no structural changes).","metadescription":"Bldg-Alter/Repair. 1 or 2 Family Dwelling. Replace drywall, install insulation. (no new walls added)  Bathroom remodel for residential buildings (no structural changes).. Permit Finaled. 11364 W MATTESON AVE","address":"11364 Matteson Avenue, CA, Los Angeles, 90066, US","ct":"2723.01","ev":"N","apc":"West Los Angeles","cpa":"Palms - Mar Vista - Del Rey","zone":"R1-1","solar":"N","pin_nbr":"114B157   828","use_code":"1","geolocation":"POINT (-118.41956 34.00879)","status_date":"02/04/2011","permit_group":"Building","refresh_time":"06/10/2026","type_lat_lon":"ADDRESS","business_unit":"Express Permit"},"geometry":{"type":"Point","coordinates":[-118.41956,34.00879]}},{"type":"Feature","properties":{"date":"2010-01-28T00:00:00.000Z","year":2010,"description":"Window change-out (same size, type, and location) for residential buildings.  Dual glazing, labeled and certified by National Fenestration Rating Council (NFRC), is required for doors and windows replaced in all residential buildings, three stories or less, per Section 152(b) of Title 24.  No structural changes.  Valuation to be verified by the field inspector.","metadescription":"Bldg-Alter/Repair. 1 or 2 Family Dwelling. Window change-out (same size, type, and location) for residential buildings.  Dual glazing, labeled and certified by National Fenestration Rating Council (NFRC), is required for doors and windows replaced in all residential buildings, three stories or less, per Section 152(b) of Title 24.  No structural changes.  Valuation to be verified by the field inspector.. Permit Finaled. 11364 W MATTESON AVE","address":"11364 Matteson Avenue, CA, Los Angeles, 90066, US","ct":"2723.01","ev":"N","apc":"West Los Angeles","cpa":"Palms - Mar Vista - Del Rey","zone":"R1-1","solar":"N","pin_nbr":"114B157   828","use_code":"1","geolocation":"POINT (-118.41956 34.00879)","status_date":"02/04/2011","permit_group":"Building","refresh_time":"06/10/2026","type_lat_lon":"ADDRESS","business_unit":"Express Permit"},"geometry":{"type":"Point","coordinates":[-118.41956,34.00879]}},{"type":"Feature","properties":{"date":"2009-07-28T00:00:00.000Z","year":2009,"description":"SUPPLEMENTAL PERMIT TO PERMIT #08014-10001-02642 TO CHANGE CONTRACTOR TO C S T CONSTRUCTION COMPANY  5318 E 2ND STREET #644 LONG BEACH, CA 90803 Business Phone Number: (562) 833-8943.","metadescription":"Bldg-Alter/Repair. Commercial. SUPPLEMENTAL PERMIT TO PERMIT #08014-10001-02642 TO CHANGE CONTRACTOR TO C S T CONSTRUCTION COMPANY  5318 E 2ND STREET #644 LONG BEACH, CA 90803 Business Phone Number: (562) 833-8943.. Permit Finaled. 3107 S LA CIENEGA BLVD BLDG 1.06","address":"3107 South La Cienega Boulevard, CA, Los Angeles, 90016, US","ct":"2199.00","ev":"N","apc":"South Los Angeles","cpa":"West Adams - Baldwin Hills - Leimert","zone":"MR1-1VL","solar":"N","pin_nbr":"123B173  1531","use_code":"12","geolocation":"POINT (-118.37367 34.02997)","status_date":"09/11/2012","permit_group":"Building","refresh_time":"06/10/2026","type_lat_lon":"ADDRESS","business_unit":"Express Permit"},"geometry":{"type":"Point","coordinates":[-118.37367,34.02997]}},{"type":"Feature","properties":{"date":"2009-07-28T00:00:00.000Z","year":2009,"description":"SUPPLEMENTAL PERMIT TO PERMIT #08016-10000-05054 TO CHANGE CONTRACTOR TO C S T CONSTRUCTION COMPANY  5318 E 2ND STREET #644 LONG BEACH, CA 90803 Business Phone Number: (562) 833-8943.","metadescription":"Bldg-Alter/Repair. Commercial. SUPPLEMENTAL PERMIT TO PERMIT #08016-10000-05054 TO CHANGE CONTRACTOR TO C S T CONSTRUCTION COMPANY  5318 E 2ND STREET #644 LONG BEACH, CA 90803 Business Phone Number: (562) 833-8943.. Permit Expired. 3113 S LA CIENEGA BLVD","address":"3113 South La Cienega Boulevard, CA, Los Angeles, 90016, US","ct":"2199.00","ev":"N","apc":"South Los Angeles","cpa":"West Adams - Baldwin Hills - Leimert","zone":"MR1-1VL","solar":"N","pin_nbr":"123B173  1531","use_code":"12","geolocation":"POINT (-118.37407 34.02998)","status_date":"05/02/2012","permit_group":"Building","refresh_time":"06/10/2026","type_lat_lon":"ADDRESS","business_unit":"Express Permit"},"geometry":{"type":"Point","coordinates":[-118.37407,34.02998]}},{"type":"Feature","properties":{"date":"2009-07-28T00:00:00.000Z","year":2009,"description":"SUPPLEMENTAL PERMIT TO PERMIT #08014-02645-09785 TO CHANGE CONTRACTOR TO C S T CONSTRUCTION COMPANY  5318 E 2ND STREET #644 LONG BEACH, CA 90803 Business Phone Number: (562) 833-8943.","metadescription":"Bldg-Alter/Repair. Commercial. SUPPLEMENTAL PERMIT TO PERMIT #08014-02645-09785 TO CHANGE CONTRACTOR TO C S T CONSTRUCTION COMPANY  5318 E 2ND STREET #644 LONG BEACH, CA 90803 Business Phone Number: (562) 833-8943.. Permit Finaled. 3113 S LA CIENEGA BLVD bldg 1.05","address":"3113 South La Cienega Boulevard, CA, Los Angeles, 90016, US","ct":"2199.00","ev":"N","apc":"South Los Angeles","cpa":"West Adams - Baldwin Hills - Leimert","zone":"MR1-1VL","solar":"N","pin_nbr":"123B173  1531","use_code":"12","geolocation":"POINT (-118.37407 34.02998)","status_date":"12/27/2017","permit_group":"Building","refresh_time":"06/10/2026","type_lat_lon":"ADDRESS","business_unit":"Express Permit"},"geometry":{"type":"Point","coordinates":[-118.37407,34.02998]}},{"type":"Feature","properties":{"date":"2009-07-28T00:00:00.000Z","year":2009,"description":"SUPPLEMENTAL PERMIT TO PERMIT #09016-90000-01824 TO CHANGE CONTRACTOR TO C S T CONSTRUCTION COMPANY  5318 E 2ND STREET #644 LONG BEACH, CA 90803 Business Phone Number: (562) 833-8943.","metadescription":"Bldg-Alter/Repair. Commercial. SUPPLEMENTAL PERMIT TO PERMIT #09016-90000-01824 TO CHANGE CONTRACTOR TO C S T CONSTRUCTION COMPANY  5318 E 2ND STREET #644 LONG BEACH, CA 90803 Business Phone Number: (562) 833-8943.. Permit Finaled. 3121 S LA CIENEGA BLVD","address":"3121 South La Cienega Boulevard, CA, Los Angeles, 90016, US","ct":"2199.00","ev":"N","apc":"South Los Angeles","cpa":"West Adams - Baldwin Hills - Leimert","zone":"MR1-1VL","solar":"N","pin_nbr":"123B173  1581","use_code":"12","geolocation":"POINT (-118.37306 34.02996)","status_date":"11/20/2012","permit_group":"Building","refresh_time":"06/10/2026","type_lat_lon":"ADDRESS","business_unit":"Express Permit"},"geometry":{"type":"Point","coordinates":[-118.37306,34.02996]}},{"type":"Feature","properties":{"date":"2009-07-28T00:00:00.000Z","year":2009,"description":"SUPPLEMENTAL PERMIT TO PERMIT #08016-10000-05055 TO CHANGE CONTRACTOR TO C S T CONSTRUCTION COMPANY  5318 E 2ND STREET #644 LONG BEACH, CA 90803 Business Phone Number: (562) 833-8943.","metadescription":"Bldg-Alter/Repair. Commercial. SUPPLEMENTAL PERMIT TO PERMIT #08016-10000-05055 TO CHANGE CONTRACTOR TO C S T CONSTRUCTION COMPANY  5318 E 2ND STREET #644 LONG BEACH, CA 90803 Business Phone Number: (562) 833-8943.. Permit Finaled. 3109-3115 S LA CIENEGA BLVD","address":"3109 South La Cienega Boulevard, CA, Los Angeles, 90016, US","ct":"2199.00","ev":"N","apc":"South Los Angeles","cpa":"West Adams - Baldwin Hills - Leimert","zone":"MR1-1VL","solar":"N","pin_nbr":"123B173  1531","use_code":"12","geolocation":"POINT (-118.37367 34.03003)","status_date":"08/31/2012","permit_group":"Building","refresh_time":"06/10/2026","type_lat_lon":"ADDRESS","business_unit":"Express Permit"},"geometry":{"type":"Point","coordinates":[-118.37367,34.03003]}},{"type":"Feature","properties":{"date":"2009-07-28T00:00:00.000Z","year":2009,"description":"SUPPLEMENTAL PERMIT TO PERMIT #08016-10001-16390 TO CHANGE CONTRACTOR TO C S T CONSTRUCTION COMPANY  5318 E 2ND STREET #644 LONG BEACH, CA 90803 Business Phone Number: (562) 833-8943.","metadescription":"Bldg-Alter/Repair. Commercial. SUPPLEMENTAL PERMIT TO PERMIT #08016-10001-16390 TO CHANGE CONTRACTOR TO C S T CONSTRUCTION COMPANY  5318 E 2ND STREET #644 LONG BEACH, CA 90803 Business Phone Number: (562) 833-8943.. Permit Finaled. 3121 S LA CIENEGA BLVD","address":"3121 South La Cienega Boulevard, CA, Los Angeles, 90016, US","ct":"2199.00","ev":"N","apc":"South Los Angeles","cpa":"West Adams - Baldwin Hills - Leimert","zone":"MR1-1VL","solar":"N","pin_nbr":"123B173  1581","use_code":"12","geolocation":"POINT (-118.37306 34.02996)","status_date":"12/05/2012","permit_group":"Building","refresh_time":"06/10/2026","type_lat_lon":"ADDRESS","business_unit":"Express Permit"},"geometry":{"type":"Point","coordinates":[-118.37306,34.02996]}},{"type":"Feature","properties":{"date":"2009-07-28T00:00:00.000Z","year":2009,"description":"SUPPLEMENTAL PERMIT TO PERMIT #08014-10001-04453 TO CHANGE CONTRACTOR TO C S T CONSTRUCTION COMPANY  5318 E 2ND STREET #644 LONG BEACH, CA 90803 Business Phone Number: (562) 833-8943.","metadescription":"Bldg-Alter/Repair. Commercial. SUPPLEMENTAL PERMIT TO PERMIT #08014-10001-04453 TO CHANGE CONTRACTOR TO C S T CONSTRUCTION COMPANY  5318 E 2ND STREET #644 LONG BEACH, CA 90803 Business Phone Number: (562) 833-8943.. Permit Finaled. 3109 S LA CIENEGA BLVD bldg 1.11","address":"3109 South La Cienega Boulevard, CA, Los Angeles, 90016, US","ct":"2199.00","ev":"N","apc":"South Los Angeles","cpa":"West Adams - Baldwin Hills - Leimert","zone":"MR1-1VL","solar":"N","pin_nbr":"123B173  1531","use_code":"12","geolocation":"POINT (-118.37367 34.03003)","status_date":"08/31/2012","permit_group":"Building","refresh_time":"06/10/2026","type_lat_lon":"ADDRESS","business_unit":"Express Permit"},"geometry":{"type":"Point","coordinates":[-118.37367,34.03003]}},{"type":"Feature","properties":{"date":"2009-07-28T00:00:00.000Z","year":2009,"description":"SUPPLEMENTAL PERMIT TO PERMIT #08014-10001-04452 TO CHANGE CONTRACTOR TO C S T CONSTRUCTION COMPANY  5318 E 2ND STREET #644 LONG BEACH, CA 90803 Business Phone Number: (562) 833-8943.","metadescription":"Bldg-Alter/Repair. Commercial. SUPPLEMENTAL PERMIT TO PERMIT #08014-10001-04452 TO CHANGE CONTRACTOR TO C S T CONSTRUCTION COMPANY  5318 E 2ND STREET #644 LONG BEACH, CA 90803 Business Phone Number: (562) 833-8943.. Permit Finaled. 3107-3111 S LA CIENEGA BLVD BLDG 1.07-1.08","address":"3107 South La Cienega Boulevard, CA, Los Angeles, 90016, US","ct":"2199.00","ev":"N","apc":"South Los Angeles","cpa":"West Adams - Baldwin Hills - Leimert","zone":"MR1-1VL","solar":"N","pin_nbr":"123B173  1531","use_code":"12","geolocation":"POINT (-118.37367 34.02997)","status_date":"09/11/2012","permit_group":"Building","refresh_time":"06/10/2026","type_lat_lon":"ADDRESS","business_unit":"Express Permit"},"geometry":{"type":"Point","coordinates":[-118.37367,34.02997]}},{"type":"Feature","properties":{"date":"2009-07-28T00:00:00.000Z","year":2009,"description":"SUPPLEMENTAL PERMIT TO PERMIT #09016-90000-01836 TO CHANGE CONTRACTOR TO C S T CONSTRUCTION COMPANY  5318 E 2ND STREET #644 LONG BEACH, CA 90803 Business Phone Number: (562) 833-8943.","metadescription":"Bldg-Alter/Repair. Commercial. SUPPLEMENTAL PERMIT TO PERMIT #09016-90000-01836 TO CHANGE CONTRACTOR TO C S T CONSTRUCTION COMPANY  5318 E 2ND STREET #644 LONG BEACH, CA 90803 Business Phone Number: (562) 833-8943.. Permit Finaled. 3109 S LA CIENEGA BLVD","address":"3109 South La Cienega Boulevard, CA, Los Angeles, 90016, US","ct":"2199.00","ev":"N","apc":"South Los Angeles","cpa":"West Adams - Baldwin Hills - Leimert","zone":"MR1-1VL","solar":"N","pin_nbr":"123B173  1531","use_code":"12","geolocation":"POINT (-118.37367 34.03003)","status_date":"09/05/2012","permit_group":"Building","refresh_time":"06/10/2026","type_lat_lon":"ADDRESS","business_unit":"Express Permit"},"geometry":{"type":"Point","coordinates":[-118.37367,34.03003]}},{"type":"Feature","properties":{"date":"2009-07-28T00:00:00.000Z","year":2009,"description":"SUPPLEMENTAL PERMIT TO PERMIT #08016-10000-05056 TO CHANGE CONTRACTOR TO C S T CONSTRUCTION COMPANY  5318 E 2ND STREET #644 LONG BEACH, CA 90803 Business Phone Number: (562) 833-8943.","metadescription":"Bldg-Alter/Repair. Commercial. SUPPLEMENTAL PERMIT TO PERMIT #08016-10000-05056 TO CHANGE CONTRACTOR TO C S T CONSTRUCTION COMPANY  5318 E 2ND STREET #644 LONG BEACH, CA 90803 Business Phone Number: (562) 833-8943.. Permit Finaled. 3107-3111 1/2 S LA CIENEGA BLVD","address":"3107 South La Cienega Boulevard, CA, Los Angeles, 90016, US","ct":"2199.00","ev":"N","apc":"South Los Angeles","cpa":"West Adams - Baldwin Hills - Leimert","zone":"MR1-1VL","solar":"N","pin_nbr":"123B173  1531","use_code":"12","geolocation":"POINT (-118.37367 34.02997)","status_date":"09/11/2012","permit_group":"Building","refresh_time":"06/10/2026","type_lat_lon":"ADDRESS","business_unit":"Express Permit"},"geometry":{"type":"Point","coordinates":[-118.37367,34.02997]}},{"type":"Feature","properties":{"date":"2009-07-28T00:00:00.000Z","year":2009,"description":"SUPPLEMENTAL PERMIT TO PERMIT #09016-90000-01834 TO CHANGE CONTRACTOR TO C S T CONSTRUCTION COMPANY  5318 E 2ND STREET #644 LONG BEACH, CA 90803 Business Phone Number: (562) 833-8943.","metadescription":"Bldg-Alter/Repair. Commercial. SUPPLEMENTAL PERMIT TO PERMIT #09016-90000-01834 TO CHANGE CONTRACTOR TO C S T CONSTRUCTION COMPANY  5318 E 2ND STREET #644 LONG BEACH, CA 90803 Business Phone Number: (562) 833-8943.. Permit Expired. 3113 S LA CIENEGA BLVD","address":"3113 South La Cienega Boulevard, CA, Los Angeles, 90016, US","ct":"2199.00","ev":"N","apc":"South Los Angeles","cpa":"West Adams - Baldwin Hills - Leimert","zone":"MR1-1VL","solar":"N","pin_nbr":"123B173  1531","use_code":"12","geolocation":"POINT (-118.37407 34.02998)","status_date":"05/02/2012","permit_group":"Building","refresh_time":"06/10/2026","type_lat_lon":"ADDRESS","business_unit":"Express Permit"},"geometry":{"type":"Point","coordinates":[-118.37407,34.02998]}},{"type":"Feature","properties":{"date":"2009-07-28T00:00:00.000Z","year":2009,"description":"SUPPLEMENTAL PERMIT TO PERMIT #08014-10001-02644 TO CHANGE CONTRACTOR TO C S T CONSTRUCTION COMPANY  5318 E 2ND STREET #644 LONG BEACH, CA 90803 Business Phone Number: (562) 833-8943.","metadescription":"Bldg-Alter/Repair. Commercial. SUPPLEMENTAL PERMIT TO PERMIT #08014-10001-02644 TO CHANGE CONTRACTOR TO C S T CONSTRUCTION COMPANY  5318 E 2ND STREET #644 LONG BEACH, CA 90803 Business Phone Number: (562) 833-8943.. Permit Finaled. 3115 S LA CIENEGA BLVD","address":"3115 South La Cienega Boulevard, CA, Los Angeles, 90016, US","ct":"2199.00","ev":"N","apc":"South Los Angeles","cpa":"West Adams - Baldwin Hills - Leimert","zone":"MR1-1VL","solar":"N","pin_nbr":"123B173  1531","use_code":"12","geolocation":"POINT (-118.37443 34.02984)","status_date":"02/01/2013","permit_group":"Building","refresh_time":"06/10/2026","type_lat_lon":"ADDRESS","business_unit":"Express Permit"},"geometry":{"type":"Point","coordinates":[-118.37443,34.02984]}},{"type":"Feature","properties":{"date":"2009-06-03T00:00:00.000Z","year":2009,"description":"PROPOSED CONSTRUCTION OF TRASH ENCLOSURE AT WEST AND SOUTH OF PROPERTY (7.5-FT MAX ABOVE NATURAL GRADE)","metadescription":"Nonbldg-New. Commercial. PROPOSED CONSTRUCTION OF TRASH ENCLOSURE AT WEST AND SOUTH OF PROPERTY (7.5-FT MAX ABOVE NATURAL GRADE). CofO Issued. 3111 S LA CIENEGA BLVD","address":"3111 1/2 South La Cienega Boulevard, CA, Los Angeles, 90016, US","ct":"2199.00","ev":"N","apc":"South Los Angeles","cpa":"West Adams - Baldwin Hills - Leimert","zone":"MR1-1VL","solar":"N","height":"7.5","pin_nbr":"123B173  1531","use_code":"23","geolocation":"POINT (-118.37395 34.02983)","status_date":"12/06/2013","permit_group":"Building","refresh_time":"06/10/2026","type_lat_lon":"ADDRESS","business_unit":"Appointment Plan Check","square_footage":"0"},"geometry":{"type":"Point","coordinates":[-118.37395,34.02983]}},{"type":"Feature","properties":{"date":"2009-03-12T00:00:00.000Z","year":2009,"description":"CHANGE  C OF O FROM COMMUNITY CARE FACILITY TO SINGLE FAMILY.  FRONT BUILDING.","metadescription":"Bldg-Alter/Repair. 1 or 2 Family Dwelling. CHANGE  C OF O FROM COMMUNITY CARE FACILITY TO SINGLE FAMILY.  FRONT BUILDING.. CofO Corrected. 5930 W COMEY AVE","address":"5930 Comey Avenue, CA, Los Angeles, 90034, US","ct":"2703.00","ev":"N","apc":"South Los Angeles","zone":"RD2-1","solar":"N","pin_nbr":"123B173   682","use_code":"1","geolocation":"POINT (-118.37419 34.0335)","status_date":"02/08/2011","permit_group":"Building","refresh_time":"06/10/2026","type_lat_lon":"ADDRESS","business_unit":"Appointment Plan Check","square_footage":"0"},"geometry":{"type":"Point","coordinates":[-118.37419,34.0335]}},{"type":"Feature","properties":{"date":"2009-02-18T00:00:00.000Z","year":2009,"description":"SECOND STORY ADDITION OF 1,721 SQ FT OPEN ATRIUM AND CHANGE OF USE FROM MANUFACTURING TO FACILITIES FOR THE DEVELOPMENT AND/OR PRODUCTION AND MANUFACTURE OF COMPUTER AND MEDIA-RElATED PRODUCTS AND SERVICES, INCLUDING HARDWARE. BUILDING FULLY SPRINKLERED.","metadescription":"Bldg-Addition. Commercial. SECOND STORY ADDITION OF 1,721 SQ FT OPEN ATRIUM AND CHANGE OF USE FROM MANUFACTURING TO FACILITIES FOR THE DEVELOPMENT AND/OR PRODUCTION AND MANUFACTURE OF COMPUTER AND MEDIA-RElATED PRODUCTS AND SERVICES, INCLUDING HARDWARE. BUILDING FULLY SPRINKLERED.. CofO Issued. 3109 S LA CIENEGA BLVD bldg 1.11","address":"3109 South La Cienega Boulevard, CA, Los Angeles, 90016, US","ct":"2199.00","ev":"N","apc":"South Los Angeles","cpa":"West Adams - Baldwin Hills - Leimert","zone":"MR1-1VL","solar":"N","pin_nbr":"123B173  1684","use_code":"12","geolocation":"POINT (-118.37367 34.03003)","status_date":"03/28/2013","construction":"Type V-B Construction","permit_group":"Building","refresh_time":"06/10/2026","type_lat_lon":"ADDRESS","business_unit":"Regular Plan Check","square_footage":"5769"},"geometry":{"type":"Point","coordinates":[-118.37367,34.03003]}},{"type":"Feature","properties":{"date":"2009-02-18T00:00:00.000Z","year":2009,"description":"SECOND STORY ADDITION OF 1,438 SQ FT OPEN ATRIUM AND CHANGE OF USE FROM MANUFACTURING TO FACILITIES FOR THE DEVELOPMENT AND/OR PRODUCTION AND MANUFACTURE OF COMPUTER AND MEDIA-RElATED PRODUCTS AND SERVICES, INCLUDING HARDWARE. BUILDING FULLY SPRINKLERED.","metadescription":"Bldg-Addition. Commercial. SECOND STORY ADDITION OF 1,438 SQ FT OPEN ATRIUM AND CHANGE OF USE FROM MANUFACTURING TO FACILITIES FOR THE DEVELOPMENT AND/OR PRODUCTION AND MANUFACTURE OF COMPUTER AND MEDIA-RElATED PRODUCTS AND SERVICES, INCLUDING HARDWARE. BUILDING FULLY SPRINKLERED.. CofO Issued. 3115 S LA CIENEGA BLVD BLDG 1.10","address":"3115 South La Cienega Boulevard, CA, Los Angeles, 90016, US","ct":"2199.00","ev":"N","apc":"South Los Angeles","cpa":"West Adams - Baldwin Hills - Leimert","zone":"MR1-1VL","solar":"N","pin_nbr":"123B173  1684","use_code":"12","geolocation":"POINT (-118.37443 34.02984)","status_date":"12/06/2013","construction":"Type V-B Construction","permit_group":"Building","refresh_time":"06/10/2026","type_lat_lon":"ADDRESS","business_unit":"Regular Plan Check","square_footage":"5473"},"geometry":{"type":"Point","coordinates":[-118.37443,34.02984]}},{"type":"Feature","properties":{"date":"2009-02-18T00:00:00.000Z","year":2009,"description":"REMODEL OF EXISTING 1 STORY 11,458 SF FURNITURE BUILDING. REMOVING PORTION OF 1,968 SF AT GROUND FLOOR TO CREATE (2) SEPARATE BUILDING. OTHER BUILDING UNDER PERMIT No.: 08016-10000-16390. CHANGE OF USE FROM MANUFACTURING TO FACILITIES FOR THE DEVELOPMENT AND/OR PRODUCTION AND MANUFACTURE OF COMPUTER AND MEDIA-REATED PRODUCTS AND SERVICES, INCLUDING HARDWARE.","metadescription":"Bldg-Alter/Repair. Commercial. REMODEL OF EXISTING 1 STORY 11,458 SF FURNITURE BUILDING. REMOVING PORTION OF 1,968 SF AT GROUND FLOOR TO CREATE (2) SEPARATE BUILDING. OTHER BUILDING UNDER PERMIT No.: 08016-10000-16390. CHANGE OF USE FROM MANUFACTURING TO FACILITIES FOR THE DEVELOPMENT AND/OR PRODUCTION AND MANUFACTURE OF COMPUTER AND MEDIA-REATED PRODUCTS AND SERVICES, INCLUDING HARDWARE.. CofO Corrected. 3121 S LA CIENEGA BLVD BLDG 1.01","address":"3121 South La Cienega Boulevard, CA, Los Angeles, 90016, US","ct":"2199.00","ev":"N","apc":"South Los Angeles","cpa":"West Adams - Baldwin Hills - Leimert","zone":"MR1-1VL","solar":"N","pin_nbr":"123B173  1684","use_code":"12","geolocation":"POINT (-118.37306 34.02996)","status_date":"11/12/2013","construction":"Type V-B Construction","permit_group":"Building","refresh_time":"06/10/2026","type_lat_lon":"ADDRESS","business_unit":"Regular Plan Check","square_footage":"3427"},"geometry":{"type":"Point","coordinates":[-118.37306,34.02996]}},{"type":"Feature","properties":{"date":"2009-02-18T00:00:00.000Z","year":2009,"description":"REMODEL OF EXISTING 1 STORY 11,453 SF FURNITURE BUILDING. REMOVING PORTION OF 1,968 SF AT GROUND FLOOR TO CREATE (2) SEPARATE BUILDING. OTHER BUILDING UNDER PERMIT No.: 08016-10000-09785. CHANGE OF USE FROM MANUFACTURING TO FACILITIES FOR THE DEVELOPMENT AND/OR PRODUCTION AND MANUFACTURE OF COMPUTER AND MEDIA-RElATED PRODUCTS AND SERVICES, INCLUDING HARDWARE.","metadescription":"Bldg-Alter/Repair. Commercial. REMODEL OF EXISTING 1 STORY 11,453 SF FURNITURE BUILDING. REMOVING PORTION OF 1,968 SF AT GROUND FLOOR TO CREATE (2) SEPARATE BUILDING. OTHER BUILDING UNDER PERMIT No.: 08016-10000-09785. CHANGE OF USE FROM MANUFACTURING TO FACILITIES FOR THE DEVELOPMENT AND/OR PRODUCTION AND MANUFACTURE OF COMPUTER AND MEDIA-RElATED PRODUCTS AND SERVICES, INCLUDING HARDWARE.. CofO Issued. 3123 S LA CIENEGA BLVD BLDG 1.03","address":"3123 South La Cienega Boulevard, CA, Los Angeles, 90016, US","ct":"2199.00","ev":"N","apc":"South Los Angeles","cpa":"West Adams - Baldwin Hills - Leimert","zone":"MR1-1VL","solar":"N","pin_nbr":"123B173  1684","use_code":"12","geolocation":"POINT (-118.37282 34.02991)","status_date":"08/08/2013","construction":"Type V-B Construction","permit_group":"Building","refresh_time":"06/10/2026","type_lat_lon":"ADDRESS","business_unit":"Regular Plan Check","square_footage":"6053"},"geometry":{"type":"Point","coordinates":[-118.37282,34.02991]}},{"type":"Feature","properties":{"date":"2009-01-05T00:00:00.000Z","year":2009,"description":"DEPARTMENT ERROR. NO FEE.THIS PERMIT IS TO REMOVE THE REQUIREMENT FOR AUTOMATIC FIRE SPRINKLER SYSTEM NFPA-13 FROM THE BUILDING SINCE IT IS NOT REQUIRED BY CODE.","metadescription":"Bldg-Alter/Repair. Commercial. DEPARTMENT ERROR. NO FEE.THIS PERMIT IS TO REMOVE THE REQUIREMENT FOR AUTOMATIC FIRE SPRINKLER SYSTEM NFPA-13 FROM THE BUILDING SINCE IT IS NOT REQUIRED BY CODE.. Permit Finaled. 3137 S LA CIENEGA BLVD","address":"3137 South La Cienega Boulevard, CA, Los Angeles, 90016, US","ct":"2199.00","ev":"N","apc":"South Los Angeles","cpa":"West Adams - Baldwin Hills - Leimert","zone":"MR1-1VL","solar":"N","pin_nbr":"123B173  1581","use_code":"13","geolocation":"POINT (-118.37263 34.0298)","status_date":"10/08/2009","construction":"Type V-N Construction","permit_group":"Building","refresh_time":"06/10/2026","type_lat_lon":"ADDRESS","business_unit":"Plan Check at Counter","square_footage":"4824"},"geometry":{"type":"Point","coordinates":[-118.37263,34.0298]}},{"type":"Feature","properties":{"date":"2008-12-03T00:00:00.000Z","year":2008,"description":"FOUNDATION OMLY PERMIT FOR REMODEL OF EXISTING 1 STORY, 5,000 SF MANUFACTURING/OFFICE BUILDING.  ADDING OF MEZZANINES ONE 1,735 SF. AND CHANGE OF USE TO OFFICES FOR  INDUSTRIAL, ENGINEERING AND OTHER PROFESSIONAL ADMIN.  SERVICES NEEDED BY INDUSTRIES IN THE AREA. FOR OTHER CLEARANCES SEE MASTER PERMIT.","metadescription":"Bldg-Alter/Repair. Commercial. FOUNDATION OMLY PERMIT FOR REMODEL OF EXISTING 1 STORY, 5,000 SF MANUFACTURING/OFFICE BUILDING.  ADDING OF MEZZANINES ONE 1,735 SF. AND CHANGE OF USE TO OFFICES FOR  INDUSTRIAL, ENGINEERING AND OTHER PROFESSIONAL ADMIN.  SERVICES NEEDED BY INDUSTRIES IN THE AREA. FOR OTHER CLEARANCES SEE MASTER PERMIT.. Permit Finaled. 3107-3111 S LA CIENEGA BLVD BLDG 1.07-1.08","address":"3107 South La Cienega Boulevard, CA, Los Angeles, 90016, US","ct":"2199.00","ev":"N","apc":"South Los Angeles","cpa":"West Adams - Baldwin Hills - Leimert","zone":"MR1-1VL","solar":"N","pin_nbr":"123B173  1531","use_code":"12","geolocation":"POINT (-118.37367 34.02997)","status_date":"03/21/2013","permit_group":"Building","refresh_time":"06/10/2026","type_lat_lon":"ADDRESS","business_unit":"Plan Check at Counter"},"geometry":{"type":"Point","coordinates":[-118.37367,34.02997]}},{"type":"Feature","properties":{"date":"2008-12-03T00:00:00.000Z","year":2008,"description":"FOUNDATION ONLY PERMIT FOR REMODEL OF EXISTING 1 STORY, 5,000 SF MANUFACTURING/OFFICE BUILDING.  ADDING OF MEZZANINES ONE 1,735 SF. AND CHANGE OF USE TO OFFICES FOR  INDUSTRIAL, ENGINEERING AND OTHER PROFESSIONAL ADMIN.  SERVICES NEEDED BY INDUSTRIES IN THE AREA. FOR OTHER CLEARANCES SEE MASTER PERMIT.","metadescription":"Bldg-Alter/Repair. Commercial. FOUNDATION ONLY PERMIT FOR REMODEL OF EXISTING 1 STORY, 5,000 SF MANUFACTURING/OFFICE BUILDING.  ADDING OF MEZZANINES ONE 1,735 SF. AND CHANGE OF USE TO OFFICES FOR  INDUSTRIAL, ENGINEERING AND OTHER PROFESSIONAL ADMIN.  SERVICES NEEDED BY INDUSTRIES IN THE AREA. FOR OTHER CLEARANCES SEE MASTER PERMIT.. Permit Finaled. 3107 S LA CIENEGA BLVD BLDG 1.06","address":"3107 South La Cienega Boulevard, CA, Los Angeles, 90016, US","ct":"2199.00","ev":"N","apc":"South Los Angeles","cpa":"West Adams - Baldwin Hills - Leimert","zone":"MR1-1VL","solar":"N","pin_nbr":"123B173  1531","use_code":"12","geolocation":"POINT (-118.37367 34.02997)","status_date":"03/21/2013","permit_group":"Building","refresh_time":"06/10/2026","type_lat_lon":"ADDRESS","business_unit":"Plan Check at Counter"},"geometry":{"type":"Point","coordinates":[-118.37367,34.02997]}},{"type":"Feature","properties":{"date":"2008-12-03T00:00:00.000Z","year":2008,"description":"FOUNDATION ONLY PERMIT FOR REMODEL OF EXISTING 1 STORY 4,000 SF MANUFACTURING/OFFICE BUILDING.  ADDING MEZZANINES 1,551 SF. CHANGE OF SE TO OFFICES FOR INDUSTRIAL, ENGINEERING AND OTHER PROFESSIONAL ADMIN.  SERVICES NEEDED BY INDUSTRIES IN THE AREA. FOR OTHER CLEARANCES SEE MASTER PERMIT.","metadescription":"Bldg-Alter/Repair. Commercial. FOUNDATION ONLY PERMIT FOR REMODEL OF EXISTING 1 STORY 4,000 SF MANUFACTURING/OFFICE BUILDING.  ADDING MEZZANINES 1,551 SF. CHANGE OF SE TO OFFICES FOR INDUSTRIAL, ENGINEERING AND OTHER PROFESSIONAL ADMIN.  SERVICES NEEDED BY INDUSTRIES IN THE AREA. FOR OTHER CLEARANCES SEE MASTER PERMIT.. Permit Finaled. 3115 S LA CIENEGA BLVD","address":"3115 South La Cienega Boulevard, CA, Los Angeles, 90016, US","ct":"2199.00","ev":"N","apc":"South Los Angeles","cpa":"West Adams - Baldwin Hills - Leimert","zone":"MR1-1VL","solar":"N","pin_nbr":"123B173  1531","use_code":"12","geolocation":"POINT (-118.37443 34.02984)","status_date":"10/23/2013","permit_group":"Building","refresh_time":"06/10/2026","type_lat_lon":"ADDRESS","business_unit":"Plan Check at Counter"},"geometry":{"type":"Point","coordinates":[-118.37443,34.02984]}},{"type":"Feature","properties":{"date":"2008-12-03T00:00:00.000Z","year":2008,"description":"FOUNDATION ONLY PERMIT FOR REMODEL OF EXISTING 1 STORY 4,000 SF MANUFACTURING/OFFICE BUILDING.  ADDING MEZZANINES 1,551 SF. CHANGE OF SE TO OFFICES FOR INDUSTRIAL, ENGINEERING AND OTHER PROFESSIONAL ADMIN.  SERVICES NEEDED BY INDUSTRIES IN THE AREA. FOR OTHER CLEARANCES SEE MASTER PERMIT.","metadescription":"Bldg-Alter/Repair. Commercial. FOUNDATION ONLY PERMIT FOR REMODEL OF EXISTING 1 STORY 4,000 SF MANUFACTURING/OFFICE BUILDING.  ADDING MEZZANINES 1,551 SF. CHANGE OF SE TO OFFICES FOR INDUSTRIAL, ENGINEERING AND OTHER PROFESSIONAL ADMIN.  SERVICES NEEDED BY INDUSTRIES IN THE AREA. FOR OTHER CLEARANCES SEE MASTER PERMIT.. Permit Finaled. 3109 S LA CIENEGA BLVD bldg 1.11","address":"3109 South La Cienega Boulevard, CA, Los Angeles, 90016, US","ct":"2199.00","ev":"N","apc":"South Los Angeles","cpa":"West Adams - Baldwin Hills - Leimert","zone":"MR1-1VL","solar":"N","pin_nbr":"123B173  1531","use_code":"12","geolocation":"POINT (-118.37367 34.03003)","status_date":"03/04/2013","permit_group":"Building","refresh_time":"06/10/2026","type_lat_lon":"ADDRESS","business_unit":"Plan Check at Counter"},"geometry":{"type":"Point","coordinates":[-118.37367,34.03003]}},{"type":"Feature","properties":{"date":"2008-12-03T00:00:00.000Z","year":2008,"description":"FOUNDATION PERMIT ONLY FOR REMODEL OF EXISTING 1 STORY, 5,000 SF MANUFACTURING/OFFICE BUILDING.  ADDING 1,481 SF MEZZANINE.  CHANGE OF USE TO OFFICES FOR INDUSTRIAL, ENGINEERING AND OTHER PROFESSIONAL ADMIN. SERVICES NEEDED BY INDUSTRIES IN THE AREA. SEE OTHER CLEARANCES AT MASTER PERMIT.","metadescription":"Bldg-Alter/Repair. Commercial. FOUNDATION PERMIT ONLY FOR REMODEL OF EXISTING 1 STORY, 5,000 SF MANUFACTURING/OFFICE BUILDING.  ADDING 1,481 SF MEZZANINE.  CHANGE OF USE TO OFFICES FOR INDUSTRIAL, ENGINEERING AND OTHER PROFESSIONAL ADMIN. SERVICES NEEDED BY INDUSTRIES IN THE AREA. SEE OTHER CLEARANCES AT MASTER PERMIT.. Permit Expired. 3113 S LA CIENEGA BLVD bldg 1.05","address":"3113 South La Cienega Boulevard, CA, Los Angeles, 90016, US","ct":"2199.00","ev":"N","apc":"South Los Angeles","cpa":"West Adams - Baldwin Hills - Leimert","zone":"MR1-1VL","solar":"N","pin_nbr":"123B173  1531","use_code":"12","geolocation":"POINT (-118.37407 34.02998)","status_date":"01/31/2012","permit_group":"Building","refresh_time":"06/10/2026","type_lat_lon":"ADDRESS","business_unit":"Plan Check at Counter"},"geometry":{"type":"Point","coordinates":[-118.37407,34.02998]}},{"type":"Feature","properties":{"date":"2008-12-03T00:00:00.000Z","year":2008,"description":"FOUNDATION OMLY PERMIT FOR REMODEL OF EXISTING 1 STORY 11,453 SF FURNITURE BUILDING. REMOVING PORTION OF 3,027 SF AT GROUND FLOOR TO CREATE (2) SEPARATE BUILDING. OTHER BUILDING UNDER PERMIT No.: 08016-10000-16390. CHANGE OF USE TO OFFICES OF INDUSTRIAL FIRMS, INDUSTRIAL ENGINEERING FIRMS AND OTHER PROFESSIONAL ADMINISTRATIVE AND CLERICALSERVICES NEEDED BY INDUSTRIES IN THE AREA. FOR OTHER CLEARANCES SEE MASTER PERMIT.","metadescription":"Bldg-Alter/Repair. Commercial. FOUNDATION OMLY PERMIT FOR REMODEL OF EXISTING 1 STORY 11,453 SF FURNITURE BUILDING. REMOVING PORTION OF 3,027 SF AT GROUND FLOOR TO CREATE (2) SEPARATE BUILDING. OTHER BUILDING UNDER PERMIT No.: 08016-10000-16390. CHANGE OF USE TO OFFICES OF INDUSTRIAL FIRMS, INDUSTRIAL ENGINEERING FIRMS AND OTHER PROFESSIONAL ADMINISTRATIVE AND CLERICALSERVICES NEEDED BY INDUSTRIES IN THE AREA. FOR OTHER CLEARANCES SEE MASTER PERMIT.. Permit Finaled. 3121 S LA CIENEGA BLVD BLDG 1.01","address":"3121 South La Cienega Boulevard, CA, Los Angeles, 90016, US","ct":"2199.00","ev":"N","apc":"South Los Angeles","cpa":"West Adams - Baldwin Hills - Leimert","zone":"MR1-1VL","solar":"N","pin_nbr":"123B173  1581","use_code":"12","geolocation":"POINT (-118.37306 34.02996)","status_date":"07/24/2013","permit_group":"Building","refresh_time":"06/10/2026","type_lat_lon":"ADDRESS","business_unit":"Plan Check at Counter"},"geometry":{"type":"Point","coordinates":[-118.37306,34.02996]}},{"type":"Feature","properties":{"date":"2008-12-03T00:00:00.000Z","year":2008,"description":"FOUNDATION ONLY PERMIT FOR REMODEL OF EXISTING 1 STORY 11,453 SF FURNITURE BUILDING. REMOVING PORTION OF 3,027 SF AT GROUND FLOOR TO CREATE (2) SEPARATE BUILDING. OTHER BUILDING UNDER PERMIT No.: 08016-10000-09785. CHANGE OF USE TO OFFICES OF INDUSTRIAL FIRMS, INDUSTRIAL ENGINEERING FIRMS AND OTHER PROFESSIONAL ADMINISTRATIVE AND CLERICALSERVICES NEEDED BY INDUSTRIES IN THE AREA. FOR OTHER CLEARANCES SEE MASTER PERMIT.","metadescription":"Bldg-Alter/Repair. Commercial. FOUNDATION ONLY PERMIT FOR REMODEL OF EXISTING 1 STORY 11,453 SF FURNITURE BUILDING. REMOVING PORTION OF 3,027 SF AT GROUND FLOOR TO CREATE (2) SEPARATE BUILDING. OTHER BUILDING UNDER PERMIT No.: 08016-10000-09785. CHANGE OF USE TO OFFICES OF INDUSTRIAL FIRMS, INDUSTRIAL ENGINEERING FIRMS AND OTHER PROFESSIONAL ADMINISTRATIVE AND CLERICALSERVICES NEEDED BY INDUSTRIES IN THE AREA. FOR OTHER CLEARANCES SEE MASTER PERMIT.. Permit Finaled. 3121 S LA CIENEGA BLVD","address":"3121 South La Cienega Boulevard, CA, Los Angeles, 90016, US","ct":"2199.00","ev":"N","apc":"South Los Angeles","cpa":"West Adams - Baldwin Hills - Leimert","zone":"MR1-1VL","solar":"N","pin_nbr":"123B173  1581","use_code":"12","geolocation":"POINT (-118.37306 34.02996)","status_date":"05/06/2013","permit_group":"Building","refresh_time":"06/10/2026","type_lat_lon":"ADDRESS","business_unit":"Plan Check at Counter"},"geometry":{"type":"Point","coordinates":[-118.37306,34.02996]}},{"type":"Feature","properties":{"date":"2008-12-03T00:00:00.000Z","year":2008,"description":"FOUNDATION ONLY PERMIT FOR REMODEL OF EXISTING 1 STORY, 5977 SF  MANUFACTURING/OFFICE  BUILDING; ADDING 1,750 SF MEZZANINE. CHANGE OF USE TO OFFICES OF INDUSTRIAL FIRMS, INDUSTRIAL ENGINEERING FIRMS AND OTHER PROFESSIONAL ADMINISTRATIVE AND CLERICALSERVICES NEEDED BY INDUSTRIES IN THE AREA. FOR OTHER CLEARANCES SEE MASTER PERMIT.","metadescription":"Bldg-Alter/Repair. Commercial. FOUNDATION ONLY PERMIT FOR REMODEL OF EXISTING 1 STORY, 5977 SF  MANUFACTURING/OFFICE  BUILDING; ADDING 1,750 SF MEZZANINE. CHANGE OF USE TO OFFICES OF INDUSTRIAL FIRMS, INDUSTRIAL ENGINEERING FIRMS AND OTHER PROFESSIONAL ADMINISTRATIVE AND CLERICALSERVICES NEEDED BY INDUSTRIES IN THE AREA. FOR OTHER CLEARANCES SEE MASTER PERMIT.. Permit Finaled. 3125 S LA CIENEGA BLVD bldg 1.04","address":"3231 South La Cienega Boulevard, CA, Los Angeles, 90016, US","ct":"2199.00","ev":"N","apc":"South Los Angeles","cpa":"West Adams - Baldwin Hills - Leimert","zone":"MR1-1VL","solar":"N","pin_nbr":"123B173  1581","use_code":"12","geolocation":"POINT (-118.37362986 34.02946322)","status_date":"04/06/2016","permit_group":"Building","refresh_time":"06/10/2026","type_lat_lon":"BUILDING","business_unit":"Plan Check at Counter"},"geometry":{"type":"Point","coordinates":[-118.37362986,34.02946322]}},{"type":"Feature","properties":{"date":"2008-12-03T00:00:00.000Z","year":2008,"description":"FOUNDATION OMLY PERMIT FOR REMODEL OF EXISTING 1 STORY, 5916 SF MANUFACTURING/OFFICE BUILDING.  CHANGE OF USE TO OFFICES FOR MEDIA RELATED SERVICES, INDUSTRIAL, ENGINEERING AND OTHER PROFESSIONAL ADMIN. SERVICES NEEDED BY INDUSTRIES IN THE AREA. FOR OTHER CLEARANCES SEE MASTER PERMIT.","metadescription":"Bldg-Alter/Repair. Commercial. FOUNDATION OMLY PERMIT FOR REMODEL OF EXISTING 1 STORY, 5916 SF MANUFACTURING/OFFICE BUILDING.  CHANGE OF USE TO OFFICES FOR MEDIA RELATED SERVICES, INDUSTRIAL, ENGINEERING AND OTHER PROFESSIONAL ADMIN. SERVICES NEEDED BY INDUSTRIES IN THE AREA. FOR OTHER CLEARANCES SEE MASTER PERMIT.. Permit Finaled. 3103 S LA CIENEGA BLVD bldg 1.12","address":"3103 South La Cienega Boulevard, CA, Los Angeles, 90016, US","ct":"2199.00","ev":"N","apc":"South Los Angeles","cpa":"West Adams - Baldwin Hills - Leimert","zone":"MR1-1VL","solar":"N","pin_nbr":"123B173  1531","use_code":"12","geolocation":"POINT (-118.37335 34.02996)","status_date":"06/13/2013","permit_group":"Building","refresh_time":"06/10/2026","type_lat_lon":"ADDRESS","business_unit":"Plan Check at Counter"},"geometry":{"type":"Point","coordinates":[-118.37335,34.02996]}},{"type":"Feature","properties":{"date":"2008-04-11T00:00:00.000Z","year":2008,"description":"ADD 15'-8\" X 32'-0\"  PATIO COVER AT REAR OF (E) SINGLE FAMILY DWELLING. CONSTRUCTION PER CITY STANDARD (P/BC 2002-006).","metadescription":"Bldg-Addition. 1 or 2 Family Dwelling. ADD 15'-8\" X 32'-0\"  PATIO COVER AT REAR OF (E) SINGLE FAMILY DWELLING. CONSTRUCTION PER CITY STANDARD (P/BC 2002-006).. CofO Issued. 5901 W DAUPHIN AVE","address":"5901 Dauphin Avenue, CA, Los Angeles, 90034, US","ct":"2703.00","ev":"N","apc":"South Los Angeles","zone":"RD1.5-1","solar":"N","pin_nbr":"123B173   528","use_code":"1","geolocation":"POINT (-118.37307 34.0339)","status_date":"07/28/2009","construction":"Type V-B Construction","permit_group":"Building","refresh_time":"06/10/2026","type_lat_lon":"ADDRESS","business_unit":"Plan Check at Counter","square_footage":"501"},"geometry":{"type":"Point","coordinates":[-118.37307,34.0339]}},{"type":"Feature","properties":{"date":"2008-04-02T00:00:00.000Z","year":2008,"description":"EARLY START PERMIT  --  SELECTIVE INTERIOR NONSTRUCTURAL DEMOLITION OF A MANUFACTURING BUILDING (INTERIOR WORK ONLY)","metadescription":"Bldg-Alter/Repair. Commercial. EARLY START PERMIT  --  SELECTIVE INTERIOR NONSTRUCTURAL DEMOLITION OF A MANUFACTURING BUILDING (INTERIOR WORK ONLY). Permit Finaled. 3113 S LA CIENEGA BLVD","address":"3113 South La Cienega Boulevard, CA, Los Angeles, 90016, US","ct":"2199.00","ev":"N","apc":"South Los Angeles","cpa":"West Adams - Baldwin Hills - Leimert","zone":"MR1-1VL","solar":"N","pin_nbr":"123B173  1531","use_code":"12","geolocation":"POINT (-118.37407 34.02998)","status_date":"03/17/2009","permit_group":"Building","refresh_time":"06/10/2026","type_lat_lon":"ADDRESS","business_unit":"Plan Check at Counter"},"geometry":{"type":"Point","coordinates":[-118.37407,34.02998]}},{"type":"Feature","properties":{"date":"2008-04-02T00:00:00.000Z","year":2008,"description":"EARLY START PERMIT  --  SELECTIVE INTERIOR NONSTRUCTURAL DEMOLITION OF A MANUFACTURING BUILDING (INTERIOR WORK ONLY)","metadescription":"Bldg-Alter/Repair. Commercial. EARLY START PERMIT  --  SELECTIVE INTERIOR NONSTRUCTURAL DEMOLITION OF A MANUFACTURING BUILDING (INTERIOR WORK ONLY). Permit Finaled. 3107-3111 1/2 S LA CIENEGA BLVD","address":"3107 South La Cienega Boulevard, CA, Los Angeles, 90016, US","ct":"2199.00","ev":"N","apc":"South Los Angeles","cpa":"West Adams - Baldwin Hills - Leimert","zone":"MR1-1VL","solar":"N","pin_nbr":"123B173  1531","use_code":"12","geolocation":"POINT (-118.37367 34.02997)","status_date":"03/16/2009","permit_group":"Building","refresh_time":"06/10/2026","type_lat_lon":"ADDRESS","business_unit":"Plan Check at Counter"},"geometry":{"type":"Point","coordinates":[-118.37367,34.02997]}},{"type":"Feature","properties":{"date":"2008-04-02T00:00:00.000Z","year":2008,"description":"EARLY START PERMIT - SELECTIVE INTERIOR NONSTRUCTURAL DEMOLITION OF A MANUFACTURING BUILDING (INTERIOR WORK ONLY)","metadescription":"Bldg-Alter/Repair. Commercial. EARLY START PERMIT - SELECTIVE INTERIOR NONSTRUCTURAL DEMOLITION OF A MANUFACTURING BUILDING (INTERIOR WORK ONLY). Permit Finaled. 3109-3115 S LA CIENEGA BLVD","address":"3109 South La Cienega Boulevard, CA, Los Angeles, 90016, US","ct":"2199.00","ev":"N","apc":"South Los Angeles","cpa":"West Adams - Baldwin Hills - Leimert","zone":"MR1-1VL","solar":"N","pin_nbr":"123B173  1531","use_code":"12","geolocation":"POINT (-118.37367 34.03003)","status_date":"03/17/2009","permit_group":"Building","refresh_time":"06/10/2026","type_lat_lon":"ADDRESS","business_unit":"Plan Check at Counter"},"geometry":{"type":"Point","coordinates":[-118.37367,34.03003]}},{"type":"Feature","properties":{"date":"2008-04-02T00:00:00.000Z","year":2008,"description":"EARLY START PERMIT - SELECTIVE INTERIOR NONSTRUCTURAL DEMOLITION OF A MANUFACTURING BUILDING (INTERIOR WORK ONLY)","metadescription":"Bldg-Alter/Repair. Commercial. EARLY START PERMIT - SELECTIVE INTERIOR NONSTRUCTURAL DEMOLITION OF A MANUFACTURING BUILDING (INTERIOR WORK ONLY). Permit Finaled. 3103-3105 S LA CIENEGA BLVD","address":"3103 South La Cienega Boulevard, CA, Los Angeles, 90016, US","ct":"2199.00","ev":"N","apc":"South Los Angeles","cpa":"West Adams - Baldwin Hills - Leimert","zone":"MR1-1VL","solar":"N","pin_nbr":"123B173  1531","use_code":"12","geolocation":"POINT (-118.37335 34.02996)","status_date":"09/21/2012","permit_group":"Building","refresh_time":"06/10/2026","type_lat_lon":"ADDRESS","business_unit":"Plan Check at Counter"},"geometry":{"type":"Point","coordinates":[-118.37335,34.02996]}},{"type":"Feature","properties":{"date":"2008-02-13T00:00:00.000Z","year":2008,"description":"CHANGE OUT #5 WINDOWS  (SAME SIZE & TYPE FOR RESIDENTIAL BUILDINGS ONLY) DUAL GLAZING, LABELED AND CERTIFIED BY NATIONAL FENESTRATION RATING COUNCIL (NFRC), IS REQUIRED FOR DOORS AND WINDOWS REPLACED IN ALL RESIDENTIAL BUILDINGS, THREE STORIES OR LESS, PER SECTION 152(B) OF TITLE 24.  BATHROOM REMODEL (FOR RESIDENTIAL BUILDINGS; NO STRUCTURAL CHANGES).  PAINT IN EACH OF THE ROOMS.","metadescription":"Bldg-Alter/Repair. Apartment. CHANGE OUT #5 WINDOWS  (SAME SIZE & TYPE FOR RESIDENTIAL BUILDINGS ONLY) DUAL GLAZING, LABELED AND CERTIFIED BY NATIONAL FENESTRATION RATING COUNCIL (NFRC), IS REQUIRED FOR DOORS AND WINDOWS REPLACED IN ALL RESIDENTIAL BUILDINGS, THREE STORIES OR LESS, PER SECTION 152(B) OF TITLE 24.  BATHROOM REMODEL (FOR RESIDENTIAL BUILDINGS; NO STRUCTURAL CHANGES).  PAINT IN EACH OF THE ROOMS.. Permit Expired. 12443-12445 1/2 W WASHINGTON PL","address":"12443 1/2 West Washington Place, CA, Los Angeles, 90066, US","ct":"2722.00","ev":"N","apc":"West Los Angeles","cpa":"Palms - Mar Vista - Del Rey","zone":"R3-1","solar":"N","pin_nbr":"111B157   773","use_code":"5","geolocation":"POINT (-118.43179 33.99904)","status_date":"05/27/2010","permit_group":"Building","refresh_time":"06/10/2026","type_lat_lon":"ADDRESS","business_unit":"Express Permit"},"geometry":{"type":"Point","coordinates":[-118.43179,33.99904]}},{"type":"Feature","properties":{"date":"2006-12-19T00:00:00.000Z","year":2006,"description":"ONE STORY ADDITION TO REAR OF (E) ONE STORY SINGLE FAMILY DWELLING.  (14'4\" X 26'2\" = 375 SF).  CONSTRUCTION PER TYPE V SHEET.","metadescription":"Bldg-Addition. 1 or 2 Family Dwelling. ONE STORY ADDITION TO REAR OF (E) ONE STORY SINGLE FAMILY DWELLING.  (14'4\" X 26'2\" = 375 SF).  CONSTRUCTION PER TYPE V SHEET.. CofO Issued. 3269 S FAY AVE","address":"3269 Fay Avenue, CA, Los Angeles, 90034, US","ct":"2702.00","ev":"N","apc":"South Los Angeles","cpa":"West Adams - Baldwin Hills - Leimert","zone":"RD2-1","solar":"N","height":"14.75","pin_nbr":"123B169  1147","use_code":"1","geolocation":"POINT (-118.38073 34.03115)","status_date":"01/29/2015","construction":"Type V-N Construction","permit_group":"Building","refresh_time":"06/10/2026","type_lat_lon":"ADDRESS","business_unit":"Plan Check at Counter","square_footage":"375"},"geometry":{"type":"Point","coordinates":[-118.38073,34.03115]}},{"type":"Feature","properties":{"date":"2006-12-08T00:00:00.000Z","year":2006,"description":"TENANT IMPROVEMENT FOR (E) 1-STORY RETAIL BUILDING (3913 SF): INSTALL NEW CEILING GRID, CONSTRUCT NON BEARING PARTITION WALLS, REMODEL RESTROOMS, AND INSTALL FURNITURE FIXTURES. (SPRINKLER SYSTEM TO BE INSTALLED UNDER SEPARATE PERMIT).","metadescription":"Bldg-Alter/Repair. Commercial. TENANT IMPROVEMENT FOR (E) 1-STORY RETAIL BUILDING (3913 SF): INSTALL NEW CEILING GRID, CONSTRUCT NON BEARING PARTITION WALLS, REMODEL RESTROOMS, AND INSTALL FURNITURE FIXTURES. (SPRINKLER SYSTEM TO BE INSTALLED UNDER SEPARATE PERMIT).. Permit Finaled. 13376 W WASHINGTON BLVD","address":"13376 West Washington Boulevard, CA, Marina Del Rey, 90292, US","ct":"2754.00","ev":"N","apc":"West Los Angeles","cpa":"Palms - Mar Vista - Del Rey","zone":"CM(GM)-2D-CA","solar":"N","pin_nbr":"108B153  1308","use_code":"16","geolocation":"POINT (-118.44428 33.99185)","status_date":"08/02/2007","permit_group":"Building","refresh_time":"06/10/2026","type_lat_lon":"ADDRESS","business_unit":"Plan Check at Counter"},"geometry":{"type":"Point","coordinates":[-118.44428,33.99185]}},{"type":"Feature","properties":{"date":"2006-11-16T00:00:00.000Z","year":2006,"description":"CHANGE OUT 10 WINDOWS & 3 DOORS (SAME SIZE & LOCATION).  RE-STUCCO ENTIRE BUILDING.  RESIDENTIAL KITCHEN/BATHROOM REMODEL-REPAIR/REPLACE ONLY- NO CHANGES IN WALLS OR OPENINGS.  COMBINED WITH ELECTRICAL, PLUMBING & HVAC.  DRYWALL/PLASTER PATCH & PAINT.","metadescription":"Bldg-Alter/Repair. 1 or 2 Family Dwelling. CHANGE OUT 10 WINDOWS & 3 DOORS (SAME SIZE & LOCATION).  RE-STUCCO ENTIRE BUILDING.  RESIDENTIAL KITCHEN/BATHROOM REMODEL-REPAIR/REPLACE ONLY- NO CHANGES IN WALLS OR OPENINGS.  COMBINED WITH ELECTRICAL, PLUMBING & HVAC.  DRYWALL/PLASTER PATCH & PAINT.. Permit Finaled. 3260 S CATTARAUGUS AVE","address":"3264 Cattaraugus Avenue, CA, Los Angeles, 90034, US","ct":"2702.00","ev":"N","apc":"South Los Angeles","cpa":"West Adams - Baldwin Hills - Leimert","zone":"RD2-1","solar":"N","pin_nbr":"123B169  1145","use_code":"1","geolocation":"POINT (-118.38145 34.03104)","status_date":"02/09/2009","permit_group":"Building","refresh_time":"06/10/2026","type_lat_lon":"ADDRESS","business_unit":"Express Permit"},"geometry":{"type":"Point","coordinates":[-118.38145,34.03104]}},{"type":"Feature","properties":{"date":"2006-08-11T00:00:00.000Z","year":2006,"description":"INSTALLATION OF NEW WALK-UP ATM UNIT THRU EXISTING WALL CONSTRUCTION.","metadescription":"Bldg-Alter/Repair. Commercial. INSTALLATION OF NEW WALK-UP ATM UNIT THRU EXISTING WALL CONSTRUCTION.. Permit Finaled. 10011 W WASHINGTON BLVD","address":"10011 Washington Boulevard, CA, Culver City, 90232, US","ct":"2699.01","ev":"N","apc":"West Los Angeles","cpa":"Palms - Mar Vista - Del Rey","zone":"C2-1","solar":"N","pin_nbr":"120B165  1381","use_code":"13","geolocation":"POINT (-118.39871 34.02112)","status_date":"09/21/2006","permit_group":"Building","refresh_time":"06/10/2026","type_lat_lon":"ADDRESS","business_unit":"Plan Check at Counter"},"geometry":{"type":"Point","coordinates":[-118.39871,34.02112]}},{"type":"Feature","properties":{"date":"2006-07-05T00:00:00.000Z","year":2006,"description":"INSTALL WINDOWS FOR 4 UNIT APT. SAME SIZE/ LOCATION.Dual glazing, labeled and certified by National Fenestration Rating Council (NFRC), is required for doors and windows replaced in all residential buildings, three stories or less, per Section 152(b) of Title 24.","metadescription":"Bldg-Alter/Repair. Apartment. INSTALL WINDOWS FOR 4 UNIT APT. SAME SIZE/ LOCATION.Dual glazing, labeled and certified by National Fenestration Rating Council (NFRC), is required for doors and windows replaced in all residential buildings, three stories or less, per Section 152(b) of Title 24.. Permit Finaled. 12629-12635 W WASHINGTON PL","address":"12629 Washington Place, CA, Los Angeles, 90066, US","ct":"2722.00","ev":"N","apc":"West Los Angeles","cpa":"Palms - Mar Vista - Del Rey","zone":"R3-1","solar":"N","pin_nbr":"111B153  1139","use_code":"5","geolocation":"POINT (-118.43448 33.99753)","status_date":"07/20/2006","permit_group":"Building","refresh_time":"06/10/2026","type_lat_lon":"ADDRESS","business_unit":"Express Permit"},"geometry":{"type":"Point","coordinates":[-118.43448,33.99753]}},{"type":"Feature","properties":{"date":"2006-06-27T00:00:00.000Z","year":2006,"description":"T.I.  Remove  partitions on existing 1-story office building. New partition layout on 1st and mezzanine level.","metadescription":"Bldg-Alter/Repair. Commercial. T.I.  Remove  partitions on existing 1-story office building. New partition layout on 1st and mezzanine level.. Permit Finaled. 10003 W WASHINGTON BLVD","address":"10003 Washington Boulevard, CA, Culver City, 90232, US","ct":"2699.01","ev":"N","apc":"West Los Angeles","cpa":"Palms - Mar Vista - Del Rey","zone":"C2-1","solar":"N","pin_nbr":"120B165  1359","use_code":"13","geolocation":"POINT (-118.3985 34.02122)","status_date":"09/22/2006","permit_group":"Building","refresh_time":"06/10/2026","type_lat_lon":"ADDRESS","business_unit":"Plan Check at Counter","square_footage":"0"},"geometry":{"type":"Point","coordinates":[-118.3985,34.02122]}},{"type":"Feature","properties":{"date":"2006-06-15T00:00:00.000Z","year":2006,"description":"Remodel Kitchen and bath and bedroom.  Replace kitchen fixtures and cabinets.  Replace bathroom fixtures.  Remove and construct nonbearing walls.  Relocate Water Heater.  All construction per Type V sheet.","metadescription":"Bldg-Alter/Repair. 1 or 2 Family Dwelling. Remodel Kitchen and bath and bedroom.  Replace kitchen fixtures and cabinets.  Replace bathroom fixtures.  Remove and construct nonbearing walls.  Relocate Water Heater.  All construction per Type V sheet.. Permit Finaled. 4246 S NEOSHO AVE","address":"4246 Neosho Avenue, CA, Los Angeles, 90066, US","ct":"2753.11","ev":"N","apc":"West Los Angeles","cpa":"Palms - Mar Vista - Del Rey","zone":"R1-1","solar":"N","pin_nbr":"108B157   603","use_code":"1","geolocation":"POINT (-118.43048 33.99308)","status_date":"05/01/2007","permit_group":"Building","refresh_time":"06/10/2026","type_lat_lon":"ADDRESS","business_unit":"Plan Check at Counter"},"geometry":{"type":"Point","coordinates":[-118.43048,33.99308]}},{"type":"Feature","properties":{"date":"2006-06-06T00:00:00.000Z","year":2006,"description":"RETROFIT 34 WINDOWS (SAME SIZE AND LOCATION) - Dual glazing, labeled and certified by National Fenestration Rating Council (NFRC), is required for doors and windows replaced in all residential buildings, three stories or less, per Section 152(b) of Title 24.VALUATION TO BE VERIFIED BY FIELD INSPECTOR","metadescription":"Bldg-Alter/Repair. Apartment. RETROFIT 34 WINDOWS (SAME SIZE AND LOCATION) - Dual glazing, labeled and certified by National Fenestration Rating Council (NFRC), is required for doors and windows replaced in all residential buildings, three stories or less, per Section 152(b) of Title 24.VALUATION TO BE VERIFIED BY FIELD INSPECTOR. Permit Finaled. 12629 W WASHINGTON PL","address":"12629 Washington Place, CA, Los Angeles, 90066, US","ct":"2722.00","ev":"N","apc":"West Los Angeles","cpa":"Palms - Mar Vista - Del Rey","zone":"R3-1","solar":"N","pin_nbr":"111B153  1139","use_code":"5","geolocation":"POINT (-118.43448 33.99753)","status_date":"06/16/2006","permit_group":"Building","refresh_time":"06/10/2026","type_lat_lon":"ADDRESS","business_unit":"Express Permit"},"geometry":{"type":"Point","coordinates":[-118.43448,33.99753]}},{"type":"Feature","properties":{"date":"2006-06-02T00:00:00.000Z","year":2006,"description":"CHANGE OF USE PORTION OF THE BUILDING [60' x 129'-0\", 6751 SF] FROM RETAIL TO PERSONAL FITNESS COUNSELING SERVICE AND TENANT IMPROVEMENT IN SUITE 200 (4751AFF SF.)","metadescription":"Bldg-Alter/Repair. Commercial. CHANGE OF USE PORTION OF THE BUILDING [60' x 129'-0\", 6751 SF] FROM RETAIL TO PERSONAL FITNESS COUNSELING SERVICE AND TENANT IMPROVEMENT IN SUITE 200 (4751AFF SF.). CofO Issued. 13400 W WASHINGTON BLVD","address":"13400 Washington Boulevard, CA, Marina Del Rey, 90292, US","ct":"2754.00","ev":"N","apc":"West Los Angeles","cpa":"Palms - Mar Vista - Del Rey","zone":"CM(GM)-2D-CA","solar":"N","pin_nbr":"108B153  1318","use_code":"16","geolocation":"POINT (-118.44484 33.99158)","status_date":"07/30/2008","construction":"Type V-1HR Construction","permit_group":"Building","refresh_time":"06/10/2026","type_lat_lon":"ADDRESS","business_unit":"Appointment Plan Check","square_footage":"0"},"geometry":{"type":"Point","coordinates":[-118.44484,33.99158]}},{"type":"Feature","properties":{"date":"2006-03-14T00:00:00.000Z","year":2006,"description":"Residential remodel: Enclose porch. Wall construction according to Std. Type V.","metadescription":"Bldg-Alter/Repair. 1 or 2 Family Dwelling. Residential remodel: Enclose porch. Wall construction according to Std. Type V.. CofO Issued. 4261 S MOORE ST","address":"4261 Moore Street, CA, Los Angeles, 90066, US","ct":"2754.00","ev":"N","apc":"West Los Angeles","cpa":"Palms - Mar Vista - Del Rey","zone":"R1-1","solar":"N","pin_nbr":"108B153   800","use_code":"1","geolocation":"POINT (-118.43295 33.99171)","status_date":"07/31/2007","construction":"Type V-N Construction","permit_group":"Building","refresh_time":"06/10/2026","type_lat_lon":"ADDRESS","business_unit":"Plan Check at Counter","square_footage":"72"},"geometry":{"type":"Point","coordinates":[-118.43295,33.99171]}},{"type":"Feature","properties":{"date":"2005-03-31T00:00:00.000Z","year":2005,"description":"CHANGE OUT 7 WINDOWS (SAME SIZE AND LOCATION).  RE-STUCCO/SANDBLAST ENTIRE BUILDING.  NEW STUCCO OVER EXISTING SIDING.","metadescription":"Bldg-Alter/Repair. 1 or 2 Family Dwelling. CHANGE OUT 7 WINDOWS (SAME SIZE AND LOCATION).  RE-STUCCO/SANDBLAST ENTIRE BUILDING.  NEW STUCCO OVER EXISTING SIDING.. Permit Finaled. 3264 S FAY AVE","address":"1-3, 3264 Fay Avenue, CA, Los Angeles, 90034, US","ct":"2702.00","ev":"N","apc":"South Los Angeles","zone":"RD1.5-1","solar":"N","pin_nbr":"123B169  1098","use_code":"1","geolocation":"POINT (-118.38054 34.03129)","status_date":"01/26/2006","permit_group":"Building","refresh_time":"06/10/2026","type_lat_lon":"ADDRESS","business_unit":"Express Permit"},"geometry":{"type":"Point","coordinates":[-118.38054,34.03129]}},{"type":"Feature","properties":{"date":"2004-04-23T00:00:00.000Z","year":2004,"description":"New 123' x 70' irregular shaped 2 story Type V-N 9 unit Apartment  building over basement parking garage.  Eastern 22.43' of lot is within Culver City boundary but relnquishes authority to review to the City of Los Angeles. See Commets.","metadescription":"Bldg-New. Apartment. New 123' x 70' irregular shaped 2 story Type V-N 9 unit Apartment  building over basement parking garage.  Eastern 22.43' of lot is within Culver City boundary but relnquishes authority to review to the City of Los Angeles. See Commets.. Permit Finaled. 5820 W DAVID AVE","address":"5803 West Washington Boulevard, CA, Culver City, 90232, US","ct":"2703.00","ev":"N","apc":"South Los Angeles","zone":"RD1.5-1","solar":"N","height":"34","pin_nbr":"123B173   467","use_code":"5","geolocation":"POINT (-118.37147 34.03432)","status_date":"12/16/2005","construction":"Type V-N Construction","permit_group":"Building","refresh_time":"06/10/2026","type_lat_lon":"ADDRESS","business_unit":"Regular Plan Check","square_footage":"12630.3"},"geometry":{"type":"Point","coordinates":[-118.37147,34.03432]}},{"type":"Feature","properties":{"date":"2004-03-17T00:00:00.000Z","year":2004,"description":"BUILD 2 SKYLIGHTS AT EXISTING BUILDING, PER ENGINEER DETAIL.","metadescription":"Bldg-Alter/Repair. Commercial. BUILD 2 SKYLIGHTS AT EXISTING BUILDING, PER ENGINEER DETAIL.. Permit Finaled. 2762 S LA CIENEGA BLVD","address":"2762 South La Cienega Boulevard, CA, Los Angeles, 90034, US","ct":"2703.00","ev":"N","apc":"South Los Angeles","zone":"[Q]CM-1VL","solar":"N","pin_nbr":"123B173   739","use_code":"16","geolocation":"POINT (-118.37483 34.033)","status_date":"10/07/2004","permit_group":"Building","refresh_time":"06/10/2026","type_lat_lon":"ADDRESS","business_unit":"Appointment Plan Check"},"geometry":{"type":"Point","coordinates":[-118.37483,34.033]}},{"type":"Feature","properties":{"date":"2001-08-29T00:00:00.000Z","year":2001,"description":"correct pcis 98014-30000-00778 to show building as a separate auto repair building.(omit sprinklers)","metadescription":"Bldg-Alter/Repair. Commercial. correct pcis 98014-30000-00778 to show building as a separate auto repair building.(omit sprinklers). Permit Finaled. 13332 W WASHINGTON BLVD","address":"13332 West Washington Boulevard, CA, Los Angeles, 90066, US","ct":"2754.00","ev":"N","zone":"CM-2, D, CA, GM","solar":"N","pin_nbr":"108B153   607","use_code":"8","geolocation":"POINT (-118.44299 33.99266)","status_date":"10/09/2001","construction":"Type V-N Construction","permit_group":"Building","refresh_time":"06/10/2026","type_lat_lon":"ADDRESS","business_unit":"Regular Plan Check","square_footage":"1358"},"geometry":{"type":"Point","coordinates":[-118.44299,33.99266]}},{"type":"Feature","properties":{"date":"2001-02-15T00:00:00.000Z","year":2001,"description":"FIRE DAMAGE REPAIR - Roof, roof framing and sheathing; remove 8.33' x 20' portion of building (East end).","metadescription":"Bldg-Alter/Repair. Commercial. FIRE DAMAGE REPAIR - Roof, roof framing and sheathing; remove 8.33' x 20' portion of building (East end).. Permit Finaled. 3109 S LA CIENEGA BLVD","address":"3109 South La Cienega Boulevard, CA, Los Angeles, 90016, US","ct":"2199.00","ev":"N","apc":"South Los Angeles","zone":"MR1-1VL","solar":"N","pin_nbr":"123B173  1531","use_code":"12","geolocation":"POINT (-118.37367 34.03003)","status_date":"10/13/2006","permit_group":"Building","refresh_time":"06/10/2026","type_lat_lon":"ADDRESS","business_unit":"Regular Plan Check"},"geometry":{"type":"Point","coordinates":[-118.37367,34.03003]}},{"type":"Feature","properties":{"date":"2000-05-18T00:00:00.000Z","year":2000,"description":"DEMOLITION OF 1-STORY STORAGE BUILDING. IRREGULAR PER CERT. OF OCC. DATED 12/7/67. SEWER CAP IS REQ'D. CLEAR LOT & FENCE AS REQ'D. DEMO BY HANDWRECK.","metadescription":"Bldg-Demolition. Commercial. DEMOLITION OF 1-STORY STORAGE BUILDING. IRREGULAR PER CERT. OF OCC. DATED 12/7/67. SEWER CAP IS REQ'D. CLEAR LOT & FENCE AS REQ'D. DEMO BY HANDWRECK.. Permit Finaled. 8695 W WASHINGTON BLVD BLDG \"A\"","address":"8695 Washington Boulevard, CA, Los Angeles, 90034, US","ct":"2702.00","ev":"N","apc":"South Los Angeles","zone":"M1-1VL","solar":"N","pin_nbr":"123B169  1260","use_code":"23","geolocation":"POINT (-118.38419 34.0303)","status_date":"05/01/2001","construction":"Type V-N Construction","permit_group":"Building","refresh_time":"06/10/2026","type_lat_lon":"ADDRESS","business_unit":"Plan Check at Counter","square_footage":"-3000"},"geometry":{"type":"Point","coordinates":[-118.38419,34.0303]}}]}
