{"type":"FeatureCollection","features":[{"type":"Feature","properties":{"date":"2026-06-18T04:00:00.000Z","year":2026,"description":"INSTALL NEW SPRINKLER HEADS AS PER PLAN. INSTALL NEW WATER SERVICE CONNECTION TO BE CONNECTED TO EXISTING WATER MAIN ON JEWEL STREET.","metadescription":"Sprinklers. INSTALL NEW SPRINKLER HEADS AS PER PLAN. INSTALL NEW WATER SERVICE CONNECTION TO BE CONNECTED TO EXISTING WATER MAIN ON JEWEL STREET.. Permit Issued. 24 JEWEL STREET","address":"24 JEWEL STREET","bbl":"3026530047","bin":"3429551","lot":"47","nta":"Greenpoint","c_b_no":"301","census_tract":"571","approved_date":"2023-07-20T00:00:00.000","filing_reason":"Initial Permit","work_on_floor":"Floor Number(s)-2-SO-7473-B00816808-I1, Cellar-SO-4816-B00816808-I1, Floor Number(s)-1-SO-6494-B00816808-I1, Floor Number(s)-4-SO-1185-B00816808-I1, Floor Number(s)-3-SO-6484-B00816808-I1","community_board":"301","sequence_number":"1","tracking_number":"128512259","applicant_license":"000990","job_filing_number":"B00816808-S3","applicant_last_name":"PARENTE","owner_business_name":"C2R MANAGEMENT","applicant_first_name":"ADRIANO","applicant_business_name":"ADRIANO PLUMBING & HEATIN","permittee_s_license_type":"F","applicant_business_address":"214-41 42ND AVENUE, SUITE 4B"},"geometry":{"type":"Point","coordinates":[-73.946196,40.726199]}},{"type":"Feature","properties":{"date":"2026-06-12T04:00:00.000Z","year":2026,"description":"Revise sprinklers to coordinate with new floor layout. Pantry sanitary and vent tie ins to existing risers. Existing domestic water tap to serve two sinks, dishwasher and water/coffee appliances and drinking fountain","metadescription":"Sprinklers. Revise sprinklers to coordinate with new floor layout. Pantry sanitary and vent tie ins to existing risers. Existing domestic water tap to serve two sinks, dishwasher and water/coffee appliances and drinking fountain. Permit Issued. 245 PARK AVENUE","address":"245 PARK AVENUE","bbl":"1013010001","bin":"1036205","lot":"1","nta":"East Midtown-Turtle Bay","c_b_no":"105","census_tract":"92","approved_date":"2025-07-03T00:00:00.000","filing_reason":"Initial Permit","work_on_floor":"Floor Number(s) 2 through 2","community_board":"105","sequence_number":"1","tracking_number":"791700450","applicant_license":"001822","job_filing_number":"M01243216-I1","applicant_last_name":"WARSHAW","owner_business_name":"SL GREEN REALTY CORP","applicant_first_name":"MICHAEL","applicant_business_name":"A & M WARSHAW PLBG & HTG","permittee_s_license_type":"P","applicant_business_address":"41 BOX STREET, SUITE 202"},"geometry":{"type":"Point","coordinates":[-73.974482,40.754126]}},{"type":"Feature","properties":{"date":"2026-06-12T04:00:00.000Z","year":2026,"description":"Revise sprinklers to coordinate with new floor layout. Pantry sanitary and vent tie ins to existing risers. Existing domestic water tap to serve two sinks, dishwasher and water/coffee appliances and drinking fountain","metadescription":"Plumbing. Revise sprinklers to coordinate with new floor layout. Pantry sanitary and vent tie ins to existing risers. Existing domestic water tap to serve two sinks, dishwasher and water/coffee appliances and drinking fountain. Permit Issued. 245 PARK AVENUE","address":"245 PARK AVENUE","bbl":"1013010001","bin":"1036205","lot":"1","nta":"East Midtown-Turtle Bay","c_b_no":"105","census_tract":"92","approved_date":"2025-07-03T00:00:00.000","filing_reason":"Initial Permit","work_on_floor":"Floor Number(s) 2 through 2","community_board":"105","sequence_number":"1","tracking_number":"791700450","applicant_license":"001822","job_filing_number":"M01243216-I1","applicant_last_name":"WARSHAW","owner_business_name":"SL GREEN REALTY CORP","applicant_first_name":"MICHAEL","applicant_business_name":"A & M WARSHAW PLBG & HTG","permittee_s_license_type":"P","applicant_business_address":"41 BOX STREET, SUITE 202"},"geometry":{"type":"Point","coordinates":[-73.974482,40.754126]}},{"type":"Feature","properties":{"date":"2026-05-01T04:00:00.000Z","year":2026,"description":"Revise sprinklers to coordinate with new floor layout. Pantry sanitary and vent tie ins to existing risers. Existing domestic water tap to serve two sinks, dishwasher and water/coffee appliances and drinking fountain","metadescription":"Plumbing. Revise sprinklers to coordinate with new floor layout. Pantry sanitary and vent tie ins to existing risers. Existing domestic water tap to serve two sinks, dishwasher and water/coffee appliances and drinking fountain. Permit Issued. PARK AVENUE","address":"PARK AVENUE","bbl":"1013010001","lot":"1","c_b_no":"105","house_no":"245","approved_date":"2025 Jul 03 12:00:00 AM","filing_reason":"Initial Permit","work_on_floor":"Floor Number(s) 2 through 2","community_board":"105","sequence_number":"1","tracking_number":"205824889","applicant_license":"000996","census_tract_2020":"92","job_filing_number":"M01243216-I1","applicant_last_name":"TSALTAS","estimated_job_costs":"235727.6","owner_business_name":"SL GREEN REALTY CORP","applicant_first_name":"NIKOLAOS","applicant_business_name":"BEDROCK MECHANICAL INC","permittee_s_license_type":"F","applicant_business_address":"101-14 JAMAICA AVENUE","filing_representative_last_name":"Rubin","filing_representative_first_name":"Steven","filing_representative_business_name":"LEWSAN CONSULTANTS","neighborhood_tabulation_area_nta_2020":"East Midtown-Turtle Bay"},"geometry":{"type":"Point","coordinates":[-73.974482,40.754126]}},{"type":"Feature","properties":{"date":"2026-05-01T04:00:00.000Z","year":2026,"description":"Revise sprinklers to coordinate with new floor layout. Pantry sanitary and vent tie ins to existing risers. Existing domestic water tap to serve two sinks, dishwasher and water/coffee appliances and drinking fountain","metadescription":"Sprinklers. Revise sprinklers to coordinate with new floor layout. Pantry sanitary and vent tie ins to existing risers. Existing domestic water tap to serve two sinks, dishwasher and water/coffee appliances and drinking fountain. Permit Issued. PARK AVENUE","address":"PARK AVENUE","bbl":"1013010001","lot":"1","c_b_no":"105","house_no":"245","approved_date":"2025 Jul 03 12:00:00 AM","filing_reason":"Initial Permit","work_on_floor":"Floor Number(s) 2 through 2","community_board":"105","sequence_number":"1","tracking_number":"205824889","applicant_license":"000996","census_tract_2020":"92","job_filing_number":"M01243216-I1","applicant_last_name":"TSALTAS","estimated_job_costs":"235727.6","owner_business_name":"SL GREEN REALTY CORP","applicant_first_name":"NIKOLAOS","applicant_business_name":"BEDROCK MECHANICAL INC","permittee_s_license_type":"F","applicant_business_address":"101-14 JAMAICA AVENUE","filing_representative_last_name":"Rubin","filing_representative_first_name":"Steven","filing_representative_business_name":"LEWSAN CONSULTANTS","neighborhood_tabulation_area_nta_2020":"East Midtown-Turtle Bay"},"geometry":{"type":"Point","coordinates":[-73.974482,40.754126]}},{"type":"Feature","properties":{"date":"2026-04-08T04:00:00.000Z","year":2026,"description":"The Alteration application is being filed for the plumbing work for the installation of new water connection with the RPZ backflow Preventer at the subject premises as per plans submitted herewith. There are no change in use, egress or occupancy.","metadescription":"Plumbing. The Alteration application is being filed for the plumbing work for the installation of new water connection with the RPZ backflow Preventer at the subject premises as per plans submitted herewith. There are no change in use, egress or occupancy.. Permit Issued. KENT AVENUE","address":"KENT AVENUE","bbl":"3021290004","lot":"4","c_b_no":"301","house_no":"413","approved_date":"2025 Aug 01 12:00:00 AM","filing_reason":"Renewal Permit with Changes","work_on_floor":"Cellar, Floor Number(s) 001 through 001","community_board":"301","sequence_number":"2","tracking_number":"858116123","applicant_license":"002265","census_tract_2020":"549","job_filing_number":"B01154197-I1","applicant_last_name":"SIGNORELLI","estimated_job_costs":"25000","owner_business_name":"Not Applicable","applicant_first_name":"FRANCIS","applicant_middle_name":"J","applicant_business_name":"SOLUTION MECH CONTNG LLC","permittee_s_license_type":"P","applicant_business_address":"26 WEST 17TH STREET, STE 803","filing_representative_last_name":"AGHAMALIYEV","filing_representative_first_name":"AMINA","filing_representative_business_name":"J CALLAHAN CONSULTING, INC.","neighborhood_tabulation_area_nta_2020":"Williamsburg"},"geometry":{"type":"Point","coordinates":[-73.968511,40.710365]}},{"type":"Feature","properties":{"date":"2026-04-02T04:00:00.000Z","year":2026,"description":"Install two electric Hot Water Tank, Hot and Cold water connection in the Bathrooms and kitchens, 6 inch sanitary connection to the 12 combine sewer at street.","metadescription":"Plumbing. Install two electric Hot Water Tank, Hot and Cold water connection in the Bathrooms and kitchens, 6 inch sanitary connection to the 12 combine sewer at street.. Permit Issued. SHEPHERD AVENUE","address":"SHEPHERD AVENUE","lot":"64","c_b_no":"305","house_no":"707","approved_date":"2025 Mar 31 12:00:00 AM","filing_reason":"Initial Permit","work_on_floor":"Floor Number(s)-3-SO-4707-B01136541-I1, Floor Number(s)-1-SO-6965-B01136541-I1, Cellar-SO-7811-B01136541-I1, Floor Number(s)-2-SO-4491-B01136541-I1","community_board":"305","sequence_number":"1","tracking_number":"499089770","applicant_license":"001020","census_tract_2020":"1120","job_filing_number":"B01136541-S1","applicant_last_name":"AUSLANDER","estimated_job_costs":"0","owner_business_name":"Dash Development Group","applicant_first_name":"IRA","applicant_business_name":"ARCO PLBG AND HTG INC","permittee_s_license_type":"P","applicant_business_address":"6717 4TH AVENUE","neighborhood_tabulation_area_nta_2020":"East New York-New Lots"},"geometry":{"type":"Point","coordinates":[-73.878483,40.666894]}},{"type":"Feature","properties":{"date":"2026-04-01T04:00:00.000Z","year":2026,"description":"NYCHA BOILER_BLDG#4_Remove exist steam-fired DHWH exchanger. Remove and replace sump pump. Install new gas water heaters and storage tank, sump pumps, floor drains, and gas piping. Provide new water connection with backflow preventer and eye wash.","metadescription":"Plumbing. NYCHA BOILER_BLDG#4_Remove exist steam-fired DHWH exchanger. Remove and replace sump pump. Install new gas water heaters and storage tank, sump pumps, floor drains, and gas piping. Provide new water connection with backflow preventer and eye wash.. Permit Issued. ALEXANDER AVENUE","address":"ALEXANDER AVENUE","bbl":"2023040001","lot":"1","c_b_no":"201","house_no":"340","approved_date":"2022 Jan 05 12:00:00 AM","filing_reason":"Renewal Permit Without Changes","work_on_floor":"Cellar, Mezzanine 1 through 1, Open Space","community_board":"201","sequence_number":"3","tracking_number":"578973972","applicant_license":"001710","census_tract_2020":"41","job_filing_number":"X00480912-S4","applicant_last_name":"TURKALJ","estimated_job_costs":"206229","owner_business_name":"NYCHA","applicant_first_name":"IVAN","applicant_business_name":"KORDUN CONSTRUCTION CORP","permittee_s_license_type":"P","applicant_business_address":"69-43 76TH STREET","filing_representative_last_name":"OYOUBA","filing_representative_first_name":"AYMARD","filing_representative_business_name":"KORDUN CONSTRUCTION CORP","neighborhood_tabulation_area_nta_2020":"Mott Haven-Port Morris"},"geometry":{"type":"Point","coordinates":[-73.923295,40.812552]}},{"type":"Feature","properties":{"date":"2026-03-20T04:00:00.000Z","year":2026,"description":"NYCHA BOILER-CARVER_BLDG #5_Remove exist steam-fired domestic hot water heat exchanger. Remove & replace sump pump. Install new gas HWHs, storage tank, floor drains and sanitary lines, gas piping. Provide water connection w/ backflow preventer & eye wash.","metadescription":"Plumbing. NYCHA BOILER-CARVER_BLDG #5_Remove exist steam-fired domestic hot water heat exchanger. Remove & replace sump pump. Install new gas HWHs, storage tank, floor drains and sanitary lines, gas piping. Provide water connection w/ backflow preventer & eye wash.. Permit Issued. EAST  102 STREET","address":"EAST  102 STREET","bbl":"1016050024","lot":"24","c_b_no":"111","house_no":"60","approved_date":"2022 Aug 12 12:00:00 AM","filing_reason":"Renewal Permit Without Changes","work_on_floor":"Cellar, Mezzanine 1 through 1, Underground","community_board":"111","sequence_number":"3","tracking_number":"769968321","applicant_license":"001141","census_tract_2020":"168","job_filing_number":"M00559646-S1","applicant_last_name":"ROMAGNOLI","estimated_job_costs":"271839.54","owner_business_name":"NYCHA","applicant_first_name":"JAMES","applicant_middle_name":"A","applicant_business_name":"WDF INC","permittee_s_license_type":"P","applicant_business_address":"656 EAST 133RD STREET","filing_representative_last_name":"ALBANO","filing_representative_first_name":"AGOSTINO","filing_representative_business_name":"WDF INC","neighborhood_tabulation_area_nta_2020":"East Harlem (South)"},"geometry":{"type":"Point","coordinates":[-73.950864,40.790826]}},{"type":"Feature","properties":{"date":"2026-03-19T04:00:00.000Z","year":2026,"description":"PROVIDE NEW FIRE PROTECTION SYSTEM, SYSTEM SHALL INCLUDE WET SPRINKLER DISTRIBUTION, SPRINKLERS HEADS AND PIPING WITH HANGERS. PROVIDE WATER SERVICE CONNECTION TO THE EXISTING 8 CITY WATER MAIN AS REQUIRED BY DEP AND LOCAL AUTHORITY.","metadescription":"Sprinklers. PROVIDE NEW FIRE PROTECTION SYSTEM, SYSTEM SHALL INCLUDE WET SPRINKLER DISTRIBUTION, SPRINKLERS HEADS AND PIPING WITH HANGERS. PROVIDE WATER SERVICE CONNECTION TO THE EXISTING 8 CITY WATER MAIN AS REQUIRED BY DEP AND LOCAL AUTHORITY.. Permit Issued. EAST    7 STREET","address":"EAST    7 STREET","bbl":"3071330029","lot":"29","c_b_no":"315","house_no":"2212","approved_date":"2024 Sep 20 12:00:00 AM","filing_reason":"Initial Permit","work_on_floor":"Floor Number(s)-3-SO-7521-B00980401-I1, Floor Number(s)-1-SO-8926-B00980401-I1, Cellar-SO-5614-B00980401-I1, Floor Number(s)-2-SO-4376-B00980401-I1","community_board":"315","sequence_number":"1","tracking_number":"710437314","applicant_license":"000249","census_tract_2020":"392","job_filing_number":"B00980401-S1","applicant_last_name":"AUSLANDER","estimated_job_costs":"35750","owner_business_name":"PR","applicant_first_name":"IRA","applicant_business_name":"ARCO PLBG AND HTG INC","permittee_s_license_type":"F","applicant_business_address":"6717 4TH AVENUE","neighborhood_tabulation_area_nta_2020":"Gravesend (East)-Homecrest"},"geometry":{"type":"Point","coordinates":[-73.963858,40.59662]}},{"type":"Feature","properties":{"date":"2026-03-12T04:00:00.000Z","year":2026,"description":"NYCHA BOILER-CARVER_BLDG #5_Remove exist steam-fired domestic hot water heat exchanger. Remove & replace sump pump. Install new gas HWHs, storage tank, floor drains and sanitary lines, gas piping. Provide water connection w/ backflow preventer & eye wash.","metadescription":"Plumbing. NYCHA BOILER-CARVER_BLDG #5_Remove exist steam-fired domestic hot water heat exchanger. Remove & replace sump pump. Install new gas HWHs, storage tank, floor drains and sanitary lines, gas piping. Provide water connection w/ backflow preventer & eye wash.. Permit Issued. EAST  102 STREET","address":"EAST  102 STREET","bbl":"1016050024","lot":"24","c_b_no":"111","house_no":"60","approved_date":"2022 Aug 12 12:00:00 AM","filing_reason":"Renewal Permit Without Changes","work_on_floor":"Cellar, Mezzanine 1 through 1, Underground","community_board":"111","sequence_number":"2","tracking_number":"359367922","applicant_license":"001141","census_tract_2020":"168","job_filing_number":"M00559646-S1","applicant_last_name":"ROMAGNOLI","estimated_job_costs":"271839.54","owner_business_name":"NYCHA","applicant_first_name":"JAMES","applicant_middle_name":"A","applicant_business_name":"WDF INC","permittee_s_license_type":"P","applicant_business_address":"656 EAST 133RD STREET","filing_representative_last_name":"ALBANO","filing_representative_first_name":"AGOSTINO","filing_representative_business_name":"WDF INC","neighborhood_tabulation_area_nta_2020":"East Harlem (South)"},"geometry":{"type":"Point","coordinates":[-73.950864,40.790826]}},{"type":"Feature","properties":{"date":"2025-12-22T05:00:00.000Z","year":2025,"description":"Plumbing application for new HWH, drains, grease trap and water connection.","metadescription":"Plumbing. Plumbing application for new HWH, drains, grease trap and water connection.. Signed-off. FLUSHING AVENUE","address":"FLUSHING AVENUE","bbl":"3017200001","lot":"1","c_b_no":"303","house_no":"630","approved_date":"2025 Dec 05 12:00:00 AM","filing_reason":"Initial Permit","work_on_floor":"Floor Number(s) 001 through 002","community_board":"303","sequence_number":"1","tracking_number":"816342708","applicant_license":"001252","census_tract_2020":"257","job_filing_number":"B01323003-S1","applicant_last_name":"NOTO","estimated_job_costs":"12500","owner_business_name":"Not Applicable","applicant_first_name":"CALOGERO","applicant_business_name":"CN PLUMBING INC","permittee_s_license_type":"P","applicant_business_address":"59-41 LINDEN STREET","filing_representative_last_name":"R LALBIHARI","filing_representative_first_name":"BIBI","filing_representative_business_name":"JENNY FLORES EXPEDITING","neighborhood_tabulation_area_nta_2020":"Bedford-Stuyvesant (West)"},"geometry":{"type":"Point","coordinates":[-73.948449,40.699963]}},{"type":"Feature","properties":{"date":"2025-10-27T04:00:00.000Z","year":2025,"description":"The Alteration application is being filed for the plumbing work for the installation of new water connection with the RPZ backflow Preventer at the subject premises as per plans submitted herewith. There are no change in use, egress or occupancy.","metadescription":"Plumbing. The Alteration application is being filed for the plumbing work for the installation of new water connection with the RPZ backflow Preventer at the subject premises as per plans submitted herewith. There are no change in use, egress or occupancy.. Permit Issued. KENT AVENUE","address":"KENT AVENUE","bbl":"3021290004","lot":"4","c_b_no":"301","house_no":"413","approved_date":"2025 Aug 01 12:00:00 AM","filing_reason":"Initial Permit","work_on_floor":"Cellar, Floor Number(s) 001 through 001","community_board":"301","sequence_number":"1","tracking_number":"540548690","applicant_license":"002473","census_tract_2020":"549","job_filing_number":"B01154197-I1","applicant_last_name":"HORDIYCHUK","estimated_job_costs":"25000","owner_business_name":"Not Applicable","applicant_first_name":"VSEVOLOD","applicant_business_name":"NICE PLUMBING CORP","permittee_s_license_type":"P","applicant_business_address":"157 28 ST","filing_representative_last_name":"AGHAMALIYEV","filing_representative_first_name":"AMINA","filing_representative_business_name":"J CALLAHAN CONSULTING, INC.","neighborhood_tabulation_area_nta_2020":"Williamsburg"},"geometry":{"type":"Point","coordinates":[-73.968511,40.710365]}},{"type":"Feature","properties":{"date":"2025-10-22T04:00:00.000Z","year":2025,"description":"Connect to existing building water connection with new dedicated meter for water distribution. Connect new sanitary to existing sanitary lines. Distribute hot water from cellar hot water heater. Run gas to boiler plant on main building roof.","metadescription":"Plumbing. Connect to existing building water connection with new dedicated meter for water distribution. Connect new sanitary to existing sanitary lines. Distribute hot water from cellar hot water heater. Run gas to boiler plant on main building roof.. Permit Issued. 70 STREET","address":"70 STREET","bbl":"4024327502","lot":"7502","c_b_no":"402","house_no":"46-10","approved_date":"2022 Nov 08 12:00:00 AM","filing_reason":"Renewal Permit Without Changes","work_on_floor":"Cellar, Floor Number(s) 1 through 5","community_board":"402","sequence_number":"3","tracking_number":"975288864","applicant_license":"000161","census_tract_2020":"489","job_filing_number":"Q00639414-I1","applicant_last_name":"LEVINE","estimated_job_costs":"1762768","applicant_first_name":"LAWRENCE","applicant_middle_name":"J","applicant_business_name":"PAR PLUMBING CO., INC","permittee_s_license_type":"P","applicant_business_address":"101 PARK AVENUE LOWER LOBBY","neighborhood_tabulation_area_nta_2020":"Woodside"},"geometry":{"type":"Point","coordinates":[-73.894214,40.739613]}},{"type":"Feature","properties":{"date":"2025-10-01T04:00:00.000Z","year":2025,"description":"PROVIDE NEW FUNNEL DRAIN WITH WASTE, VENT AND TRAP PRIMER TO RECEIVE CONDENSATE AT MECHANICAL ROOM 2. PROVIDE NEW BACKFLOW PREVENTER AND MAKE UP WATER CONNECTION.","metadescription":"Plumbing. PROVIDE NEW FUNNEL DRAIN WITH WASTE, VENT AND TRAP PRIMER TO RECEIVE CONDENSATE AT MECHANICAL ROOM 2. PROVIDE NEW BACKFLOW PREVENTER AND MAKE UP WATER CONNECTION.. Permit Issued. CARROLL STREET","address":"CARROLL STREET","bbl":"3012890025","lot":"25","c_b_no":"309","house_no":"1150","approved_date":"2022 Nov 07 12:00:00 AM","filing_reason":"Initial Permit","work_on_floor":"Floor Number(s) 1 through 2","community_board":"309","sequence_number":"1","tracking_number":"598263292","applicant_license":"000840","census_tract_2020":"321","job_filing_number":"B08018297-S1","applicant_last_name":"BUTTERMARK","estimated_job_costs":"28000","owner_business_name":"DASNY","applicant_first_name":"LOUIS","applicant_middle_name":"J","applicant_business_name":"LOUIS L.BUTTERMARK & SONS","permittee_s_license_type":"P","applicant_business_address":"16 NEW DORP LANE","neighborhood_tabulation_area_nta_2020":"Crown Heights (South)"},"geometry":{"type":"Point","coordinates":[-73.952195,40.667253]}},{"type":"Feature","properties":{"date":"2025-09-18T04:00:00.000Z","year":2025,"description":"Remove beverage station and cut back cold water supply piping to location of new beverage station. Provide new cold water connection to beverage station.","metadescription":"Plumbing. Remove beverage station and cut back cold water supply piping to location of new beverage station. Provide new cold water connection to beverage station.. Permit Issued. EAST   92 STREET","address":"EAST   92 STREET","bbl":"1015717501","lot":"7501","c_b_no":"108","house_no":"410","approved_date":"2025 Sep 15 12:00:00 AM","filing_reason":"Initial Permit","work_on_floor":"Ground Floor","community_board":"108","sequence_number":"1","tracking_number":"269288919","applicant_license":"001380","census_tract_2020":"152","job_filing_number":"M01244867-S1","applicant_last_name":"FORTE","estimated_job_costs":"3250","owner_business_name":"SGVL Management","applicant_first_name":"ROBERT","applicant_business_name":"FORTE EXPRESS P & H INC","permittee_s_license_type":"P","applicant_business_address":"153 WEST 27TH STREET, 10TH FL","neighborhood_tabulation_area_nta_2020":"Upper East Side-Yorkville"},"geometry":{"type":"Point","coordinates":[-73.946119,40.780488]}},{"type":"Feature","properties":{"date":"2025-09-17T04:00:00.000Z","year":2025,"description":"Installation of new floor drains and associated piping. Remove and replace existing waste piping, Provide new cold water connection with RPZ for pool water, Provide new gas piping and gas connection to new mechanical equipment.","metadescription":"Plumbing. Installation of new floor drains and associated piping. Remove and replace existing waste piping, Provide new cold water connection with RPZ for pool water, Provide new gas piping and gas connection to new mechanical equipment.. Permit Issued. BOYNTON AVENUE","address":"BOYNTON AVENUE","bbl":"2038640001","lot":"1","c_b_no":"209","house_no":"1300","approved_date":"2022 Sep 23 12:00:00 AM","filing_reason":"Renewal Permit Without Changes","work_on_floor":"Cellar, Floor Number(s) 001 through 003, Roof","community_board":"209","sequence_number":"3","tracking_number":"626128923","applicant_license":"001841","census_tract_2020":"56","job_filing_number":"X00702754-S3","applicant_last_name":"MARULLO","estimated_job_costs":"176697.5","owner_business_name":"NYC SCA","applicant_first_name":"SALVATORE","applicant_business_name":"MAR-SAL PLBG & HTG, INC","permittee_s_license_type":"P","applicant_business_address":"101-11 97TH AVENUE","filing_representative_last_name":"SHEERAN","filing_representative_first_name":"DAVID","filing_representative_business_name":"D45 CONSULTING","neighborhood_tabulation_area_nta_2020":"Soundview-Bruckner-Bronx River"},"geometry":{"type":"Point","coordinates":[-73.878912,40.831601]}},{"type":"Feature","properties":{"date":"2025-07-15T04:00:00.000Z","year":2025,"description":"PROVIDE NEW EXTERIOR COMBINED WATER SERVICE CONNECTION, AND COMBINED SANITARY AND STORM WATER DISCHARGE SYSTEM IN NEW FOUR-STORY RESIDENTIAL BUILDING, IN CONJUNCTION WITH NB JOB# B01017487-I1","metadescription":"Plumbing. PROVIDE NEW EXTERIOR COMBINED WATER SERVICE CONNECTION, AND COMBINED SANITARY AND STORM WATER DISCHARGE SYSTEM IN NEW FOUR-STORY RESIDENTIAL BUILDING, IN CONJUNCTION WITH NB JOB# B01017487-I1. Signed-off. PROSPECT PLACE","address":"PROSPECT PLACE","bbl":"3012330019","lot":"19","c_b_no":"308","house_no":"736","approved_date":"2025 Jul 15 12:00:00 AM","filing_reason":"Initial Permit","work_on_floor":"Open Space","community_board":"308","sequence_number":"1","tracking_number":"227884137","applicant_license":"001892","census_tract_2020":"31701","job_filing_number":"B01078587-S1","applicant_last_name":"HUNG","estimated_job_costs":"13500","owner_business_name":"BNH CONSTRUCTION NY INC","applicant_first_name":"SIMON","applicant_business_name":"NYC MAINMAN CORP","permittee_s_license_type":"P","applicant_business_address":"32-37 62ND STREET","filing_representative_last_name":"HUNG","filing_representative_first_name":"SIMON","filing_representative_business_name":"QMB PLUMBING & HEATING INC","neighborhood_tabulation_area_nta_2020":"Crown Heights (North)"},"geometry":{"type":"Point","coordinates":[-73.952009,40.674411]}},{"type":"Feature","properties":{"date":"2025-07-15T04:00:00.000Z","year":2025,"description":"Associated plumbing filing for site drainage for garden with water connection for utility sink and water fountain. No changes to egress, occupancy or use.","metadescription":"Plumbing. Associated plumbing filing for site drainage for garden with water connection for utility sink and water fountain. No changes to egress, occupancy or use.. Signed-off. PAULDING AVENUE","address":"PAULDING AVENUE","bbl":"2047030001","lot":"1","c_b_no":"212","house_no":"3830","approved_date":"2025 May 09 12:00:00 AM","filing_reason":"Initial Permit","work_on_floor":"Open Space","community_board":"212","sequence_number":"1","tracking_number":"897124923","applicant_license":"001824","census_tract_2020":"398","job_filing_number":"X01204903-S1","applicant_last_name":"MICELI","estimated_job_costs":"85000","owner_business_name":"LAVELLE SCHOOL FOR THE BLIND","applicant_first_name":"PETER","applicant_middle_name":"J","applicant_business_name":"PETER MICELI PLUMBING","permittee_s_license_type":"P","applicant_business_address":"11-27 44TH ROAD","filing_representative_last_name":"CORTORREAL","filing_representative_first_name":"SAMUEL","filing_representative_business_name":"SAMSON BUILDING CONSULTANTS, LLC","neighborhood_tabulation_area_nta_2020":"Williamsbridge-Olinville"},"geometry":{"type":"Point","coordinates":[-73.854078,40.881685]}},{"type":"Feature","properties":{"date":"2025-06-25T04:00:00.000Z","year":2025,"description":"Connect to existing building water connection with new dedicated meter for water distribution. Connect new sanitary to existing sanitary lines. Distribute hot water from cellar hot water heater. Run gas to boiler plant on main building roof.","metadescription":"Plumbing. Connect to existing building water connection with new dedicated meter for water distribution. Connect new sanitary to existing sanitary lines. Distribute hot water from cellar hot water heater. Run gas to boiler plant on main building roof.. Permit Issued. 70 STREET","address":"70 STREET","bbl":"4024327502","lot":"7502","c_b_no":"402","house_no":"46-10","approved_date":"2022 Nov 08 12:00:00 AM","filing_reason":"Renewal Permit Without Changes","work_on_floor":"Cellar, Floor Number(s) 1 through 5","community_board":"402","sequence_number":"2","tracking_number":"358792072","applicant_license":"000161","census_tract_2020":"489","job_filing_number":"Q00639414-I1","applicant_last_name":"LEVINE","estimated_job_costs":"1762768","applicant_first_name":"LAWRENCE","applicant_middle_name":"J","applicant_business_name":"PAR PLUMBING CO., INC","permittee_s_license_type":"P","applicant_business_address":"101 PARK AVENUE LOWER LOBBY","neighborhood_tabulation_area_nta_2020":"Woodside"},"geometry":{"type":"Point","coordinates":[-73.894214,40.739613]}},{"type":"Feature","properties":{"date":"2025-06-04T04:00:00.000Z","year":2025,"description":"PL WORK IN CONJUNCTION WITH INT RENOVATION JOB B01119604-I1 AND CO JOB 322093756. DEMO BATHROOM, NEW PLUMBING FIXTURES FOR NEW BATHROOM, NEW SIAMESE CONNECTION, NEW FIRE WATER CONNECTION","metadescription":"Plumbing. PL WORK IN CONJUNCTION WITH INT RENOVATION JOB B01119604-I1 AND CO JOB 322093756. DEMO BATHROOM, NEW PLUMBING FIXTURES FOR NEW BATHROOM, NEW SIAMESE CONNECTION, NEW FIRE WATER CONNECTION. Signed-off. SOUTH    4 STREET","address":"SOUTH    4 STREET","bbl":"3024330030","lot":"30","c_b_no":"301","house_no":"237","approved_date":"2025 Jan 06 12:00:00 AM","filing_reason":"Initial Permit","work_on_floor":"Cellar, Floor Number(s) 001 through 001","community_board":"301","sequence_number":"1","tracking_number":"274021426","applicant_license":"001120","census_tract_2020":"523","job_filing_number":"B01162188-I1","applicant_last_name":"FISCHMAN","estimated_job_costs":"12000","owner_business_name":"PR","applicant_first_name":"MOSES","applicant_business_name":"ENYQ CORP","permittee_s_license_type":"P","applicant_business_address":"6202 17TH AVENUE","neighborhood_tabulation_area_nta_2020":"Williamsburg"},"geometry":{"type":"Point","coordinates":[-73.958757,40.710353]}},{"type":"Feature","properties":{"date":"2025-03-07T05:00:00.000Z","year":2025,"description":"Provide new sprinkler and plumbing system and water service connection in conjunction with NB #240277794","metadescription":"Sprinklers. Provide new sprinkler and plumbing system and water service connection in conjunction with NB #240277794. Signed-off. BARNES AVENUE","address":"BARNES AVENUE","lot":"25","c_b_no":"212","house_no":"3034","approved_date":"2021 Apr 21 12:00:00 AM","filing_reason":"Initial Permit","work_on_floor":"Cellar, Floor Number(s) 1 through 4, Roof","community_board":"212","sequence_number":"1","tracking_number":"923170061","applicant_license":"000476","census_tract_2020":"340","job_filing_number":"X00452370-I1","applicant_last_name":"HARRIS JR","estimated_job_costs":"1000","owner_business_name":"PR","applicant_first_name":"JOSEPH","applicant_middle_name":"C","applicant_business_name":"PRIME PIPING & HEATING IN","permittee_s_license_type":"F","applicant_business_address":"152-32 ROCKAWAY BLVD","neighborhood_tabulation_area_nta_2020":"Allerton"},"geometry":{"type":"Point","coordinates":[-73.86336,40.870111]}},{"type":"Feature","properties":{"date":"2025-03-07T05:00:00.000Z","year":2025,"description":"Provide new sprinkler and plumbing system and water service connection in conjunction with NB #240277794","metadescription":"Plumbing. Provide new sprinkler and plumbing system and water service connection in conjunction with NB #240277794. Signed-off. BARNES AVENUE","address":"BARNES AVENUE","lot":"25","c_b_no":"212","house_no":"3034","approved_date":"2021 Apr 21 12:00:00 AM","filing_reason":"Initial Permit","work_on_floor":"Cellar, Floor Number(s) 1 through 4, Roof","community_board":"212","sequence_number":"1","tracking_number":"923170061","applicant_license":"000476","census_tract_2020":"340","job_filing_number":"X00452370-I1","applicant_last_name":"HARRIS JR","estimated_job_costs":"1000","owner_business_name":"PR","applicant_first_name":"JOSEPH","applicant_middle_name":"C","applicant_business_name":"PRIME PIPING & HEATING IN","permittee_s_license_type":"F","applicant_business_address":"152-32 ROCKAWAY BLVD","neighborhood_tabulation_area_nta_2020":"Allerton"},"geometry":{"type":"Point","coordinates":[-73.86336,40.870111]}},{"type":"Feature","properties":{"date":"2025-03-03T05:00:00.000Z","year":2025,"description":"NYCHA BOILER_BLDG#4_Remove exist steam-fired DHWH exchanger. Remove and replace sump pump. Install new gas water heaters and storage tank, sump pumps, floor drains, and gas piping. Provide new water connection with backflow preventer and eye wash.","metadescription":"Plumbing. NYCHA BOILER_BLDG#4_Remove exist steam-fired DHWH exchanger. Remove and replace sump pump. Install new gas water heaters and storage tank, sump pumps, floor drains, and gas piping. Provide new water connection with backflow preventer and eye wash.. Permit Issued. ALEXANDER AVENUE","address":"ALEXANDER AVENUE","bbl":"2023040001","lot":"1","c_b_no":"201","house_no":"340","approved_date":"2022 Jan 05 12:00:00 AM","filing_reason":"Renewal Permit Without Changes","work_on_floor":"Cellar, Mezzanine 1 through 1, Open Space","community_board":"201","sequence_number":"2","tracking_number":"169742045","applicant_license":"001710","census_tract_2020":"41","job_filing_number":"X00480912-S4","applicant_last_name":"TURKALJ","estimated_job_costs":"206229","owner_business_name":"NYCHA","applicant_first_name":"IVAN","applicant_business_name":"KORDUN CONSTRUCTION CORP","permittee_s_license_type":"P","applicant_business_address":"69-43 76TH STREET","filing_representative_last_name":"OYOUBA","filing_representative_first_name":"AYMARD","filing_representative_business_name":"KORDUN CONSTRUCTION CORP","neighborhood_tabulation_area_nta_2020":"Mott Haven-Port Morris"},"geometry":{"type":"Point","coordinates":[-73.923295,40.812552]}},{"type":"Feature","properties":{"date":"2024-12-30T05:00:00.000Z","year":2024,"description":"NYCHA BOILER-CARVER_BLDG #5_Remove exist steam-fired domestic hot water heat exchanger. Remove & replace sump pump. Install new gas HWHs, storage tank, floor drains and sanitary lines, gas piping. Provide water connection w/ backflow preventer & eye wash.","metadescription":"Plumbing. NYCHA BOILER-CARVER_BLDG #5_Remove exist steam-fired domestic hot water heat exchanger. Remove & replace sump pump. Install new gas HWHs, storage tank, floor drains and sanitary lines, gas piping. Provide water connection w/ backflow preventer & eye wash.. Permit Issued. EAST  102 STREET","address":"EAST  102 STREET","bbl":"1016050024","lot":"24","c_b_no":"111","house_no":"60","approved_date":"2022 Aug 12 12:00:00 AM","filing_reason":"Initial Permit","work_on_floor":"Cellar, Mezzanine 1 through 1, Underground","community_board":"111","sequence_number":"1","tracking_number":"171395377","applicant_license":"001141","census_tract_2020":"168","job_filing_number":"M00559646-S1","applicant_last_name":"ROMAGNOLI","estimated_job_costs":"271839.54","owner_business_name":"NYCHA","applicant_first_name":"JAMES","applicant_middle_name":"A","applicant_business_name":"WDF INC","permittee_s_license_type":"P","applicant_business_address":"656 EAST 133RD STREET","filing_representative_last_name":"ALBANO","filing_representative_first_name":"AGOSTINO","filing_representative_business_name":"WDF INC","neighborhood_tabulation_area_nta_2020":"East Harlem (South)"},"geometry":{"type":"Point","coordinates":[-73.950864,40.790826]}},{"type":"Feature","properties":{"date":"2024-12-27T05:00:00.000Z","year":2024,"description":"HEREWITH FILING CIVIL SCOPE FOR THE INSTALLATION OF DOMESTIC WATER CONNECTION AS PER PLANS. NO CHANGE IN USE, EGRESS OR OCCUPANCY.","metadescription":"General Construction. HEREWITH FILING CIVIL SCOPE FOR THE INSTALLATION OF DOMESTIC WATER CONNECTION AS PER PLANS. NO CHANGE IN USE, EGRESS OR OCCUPANCY.. Signed-off. EAST  101 STREET","address":"EAST  101 STREET","bbl":"1016070003","lot":"3","c_b_no":"111","house_no":"3","approved_date":"2022 Dec 01 12:00:00 AM","filing_reason":"Renewal Permit Without Changes","work_on_floor":"Underground","community_board":"111","sequence_number":"5","tracking_number":"630959271","applicant_license":"622919","census_tract_2020":"168","job_filing_number":"M00499045-S2","applicant_last_name":"BUSH","estimated_job_costs":"100000","owner_business_name":"PR","applicant_first_name":"LAURA","applicant_business_name":"CONSIGLI CONSTRUCTION CO","permittee_s_license_type":"GC","applicant_business_address":"72 SUMNER STREET","filing_representative_last_name":"FABIANI","filing_representative_first_name":"JAYNE","filing_representative_business_name":"JAM CONSULTANTS, INC,","neighborhood_tabulation_area_nta_2020":"East Harlem (South)"},"geometry":{"type":"Point","coordinates":[-73.953146,40.790973]}},{"type":"Feature","properties":{"date":"2024-10-23T04:00:00.000Z","year":2024,"description":"Civil Site work for Storm, Water, and Sanitary water connection. No change of use, egress, or occupancy under this application.","metadescription":"Plumbing. Civil Site work for Storm, Water, and Sanitary water connection. No change of use, egress, or occupancy under this application.. Signed-off. BATTERY PLACE","address":"BATTERY PLACE","bbl":"1000160003","lot":"3","c_b_no":"101","house_no":"20","approved_date":"2023 Apr 04 12:00:00 AM","filing_reason":"Renewal Permit with Changes","work_on_floor":"Open Space","community_board":"101","sequence_number":"3","tracking_number":"862429582","applicant_license":"002176","census_tract_2020":"31704","job_filing_number":"M00808860-I1","applicant_last_name":"WILLIAMS","estimated_job_costs":"500000","owner_business_name":"BATTERY PARK CITY AUTHORITY","applicant_first_name":"MICHAEL","applicant_middle_name":"T","applicant_business_name":"CIVETTA MECHANICAL, LLC","permittee_s_license_type":"P","applicant_business_address":"732 GARRISON AVENUE","filing_representative_last_name":"PHAGOO","filing_representative_first_name":"JOEL","filing_representative_business_name":"JOEL PHAGOO P.E. PLLC","neighborhood_tabulation_area_nta_2020":"Financial District-Battery Park City"},"geometry":{"type":"Point","coordinates":[-74.01772,40.705136]}},{"type":"Feature","properties":{"date":"2024-10-08T04:00:00.000Z","year":2024,"description":"Provide new sprinkler and plumbing system and water service connection in conjunction with NB #240277794","metadescription":"Sprinklers. Provide new sprinkler and plumbing system and water service connection in conjunction with NB #240277794. Permit Issued. BARNES AVENUE","address":"BARNES AVENUE","lot":"25","c_b_no":"212","house_no":"3034","approved_date":"2021 Apr 21 12:00:00 AM","filing_reason":"Initial Permit","work_on_floor":"Cellar, Floor Number(s) 1 through 4, Roof","community_board":"212","sequence_number":"1","tracking_number":"688199893","applicant_license":"002286","census_tract_2020":"340","job_filing_number":"X00452370-I1","applicant_last_name":"LEWIS","estimated_job_costs":"1000","owner_business_name":"PR","applicant_first_name":"HORACE","applicant_middle_name":"M","applicant_business_name":"HORBRIDGE PLUMBING & HEAT","permittee_s_license_type":"P","applicant_business_address":"79 BRIDGE STREET","neighborhood_tabulation_area_nta_2020":"Allerton"},"geometry":{"type":"Point","coordinates":[-73.86336,40.870111]}},{"type":"Feature","properties":{"date":"2024-10-08T04:00:00.000Z","year":2024,"description":"Provide new sprinkler and plumbing system and water service connection in conjunction with NB #240277794","metadescription":"Plumbing. Provide new sprinkler and plumbing system and water service connection in conjunction with NB #240277794. Permit Issued. BARNES AVENUE","address":"BARNES AVENUE","lot":"25","c_b_no":"212","house_no":"3034","approved_date":"2021 Apr 21 12:00:00 AM","filing_reason":"Initial Permit","work_on_floor":"Cellar, Floor Number(s) 1 through 4, Roof","community_board":"212","sequence_number":"1","tracking_number":"688199893","applicant_license":"002286","census_tract_2020":"340","job_filing_number":"X00452370-I1","applicant_last_name":"LEWIS","estimated_job_costs":"1000","owner_business_name":"PR","applicant_first_name":"HORACE","applicant_middle_name":"M","applicant_business_name":"HORBRIDGE PLUMBING & HEAT","permittee_s_license_type":"P","applicant_business_address":"79 BRIDGE STREET","neighborhood_tabulation_area_nta_2020":"Allerton"},"geometry":{"type":"Point","coordinates":[-73.86336,40.870111]}},{"type":"Feature","properties":{"date":"2024-10-04T04:00:00.000Z","year":2024,"description":"Provide new fire protection system, System shall include wet sprinkler distribution, sprinkler heads and piping with hangers. provide water service connection to existing 8 City Main as required by DEP and local authority.","metadescription":"Sprinklers. Provide new fire protection system, System shall include wet sprinkler distribution, sprinkler heads and piping with hangers. provide water service connection to existing 8 City Main as required by DEP and local authority.. Signed-off. EAST    5 STREET","address":"EAST    5 STREET","bbl":"3071560040","lot":"40","c_b_no":"315","house_no":"2326","approved_date":"2023 May 03 12:00:00 AM","filing_reason":"Renewal Permit Without Changes","work_on_floor":"Cellar-SO-4200-B00727376-I1, Attic-SO-2891-B00727376-I1, Floor Number(s)-1-SO-1767-B00727376-I1, Floor Number(s)-2-SO-4410-B00727376-I1","community_board":"315","sequence_number":"2","tracking_number":"842080533","applicant_license":"001070","census_tract_2020":"390","job_filing_number":"B00727376-S2","applicant_last_name":"VALENTI","estimated_job_costs":"33750","owner_business_name":"PR","applicant_first_name":"GARY","applicant_business_name":"FIVE BOROUGH FP, INC","permittee_s_license_type":"F","applicant_business_address":"121-06 22ND AVENUE","neighborhood_tabulation_area_nta_2020":"Gravesend (East)-Homecrest"},"geometry":{"type":"Point","coordinates":[-73.966096,40.593642]}},{"type":"Feature","properties":{"date":"2024-09-19T04:00:00.000Z","year":2024,"description":"Installation of new floor drains and associated piping. Remove and replace existing waste piping, Provide new cold water connection with RPZ for pool water, Provide new gas piping and gas connection to new mechanical equipment.","metadescription":"Plumbing. Installation of new floor drains and associated piping. Remove and replace existing waste piping, Provide new cold water connection with RPZ for pool water, Provide new gas piping and gas connection to new mechanical equipment.. Permit Issued. BOYNTON AVENUE","address":"BOYNTON AVENUE","bbl":"2038640001","lot":"1","c_b_no":"209","house_no":"1300","approved_date":"2022 Sep 23 12:00:00 AM","filing_reason":"Renewal Permit Without Changes","work_on_floor":"Cellar, Floor Number(s) 001 through 003, Roof","community_board":"209","sequence_number":"2","tracking_number":"898688890","applicant_license":"001841","census_tract_2020":"56","job_filing_number":"X00702754-S3","applicant_last_name":"MARULLO","estimated_job_costs":"176697.5","owner_business_name":"NYC SCA","applicant_first_name":"SALVATORE","applicant_business_name":"MAR-SAL PLBG & HTG, INC","permittee_s_license_type":"P","applicant_business_address":"101-11 97TH AVENUE","filing_representative_last_name":"SHEERAN","filing_representative_first_name":"DAVID","filing_representative_business_name":"D45 CONSULTING","neighborhood_tabulation_area_nta_2020":"Soundview-Bruckner-Bronx River"},"geometry":{"type":"Point","coordinates":[-73.878912,40.831601]}},{"type":"Feature","properties":{"date":"2024-09-13T04:00:00.000Z","year":2024,"description":"HEREWITH FILING CIVIL SCOPE FOR THE INSTALLATION OF DOMESTIC WATER CONNECTION AS PER PLANS. NO CHANGE IN USE, EGRESS OR OCCUPANCY.","metadescription":"General Construction. HEREWITH FILING CIVIL SCOPE FOR THE INSTALLATION OF DOMESTIC WATER CONNECTION AS PER PLANS. NO CHANGE IN USE, EGRESS OR OCCUPANCY.. Signed-off. EAST  101 STREET","address":"EAST  101 STREET","bbl":"1016070003","lot":"3","c_b_no":"111","house_no":"3","approved_date":"2022 Dec 01 12:00:00 AM","filing_reason":"Renewal Permit with Changes","work_on_floor":"Underground","community_board":"111","sequence_number":"4","tracking_number":"451140030","applicant_license":"622919","census_tract_2020":"168","job_filing_number":"M00499045-S2","applicant_last_name":"BUSH","estimated_job_costs":"100000","owner_business_name":"PR","applicant_first_name":"LAURA","applicant_business_name":"CONSIGLI CONSTRUCTION CO","permittee_s_license_type":"GC","applicant_business_address":"72 SUMNER STREET","filing_representative_last_name":"FABIANI","filing_representative_first_name":"JAYNE","filing_representative_business_name":"JAM CONSULTANTS, INC,","neighborhood_tabulation_area_nta_2020":"East Harlem (South)"},"geometry":{"type":"Point","coordinates":[-73.953146,40.790973]}},{"type":"Feature","properties":{"date":"2024-08-15T04:00:00.000Z","year":2024,"description":"HEREWITH FILING CIVIL SCOPE FOR THE INSTALLATION OF DOMESTIC WATER CONNECTION AS PER PLANS. NO CHANGE IN USE, EGRESS OR OCCUPANCY.","metadescription":"General Construction. HEREWITH FILING CIVIL SCOPE FOR THE INSTALLATION OF DOMESTIC WATER CONNECTION AS PER PLANS. NO CHANGE IN USE, EGRESS OR OCCUPANCY.. Signed-off. EAST  101 STREET","address":"EAST  101 STREET","bbl":"1016070003","lot":"3","c_b_no":"111","house_no":"3","approved_date":"2022 Dec 01 12:00:00 AM","filing_reason":"Renewal Permit with Changes","work_on_floor":"Underground","community_board":"111","sequence_number":"3","tracking_number":"683512904","applicant_license":"016836","census_tract_2020":"168","job_filing_number":"M00499045-S2","applicant_last_name":"SOMMER","estimated_job_costs":"100000","owner_business_name":"PR","applicant_first_name":"STEVEN","applicant_business_name":"LENDLEASE(US)CONSTRUCTION","permittee_s_license_type":"GC","applicant_business_address":"200 PARK AVENUE, 9TH FLOOR","filing_representative_last_name":"SEPULVEDA","filing_representative_first_name":"ALEJANDRA","filing_representative_business_name":"OUTSOURCE CONSULTANTS INC","neighborhood_tabulation_area_nta_2020":"East Harlem (South)"},"geometry":{"type":"Point","coordinates":[-73.953146,40.790973]}},{"type":"Feature","properties":{"date":"2024-08-05T04:00:00.000Z","year":2024,"description":"DOMESTIC WATER CONNECTION FOR STEAM TO DOMESTIC HOT WATER HEAT EXCHANGERS.","metadescription":"Plumbing. DOMESTIC WATER CONNECTION FOR STEAM TO DOMESTIC HOT WATER HEAT EXCHANGERS.. Signed-off. FIFTH AVENUE","address":"FIFTH AVENUE","bbl":"1014950004","lot":"4","c_b_no":"108","house_no":"1025","approved_date":"2024 Jul 25 12:00:00 AM","filing_reason":"Initial Permit","work_on_floor":"Cellar","community_board":"108","sequence_number":"1","tracking_number":"356979608","applicant_license":"001793","census_tract_2020":"142","job_filing_number":"M01083129-S1","applicant_last_name":"SHLESINGER","estimated_job_costs":"236500","owner_business_name":"PR","applicant_first_name":"RUDOLPH","applicant_business_name":"NY CITY PLUMBER CORP","permittee_s_license_type":"P","applicant_business_address":"244 5TH AVENUE SUITE H271","neighborhood_tabulation_area_nta_2020":"Upper East Side-Carnegie Hill"},"geometry":{"type":"Point","coordinates":[-73.96156,40.77995]}},{"type":"Feature","properties":{"date":"2024-07-25T04:00:00.000Z","year":2024,"description":"Connect to existing building water connection with new dedicated meter for water distribution. Connect new sanitary to existing sanitary lines. Distribute hot water from cellar hot water heater. Run gas to boiler plant on main building roof.","metadescription":"Plumbing. Connect to existing building water connection with new dedicated meter for water distribution. Connect new sanitary to existing sanitary lines. Distribute hot water from cellar hot water heater. Run gas to boiler plant on main building roof.. Permit Issued. 70 STREET","address":"70 STREET","bbl":"4024327502","lot":"7502","c_b_no":"402","house_no":"46-10","approved_date":"2022 Nov 08 12:00:00 AM","filing_reason":"Initial Permit","work_on_floor":"Cellar, Floor Number(s) 1 through 5","community_board":"402","sequence_number":"1","tracking_number":"917909105","applicant_license":"000161","census_tract_2020":"489","job_filing_number":"Q00639414-I1","applicant_last_name":"LEVINE","estimated_job_costs":"1762768","applicant_first_name":"LAWRENCE","applicant_middle_name":"J","applicant_business_name":"PAR PLUMBING CO., INC","permittee_s_license_type":"P","applicant_business_address":"101 PARK AVENUE LOWER LOBBY","neighborhood_tabulation_area_nta_2020":"Woodside"},"geometry":{"type":"Point","coordinates":[-73.894214,40.739613]}},{"type":"Feature","properties":{"date":"2024-05-20T04:00:00.000Z","year":2024,"description":"INSTALLATION OF SPRINKLER SYSTEM AS PER PLAN, WATER SERVICE CONNECTION FILED UNDER M00872314. CAP AND REMOVE (36) EXISTING HEADS RUNNING OFF EXISTING SIAMESE CONNECTION. NO CHANGE TO USE, EGRESS OR OCCUPANCY UNDER THIS APPLICATION.","metadescription":"Sprinklers. INSTALLATION OF SPRINKLER SYSTEM AS PER PLAN, WATER SERVICE CONNECTION FILED UNDER M00872314. CAP AND REMOVE (36) EXISTING HEADS RUNNING OFF EXISTING SIAMESE CONNECTION. NO CHANGE TO USE, EGRESS OR OCCUPANCY UNDER THIS APPLICATION.. Signed-off. BROADWAY","address":"BROADWAY","bbl":"1008490068","lot":"68","c_b_no":"105","house_no":"913","approved_date":"2024 May 17 12:00:00 AM","filing_reason":"Initial Permit","work_on_floor":"Cellar, Floor Number(s) 001 through 001","community_board":"105","sequence_number":"1","tracking_number":"553393905","applicant_license":"000161","census_tract_2020":"52","job_filing_number":"M01043209-I1","applicant_last_name":"CAIAZZO","estimated_job_costs":"19000","owner_business_name":"PR","applicant_first_name":"ANTHONY","applicant_business_name":"J. CAIAZZO PLBG & HTG COR","permittee_s_license_type":"F","applicant_business_address":"1381 UTICA AVENUE","filing_representative_last_name":"MCKEVENY","filing_representative_first_name":"THOMAS","filing_representative_business_name":"RIP CC INC","neighborhood_tabulation_area_nta_2020":"Midtown South-Flatiron-Union Square"},"geometry":{"type":"Point","coordinates":[-73.989669,40.739584]}},{"type":"Feature","properties":{"date":"2024-05-07T04:00:00.000Z","year":2024,"description":"Provide new sprinkler and plumbing system and water service connection in conjunction with NB #240289923","metadescription":"Sprinklers. Provide new sprinkler and plumbing system and water service connection in conjunction with NB #240289923. Signed-off. VYSE AVENUE","address":"VYSE AVENUE","bbl":"2031270025","lot":"25","c_b_no":"206","house_no":"2011","approved_date":"2021 Sep 09 12:00:00 AM","filing_reason":"Renewal Permit Without Changes","work_on_floor":"Cellar, Floor Number(s) 001 through 006, Roof","community_board":"206","sequence_number":"2","tracking_number":"387227377","applicant_license":"002145","census_tract_2020":"363","job_filing_number":"X00497068-I1","applicant_last_name":"ESCURRA","estimated_job_costs":"1000","owner_business_name":"PR","applicant_first_name":"ALDO","applicant_business_name":"INFINITI ESC PLUMBING COR","permittee_s_license_type":"P","applicant_business_address":"220-29 HEMPSTEAD AVENUE","neighborhood_tabulation_area_nta_2020":"West Farms"},"geometry":{"type":"Point","coordinates":[-73.8819,40.842322]}},{"type":"Feature","properties":{"date":"2024-05-07T04:00:00.000Z","year":2024,"description":"Provide new sprinkler and plumbing system and water service connection in conjunction with NB #240289923","metadescription":"Plumbing. Provide new sprinkler and plumbing system and water service connection in conjunction with NB #240289923. Signed-off. VYSE AVENUE","address":"VYSE AVENUE","bbl":"2031270025","lot":"25","c_b_no":"206","house_no":"2011","approved_date":"2021 Sep 09 12:00:00 AM","filing_reason":"Renewal Permit Without Changes","work_on_floor":"Cellar, Floor Number(s) 001 through 006, Roof","community_board":"206","sequence_number":"2","tracking_number":"387227377","applicant_license":"002145","census_tract_2020":"363","job_filing_number":"X00497068-I1","applicant_last_name":"ESCURRA","estimated_job_costs":"1000","owner_business_name":"PR","applicant_first_name":"ALDO","applicant_business_name":"INFINITI ESC PLUMBING COR","permittee_s_license_type":"P","applicant_business_address":"220-29 HEMPSTEAD AVENUE","neighborhood_tabulation_area_nta_2020":"West Farms"},"geometry":{"type":"Point","coordinates":[-73.8819,40.842322]}},{"type":"Feature","properties":{"date":"2024-04-17T04:00:00.000Z","year":2024,"description":"Civil Site work for Storm, Water, and Sanitary water connection. No change of use, egress, or occupancy under this application.","metadescription":"Plumbing. Civil Site work for Storm, Water, and Sanitary water connection. No change of use, egress, or occupancy under this application.. Signed-off. BATTERY PLACE","address":"BATTERY PLACE","bbl":"1000160003","lot":"3","c_b_no":"101","house_no":"20","approved_date":"2023 Apr 04 12:00:00 AM","filing_reason":"Renewal Permit Without Changes","work_on_floor":"Open Space","community_board":"101","sequence_number":"2","tracking_number":"614823913","applicant_license":"000161","census_tract_2020":"31704","job_filing_number":"M00808860-I1","applicant_last_name":"LEVINE","estimated_job_costs":"500000","owner_business_name":"BATTERY PARK CITY AUTHORITY","applicant_first_name":"LAWRENCE J","applicant_business_name":"PAR PLUMBING CO., INC","permittee_s_license_type":"P","applicant_business_address":"101 PARK AVENUE LOWER LOBBY","neighborhood_tabulation_area_nta_2020":"Financial District-Battery Park City"},"geometry":{"type":"Point","coordinates":[-74.01772,40.705136]}},{"type":"Feature","properties":{"date":"2024-03-18T04:00:00.000Z","year":2024,"description":"All plumbing systems required for new car dealership building.  New storm drainage to connect to the storm sewer. New sanitary sewer connection with a new house trap. New gas connection for building heating systems.  New domestic water connection","metadescription":"Plumbing. All plumbing systems required for new car dealership building.  New storm drainage to connect to the storm sewer. New sanitary sewer connection with a new house trap. New gas connection for building heating systems.  New domestic water connection. Permit Issued. NORTHERN BOULEVARD","address":"NORTHERN BOULEVARD","lot":"500","c_b_no":"401","house_no":"44-16","approved_date":"2023 Mar 16 12:00:00 AM","filing_reason":"Renewal Permit with Changes","work_on_floor":"Floor Number(s)-2-SO-7384-Q00649860-I1, Floor Number(s)-2-SO-7384-Q00649860-I1, Roof, Underground","community_board":"401","sequence_number":"3","tracking_number":"566481860","applicant_license":"000161","census_tract_2020":"17102","job_filing_number":"Q00649860-S4","applicant_last_name":"LEVINE","estimated_job_costs":"1000","owner_business_name":"ARGONAUT HOLDINGS, LLC","applicant_first_name":"LAWRENCE J","applicant_business_name":"PAR PLUMBING CO., INC","permittee_s_license_type":"P","applicant_business_address":"101 PARK AVENUE LOWER LOBBY","filing_representative_last_name":"STROUSE","filing_representative_first_name":"PATRICIA","filing_representative_business_name":"AWS PLUMBIN HEATING & AC","neighborhood_tabulation_area_nta_2020":"Sunnyside Yards (North)"},"geometry":{"type":"Point","coordinates":[-73.91858,40.753686]}},{"type":"Feature","properties":{"date":"2024-03-13T04:00:00.000Z","year":2024,"description":"Provide new sprinkler and plumbing system and water service connection in conjunction with NB #240289923","metadescription":"Sprinklers. Provide new sprinkler and plumbing system and water service connection in conjunction with NB #240289923. Signed-off. VYSE AVENUE","address":"VYSE AVENUE","bbl":"2031270025","lot":"25","c_b_no":"206","house_no":"2011","approved_date":"2021 Sep 09 12:00:00 AM","filing_reason":"Renewal Permit Without Changes","work_on_floor":"Cellar, Floor Number(s) 001 through 006, Roof","community_board":"206","sequence_number":"2","tracking_number":"798685551","applicant_license":"000858","census_tract_2020":"363","job_filing_number":"X00497068-I1","applicant_last_name":"LOVETRO","estimated_job_costs":"1000","owner_business_name":"PR","applicant_first_name":"SCOTT","applicant_business_name":"GO PRO FIRE PROTECTION C","permittee_s_license_type":"F","applicant_business_address":"20-35 STEINWAY STREET","filing_representative_last_name":"AFROZ","filing_representative_first_name":"RUKHSANA","filing_representative_business_name":"R & H DRUMMOND EXP INC","neighborhood_tabulation_area_nta_2020":"West Farms"},"geometry":{"type":"Point","coordinates":[-73.8819,40.842322]}},{"type":"Feature","properties":{"date":"2024-03-13T04:00:00.000Z","year":2024,"description":"Provide new sprinkler and plumbing system and water service connection in conjunction with NB #240289923","metadescription":"Plumbing. Provide new sprinkler and plumbing system and water service connection in conjunction with NB #240289923. Signed-off. VYSE AVENUE","address":"VYSE AVENUE","bbl":"2031270025","lot":"25","c_b_no":"206","house_no":"2011","approved_date":"2021 Sep 09 12:00:00 AM","filing_reason":"Renewal Permit Without Changes","work_on_floor":"Cellar, Floor Number(s) 001 through 006, Roof","community_board":"206","sequence_number":"2","tracking_number":"798685551","applicant_license":"000858","census_tract_2020":"363","job_filing_number":"X00497068-I1","applicant_last_name":"LOVETRO","estimated_job_costs":"1000","owner_business_name":"PR","applicant_first_name":"SCOTT","applicant_business_name":"GO PRO FIRE PROTECTION C","permittee_s_license_type":"F","applicant_business_address":"20-35 STEINWAY STREET","filing_representative_last_name":"AFROZ","filing_representative_first_name":"RUKHSANA","filing_representative_business_name":"R & H DRUMMOND EXP INC","neighborhood_tabulation_area_nta_2020":"West Farms"},"geometry":{"type":"Point","coordinates":[-73.8819,40.842322]}},{"type":"Feature","properties":{"date":"2024-03-11T04:00:00.000Z","year":2024,"description":"All plumbing systems required for new car dealership building.  New storm drainage to connect to the storm sewer. New sanitary sewer connection with a new house trap. New gas connection for building heating systems.  New domestic water connection","metadescription":"Plumbing. All plumbing systems required for new car dealership building.  New storm drainage to connect to the storm sewer. New sanitary sewer connection with a new house trap. New gas connection for building heating systems.  New domestic water connection. Permit Issued. NORTHERN BOULEVARD","address":"NORTHERN BOULEVARD","lot":"500","c_b_no":"401","house_no":"44-16","approved_date":"2023 Mar 16 12:00:00 AM","filing_reason":"Renewal Permit Without Changes","work_on_floor":"Floor Number(s)-2-SO-7384-Q00649860-I1, Floor Number(s)-2-SO-7384-Q00649860-I1, Roof, Underground","community_board":"401","sequence_number":"2","tracking_number":"119256423","applicant_license":"002458","census_tract_2020":"17102","job_filing_number":"Q00649860-S4","applicant_last_name":"BLAU","estimated_job_costs":"1000","owner_business_name":"ARGONAUT HOLDINGS, LLC","applicant_first_name":"ROBERT","applicant_business_name":"LIPSKY & ROSENTHAL, INC","permittee_s_license_type":"P","applicant_business_address":"101 PARK AVENUE","filing_representative_last_name":"STROUSE","filing_representative_first_name":"PATRICIA","filing_representative_business_name":"AWS PLUMBIN HEATING & AC","neighborhood_tabulation_area_nta_2020":"Sunnyside Yards (North)"},"geometry":{"type":"Point","coordinates":[-73.91858,40.753686]}},{"type":"Feature","properties":{"date":"2024-01-24T05:00:00.000Z","year":2024,"description":"NYCHA BOILER_BLDG#4_Remove exist steam-fired DHWH exchanger. Remove and replace sump pump. Install new gas water heaters and storage tank, sump pumps, floor drains, and gas piping. Provide new water connection with backflow preventer and eye wash.","metadescription":"Plumbing. NYCHA BOILER_BLDG#4_Remove exist steam-fired DHWH exchanger. Remove and replace sump pump. Install new gas water heaters and storage tank, sump pumps, floor drains, and gas piping. Provide new water connection with backflow preventer and eye wash.. Permit Issued. ALEXANDER AVENUE","address":"ALEXANDER AVENUE","bbl":"2023040001","lot":"1","c_b_no":"201","house_no":"340","approved_date":"2022 Jan 05 12:00:00 AM","filing_reason":"Initial Permit","work_on_floor":"Cellar, Mezzanine 1 through 1, Open Space","community_board":"201","sequence_number":"1","tracking_number":"969221372","applicant_license":"001710","census_tract_2020":"41","job_filing_number":"X00480912-S4","applicant_last_name":"TURKALJ","estimated_job_costs":"206229","owner_business_name":"NYCHA","applicant_first_name":"IVAN","applicant_business_name":"KORDUN CONSTRUCTION CORP","permittee_s_license_type":"P","applicant_business_address":"69-43 76TH STREET","filing_representative_last_name":"OYOUBA","filing_representative_first_name":"AYMARD","filing_representative_business_name":"KORDUN CONSTRUCTION CORP","neighborhood_tabulation_area_nta_2020":"Mott Haven-Port Morris"},"geometry":{"type":"Point","coordinates":[-73.923295,40.812552]}},{"type":"Feature","properties":{"date":"2024-01-02T05:00:00.000Z","year":2024,"description":"HEREWITH FILING CIVIL SCOPE FOR THE INSTALLATION OF DOMESTIC WATER CONNECTION AS PER PLANS. NO CHANGE IN USE, EGRESS OR OCCUPANCY.","metadescription":"General Construction. HEREWITH FILING CIVIL SCOPE FOR THE INSTALLATION OF DOMESTIC WATER CONNECTION AS PER PLANS. NO CHANGE IN USE, EGRESS OR OCCUPANCY.. Signed-off. EAST  101 STREET","address":"EAST  101 STREET","bbl":"1016070003","lot":"3","c_b_no":"111","house_no":"3","approved_date":"2022 Dec 01 12:00:00 AM","filing_reason":"Renewal Permit Without Changes","work_on_floor":"Underground","community_board":"111","sequence_number":"2","tracking_number":"166664411","applicant_license":"016836","census_tract_2020":"168","job_filing_number":"M00499045-S2","applicant_last_name":"SOMMER","estimated_job_costs":"100000","owner_business_name":"PR","applicant_first_name":"STEVEN","applicant_business_name":"LENDLEASE(US)CONSTRUCTION","permittee_s_license_type":"GC","applicant_business_address":"200 PARK AVENUE, 9TH FLOOR","filing_representative_last_name":"SEPULVEDA","filing_representative_first_name":"ALEJANDRA","filing_representative_business_name":"OUTSOURCE CONSULTANTS INC","neighborhood_tabulation_area_nta_2020":"East Harlem (South)"},"geometry":{"type":"Point","coordinates":[-73.953146,40.790973]}},{"type":"Feature","properties":{"date":"2023-12-13T05:00:00.000Z","year":2023,"description":"Installation plumbing fixtures on floor plans and domestic cold water connection to existig main with (2) new electric hot water heaters. Relocation of 55 SP heads per plans. Application filed in conjunction with X00943332-I1 (GC) and X00943332-S1 (MS).","metadescription":"Plumbing. Installation plumbing fixtures on floor plans and domestic cold water connection to existig main with (2) new electric hot water heaters. Relocation of 55 SP heads per plans. Application filed in conjunction with X00943332-I1 (GC) and X00943332-S1 (MS).. Signed-off. WATERS PLACE","address":"WATERS PLACE","bbl":"2042267501","lot":"7501","c_b_no":"211","house_no":"1250","approved_date":"2023 Oct 25 12:00:00 AM","filing_reason":"Initial Permit","work_on_floor":"Floor Number(s) 8 through 8","community_board":"211","sequence_number":"1","tracking_number":"406193339","applicant_license":"001836","census_tract_2020":"284","job_filing_number":"X00943332-S2","applicant_last_name":"TRUOCCOLO","estimated_job_costs":"250000","owner_business_name":"PR","applicant_first_name":"JAMES","applicant_business_name":"ALESSANDRO PLUMBING, INC","permittee_s_license_type":"P","applicant_business_address":"3319 MERRITT AVENUE","filing_representative_last_name":"CONTILLO","filing_representative_first_name":"MICHAEL","filing_representative_business_name":"LIBERTY MECHANICAL CONTRACTORS, LLC","neighborhood_tabulation_area_nta_2020":"Hutchinson Metro Center"},"geometry":{"type":"Point","coordinates":[-73.839576,40.852141]}},{"type":"Feature","properties":{"date":"2023-12-13T05:00:00.000Z","year":2023,"description":"Installation plumbing fixtures on floor plans and domestic cold water connection to existig main with (2) new electric hot water heaters. Relocation of 55 SP heads per plans. Application filed in conjunction with X00943332-I1 (GC) and X00943332-S1 (MS).","metadescription":"Sprinklers. Installation plumbing fixtures on floor plans and domestic cold water connection to existig main with (2) new electric hot water heaters. Relocation of 55 SP heads per plans. Application filed in conjunction with X00943332-I1 (GC) and X00943332-S1 (MS).. Signed-off. WATERS PLACE","address":"WATERS PLACE","bbl":"2042267501","lot":"7501","c_b_no":"211","house_no":"1250","approved_date":"2023 Oct 25 12:00:00 AM","filing_reason":"Initial Permit","work_on_floor":"Floor Number(s) 8 through 8","community_board":"211","sequence_number":"1","tracking_number":"406193339","applicant_license":"001836","census_tract_2020":"284","job_filing_number":"X00943332-S2","applicant_last_name":"TRUOCCOLO","estimated_job_costs":"250000","owner_business_name":"PR","applicant_first_name":"JAMES","applicant_business_name":"ALESSANDRO PLUMBING, INC","permittee_s_license_type":"P","applicant_business_address":"3319 MERRITT AVENUE","filing_representative_last_name":"CONTILLO","filing_representative_first_name":"MICHAEL","filing_representative_business_name":"LIBERTY MECHANICAL CONTRACTORS, LLC","neighborhood_tabulation_area_nta_2020":"Hutchinson Metro Center"},"geometry":{"type":"Point","coordinates":[-73.839576,40.852141]}},{"type":"Feature","properties":{"date":"2023-12-13T05:00:00.000Z","year":2023,"description":"Installation plumbing fixtures on floor plans and domestic cold water connection to existig main with (2) new electric hot water heaters. Relocation of 55 SP heads per plans. Application filed in conjunction with X00943332-I1 (GC) and X00943332-S1 (MS).","metadescription":"Sprinklers. Installation plumbing fixtures on floor plans and domestic cold water connection to existig main with (2) new electric hot water heaters. Relocation of 55 SP heads per plans. Application filed in conjunction with X00943332-I1 (GC) and X00943332-S1 (MS).. Signed-off. WATERS PLACE","address":"WATERS PLACE","bbl":"2042267501","lot":"7501","c_b_no":"211","house_no":"1250","approved_date":"2023 Oct 25 12:00:00 AM","filing_reason":"Initial Permit","work_on_floor":"Floor Number(s) 8 through 8","community_board":"211","sequence_number":"1","tracking_number":"868135520","applicant_license":"000802","census_tract_2020":"284","job_filing_number":"X00943332-S2","applicant_last_name":"TRUOCCOLO","estimated_job_costs":"250000","owner_business_name":"PR","applicant_first_name":"JAMES","applicant_business_name":"ALESSANDRO PLUMBING, INC","permittee_s_license_type":"F","applicant_business_address":"3319 MERRITT AVENUE","filing_representative_last_name":"CONTILLO","filing_representative_first_name":"MICHAEL","filing_representative_business_name":"LIBERTY MECHANICAL CONTRACTORS, LLC","neighborhood_tabulation_area_nta_2020":"Hutchinson Metro Center"},"geometry":{"type":"Point","coordinates":[-73.839576,40.852141]}},{"type":"Feature","properties":{"date":"2023-12-13T05:00:00.000Z","year":2023,"description":"Installation plumbing fixtures on floor plans and domestic cold water connection to existig main with (2) new electric hot water heaters. Relocation of 55 SP heads per plans. Application filed in conjunction with X00943332-I1 (GC) and X00943332-S1 (MS).","metadescription":"Plumbing. Installation plumbing fixtures on floor plans and domestic cold water connection to existig main with (2) new electric hot water heaters. Relocation of 55 SP heads per plans. Application filed in conjunction with X00943332-I1 (GC) and X00943332-S1 (MS).. Signed-off. WATERS PLACE","address":"WATERS PLACE","bbl":"2042267501","lot":"7501","c_b_no":"211","house_no":"1250","approved_date":"2023 Oct 25 12:00:00 AM","filing_reason":"Initial Permit","work_on_floor":"Floor Number(s) 8 through 8","community_board":"211","sequence_number":"1","tracking_number":"868135520","applicant_license":"000802","census_tract_2020":"284","job_filing_number":"X00943332-S2","applicant_last_name":"TRUOCCOLO","estimated_job_costs":"250000","owner_business_name":"PR","applicant_first_name":"JAMES","applicant_business_name":"ALESSANDRO PLUMBING, INC","permittee_s_license_type":"F","applicant_business_address":"3319 MERRITT AVENUE","filing_representative_last_name":"CONTILLO","filing_representative_first_name":"MICHAEL","filing_representative_business_name":"LIBERTY MECHANICAL CONTRACTORS, LLC","neighborhood_tabulation_area_nta_2020":"Hutchinson Metro Center"},"geometry":{"type":"Point","coordinates":[-73.839576,40.852141]}},{"type":"Feature","properties":{"date":"2023-11-21T05:00:00.000Z","year":2023,"description":"Interior PL work only. Cap and remove gas connection at 2nd floor laundry room. Cap and remove gas and water connection at basement level laundry area in front hall. Install new washer and electric dryer at cellar level.","metadescription":"Plumbing. Interior PL work only. Cap and remove gas connection at 2nd floor laundry room. Cap and remove gas and water connection at basement level laundry area in front hall. Install new washer and electric dryer at cellar level.. Signed-off. BALTIC STREET","address":"BALTIC STREET","bbl":"3003067503","lot":"7503","c_b_no":"306","house_no":"191","approved_date":"2023 Nov 14 12:00:00 AM","filing_reason":"Initial Permit","work_on_floor":"Basement/Sub-basement, Cellar, Floor Number(s) 2 through 2","community_board":"306","sequence_number":"1","tracking_number":"893554771","applicant_license":"002353","census_tract_2020":"45","job_filing_number":"B00960509-I1","applicant_last_name":"FINE","estimated_job_costs":"1500","applicant_first_name":"EDWARD","applicant_business_name":"FINE MECHANICAL CORP","permittee_s_license_type":"P","applicant_business_address":"705 VAN DUZER STREET","neighborhood_tabulation_area_nta_2020":"Carroll Gardens-Cobble Hill-Gowanus-Red Hook"},"geometry":{"type":"Point","coordinates":[-73.99687,40.687036]}},{"type":"Feature","properties":{"date":"2023-10-19T04:00:00.000Z","year":2023,"description":"Installation of new floor drains and associated piping. Remove and replace existing waste piping, Provide new cold water connection with RPZ for pool water, Provide new gas piping and gas connection to new mechanical equipment.","metadescription":"Plumbing. Installation of new floor drains and associated piping. Remove and replace existing waste piping, Provide new cold water connection with RPZ for pool water, Provide new gas piping and gas connection to new mechanical equipment.. Permit Issued. BOYNTON AVENUE","address":"BOYNTON AVENUE","bbl":"2038640001","lot":"1","c_b_no":"209","house_no":"1300","approved_date":"2022 Sep 23 12:00:00 AM","filing_reason":"Initial Permit","work_on_floor":"Cellar, Floor Number(s) 001 through 003, Roof","community_board":"209","sequence_number":"1","tracking_number":"345170303","applicant_license":"001841","census_tract_2020":"56","job_filing_number":"X00702754-S3","applicant_last_name":"MARULLO","estimated_job_costs":"176697.5","owner_business_name":"NYC SCA","applicant_first_name":"SALVATORE","applicant_business_name":"MAR-SAL PLBG & HTG, INC","permittee_s_license_type":"P","applicant_business_address":"101-11 97TH AVENUE","filing_representative_last_name":"SHEERAN","filing_representative_first_name":"DAVID","filing_representative_business_name":"D45 CONSULTING","neighborhood_tabulation_area_nta_2020":"Soundview-Bruckner-Bronx River"},"geometry":{"type":"Point","coordinates":[-73.878912,40.831601]}},{"type":"Feature","properties":{"date":"2023-10-11T04:00:00.000Z","year":2023,"description":"Provide new fire protection system, System shall include wet sprinkler distribution, sprinkler heads and piping with hangers. provide water service connection to existing 8 City Main as required by DEP and local authority.","metadescription":"Sprinklers. Provide new fire protection system, System shall include wet sprinkler distribution, sprinkler heads and piping with hangers. provide water service connection to existing 8 City Main as required by DEP and local authority.. Signed-off. EAST    5 STREET","address":"EAST    5 STREET","bbl":"3071560040","lot":"40","c_b_no":"315","house_no":"2326","approved_date":"2023 May 03 12:00:00 AM","filing_reason":"Initial Permit","work_on_floor":"Cellar-SO-4200-B00727376-I1, Floor Number(s)-1-SO-1767-B00727376-I1, Floor Number(s)-2-SO-4410-B00727376-I1, Attic-SO-2891-B00727376-I1","community_board":"315","sequence_number":"1","tracking_number":"920091441","applicant_license":"001070","census_tract_2020":"390","job_filing_number":"B00727376-S2","applicant_last_name":"VALENTI","estimated_job_costs":"33750","owner_business_name":"PR","applicant_first_name":"GARY","applicant_business_name":"FIVE BOROUGH FP, INC","permittee_s_license_type":"F","applicant_business_address":"121-06 22ND AVENUE","neighborhood_tabulation_area_nta_2020":"Gravesend (East)-Homecrest"},"geometry":{"type":"Point","coordinates":[-73.966096,40.593642]}},{"type":"Feature","properties":{"date":"2023-09-27T04:00:00.000Z","year":2023,"description":"Hereby filing for installation of new water connection from street to sprinkler DDCV inside building.  No change in egress, use, or occupancy.","metadescription":"Plumbing. Hereby filing for installation of new water connection from street to sprinkler DDCV inside building.  No change in egress, use, or occupancy.. Signed-off. MAURICE AVENUE","address":"MAURICE AVENUE","bbl":"4026560092","lot":"92","c_b_no":"402","house_no":"59-85","approved_date":"2023 Sep 18 12:00:00 AM","filing_reason":"Initial Permit","work_on_floor":"Ground Floor","community_board":"402","sequence_number":"1","tracking_number":"429792530","applicant_license":"000579","census_tract_2020":"229","job_filing_number":"Q00933315-I1","applicant_last_name":"CAIAZZO","estimated_job_costs":"20000","owner_business_name":"RAGNAROK MANAGING AGENCY, LLC.","applicant_first_name":"ANTHONY","applicant_business_name":"J. CAIAZZO PLBG & HTG COR","permittee_s_license_type":"P","applicant_business_address":"1381 UTICA AVENUE","neighborhood_tabulation_area_nta_2020":"Calvary & Mount Zion Cemeteries"},"geometry":{"type":"Point","coordinates":[-73.906088,40.728246]}},{"type":"Feature","properties":{"date":"2023-07-25T04:00:00.000Z","year":2023,"description":"INSTALLATION OF PLUMBING FIXTURES ON FLOOR PLANS AND DOMESTIC COLD WATER CONNECTION TO EXISTING WITH NEW ELECTRIC HOT WATER HEATERS. APPLICATION FILED IN CONJUNCTION WITH X08022084 (GC)","metadescription":"Plumbing. INSTALLATION OF PLUMBING FIXTURES ON FLOOR PLANS AND DOMESTIC COLD WATER CONNECTION TO EXISTING WITH NEW ELECTRIC HOT WATER HEATERS. APPLICATION FILED IN CONJUNCTION WITH X08022084 (GC). Signed-off. WESTCHESTER AVENUE","address":"WESTCHESTER AVENUE","bbl":"2038580001","lot":"1","c_b_no":"210","house_no":"2510","approved_date":"2022 Dec 08 12:00:00 AM","filing_reason":"Initial Permit","work_on_floor":"Floor Number(s) 1 through 1, Floor Number(s) 2 through 2","community_board":"210","sequence_number":"1","tracking_number":"878239262","applicant_license":"001836","census_tract_2020":"96","job_filing_number":"X08022288-I1","applicant_last_name":"TRUOCCOLO","estimated_job_costs":"87500","owner_business_name":"PR","applicant_first_name":"JAMES","applicant_business_name":"ALESSANDRO PLUMBING, INC","permittee_s_license_type":"P","applicant_business_address":"3319 MERRITT AVENUE","filing_representative_last_name":"CONTILLO","filing_representative_first_name":"MICHAEL","filing_representative_business_name":"LIBERTY MECHANICAL CONTRACTORS, LLC","neighborhood_tabulation_area_nta_2020":"Westchester Square"},"geometry":{"type":"Point","coordinates":[-73.843137,40.839723]}},{"type":"Feature","properties":{"date":"2023-06-04T04:00:00.000Z","year":2023,"description":"Plumbing work as per plans and in conjunction with DOB application # 540182880. Garage ( DOB application # - S00551532-I1) storm water connection a part of this application","metadescription":"Plumbing. Plumbing work as per plans and in conjunction with DOB application # 540182880. Garage ( DOB application # - S00551532-I1) storm water connection a part of this application. Signed-off. JOHNSON AVENUE","address":"JOHNSON AVENUE","lot":"73","c_b_no":"503","house_no":"198","approved_date":"2021 Jul 27 12:00:00 AM","filing_reason":"Renewal Permit Without Changes","work_on_floor":"Basement/Sub-basement, Floor Number(s) 001 through 002, Open Space","community_board":"503","sequence_number":"2","tracking_number":"421021602","applicant_license":"002295","census_tract_2020":"248","job_filing_number":"S00507383-I1","applicant_last_name":"KOSIC","estimated_job_costs":"48000","owner_business_name":"OMUNDSEN CONSTRUCTION CORP","applicant_first_name":"REDZEP","applicant_business_name":"FLOW-RIGHT PLBG & HTG COR","permittee_s_license_type":"P","applicant_business_address":"94 DAVIDSON STREET","neighborhood_tabulation_area_nta_2020":"Tottenville-Charleston"},"geometry":{"type":"Point","coordinates":[-74.246466,40.510824]}},{"type":"Feature","properties":{"date":"2023-04-26T04:00:00.000Z","year":2023,"description":"Provide new sprinkler and plumbing system and water service connection in conjunction with NB #240289923","metadescription":"Sprinklers. Provide new sprinkler and plumbing system and water service connection in conjunction with NB #240289923. Signed-off. VYSE AVENUE","address":"VYSE AVENUE","bbl":"2031270025","lot":"25","c_b_no":"206","house_no":"2011","approved_date":"2021 Sep 09 12:00:00 AM","filing_reason":"Initial Permit","work_on_floor":"Cellar, Floor Number(s) 001 through 006, Roof","community_board":"206","sequence_number":"1","tracking_number":"826349444","applicant_license":"000858","census_tract_2020":"363","job_filing_number":"X00497068-I1","applicant_last_name":"LOVETRO","estimated_job_costs":"1000","owner_business_name":"PR","applicant_first_name":"SCOTT","applicant_business_name":"GO PRO FIRE PROTECTION C","permittee_s_license_type":"F","applicant_business_address":"20-35 STEINWAY STREET","filing_representative_last_name":"AFROZ","filing_representative_first_name":"RUKHSANA","filing_representative_business_name":"R & H DRUMMOND EXP INC","neighborhood_tabulation_area_nta_2020":"West Farms"},"geometry":{"type":"Point","coordinates":[-73.8819,40.842322]}},{"type":"Feature","properties":{"date":"2023-04-26T04:00:00.000Z","year":2023,"description":"Provide new sprinkler and plumbing system and water service connection in conjunction with NB #240289923","metadescription":"Plumbing. Provide new sprinkler and plumbing system and water service connection in conjunction with NB #240289923. Signed-off. VYSE AVENUE","address":"VYSE AVENUE","bbl":"2031270025","lot":"25","c_b_no":"206","house_no":"2011","approved_date":"2021 Sep 09 12:00:00 AM","filing_reason":"Initial Permit","work_on_floor":"Cellar, Floor Number(s) 001 through 006, Roof","community_board":"206","sequence_number":"1","tracking_number":"826349444","applicant_license":"000858","census_tract_2020":"363","job_filing_number":"X00497068-I1","applicant_last_name":"LOVETRO","estimated_job_costs":"1000","owner_business_name":"PR","applicant_first_name":"SCOTT","applicant_business_name":"GO PRO FIRE PROTECTION C","permittee_s_license_type":"F","applicant_business_address":"20-35 STEINWAY STREET","filing_representative_last_name":"AFROZ","filing_representative_first_name":"RUKHSANA","filing_representative_business_name":"R & H DRUMMOND EXP INC","neighborhood_tabulation_area_nta_2020":"West Farms"},"geometry":{"type":"Point","coordinates":[-73.8819,40.842322]}},{"type":"Feature","properties":{"date":"2023-04-21T04:00:00.000Z","year":2023,"description":"Provide new sprinkler and plumbing system and water service connection in conjunction with NB #240289923","metadescription":"Sprinklers. Provide new sprinkler and plumbing system and water service connection in conjunction with NB #240289923. Signed-off. VYSE AVENUE","address":"VYSE AVENUE","bbl":"2031270025","lot":"25","c_b_no":"206","house_no":"2011","approved_date":"2021 Sep 09 12:00:00 AM","filing_reason":"Initial Permit","work_on_floor":"Cellar, Floor Number(s) 001 through 006, Roof","community_board":"206","sequence_number":"1","tracking_number":"776039939","applicant_license":"002145","census_tract_2020":"363","job_filing_number":"X00497068-I1","applicant_last_name":"ESCURRA","estimated_job_costs":"1000","owner_business_name":"PR","applicant_first_name":"ALDO","applicant_business_name":"INFINITI ESC PLUMBING COR","permittee_s_license_type":"P","applicant_business_address":"220-29 HEMPSTEAD AVENUE","neighborhood_tabulation_area_nta_2020":"West Farms"},"geometry":{"type":"Point","coordinates":[-73.8819,40.842322]}},{"type":"Feature","properties":{"date":"2023-04-21T04:00:00.000Z","year":2023,"description":"Provide new sprinkler and plumbing system and water service connection in conjunction with NB #240289923","metadescription":"Plumbing. Provide new sprinkler and plumbing system and water service connection in conjunction with NB #240289923. Signed-off. VYSE AVENUE","address":"VYSE AVENUE","bbl":"2031270025","lot":"25","c_b_no":"206","house_no":"2011","approved_date":"2021 Sep 09 12:00:00 AM","filing_reason":"Initial Permit","work_on_floor":"Cellar, Floor Number(s) 001 through 006, Roof","community_board":"206","sequence_number":"1","tracking_number":"776039939","applicant_license":"002145","census_tract_2020":"363","job_filing_number":"X00497068-I1","applicant_last_name":"ESCURRA","estimated_job_costs":"1000","owner_business_name":"PR","applicant_first_name":"ALDO","applicant_business_name":"INFINITI ESC PLUMBING COR","permittee_s_license_type":"P","applicant_business_address":"220-29 HEMPSTEAD AVENUE","neighborhood_tabulation_area_nta_2020":"West Farms"},"geometry":{"type":"Point","coordinates":[-73.8819,40.842322]}},{"type":"Feature","properties":{"date":"2023-04-06T04:00:00.000Z","year":2023,"description":"Civil Site work for Storm, Water, and Sanitary water connection. No change of use, egress, or occupancy under this application.","metadescription":"Plumbing. Civil Site work for Storm, Water, and Sanitary water connection. No change of use, egress, or occupancy under this application.. Signed-off. BATTERY PLACE","address":"BATTERY PLACE","bbl":"1000160003","lot":"3","c_b_no":"101","house_no":"20","approved_date":"2023 Apr 04 12:00:00 AM","filing_reason":"Initial Permit","work_on_floor":"Open Space","community_board":"101","sequence_number":"1","tracking_number":"298736470","applicant_license":"000161","census_tract_2020":"31704","job_filing_number":"M00808860-I1","applicant_last_name":"LEVINE","estimated_job_costs":"500000","owner_business_name":"BATTERY PARK CITY AUTHORITY","applicant_first_name":"LAWRENCE J","applicant_business_name":"PAR PLUMBING CO., INC","permittee_s_license_type":"P","applicant_business_address":"101 PARK AVENUE LOWER LOBBY","neighborhood_tabulation_area_nta_2020":"Financial District-Battery Park City"},"geometry":{"type":"Point","coordinates":[-74.01772,40.705136]}},{"type":"Feature","properties":{"date":"2023-03-23T04:00:00.000Z","year":2023,"description":"All plumbing systems required for new car dealership building.  New storm drainage to connect to the storm sewer. New sanitary sewer connection with a new house trap. New gas connection for building heating systems.  New domestic water connection","metadescription":"Plumbing. All plumbing systems required for new car dealership building.  New storm drainage to connect to the storm sewer. New sanitary sewer connection with a new house trap. New gas connection for building heating systems.  New domestic water connection. Permit Issued. NORTHERN BOULEVARD","address":"NORTHERN BOULEVARD","lot":"500","c_b_no":"401","house_no":"44-16","approved_date":"2023 Mar 16 12:00:00 AM","filing_reason":"Initial Permit","work_on_floor":"Floor Number(s)-2-SO-7384-Q00649860-I1, Floor Number(s)-2-SO-7384-Q00649860-I1, Roof, Underground","community_board":"401","sequence_number":"1","tracking_number":"580074502","applicant_license":"002458","census_tract_2020":"17102","job_filing_number":"Q00649860-S4","applicant_last_name":"BLAU","estimated_job_costs":"1000","owner_business_name":"ARGONAUT HOLDINGS, LLC","applicant_first_name":"ROBERT","applicant_business_name":"LIPSKY & ROSENTHAL, INC","permittee_s_license_type":"P","applicant_business_address":"101 PARK AVENUE","filing_representative_last_name":"STROUSE","filing_representative_first_name":"PATRICIA","filing_representative_business_name":"AWS PLUMBIN HEATING & AC","neighborhood_tabulation_area_nta_2020":"Sunnyside Yards (North)"},"geometry":{"type":"Point","coordinates":[-73.91858,40.753686]}},{"type":"Feature","properties":{"date":"2023-01-27T05:00:00.000Z","year":2023,"description":"HEREWITH FILING CIVIL SCOPE FOR THE INSTALLATION OF DOMESTIC WATER CONNECTION AS PER PLANS. NO CHANGE IN USE, EGRESS OR OCCUPANCY.","metadescription":"General Construction. HEREWITH FILING CIVIL SCOPE FOR THE INSTALLATION OF DOMESTIC WATER CONNECTION AS PER PLANS. NO CHANGE IN USE, EGRESS OR OCCUPANCY.. Signed-off. EAST  101 STREET","address":"EAST  101 STREET","bbl":"1016070003","lot":"3","c_b_no":"111","house_no":"3","approved_date":"2022 Dec 01 12:00:00 AM","filing_reason":"Initial Permit","work_on_floor":"Underground","community_board":"111","sequence_number":"1","tracking_number":"272401479","applicant_license":"016836","census_tract_2020":"168","job_filing_number":"M00499045-S2","applicant_last_name":"SOMMER","estimated_job_costs":"100000","owner_business_name":"PR","applicant_first_name":"STEVEN","applicant_business_name":"LENDLEASE(US)CONSTRUCTION","permittee_s_license_type":"GC","applicant_business_address":"200 PARK AVENUE, 9TH FLOOR","filing_representative_last_name":"SEPULVEDA","filing_representative_first_name":"ALEJANDRA","filing_representative_business_name":"OUTSOURCE CONSULTANTS INC","neighborhood_tabulation_area_nta_2020":"East Harlem (South)"},"geometry":{"type":"Point","coordinates":[-73.953146,40.790973]}},{"type":"Feature","properties":{"date":"2022-10-19T04:00:00.000Z","year":2022,"description":"To provide new plumbing work for bathrooms, a new hot water connection with existing water heater, provide new top grade for existing floor drain on cellar, and to remove existing sprinkler heads with new ones. No change in use, egress or occupancy.","metadescription":"Plumbing. To provide new plumbing work for bathrooms, a new hot water connection with existing water heater, provide new top grade for existing floor drain on cellar, and to remove existing sprinkler heads with new ones. No change in use, egress or occupancy.. Signed-off. CORBETT ROAD","address":"CORBETT ROAD","bbl":"4061850001","lot":"1","c_b_no":"411","house_no":"221-21","approved_date":"2022 Apr 08 12:00:00 AM","filing_reason":"Initial Permit","work_on_floor":"Cellar","community_board":"411","sequence_number":"1","tracking_number":"289856343","applicant_license":"001736","census_tract_2020":"1113","job_filing_number":"Q00661790-S1","applicant_last_name":"KATRAGIS","estimated_job_costs":"107097","owner_business_name":"PR","applicant_first_name":"NICHOLAS","applicant_business_name":"EAGLE 1 MECHANICAL, INC","permittee_s_license_type":"P","applicant_business_address":"62-43 30TH AVENUE","neighborhood_tabulation_area_nta_2020":"Bayside"},"geometry":{"type":"Point","coordinates":[-73.764033,40.770276]}},{"type":"Feature","properties":{"date":"2022-09-13T04:00:00.000Z","year":2022,"description":"SPRINKLER/STANDPIPE SYSTEM AND NEW WATER CONNECTION IN CONJUNCTION WITH NB # 421133222.","metadescription":"Sprinklers. SPRINKLER/STANDPIPE SYSTEM AND NEW WATER CONNECTION IN CONJUNCTION WITH NB # 421133222.. Signed-off. 4 STREET","address":"4 STREET","bbl":"4009090009","lot":"9","c_b_no":"401","house_no":"26-25","approved_date":"2021 Jun 18 12:00:00 AM","filing_reason":"Initial Permit","work_on_floor":"Basement/Sub-basement, Cellar, Floor Number(s) 001 through 017, Open Space, Roof, Sub-cellar #1, Sub-cellar #2","community_board":"401","sequence_number":"1","tracking_number":"255069411","applicant_license":"001054","census_tract_2020":"87","job_filing_number":"Q00469327-I1","applicant_last_name":"FRIED","estimated_job_costs":"2000","owner_business_name":"HEARTFELT TOWNHOUSE BUILD","applicant_first_name":"MAYER","applicant_business_name":"TRISTATE FIRE SPRINK INC","permittee_s_license_type":"F","applicant_business_address":"1237 39 STREET 1ST FLOOR","neighborhood_tabulation_area_nta_2020":"Old Astoria-Hallets Point"},"geometry":{"type":"Point","coordinates":[-73.932855,40.775691]}},{"type":"Feature","properties":{"date":"2022-09-13T04:00:00.000Z","year":2022,"description":"SPRINKLER/STANDPIPE SYSTEM AND NEW WATER CONNECTION IN CONJUNCTION WITH NB # 421133222.","metadescription":"Sprinklers. SPRINKLER/STANDPIPE SYSTEM AND NEW WATER CONNECTION IN CONJUNCTION WITH NB # 421133222.. Signed-off. 4 STREET","address":"4 STREET","bbl":"4009090009","lot":"9","c_b_no":"401","house_no":"26-25","approved_date":"2021 Jun 18 12:00:00 AM","filing_reason":"Initial Permit","work_on_floor":"Basement/Sub-basement, Cellar, Floor Number(s) 001 through 017, Open Space, Roof, Sub-cellar #1, Sub-cellar #2","community_board":"401","sequence_number":"1","tracking_number":"831360826","applicant_license":"001054","census_tract_2020":"87","job_filing_number":"Q00469327-I1","applicant_last_name":"FRIED","estimated_job_costs":"2000","owner_business_name":"HEARTFELT TOWNHOUSE BUILD","applicant_first_name":"MAYER","applicant_business_name":"TRISTATE FIRE SPRINK INC","permittee_s_license_type":"F","applicant_business_address":"1237 39 STREET 1ST FLOOR","neighborhood_tabulation_area_nta_2020":"Old Astoria-Hallets Point"},"geometry":{"type":"Point","coordinates":[-73.932855,40.775691]}},{"type":"Feature","properties":{"date":"2022-09-13T04:00:00.000Z","year":2022,"description":"SPRINKLER/STANDPIPE SYSTEM AND NEW WATER CONNECTION IN CONJUNCTION WITH NB # 421133222.","metadescription":"Standpipe. SPRINKLER/STANDPIPE SYSTEM AND NEW WATER CONNECTION IN CONJUNCTION WITH NB # 421133222.. Signed-off. 4 STREET","address":"4 STREET","bbl":"4009090009","lot":"9","c_b_no":"401","house_no":"26-25","approved_date":"2021 Jun 18 12:00:00 AM","filing_reason":"Initial Permit","work_on_floor":"Basement/Sub-basement, Cellar, Floor Number(s) 001 through 017, Open Space, Roof, Sub-cellar #1, Sub-cellar #2","community_board":"401","sequence_number":"1","tracking_number":"831360826","applicant_license":"001054","census_tract_2020":"87","job_filing_number":"Q00469327-I1","applicant_last_name":"FRIED","estimated_job_costs":"2000","owner_business_name":"HEARTFELT TOWNHOUSE BUILD","applicant_first_name":"MAYER","applicant_business_name":"TRISTATE FIRE SPRINK INC","permittee_s_license_type":"F","applicant_business_address":"1237 39 STREET 1ST FLOOR","neighborhood_tabulation_area_nta_2020":"Old Astoria-Hallets Point"},"geometry":{"type":"Point","coordinates":[-73.932855,40.775691]}},{"type":"Feature","properties":{"date":"2022-09-13T04:00:00.000Z","year":2022,"description":"SPRINKLER/STANDPIPE SYSTEM AND NEW WATER CONNECTION IN CONJUNCTION WITH NB # 421133222.","metadescription":"Standpipe. SPRINKLER/STANDPIPE SYSTEM AND NEW WATER CONNECTION IN CONJUNCTION WITH NB # 421133222.. Signed-off. 4 STREET","address":"4 STREET","bbl":"4009090009","lot":"9","c_b_no":"401","house_no":"26-25","approved_date":"2021 Jun 18 12:00:00 AM","filing_reason":"Initial Permit","work_on_floor":"Basement/Sub-basement, Cellar, Floor Number(s) 001 through 017, Open Space, Roof, Sub-cellar #1, Sub-cellar #2","community_board":"401","sequence_number":"1","tracking_number":"255069411","applicant_license":"001054","census_tract_2020":"87","job_filing_number":"Q00469327-I1","applicant_last_name":"FRIED","estimated_job_costs":"2000","owner_business_name":"HEARTFELT TOWNHOUSE BUILD","applicant_first_name":"MAYER","applicant_business_name":"TRISTATE FIRE SPRINK INC","permittee_s_license_type":"F","applicant_business_address":"1237 39 STREET 1ST FLOOR","neighborhood_tabulation_area_nta_2020":"Old Astoria-Hallets Point"},"geometry":{"type":"Point","coordinates":[-73.932855,40.775691]}},{"type":"Feature","properties":{"date":"2022-08-29T04:00:00.000Z","year":2022,"description":"INSTALL NEW DOMESTIC WATER SERVICE CONNECTION. INSTALL PLUMBING FIXTURES AND PIPING IN CONJUNCTION WITH BUILDING RENOVATION FOR 1-FAMILY RESIDENCE (DOB # 321594930)","metadescription":"Plumbing. INSTALL NEW DOMESTIC WATER SERVICE CONNECTION. INSTALL PLUMBING FIXTURES AND PIPING IN CONJUNCTION WITH BUILDING RENOVATION FOR 1-FAMILY RESIDENCE (DOB # 321594930). Signed-off. WAVERLY AVENUE","address":"WAVERLY AVENUE","bbl":"3019610067","lot":"67","c_b_no":"302","house_no":"450","approved_date":"2019 Dec 23 12:00:00 AM","filing_reason":"Renewal Permit Without Changes","work_on_floor":"Basement/Sub-basement, Floor Number(s) 001 through 003, Roof, Underground","community_board":"302","sequence_number":"2","tracking_number":"452292435","applicant_license":"001380","census_tract_2020":"199","job_filing_number":"B00213610-I1","applicant_last_name":"FORTE","estimated_job_costs":"60000","owner_business_name":"1982","applicant_first_name":"ROBERT","applicant_business_name":"FORTE EXPRESS P & H INC","permittee_s_license_type":"P","applicant_business_address":"153 WEST 27TH STREET, 10TH FL","neighborhood_tabulation_area_nta_2020":"Clinton Hill"},"geometry":{"type":"Point","coordinates":[-73.96619,40.684874]}},{"type":"Feature","properties":{"date":"2022-08-29T04:00:00.000Z","year":2022,"description":"INSTALL NEW DOMESTIC WATER SERVICE CONNECTION. INSTALL PLUMBING FIXTURES AND PIPING IN CONJUNCTION WITH BUILDING RENOVATION FOR 1-FAMILY RESIDENCE (DOB # 321594949)","metadescription":"Plumbing. INSTALL NEW DOMESTIC WATER SERVICE CONNECTION. INSTALL PLUMBING FIXTURES AND PIPING IN CONJUNCTION WITH BUILDING RENOVATION FOR 1-FAMILY RESIDENCE (DOB # 321594949). Signed-off. WAVERLY AVENUE","address":"WAVERLY AVENUE","bbl":"3019610066","lot":"66","c_b_no":"302","house_no":"448","approved_date":"2019 Nov 13 12:00:00 AM","filing_reason":"Renewal Permit Without Changes","work_on_floor":"Basement/Sub-basement, Floor Number(s) 001 through 003, Roof, Underground","community_board":"302","sequence_number":"2","tracking_number":"862220468","applicant_license":"001380","census_tract_2020":"199","job_filing_number":"B00212591-I1","applicant_last_name":"FORTE","estimated_job_costs":"51000","owner_business_name":"1982","applicant_first_name":"ROBERT","applicant_business_name":"FORTE EXPRESS P & H INC","permittee_s_license_type":"P","applicant_business_address":"153 WEST 27TH STREET, 10TH FL","neighborhood_tabulation_area_nta_2020":"Clinton Hill"},"geometry":{"type":"Point","coordinates":[-73.966197,40.684909]}},{"type":"Feature","properties":{"date":"2022-05-31T04:00:00.000Z","year":2022,"description":"INSTALL NEW DOMESTIC WATER SERVICE CONNECTION. INSTALL PLUMBING FIXTURES AND PIPING IN CONJUNCTION WITH BUILDING RENOVATION FOR 1-FAMILY RESIDENCE (DOB # 321594949)","metadescription":"Plumbing. INSTALL NEW DOMESTIC WATER SERVICE CONNECTION. INSTALL PLUMBING FIXTURES AND PIPING IN CONJUNCTION WITH BUILDING RENOVATION FOR 1-FAMILY RESIDENCE (DOB # 321594949). Signed-off. WAVERLY AVENUE","address":"WAVERLY AVENUE","bbl":"3019610066","lot":"66","c_b_no":"302","house_no":"448","approved_date":"2019 Nov 13 12:00:00 AM","filing_reason":"Initial Permit","work_on_floor":"Basement/Sub-basement, Floor Number(s) 001 through 003, Roof, Underground","community_board":"302","sequence_number":"1","tracking_number":"976644142","applicant_license":"001380","census_tract_2020":"199","job_filing_number":"B00212591-I1","applicant_last_name":"FORTE","estimated_job_costs":"51000","owner_business_name":"1982","applicant_first_name":"ROBERT","applicant_business_name":"FORTE EXPRESS P & H INC","permittee_s_license_type":"P","applicant_business_address":"153 WEST 27TH STREET, 10TH FL","neighborhood_tabulation_area_nta_2020":"Clinton Hill"},"geometry":{"type":"Point","coordinates":[-73.966197,40.684909]}},{"type":"Feature","properties":{"date":"2022-05-31T04:00:00.000Z","year":2022,"description":"INSTALL NEW DOMESTIC WATER SERVICE CONNECTION. INSTALL PLUMBING FIXTURES AND PIPING IN CONJUNCTION WITH BUILDING RENOVATION FOR 1-FAMILY RESIDENCE (DOB # 321594930)","metadescription":"Plumbing. INSTALL NEW DOMESTIC WATER SERVICE CONNECTION. INSTALL PLUMBING FIXTURES AND PIPING IN CONJUNCTION WITH BUILDING RENOVATION FOR 1-FAMILY RESIDENCE (DOB # 321594930). Signed-off. WAVERLY AVENUE","address":"WAVERLY AVENUE","bbl":"3019610067","lot":"67","c_b_no":"302","house_no":"450","approved_date":"2019 Dec 23 12:00:00 AM","filing_reason":"Initial Permit","work_on_floor":"Basement/Sub-basement, Floor Number(s) 001 through 003, Roof, Underground","community_board":"302","sequence_number":"1","tracking_number":"945852378","applicant_license":"001380","census_tract_2020":"199","job_filing_number":"B00213610-I1","applicant_last_name":"FORTE","estimated_job_costs":"60000","owner_business_name":"1982","applicant_first_name":"ROBERT","applicant_business_name":"FORTE EXPRESS P & H INC","permittee_s_license_type":"P","applicant_business_address":"153 WEST 27TH STREET, 10TH FL","neighborhood_tabulation_area_nta_2020":"Clinton Hill"},"geometry":{"type":"Point","coordinates":[-73.96619,40.684874]}},{"type":"Feature","properties":{"date":"2022-05-17T04:00:00.000Z","year":2022,"description":"Plumbing work as per plans and in conjunction with DOB application # 540182880. Garage ( DOB application # - S00551532-I1) storm water connection a part of this application","metadescription":"Plumbing. Plumbing work as per plans and in conjunction with DOB application # 540182880. Garage ( DOB application # - S00551532-I1) storm water connection a part of this application. Signed-off. JOHNSON AVENUE","address":"JOHNSON AVENUE","lot":"73","c_b_no":"503","house_no":"198","approved_date":"2021 Jul 27 12:00:00 AM","filing_reason":"Initial Permit","work_on_floor":"Basement/Sub-basement, Floor Number(s) 001 through 002, Open Space","community_board":"503","sequence_number":"1","tracking_number":"728167602","applicant_license":"002295","census_tract_2020":"248","job_filing_number":"S00507383-I1","applicant_last_name":"KOSIC","estimated_job_costs":"48000","owner_business_name":"OMUNDSEN CONSTRUCTION CORP","applicant_first_name":"REDZEP","applicant_business_name":"FLOW-RIGHT PLBG & HTG COR","permittee_s_license_type":"P","applicant_business_address":"94 DAVIDSON STREET","neighborhood_tabulation_area_nta_2020":"Tottenville-Charleston"},"geometry":{"type":"Point","coordinates":[-74.246466,40.510824]}},{"type":"Feature","properties":{"date":"2022-03-07T05:00:00.000Z","year":2022,"description":"(1) non-residential sink, disconnect and remove pantry sink trim & faucet, drain & water connection. Cap and remove associated piping. Patch & repair all wall& floor opening as required to match existing.","metadescription":"Plumbing. (1) non-residential sink, disconnect and remove pantry sink trim & faucet, drain & water connection. Cap and remove associated piping. Patch & repair all wall& floor opening as required to match existing.. Signed-off. EAST   55 STREET","address":"EAST   55 STREET","bbl":"1012900044","lot":"44","c_b_no":"105","house_no":"70","approved_date":"2022 Mar 01 12:00:00 AM","filing_reason":"Initial Permit","work_on_floor":"Floor Number(s) 17 through 17","community_board":"105","sequence_number":"1","tracking_number":"922940654","applicant_license":"000161","census_tract_2020":"102","job_filing_number":"M00680796-I1","applicant_last_name":"LEVINE","estimated_job_costs":"1000","owner_business_name":"HERITAGE REALTY SERVICES LLC.","applicant_first_name":"LAWRENCE","applicant_business_name":"PAR PLUMBING CO., INC","permittee_s_license_type":"P","applicant_business_address":"101 PARK AVENUE LOWER LOBBY","neighborhood_tabulation_area_nta_2020":"Midtown-Times Square"},"geometry":{"type":"Point","coordinates":[-73.972465,40.760628]}},{"type":"Feature","properties":{"date":"2022-03-01T05:00:00.000Z","year":2022,"description":"INSTALLATION OF SANITARY PIPING AND DOMESTIC WATER CONNECTION. NO CHANGE IN USE, EGRESS OR OCCUPANCY.","metadescription":"Plumbing. INSTALLATION OF SANITARY PIPING AND DOMESTIC WATER CONNECTION. NO CHANGE IN USE, EGRESS OR OCCUPANCY.. Signed-off. NEW UTRECHT AVENUE","address":"NEW UTRECHT AVENUE","bbl":"3056330034","lot":"34","c_b_no":"312","house_no":"4822","approved_date":"2022 Feb 27 12:00:00 AM","filing_reason":"Initial Permit","work_on_floor":"Cellar, Floor Number(s) 001 through 002","community_board":"312","sequence_number":"1","tracking_number":"395958183","applicant_license":"000945","census_tract_2020":"220","job_filing_number":"B00679934-I1","applicant_last_name":"BRESALIER","estimated_job_costs":"20000","owner_business_name":"PR","applicant_first_name":"WILLIAM","applicant_business_name":"CREATIVE MECHANICAL INC","permittee_s_license_type":"P","applicant_business_address":"86-08 130TH STREET","filing_representative_last_name":"FEDER","filing_representative_first_name":"SHMILI","filing_representative_business_name":"CREATIVE MECHANICAL","neighborhood_tabulation_area_nta_2020":"Borough Park"},"geometry":{"type":"Point","coordinates":[-73.994682,40.637193]}},{"type":"Feature","properties":{"date":"2022-01-11T05:00:00.000Z","year":2022,"description":"New water connection for washing machine in 1605","metadescription":"Plumbing. New water connection for washing machine in 1605. Permit Issued. EAST   24 STREET","address":"EAST   24 STREET","bbl":"1009040050","lot":"50","c_b_no":"106","house_no":"200","approved_date":"2021 Nov 22 12:00:00 AM","filing_reason":"Initial Permit","work_on_floor":"Floor Number(s) 16 through 16","community_board":"106","sequence_number":"1","tracking_number":"872896217","applicant_license":"001790","census_tract_2020":"64","job_filing_number":"M00599324-I1","applicant_last_name":"SANGIRAY","estimated_job_costs":"5000","owner_business_name":"AKAM ASSOCIATES","applicant_first_name":"AHMET","applicant_business_name":"P.S.I. MECHANICAL","permittee_s_license_type":"P","applicant_business_address":"47-04 108TH STREET.1ST FLOOR","neighborhood_tabulation_area_nta_2020":"Gramercy"},"geometry":{"type":"Point","coordinates":[-73.982603,40.739459]}},{"type":"Feature","properties":{"date":"2021-12-03T05:00:00.000Z","year":2021,"description":"Water connection from existing NB plumbing system to pool feed. Connect gas pool heater to existing house gas line.","metadescription":"Plumbing. Water connection from existing NB plumbing system to pool feed. Connect gas pool heater to existing house gas line.. Signed-off. BEACH  140 STREET","address":"BEACH  140 STREET","bbl":"4162850041","lot":"41","c_b_no":"414","house_no":"137","approved_date":"2021 Oct 18 12:00:00 AM","filing_reason":"Initial Permit","work_on_floor":"Floor Number(s) 2 through 2","community_board":"414","sequence_number":"1","tracking_number":"533166825","applicant_license":"002117","census_tract_2020":"928","job_filing_number":"Q00609154-I1","applicant_last_name":"PARENTE","estimated_job_costs":"10000","owner_business_name":"MELOHN CAPITAL LLC","applicant_first_name":"ADRIANO","applicant_business_name":"ADRIANO PLMBG & HTG CORP","permittee_s_license_type":"P","applicant_business_address":"214-41 42ND AVENUE, STE. 4B","neighborhood_tabulation_area_nta_2020":"Breezy Point-Belle Harbor-Rockaway Park-Broad Channel"},"geometry":{"type":"Point","coordinates":[-73.856096,40.571201]}},{"type":"Feature","properties":{"date":"2021-10-14T04:00:00.000Z","year":2021,"description":"ADD CONVENIENCE SINK WITHIN RM: BUTLER PANTRY. DIRECT WASTE TO EXISTING WASTE LINES (SEE RISER). COLD AND HOT WATER CONNECTION FOR NEW FAUCET TO EXISTING PIPING (ADJACENT TO BATHROOM)","metadescription":"Plumbing. ADD CONVENIENCE SINK WITHIN RM: BUTLER PANTRY. DIRECT WASTE TO EXISTING WASTE LINES (SEE RISER). COLD AND HOT WATER CONNECTION FOR NEW FAUCET TO EXISTING PIPING (ADJACENT TO BATHROOM). Signed-off. SNIFFEN COURT","address":"SNIFFEN COURT","bbl":"1008910050","lot":"50","c_b_no":"106","house_no":"6","approved_date":"2021 Oct 14 12:00:00 AM","filing_reason":"Initial Permit","work_on_floor":"Floor Number(s) 1 through 3","community_board":"106","sequence_number":"1","tracking_number":"697812058","applicant_license":"001510","census_tract_2020":"80","job_filing_number":"M00611847-I1","applicant_last_name":"PISCITELLI","estimated_job_costs":"2500","owner_business_name":"PR","applicant_first_name":"ANTHONY","applicant_business_name":"VILLAGE P & H NY INC","permittee_s_license_type":"P","applicant_business_address":"2402 86TH STREET","neighborhood_tabulation_area_nta_2020":"Murray Hill-Kips Bay"},"geometry":{"type":"Point","coordinates":[-73.97788,40.747158]}},{"type":"Feature","properties":{"date":"2020-12-08T05:00:00.000Z","year":2020,"description":"INSTALLATION OF (2) NEW LOW-PRESSURE STEAM BOILERS AND DUAL-FUEL BURNERS FOR HEATING AND HOT WATER. CONNECTION OF EXISTING NO. 2 OIL LINES TO NEW DUAL-FUEL BURNER. NO CHANGE IN EGRESS OR OCCUPANCY.","metadescription":"Boiler Equipment. INSTALLATION OF (2) NEW LOW-PRESSURE STEAM BOILERS AND DUAL-FUEL BURNERS FOR HEATING AND HOT WATER. CONNECTION OF EXISTING NO. 2 OIL LINES TO NEW DUAL-FUEL BURNER. NO CHANGE IN EGRESS OR OCCUPANCY.. Signed-off. WEST 42 STREET","address":"WEST 42 STREET","bbl":"1010717502","lot":"7502","c_b_no":"104","house_no":"529","approved_date":"2020 Dec 08 12:00:00 AM","filing_reason":"Initial Permit","work_on_floor":"Cellar","community_board":"104","sequence_number":"1","tracking_number":"242441601","applicant_license":"001509","census_tract_2020":"12901","job_filing_number":"M00404108-S3","applicant_last_name":"BENDJOUYA","estimated_job_costs":"307000","owner_business_name":"PR","applicant_first_name":"MICHAEL","applicant_business_name":"C C CONTROLLED COMBUSTION","permittee_s_license_type":"O","applicant_business_address":"2377 WASHINGTON AVENUE","neighborhood_tabulation_area_nta_2020":"Hell's Kitchen"},"geometry":{"type":"Point","coordinates":[-73.996917,40.760244]}},{"type":"Feature","properties":{"date":"2020-10-22T04:00:00.000Z","year":2020,"description":"TEMP. GAS AND WATER CONNECTION TO TEMPORARY BOILER TRAILER.  FILED IN CONJUNCTION WITH 321803152.","metadescription":"Plumbing. TEMP. GAS AND WATER CONNECTION TO TEMPORARY BOILER TRAILER.  FILED IN CONJUNCTION WITH 321803152.. Signed-off. SUTTER AVENUE","address":"SUTTER AVENUE","bbl":"3037680018","lot":"18","c_b_no":"305","house_no":"550","approved_date":"2019 Oct 17 12:00:00 AM","filing_reason":"Renewal Permit Without Changes","work_on_floor":"Cellar, Open Space","community_board":"305","sequence_number":"2","tracking_number":"799479378","applicant_license":"001226","census_tract_2020":"1134","job_filing_number":"B00238257-I1","applicant_last_name":"BELLINI","estimated_job_costs":"10000","owner_business_name":"NYCHA","applicant_first_name":"THOMAS","applicant_business_name":"VARSITY PLBG AND HTG INC","permittee_s_license_type":"P","applicant_business_address":"31-99 123RD STREET","neighborhood_tabulation_area_nta_2020":"East New York (North)"},"geometry":{"type":"Point","coordinates":[-73.898915,40.668813]}},{"type":"Feature","properties":{"date":"2020-10-07T04:00:00.000Z","year":2020,"description":"INSTALLATION OF MOP SINK, PROVIDING COLD WATER CONNECTION TO COFFEE MAKER AND INCREASING SUBMETER AND COLD WATER BRANCH SIZE. NO CHANGE IN USE, EGRESS, OR OCCUPANCY.","metadescription":"Plumbing. INSTALLATION OF MOP SINK, PROVIDING COLD WATER CONNECTION TO COFFEE MAKER AND INCREASING SUBMETER AND COLD WATER BRANCH SIZE. NO CHANGE IN USE, EGRESS, OR OCCUPANCY.. Signed-off. 12 STREET","address":"12 STREET","bbl":"4005040001","lot":"1","c_b_no":"401","house_no":"30-96","approved_date":"2020 Oct 06 12:00:00 AM","filing_reason":"Initial Permit","work_on_floor":"Cellar, Floor Number(s) 001 through 001","community_board":"401","sequence_number":"1","tracking_number":"889356992","applicant_license":"002025","census_tract_2020":"81","job_filing_number":"Q00405338-I1","applicant_last_name":"POLADIAN","estimated_job_costs":"12500","applicant_first_name":"DUANE","applicant_business_name":"TOP DOG PLBG & HTG CORP","permittee_s_license_type":"P","applicant_business_address":"29 15TH STREET","filing_representative_last_name":"MICHELLE","filing_representative_first_name":"BUSTAMANTE","filing_representative_business_name":"TOP DOG PLUMBING & HEATING","neighborhood_tabulation_area_nta_2020":"Old Astoria-Hallets Point"},"geometry":{"type":"Point","coordinates":[-73.933229,40.769101]}},{"type":"Feature","properties":{"date":"2020-03-03T05:00:00.000Z","year":2020,"description":"IN APT 12J ON THE 12TH FLOOR, IN KITCHEN REPLACE (1)GAS RANGE, (1) DISHWASHER, (1) REFRIGERATOR WITH WATER CONNECTION ON EXISTING ROUGH IN. WORK IN CONJUNCTION WITH DOB APPLICATION 140887002.","metadescription":"Plumbing. IN APT 12J ON THE 12TH FLOOR, IN KITCHEN REPLACE (1)GAS RANGE, (1) DISHWASHER, (1) REFRIGERATOR WITH WATER CONNECTION ON EXISTING ROUGH IN. WORK IN CONJUNCTION WITH DOB APPLICATION 140887002.. Signed-off. THIRD AVENUE","address":"THIRD AVENUE","bbl":"1008800042","lot":"42","c_b_no":"106","house_no":"330","approved_date":"2020 Feb 14 12:00:00 AM","filing_reason":"Initial Permit","work_on_floor":"Floor Number(s) 012 through 012","community_board":"106","sequence_number":"1","tracking_number":"840776264","applicant_license":"000870","census_tract_2020":"68","job_filing_number":"M00313802-I1","applicant_last_name":"KAPLAN","estimated_job_costs":"5000","owner_business_name":"PR","applicant_first_name":"BRYAN","applicant_business_name":"WYNNE PLBG & HEATING CORP","permittee_s_license_type":"P","applicant_business_address":"3444 BAILEY AVENUE","filing_representative_last_name":"LUNA","filing_representative_first_name":"KAYLA","filing_representative_business_name":"DOMANI CONSULTING","neighborhood_tabulation_area_nta_2020":"Gramercy"},"geometry":{"type":"Point","coordinates":[-73.98261,40.739594]}},{"type":"Feature","properties":{"date":"2019-10-22T04:00:00.000Z","year":2019,"description":"TEMP. GAS AND WATER CONNECTION TO TEMPORARY BOILER TRAILER.  FILED IN CONJUNCTION WITH 321803152.","metadescription":"Plumbing. TEMP. GAS AND WATER CONNECTION TO TEMPORARY BOILER TRAILER.  FILED IN CONJUNCTION WITH 321803152.. Signed-off. SUTTER AVENUE","address":"SUTTER AVENUE","bbl":"3037680018","lot":"18","c_b_no":"305","house_no":"550","approved_date":"2019 Oct 17 12:00:00 AM","filing_reason":"Initial Permit","work_on_floor":"Cellar, Open Space","community_board":"305","sequence_number":"1","tracking_number":"254665384","applicant_license":"001226","census_tract_2020":"1134","job_filing_number":"B00238257-I1","applicant_last_name":"BELLINI","estimated_job_costs":"10000","owner_business_name":"NYCHA","applicant_first_name":"THOMAS","applicant_business_name":"VARSITY PLBG AND HTG INC","permittee_s_license_type":"P","applicant_business_address":"31-99 123RD STREET","neighborhood_tabulation_area_nta_2020":"East New York (North)"},"geometry":{"type":"Point","coordinates":[-73.898915,40.668813]}}]}
