{"type":"FeatureCollection","features":[{"type":"Feature","properties":{"date":"2026-04-21T00:00:00.000Z","year":2026,"description":"**EPLAN**** Rehab of existing 64-unit apartment building, including: windows, doors and hardware, lighting, flooring, plumbing fixtures, cabinets, countertops, appliances, re-stripe parking spaces (including accessible parkings).","metadescription":"Bldg-Alter/Repair. Apartment. **EPLAN**** Rehab of existing 64-unit apartment building, including: windows, doors and hardware, lighting, flooring, plumbing fixtures, cabinets, countertops, appliances, re-stripe parking spaces (including accessible parkings).. Quality Review Completed. 151 S OCEAN FRONT WALK","address":"153 Ocean Front Walk, CA, Venice, 90291, US","ct":"2734.03","ev":"N","apc":"West Los Angeles","cpa":"Venice","zone":"(Q)R3-1","solar":"N","pin_nbr":"109-5A141  23","use_code":"5","status_date":"05/25/2026","permit_group":"Building","refresh_time":"06/10/2026","type_lat_lon":"ADDRESS","business_unit":"Regular Plan Check"},"geometry":{"type":"Point","coordinates":[-118.48136,33.99577]}},{"type":"Feature","properties":{"date":"2026-04-10T00:00:00.000Z","year":2026,"description":"ePlan.  New 2-story accessory building, including food counter with outdoor sitting area, restroom, office, storage, and recreation area.","metadescription":"Bldg-New. Commercial. ePlan.  New 2-story accessory building, including food counter with outdoor sitting area, restroom, office, storage, and recreation area.. Issued. 205 S OCEAN FRONT WALK","address":"205 Ocean Front Walk, CA, Venice, 90291, US","ct":"2734.03","ev":"N","apc":"West Los Angeles","cpa":"Venice","zone":"C1-1","solar":"N","height":"25.7","pin_nbr":"109-5A141  83","use_code":"23","status_date":"04/10/2026","construction":"Type V-B Construction","permit_group":"Building","refresh_time":"06/10/2026","type_lat_lon":"ADDRESS","business_unit":"Regular Plan Check","square_footage":"1235"},"geometry":{"type":"Point","coordinates":[-118.4808,33.99515]}},{"type":"Feature","properties":{"date":"2025-12-08T00:00:00.000Z","year":2025,"description":"EPLAN REMODEL TO (E) SINGLE-STORY SINGLE FAMILY RESIDENCE. RECONFIGURATION OF EXISTING INTERIOR SPACES TO ENLARGE KITCHEN AND LIVING SPACES. RENOVATION OF EXISTING RESTROOM LAYOUTS AND FINISHES. NEW DUAL GLAZED EXTERIOR SLIDING DOORS","metadescription":"Bldg-Alter/Repair. 1 or 2 Family Dwelling. EPLAN REMODEL TO (E) SINGLE-STORY SINGLE FAMILY RESIDENCE. RECONFIGURATION OF EXISTING INTERIOR SPACES TO ENLARGE KITCHEN AND LIVING SPACES. RENOVATION OF EXISTING RESTROOM LAYOUTS AND FINISHES. NEW DUAL GLAZED EXTERIOR SLIDING DOORS. PC Info Complete. 1501 S GLYNDON AVE","address":"1501 Glyndon Avenue, CA, Venice, 90291, US","ct":"2731.00","ev":"N","apc":"West Los Angeles","cpa":"Venice","zone":"R1V2","solar":"N","pin_nbr":"114B149   976","use_code":"1","status_date":"03/03/2026","permit_group":"Building","refresh_time":"06/10/2026","type_lat_lon":"ADDRESS","business_unit":"Expanded Counter Plan Check"},"geometry":{"type":"Point","coordinates":[-118.45697,34.00531]}},{"type":"Feature","properties":{"date":"2025-08-28T00:00:00.000Z","year":2025,"description":"Remove and replace 23 windows and 2 patio doors. lower 2\" to window #105,106,108,109. no change o size or location of any others.","metadescription":"Bldg-Alter/Repair. 1 or 2 Family Dwelling. Remove and replace 23 windows and 2 patio doors. lower 2\" to window #105,106,108,109. no change o size or location of any others.. Permit Finaled. 535 N DRYAD ROAD","address":"531 Dryad Road, CA, Santa Monica, 90402, US","ct":"2628.02","ev":"N","hl":"YES","apc":"West Los Angeles","zone":"R1H1-O","solar":"N","pin_nbr":"124-5A133 196","use_code":"1","status_date":"11/25/2025","permit_group":"Building","refresh_time":"06/10/2026","type_lat_lon":"ADDRESS","business_unit":"Plan Check at Counter"},"geometry":{"type":"Point","coordinates":[-118.51082,34.0343]}},{"type":"Feature","properties":{"date":"2024-10-14T00:00:00.000Z","year":2024,"description":"EPLAN***Supplemental to 19014-10000-01637 Revision work includes:Interior layout modificationsMinor revisions to window and door sizes including additional replacement windowsAdditional replacement siding and sheathing as required by existing conditions.Additional laundryNo change to building size, footprint, floor area or occupancy.","metadescription":"Bldg-Alter/Repair. 1 or 2 Family Dwelling. EPLAN***Supplemental to 19014-10000-01637 Revision work includes:Interior layout modificationsMinor revisions to window and door sizes including additional replacement windowsAdditional replacement siding and sheathing as required by existing conditions.Additional laundryNo change to building size, footprint, floor area or occupancy.. Permit Finaled. 24 E DUDLEY AVE","address":"24 Dudley Avenue, CA, Venice, 90291, US","ct":"2734.02","ev":"N","apc":"West Los Angeles","cpa":"Venice","zone":"RD1.5-1","solar":"N","pin_nbr":"109-5A141 121","use_code":"1","status_date":"09/04/2025","permit_group":"Building","refresh_time":"06/10/2026","type_lat_lon":"ADDRESS","business_unit":"Regular Plan Check"},"geometry":{"type":"Point","coordinates":[-118.47909,33.99435]}},{"type":"Feature","properties":{"date":"2024-09-30T00:00:00.000Z","year":2024,"description":"EPLAN***SUPPLEMENTAL TO 19014-10000-01638.  Revision work includes:Interior layout modificationsMinor revisions to window and door sizes including additional replacement windowsAdditional replacement siding and sheathing as required by existing conditions.Revision to bedrrom layout on 2nd floor No change to building size, footprint, floor area or occupancy","metadescription":"Bldg-Alter/Repair. 1 or 2 Family Dwelling. EPLAN***SUPPLEMENTAL TO 19014-10000-01638.  Revision work includes:Interior layout modificationsMinor revisions to window and door sizes including additional replacement windowsAdditional replacement siding and sheathing as required by existing conditions.Revision to bedrrom layout on 2nd floor No change to building size, footprint, floor area or occupancy. Permit Finaled. 24 1/2 E DUDLEY AVE","address":"24 Dudley Avenue, CA, Venice, 90291, US","ct":"2734.04","ev":"N","apc":"West Los Angeles","cpa":"Venice","zone":"RD1.5-1","solar":"N","pin_nbr":"109-5A141 121","use_code":"1","status_date":"09/04/2025","permit_group":"Building","refresh_time":"06/10/2026","type_lat_lon":"ADDRESS","business_unit":"Regular Plan Check"},"geometry":{"type":"Point","coordinates":[-118.47909,33.99435]}},{"type":"Feature","properties":{"date":"2022-02-28T00:00:00.000Z","year":2022,"description":"REMODEL (E) SFD TO RECONFIGURE (E) KITCHEN, BEDROOM, LAUNDRY AND FAMILY ROOM. REMODEL TWO BATHROOMS AND REPLACE DOORS AND WINDOWS. ALL WORK PER ENGINEERING.","metadescription":"Bldg-Alter/Repair. 1 or 2 Family Dwelling. REMODEL (E) SFD TO RECONFIGURE (E) KITCHEN, BEDROOM, LAUNDRY AND FAMILY ROOM. REMODEL TWO BATHROOMS AND REPLACE DOORS AND WINDOWS. ALL WORK PER ENGINEERING.. Permit Finaled. 588 N ENTRADA DR","address":"588 Entrada Drive, CA, Santa Monica, 90402, US","ct":"2628.02","ev":"N","hl":"YES","apc":"West Los Angeles","zone":"R1H1-1D-O","solar":"N","pin_nbr":"124-5A133 217","use_code":"1","status_date":"05/31/2023","permit_group":"Building","refresh_time":"06/10/2026","type_lat_lon":"ADDRESS","business_unit":"Expanded Counter Plan Check"},"geometry":{"type":"Point","coordinates":[-118.50972,34.03406]}},{"type":"Feature","properties":{"date":"2022-01-29T00:00:00.000Z","year":2022,"description":"Remove and replace existing exterior window for new french door, to be built within existing frame of window","metadescription":"Bldg-Alter/Repair. Apartment. Remove and replace existing exterior window for new french door, to be built within existing frame of window. PC Info Complete. 21 E OZONE AVE 1-29","address":"1-29, 21 Ozone Avenue, CA, Venice, 90291, US","ct":"2734.02","ev":"N","apc":"West Los Angeles","cpa":"Venice","zone":"RD1.5-1","solar":"N","pin_nbr":"109-5A141  25","use_code":"5","status_date":"06/30/2023","permit_group":"Building","refresh_time":"06/10/2026","type_lat_lon":"ADDRESS","business_unit":"Expanded Counter Plan Check"},"geometry":{"type":"Point","coordinates":[-118.48047,33.9958]}},{"type":"Feature","properties":{"date":"2020-12-07T00:00:00.000Z","year":2020,"description":"Supplemental to 20016-40000-09211 to demo exterior glazing, door and install (n) multi-sliding panel door","metadescription":"Bldg-Alter/Repair. 1 or 2 Family Dwelling. Supplemental to 20016-40000-09211 to demo exterior glazing, door and install (n) multi-sliding panel door. Issued. 525 N ENTRADA DR","address":"521 Entrada Drive, CA, Santa Monica, 90402, US","ct":"2628.02","ev":"N","hl":"YES","apc":"West Los Angeles","zone":"R1H1-O","solar":"N","pin_nbr":"123A133   110","use_code":"23","status_date":"12/07/2020","permit_group":"Building","refresh_time":"06/10/2026","type_lat_lon":"ADDRESS","business_unit":"Plan Check at Counter"},"geometry":{"type":"Point","coordinates":[-118.51092,34.03293]}},{"type":"Feature","properties":{"date":"2020-05-18T00:00:00.000Z","year":2020,"description":"Supplemental to 20016-30000-02591 to add 2 skylights and enlarge the exterior door opening in the family room.","metadescription":"Bldg-Alter/Repair. 1 or 2 Family Dwelling. Supplemental to 20016-30000-02591 to add 2 skylights and enlarge the exterior door opening in the family room.. Permit Finaled. 392 N ENTRADA DR","address":"392 Entrada Drive, CA, Santa Monica, 90402, US","ct":"2628.02","ev":"N","hl":"YES","apc":"West Los Angeles","zone":"R1-1D-O","solar":"N","pin_nbr":"123B129   795","use_code":"1","status_date":"01/15/2021","permit_group":"Building","refresh_time":"06/10/2026","type_lat_lon":"ADDRESS","business_unit":"Plan Check at Counter"},"geometry":{"type":"Point","coordinates":[-118.5124,34.03087]}},{"type":"Feature","properties":{"date":"2019-08-20T00:00:00.000Z","year":2019,"description":"(16) Window change-out (same size & type) for residential buildings.  Dual glazing, labeled and certified by National Fenestration Rating Council (NFRC), is required for doors and windows replaced in all residential buildings, three stories or less, per Section 150.2(b) 1B of Title 24.      Re-stucco for single family dwellings and duplexes only.","metadescription":"Bldg-Alter/Repair. 1 or 2 Family Dwelling. (16) Window change-out (same size & type) for residential buildings.  Dual glazing, labeled and certified by National Fenestration Rating Council (NFRC), is required for doors and windows replaced in all residential buildings, three stories or less, per Section 150.2(b) 1B of Title 24.      Re-stucco for single family dwellings and duplexes only.. Permit Finaled. 313 S OCEAN FRONT WALK UNITS#1-2","address":"1-2, 313 Ocean Front Walk, CA, Venice, 90291, US","ct":"2734.02","ev":"N","apc":"West Los Angeles","cpa":"Venice","zone":"C1-1","solar":"N","pin_nbr":"109-5A141 115","use_code":"2","geolocation":"POINT (-118.48008 33.99436)","status_date":"11/19/2019","permit_group":"Building","refresh_time":"06/10/2026","type_lat_lon":"ADDRESS","business_unit":"Express Permit"},"geometry":{"type":"Point","coordinates":[-118.48008,33.99436]}},{"type":"Feature","properties":{"date":"2019-08-02T00:00:00.000Z","year":2019,"description":"FOR COMMERCIAL TENANT IMPROVEMENT. NEW FLOOR AND WALL FINISHES, PARTITION WORK, DOOR REPLACEMENT, AND MINOR ELECTRICAL WORK. THE SCOPE OF WORK IS LIMITED TO A 6,687 SF AREA IN AN EXISTING 9,516 SF OFFICE BLDG. NO EXTERIOR CHANGES, ADDDED AREA OR CHANGE OF USE. ***NO EXTERIOR WORK***","metadescription":"Bldg-Alter/Repair. Commercial. FOR COMMERCIAL TENANT IMPROVEMENT. NEW FLOOR AND WALL FINISHES, PARTITION WORK, DOOR REPLACEMENT, AND MINOR ELECTRICAL WORK. THE SCOPE OF WORK IS LIMITED TO A 6,687 SF AREA IN AN EXISTING 9,516 SF OFFICE BLDG. NO EXTERIOR CHANGES, ADDDED AREA OR CHANGE OF USE. ***NO EXTERIOR WORK***. Permit Finaled. 248 S MAIN ST 1ST FLR","address":"248 Main Street, CA, Venice, 90291, US","ct":"2734.02","ev":"N","apc":"West Los Angeles","cpa":"Venice","zone":"M1-1","solar":"N","pin_nbr":"111B141   614","use_code":"13","geolocation":"POINT (-118.47804 33.99669)","status_date":"11/21/2019","permit_group":"Building","refresh_time":"06/10/2026","type_lat_lon":"ADDRESS","business_unit":"Plan Check at Counter"},"geometry":{"type":"Point","coordinates":[-118.47804,33.99669]}},{"type":"Feature","properties":{"date":"2019-07-24T00:00:00.000Z","year":2019,"description":"Replace 1 door(s). Same size, location, number, type. Replace drywall/plaster (patch and paint). Non-structural repair only. New Stucco w/wire lath over (e) siding to remain. Area = 480 sqft. Replace damaged wood framing (less than 10%). Same size, spacing, type.","metadescription":"Bldg-Alter/Repair. 1 or 2 Family Dwelling. Replace 1 door(s). Same size, location, number, type. Replace drywall/plaster (patch and paint). Non-structural repair only. New Stucco w/wire lath over (e) siding to remain. Area = 480 sqft. Replace damaged wood framing (less than 10%). Same size, spacing, type.. Permit Finaled. 624 N KINGMAN AVE","address":"618 Kingman Avenue, CA, Santa Monica, 90402, US","ct":"2628.02","ev":"N","hl":"YES","apc":"West Los Angeles","zone":"R1H1","solar":"N","pin_nbr":"124-5A133 166","use_code":"1","geolocation":"POINT (-118.50862 34.03495)","status_date":"10/15/2020","permit_group":"Building","refresh_time":"06/10/2026","type_lat_lon":"ADDRESS","business_unit":"Express Permit"},"geometry":{"type":"Point","coordinates":[-118.50862,34.03495]}},{"type":"Feature","properties":{"date":"2019-04-15T00:00:00.000Z","year":2019,"description":"(22)Window and (15)door change-out (same size & type) for residential buildings.  Dual glazing, labeled and certified by National Fenestration Rating Council (NFRC), is required for doors and windows replaced in all residential buildings, three stories or less, per Section 150.2(b)1B of Title 24.","metadescription":"Bldg-Alter/Repair. Apartment. (22)Window and (15)door change-out (same size & type) for residential buildings.  Dual glazing, labeled and certified by National Fenestration Rating Council (NFRC), is required for doors and windows replaced in all residential buildings, three stories or less, per Section 150.2(b)1B of Title 24.. Permit Finaled. 116 E ROSE AVE 2-12 &-14-18","address":"1-17, 116 Rose Avenue, CA, Venice, 90291, US","ct":"2734.02","ev":"N","apc":"West Los Angeles","cpa":"Venice","zone":"R3-1","solar":"N","pin_nbr":"109-5A143  34","use_code":"5","geolocation":"POINT (-118.47815 33.99574)","status_date":"07/19/2019","permit_group":"Building","refresh_time":"06/10/2026","type_lat_lon":"ADDRESS","business_unit":"Express Permit"},"geometry":{"type":"Point","coordinates":[-118.47815,33.99574]}},{"type":"Feature","properties":{"date":"2019-01-09T00:00:00.000Z","year":2019,"description":"(3)WINDOW and (1) DOOR CHANGE-OUT (SAME SIZE & TYPE) FOR RESIDENTIAL BUILDINGS.RE-STUCCO (NO NEW WALLS ADDED) FOR SINGLE FAMILY DWELLINGS AND DUPLEXES ONLY.BATHROOM REMODEL FOR RESIDENTIAL BUILDINGS (NO STRUCTURAL CHANGES).","metadescription":"Bldg-Alter/Repair. Apartment. (3)WINDOW and (1) DOOR CHANGE-OUT (SAME SIZE & TYPE) FOR RESIDENTIAL BUILDINGS.RE-STUCCO (NO NEW WALLS ADDED) FOR SINGLE FAMILY DWELLINGS AND DUPLEXES ONLY.BATHROOM REMODEL FOR RESIDENTIAL BUILDINGS (NO STRUCTURAL CHANGES).. Permit Finaled. 17 E DUDLEY AVE 1-4","address":"21 Dudley Avenue, CA, Venice, 90291, US","ct":"2734.02","ev":"N","apc":"West Los Angeles","cpa":"Venice","zone":"RD1.5-1","solar":"N","pin_nbr":"109-5A141 111","use_code":"5","geolocation":"POINT (-118.47935 33.99438)","status_date":"05/01/2025","permit_group":"Building","refresh_time":"06/10/2026","type_lat_lon":"ADDRESS","business_unit":"Express Permit"},"geometry":{"type":"Point","coordinates":[-118.47935,33.99438]}},{"type":"Feature","properties":{"date":"2018-08-27T00:00:00.000Z","year":2018,"description":"SUPPLEMENTAL TO PERMIT 18014-30000-00088 TO REVISE DOOR AND WINDOW LAYOUTS, REPLACE (E) PIERS WITH (N) PIERS","metadescription":"Bldg-Alter/Repair. 1 or 2 Family Dwelling. SUPPLEMENTAL TO PERMIT 18014-30000-00088 TO REVISE DOOR AND WINDOW LAYOUTS, REPLACE (E) PIERS WITH (N) PIERS. Permit Finaled. 614 N SAN LORENZO ST","address":"614 San Lorenzo Street, CA, Santa Monica, 90402, US","ct":"2628.02","ev":"N","hl":"YES","apc":"West Los Angeles","zone":"R1H1","solar":"N","pin_nbr":"124-5A133 169","use_code":"1","geolocation":"POINT (-118.50937 34.03477)","status_date":"12/23/2020","permit_group":"Building","refresh_time":"06/10/2026","type_lat_lon":"ADDRESS","business_unit":"Plan Check at Counter"},"geometry":{"type":"Point","coordinates":[-118.50937,34.03477]}},{"type":"Feature","properties":{"date":"2018-08-09T00:00:00.000Z","year":2018,"description":"INTERIOR REMODEL TO CONVERT 3'-5\" X 1'-6\" PORTION OF (E) ATTACHED GARAGE TO RELOCATE HALF BATHROOM, REMODEL UPSTAIRS BATHROOM, AND ADD TWO WINDOWS AND DOORS.","metadescription":"Bldg-Alter/Repair. 1 or 2 Family Dwelling. INTERIOR REMODEL TO CONVERT 3'-5\" X 1'-6\" PORTION OF (E) ATTACHED GARAGE TO RELOCATE HALF BATHROOM, REMODEL UPSTAIRS BATHROOM, AND ADD TWO WINDOWS AND DOORS.. CofO Issued. 599 N ENTRADA DR","address":"599 Entrada Drive, CA, Santa Monica, 90402, US","ct":"2628.02","ev":"N","hl":"YES","apc":"West Los Angeles","zone":"R1H1","solar":"N","pin_nbr":"124-5A133 184","use_code":"1","geolocation":"POINT (-118.50913 34.03458)","status_date":"02/20/2019","construction":"Type V-B Construction","permit_group":"Building","refresh_time":"06/10/2026","type_lat_lon":"ADDRESS","business_unit":"Expanded Counter Plan Check","square_footage":"5.13"},"geometry":{"type":"Point","coordinates":[-118.50913,34.03458]}},{"type":"Feature","properties":{"date":"2018-06-28T00:00:00.000Z","year":2018,"description":"(2) Window and door change-out (same size & type) for residential buildings.  Dual glazing, labeled and certified by National Fenestration Rating Council (NFRC), is required for doors and windows replaced in all residential buildings, three stories or less, per Section 152(b) of Title 24.","metadescription":"Bldg-Alter/Repair. 1 or 2 Family Dwelling. (2) Window and door change-out (same size & type) for residential buildings.  Dual glazing, labeled and certified by National Fenestration Rating Council (NFRC), is required for doors and windows replaced in all residential buildings, three stories or less, per Section 152(b) of Title 24.. Permit Expired. 619 N KINGMAN AVE","address":"615 Kingman Avenue, CA, Santa Monica, 90402, US","ct":"2628.02","ev":"N","hl":"YES","apc":"West Los Angeles","zone":"R1H1","solar":"N","pin_nbr":"124-5A133 163","use_code":"1","geolocation":"POINT (-118.50891 34.03489)","status_date":"11/22/2023","permit_group":"Building","refresh_time":"06/10/2026","type_lat_lon":"ADDRESS","business_unit":"Express Permit"},"geometry":{"type":"Point","coordinates":[-118.50891,34.03489]}},{"type":"Feature","properties":{"date":"2018-06-19T00:00:00.000Z","year":2018,"description":"Interior remodel of existing SFD. Remove and replace rear exterior door.","metadescription":"Bldg-Alter/Repair. 1 or 2 Family Dwelling. Interior remodel of existing SFD. Remove and replace rear exterior door.. Permit Finaled. 1361 S WALGROVE AVE","address":"1361 Walgrove Avenue, CA, Los Angeles, 90066, US","ct":"2731.00","ev":"N","apc":"West Los Angeles","cpa":"Venice","zone":"R1V2","solar":"N","pin_nbr":"114B149   609","use_code":"1","geolocation":"POINT (-118.45503 34.00836)","status_date":"11/09/2018","permit_group":"Building","refresh_time":"06/10/2026","type_lat_lon":"ADDRESS","business_unit":"Plan Check at Counter"},"geometry":{"type":"Point","coordinates":[-118.45503,34.00836]}},{"type":"Feature","properties":{"date":"2018-06-05T00:00:00.000Z","year":2018,"description":"CONVERT (E) 16' X 18' ATTIC SPACE OF (E) 2 STORY SFD INTO NEW BEDROOM, NEW BATHROOM  AND NEW CLOSET, NEW SPIRAL STAIRCASE PER LA CITY STANDARD PLAN # 111, NEW GAS OUTDOOR FIREPLACE  . ALL WORK PER ENGINEERING","metadescription":"Bldg-Addition. 1 or 2 Family Dwelling. CONVERT (E) 16' X 18' ATTIC SPACE OF (E) 2 STORY SFD INTO NEW BEDROOM, NEW BATHROOM  AND NEW CLOSET, NEW SPIRAL STAIRCASE PER LA CITY STANDARD PLAN # 111, NEW GAS OUTDOOR FIREPLACE  . ALL WORK PER ENGINEERING. CofO Issued. 744 N SAN LORENZO ST","address":"744 San Lorenzo Street, CA, Santa Monica, 90402, US","ct":"2628.02","ev":"N","hl":"Yes","apc":"West Los Angeles","zone":"R1H1","solar":"N","height":"24","pin_nbr":"126B133   231","use_code":"1","geolocation":"POINT (-118.50909292 34.0392916)","status_date":"02/02/2019","construction":"Type V-B Construction","permit_group":"Building","refresh_time":"06/10/2026","type_lat_lon":"BUILDING","business_unit":"Regular Plan Check","square_footage":"5591"},"geometry":{"type":"Point","coordinates":[-118.50909292,34.0392916]}},{"type":"Feature","properties":{"date":"2018-05-29T00:00:00.000Z","year":2018,"description":"Water damage, termite damage/ dry rot repair less than 10% of replacement cost of residential buildings.  (10) Window change-out(same size & type) for residential buildings.  Dual glazing, labeled and certified by National Fenestration Rating Council (NFRC), is required for doors and windows replaced in all residential buildings, three stories or less, per Section 152(b) of Title 24.","metadescription":"Bldg-Alter/Repair. Apartment. Water damage, termite damage/ dry rot repair less than 10% of replacement cost of residential buildings.  (10) Window change-out(same size & type) for residential buildings.  Dual glazing, labeled and certified by National Fenestration Rating Council (NFRC), is required for doors and windows replaced in all residential buildings, three stories or less, per Section 152(b) of Title 24.. Permit Finaled. 202 S MAIN ST","address":"202 Main Street, CA, Venice, 90291, US","ct":"2734.02","ev":"N","apc":"West Los Angeles","cpa":"Venice","zone":"M1-1","solar":"N","pin_nbr":"111B141   444","use_code":"5","geolocation":"POINT (-118.47899 33.99763)","status_date":"08/05/2020","permit_group":"Building","refresh_time":"06/10/2026","type_lat_lon":"ADDRESS","business_unit":"Express Permit"},"geometry":{"type":"Point","coordinates":[-118.47899,33.99763]}},{"type":"Feature","properties":{"date":"2018-04-18T00:00:00.000Z","year":2018,"description":"Replace doors, windows and roofing materials. remove 2 doors and change 1 window to a door","metadescription":"Bldg-Alter/Repair. Apartment. Replace doors, windows and roofing materials. remove 2 doors and change 1 window to a door. Permit Finaled. 25 E ROSE AVE","address":"25 Rose Avenue, CA, Venice, 90291, US","ct":"2734.02","ev":"N","apc":"West Los Angeles","cpa":"Venice","zone":"R3-1","solar":"N","pin_nbr":"109-5A141  63","use_code":"5","geolocation":"POINT (-118.47974 33.99519)","status_date":"02/22/2019","permit_group":"Building","refresh_time":"06/10/2026","type_lat_lon":"ADDRESS","business_unit":"Plan Check at Counter"},"geometry":{"type":"Point","coordinates":[-118.47974,33.99519]}},{"type":"Feature","properties":{"date":"2018-03-27T00:00:00.000Z","year":2018,"description":"Kitchen and bathroom (2) remodel for residential buildings (no structural changes). Window (10) change-out (same size & type) for residential buildings.  Dual glazing, labeled and certified by National Fenestration Rating Council (NFRC), is required for doors and windows replaced in all residential buildings, three stories or less, per Section 152(b) of Title 24.","metadescription":"Bldg-Alter/Repair. 1 or 2 Family Dwelling. Kitchen and bathroom (2) remodel for residential buildings (no structural changes). Window (10) change-out (same size & type) for residential buildings.  Dual glazing, labeled and certified by National Fenestration Rating Council (NFRC), is required for doors and windows replaced in all residential buildings, three stories or less, per Section 152(b) of Title 24.. Permit Finaled. 871 E COMMONWEALTH AVE","address":"871 Commonwealth Avenue, CA, Venice, 90291, US","ct":"2731.00","ev":"N","apc":"West Los Angeles","cpa":"Venice","zone":"R1V2","solar":"N","pin_nbr":"111B145   119","use_code":"1","geolocation":"POINT (-118.46736 34.00361)","status_date":"10/22/2018","permit_group":"Building","refresh_time":"06/10/2026","type_lat_lon":"ADDRESS","business_unit":"Express Permit"},"geometry":{"type":"Point","coordinates":[-118.46736,34.00361]}},{"type":"Feature","properties":{"date":"2017-10-25T00:00:00.000Z","year":2017,"description":"EXTERIOR IMPROVEMENTS TO EXISTINING 7 UNIT APARTMENT BUILDING INCLUDING THE REMOVAL/ REPLACEMENT OF EXTERIOR WINDOWS/ DOORS, RE-CLADING THE BUILDING'S EXTERIOR AND PANELING","metadescription":"Bldg-Alter/Repair. Apartment. EXTERIOR IMPROVEMENTS TO EXISTINING 7 UNIT APARTMENT BUILDING INCLUDING THE REMOVAL/ REPLACEMENT OF EXTERIOR WINDOWS/ DOORS, RE-CLADING THE BUILDING'S EXTERIOR AND PANELING. Permit Finaled. 15 E DUDLEY AVE 1-7","address":"1-7, 15 Dudley Avenue, CA, Venice, 90291, US","ct":"2734.02","ev":"N","apc":"West Los Angeles","cpa":"Venice","zone":"RD1.5-1","solar":"N","pin_nbr":"109-5A141 113","use_code":"5","geolocation":"POINT (-118.4795 33.99439)","status_date":"12/26/2018","permit_group":"Building","refresh_time":"06/10/2026","type_lat_lon":"ADDRESS","business_unit":"Plan Check at Counter"},"geometry":{"type":"Point","coordinates":[-118.4795,33.99439]}},{"type":"Feature","properties":{"date":"2017-10-05T00:00:00.000Z","year":2017,"description":"PROPOSED ADDITION TO  (E)  SINGLE FAMILY DWELLING TO INCREASE BASEMENT AREA NO CHANGE ON EXISTING FOOTPRINT. SCOPE WILL ALSO CONSIST OF AN INTERIOR REMODEL ; CHANGE WINDOWS AND DOORS, REPLACE STAIRCASE RAILING, REMOVE PONY WALL ON ROOFTOP DECK AND ADD RAILING. REMOVE EXSTING TREILLIS.","metadescription":"Bldg-Addition. 1 or 2 Family Dwelling. PROPOSED ADDITION TO  (E)  SINGLE FAMILY DWELLING TO INCREASE BASEMENT AREA NO CHANGE ON EXISTING FOOTPRINT. SCOPE WILL ALSO CONSIST OF AN INTERIOR REMODEL ; CHANGE WINDOWS AND DOORS, REPLACE STAIRCASE RAILING, REMOVE PONY WALL ON ROOFTOP DECK AND ADD RAILING. REMOVE EXSTING TREILLIS.. Issued. 601 N SAN LORENZO ST","address":"601 San Lorenzo Street, CA, Santa Monica, 90402, US","ct":"2628.02","ev":"N","hl":"YES","apc":"West Los Angeles","zone":"R1H1-O","solar":"N","pin_nbr":"124-5A133 192","use_code":"1","geolocation":"POINT (-118.50972648 34.03448263)","status_date":"10/05/2017","construction":"Type V-B Construction","permit_group":"Building","refresh_time":"06/10/2026","type_lat_lon":"BUILDING","business_unit":"Plan Check at Counter","square_footage":"195"},"geometry":{"type":"Point","coordinates":[-118.50972648,34.03448263]}},{"type":"Feature","properties":{"date":"2017-09-22T00:00:00.000Z","year":2017,"description":"(6)WINDOW and (0) DOOR CHANGE-OUT (SAME SIZE & TYPE) FOR RESIDENTIAL BUILDINGS.","metadescription":"Bldg-Alter/Repair. Apartment. (6)WINDOW and (0) DOOR CHANGE-OUT (SAME SIZE & TYPE) FOR RESIDENTIAL BUILDINGS.. Permit Finaled. 30 E DUDLEY AVE #3,4,9,10,-16,17","address":"30 Dudley Avenue, CA, Venice, 90291, US","ct":"2734.02","ev":"N","apc":"West Los Angeles","cpa":"Venice","zone":"RD1.5-1","solar":"N","pin_nbr":"109-5A141 118","use_code":"5","geolocation":"POINT (-118.47891 33.99444)","status_date":"02/20/2018","permit_group":"Building","refresh_time":"06/10/2026","type_lat_lon":"ADDRESS","business_unit":"Express Permit"},"geometry":{"type":"Point","coordinates":[-118.47891,33.99444]}},{"type":"Feature","properties":{"date":"2017-08-08T00:00:00.000Z","year":2017,"description":"(17)WINDOW and (5) DOOR CHANGE-OUT (SAME SIZE & TYPE) FOR RESIDENTIAL BUILDINGS.","metadescription":"Bldg-Alter/Repair. Apartment. (17)WINDOW and (5) DOOR CHANGE-OUT (SAME SIZE & TYPE) FOR RESIDENTIAL BUILDINGS.. Permit Finaled. 15 E DUDLEY AVE 1-7","address":"1-7, 15 Dudley Avenue, CA, Venice, 90291, US","ct":"2734.02","ev":"N","apc":"West Los Angeles","cpa":"Venice","zone":"RD1.5-1","solar":"N","pin_nbr":"109-5A141 113","use_code":"5","geolocation":"POINT (-118.4795 33.99439)","status_date":"11/02/2018","permit_group":"Building","refresh_time":"06/10/2026","type_lat_lon":"ADDRESS","business_unit":"Express Permit"},"geometry":{"type":"Point","coordinates":[-118.4795,33.99439]}},{"type":"Feature","properties":{"date":"2017-07-06T00:00:00.000Z","year":2017,"description":"7 Window change-out (same size & type) for residential buildings.  Dual glazing, labeled and certified by National Fenestration Rating Council (NFRC), is required for doors and windows replaced in all residential buildings, three stories or less, per Section 152(b) of Title 24.","metadescription":"Bldg-Alter/Repair. 1 or 2 Family Dwelling. 7 Window change-out (same size & type) for residential buildings.  Dual glazing, labeled and certified by National Fenestration Rating Council (NFRC), is required for doors and windows replaced in all residential buildings, three stories or less, per Section 152(b) of Title 24.. Permit Finaled. 35 E DUDLEY AVE","address":"35 Dudley Avenue, CA, Venice, 90291, US","ct":"2734.02","ev":"N","apc":"West Los Angeles","cpa":"Venice","zone":"RD1.5-1","solar":"N","pin_nbr":"109-5A141  98","use_code":"2","geolocation":"POINT (-118.47889 33.99467)","status_date":"08/03/2017","permit_group":"Building","refresh_time":"06/10/2026","type_lat_lon":"ADDRESS","business_unit":"Express Permit"},"geometry":{"type":"Point","coordinates":[-118.47889,33.99467]}},{"type":"Feature","properties":{"date":"2017-06-16T00:00:00.000Z","year":2017,"description":"(18)WINDOW and (5) DOOR CHANGE-OUT (SAME SIZE & TYPE) FOR RESIDENTIAL BUILDINGS. KITCHEN REMODEL COMBINED WITH ELECTRICAL, PLUMBING, AND HVAC FOR RESIDENTIAL BUILDINGS (NO STRUCTURAL CHANGES). BATHROOM REMODEL COMBINED WITH ELECTRICAL, PLUMBING, AND HVAC FOR RESIDENTIAL BUILDINGS (NO STRUCTURAL CHANGES). RE-STUCCO (NO NEW WALLS ADDED) FOR SINGLE FAMILY DWELLINGS AND DUPLEXES ONLY.","metadescription":"Bldg-Alter/Repair. 1 or 2 Family Dwelling. (18)WINDOW and (5) DOOR CHANGE-OUT (SAME SIZE & TYPE) FOR RESIDENTIAL BUILDINGS. KITCHEN REMODEL COMBINED WITH ELECTRICAL, PLUMBING, AND HVAC FOR RESIDENTIAL BUILDINGS (NO STRUCTURAL CHANGES). BATHROOM REMODEL COMBINED WITH ELECTRICAL, PLUMBING, AND HVAC FOR RESIDENTIAL BUILDINGS (NO STRUCTURAL CHANGES). RE-STUCCO (NO NEW WALLS ADDED) FOR SINGLE FAMILY DWELLINGS AND DUPLEXES ONLY.. Permit Finaled. 1325 S WALGROVE AVE","address":"1325 Walgrove Avenue, CA, Los Angeles, 90066, US","ct":"2731.00","ev":"N","apc":"West Los Angeles","cpa":"Venice","zone":"R1V2","solar":"N","pin_nbr":"114B149   469","use_code":"1","geolocation":"POINT (-118.45598 34.00921)","status_date":"04/03/2018","permit_group":"Building","refresh_time":"06/10/2026","type_lat_lon":"ADDRESS","business_unit":"Express Permit"},"geometry":{"type":"Point","coordinates":[-118.45598,34.00921]}},{"type":"Feature","properties":{"date":"2017-04-27T00:00:00.000Z","year":2017,"description":"Kitchen/bathroom (5) remodel for residential buildings (no structural changes).  Replace existing siding with new stucco for single family dwelling.  Replacement of damaged framing members (less than 10% of replacement cost of building) for houses and duplexes (not including decks).  Window (8) and door (7) change-out (same size & type) for residential buildings.  Dual glazing, labeled and certified by National Fenestration Rating Council (NFRC), is required for doors and windows replaced in all residential buildings, three stories or less, per Section 152(b) of Title 24.   Re-roof with Class A or B roof covering material weighing less than 6 pounds per sq. ft. over existing solid sheathing 50 Squares. Class A roof covering is required within Very High Fire Hazard Severity Zone (VHFHSZ). For residential roof replacement > 50% of the total roof area, apply Cool Roof Product labeled and certified by Cool Roof Rating Council (CRRC). Cool Roof may be required for non-residential buildings per Title 24, Part 6, Section 149(b).","metadescription":"Bldg-Alter/Repair. 1 or 2 Family Dwelling. Kitchen/bathroom (5) remodel for residential buildings (no structural changes).  Replace existing siding with new stucco for single family dwelling.  Replacement of damaged framing members (less than 10% of replacement cost of building) for houses and duplexes (not including decks).  Window (8) and door (7) change-out (same size & type) for residential buildings.  Dual glazing, labeled and certified by National Fenestration Rating Council (NFRC), is required for doors and windows replaced in all residential buildings, three stories or less, per Section 152(b) of Title 24.   Re-roof with Class A or B roof covering material weighing less than 6 pounds per sq. ft. over existing solid sheathing 50 Squares. Class A roof covering is required within Very High Fire Hazard Severity Zone (VHFHSZ). For residential roof replacement > 50% of the total roof area, apply Cool Roof Product labeled and certified by Cool Roof Rating Council (CRRC). Cool Roof may be required for non-residential buildings per Title 24, Part 6, Section 149(b).. Permit Finaled. 772 N KINGMAN AVE","address":"772 Kingman Avenue, CA, Santa Monica, 90402, US","ct":"2628.02","ev":"N","hl":"YES","apc":"West Los Angeles","zone":"RE20-1","solar":"N","pin_nbr":"126B133   210","use_code":"1","geolocation":"POINT (-118.50826 34.03943)","status_date":"06/26/2018","permit_group":"Building","refresh_time":"06/10/2026","type_lat_lon":"ADDRESS","business_unit":"Express Permit"},"geometry":{"type":"Point","coordinates":[-118.50826,34.03943]}},{"type":"Feature","properties":{"date":"2017-04-27T00:00:00.000Z","year":2017,"description":"(1) DOOR CHANGE-OUT (SAME SIZE & TYPE) FOR RESIDENTIAL BUILDINGS.","metadescription":"Bldg-Alter/Repair. Apartment. (1) DOOR CHANGE-OUT (SAME SIZE & TYPE) FOR RESIDENTIAL BUILDINGS.. Permit Finaled. 55 E NAVY ST 1-30","address":"1-30, 55 Navy Street, CA, Venice, 90291, US","ct":"2734.02","ev":"N","apc":"West Los Angeles","cpa":"Venice","zone":"R3-1","solar":"N","pin_nbr":"111B141   576","use_code":"5","geolocation":"POINT (-118.48 33.99691)","status_date":"05/22/2023","permit_group":"Building","refresh_time":"06/10/2026","type_lat_lon":"ADDRESS","business_unit":"Express Permit"},"geometry":{"type":"Point","coordinates":[-118.48,33.99691]}},{"type":"Feature","properties":{"date":"2016-11-14T00:00:00.000Z","year":2016,"description":"Replace 2 window(s). Same size, location, number, type. Replace 2 door(s). Same size, location, number, type.","metadescription":"Bldg-Alter/Repair. 1 or 2 Family Dwelling. Replace 2 window(s). Same size, location, number, type. Replace 2 door(s). Same size, location, number, type.. Permit Finaled. 45 E NAVY ST A","address":"45 Navy Street, CA, Venice, 90291, US","ct":"2734.02","ev":"N","apc":"West Los Angeles","cpa":"Venice","zone":"R3-1","solar":"N","pin_nbr":"111B141   612","use_code":"2","geolocation":"POINT (-118.48035 33.99668)","status_date":"08/03/2017","permit_group":"Building","refresh_time":"06/10/2026","type_lat_lon":"ADDRESS","business_unit":"Express Permit"},"geometry":{"type":"Point","coordinates":[-118.48035,33.99668]}},{"type":"Feature","properties":{"date":"2016-04-21T00:00:00.000Z","year":2016,"description":"(1) DOOR CHANGE-OUT (SAME SIZE & TYPE) FOR RESIDENTIAL BUILDINGS.","metadescription":"Bldg-Alter/Repair. Apartment. (1) DOOR CHANGE-OUT (SAME SIZE & TYPE) FOR RESIDENTIAL BUILDINGS.. Permit Finaled. 36 E NAVY ST","address":"36 Navy Street, CA, Venice, 90291, US","ct":"2734.02","ev":"N","apc":"West Los Angeles","cpa":"Venice","zone":"R3-1","solar":"N","pin_nbr":"111B141   689","use_code":"1","geolocation":"POINT (-118.48033 33.99646)","status_date":"05/05/2016","permit_group":"Building","refresh_time":"06/10/2026","type_lat_lon":"ADDRESS","business_unit":"Express Permit"},"geometry":{"type":"Point","coordinates":[-118.48033,33.99646]}},{"type":"Feature","properties":{"date":"2016-04-14T00:00:00.000Z","year":2016,"description":"(# 5 ) DOOR CHANGE-OUT (SAME SIZE & TYPE) FOR RESIDENTIAL BUILDINGS. KITCHEN and BATHROOM REMODEL FOR RESIDENTIAL BUILDINGS (NO STRUCTURAL CHANGES).","metadescription":"Bldg-Alter/Repair. Apartment. (# 5 ) DOOR CHANGE-OUT (SAME SIZE & TYPE) FOR RESIDENTIAL BUILDINGS. KITCHEN and BATHROOM REMODEL FOR RESIDENTIAL BUILDINGS (NO STRUCTURAL CHANGES).. Permit Finaled. 235 S MAIN ST 217","address":"235 Main Street, CA, Venice, 90291, US","ct":"2734.02","ev":"N","apc":"West Los Angeles","cpa":"Venice","zone":"(Q)C4-2D","solar":"N","pin_nbr":"111B141   545","use_code":"35","geolocation":"POINT (-118.47874 33.99683)","status_date":"07/28/2016","permit_group":"Building","refresh_time":"06/10/2026","type_lat_lon":"ADDRESS","business_unit":"Express Permit"},"geometry":{"type":"Point","coordinates":[-118.47874,33.99683]}},{"type":"Feature","properties":{"date":"2016-01-08T00:00:00.000Z","year":2016,"description":"Remodel to existing two story single family dwelling. New windows, doors, kitchen and bathroom remodels.","metadescription":"Bldg-Alter/Repair. 1 or 2 Family Dwelling. Remodel to existing two story single family dwelling. New windows, doors, kitchen and bathroom remodels.. Permit Finaled. 640 N KINGMAN AVE","address":"640 Kingman Avenue, CA, Santa Monica, 90402, US","ct":"2628.02","ev":"N","hl":"YES","apc":"West Los Angeles","zone":"R1-1","solar":"N","pin_nbr":"124-5A133 142","use_code":"1","geolocation":"POINT (-118.50849 34.03535)","status_date":"08/19/2016","permit_group":"Building","refresh_time":"06/10/2026","type_lat_lon":"ADDRESS","business_unit":"Plan Check at Counter"},"geometry":{"type":"Point","coordinates":[-118.50849,34.03535]}},{"type":"Feature","properties":{"date":"2015-02-18T00:00:00.000Z","year":2015,"description":"GENERAL REHABILITATION FOR SINGLE FAMILY DWELLINGS AND DUPLEXES (NON-STRUCTURAL CHANGES, LESS THAN 10% OF REPLACEMENT COST OF BUILDING). WINDOWS AND DOORS CHANGE-OUT (SAME SIZE & TYPE) FOR RESIDENTIAL BUILDINGS. BATHROOM REMODEL COMBINED WITH ELECTRICAL, PLUMBING FOR RESIDENTIAL BUILDINGS (NO STRUCTURAL CHANGES). RE-STUCCO (NO NEW WALLS ADDED) FOR RESIDENTIAL BUILDINGS ONLY.REPLACE DRYWALL AS NEEDED (NO NEW WALLS ADDED) FOR RESIDENTIAL BUILDINGS ONLY.","metadescription":"Bldg-Alter/Repair. 1 or 2 Family Dwelling. GENERAL REHABILITATION FOR SINGLE FAMILY DWELLINGS AND DUPLEXES (NON-STRUCTURAL CHANGES, LESS THAN 10% OF REPLACEMENT COST OF BUILDING). WINDOWS AND DOORS CHANGE-OUT (SAME SIZE & TYPE) FOR RESIDENTIAL BUILDINGS. BATHROOM REMODEL COMBINED WITH ELECTRICAL, PLUMBING FOR RESIDENTIAL BUILDINGS (NO STRUCTURAL CHANGES). RE-STUCCO (NO NEW WALLS ADDED) FOR RESIDENTIAL BUILDINGS ONLY.REPLACE DRYWALL AS NEEDED (NO NEW WALLS ADDED) FOR RESIDENTIAL BUILDINGS ONLY.. Permit Finaled. 13224 W WARREN AVE","address":"13218 Warren Avenue, CA, Los Angeles, 90066, US","ct":"2714.00","ev":"N","apc":"West Los Angeles","cpa":"Palms - Mar Vista - Del Rey","zone":"R1-1","solar":"N","pin_nbr":"114B149   468","use_code":"1","geolocation":"POINT (-118.45445 34.00936)","status_date":"07/01/2015","permit_group":"Building","refresh_time":"06/10/2026","type_lat_lon":"ADDRESS","business_unit":"Express Permit"},"geometry":{"type":"Point","coordinates":[-118.45445,34.00936]}},{"type":"Feature","properties":{"date":"2015-01-15T00:00:00.000Z","year":2015,"description":"CONVERT 23' x 31'11\"  ROOF TO ROOF DECK, ADD SHERAL WALL, HOLD-DOWN, REPLACED WINDOWS ,DOORS  TO (E) DUPLEX PER ENGINEER DETAILS.","metadescription":"Bldg-Alter/Repair. 1 or 2 Family Dwelling. CONVERT 23' x 31'11\"  ROOF TO ROOF DECK, ADD SHERAL WALL, HOLD-DOWN, REPLACED WINDOWS ,DOORS  TO (E) DUPLEX PER ENGINEER DETAILS.. Permit Finaled. 43 E NAVY ST","address":"43 Navy Street, CA, Venice, 90291, US","ct":"2734.02","ev":"N","apc":"West Los Angeles","cpa":"Venice","zone":"R3-1","solar":"N","pin_nbr":"111B141   621","use_code":"2","geolocation":"POINT (-118.48043 33.99664)","status_date":"09/06/2017","permit_group":"Building","refresh_time":"06/10/2026","type_lat_lon":"ADDRESS","business_unit":"Regular Plan Check"},"geometry":{"type":"Point","coordinates":[-118.48043,33.99664]}},{"type":"Feature","properties":{"date":"2014-11-04T00:00:00.000Z","year":2014,"description":"(10)Window change-out (same size & type) for residential buildings.  Dual glazing, labeled and certified by National Fenestration Rating Council (NFRC), is required for doors and windows replaced in all residential buildings, three stories or less, per Section 152(b) of Title 24.","metadescription":"Bldg-Alter/Repair. 1 or 2 Family Dwelling. (10)Window change-out (same size & type) for residential buildings.  Dual glazing, labeled and certified by National Fenestration Rating Council (NFRC), is required for doors and windows replaced in all residential buildings, three stories or less, per Section 152(b) of Title 24.. Permit Expired. 1507 S GLYNDON AVE","address":"1507 Glyndon Avenue, CA, Venice, 90291, US","ct":"2731.00","ev":"N","apc":"West Los Angeles","cpa":"Venice","zone":"R1-1VLD","solar":"N","pin_nbr":"114B149   992","use_code":"1","geolocation":"POINT (-118.45693 34.00524)","status_date":"11/28/2016","permit_group":"Building","refresh_time":"06/10/2026","type_lat_lon":"ADDRESS","business_unit":"Express Permit"},"geometry":{"type":"Point","coordinates":[-118.45693,34.00524]}},{"type":"Feature","properties":{"date":"2014-10-31T00:00:00.000Z","year":2014,"description":"WINDOW AND DOOR CHANGE-OUT (SAME SIZE & TYPE) FOR RESIDENTIAL BUILDINGS.","metadescription":"Bldg-Alter/Repair. Apartment. WINDOW AND DOOR CHANGE-OUT (SAME SIZE & TYPE) FOR RESIDENTIAL BUILDINGS.. Permit Expired. 15 E ROSE AVE 1","address":"1-10, 15 Rose Avenue, CA, Venice, 90291, US","ct":"2734.02","ev":"N","apc":"West Los Angeles","cpa":"Venice","zone":"R3-1","solar":"N","pin_nbr":"109-5A141  74","use_code":"11","geolocation":"POINT (-118.48006 33.99513)","status_date":"11/24/2016","permit_group":"Building","refresh_time":"06/10/2026","type_lat_lon":"ADDRESS","business_unit":"Express Permit"},"geometry":{"type":"Point","coordinates":[-118.48006,33.99513]}},{"type":"Feature","properties":{"date":"2014-10-30T00:00:00.000Z","year":2014,"description":"Kitchen/bathroom remodel for residential buildings (no structural changes).-TILE & CABINETS.  (15)Windows change-out (same size & type) for residential buildings.  Dual glazing, labeled and certified by National Fenestration Rating Council (NFRC), is required for doors and windows replaced in all residential buildings, three stories or less, per Section 152(b) of Title 24. UNIT #3","metadescription":"Bldg-Alter/Repair. Apartment. Kitchen/bathroom remodel for residential buildings (no structural changes).-TILE & CABINETS.  (15)Windows change-out (same size & type) for residential buildings.  Dual glazing, labeled and certified by National Fenestration Rating Council (NFRC), is required for doors and windows replaced in all residential buildings, three stories or less, per Section 152(b) of Title 24. UNIT #3. Permit Finaled. 17 E DUDLEY AVE #3","address":"21 Dudley Avenue, CA, Venice, 90291, US","ct":"2734.02","ev":"N","apc":"West Los Angeles","cpa":"Venice","zone":"RD1.5-1","solar":"N","pin_nbr":"109-5A141 111","use_code":"5","geolocation":"POINT (-118.47935 33.99438)","status_date":"05/01/2025","permit_group":"Building","refresh_time":"06/10/2026","type_lat_lon":"ADDRESS","business_unit":"Express Permit"},"geometry":{"type":"Point","coordinates":[-118.47935,33.99438]}},{"type":"Feature","properties":{"date":"2014-08-22T00:00:00.000Z","year":2014,"description":"TO CORRECT FLOOR AREA ON PERMIT ISSUED UNDER 13016-10000-10498 TO 2,570SF. AND TO INCLUDE ROOFED OUTDOOR DINING AREA . ALSO TO CAPTURE ONSITE SALES AND CONSUMPTION OF ALCOHOLIC BEVERAGES PER ZA 2013-1771(CUB). SEE COMMENTS.","metadescription":"Bldg-Alter/Repair. Commercial. TO CORRECT FLOOR AREA ON PERMIT ISSUED UNDER 13016-10000-10498 TO 2,570SF. AND TO INCLUDE ROOFED OUTDOOR DINING AREA . ALSO TO CAPTURE ONSITE SALES AND CONSUMPTION OF ALCOHOLIC BEVERAGES PER ZA 2013-1771(CUB). SEE COMMENTS.. Permit Expired. 245 S MAIN ST","address":"245 Main Street, CA, Venice, 90291, US","ct":"2734.02","ev":"N","apc":"West Los Angeles","cpa":"Venice","zone":"(Q)C4-2D","solar":"N","pin_nbr":"111B141   545","use_code":"17","geolocation":"POINT (-118.47872 33.99681)","status_date":"09/22/2016","permit_group":"Building","refresh_time":"06/10/2026","type_lat_lon":"ADDRESS","business_unit":"Plan Check at Counter","square_footage":"2570"},"geometry":{"type":"Point","coordinates":[-118.47872,33.99681]}},{"type":"Feature","properties":{"date":"2014-08-01T00:00:00.000Z","year":2014,"description":"Supplimental permit to 13014-30000-05310 to enlarge elevator lobby within existing footprint, change existing doors, and structural changes. No change in building footprint or added square footage.","metadescription":"Bldg-Alter/Repair. 1 or 2 Family Dwelling. Supplimental permit to 13014-30000-05310 to enlarge elevator lobby within existing footprint, change existing doors, and structural changes. No change in building footprint or added square footage.. Permit Finaled. 520 N STASSI LANE","address":"520 Stassi Lane, CA, Santa Monica, 90402, US","ct":"2628.02","ev":"N","hl":"YES","apc":"West Los Angeles","zone":"R1-1D-O","solar":"N","pin_nbr":"123A133    37","use_code":"1","geolocation":"POINT (-118.51015285 34.03251308)","status_date":"11/17/2014","permit_group":"Building","refresh_time":"06/10/2026","type_lat_lon":"BUILDING","business_unit":"Plan Check at Counter"},"geometry":{"type":"Point","coordinates":[-118.51015285,34.03251308]}},{"type":"Feature","properties":{"date":"2014-06-18T00:00:00.000Z","year":2014,"description":"Window (3)  change-out (same size & type) for residential buildings.Dual glazing, labeled and certified by National Fenestration Rating Council (NFRC), is required for doors and windows replaced in all residential buildings, three stories or less, per Section 152(b) of Title 24.  Valuation to be verified by Inspector.","metadescription":"Bldg-Alter/Repair. Apartment. Window (3)  change-out (same size & type) for residential buildings.Dual glazing, labeled and certified by National Fenestration Rating Council (NFRC), is required for doors and windows replaced in all residential buildings, three stories or less, per Section 152(b) of Title 24.  Valuation to be verified by Inspector.. Permit Expired. 22 E NAVY ST #303","address":"1-21, 22 Navy Street, CA, Venice, 90291, US","ct":"2734.02","ev":"N","apc":"West Los Angeles","cpa":"Venice","zone":"R3-1","solar":"N","pin_nbr":"111B141   711","use_code":"5","geolocation":"POINT (-118.48083 33.99615)","status_date":"07/28/2016","permit_group":"Building","refresh_time":"06/10/2026","type_lat_lon":"ADDRESS","business_unit":"Express Permit"},"geometry":{"type":"Point","coordinates":[-118.48083,33.99615]}},{"type":"Feature","properties":{"date":"2014-06-03T00:00:00.000Z","year":2014,"description":"ADDITION TO EXIST. SFD (167 SF) . INTERIOR RENOVATION AND REPLACEMENT OF EXISTING WINDOWS AND DOORS AS PER ENGINEER OF RECORD.","metadescription":"Bldg-Addition. 1 or 2 Family Dwelling. ADDITION TO EXIST. SFD (167 SF) . INTERIOR RENOVATION AND REPLACEMENT OF EXISTING WINDOWS AND DOORS AS PER ENGINEER OF RECORD.. CofO Issued. 711 N KINGMAN AVE","address":"711 Kingman Avenue, CA, Santa Monica, 90402, US","ct":"2628.02","ev":"N","hl":"YES","apc":"West Los Angeles","zone":"R1-1","solar":"N","pin_nbr":"124-5A133   9","use_code":"1","geolocation":"POINT (-118.5087959 34.03722777)","status_date":"02/26/2024","construction":"Type V-B Construction","permit_group":"Building","refresh_time":"06/10/2026","type_lat_lon":"BUILDING","business_unit":"Plan Check at Counter","square_footage":"1498"},"geometry":{"type":"Point","coordinates":[-118.5087959,34.03722777]}},{"type":"Feature","properties":{"date":"2013-11-18T00:00:00.000Z","year":2013,"description":"CHANGE OUT (8) WINDOW(S) AND (2) DOOR(S)  (SAME SIZE & TYPE FOR RESIDENTIAL BUILDINGS ONLY) DUAL GLAZING, LABELED AND CERTIFIED BY NATIONAL FENESTRATION RATING COUNCIL (NFRC), IS REQUIRED FOR DOORS AND WINDOWS REPLACED IN ALL RESIDENTIAL BUILDINGS, THREE STORIES OR LESS, PER SECTION 152(B) OF TITLE 24. (2) BATHROOM REMODEL COMBINED WITH ELECTRICAL, PLUMBING AND HVAC (FOR RESIDENTIAL BUILDINGS; NO STRUCTURAL CHANGES).","metadescription":"Bldg-Alter/Repair. 1 or 2 Family Dwelling. CHANGE OUT (8) WINDOW(S) AND (2) DOOR(S)  (SAME SIZE & TYPE FOR RESIDENTIAL BUILDINGS ONLY) DUAL GLAZING, LABELED AND CERTIFIED BY NATIONAL FENESTRATION RATING COUNCIL (NFRC), IS REQUIRED FOR DOORS AND WINDOWS REPLACED IN ALL RESIDENTIAL BUILDINGS, THREE STORIES OR LESS, PER SECTION 152(B) OF TITLE 24. (2) BATHROOM REMODEL COMBINED WITH ELECTRICAL, PLUMBING AND HVAC (FOR RESIDENTIAL BUILDINGS; NO STRUCTURAL CHANGES).. Permit Finaled. 1360 W ROSE AVE","address":"1360 Rose Avenue, CA, Venice, 90291, US","ct":"2731.00","ev":"N","apc":"West Los Angeles","cpa":"Venice","zone":"R1-1VLD","solar":"N","pin_nbr":"114B149   717","use_code":"1","geolocation":"POINT (-118.45581 34.00755)","status_date":"08/15/2014","permit_group":"Building","refresh_time":"06/10/2026","type_lat_lon":"ADDRESS","business_unit":"Express Permit"},"geometry":{"type":"Point","coordinates":[-118.45581,34.00755]}},{"type":"Feature","properties":{"date":"2013-09-04T00:00:00.000Z","year":2013,"description":"Replace 2 window(s). Same size, location, number, type. Replace 4 door(s). Same size, location, number, type.","metadescription":"Bldg-Alter/Repair. 1 or 2 Family Dwelling. Replace 2 window(s). Same size, location, number, type. Replace 4 door(s). Same size, location, number, type.. Permit Finaled. 508 S AMALFI CT","address":"504 Amalfi Court, CA, Santa Monica, 90402, US","ct":"2628.02","ev":"N","hl":"YES","apc":"West Los Angeles","zone":"R1-1-O","solar":"N","pin_nbr":"124-5A133 253","use_code":"1","geolocation":"POINT (-118.51154 34.03319)","status_date":"01/16/2014","permit_group":"Building","refresh_time":"06/10/2026","type_lat_lon":"ADDRESS","business_unit":"Express Permit"},"geometry":{"type":"Point","coordinates":[-118.51154,34.03319]}},{"type":"Feature","properties":{"date":"2013-03-28T00:00:00.000Z","year":2013,"description":"CHANGE OUT #7 WINDOW(S) (SAME SIZE & TYPE FOR RESIDENTIAL BUILDINGS ONLY) DUAL GLAZING, LABELED AND CERTIFIED BY NATIONAL FENESTRATION RATING COUNCIL (NFRC), IS REQUIRED FOR DOORS AND WINDOWS REPLACED IN ALL RESIDENTIAL BUILDINGS, THREE STORIES OR LESS, PER SECTION 152(B) OF TITLE 24.","metadescription":"Bldg-Alter/Repair. Apartment. CHANGE OUT #7 WINDOW(S) (SAME SIZE & TYPE FOR RESIDENTIAL BUILDINGS ONLY) DUAL GLAZING, LABELED AND CERTIFIED BY NATIONAL FENESTRATION RATING COUNCIL (NFRC), IS REQUIRED FOR DOORS AND WINDOWS REPLACED IN ALL RESIDENTIAL BUILDINGS, THREE STORIES OR LESS, PER SECTION 152(B) OF TITLE 24.. Permit Finaled. 40 E ROSE AVE #8","address":"1-8, 40 Rose Avenue, CA, Venice, 90291, US","ct":"2734.02","ev":"N","apc":"West Los Angeles","cpa":"Venice","zone":"R3-1","solar":"N","pin_nbr":"109-5A141  76","use_code":"5","geolocation":"POINT (-118.47918 33.99524)","status_date":"07/24/2013","permit_group":"Building","refresh_time":"06/10/2026","type_lat_lon":"ADDRESS","business_unit":"Express Permit"},"geometry":{"type":"Point","coordinates":[-118.47918,33.99524]}},{"type":"Feature","properties":{"date":"2013-03-13T00:00:00.000Z","year":2013,"description":"CHANGE OUT #2 DOOR(S)  (SAME SIZE & TYPE FOR RESIDENTIAL BUILDINGS ONLY) DUAL GLAZING, LABELED AND CERTIFIED BY NATIONAL FENESTRATION RATING COUNCIL (NFRC), IS REQUIRED FOR DOORS AND WINDOWS REPLACED IN ALL RESIDENTIAL BUILDINGS, THREE STORIES OR LESS, PER SECTION 152(B) OF TITLE 24.","metadescription":"Bldg-Alter/Repair. Apartment. CHANGE OUT #2 DOOR(S)  (SAME SIZE & TYPE FOR RESIDENTIAL BUILDINGS ONLY) DUAL GLAZING, LABELED AND CERTIFIED BY NATIONAL FENESTRATION RATING COUNCIL (NFRC), IS REQUIRED FOR DOORS AND WINDOWS REPLACED IN ALL RESIDENTIAL BUILDINGS, THREE STORIES OR LESS, PER SECTION 152(B) OF TITLE 24.. Permit Finaled. 22 E NAVY ST #107","address":"1-21, 22 Navy Street, CA, Venice, 90291, US","ct":"2734.00","ev":"N","apc":"West Los Angeles","cpa":"Venice","zone":"R3-1","solar":"N","pin_nbr":"111B141   711","use_code":"35","geolocation":"POINT (-118.48083 33.99615)","status_date":"06/26/2013","permit_group":"Building","refresh_time":"06/10/2026","type_lat_lon":"ADDRESS","business_unit":"Express Permit"},"geometry":{"type":"Point","coordinates":[-118.48083,33.99615]}},{"type":"Feature","properties":{"date":"2012-10-24T00:00:00.000Z","year":2012,"description":"BATHROOM REMODEL IN (E) SFD. REMOVE TWO DOORS AND ADD ONE DOOR. REPLACE (E) DOOR WITH (N) WINDOW.","metadescription":"Bldg-Alter/Repair. 1 or 2 Family Dwelling. BATHROOM REMODEL IN (E) SFD. REMOVE TWO DOORS AND ADD ONE DOOR. REPLACE (E) DOOR WITH (N) WINDOW.. Issued. 601 N SAN LORENZO ST","address":"601 San Lorenzo Street, CA, Santa Monica, 90402, US","ct":"2628.02","ev":"N","hl":"YES","apc":"West Los Angeles","zone":"R1-1-O","solar":"N","pin_nbr":"124-5A133 192","use_code":"1","geolocation":"POINT (-118.50961 34.03452)","status_date":"10/24/2012","permit_group":"Building","refresh_time":"06/10/2026","type_lat_lon":"ADDRESS","business_unit":"Plan Check at Counter"},"geometry":{"type":"Point","coordinates":[-118.50961,34.03452]}},{"type":"Feature","properties":{"date":"2012-08-21T00:00:00.000Z","year":2012,"description":"convert existing market (750 S.F.) inside the existing  restaurant  to dining area and food/service bar  and   add outdoor open dining patio(unroof, unenclosed, no projection above )per DIR 2011-2962-SPP","metadescription":"Bldg-Alter/Repair. Commercial. convert existing market (750 S.F.) inside the existing  restaurant  to dining area and food/service bar  and   add outdoor open dining patio(unroof, unenclosed, no projection above )per DIR 2011-2962-SPP. CofO Issued. 220 E ROSE AVE","address":"220 Rose Avenue, CA, Venice, 90291, US","ct":"2734.02","ev":"N","apc":"West Los Angeles","cpa":"Venice","zone":"M1-1","solar":"N","pin_nbr":"111B141   725","use_code":"17","geolocation":"POINT (-118.47721 33.99624)","status_date":"01/24/2015","construction":"Type III-A Construction","permit_group":"Building","refresh_time":"06/10/2026","type_lat_lon":"ADDRESS","business_unit":"Plan Check at Counter","square_footage":"0"},"geometry":{"type":"Point","coordinates":[-118.47721,33.99624]}},{"type":"Feature","properties":{"date":"2012-08-01T00:00:00.000Z","year":2012,"description":"NON-STRUCT REMODEL TO (E) SFD: REMODEL (2) FULL BATHROOMS WITHIN (E) 2-STORY SFD.  BATHROOM ON 2ND FLOOR TO ADD A NON-BEARING WALL W/ A (N) 32\" WIDTH POCKET DOOR.  ALL WORK IS INTERIOR, NON-STRUCTURAL, AND PER WFPP SHEET.","metadescription":"Bldg-Alter/Repair. 1 or 2 Family Dwelling. NON-STRUCT REMODEL TO (E) SFD: REMODEL (2) FULL BATHROOMS WITHIN (E) 2-STORY SFD.  BATHROOM ON 2ND FLOOR TO ADD A NON-BEARING WALL W/ A (N) 32\" WIDTH POCKET DOOR.  ALL WORK IS INTERIOR, NON-STRUCTURAL, AND PER WFPP SHEET.. Permit Finaled. 644 N KINGMAN AVE","address":"640 Kingman Avenue, CA, Santa Monica, 90402, US","ct":"2628.00","ev":"N","hl":"YES","apc":"West Los Angeles","zone":"R1-1","solar":"N","pin_nbr":"124-5A133 133","use_code":"1","geolocation":"POINT (-118.50845 34.03549)","status_date":"02/13/2013","permit_group":"Building","refresh_time":"06/10/2026","type_lat_lon":"ADDRESS","business_unit":"Plan Check at Counter"},"geometry":{"type":"Point","coordinates":[-118.50845,34.03549]}},{"type":"Feature","properties":{"date":"2012-04-25T00:00:00.000Z","year":2012,"description":"EXTERIOR REMODEL AT ENTRANCE TO (E) RESTAURANT - REPLACE (E) WINDOWS WITH (N) DOUBLE DOORS AND INSTALL NEW 42\" HIGH HANDRAIL TO ENCLOSE THE FRONT PORCH.FRONT PORCH IS NOT PERMITTED AS OUTDOOR DINNING AREA.","metadescription":"Bldg-Alter/Repair. Commercial. EXTERIOR REMODEL AT ENTRANCE TO (E) RESTAURANT - REPLACE (E) WINDOWS WITH (N) DOUBLE DOORS AND INSTALL NEW 42\" HIGH HANDRAIL TO ENCLOSE THE FRONT PORCH.FRONT PORCH IS NOT PERMITTED AS OUTDOOR DINNING AREA.. Permit Finaled. 213 E ROSE AVE","address":"213 Rose Avenue, CA, Venice, 90291, US","ct":"2734.00","ev":"N","apc":"West Los Angeles","cpa":"Venice","zone":"M1-1","solar":"N","pin_nbr":"111B141   673","use_code":"17","geolocation":"POINT (-118.4776 33.99638)","status_date":"07/17/2013","permit_group":"Building","refresh_time":"06/10/2026","type_lat_lon":"ADDRESS","business_unit":"Plan Check at Counter"},"geometry":{"type":"Point","coordinates":[-118.4776,33.99638]}},{"type":"Feature","properties":{"date":"2011-11-10T00:00:00.000Z","year":2011,"description":"Replace 2 window(s). Same size, location, number, type.  Replace 2 door(s). Same size, location, number, type.","metadescription":"Bldg-Alter/Repair. 1 or 2 Family Dwelling. Replace 2 window(s). Same size, location, number, type.  Replace 2 door(s). Same size, location, number, type.. Permit Expired. 48 E DUDLEY AVE","address":"48 1/2 Dudley Avenue, CA, Venice, 90291, US","ct":"2734.02","ev":"N","apc":"West Los Angeles","cpa":"Venice","zone":"RD1.5-1","solar":"N","pin_nbr":"109-5A143 141","use_code":"1","geolocation":"POINT (-118.47849 33.99473)","status_date":"12/04/2013","permit_group":"Building","refresh_time":"06/10/2026","type_lat_lon":"ADDRESS","business_unit":"Express Permit"},"geometry":{"type":"Point","coordinates":[-118.47849,33.99473]}},{"type":"Feature","properties":{"date":"2011-01-28T00:00:00.000Z","year":2011,"description":"Window change-out (same size, type, and location) for residential buildings.  Dual glazing, labeled and certified by National Fenestration Rating Council (NFRC), is required for doors and windows replaced in all residential buildings, three stories or less, per Section 152(b) of Title 24.  No structural changes.  Valuation to be verified by the field inspector.  UNITS 101, 114, 201, 215","metadescription":"Bldg-Alter/Repair. Apartment. Window change-out (same size, type, and location) for residential buildings.  Dual glazing, labeled and certified by National Fenestration Rating Council (NFRC), is required for doors and windows replaced in all residential buildings, three stories or less, per Section 152(b) of Title 24.  No structural changes.  Valuation to be verified by the field inspector.  UNITS 101, 114, 201, 215. Permit Expired. 55 E NAVY ST","address":"1-30, 55 Navy Street, CA, Venice, 90291, US","ct":"2734.00","ev":"N","apc":"West Los Angeles","cpa":"Venice","zone":"R3-1","solar":"N","pin_nbr":"111B141   576","use_code":"5","geolocation":"POINT (-118.48 33.99691)","status_date":"02/22/2013","permit_group":"Building","refresh_time":"06/10/2026","type_lat_lon":"ADDRESS","business_unit":"Express Permit"},"geometry":{"type":"Point","coordinates":[-118.48,33.99691]}},{"type":"Feature","properties":{"date":"2010-12-16T00:00:00.000Z","year":2010,"description":"Replace 2 door(s). Same size, location, number, type.","metadescription":"Bldg-Alter/Repair. 1 or 2 Family Dwelling. Replace 2 door(s). Same size, location, number, type.. Permit Expired. 104 E DUDLEY AVE","address":"1-2, 104 Dudley Avenue, CA, Venice, 90291, US","ct":"2734.00","ev":"N","apc":"West Los Angeles","cpa":"Venice","zone":"R3-1","solar":"N","pin_nbr":"109-5A143  96","use_code":"2","geolocation":"POINT (-118.47787 33.99515)","status_date":"01/31/2013","permit_group":"Building","refresh_time":"06/10/2026","type_lat_lon":"ADDRESS","business_unit":"Express Permit"},"geometry":{"type":"Point","coordinates":[-118.47787,33.99515]}},{"type":"Feature","properties":{"date":"2010-08-11T00:00:00.000Z","year":2010,"description":"CONVERT (E) EXTERIOR DOOR TO 3'X3' WINDOW LOCATED AT 3RD FLOOR OF APARTMENT BUILDING.","metadescription":"Bldg-Alter/Repair. Apartment. CONVERT (E) EXTERIOR DOOR TO 3'X3' WINDOW LOCATED AT 3RD FLOOR OF APARTMENT BUILDING.. Permit Finaled. 51 E ROSE AVE","address":"1-4, 51 Rose Avenue, CA, Venice, 90291, US","ct":"2734.00","ev":"N","apc":"West Los Angeles","cpa":"Venice","zone":"R3-1","solar":"N","pin_nbr":"109-5A141  32","use_code":"5","geolocation":"POINT (-118.47905 33.99566)","status_date":"09/30/2010","permit_group":"Building","refresh_time":"06/10/2026","type_lat_lon":"ADDRESS","business_unit":"Plan Check at Counter"},"geometry":{"type":"Point","coordinates":[-118.47905,33.99566]}},{"type":"Feature","properties":{"date":"2010-08-02T00:00:00.000Z","year":2010,"description":"CHANGE OUT 15 WINDOW(S)   (SAME SIZE & TYPE FOR RESIDENTIAL BUILDINGS ONLY) DUAL GLAZING, LABELED AND CERTIFIED BY NATIONAL FENESTRATION RATING COUNCIL (NFRC), IS REQUIRED FOR DOORS AND WINDOWS REPLACED IN ALL RESIDENTIAL BUILDINGS, THREE STORIES OR LESS, PER SECTION 152(B) OF TITLE 24.   IN UNIT # 1, 2, 3, 4, 5, 6, 9, 10, 11, 12, 13, 14, 18, 19, 20, AND 21.","metadescription":"Bldg-Alter/Repair. Apartment. CHANGE OUT 15 WINDOW(S)   (SAME SIZE & TYPE FOR RESIDENTIAL BUILDINGS ONLY) DUAL GLAZING, LABELED AND CERTIFIED BY NATIONAL FENESTRATION RATING COUNCIL (NFRC), IS REQUIRED FOR DOORS AND WINDOWS REPLACED IN ALL RESIDENTIAL BUILDINGS, THREE STORIES OR LESS, PER SECTION 152(B) OF TITLE 24.   IN UNIT # 1, 2, 3, 4, 5, 6, 9, 10, 11, 12, 13, 14, 18, 19, 20, AND 21.. Permit Finaled. 51 E ROSE AVE","address":"1-4, 51 Rose Avenue, CA, Venice, 90291, US","ct":"2734.00","ev":"N","apc":"West Los Angeles","cpa":"Venice","zone":"R3-1","solar":"N","pin_nbr":"109-5A141  32","use_code":"5","geolocation":"POINT (-118.47905 33.99566)","status_date":"10/12/2010","permit_group":"Building","refresh_time":"06/10/2026","type_lat_lon":"ADDRESS","business_unit":"Express Permit"},"geometry":{"type":"Point","coordinates":[-118.47905,33.99566]}},{"type":"Feature","properties":{"date":"2010-07-23T00:00:00.000Z","year":2010,"description":"CHANGE OUT # 12  WINDOW(S)  (SAME SIZE & TYPE FOR RESIDENTIAL BUILDINGS ONLY) DUAL GLAZING, LABELED AND CERTIFIED BY NATIONAL FENESTRATION RATING COUNCIL (NFRC), IS REQUIRED FOR DOORS AND WINDOWS REPLACED IN ALL RESIDENTIAL BUILDINGS, THREE STORIES OR LESS, PER SECTION 152(B) OF TITLE 24.","metadescription":"Bldg-Alter/Repair. 1 or 2 Family Dwelling. CHANGE OUT # 12  WINDOW(S)  (SAME SIZE & TYPE FOR RESIDENTIAL BUILDINGS ONLY) DUAL GLAZING, LABELED AND CERTIFIED BY NATIONAL FENESTRATION RATING COUNCIL (NFRC), IS REQUIRED FOR DOORS AND WINDOWS REPLACED IN ALL RESIDENTIAL BUILDINGS, THREE STORIES OR LESS, PER SECTION 152(B) OF TITLE 24.. Permit Finaled. 31 E ROSE AVE UNIT A","address":"1-2, 31 Rose Avenue, CA, Venice, 90291, US","ct":"2734.00","ev":"N","apc":"West Los Angeles","cpa":"Venice","zone":"R3-1","solar":"N","pin_nbr":"109-5A141  58","use_code":"2","geolocation":"POINT (-118.47966 33.9953)","status_date":"07/27/2010","permit_group":"Building","refresh_time":"06/10/2026","type_lat_lon":"ADDRESS","business_unit":"Express Permit"},"geometry":{"type":"Point","coordinates":[-118.47966,33.9953]}},{"type":"Feature","properties":{"date":"2010-07-20T00:00:00.000Z","year":2010,"description":"Window change-out (same size, type, and location) for residential buildings.  Dual glazing, labeled and certified by National Fenestration Rating Council (NFRC), is required for doors and windows replaced in all residential buildings, three stories or less, per Section 152(b) of Title 24.  No structural changes.  Valuation to be verified by the field inspector","metadescription":"Bldg-Alter/Repair. Apartment. Window change-out (same size, type, and location) for residential buildings.  Dual glazing, labeled and certified by National Fenestration Rating Council (NFRC), is required for doors and windows replaced in all residential buildings, three stories or less, per Section 152(b) of Title 24.  No structural changes.  Valuation to be verified by the field inspector. Permit Finaled. 58 E DUDLEY AVE 1","address":"1-3, 58 Dudley Avenue, CA, Venice, 90291, US","ct":"2734.00","ev":"N","apc":"West Los Angeles","cpa":"Venice","zone":"RD1.5-1","solar":"N","pin_nbr":"109-5A143 115","use_code":"5","geolocation":"POINT (-118.47817 33.99494)","status_date":"07/29/2010","permit_group":"Building","refresh_time":"06/10/2026","type_lat_lon":"ADDRESS","business_unit":"Express Permit"},"geometry":{"type":"Point","coordinates":[-118.47817,33.99494]}},{"type":"Feature","properties":{"date":"2010-07-20T00:00:00.000Z","year":2010,"description":"Window and door change-out (same size, type, and location) for residential buildings.  Dual glazing, labeled and certified by National Fenestration Rating Council (NFRC), is required for doors and windows replaced in all residential buildings, three stories or less, per Section 152(b) of Title 24.  No structural changes.  Valuation to be verified by the field inspector.","metadescription":"Bldg-Alter/Repair. 1 or 2 Family Dwelling. Window and door change-out (same size, type, and location) for residential buildings.  Dual glazing, labeled and certified by National Fenestration Rating Council (NFRC), is required for doors and windows replaced in all residential buildings, three stories or less, per Section 152(b) of Title 24.  No structural changes.  Valuation to be verified by the field inspector.. Permit Finaled. 486 N EAST CHANNEL ROAD","address":"486 East Channel Road, CA, Santa Monica, 90402, US","ct":"2628.02","ev":"N","hl":"YES","apc":"West Los Angeles","zone":"R1-1-O","solar":"N","pin_nbr":"123B129   463","use_code":"1","geolocation":"POINT (-118.51238 34.03339)","status_date":"02/03/2017","permit_group":"Building","refresh_time":"06/10/2026","type_lat_lon":"ADDRESS","business_unit":"Express Permit"},"geometry":{"type":"Point","coordinates":[-118.51238,34.03339]}},{"type":"Feature","properties":{"date":"2010-06-28T00:00:00.000Z","year":2010,"description":"LOWER THE SECURITY BAR RELEASE HANDLE TO BE MAX 48\" FROM THE FINISH FLOOR OF UNIT 2-12. CHANGE OUT 3 WINDOW(S) AND 2 DOOR(S)  (SAME SIZE & TYPE FOR RESIDENTIAL BUILDINGS ONLY)","metadescription":"Bldg-Alter/Repair. Apartment. LOWER THE SECURITY BAR RELEASE HANDLE TO BE MAX 48\" FROM THE FINISH FLOOR OF UNIT 2-12. CHANGE OUT 3 WINDOW(S) AND 2 DOOR(S)  (SAME SIZE & TYPE FOR RESIDENTIAL BUILDINGS ONLY). Permit Finaled. 45 E ROSE AVE 2-12","address":"1-45, 45 Rose Avenue, CA, Venice, 90291, US","ct":"2734.00","ev":"N","apc":"West Los Angeles","cpa":"Venice","zone":"R3-1","solar":"N","pin_nbr":"109-5A141  42","use_code":"5","geolocation":"POINT (-118.47924 33.9956)","status_date":"07/16/2010","permit_group":"Building","refresh_time":"06/10/2026","type_lat_lon":"ADDRESS","business_unit":"Express Permit"},"geometry":{"type":"Point","coordinates":[-118.47924,33.9956]}},{"type":"Feature","properties":{"date":"2010-05-12T00:00:00.000Z","year":2010,"description":"CHANGE OUT 1 WINDOW  (SAME SIZE & TYPE FOR RESIDENTIAL BUILDINGS ONLY) DUAL GLAZING, LABELED AND CERTIFIED BY NATIONAL FENESTRATION RATING COUNCIL (NFRC), IS REQUIRED FOR DOORS AND WINDOWS REPLACED IN ALL RESIDENTIAL BUILDINGS, THREE STORIES OR LESS, PER SECTION 152(B) OF TITLE 24.  KITCHEN REMODEL COMBINED WITH ELECTRICAL, PLUMBING AND HVAC (FOR RESIDENTIAL BUILDINGS; NO STRUCTURAL CHANGES).  NEW STUCCO; SPECIFIC LOCATION: AROUND RELACEMENT WINDOW.  REPLACE DRYWALL (NO NEW WALLS ADDED) SPECIFIC LOCATION: KITCHEN CEILING AND WALLS.","metadescription":"Bldg-Alter/Repair. 1 or 2 Family Dwelling. CHANGE OUT 1 WINDOW  (SAME SIZE & TYPE FOR RESIDENTIAL BUILDINGS ONLY) DUAL GLAZING, LABELED AND CERTIFIED BY NATIONAL FENESTRATION RATING COUNCIL (NFRC), IS REQUIRED FOR DOORS AND WINDOWS REPLACED IN ALL RESIDENTIAL BUILDINGS, THREE STORIES OR LESS, PER SECTION 152(B) OF TITLE 24.  KITCHEN REMODEL COMBINED WITH ELECTRICAL, PLUMBING AND HVAC (FOR RESIDENTIAL BUILDINGS; NO STRUCTURAL CHANGES).  NEW STUCCO; SPECIFIC LOCATION: AROUND RELACEMENT WINDOW.  REPLACE DRYWALL (NO NEW WALLS ADDED) SPECIFIC LOCATION: KITCHEN CEILING AND WALLS.. Permit Finaled. 13224 W WARREN AVE","address":"13218 Warren Avenue, CA, Los Angeles, 90066, US","ct":"2714.00","ev":"N","apc":"West Los Angeles","cpa":"Palms - Mar Vista - Del Rey","zone":"R1-1","solar":"N","pin_nbr":"114B149   468","use_code":"1","geolocation":"POINT (-118.45445 34.00936)","status_date":"07/12/2015","permit_group":"Building","refresh_time":"06/10/2026","type_lat_lon":"ADDRESS","business_unit":"Express Permit"},"geometry":{"type":"Point","coordinates":[-118.45445,34.00936]}},{"type":"Feature","properties":{"date":"2010-02-01T00:00:00.000Z","year":2010,"description":"CHANGES TO PREVIOUS PERMIT SET INCLUDING MOVING SKYLIGHTS, ADDING SKYLIGHTS,  MOVING WALLS, MOVING FRONT DOOR LOCATION, DELETING WINDOWS.","metadescription":"Bldg-Alter/Repair. 1 or 2 Family Dwelling. CHANGES TO PREVIOUS PERMIT SET INCLUDING MOVING SKYLIGHTS, ADDING SKYLIGHTS,  MOVING WALLS, MOVING FRONT DOOR LOCATION, DELETING WINDOWS.. Permit Finaled. 592 N ENTRADA DR","address":"588 Entrada Drive, CA, Santa Monica, 90402, US","ct":"2628.00","ev":"N","hl":"YES","apc":"West Los Angeles","zone":"R1-1D-O","solar":"N","pin_nbr":"124-5A133 212","use_code":"1","geolocation":"POINT (-118.50955 34.03417)","status_date":"07/27/2010","permit_group":"Building","refresh_time":"06/10/2026","type_lat_lon":"ADDRESS","business_unit":"Regular Plan Check"},"geometry":{"type":"Point","coordinates":[-118.50955,34.03417]}},{"type":"Feature","properties":{"date":"2009-07-16T00:00:00.000Z","year":2009,"description":"INSTALL NEW MANTEL BRICK VENNER AND WOOD TO EXISTING FIRE PLACE (INTERIOR ONLY), CLOSE OFF 1 DOOR IN JACK AND JILL BATH ROOM, INSTALL 1 NEW DOOR JAMB REMOVE WALL TILE AND DRY WALL, TILE BATH ROOM FLOORS AND SHOWER CLOSE OFF 1 DOOR IN 1/2 BATH ROOM, <SEE COMMENTS>","metadescription":"Bldg-Alter/Repair. 1 or 2 Family Dwelling. INSTALL NEW MANTEL BRICK VENNER AND WOOD TO EXISTING FIRE PLACE (INTERIOR ONLY), CLOSE OFF 1 DOOR IN JACK AND JILL BATH ROOM, INSTALL 1 NEW DOOR JAMB REMOVE WALL TILE AND DRY WALL, TILE BATH ROOM FLOORS AND SHOWER CLOSE OFF 1 DOOR IN 1/2 BATH ROOM, <SEE COMMENTS>. Permit Finaled. 421 N WEST CHANNEL ROAD","address":"421 West Channel Road, CA, Santa Monica, 90402, US","ct":"2628.00","ev":"N","hl":"YES","apc":"West Los Angeles","zone":"R1-1","solar":"N","pin_nbr":"123B129   684","use_code":"1","geolocation":"POINT (-118.51287 34.03161)","status_date":"11/05/2009","permit_group":"Building","refresh_time":"06/10/2026","type_lat_lon":"ADDRESS","business_unit":"Plan Check at Counter"},"geometry":{"type":"Point","coordinates":[-118.51287,34.03161]}},{"type":"Feature","properties":{"date":"2009-07-10T00:00:00.000Z","year":2009,"description":"Window change-out (same size, type, and location) for residential buildings.  Dual glazing, labeled and certified by National Fenestration Rating Council (NFRC), is required for doors and windows replaced in all residential buildings, three stories or less, per Section 152(b) of Title 24.  No structural changes.  Valuation to be verified by the field inspector.","metadescription":"Bldg-Alter/Repair. Apartment. Window change-out (same size, type, and location) for residential buildings.  Dual glazing, labeled and certified by National Fenestration Rating Council (NFRC), is required for doors and windows replaced in all residential buildings, three stories or less, per Section 152(b) of Title 24.  No structural changes.  Valuation to be verified by the field inspector.. Permit Finaled. 22 E NAVY ST #307","address":"1-21, 22 Navy Street, CA, Venice, 90291, US","ct":"2734.00","ev":"N","apc":"West Los Angeles","cpa":"Venice","zone":"R3-1","solar":"N","pin_nbr":"111B141   711","use_code":"5","geolocation":"POINT (-118.48083 33.99615)","status_date":"07/28/2009","permit_group":"Building","refresh_time":"06/10/2026","type_lat_lon":"ADDRESS","business_unit":"Express Permit"},"geometry":{"type":"Point","coordinates":[-118.48083,33.99615]}},{"type":"Feature","properties":{"date":"2009-06-11T00:00:00.000Z","year":2009,"description":"CHANGE OUT 3 WINDOWS  (SAME SIZE & TYPE FOR RESIDENTIAL BUILDINGS ONLY) DUAL GLAZING, LABELED AND CERTIFIED BY NATIONAL FENESTRATION RATING COUNCIL (NFRC), IS REQUIRED FOR DOORS AND WINDOWS REPLACED IN ALL RESIDENTIAL BUILDINGS, THREE STORIES OR LESS, PER SECTION 152(B) OF TITLE 24.  KITCHEN REMODEL COMBINED WITH ELECTRICAL AND PLUMBING (FOR RESIDENTIAL BUILDINGS; NO STRUCTURAL CHANGES).   COMPLY WITH DEPARTMENT ORDER EFFECTIVE DATE 09/16/08.  PERMIT WILL EXPIRE 30 DAYS FROM ISSUANCE DATE.","metadescription":"Bldg-Alter/Repair. 1 or 2 Family Dwelling. CHANGE OUT 3 WINDOWS  (SAME SIZE & TYPE FOR RESIDENTIAL BUILDINGS ONLY) DUAL GLAZING, LABELED AND CERTIFIED BY NATIONAL FENESTRATION RATING COUNCIL (NFRC), IS REQUIRED FOR DOORS AND WINDOWS REPLACED IN ALL RESIDENTIAL BUILDINGS, THREE STORIES OR LESS, PER SECTION 152(B) OF TITLE 24.  KITCHEN REMODEL COMBINED WITH ELECTRICAL AND PLUMBING (FOR RESIDENTIAL BUILDINGS; NO STRUCTURAL CHANGES).   COMPLY WITH DEPARTMENT ORDER EFFECTIVE DATE 09/16/08.  PERMIT WILL EXPIRE 30 DAYS FROM ISSUANCE DATE.. Permit Expired. 380 N ENTRADA DR","address":"380 Entrada Drive, CA, Santa Monica, 90402, US","ct":"2628.00","ev":"N","hl":"YES","apc":"West Los Angeles","zone":"R1-1D-O","solar":"N","pin_nbr":"123B129   815","use_code":"1","geolocation":"POINT (-118.51253 34.03072)","status_date":"06/14/2012","permit_group":"Building","refresh_time":"06/10/2026","type_lat_lon":"ADDRESS","business_unit":"Express Permit"},"geometry":{"type":"Point","coordinates":[-118.51253,34.03072]}},{"type":"Feature","properties":{"date":"2009-04-24T00:00:00.000Z","year":2009,"description":"CHANGE OUT 1 WINDOW (SAME SIZE & TYPE FOR RESIDENTIAL BUILDINGS ONLY) DUAL GLAZING, LABELED AND CERTIFIED BY NATIONAL FENESTRATION RATING COUNCIL (NFRC), IS REQUIRED FOR DOORS AND WINDOWS REPLACED IN ALL RESIDENTIAL BUILDINGS, THREE STORIES OR LESS, PER SECTION 152(B) OF TITLE 24.  BATHROOM REMODEL COMBINED WITH ELECTRICL AND PLUMBINBG  (FOR RESIDENTIAL BUILDINGS; NO STRUCTURAL CHANGES).  RE-STUCCO; SPECIFIC LOCATION: AROUND THE OUTSIDE BATHROOM WINDOW.  INVESTIGATION FEES PAID ON THIS PERMIT.","metadescription":"Bldg-Alter/Repair. 1 or 2 Family Dwelling. CHANGE OUT 1 WINDOW (SAME SIZE & TYPE FOR RESIDENTIAL BUILDINGS ONLY) DUAL GLAZING, LABELED AND CERTIFIED BY NATIONAL FENESTRATION RATING COUNCIL (NFRC), IS REQUIRED FOR DOORS AND WINDOWS REPLACED IN ALL RESIDENTIAL BUILDINGS, THREE STORIES OR LESS, PER SECTION 152(B) OF TITLE 24.  BATHROOM REMODEL COMBINED WITH ELECTRICL AND PLUMBINBG  (FOR RESIDENTIAL BUILDINGS; NO STRUCTURAL CHANGES).  RE-STUCCO; SPECIFIC LOCATION: AROUND THE OUTSIDE BATHROOM WINDOW.  INVESTIGATION FEES PAID ON THIS PERMIT.. Permit Finaled. 687 N KINGMAN AVE","address":"687 Kingman Avenue, CA, Santa Monica, 90402, US","ct":"2628.00","ev":"N","hl":"YES","apc":"West Los Angeles","zone":"R1-1","solar":"N","pin_nbr":"124-5A133  41","use_code":"1","geolocation":"POINT (-118.5086 34.03656)","status_date":"11/05/2009","permit_group":"Building","refresh_time":"06/10/2026","type_lat_lon":"ADDRESS","business_unit":"Express Permit"},"geometry":{"type":"Point","coordinates":[-118.5086,34.03656]}},{"type":"Feature","properties":{"date":"2009-04-21T00:00:00.000Z","year":2009,"description":"Window and door change-out (same size & type and location) for residential buildings.  Valuation to be verified by field inspector.  Dual glazing, labeled and certified by National Fenestration Rating Council (NFRC), is required for doors and windows replaced in all residential buildings, three stories or less, per Section 152(b) of Title 24.","metadescription":"Bldg-Alter/Repair. 1 or 2 Family Dwelling. Window and door change-out (same size & type and location) for residential buildings.  Valuation to be verified by field inspector.  Dual glazing, labeled and certified by National Fenestration Rating Council (NFRC), is required for doors and windows replaced in all residential buildings, three stories or less, per Section 152(b) of Title 24.. Permit Finaled. 13243 W WARREN AVE","address":"13243 Warren Avenue, CA, Los Angeles, 90066, US","ct":"2714.00","ev":"N","apc":"West Los Angeles","cpa":"Palms - Mar Vista - Del Rey","zone":"R1-1","solar":"N","pin_nbr":"114B149   451","use_code":"1","geolocation":"POINT (-118.4551 34.00935)","status_date":"05/22/2009","permit_group":"Building","refresh_time":"06/10/2026","type_lat_lon":"ADDRESS","business_unit":"Express Permit"},"geometry":{"type":"Point","coordinates":[-118.4551,34.00935]}},{"type":"Feature","properties":{"date":"2009-03-18T00:00:00.000Z","year":2009,"description":"INTERIOR NON-STRUCTURAL ALTERATIONS TO UNITS  101, 102,  103,  104, & REPLACEMENT OF WINDOWS;  NEW GLAZING AT MAIN ENTRANCE & ENTRY DOOR AT LOBBY (URM BLDG.).","metadescription":"Bldg-Alter/Repair. Apartment. INTERIOR NON-STRUCTURAL ALTERATIONS TO UNITS  101, 102,  103,  104, & REPLACEMENT OF WINDOWS;  NEW GLAZING AT MAIN ENTRANCE & ENTRY DOOR AT LOBBY (URM BLDG.).. Permit Finaled. 5 E ROSE AVE","address":"1-60, 5 Rose Avenue, CA, Venice, 90291, US","ct":"2734.00","ev":"N","apc":"West Los Angeles","cpa":"Venice","zone":"C1-1","solar":"N","pin_nbr":"109-5A141  91","use_code":"5","geolocation":"POINT (-118.48025 33.99495)","status_date":"07/22/2010","permit_group":"Building","refresh_time":"06/10/2026","type_lat_lon":"ADDRESS","business_unit":"Regular Plan Check"},"geometry":{"type":"Point","coordinates":[-118.48025,33.99495]}},{"type":"Feature","properties":{"date":"2008-09-19T00:00:00.000Z","year":2008,"description":"CHANGE OUT 7 WINDOWS  (SAME SIZE & TYPE FOR RESIDENTIAL BUILDINGS ONLY) DUAL GLAZING, LABELED AND CERTIFIED BY NATIONAL FENESTRATION RATING COUNCIL (NFRC), IS REQUIRED FOR DOORS AND WINDOWS REPLACED IN ALL RESIDENTIAL BUILDINGS, THREE STORIES OR LESS, PER SECTION 152(B) OF TITLE 24.","metadescription":"Bldg-Alter/Repair. 1 or 2 Family Dwelling. CHANGE OUT 7 WINDOWS  (SAME SIZE & TYPE FOR RESIDENTIAL BUILDINGS ONLY) DUAL GLAZING, LABELED AND CERTIFIED BY NATIONAL FENESTRATION RATING COUNCIL (NFRC), IS REQUIRED FOR DOORS AND WINDOWS REPLACED IN ALL RESIDENTIAL BUILDINGS, THREE STORIES OR LESS, PER SECTION 152(B) OF TITLE 24.. Permit Finaled. 380 N ENTRADA DR","address":"380 Entrada Drive, CA, Santa Monica, 90402, US","ct":"2628.00","ev":"N","hl":"YES","apc":"West Los Angeles","zone":"R1-1D-O","solar":"N","pin_nbr":"123B129   815","use_code":"1","geolocation":"POINT (-118.51253 34.03072)","status_date":"06/14/2012","permit_group":"Building","refresh_time":"06/10/2026","type_lat_lon":"ADDRESS","business_unit":"Express Permit"},"geometry":{"type":"Point","coordinates":[-118.51253,34.03072]}},{"type":"Feature","properties":{"date":"2008-08-27T00:00:00.000Z","year":2008,"description":"CHANGE OUT #5 WINDOWS & #3 DOORS  (SAME SIZE & TYPE FOR RESIDENTIAL BUILDINGS ONLY) DUAL GLAZING, LABELED AND CERTIFIED BY NATIONAL FENESTRATION RATING COUNCIL (NFRC), IS REQUIRED FOR DOORS AND WINDOWS REPLACED IN ALL RESIDENTIAL BUILDINGS, THREE STORIES OR LESS, PER SECTION 152(B) OF TITLE 24.","metadescription":"Bldg-Alter/Repair. Apartment. CHANGE OUT #5 WINDOWS & #3 DOORS  (SAME SIZE & TYPE FOR RESIDENTIAL BUILDINGS ONLY) DUAL GLAZING, LABELED AND CERTIFIED BY NATIONAL FENESTRATION RATING COUNCIL (NFRC), IS REQUIRED FOR DOORS AND WINDOWS REPLACED IN ALL RESIDENTIAL BUILDINGS, THREE STORIES OR LESS, PER SECTION 152(B) OF TITLE 24.. Permit Finaled. 255 S MAIN ST #305","address":"255 Main Street, CA, Venice, 90291, US","ct":"2734.00","ev":"N","apc":"West Los Angeles","cpa":"Venice","zone":"(Q)C4-2D","solar":"N","pin_nbr":"111B141   545","use_code":"35","geolocation":"POINT (-118.4787 33.99679)","status_date":"10/01/2008","permit_group":"Building","refresh_time":"06/10/2026","type_lat_lon":"ADDRESS","business_unit":"Express Permit"},"geometry":{"type":"Point","coordinates":[-118.4787,33.99679]}},{"type":"Feature","properties":{"date":"2008-08-07T00:00:00.000Z","year":2008,"description":"INTERIOR ALTERATION ON 4TH FLOOR; NONSTRUCTURAL, DOOR, FIXTURE REPLACEMENT, REMOVE CLOSET, FINISH WORK AND CABINETRY. ALL ENTRY DOOR TO EACH UNIT WILL BE 3/4 HOUR FIRE RATED.","metadescription":"Bldg-Alter/Repair. Apartment. INTERIOR ALTERATION ON 4TH FLOOR; NONSTRUCTURAL, DOOR, FIXTURE REPLACEMENT, REMOVE CLOSET, FINISH WORK AND CABINETRY. ALL ENTRY DOOR TO EACH UNIT WILL BE 3/4 HOUR FIRE RATED.. Permit Expired. 5 E ROSE AVE","address":"1-60, 5 Rose Avenue, CA, Venice, 90291, US","ct":"2734.00","ev":"N","apc":"West Los Angeles","cpa":"Venice","zone":"C1-1","solar":"N","pin_nbr":"109-5A141  91","use_code":"5","geolocation":"POINT (-118.48025 33.99495)","status_date":"12/13/2011","permit_group":"Building","refresh_time":"06/10/2026","type_lat_lon":"ADDRESS","business_unit":"Plan Check at Counter"},"geometry":{"type":"Point","coordinates":[-118.48025,33.99495]}},{"type":"Feature","properties":{"date":"2008-07-29T00:00:00.000Z","year":2008,"description":"CHANGE OUT  7 WINDOWS AND 1 DOOR (SAME SIZE & TYPE FOR RESIDENTIAL BUILDINGS ONLY) DUAL GLAZING, LABELED AND CERTIFIED BY NATIONAL FENESTRATION RATING COUNCIL (NFRC), IS REQUIRED FOR DOORS AND WINDOWS REPLACED IN ALL RESIDENTIAL BUILDINGS, THREE STORIES OR LESS, PER SECTION 152(B) OF TITLE 24. KITCHEN AND BATHROOM REMODEL FOR RESIDENTIAL BUILDINGS; NO STRUCTURAL CHANGES) REPLACE DRYWALL(NO NEW WALLS ADDED) SPECIFIC LOCATION; KITCHEN/LIVING WALL. RE-STUCCO; SPECIFIC LOCATION: PATCH AROUND 7 WINDOWS.","metadescription":"Bldg-Alter/Repair. Apartment. CHANGE OUT  7 WINDOWS AND 1 DOOR (SAME SIZE & TYPE FOR RESIDENTIAL BUILDINGS ONLY) DUAL GLAZING, LABELED AND CERTIFIED BY NATIONAL FENESTRATION RATING COUNCIL (NFRC), IS REQUIRED FOR DOORS AND WINDOWS REPLACED IN ALL RESIDENTIAL BUILDINGS, THREE STORIES OR LESS, PER SECTION 152(B) OF TITLE 24. KITCHEN AND BATHROOM REMODEL FOR RESIDENTIAL BUILDINGS; NO STRUCTURAL CHANGES) REPLACE DRYWALL(NO NEW WALLS ADDED) SPECIFIC LOCATION; KITCHEN/LIVING WALL. RE-STUCCO; SPECIFIC LOCATION: PATCH AROUND 7 WINDOWS.. Permit Finaled. 252 S HAMPTON DR UNIT B","address":"252 Hampton Drive, CA, Venice, 90291, US","ct":"2733.00","ev":"N","apc":"West Los Angeles","cpa":"Venice","zone":"RD1.5-1","solar":"N","pin_nbr":"111B141   558","use_code":"5","geolocation":"POINT (-118.47727 33.99702)","status_date":"01/29/2009","permit_group":"Building","refresh_time":"06/10/2026","type_lat_lon":"ADDRESS","business_unit":"Express Permit"},"geometry":{"type":"Point","coordinates":[-118.47727,33.99702]}},{"type":"Feature","properties":{"date":"2008-07-29T00:00:00.000Z","year":2008,"description":"CHANGE OUT 5 WINDOWS (SAME SIZE & TYPE FOR RESIDENTIAL BUILDINGS ONLY) DUAL GLAZING, LABELED AND CERTIFIED BY NATIONAL FENESTRATION RATING COUNCIL (NFRC), IS REQUIRED FOR DOORS AND WINDOWS REPLACED IN ALL RESIDENTIAL BUILDINGS, THREE STORIES OR LESS, PER SECTION 152(B) OF TITLE 24.","metadescription":"Bldg-Alter/Repair. Apartment. CHANGE OUT 5 WINDOWS (SAME SIZE & TYPE FOR RESIDENTIAL BUILDINGS ONLY) DUAL GLAZING, LABELED AND CERTIFIED BY NATIONAL FENESTRATION RATING COUNCIL (NFRC), IS REQUIRED FOR DOORS AND WINDOWS REPLACED IN ALL RESIDENTIAL BUILDINGS, THREE STORIES OR LESS, PER SECTION 152(B) OF TITLE 24.. Permit Finaled. 252 S HAMPTON DR UNIT D","address":"252 Hampton Drive, CA, Venice, 90291, US","ct":"2733.00","ev":"N","apc":"West Los Angeles","cpa":"Venice","zone":"RD1.5-1","solar":"N","pin_nbr":"111B141   558","use_code":"5","geolocation":"POINT (-118.47727 33.99702)","status_date":"01/29/2009","permit_group":"Building","refresh_time":"06/10/2026","type_lat_lon":"ADDRESS","business_unit":"Express Permit"},"geometry":{"type":"Point","coordinates":[-118.47727,33.99702]}},{"type":"Feature","properties":{"date":"2008-07-29T00:00:00.000Z","year":2008,"description":"CHANGE OUT #4 (SAME SIZE & TYPE FOR RESIDENTIAL BUILDINGS ONLY) DUAL GLAZING, LABELED AND CERTIFIED BY NATIONAL FENESTRATION RATING COUNCIL (NFRC), IS REQUIRED FOR DOORS AND WINDOWS REPLACED IN ALL RESIDENTIAL BUILDINGS, THREE STORIES OR LESS, PER SECTION 152(B) OF TITLE 24.  NEW STUCCO, REPLACE DRYWALL (NO NEW WALLS ADDED) SPECIFIC LOCATION: GARAGE. RE-STUCCO; SPECIFIC LOCATION: EXTERIOR HOUSE AND GARAGE.","metadescription":"Bldg-Alter/Repair. 1 or 2 Family Dwelling. CHANGE OUT #4 (SAME SIZE & TYPE FOR RESIDENTIAL BUILDINGS ONLY) DUAL GLAZING, LABELED AND CERTIFIED BY NATIONAL FENESTRATION RATING COUNCIL (NFRC), IS REQUIRED FOR DOORS AND WINDOWS REPLACED IN ALL RESIDENTIAL BUILDINGS, THREE STORIES OR LESS, PER SECTION 152(B) OF TITLE 24.  NEW STUCCO, REPLACE DRYWALL (NO NEW WALLS ADDED) SPECIFIC LOCATION: GARAGE. RE-STUCCO; SPECIFIC LOCATION: EXTERIOR HOUSE AND GARAGE.. Permit Finaled. 56 E OZONE AVE","address":"56 Ozone Avenue, CA, Venice, 90291, US","ct":"2734.00","ev":"N","apc":"West Los Angeles","cpa":"Venice","zone":"RD1.5-1","solar":"N","pin_nbr":"109-5A141   6","use_code":"1","geolocation":"POINT (-118.47946 33.99614)","status_date":"06/19/2009","permit_group":"Building","refresh_time":"06/10/2026","type_lat_lon":"ADDRESS","business_unit":"Express Permit"},"geometry":{"type":"Point","coordinates":[-118.47946,33.99614]}},{"type":"Feature","properties":{"date":"2008-07-23T00:00:00.000Z","year":2008,"description":"CHANGE OUT 9 WINDOWS  (SAME SIZE & TYPE FOR RESIDENTIAL BUILDINGS ONLY) DUAL GLAZING, LABELED AND CERTIFIED BY NATIONAL FENESTRATION RATING COUNCIL (NFRC), IS REQUIRED FOR DOORS AND WINDOWS REPLACED IN ALL RESIDENTIAL BUILDINGS, THREE STORIES OR LESS, PER SECTION 152(B) OF TITLE 24.","metadescription":"Bldg-Alter/Repair. 1 or 2 Family Dwelling. CHANGE OUT 9 WINDOWS  (SAME SIZE & TYPE FOR RESIDENTIAL BUILDINGS ONLY) DUAL GLAZING, LABELED AND CERTIFIED BY NATIONAL FENESTRATION RATING COUNCIL (NFRC), IS REQUIRED FOR DOORS AND WINDOWS REPLACED IN ALL RESIDENTIAL BUILDINGS, THREE STORIES OR LESS, PER SECTION 152(B) OF TITLE 24.. Permit Finaled. 890 E COMMONWEALTH AVE","address":"890 Commonwealth Avenue, CA, Venice, 90291, US","ct":"2731.00","ev":"N","apc":"West Los Angeles","cpa":"Venice","zone":"R1-1","solar":"N","pin_nbr":"111B145   131","use_code":"1","geolocation":"POINT (-118.46667 34.00374)","status_date":"08/14/2008","permit_group":"Building","refresh_time":"06/10/2026","type_lat_lon":"ADDRESS","business_unit":"Express Permit"},"geometry":{"type":"Point","coordinates":[-118.46667,34.00374]}},{"type":"Feature","properties":{"date":"2008-06-27T00:00:00.000Z","year":2008,"description":"Replace 9 window(s). Same size, location, number, type.  Replace 2 door(s). Same size, location, number, type.","metadescription":"Bldg-Alter/Repair. 1 or 2 Family Dwelling. Replace 9 window(s). Same size, location, number, type.  Replace 2 door(s). Same size, location, number, type.. Permit Finaled. 1418 S GLENAVON AVE","address":"1418 Glenavon Avenue, CA, Venice, 90291, US","ct":"2731.00","ev":"N","apc":"West Los Angeles","cpa":"Venice","zone":"R1-1VLD","solar":"N","pin_nbr":"114B149   733","use_code":"1","geolocation":"POINT (-118.45525 34.00727)","status_date":"09/05/2008","permit_group":"Building","refresh_time":"06/10/2026","type_lat_lon":"ADDRESS","business_unit":"Express Permit"},"geometry":{"type":"Point","coordinates":[-118.45525,34.00727]}},{"type":"Feature","properties":{"date":"2008-06-19T00:00:00.000Z","year":2008,"description":"INTERIOR ALTERATION ON 5TH AND 6TH FLOOR UNITS - NON-STRUCTURAL AND DOOR/FIXTURE REPLACEMENTS; INCLUDES FINISH WORK","metadescription":"Bldg-Alter/Repair. Apartment. INTERIOR ALTERATION ON 5TH AND 6TH FLOOR UNITS - NON-STRUCTURAL AND DOOR/FIXTURE REPLACEMENTS; INCLUDES FINISH WORK. Permit Expired. 5 E ROSE AVE 1-60","address":"1-60, 5 Rose Avenue, CA, Venice, 90291, US","ct":"2734.00","ev":"N","apc":"West Los Angeles","cpa":"Venice","zone":"C1-1","solar":"N","pin_nbr":"109-5A141  91","use_code":"11","geolocation":"POINT (-118.48025 33.99495)","status_date":"11/22/2011","permit_group":"Building","refresh_time":"06/10/2026","type_lat_lon":"ADDRESS","business_unit":"Plan Check at Counter"},"geometry":{"type":"Point","coordinates":[-118.48025,33.99495]}},{"type":"Feature","properties":{"date":"2008-05-21T00:00:00.000Z","year":2008,"description":"ADD 760 SQUARE FT OUTDOOR DINING AT EXISTING RESTAURANT, ADD NEW POSTS AND BEAMS IN THE OUTDOOR DINING AREA.\"COMPLY WITH DEPARTMENT ORDER effective date03/11/2008. PERMIT WILL EXPIRE 30 DAYS FROM ISSUANCE DATE\".","metadescription":"Bldg-Addition. Commercial. ADD 760 SQUARE FT OUTDOOR DINING AT EXISTING RESTAURANT, ADD NEW POSTS AND BEAMS IN THE OUTDOOR DINING AREA.\"COMPLY WITH DEPARTMENT ORDER effective date03/11/2008. PERMIT WILL EXPIRE 30 DAYS FROM ISSUANCE DATE\".. CofO Issued. 220 E ROSE AVE","address":"220 Rose Avenue, CA, Venice, 90291, US","ct":"2734.00","ev":"N","apc":"West Los Angeles","cpa":"Venice","zone":"M1-1","solar":"N","pin_nbr":"111B141   714","use_code":"17","geolocation":"POINT (-118.47721 33.99624)","status_date":"09/03/2009","construction":"Type V-B Construction","permit_group":"Building","refresh_time":"06/10/2026","type_lat_lon":"ADDRESS","business_unit":"Regular Plan Check","square_footage":"0"},"geometry":{"type":"Point","coordinates":[-118.47721,33.99624]}},{"type":"Feature","properties":{"date":"2008-05-21T00:00:00.000Z","year":2008,"description":"7' 2\"  MASONRY WALL @ PATIO (14' LONG)  (OUTDOOR DINING PER  08014-10000-01272)","metadescription":"Nonbldg-New. Commercial. 7' 2\"  MASONRY WALL @ PATIO (14' LONG)  (OUTDOOR DINING PER  08014-10000-01272). Permit Finaled. 220 E ROSE AVE","address":"220 Rose Avenue, CA, Venice, 90291, US","ct":"2734.00","ev":"N","apc":"West Los Angeles","cpa":"Venice","zone":"M1-1","solar":"N","pin_nbr":"111B141   714","use_code":"23","geolocation":"POINT (-118.47721 33.99624)","status_date":"01/15/2009","permit_group":"Building","refresh_time":"06/10/2026","type_lat_lon":"ADDRESS","business_unit":"Plan Check at Counter"},"geometry":{"type":"Point","coordinates":[-118.47721,33.99624]}},{"type":"Feature","properties":{"date":"2008-05-15T00:00:00.000Z","year":2008,"description":"Enclose existing porch as part of the duplex.  Interior remodel. New vaulted ceiling. Replace existing door in existing opening. Five new skylights. All work per Engineer's design.","metadescription":"Bldg-Addition. 1 or 2 Family Dwelling. Enclose existing porch as part of the duplex.  Interior remodel. New vaulted ceiling. Replace existing door in existing opening. Five new skylights. All work per Engineer's design.. CofO Issued. 26 E OZONE AVE","address":"26 1/2 Ozone Avenue, CA, Venice, 90291, US","ct":"2734.00","ev":"N","apc":"West Los Angeles","cpa":"Venice","zone":"RD1.5-1","solar":"N","pin_nbr":"109-5A141  46","use_code":"2","geolocation":"POINT (-118.48018 33.99565)","status_date":"02/19/2009","construction":"Type V-N Construction","permit_group":"Building","refresh_time":"06/10/2026","type_lat_lon":"ADDRESS","business_unit":"Plan Check at Counter","square_footage":"70"},"geometry":{"type":"Point","coordinates":[-118.48018,33.99565]}},{"type":"Feature","properties":{"date":"2008-04-23T00:00:00.000Z","year":2008,"description":"T.I.  INTERIOR REPAIR/RENOVATION OF EXISTING RETAIL SPACE,  CLOSE EXISTING OPENING AT EXTERIOR WALL, AND REMODEL TO EXTERIOR DOOR AT STORE FRONT","metadescription":"Bldg-Alter/Repair. Commercial. T.I.  INTERIOR REPAIR/RENOVATION OF EXISTING RETAIL SPACE,  CLOSE EXISTING OPENING AT EXTERIOR WALL, AND REMODEL TO EXTERIOR DOOR AT STORE FRONT. Permit Finaled. 215 S OCEAN FRONT WALK","address":"215 Ocean Front Walk, CA, Venice, 90291, US","ct":"2734.00","ev":"N","apc":"West Los Angeles","cpa":"Venice","zone":"C1-1","solar":"N","pin_nbr":"109-5A141  88","use_code":"16","geolocation":"POINT (-118.48052 33.99485)","status_date":"02/23/2009","permit_group":"Building","refresh_time":"06/10/2026","type_lat_lon":"ADDRESS","business_unit":"Plan Check at Counter"},"geometry":{"type":"Point","coordinates":[-118.48052,33.99485]}},{"type":"Feature","properties":{"date":"2008-04-15T00:00:00.000Z","year":2008,"description":"CHANGE OUT APPROX. (7) SLIDING BALCONY DOORS.  (SAME SIZE AND LOC.)  Dual glazing, labeled and certified by National Fenestration Rating Council (NFRC), is required for doors and windows replaced in all residential buildings, three stories or less, per Section 152(b) of Title 24.","metadescription":"Bldg-Alter/Repair. Apartment. CHANGE OUT APPROX. (7) SLIDING BALCONY DOORS.  (SAME SIZE AND LOC.)  Dual glazing, labeled and certified by National Fenestration Rating Council (NFRC), is required for doors and windows replaced in all residential buildings, three stories or less, per Section 152(b) of Title 24.. Permit Finaled. 15 E DUDLEY AVE 1-7","address":"1-7, 15 Dudley Avenue, CA, Venice, 90291, US","ct":"2734.00","ev":"N","apc":"West Los Angeles","cpa":"Venice","zone":"RD1.5-1","solar":"N","pin_nbr":"109-5A141 113","use_code":"5","geolocation":"POINT (-118.4795 33.99439)","status_date":"04/30/2008","permit_group":"Building","refresh_time":"06/10/2026","type_lat_lon":"ADDRESS","business_unit":"Express Permit"},"geometry":{"type":"Point","coordinates":[-118.4795,33.99439]}},{"type":"Feature","properties":{"date":"2008-03-18T00:00:00.000Z","year":2008,"description":"CHANGE OUT 1 WINDOW AND 1 DOOR   (SAME SIZE & TYPE FOR RESIDENTIAL BUILDINGS ONLY) DUAL GLAZING, LABELED AND CERTIFIED BY NATIONAL FENESTRATION RATING COUNCIL (NFRC), IS REQUIRED FOR DOORS AND WINDOWS REPLACED IN ALL RESIDENTIAL BUILDINGS, THREE STORIES OR LESS, PER SECTION 152(B) OF TITLE 24.  BATHROOM REMODEL COMBINED WITH ELECTRICAL, PLUMBING AND HVAC (FOR RESIDENTIAL BUILDINGS; NO STRUCTURAL CHANGES). REPLACE EXISTING PREFAB FIREPLACE WITH SAME SIZE & IN SAME LOCATION; INSTALLATION SHALL BE PER MAUFACTURER'S REOMMENDATION.","metadescription":"Bldg-Alter/Repair. 1 or 2 Family Dwelling. CHANGE OUT 1 WINDOW AND 1 DOOR   (SAME SIZE & TYPE FOR RESIDENTIAL BUILDINGS ONLY) DUAL GLAZING, LABELED AND CERTIFIED BY NATIONAL FENESTRATION RATING COUNCIL (NFRC), IS REQUIRED FOR DOORS AND WINDOWS REPLACED IN ALL RESIDENTIAL BUILDINGS, THREE STORIES OR LESS, PER SECTION 152(B) OF TITLE 24.  BATHROOM REMODEL COMBINED WITH ELECTRICAL, PLUMBING AND HVAC (FOR RESIDENTIAL BUILDINGS; NO STRUCTURAL CHANGES). REPLACE EXISTING PREFAB FIREPLACE WITH SAME SIZE & IN SAME LOCATION; INSTALLATION SHALL BE PER MAUFACTURER'S REOMMENDATION.. Permit Finaled. 708 N KINGMAN AVE","address":"708 Kingman Avenue, CA, Santa Monica, 90402, US","ct":"2628.00","ev":"N","hl":"YES","apc":"West Los Angeles","zone":"R1-1","solar":"N","pin_nbr":"124-5A133  10","use_code":"1","geolocation":"POINT (-118.50834 34.03711)","status_date":"05/02/2012","permit_group":"Building","refresh_time":"06/10/2026","type_lat_lon":"ADDRESS","business_unit":"Express Permit"},"geometry":{"type":"Point","coordinates":[-118.50834,34.03711]}},{"type":"Feature","properties":{"date":"2008-02-12T00:00:00.000Z","year":2008,"description":"AMENDMENT TO EXISTING PERMIT; ADDITION OF PANTRY AREA  REV. DOORS AT RESTROOM AND OFFICE; REVISE LOCATION OF RESTROOM","metadescription":"Bldg-Alter/Repair. Commercial. AMENDMENT TO EXISTING PERMIT; ADDITION OF PANTRY AREA  REV. DOORS AT RESTROOM AND OFFICE; REVISE LOCATION OF RESTROOM. Permit Finaled. 216 S MAIN ST A","address":"218 Main Street, CA, Venice, 90291, US","ct":"2734.00","ev":"N","apc":"West Los Angeles","cpa":"Venice","zone":"M1-1","solar":"N","pin_nbr":"111B141   507","use_code":"13","geolocation":"POINT (-118.47874 33.99738)","status_date":"06/30/2008","permit_group":"Building","refresh_time":"06/10/2026","type_lat_lon":"ADDRESS","business_unit":"Plan Check at Counter"},"geometry":{"type":"Point","coordinates":[-118.47874,33.99738]}},{"type":"Feature","properties":{"date":"2008-01-29T00:00:00.000Z","year":2008,"description":"CHANGE OUT #23 WINDOWS AND #14 DOORS  (SAME SIZE & TYPE FOR RESIDENTIAL BUILDINGS ONLY) DUAL GLAZING, LABELED AND CERTIFIED BY NATIONAL FENESTRATION RATING COUNCIL (NFRC), IS REQUIRED FOR DOORS AND WINDOWS REPLACED IN ALL RESIDENTIAL BUILDINGS, THREE STORIES OR LESS, PER SECTION 152(B) OF TITLE 24.  KITCHEN AND BATHROOM REMODEL (FOR RESIDENTIAL BUILDINGS; NO STRUCTURAL CHANGES).  REPLACE DRYWALL (NO NEW WALLS ADDED) SPECIFIC LOCATION: CEILING IN LIVING ROOM AND KITCHEN.","metadescription":"Bldg-Alter/Repair. 1 or 2 Family Dwelling. CHANGE OUT #23 WINDOWS AND #14 DOORS  (SAME SIZE & TYPE FOR RESIDENTIAL BUILDINGS ONLY) DUAL GLAZING, LABELED AND CERTIFIED BY NATIONAL FENESTRATION RATING COUNCIL (NFRC), IS REQUIRED FOR DOORS AND WINDOWS REPLACED IN ALL RESIDENTIAL BUILDINGS, THREE STORIES OR LESS, PER SECTION 152(B) OF TITLE 24.  KITCHEN AND BATHROOM REMODEL (FOR RESIDENTIAL BUILDINGS; NO STRUCTURAL CHANGES).  REPLACE DRYWALL (NO NEW WALLS ADDED) SPECIFIC LOCATION: CEILING IN LIVING ROOM AND KITCHEN.. Permit Finaled. 26 E OZONE AVE","address":"26 1/2 Ozone Avenue, CA, Venice, 90291, US","ct":"2734.00","ev":"N","apc":"West Los Angeles","cpa":"Venice","zone":"RD1.5-1","solar":"N","pin_nbr":"109-5A141  46","use_code":"2","geolocation":"POINT (-118.48018 33.99565)","status_date":"01/16/2009","permit_group":"Building","refresh_time":"06/10/2026","type_lat_lon":"ADDRESS","business_unit":"Express Permit"},"geometry":{"type":"Point","coordinates":[-118.48018,33.99565]}},{"type":"Feature","properties":{"date":"2008-01-16T00:00:00.000Z","year":2008,"description":"CHANGE OUT 6 WINDOWS AND 3 DOORS   (SAME SIZE & TYPE FOR RESIDENTIAL BUILDINGS ONLY) DUAL GLAZING, LABELED AND CERTIFIED BY NATIONAL FENESTRATION RATING COUNCIL (NFRC), IS REQUIRED FOR DOORS AND WINDOWS REPLACED IN ALL RESIDENTIAL BUILDINGS, THREE STORIES OR LESS, PER SECTION 152(B) OF TITLE 24.  KITCHEN AND BATHROOM REMODEL  (FOR RESIDENTIAL BUILDINGS; NO STRUCTURAL CHANGES) NEW STUCCO, REPLACE DRYWALL (NO NEW WALLS ADDED) SPECIFIC LOCATION: KITCHEN AND BATH; RE-STUCCO; SPECIFIC LOCATION: WINDOW PATHRE-ROOF 8  SQUARES W/CLASS 'A' OR 'B' MATERIALS WEIGHING LESS THAN 6 LBS PER SQ FT. TEAR OFF EXISTING ROOF.  FIBERGLASS OR ASPHALT SHINGLES (MAX. 2 OVERLAYS)","metadescription":"Bldg-Alter/Repair. 1 or 2 Family Dwelling. CHANGE OUT 6 WINDOWS AND 3 DOORS   (SAME SIZE & TYPE FOR RESIDENTIAL BUILDINGS ONLY) DUAL GLAZING, LABELED AND CERTIFIED BY NATIONAL FENESTRATION RATING COUNCIL (NFRC), IS REQUIRED FOR DOORS AND WINDOWS REPLACED IN ALL RESIDENTIAL BUILDINGS, THREE STORIES OR LESS, PER SECTION 152(B) OF TITLE 24.  KITCHEN AND BATHROOM REMODEL  (FOR RESIDENTIAL BUILDINGS; NO STRUCTURAL CHANGES) NEW STUCCO, REPLACE DRYWALL (NO NEW WALLS ADDED) SPECIFIC LOCATION: KITCHEN AND BATH; RE-STUCCO; SPECIFIC LOCATION: WINDOW PATHRE-ROOF 8  SQUARES W/CLASS 'A' OR 'B' MATERIALS WEIGHING LESS THAN 6 LBS PER SQ FT. TEAR OFF EXISTING ROOF.  FIBERGLASS OR ASPHALT SHINGLES (MAX. 2 OVERLAYS). Permit Expired. 13222 W ROSE AVE","address":"13222 Rose Avenue, CA, Los Angeles, 90066, US","ct":"2714.00","ev":"N","apc":"West Los Angeles","cpa":"Palms - Mar Vista - Del Rey","zone":"R1-1VLD","solar":"N","pin_nbr":"114B149   581","use_code":"1","geolocation":"POINT (-118.45387 34.00857)","status_date":"05/20/2009","permit_group":"Building","refresh_time":"06/10/2026","type_lat_lon":"ADDRESS","business_unit":"Express Permit"},"geometry":{"type":"Point","coordinates":[-118.45387,34.00857]}},{"type":"Feature","properties":{"date":"2007-11-01T00:00:00.000Z","year":2007,"description":"REMODEL: REMOVE (E) DOORS, WINDOWS ON TWO WALLS AND REPLACE WITH NEW DOORS AND WINDOWS. NEW STEEL BEAMS & CLOMNS. TO REPLACE (E) STRUCTURE IN WALLS.","metadescription":"Bldg-Alter/Repair. 1 or 2 Family Dwelling. REMODEL: REMOVE (E) DOORS, WINDOWS ON TWO WALLS AND REPLACE WITH NEW DOORS AND WINDOWS. NEW STEEL BEAMS & CLOMNS. TO REPLACE (E) STRUCTURE IN WALLS.. Permit Finaled. 740 N KINGMAN AVE","address":"734 Kingman Avenue, CA, Santa Monica, 90402, US","ct":"2628.00","ev":"N","hl":"YES","apc":"West Los Angeles","zone":"R1-1","solar":"N","pin_nbr":"126B133   302","use_code":"1","geolocation":"POINT (-118.50853 34.0381)","status_date":"05/05/2008","permit_group":"Building","refresh_time":"06/10/2026","type_lat_lon":"ADDRESS","business_unit":"Appointment Plan Check"},"geometry":{"type":"Point","coordinates":[-118.50853,34.0381]}},{"type":"Feature","properties":{"date":"2007-08-29T00:00:00.000Z","year":2007,"description":"REVISE PLAN TO ADD SKYLIGHT, DOOR AT FAMILY RM AND REMOVE FRONT FALSE DORMERS.","metadescription":"Bldg-Alter/Repair. 1 or 2 Family Dwelling. REVISE PLAN TO ADD SKYLIGHT, DOOR AT FAMILY RM AND REMOVE FRONT FALSE DORMERS.. Permit Finaled. 519 N STASSI LANE","address":"506 Entrada Drive, CA, Santa Monica, 90402, US","ct":"2628.00","ev":"N","hl":"YES","apc":"West Los Angeles","zone":"R1-1D-O","solar":"N","pin_nbr":"123A133    30","use_code":"1","geolocation":"POINT (-118.51045 34.03245)","status_date":"11/04/2008","permit_group":"Building","refresh_time":"06/10/2026","type_lat_lon":"ADDRESS","business_unit":"Plan Check at Counter"},"geometry":{"type":"Point","coordinates":[-118.51045,34.03245]}},{"type":"Feature","properties":{"date":"2007-08-23T00:00:00.000Z","year":2007,"description":"5 SQ. FT. ADDITION TO GARAGE , RELOCATE WASHER &DRYER, ADD ADDITIONAL  3' X 6-8\"  DOOR OPENING ON EAST ELEVATION.  REMOVE  6X6 INTERIOR POST AT NE CORNER","metadescription":"Bldg-Addition. 1 or 2 Family Dwelling. 5 SQ. FT. ADDITION TO GARAGE , RELOCATE WASHER &DRYER, ADD ADDITIONAL  3' X 6-8\"  DOOR OPENING ON EAST ELEVATION.  REMOVE  6X6 INTERIOR POST AT NE CORNER. Permit Finaled. 1375 W LAKE ST","address":"1373 Lake Street, CA, Venice, 90291, US","ct":"2731.00","ev":"N","apc":"West Los Angeles","cpa":"Venice","zone":"R1-1VLD","solar":"N","height":"14","pin_nbr":"114B149   795","use_code":"7","geolocation":"POINT (-118.4548384 34.00688791)","status_date":"12/13/2007","construction":"Type V-N Construction","permit_group":"Building","refresh_time":"06/10/2026","type_lat_lon":"PIN","business_unit":"Plan Check at Counter","square_footage":"580"},"geometry":{"type":"Point","coordinates":[-118.4548384,34.00688791]}},{"type":"Feature","properties":{"date":"2007-04-11T00:00:00.000Z","year":2007,"description":"MAJOR REMODELING OF (E) S.F.D.  AND STRUCTURAL UPGRADES.  NEW FLOOR PLAN LAYOUT, NEW SKYLIGHTS AND DOOR & WINDOWS.   NO NEW FLOOR AREAD ADDED.","metadescription":"Bldg-Alter/Repair. 1 or 2 Family Dwelling. MAJOR REMODELING OF (E) S.F.D.  AND STRUCTURAL UPGRADES.  NEW FLOOR PLAN LAYOUT, NEW SKYLIGHTS AND DOOR & WINDOWS.   NO NEW FLOOR AREAD ADDED.. Permit Finaled. 558 N STASSI LANE","address":"558 Stassi Lane, CA, Santa Monica, 90402, US","ct":"2628.00","ev":"N","hl":"YES","apc":"West Los Angeles","zone":"R1-1D-O","solar":"N","pin_nbr":"124-5A133 251","use_code":"1","geolocation":"POINT (-118.50961 34.03332)","status_date":"05/12/2009","permit_group":"Building","refresh_time":"06/10/2026","type_lat_lon":"ADDRESS","business_unit":"Appointment Plan Check"},"geometry":{"type":"Point","coordinates":[-118.50961,34.03332]}},{"type":"Feature","properties":{"date":"2007-01-22T00:00:00.000Z","year":2007,"description":"NEW BALCONY  AND DECK WITH OUTDOOR FIREPLACE.","metadescription":"Bldg-Addition. 1 or 2 Family Dwelling. NEW BALCONY  AND DECK WITH OUTDOOR FIREPLACE.. CofO Issued. 504 S AMALFI CT","address":"504 Amalfi Court, CA, Santa Monica, 90402, US","ct":"2628.00","ev":"N","hl":"YES","apc":"West Los Angeles","zone":"R1-1-O","solar":"N","pin_nbr":"123A133    12","use_code":"1","geolocation":"POINT (-118.51151 34.03317)","status_date":"03/15/2010","construction":"Type V-N Construction","permit_group":"Building","refresh_time":"06/10/2026","type_lat_lon":"ADDRESS","business_unit":"Appointment Plan Check","square_footage":"333"},"geometry":{"type":"Point","coordinates":[-118.51151,34.03317]}},{"type":"Feature","properties":{"date":"2007-01-08T00:00:00.000Z","year":2007,"description":"INSTALL NEW DOOR 3' X 6'-8\" IN EXISTING OPENING.","metadescription":"Bldg-Alter/Repair. Apartment. INSTALL NEW DOOR 3' X 6'-8\" IN EXISTING OPENING.. Permit Finaled. 17 E OZONE AVE UNIT 7","address":"1-9, 17 Ozone Avenue, CA, Venice, 90291, US","ct":"2734.00","ev":"N","apc":"West Los Angeles","cpa":"Venice","zone":"RD1.5-1","solar":"N","pin_nbr":"109-5A141  34","use_code":"5","geolocation":"POINT (-118.48061 33.9957)","status_date":"02/05/2007","permit_group":"Building","refresh_time":"06/10/2026","type_lat_lon":"ADDRESS","business_unit":"Plan Check at Counter"},"geometry":{"type":"Point","coordinates":[-118.48061,33.9957]}},{"type":"Feature","properties":{"date":"2006-11-13T00:00:00.000Z","year":2006,"description":"CHANGE OUT EIGHTEEN WINDOWS AND FOUR DOORS, SAME SIZE AND LOCATION. DUAL GLAZING, LABELED AND CERTIFIED BY NATIONAL FENESTRATION RATING COUNCIL (NFRC), IS REQUIRED FOR DOORS AND WINDOWS REPLACED IN ALL RESIDENTIAL BUILDINGS, THREE STORIES OR LESS, PER SECTION 152(B) OF TITLE 24.  DRYWALL/PLASTER PATCH AND PAINT.","metadescription":"Bldg-Alter/Repair. Apartment. CHANGE OUT EIGHTEEN WINDOWS AND FOUR DOORS, SAME SIZE AND LOCATION. DUAL GLAZING, LABELED AND CERTIFIED BY NATIONAL FENESTRATION RATING COUNCIL (NFRC), IS REQUIRED FOR DOORS AND WINDOWS REPLACED IN ALL RESIDENTIAL BUILDINGS, THREE STORIES OR LESS, PER SECTION 152(B) OF TITLE 24.  DRYWALL/PLASTER PATCH AND PAINT.. Permit Finaled. 35 E OZONE AVE 1-4","address":"1-4, 35 Ozone Avenue, CA, Venice, 90291, US","ct":"2734.00","ev":"N","apc":"West Los Angeles","cpa":"Venice","zone":"RD1.5-1","solar":"N","pin_nbr":"109-5A141  11","use_code":"5","geolocation":"POINT (-118.48015 33.99601)","status_date":"03/01/2007","permit_group":"Building","refresh_time":"06/10/2026","type_lat_lon":"ADDRESS","business_unit":"Express Permit"},"geometry":{"type":"Point","coordinates":[-118.48015,33.99601]}},{"type":"Feature","properties":{"date":"2006-10-04T00:00:00.000Z","year":2006,"description":"Supplemental permit to 06014-30000-06961 to enlarge door opening and change single hung window to sliding window. Create larger opening(11') between breakfast nook and dining room.","metadescription":"Bldg-Alter/Repair. 1 or 2 Family Dwelling. Supplemental permit to 06014-30000-06961 to enlarge door opening and change single hung window to sliding window. Create larger opening(11') between breakfast nook and dining room.. Permit Finaled. 2392 W DEWEY ST","address":"2392 Dewey Street, CA, Venice, 90291, US","ct":"2731.00","ev":"N","apc":"West Los Angeles","cpa":"Venice","zone":"R1-1","solar":"N","pin_nbr":"114B149   405","use_code":"1","geolocation":"POINT (-118.45633 34.00967)","status_date":"06/06/2008","construction":"Type V-N Construction","permit_group":"Building","refresh_time":"06/10/2026","type_lat_lon":"ADDRESS","business_unit":"Plan Check at Counter","square_footage":"240"},"geometry":{"type":"Point","coordinates":[-118.45633,34.00967]}},{"type":"Feature","properties":{"date":"2006-09-25T00:00:00.000Z","year":2006,"description":"REPLACE ROOF RAFTER AT 3 BEDROOM, BATHROOM, LAUNDRY AND PANTRY @ 1ST FLOOR. CHANGE OUT 15 WINDOWS & 10 DOORS (SAME SIZE & LOCATION). see comment","metadescription":"Bldg-Alter/Repair. 1 or 2 Family Dwelling. REPLACE ROOF RAFTER AT 3 BEDROOM, BATHROOM, LAUNDRY AND PANTRY @ 1ST FLOOR. CHANGE OUT 15 WINDOWS & 10 DOORS (SAME SIZE & LOCATION). see comment. Permit Finaled. 561 N STASSI LANE","address":"561 Stassi Lane, CA, Santa Monica, 90402, US","ct":"2628.00","ev":"N","hl":"YES","apc":"West Los Angeles","zone":"R1-1D-O","solar":"N","pin_nbr":"124-5A133 237","use_code":"1","geolocation":"POINT (-118.50976 34.03343)","status_date":"11/17/2008","permit_group":"Building","refresh_time":"06/10/2026","type_lat_lon":"ADDRESS","business_unit":"Plan Check at Counter"},"geometry":{"type":"Point","coordinates":[-118.50976,34.03343]}},{"type":"Feature","properties":{"date":"2006-09-15T00:00:00.000Z","year":2006,"description":"CHANGE OUT TWO (2) WINDOWS AND ONE (1) DOOR, SAME SIZE AND LOCATION. DUAL GLAZING, LABELED AND CERTIFIED BY NATIONAL FENESTRATION RATING COUNCIL (NFRC), IS REQUIRED FOR DOORS AND WINDOWS REPLACED IN ALL RESIDENTIAL BUILDINGS, THREE STORIES OR LESS, PER SECTION 152(b) OF TITLE 24.   RE-STUCCO FRONT WALL. REPAIR/REPLACE EXISTING SIDING. REMOVE EXISTING SIDING AND APPLY NEW STUCCO. DRYWALL/PLASTER PATCH AND PAINT.","metadescription":"Bldg-Alter/Repair. 1 or 2 Family Dwelling. CHANGE OUT TWO (2) WINDOWS AND ONE (1) DOOR, SAME SIZE AND LOCATION. DUAL GLAZING, LABELED AND CERTIFIED BY NATIONAL FENESTRATION RATING COUNCIL (NFRC), IS REQUIRED FOR DOORS AND WINDOWS REPLACED IN ALL RESIDENTIAL BUILDINGS, THREE STORIES OR LESS, PER SECTION 152(b) OF TITLE 24.   RE-STUCCO FRONT WALL. REPAIR/REPLACE EXISTING SIDING. REMOVE EXISTING SIDING AND APPLY NEW STUCCO. DRYWALL/PLASTER PATCH AND PAINT.. Permit Expired. 843 E COMMONWEALTH AVE","address":"839 Commonwealth Avenue, CA, Venice, 90291, US","ct":"2731.00","ev":"N","apc":"West Los Angeles","cpa":"Venice","zone":"R1-1","solar":"N","pin_nbr":"111B145   203","use_code":"1","geolocation":"POINT (-118.46813 34.00319)","status_date":"12/29/2008","permit_group":"Building","refresh_time":"06/10/2026","type_lat_lon":"ADDRESS","business_unit":"Express Permit"},"geometry":{"type":"Point","coordinates":[-118.46813,34.00319]}},{"type":"Feature","properties":{"date":"2006-09-01T00:00:00.000Z","year":2006,"description":"CHANGE OUT FIVE (5) WINDOWS AND THREE (3) DOORS, SAME SIZE AND LOCATION. DUAL GLAZING, LABELED AND CERTIFIED BY NATIONAL FENESTRATION RATING COUNCIL (NFRC), IS REQUIRED FOR DOORS AND WINDOWS REPLACED IN ALL RESIDENTIAL BUILDINGS, THREE STORIES OR LESS, PER SECTION 152(b) OF TITLE 24. RESIDENTIAL DITCHEN AND BATHROOM REMODEL - REPAIR/REPLACE ONLY. NO CHANGES IN WALLS OR OPENINGS. COMBINED WITH ELECTRICAL AND PLUMBING. DRYWALL/PLASTER PATCH AND PAINT.","metadescription":"Bldg-Alter/Repair. 1 or 2 Family Dwelling. CHANGE OUT FIVE (5) WINDOWS AND THREE (3) DOORS, SAME SIZE AND LOCATION. DUAL GLAZING, LABELED AND CERTIFIED BY NATIONAL FENESTRATION RATING COUNCIL (NFRC), IS REQUIRED FOR DOORS AND WINDOWS REPLACED IN ALL RESIDENTIAL BUILDINGS, THREE STORIES OR LESS, PER SECTION 152(b) OF TITLE 24. RESIDENTIAL DITCHEN AND BATHROOM REMODEL - REPAIR/REPLACE ONLY. NO CHANGES IN WALLS OR OPENINGS. COMBINED WITH ELECTRICAL AND PLUMBING. DRYWALL/PLASTER PATCH AND PAINT.. Permit Finaled. 386 N ENTRADA DR","address":"386 Entrada Drive, CA, Santa Monica, 90402, US","ct":"2628.00","ev":"N","hl":"YES","apc":"West Los Angeles","zone":"R1-1D-O","solar":"N","pin_nbr":"123B129   809","use_code":"1","geolocation":"POINT (-118.5125 34.03077)","status_date":"07/31/2007","permit_group":"Building","refresh_time":"06/10/2026","type_lat_lon":"ADDRESS","business_unit":"Express Permit"},"geometry":{"type":"Point","coordinates":[-118.5125,34.03077]}},{"type":"Feature","properties":{"date":"2006-06-09T00:00:00.000Z","year":2006,"description":"CHANGE OUT 15 WINDOWS & 10 DOORS (SAME SIZE & LOCATION); TEAR OFF EXISTING ROOFING & REROOF 15 SQUARES WITH CLASS \"A\" MODIFIED BITUMEN.","metadescription":"Bldg-Alter/Repair. 1 or 2 Family Dwelling. CHANGE OUT 15 WINDOWS & 10 DOORS (SAME SIZE & LOCATION); TEAR OFF EXISTING ROOFING & REROOF 15 SQUARES WITH CLASS \"A\" MODIFIED BITUMEN.. Permit Finaled. 561 N STASSI LANE","address":"561 Stassi Lane, CA, Santa Monica, 90402, US","ct":"2628.00","ev":"N","hl":"YES","apc":"West Los Angeles","zone":"R1-1D-O","solar":"N","pin_nbr":"124-5A133 237","use_code":"1","geolocation":"POINT (-118.50976 34.03343)","status_date":"09/25/2008","permit_group":"Building","refresh_time":"06/10/2026","type_lat_lon":"ADDRESS","business_unit":"Express Permit"},"geometry":{"type":"Point","coordinates":[-118.50976,34.03343]}},{"type":"Feature","properties":{"date":"2006-06-09T00:00:00.000Z","year":2006,"description":"REPLACE 9 WINDOWS WITH ENERGY EFFICIENT WINDOWS. SAME SIZE/ LOCATION.Dual glazing, labeled and certified by National Fenestration Rating Council (NFRC), is required for doors and windows replaced in all residential buildings, three stories or less, per Section 152(b) of Title 24.","metadescription":"Bldg-Alter/Repair. 1 or 2 Family Dwelling. REPLACE 9 WINDOWS WITH ENERGY EFFICIENT WINDOWS. SAME SIZE/ LOCATION.Dual glazing, labeled and certified by National Fenestration Rating Council (NFRC), is required for doors and windows replaced in all residential buildings, three stories or less, per Section 152(b) of Title 24.. Permit Finaled. 39 E NAVY ST","address":"39 Navy Street, CA, Venice, 90291, US","ct":"2734.00","ev":"N","apc":"West Los Angeles","cpa":"Venice","zone":"R3-1","solar":"N","pin_nbr":"111B141   630","use_code":"1","geolocation":"POINT (-118.48051 33.99658)","status_date":"07/27/2010","permit_group":"Building","refresh_time":"06/10/2026","type_lat_lon":"ADDRESS","business_unit":"Express Permit"},"geometry":{"type":"Point","coordinates":[-118.48051,33.99658]}},{"type":"Feature","properties":{"date":"2006-06-06T00:00:00.000Z","year":2006,"description":"RESIDENTIAL KITCHEN AND BATHROOM REMODEL - REPAIR/REPLACE ONLY. NO CHANGES IN WALLS OR OPENINGS. CHANGE OUT 1 WINDOW AND 2 DOORS (SAME SIZE AND LOCATION). DRYWALL/PLASTER PATCH AND PAINT.","metadescription":"Bldg-Alter/Repair. 1 or 2 Family Dwelling. RESIDENTIAL KITCHEN AND BATHROOM REMODEL - REPAIR/REPLACE ONLY. NO CHANGES IN WALLS OR OPENINGS. CHANGE OUT 1 WINDOW AND 2 DOORS (SAME SIZE AND LOCATION). DRYWALL/PLASTER PATCH AND PAINT.. Permit Finaled. 45 E OZONE AVE","address":"45 Ozone Avenue, CA, Venice, 90291, US","ct":"2734.00","ev":"N","apc":"West Los Angeles","cpa":"Venice","zone":"RD1.5-1","solar":"N","pin_nbr":"111B141   713","use_code":"2","geolocation":"POINT (-118.47981 33.99612)","status_date":"04/07/2008","permit_group":"Building","refresh_time":"06/10/2026","type_lat_lon":"ADDRESS","business_unit":"Express Permit"},"geometry":{"type":"Point","coordinates":[-118.47981,33.99612]}},{"type":"Feature","properties":{"date":"2006-03-08T00:00:00.000Z","year":2006,"description":"113 sf  ADDITION. INTERIOR REMODELING. REPLACE 18 EXISTING DOORS AND WINDOWS, WITH THE SAME SIZE. REPLACE  DAMAGED FRAMING AT MASTER BATHROOM.","metadescription":"Bldg-Addition. 1 or 2 Family Dwelling. 113 sf  ADDITION. INTERIOR REMODELING. REPLACE 18 EXISTING DOORS AND WINDOWS, WITH THE SAME SIZE. REPLACE  DAMAGED FRAMING AT MASTER BATHROOM.. CofO Issued. 474 N EAST CHANNEL ROAD","address":"474 East Channel Road, CA, Santa Monica, 90402, US","ct":"2628.00","ev":"N","hl":"YES","apc":"West Los Angeles","zone":"R1-1","solar":"N","pin_nbr":"123B129   482","use_code":"1","geolocation":"POINT (-118.51234256 34.03319276)","status_date":"03/20/2015","construction":"Type V-N Construction","permit_group":"Building","refresh_time":"06/10/2026","type_lat_lon":"BUILDING","business_unit":"Plan Check at Counter","square_footage":"113"},"geometry":{"type":"Point","coordinates":[-118.51234256,34.03319276]}},{"type":"Feature","properties":{"date":"2005-11-30T00:00:00.000Z","year":2005,"description":"NEW SWIMMING POOL & SPA*. install pool alarm at door and fence for enclosure.","metadescription":"Swimming-Pool/Spa. 1 or 2 Family Dwelling. NEW SWIMMING POOL & SPA*. install pool alarm at door and fence for enclosure.. CofO Issued. 700 N KINGMAN AVE","address":"694 Kingman Avenue, CA, Santa Monica, 90402, US","ct":"2628.00","ev":"N","hl":"YES","apc":"West Los Angeles","zone":"R1-1","solar":"N","pin_nbr":"124-5A133  17","use_code":"20","geolocation":"POINT (-118.50831 34.03698)","status_date":"06/28/2010","permit_group":"Building","refresh_time":"06/10/2026","type_lat_lon":"ADDRESS","business_unit":"Regular Plan Check"},"geometry":{"type":"Point","coordinates":[-118.50831,34.03698]}},{"type":"Feature","properties":{"date":"2005-10-18T00:00:00.000Z","year":2005,"description":"4' X 8' BALCONY  ADDITION OFF OF BEDROOM OF FIRST FLOOR REAR UNIT, REPLACE WINDOW WITH SLIDING DOOR.","metadescription":"Bldg-Alter/Repair. Apartment. 4' X 8' BALCONY  ADDITION OFF OF BEDROOM OF FIRST FLOOR REAR UNIT, REPLACE WINDOW WITH SLIDING DOOR.. Permit Finaled. 225 1/2 S 3RD AVE","address":"225 3Rd Avenue, CA, Venice, 90291, US","ct":"2733.00","ev":"N","apc":"West Los Angeles","cpa":"Venice","zone":"RD1.5-1","solar":"N","pin_nbr":"111B141   435","use_code":"5","geolocation":"POINT (-118.47717 33.99788)","status_date":"02/18/2009","permit_group":"Building","refresh_time":"06/10/2026","type_lat_lon":"ADDRESS","business_unit":"Appointment Plan Check"},"geometry":{"type":"Point","coordinates":[-118.47717,33.99788]}},{"type":"Feature","properties":{"date":"2005-09-22T00:00:00.000Z","year":2005,"description":"CHANGE OUT 3 WINDOWS AND 2 DOORS (SAME SIZE AND LOCATION). RESIDENTIAL KITCHEN AND  BATHROOM REMODEL COMBINED WITH ELECTRICAL/PLUMBING AND HVAC. REPAIR/REPLACE EXISTING SIDING. DRYWALL/PLASTER PATCH AND PAINT. REPLACE (DRY ROT, WATER, TERMITE) DAMAGED (ROOF RAFTER,JOIST OR OTHER) WITH SAME SIZE AND SPACING(LESS THAN 10% DAMAGED)CHANGE OF CONTRACTOR.","metadescription":"Bldg-Alter/Repair. 1 or 2 Family Dwelling. CHANGE OUT 3 WINDOWS AND 2 DOORS (SAME SIZE AND LOCATION). RESIDENTIAL KITCHEN AND  BATHROOM REMODEL COMBINED WITH ELECTRICAL/PLUMBING AND HVAC. REPAIR/REPLACE EXISTING SIDING. DRYWALL/PLASTER PATCH AND PAINT. REPLACE (DRY ROT, WATER, TERMITE) DAMAGED (ROOF RAFTER,JOIST OR OTHER) WITH SAME SIZE AND SPACING(LESS THAN 10% DAMAGED)CHANGE OF CONTRACTOR.. Permit Finaled. 760 N SAN LORENZO ST","address":"760 San Lorenzo Street, CA, Santa Monica, 90402, US","ct":"2628.00","ev":"N","hl":"YES","apc":"West Los Angeles","zone":"RE20-1","solar":"N","pin_nbr":"126B133   206","use_code":"1","geolocation":"POINT (-118.50905 34.03949)","status_date":"12/12/2006","permit_group":"Building","refresh_time":"06/10/2026","type_lat_lon":"ADDRESS","business_unit":"Express Permit"},"geometry":{"type":"Point","coordinates":[-118.50905,34.03949]}},{"type":"Feature","properties":{"date":"2005-08-23T00:00:00.000Z","year":2005,"description":"CHANGE OUT 5 WINDOWS AND 4 DOORS (SAME SIZE & LOCATION). RESIDENTIAL KITCHEN REMODEL- REPAIR/REPLACE ONLY. NO CHANGES IN WALLS OR OPENINGS.","metadescription":"Bldg-Alter/Repair. 1 or 2 Family Dwelling. CHANGE OUT 5 WINDOWS AND 4 DOORS (SAME SIZE & LOCATION). RESIDENTIAL KITCHEN REMODEL- REPAIR/REPLACE ONLY. NO CHANGES IN WALLS OR OPENINGS.. Permit Finaled. 760 N SAN LORENZO ST","address":"760 San Lorenzo Street, CA, Santa Monica, 90402, US","ct":"2628.00","ev":"N","hl":"YES","apc":"West Los Angeles","zone":"RE20-1","solar":"N","pin_nbr":"126B133   206","use_code":"1","geolocation":"POINT (-118.50905 34.03949)","status_date":"12/11/2006","permit_group":"Building","refresh_time":"06/10/2026","type_lat_lon":"ADDRESS","business_unit":"Express Permit"},"geometry":{"type":"Point","coordinates":[-118.50905,34.03949]}},{"type":"Feature","properties":{"date":"2005-08-18T00:00:00.000Z","year":2005,"description":"remodel single family dwelling:  remove nonbearing partitions at kitchen and dining, revise window size and loction at kitchen and remodel kitchen, change out existing sliding door with french doors-same size/location. All work per City Type V sheet.","metadescription":"Bldg-Alter/Repair. 1 or 2 Family Dwelling. remodel single family dwelling:  remove nonbearing partitions at kitchen and dining, revise window size and loction at kitchen and remodel kitchen, change out existing sliding door with french doors-same size/location. All work per City Type V sheet.. Permit Finaled. 1326 S GLENAVON AVE","address":"1326 Glenavon Avenue, CA, Venice, 90291, US","ct":"2731.00","ev":"N","apc":"West Los Angeles","zone":"R1-1","solar":"N","pin_nbr":"114B149   524","use_code":"1","geolocation":"POINT (-118.45646 34.00867)","status_date":"01/19/2006","construction":"Type V-N Construction","permit_group":"Building","refresh_time":"06/10/2026","type_lat_lon":"ADDRESS","business_unit":"Plan Check at Counter","square_footage":"0"},"geometry":{"type":"Point","coordinates":[-118.45646,34.00867]}},{"type":"Feature","properties":{"date":"2004-11-19T00:00:00.000Z","year":2004,"description":"Interior remodel to add bathroom in rear portion of garage area, add remove portion of closet to add shower in existing bathroom, enlarge (e) shower in master bathroom, and relocate bathroom fixtures and add window in (e) sliding door opening.  Reduce size of exterior windows in bathroom. (2 bathrooms to be remodeled)","metadescription":"Bldg-Alter/Repair. 1 or 2 Family Dwelling. Interior remodel to add bathroom in rear portion of garage area, add remove portion of closet to add shower in existing bathroom, enlarge (e) shower in master bathroom, and relocate bathroom fixtures and add window in (e) sliding door opening.  Reduce size of exterior windows in bathroom. (2 bathrooms to be remodeled). Permit Finaled. 548 N DRYAD ROAD","address":"548 Dryad Road, CA, Santa Monica, 90402, US","ct":"2628.00","ev":"N","hl":"YES","apc":"West Los Angeles","zone":"R1-1-O","solar":"N","pin_nbr":"124-5A133 182","use_code":"1","geolocation":"POINT (-118.5104 34.03462)","status_date":"07/06/2006","permit_group":"Building","refresh_time":"06/10/2026","type_lat_lon":"ADDRESS","business_unit":"Plan Check at Counter"},"geometry":{"type":"Point","coordinates":[-118.5104,34.03462]}},{"type":"Feature","properties":{"date":"2004-10-15T00:00:00.000Z","year":2004,"description":"TI--New non bearing partitions.  New interior doors and windows, no structural.","metadescription":"Bldg-Alter/Repair. Commercial. TI--New non bearing partitions.  New interior doors and windows, no structural.. Permit Finaled. 220 S MAIN ST","address":"220 Main Street, CA, Venice, 90291, US","ct":"2734.00","ev":"N","apc":"West Los Angeles","cpa":"Venice","zone":"M1-1","solar":"N","pin_nbr":"111B141   503","use_code":"23","geolocation":"POINT (-118.47822215 33.99745826)","status_date":"04/18/2006","permit_group":"Building","refresh_time":"06/10/2026","type_lat_lon":"PIN","business_unit":"Plan Check at Counter"},"geometry":{"type":"Point","coordinates":[-118.47822215,33.99745826]}},{"type":"Feature","properties":{"date":"2004-09-23T00:00:00.000Z","year":2004,"description":"Interior remodel  to replace existing interior guardrail,  removing and cutting back soffits, new tile at entry and bathrooms.   Replace doors with same size and locations.  New closure around the existing sump pump.  Remove bathtub and install new shower in guess bathroom.   New water closets and sinks.","metadescription":"Bldg-Alter/Repair. 1 or 2 Family Dwelling. Interior remodel  to replace existing interior guardrail,  removing and cutting back soffits, new tile at entry and bathrooms.   Replace doors with same size and locations.  New closure around the existing sump pump.  Remove bathtub and install new shower in guess bathroom.   New water closets and sinks.. Permit Finaled. 111 OCEAN FRONT WALK","address":"113 Ocean Front Walk, CA, Venice, 90291, US","ct":"2734.00","ev":"N","apc":"West Los Angeles","cpa":"Venice","zone":"R3-1","solar":"N","pin_nbr":"111B141   715","use_code":"35","geolocation":"POINT (-118.48159663 33.99620132)","status_date":"01/26/2005","permit_group":"Building","refresh_time":"06/10/2026","type_lat_lon":"PIN","business_unit":"Plan Check at Counter"},"geometry":{"type":"Point","coordinates":[-118.48159663,33.99620132]}},{"type":"Feature","properties":{"date":"2004-06-30T00:00:00.000Z","year":2004,"description":"CHANGE OUT 1 DOOR (SAME SIZE & LOCATION).","metadescription":"Bldg-Alter/Repair. Commercial. CHANGE OUT 1 DOOR (SAME SIZE & LOCATION).. Permit Finaled. 2 E ROSE AVE","address":"2 Rose Avenue, CA, Venice, 90291, US","ct":"2734.00","ev":"N","apc":"West Los Angeles","cpa":"Venice","zone":"C1-1","solar":"N","pin_nbr":"109-5A141 102","use_code":"17","geolocation":"POINT (-118.48013 33.9947)","status_date":"10/05/2005","permit_group":"Building","refresh_time":"06/10/2026","type_lat_lon":"ADDRESS","business_unit":"Express Permit"},"geometry":{"type":"Point","coordinates":[-118.48013,33.9947]}},{"type":"Feature","properties":{"date":"2004-06-24T00:00:00.000Z","year":2004,"description":"FIRE DAMAGE REPAIR OF TWO CAR GARAGE ONLY.  REPLACE 128 SQ. FT. OF SHEATHING AND 4 SQS. OF CLASS \"A\" COMP. SHINGLES.  REPLACE GARAGE DOOR, FACIA BOARD AND APPROX. 45 SQ. FT. OF STUCCO.","metadescription":"Bldg-Alter/Repair. 1 or 2 Family Dwelling. FIRE DAMAGE REPAIR OF TWO CAR GARAGE ONLY.  REPLACE 128 SQ. FT. OF SHEATHING AND 4 SQS. OF CLASS \"A\" COMP. SHINGLES.  REPLACE GARAGE DOOR, FACIA BOARD AND APPROX. 45 SQ. FT. OF STUCCO.. Permit Finaled. 13139 W DEWEY ST","address":"13139 Dewey Street, CA, Los Angeles, 90066, US","ct":"2714.00","ev":"N","hl":"YES","apc":"West Los Angeles","cpa":"Palms - Del Rey - Mar Vista","zone":"R1-1","solar":"N","pin_nbr":"114B149   214","use_code":"1","geolocation":"POINT (-118.45394 34.01078)","status_date":"12/01/2008","permit_group":"Building","refresh_time":"06/10/2026","type_lat_lon":"ADDRESS","business_unit":"Express Permit"},"geometry":{"type":"Point","coordinates":[-118.45394,34.01078]}},{"type":"Feature","properties":{"date":"2004-06-17T00:00:00.000Z","year":2004,"description":"20'-11\" X 13'-6\" IRR SINGLE STORY ADDITION AT FRONT; BREAKFAST NOOK AND ENTRY FOYER WITH LAUNDRY CLOSET (+ 206 SQ FT). RELOCATE KITCHEN AND GUEST BEDROOM, ADD FULL BATH WITHIN EXISTING SPACE AND RAISE ROOF OVER NEW KITCHEN LOCATION. RELOCATE GARAGE DOOR AND DRIVEWAY.","metadescription":"Bldg-Addition. 1 or 2 Family Dwelling. 20'-11\" X 13'-6\" IRR SINGLE STORY ADDITION AT FRONT; BREAKFAST NOOK AND ENTRY FOYER WITH LAUNDRY CLOSET (+ 206 SQ FT). RELOCATE KITCHEN AND GUEST BEDROOM, ADD FULL BATH WITHIN EXISTING SPACE AND RAISE ROOF OVER NEW KITCHEN LOCATION. RELOCATE GARAGE DOOR AND DRIVEWAY.. Permit Finaled. 14112 W ATTILLA ROAD","address":"14112 Attilla Road, CA, Santa Monica, 90402, US","ct":"2628.00","ev":"N","hl":"YES","apc":"West Los Angeles","zone":"R1-1-O","solar":"N","pin_nbr":"124-5A133 238","use_code":"1","geolocation":"POINT (-118.51088 34.03357)","status_date":"05/11/2006","construction":"Type V-N Construction","permit_group":"Building","refresh_time":"06/10/2026","type_lat_lon":"ADDRESS","business_unit":"Regular Plan Check","square_footage":"206"},"geometry":{"type":"Point","coordinates":[-118.51088,34.03357]}},{"type":"Feature","properties":{"date":"2003-11-07T00:00:00.000Z","year":2003,"description":"Residential kitchen & bathroom remodel - repair/replace only.  No changes in walls or openings.  Combined with electrical & plumbing.  Changes out 6 windows and 3 doors (same size & location.)","metadescription":"Bldg-Alter/Repair. 1 or 2 Family Dwelling. Residential kitchen & bathroom remodel - repair/replace only.  No changes in walls or openings.  Combined with electrical & plumbing.  Changes out 6 windows and 3 doors (same size & location.). Permit Finaled. 627 N SAN LORENZO ST","address":"623 San Lorenzo Street, CA, Santa Monica, 90402, US","ct":"2628.00","ev":"N","hl":"YES","apc":"West Los Angeles","zone":"R1-1","solar":"N","pin_nbr":"124-5A133 138","use_code":"1","geolocation":"POINT (-118.50956 34.03537)","status_date":"07/06/2005","permit_group":"Building","refresh_time":"06/10/2026","type_lat_lon":"ADDRESS","business_unit":"Express Permit"},"geometry":{"type":"Point","coordinates":[-118.50956,34.03537]}},{"type":"Feature","properties":{"date":"2003-03-10T00:00:00.000Z","year":2003,"description":"KITCHEN AND BATHROOM REMODEL, RELOCATE GARAGE DOOR, ADD SKYLIGHTS IN KITCHEN AND REPLACE DOORS AND WINDOWS IN FRONT OF BLDG AND AT KITCHEN.","metadescription":"Bldg-Alter/Repair. 1 or 2 Family Dwelling. KITCHEN AND BATHROOM REMODEL, RELOCATE GARAGE DOOR, ADD SKYLIGHTS IN KITCHEN AND REPLACE DOORS AND WINDOWS IN FRONT OF BLDG AND AT KITCHEN.. Permit Finaled. 653 N KINGMAN AVE","address":"653 Kingman Avenue, CA, Santa Monica, 90402, US","ct":"2628.00","ev":"N","hl":"YES","apc":"West Los Angeles","zone":"R1-1","solar":"N","pin_nbr":"124-5A133  98","use_code":"1","geolocation":"POINT (-118.50864 34.03575)","status_date":"09/17/2004","permit_group":"Building","refresh_time":"06/10/2026","type_lat_lon":"ADDRESS","business_unit":"Plan Check at Counter"},"geometry":{"type":"Point","coordinates":[-118.50864,34.03575]}},{"type":"Feature","properties":{"date":"2003-03-04T00:00:00.000Z","year":2003,"description":"OUTDOOR FIREPLACE.","metadescription":"Nonbldg-New. 1 or 2 Family Dwelling. OUTDOOR FIREPLACE.. Permit Finaled. 591 N ENTRADA DR","address":"601 San Lorenzo Street, CA, Santa Monica, 90402, US","ct":"2628.00","ev":"N","hl":"YES","apc":"West Los Angeles","zone":"R1-1-O","solar":"N","pin_nbr":"124-5A133 186","use_code":"23","geolocation":"POINT (-118.50985 34.03435)","status_date":"11/18/2003","permit_group":"Building","refresh_time":"06/10/2026","type_lat_lon":"ADDRESS","business_unit":"Plan Check at Counter"},"geometry":{"type":"Point","coordinates":[-118.50985,34.03435]}},{"type":"Feature","properties":{"date":"2002-09-24T00:00:00.000Z","year":2002,"description":"SUPPLEMENTAL TO PERMIT # 01016-10-24368  ADD 32 OUTDOOR SEATING TO PERMITTED REST. T.I. NO PHYSICAL WORK.","metadescription":"Bldg-Alter/Repair. Commercial. SUPPLEMENTAL TO PERMIT # 01016-10-24368  ADD 32 OUTDOOR SEATING TO PERMITTED REST. T.I. NO PHYSICAL WORK.. Permit Finaled. 245 S MAIN ST","address":"245 Main Street, CA, Venice, 90291, US","ct":"2734.00","ev":"N","apc":"West Los Angeles","zone":"(T)(Q)C4-2D","solar":"N","pin_nbr":"111B141   545","use_code":"17","geolocation":"POINT (-118.47872 33.99681)","status_date":"09/19/2012","permit_group":"Building","refresh_time":"06/10/2026","type_lat_lon":"ADDRESS","business_unit":"Regular Plan Check"},"geometry":{"type":"Point","coordinates":[-118.47872,33.99681]}},{"type":"Feature","properties":{"date":"2002-09-13T00:00:00.000Z","year":2002,"description":"change out 6 windows and 6 doors, same size and location.  residential kitchen and bathroom remodel - repair/replace only.  no changes in walls or openings.    drywall/plaster patch and paint. Re-stucco/sandblast - exterior of unit 45.","metadescription":"Bldg-Alter/Repair. Apartment. change out 6 windows and 6 doors, same size and location.  residential kitchen and bathroom remodel - repair/replace only.  no changes in walls or openings.    drywall/plaster patch and paint. Re-stucco/sandblast - exterior of unit 45.. Permit Finaled. 29 E NAVY ST #45","address":"29 Navy Street, CA, Venice, 90291, US","ct":"2734.00","ev":"N","apc":"West Los Angeles","zone":"R3-1","solar":"N","pin_nbr":"111B141   669","use_code":"5","geolocation":"POINT (-118.48082 33.99638)","status_date":"01/03/2003","permit_group":"Building","refresh_time":"06/10/2026","type_lat_lon":"ADDRESS","business_unit":"Express Permit"},"geometry":{"type":"Point","coordinates":[-118.48082,33.99638]}},{"type":"Feature","properties":{"date":"2002-04-01T00:00:00.000Z","year":2002,"description":"CHANGE OUT 11 WINDOWS AND 2 DOORS, SAME SIZE AND LOCATION.  RESTUCC - ENTIRE BUILDING.  RESIDENTIAL KTICHEN AND BATHROOM REMODEL - REPAIR/REPLACE ONLY.  NO CHANGES IN WALLS OR OPENINGS.  TEAR  OFF EXISTING ROOFING.  REROOF WITH CLASS A FIBERGLASS OR ASPHALT SHINGLES(MAX 2 OVERLAYS TOTAL)  6SQRS - GARAGE ONLY.    DRYWALL/PLASTER PATCH AND PAINT.","metadescription":"Bldg-Alter/Repair. 1 or 2 Family Dwelling. CHANGE OUT 11 WINDOWS AND 2 DOORS, SAME SIZE AND LOCATION.  RESTUCC - ENTIRE BUILDING.  RESIDENTIAL KTICHEN AND BATHROOM REMODEL - REPAIR/REPLACE ONLY.  NO CHANGES IN WALLS OR OPENINGS.  TEAR  OFF EXISTING ROOFING.  REROOF WITH CLASS A FIBERGLASS OR ASPHALT SHINGLES(MAX 2 OVERLAYS TOTAL)  6SQRS - GARAGE ONLY.    DRYWALL/PLASTER PATCH AND PAINT.. Permit Finaled. 866 E COMMONWEALTH AVE","address":"866 Commonwealth Avenue, CA, Venice, 90291, US","ct":"2731.00","ev":"N","apc":"West Los Angeles","zone":"R1-1","solar":"N","pin_nbr":"111B145   204","use_code":"1","geolocation":"POINT (-118.46734 34.00339)","status_date":"09/17/2002","permit_group":"Building","refresh_time":"06/10/2026","type_lat_lon":"ADDRESS","business_unit":"Express Permit"},"geometry":{"type":"Point","coordinates":[-118.46734,34.00339]}},{"type":"Feature","properties":{"date":"2001-08-27T00:00:00.000Z","year":2001,"description":"CHANGE OUT WINDOWS AND DOORS (SAME S/L/T).","metadescription":"Bldg-Alter/Repair. Commercial. CHANGE OUT WINDOWS AND DOORS (SAME S/L/T).. Permit Finaled. 313 S OCEAN FRONT WALK","address":"1-2, 313 Ocean Front Walk, CA, Venice, 90291, US","ct":"2734.00","ev":"N","apc":"West Los Angeles","zone":"C1-1","solar":"N","pin_nbr":"109-5A141 115","use_code":"16","geolocation":"POINT (-118.48008 33.99436)","status_date":"02/27/2007","permit_group":"Building","refresh_time":"06/10/2026","type_lat_lon":"ADDRESS","business_unit":"Express Permit"},"geometry":{"type":"Point","coordinates":[-118.48008,33.99436]}},{"type":"Feature","properties":{"date":"2001-08-23T00:00:00.000Z","year":2001,"description":"EXTEND/CONVERT(E)BATHRM TO SAUNA(2.5'X8',20S.F), DEMOLISH POOL ENCLOSURE(2184 S.F), ADD ROOF& STAIRWAY TO(E)TERRACE(7'X22',154S.F) REPLACE(E)WOOD COLUMNS W/STEEL@COVERED PATIO,REPLACE 3 WINDOWS&1 DOOR IN(E)FAMILY ROOM(1 OF 3 TOTAL VAL $125,000)","metadescription":"Bldg-Alter/Repair. 1 or 2 Family Dwelling. EXTEND/CONVERT(E)BATHRM TO SAUNA(2.5'X8',20S.F), DEMOLISH POOL ENCLOSURE(2184 S.F), ADD ROOF& STAIRWAY TO(E)TERRACE(7'X22',154S.F) REPLACE(E)WOOD COLUMNS W/STEEL@COVERED PATIO,REPLACE 3 WINDOWS&1 DOOR IN(E)FAMILY ROOM(1 OF 3 TOTAL VAL $125,000). Permit Finaled. 719 N KINGMAN AVE","address":"719 Kingman Avenue, CA, Santa Monica, 90402, US","ct":"2628.00","ev":"N","hl":"YES","apc":"West Los Angeles","zone":"R1-1","solar":"N","pin_nbr":"126B133   341","use_code":"1","geolocation":"POINT (-118.50869 34.03747)","status_date":"02/27/2002","construction":"Type V-N Construction","permit_group":"Building","refresh_time":"06/10/2026","type_lat_lon":"ADDRESS","business_unit":"Appointment Plan Check","square_footage":"-2010"},"geometry":{"type":"Point","coordinates":[-118.50869,34.03747]}},{"type":"Feature","properties":{"date":"2001-08-23T00:00:00.000Z","year":2001,"description":"INSTALL(N) FRENCH DOOR @REC RM,REPLACE(E) WINDOW (2 OF 3, TOTAL VAL $125,000)","metadescription":"Bldg-Alter/Repair. 1 or 2 Family Dwelling. INSTALL(N) FRENCH DOOR @REC RM,REPLACE(E) WINDOW (2 OF 3, TOTAL VAL $125,000). Permit Finaled. 719 N KINGMAN AVE","address":"719 Kingman Avenue, CA, Santa Monica, 90402, US","ct":"2628.00","ev":"N","hl":"YES","apc":"West Los Angeles","zone":"R1-1","solar":"N","pin_nbr":"126B133   341","use_code":"23","geolocation":"POINT (-118.50869 34.03747)","status_date":"02/27/2002","construction":"Type V-N Construction","permit_group":"Building","refresh_time":"06/10/2026","type_lat_lon":"ADDRESS","business_unit":"Appointment Plan Check"},"geometry":{"type":"Point","coordinates":[-118.50869,34.03747]}},{"type":"Feature","properties":{"date":"2001-08-09T00:00:00.000Z","year":2001,"description":"NEW FRONT PORCH AND STEPS (NO ROOF), CLOSE SIDE DOOR AT DINING AREA, NEW FRONT DOOR. ALL CONSTRUCTION PER TYPE V SHEET.","metadescription":"Bldg-Alter/Repair. 1 or 2 Family Dwelling. NEW FRONT PORCH AND STEPS (NO ROOF), CLOSE SIDE DOOR AT DINING AREA, NEW FRONT DOOR. ALL CONSTRUCTION PER TYPE V SHEET.. Permit Finaled. 49 E OZONE AVE","address":"49 Ozone Avenue, CA, Venice, 90291, US","ct":"2734.00","ev":"N","apc":"West Los Angeles","zone":"RD1.5-1","solar":"N","pin_nbr":"111B141   705","use_code":"1","geolocation":"POINT (-118.47973 33.99617)","status_date":"11/08/2001","construction":"Type V-N Construction","permit_group":"Building","refresh_time":"06/10/2026","type_lat_lon":"ADDRESS","business_unit":"Plan Check at Counter"},"geometry":{"type":"Point","coordinates":[-118.47973,33.99617]}},{"type":"Feature","properties":{"date":"2001-06-25T00:00:00.000Z","year":2001,"description":"CHANGE OUT 10 WINDOWS AND 4 DOORS (SAME SIZE AND LOCATION),RESTUCCO/SA NDBLAST OVER EXISTING PARTS OF HOUSE/CRACK REPAIR. KITCHEN & BATHROOM REMODEL - REPAIR/REPLACE ONLY. NO CHANGES IN WALLS OR OPENINGS, COMBIN ED WITH ELECTRICAL AND PLUMBING,DRYWALL/PLASTER PATCH & PAINT,TERMITE DAMAGE/DRY ROT LESS THAN 10% REPAIR/REPLACE. NO STRUCTURAL CHANGES.","metadescription":"Bldg-Alter/Repair. 1 or 2 Family Dwelling. CHANGE OUT 10 WINDOWS AND 4 DOORS (SAME SIZE AND LOCATION),RESTUCCO/SA NDBLAST OVER EXISTING PARTS OF HOUSE/CRACK REPAIR. KITCHEN & BATHROOM REMODEL - REPAIR/REPLACE ONLY. NO CHANGES IN WALLS OR OPENINGS, COMBIN ED WITH ELECTRICAL AND PLUMBING,DRYWALL/PLASTER PATCH & PAINT,TERMITE DAMAGE/DRY ROT LESS THAN 10% REPAIR/REPLACE. NO STRUCTURAL CHANGES.. Permit Finaled. 846 E COMMONWEALTH AVE","address":"842 Commonwealth Avenue, CA, Venice, 90291, US","ct":"2731.00","ev":"N","apc":"West Los Angeles","zone":"R1-1","solar":"N","pin_nbr":"111B145   266","use_code":"1","geolocation":"POINT (-118.4679 34.00309)","status_date":"04/28/2003","permit_group":"Building","refresh_time":"06/10/2026","type_lat_lon":"ADDRESS","business_unit":"Express Permit"},"geometry":{"type":"Point","coordinates":[-118.4679,34.00309]}},{"type":"Feature","properties":{"date":"2000-09-15T00:00:00.000Z","year":2000,"description":"change out of 3 window and 22 doors(same size and location) restucco/ sandblast over existing. kitchen and bathromm remodel - repair/replac e only. no changes in walls or openings. combined electrical and plum bing. drywall/plaster patch and paint. repair/replace masonry chimne y pre fab unit per city std detail. combined hvac","metadescription":"Bldg-Alter/Repair. 1 or 2 Family Dwelling. change out of 3 window and 22 doors(same size and location) restucco/ sandblast over existing. kitchen and bathromm remodel - repair/replac e only. no changes in walls or openings. combined electrical and plum bing. drywall/plaster patch and paint. repair/replace masonry chimne y pre fab unit per city std detail. combined hvac. Permit Finaled. 602 N KINGMAN AVE","address":"602 Kingman Avenue, CA, Santa Monica, 90402, US","ct":"2628.00","ev":"N","hl":"YES","apc":"West Los Angeles","zone":"R1-1","solar":"N","pin_nbr":"124-5A133 193","use_code":"1","geolocation":"POINT (-118.5087 34.03451)","status_date":"07/31/2002","permit_group":"Building","refresh_time":"06/10/2026","type_lat_lon":"ADDRESS","business_unit":"Express Permit"},"geometry":{"type":"Point","coordinates":[-118.5087,34.03451]}},{"type":"Feature","properties":{"date":"2000-06-06T00:00:00.000Z","year":2000,"description":"OUTDOOR SEATING (900 sf ) FOR DINNING IN FRONT OF THE LOT IN CONJUNCTION WITH AN EXISTING RESTAURANT. (outdoor seating area is less than 50% of the floor area of the existing restaurant)","metadescription":"Nonbldg-New. Commercial. OUTDOOR SEATING (900 sf ) FOR DINNING IN FRONT OF THE LOT IN CONJUNCTION WITH AN EXISTING RESTAURANT. (outdoor seating area is less than 50% of the floor area of the existing restaurant). Permit Expired. 203 1/2-213 S OCEAN FRONT WALK","address":"213 Ocean Front Walk, CA, Venice, 90291, US","ct":"2734.00","ev":"N","apc":"West Los Angeles","zone":"C1-1","solar":"N","pin_nbr":"109-5A141  83","use_code":"61","geolocation":"POINT (-118.48048545 33.99500371)","status_date":"02/12/2007","permit_group":"Building","refresh_time":"06/10/2026","type_lat_lon":"PIN","business_unit":"Appointment Plan Check"},"geometry":{"type":"Point","coordinates":[-118.48048545,33.99500371]}},{"type":"Feature","properties":{"date":"2000-02-03T00:00:00.000Z","year":2000,"description":"1-story addition to expand the master bedroom (approx. 10'x14'7\"); remove non-bearing partition in the master bathroom; remove and add new plumbing fixtures in the bathroom; add non-bearing partitions; new door in existing window opening; Combine Elec/HVAC/Plumbing.","metadescription":"Bldg-Addition. 1 or 2 Family Dwelling. 1-story addition to expand the master bedroom (approx. 10'x14'7\"); remove non-bearing partition in the master bathroom; remove and add new plumbing fixtures in the bathroom; add non-bearing partitions; new door in existing window opening; Combine Elec/HVAC/Plumbing.. Permit Finaled. 13236 W WARREN AVE","address":"13236 Warren Avenue, CA, Los Angeles, 90066, US","ct":"2714.00","ev":"N","hl":"YES","apc":"West Los Angeles","zone":"R1-1","solar":"N","pin_nbr":"114B149   487","use_code":"1","geolocation":"POINT (-118.45477 34.00921)","status_date":"06/06/2001","construction":"Type V-N Construction","permit_group":"Building","refresh_time":"06/10/2026","type_lat_lon":"ADDRESS","business_unit":"Plan Check at Counter","square_footage":"146"},"geometry":{"type":"Point","coordinates":[-118.45477,34.00921]}},{"type":"Feature","properties":{"date":"2000-01-20T00:00:00.000Z","year":2000,"description":"interior remodel, repipe plumbing and electrical, add new french doors /windows and move water heaters.","metadescription":"Bldg-Alter/Repair. 1 or 2 Family Dwelling. interior remodel, repipe plumbing and electrical, add new french doors /windows and move water heaters.. Permit Finaled. 13230 W WARREN AVE","address":"13230 Warren Avenue, CA, Los Angeles, 90066, US","ct":"2714.00","ev":"N","hl":"YES","apc":"West Los Angeles","zone":"R1-1","solar":"N","pin_nbr":"114B149   482","use_code":"1","geolocation":"POINT (-118.45462 34.00928)","status_date":"08/22/2000","permit_group":"Building","refresh_time":"06/10/2026","type_lat_lon":"ADDRESS","business_unit":"Plan Check at Counter"},"geometry":{"type":"Point","coordinates":[-118.45462,34.00928]}},{"type":"Feature","properties":{"date":"1999-12-09T00:00:00.000Z","year":1999,"description":"REPOINT 4TH FLOOR - SOUTH SIDE; BELOW 4TH FLOOR WINDOWS - NORTH SIDE; AROUND WINDOWS & DOORS, 3RD & 4TH FLOOR -WEST SIDE; SMALL PORTIONS -EAST SIDE ON (E) URM BLDG PER CITY STANDARD.","metadescription":"Bldg-Alter/Repair. Commercial. REPOINT 4TH FLOOR - SOUTH SIDE; BELOW 4TH FLOOR WINDOWS - NORTH SIDE; AROUND WINDOWS & DOORS, 3RD & 4TH FLOOR -WEST SIDE; SMALL PORTIONS -EAST SIDE ON (E) URM BLDG PER CITY STANDARD.. Permit Finaled. 401 S OCEAN FRONT WALK 1-45","address":"1-45, 401 Ocean Front Walk, CA, Venice, 90291, US","ct":"2734.00","ev":"N","apc":"West Los Angeles","zone":"R3-1","solar":"N","pin_nbr":"109-5A141 128","use_code":"11","geolocation":"POINT (-118.47965 33.99386)","status_date":"10/19/2000","permit_group":"Building","refresh_time":"06/10/2026","type_lat_lon":"ADDRESS","business_unit":"Plan Check at Counter"},"geometry":{"type":"Point","coordinates":[-118.47965,33.99386]}},{"type":"Feature","properties":{"date":"1999-11-12T00:00:00.000Z","year":1999,"description":"Remodel(E) bedroom,replace 6 windows&3 doors.","metadescription":"Bldg-Alter/Repair. 1 or 2 Family Dwelling. Remodel(E) bedroom,replace 6 windows&3 doors.. Permit Finaled. 13230 W WARREN AVE","address":"13230 Warren Avenue, CA, Los Angeles, 90066, US","ct":"2714.00","ev":"N","hl":"YES","apc":"West Los Angeles","zone":"R1-1","solar":"N","pin_nbr":"114B149   482","use_code":"1","geolocation":"POINT (-118.45462 34.00928)","status_date":"08/22/2000","construction":"Type V-N Construction","permit_group":"Building","refresh_time":"06/10/2026","type_lat_lon":"ADDRESS","business_unit":"Plan Check at Counter"},"geometry":{"type":"Point","coordinates":[-118.45462,34.00928]}},{"type":"Feature","properties":{"date":"1999-11-12T00:00:00.000Z","year":1999,"description":"Remodel(E) carport,add garage door,2 partial solid walls( 6'each &sliding screen panels along two sides. Electrical.","metadescription":"Bldg-Alter/Repair. 1 or 2 Family Dwelling. Remodel(E) carport,add garage door,2 partial solid walls( 6'each &sliding screen panels along two sides. Electrical.. Permit Finaled. 13230 W WARREN AVE","address":"13230 Warren Avenue, CA, Los Angeles, 90066, US","ct":"2714.00","ev":"N","hl":"YES","apc":"West Los Angeles","zone":"R1-1","solar":"N","pin_nbr":"114B149   482","use_code":"7","geolocation":"POINT (-118.45462 34.00928)","status_date":"08/22/2000","construction":"Type V-N Construction","permit_group":"Building","refresh_time":"06/10/2026","type_lat_lon":"ADDRESS","business_unit":"Plan Check at Counter"},"geometry":{"type":"Point","coordinates":[-118.45462,34.00928]}},{"type":"Feature","properties":{"date":"1999-10-04T00:00:00.000Z","year":1999,"description":"replace 3 doors & 10 windows (same size and locations), upgrade electr ical & plumbing, replace lath & plaster w/drywall - non str'l repairs","metadescription":"Bldg-Alter/Repair. 1 or 2 Family Dwelling. replace 3 doors & 10 windows (same size and locations), upgrade electr ical & plumbing, replace lath & plaster w/drywall - non str'l repairs. Permit Finaled. 470 E CHANNEL ROAD","address":"470 East Channel Road, CA, Santa Monica, 90402, US","ct":"2628.00","ev":"N","hl":"YES","apc":"West Los Angeles","solar":"N","pin_nbr":"123B129   517","use_code":"1","geolocation":"POINT (-118.51233086 34.03307929)","status_date":"05/03/2000","permit_group":"Building","refresh_time":"06/10/2026","type_lat_lon":"PIN","business_unit":"Express Permit"},"geometry":{"type":"Point","coordinates":[-118.51233086,34.03307929]}},{"type":"Feature","properties":{"date":"1999-09-14T00:00:00.000Z","year":1999,"description":"SMOOTH OUT CEILINGS, REPLACE EXIST. WINDOWS, SAME SIZE & LOCATION, REPLACE KITCHEN CABINETS, INSTALL NEW TILES TO FLOOR AND AROUND TUB, REPLACE DOORS, SAME SIZE &LOCATION. UNIT\"A\"","metadescription":"Bldg-Alter/Repair. Apartment. SMOOTH OUT CEILINGS, REPLACE EXIST. WINDOWS, SAME SIZE & LOCATION, REPLACE KITCHEN CABINETS, INSTALL NEW TILES TO FLOOR AND AROUND TUB, REPLACE DOORS, SAME SIZE &LOCATION. UNIT\"A\". Permit Finaled. 16 E DUDLEY AVE","address":"16 Dudley Avenue, CA, Venice, 90291, US","ct":"2734.00","ev":"N","apc":"West Los Angeles","solar":"N","pin_nbr":"109-5A141 125","use_code":"5","geolocation":"POINT (-118.4793 33.99419)","status_date":"04/10/2000","permit_group":"Building","refresh_time":"06/10/2026","type_lat_lon":"ADDRESS","business_unit":"Express Permit"},"geometry":{"type":"Point","coordinates":[-118.4793,33.99419]}},{"type":"Feature","properties":{"date":"1999-06-23T00:00:00.000Z","year":1999,"description":"general repairs - termite damage ( less than 10%), replace 2 sqs of as phalt shingles,replace 2 doors same size and location,patch flat roof, ext. plaster","metadescription":"Bldg-Alter/Repair. Apartment. general repairs - termite damage ( less than 10%), replace 2 sqs of as phalt shingles,replace 2 doors same size and location,patch flat roof, ext. plaster. Permit Finaled. 30 E DUDLEY AVE","address":"30 Dudley Avenue, CA, Venice, 90291, US","ct":"2734.00","ev":"N","apc":"West Los Angeles","solar":"N","pin_nbr":"109-5A141 118","use_code":"5","geolocation":"POINT (-118.47891 33.99444)","status_date":"07/17/2001","permit_group":"Building","refresh_time":"06/10/2026","type_lat_lon":"ADDRESS","business_unit":"Express Permit"},"geometry":{"type":"Point","coordinates":[-118.47891,33.99444]}},{"type":"Feature","properties":{"date":"1999-03-25T00:00:00.000Z","year":1999,"description":"Replace (E) french door in rear exterior wall,widen opening,replace header w/ 6\"x6\" beam,add plywood to shearwalls, add connectors.","metadescription":"Bldg-Alter/Repair. 1 or 2 Family Dwelling. Replace (E) french door in rear exterior wall,widen opening,replace header w/ 6\"x6\" beam,add plywood to shearwalls, add connectors.. Permit Closed. 14112 W ATTILLA ROAD","address":"14112 Attilla Road, CA, Santa Monica, 90402, US","ct":"2628.00","ev":"N","hl":"YES","apc":"West Los Angeles","zone":"R1-1, O","solar":"N","pin_nbr":"124-5A133 238","use_code":"1","geolocation":"POINT (-118.51088 34.03357)","status_date":"07/19/1999","construction":"Type V-N Construction","permit_group":"Building","refresh_time":"06/10/2026","type_lat_lon":"ADDRESS","business_unit":"Plan Check at Counter"},"geometry":{"type":"Point","coordinates":[-118.51088,34.03357]}},{"type":"Feature","properties":{"date":"1998-09-10T00:00:00.000Z","year":1998,"description":"REMOVE & REPLACE (E) DECK. REMOVE WALL B/W FAMILY RM & REAR RM & INSTALL GLU LAM BEAM. REMOVE (E) WINDOWS & INSTALL FRENCH DOORS. INT REMODEL- CONVERT PORTION OF LAUNDRY AREA TO BATH RELATED ELECTRICAL, PLUMBING","metadescription":"Bldg-Alter/Repair. 1 or 2 Family Dwelling. REMOVE & REPLACE (E) DECK. REMOVE WALL B/W FAMILY RM & REAR RM & INSTALL GLU LAM BEAM. REMOVE (E) WINDOWS & INSTALL FRENCH DOORS. INT REMODEL- CONVERT PORTION OF LAUNDRY AREA TO BATH RELATED ELECTRICAL, PLUMBING. Permit Closed. 1393 W ROSE AVE","address":"1383 Rose Avenue, CA, Venice, 90291, US","ct":"2731.00","ev":"N","hl":"YES","apc":"West Los Angeles","zone":"R1-1","solar":"N","pin_nbr":"114B149   608","use_code":"1","geolocation":"POINT (-118.45534 34.00817)","status_date":"08/06/1999","permit_group":"Building","refresh_time":"06/10/2026","type_lat_lon":"ADDRESS","business_unit":"Appointment Plan Check"},"geometry":{"type":"Point","coordinates":[-118.45534,34.00817]}},{"type":"Feature","properties":{"date":"1998-07-29T00:00:00.000Z","year":1998,"description":"replace 6-doors same size and location. change drywall","metadescription":"Bldg-Alter/Repair. 1 or 2 Family Dwelling. replace 6-doors same size and location. change drywall. Permit Finaled. 602 N KINGMAN AVE","address":"602 Kingman Avenue, CA, Santa Monica, 90402, US","ct":"2628.00","ev":"N","hl":"YES","apc":"West Los Angeles","solar":"N","pin_nbr":"124-5A133 193","use_code":"1","geolocation":"POINT (-118.5087 34.03451)","status_date":"07/31/2002","permit_group":"Building","refresh_time":"06/10/2026","type_lat_lon":"ADDRESS","business_unit":"Express Permit"},"geometry":{"type":"Point","coordinates":[-118.5087,34.03451]}},{"type":"Feature","properties":{"date":"1998-07-09T00:00:00.000Z","year":1998,"description":"REMOVE AND REPLACE BATH AND KITCHEN CABINETS AND (1) 30\" DOOR. RETILE BATHROOM.","metadescription":"Bldg-Alter/Repair. Apartment. REMOVE AND REPLACE BATH AND KITCHEN CABINETS AND (1) 30\" DOOR. RETILE BATHROOM.. Permit Closed. 22 E NAVY ST #203","address":"1-21, 22 Navy Street, CA, Venice, 90291, US","ct":"2734.00","ev":"N","apc":"West Los Angeles","solar":"N","pin_nbr":"111B141   711","use_code":"35","geolocation":"POINT (-118.48083 33.99615)","status_date":"07/11/1999","permit_group":"Building","refresh_time":"06/10/2026","type_lat_lon":"ADDRESS","business_unit":"Express Permit"},"geometry":{"type":"Point","coordinates":[-118.48083,33.99615]}},{"type":"Feature","properties":{"date":"1998-06-05T00:00:00.000Z","year":1998,"description":"OUTDOOR EMPLOYEES LOUNGE ABOVE EXISTING ROOF AND EXTERIOR PLATFORM, NEW STAIRS TO ROOF DECK AND STAIR PENTHOUSE.","metadescription":"Bldg-Addition. Commercial. OUTDOOR EMPLOYEES LOUNGE ABOVE EXISTING ROOF AND EXTERIOR PLATFORM, NEW STAIRS TO ROOF DECK AND STAIR PENTHOUSE.. Permit Closed. 248 N MAIN ST","address":"257 Hampton Drive, CA, Venice, 90291, US","ct":"2734.00","ev":"N","apc":"West Los Angeles","zone":"M1-1","solar":"N","pin_nbr":"111B141   588","use_code":"13","geolocation":"POINT (-118.47769885 33.99692744)","status_date":"07/11/1999","permit_group":"Building","refresh_time":"06/10/2026","type_lat_lon":"PIN","business_unit":"Regular Plan Check"},"geometry":{"type":"Point","coordinates":[-118.47769885,33.99692744]}},{"type":"Feature","properties":{"date":"1998-05-12T00:00:00.000Z","year":1998,"description":"Interior remodel.Remove/add interior partitions to create a new floorplan: kitchen, 2 bathrooms, 3 bedrooms, living/dining. Replace 11 windows, 2 doors; add insulation. Electrical/ plumbing/ HVAC","metadescription":"Bldg-Alter/Repair. 1 or 2 Family Dwelling. Interior remodel.Remove/add interior partitions to create a new floorplan: kitchen, 2 bathrooms, 3 bedrooms, living/dining. Replace 11 windows, 2 doors; add insulation. Electrical/ plumbing/ HVAC. Permit Closed. 26 E DUDLEY AVE","address":"26 Dudley Avenue, CA, Venice, 90291, US","ct":"2734.00","ev":"N","apc":"West Los Angeles","zone":"RD1.5-1","solar":"N","pin_nbr":"109-5A141 119","use_code":"1","geolocation":"POINT (-118.47899 33.99439)","status_date":"08/16/1999","construction":"Type V-N Construction","permit_group":"Building","refresh_time":"06/10/2026","type_lat_lon":"ADDRESS","business_unit":"Plan Check at Counter"},"geometry":{"type":"Point","coordinates":[-118.47899,33.99439]}},{"type":"Feature","properties":{"date":"1998-03-02T00:00:00.000Z","year":1998,"description":"ADD SKYLIGHTS TO THE 2 UNITS ON THE 2ND FLOOR, REPLACE A WINDOW WITH A DOOR ON EACH UNIT(TOTAL 2) ON THE 1ST FLR, AND CREATE COUNTER TOPS AT EACH UNIT (TOTAL 4).","metadescription":"Bldg-Alter/Repair. Apartment. ADD SKYLIGHTS TO THE 2 UNITS ON THE 2ND FLOOR, REPLACE A WINDOW WITH A DOOR ON EACH UNIT(TOTAL 2) ON THE 1ST FLR, AND CREATE COUNTER TOPS AT EACH UNIT (TOTAL 4).. Permit Finaled. 38 1/2 E ROSE AVE","address":"1-4, 38 Rose Avenue, CA, Venice, 90291, US","ct":"2734.00","ev":"N","apc":"West Los Angeles","zone":"R3-1","solar":"N","pin_nbr":"109-5A141  80","use_code":"5","geolocation":"POINT (-118.47918986 33.99507378)","status_date":"09/27/2004","construction":"Type V-N Construction","permit_group":"Building","refresh_time":"06/10/2026","type_lat_lon":"PIN","business_unit":"Plan Check at Counter"},"geometry":{"type":"Point","coordinates":[-118.47918986,33.99507378]}},{"type":"Feature","properties":{"date":"1997-11-26T00:00:00.000Z","year":1997,"description":"INTERIOR REMODEL. REPLACE BREAKFAST NOOK WITH LAUNDRY RM, REMOVE NONBEARING WALL. REMODEL MASTER BATHROOM, COMBINE WITH GUEST BATHROOM AND ADD WALK-IN CLOSET. ADD WINDOW AT MASTER BEDROOM AND RELOCATE WINDOW/FRENCH DOORS AT LVG RM AND STUDY. ELECTRICAL SERVICE CHANGE AND INSTALL A/C. REPLACE KITCHEN CABINETS, COUNTER TOPS, FLRNG AND FINISHES.","metadescription":"Bldg-Alter/Repair. 1 or 2 Family Dwelling. INTERIOR REMODEL. REPLACE BREAKFAST NOOK WITH LAUNDRY RM, REMOVE NONBEARING WALL. REMODEL MASTER BATHROOM, COMBINE WITH GUEST BATHROOM AND ADD WALK-IN CLOSET. ADD WINDOW AT MASTER BEDROOM AND RELOCATE WINDOW/FRENCH DOORS AT LVG RM AND STUDY. ELECTRICAL SERVICE CHANGE AND INSTALL A/C. REPLACE KITCHEN CABINETS, COUNTER TOPS, FLRNG AND FINISHES.. Permit Expired. 619 N SAN LORENZO ST","address":"619 San Lorenzo Street, CA, Santa Monica, 90402, US","ct":"2628.00","ev":"N","hl":"Y","apc":"West Los Angeles","zone":"R1-1","solar":"N","pin_nbr":"124-5A133 154","use_code":"1","geolocation":"POINT (-118.5096 34.03508)","status_date":"12/25/2006","permit_group":"Building","refresh_time":"06/10/2026","type_lat_lon":"ADDRESS","business_unit":"Plan Check at Counter"},"geometry":{"type":"Point","coordinates":[-118.5096,34.03508]}},{"type":"Feature","properties":{"date":"1997-09-24T00:00:00.000Z","year":1997,"description":"Remodel interior of (E) SFD, relocate 2 bathrooms within (E) space; expand (E) bedroom (14.5'x6.5', 104.0 Sq Ft);rebuild deteriorated front deck, add deck in rear of SFD (24.0'x14.0',irr., 167.0 Sq Ft) Add 2skylights.Replace doors & windows. Add insulation Electrical/plumbing/HVAC","metadescription":"Bldg-Addition. 1 or 2 Family Dwelling. Remodel interior of (E) SFD, relocate 2 bathrooms within (E) space; expand (E) bedroom (14.5'x6.5', 104.0 Sq Ft);rebuild deteriorated front deck, add deck in rear of SFD (24.0'x14.0',irr., 167.0 Sq Ft) Add 2skylights.Replace doors & windows. Add insulation Electrical/plumbing/HVAC. Permit Closed. 524 N DRYAD ROAD","address":"524 Dryad Road, CA, Santa Monica, 90402, US","ct":"2628.00","ev":"N","hl":"Y","apc":"West Los Angeles","zone":"R1-1","solar":"N","pin_nbr":"124-5A133 220","use_code":"1","geolocation":"POINT (-118.51069 34.03392)","status_date":"07/23/1999","construction":"Type V-N Construction","permit_group":"Building","refresh_time":"06/10/2026","type_lat_lon":"ADDRESS","business_unit":"Plan Check at Counter","square_footage":"104"},"geometry":{"type":"Point","coordinates":[-118.51069,34.03392]}},{"type":"Feature","properties":{"date":"1997-08-11T00:00:00.000Z","year":1997,"description":"replace 6windows w/ doors (same sizes and widths of opening). f/w 92WL 01694.","metadescription":"Bldg-Alter/Repair. 1 or 2 Family Dwelling. replace 6windows w/ doors (same sizes and widths of opening). f/w 92WL 01694.. Permit Closed. 14130 W ATTILLA ROAD","address":"14130 Attilla Road, CA, Santa Monica, 90402, US","ct":"2628.00","ev":"N","hl":"Y","apc":"West Los Angeles","zone":"R1-1","solar":"N","pin_nbr":"123B129   379","use_code":"1","geolocation":"POINT (-118.51152 34.03388)","status_date":"07/19/1999","permit_group":"Building","refresh_time":"06/10/2026","type_lat_lon":"ADDRESS","business_unit":"Plan Check at Counter"},"geometry":{"type":"Point","coordinates":[-118.51152,34.03388]}},{"type":"Feature","properties":{"date":"1997-06-03T00:00:00.000Z","year":1997,"description":"INTERIOR REMODEL, WINDOW/DOORS CHANGE-OUT & RE-ROOF W/ TRULITE TILES (5.5PSF), 60SQS.","metadescription":"Bldg-Alter/Repair. 1 or 2 Family Dwelling. INTERIOR REMODEL, WINDOW/DOORS CHANGE-OUT & RE-ROOF W/ TRULITE TILES (5.5PSF), 60SQS.. Permit Closed. 800 N SAN LORENZO ST","address":"800 San Lorenzo Street, CA, Santa Monica, 90402, US","ct":"2628.00","ev":"N","hl":"Y","apc":"West Los Angeles","zone":"RE20-1","solar":"N","pin_nbr":"126B133   174","use_code":"1","geolocation":"POINT (-118.50841 34.0403)","status_date":"08/02/1999","permit_group":"Building","refresh_time":"06/10/2026","type_lat_lon":"ADDRESS","business_unit":"Plan Check at Counter"},"geometry":{"type":"Point","coordinates":[-118.50841,34.0403]}},{"type":"Feature","properties":{"date":"1997-03-25T00:00:00.000Z","year":1997,"description":"NEW 12'X6'8\" DOOR (ADD SHEAR WALLS, F/W 96WL36372.","metadescription":"Bldg-Alter/Repair. 1 or 2 Family Dwelling. NEW 12'X6'8\" DOOR (ADD SHEAR WALLS, F/W 96WL36372.. Permit Closed. 792 N SAN LORENZO ST","address":"784 San Lorenzo Street, CA, Santa Monica, 90402, US","ct":"2628.00","ev":"N","hl":"Y","apc":"West Los Angeles","zone":"RE20-1","solar":"N","pin_nbr":"126B133   184","use_code":"1","geolocation":"POINT (-118.50826 34.04014)","status_date":"08/02/1999","permit_group":"Building","refresh_time":"06/10/2026","type_lat_lon":"ADDRESS","business_unit":"Plan Check at Counter"},"geometry":{"type":"Point","coordinates":[-118.50826,34.04014]}},{"type":"Feature","properties":{"date":"1996-11-14T00:00:00.000Z","year":1996,"description":"interior remodel of Master Bedroom and bath ADD SHOWER; REPLACE DOOR AND WINDOW SAME SIZE/LOCATION","metadescription":"Bldg-Alter/Repair. 1 or 2 Family Dwelling. interior remodel of Master Bedroom and bath ADD SHOWER; REPLACE DOOR AND WINDOW SAME SIZE/LOCATION. Permit Expired. 653 N KINGMAN AVE","address":"653 Kingman Avenue, CA, Santa Monica, 90402, US","ct":"2628.00","ev":"N","hl":"Y","apc":"West Los Angeles","zone":"R1-1","solar":"N","pin_nbr":"124-5A133  98","use_code":"1","geolocation":"POINT (-118.50864 34.03575)","status_date":"11/28/2006","permit_group":"Building","refresh_time":"06/10/2026","type_lat_lon":"ADDRESS","business_unit":"Plan Check at Counter"},"geometry":{"type":"Point","coordinates":[-118.50864,34.03575]}}]}
