{"type":"FeatureCollection","features":[{"type":"Feature","properties":{"date":"2025-06-12T04:00:00.000Z","year":2025,"description":"New Service Commercial 1590 sq. ft.  ETJ","metadescription":"EP. New. New Service Commercial 1590 sq. ft.  ETJ. Final. 1510 S FM 620 RD BLDG G UNIT 500","address":"1510 South Farm to Market 620, Austin, TX, 78734, US","link":"https://abc.austintexas.gov/web/permit/public-search-other?t_detail=1&t_selected_folderrsn=13532978","tcad_id":"0135700330","location":"    (30.34814477, -97.96580601)","day_issued":"THURSDAY","project_id":"13532978","condominium":"No","status_date":"06/16/2025","jurisdiction":"LAKEWAY FULL PURPOSE","housing_units":"1","contractor_zip":"78219","contractor_city":"San Antonio","issuance_method":"Permit Center","contractor_phone":"2105907333","contractor_trade":"Electrical Contractor","number_of_floors":"1","permit_type_desc":"Electrical Permit","fiscal_year_issued":"2025","total_new_add_sqft":"1,590","permit_class_mapped":"Commercial","contractor_address_2":"946  AT&T  C","contractor_full_name":"Keith Hershey","issued_in_last_30_days":"No","certificate_of_occupancy":"No","property_legal_description":"LOT 7 BLK B OAKS AT LAKEWAY SUBD"},"geometry":{"type":"Point","coordinates":[-97.96580601,30.34814477]}},{"type":"Feature","properties":{"date":"2025-05-06T04:00:00.000Z","year":2025,"description":"Install New Electrical Service for a Commercial Space in ETJ","metadescription":"EP. New. Install New Electrical Service for a Commercial Space in ETJ. Final. 1510 S FM 620 RD BLDG G UNIT 600","address":"1510 South Farm to Market 620, Austin, TX, 78734, US","link":"https://abc.austintexas.gov/web/permit/public-search-other?t_detail=1&t_selected_folderrsn=13513597","tcad_id":"0135700330","location":"    (30.34814477, -97.96580601)","day_issued":"TUESDAY","project_id":"13513597","condominium":"No","status_date":"05/19/2025","jurisdiction":"LAKEWAY FULL PURPOSE","housing_units":"1","contractor_zip":"77306","contractor_city":"Conroe","issuance_method":"Permit Center","contractor_phone":"9362641387","contractor_trade":"Electrical Contractor","number_of_floors":"1","permit_type_desc":"Electrical Permit","fiscal_year_issued":"2025","total_new_add_sqft":"2,677","permit_class_mapped":"Commercial","contractor_address_1":"P.O. Box 721","contractor_full_name":"Corey Goudeau","issued_in_last_30_days":"No","certificate_of_occupancy":"No","property_legal_description":"LOT 7 BLK B OAKS AT LAKEWAY SUBD"},"geometry":{"type":"Point","coordinates":[-97.96580601,30.34814477]}},{"type":"Feature","properties":{"date":"2025-02-06T05:00:00.000Z","year":2025,"description":"ETJ-New AE Service Commercial Lakeway Full Purpose (3000 sq. ft.)\nTravis County WCID #17 Flintrock Effluent Improvements\nEffluent GST & PS","metadescription":"EP. New. ETJ-New AE Service Commercial Lakeway Full Purpose (3000 sq. ft.)\nTravis County WCID #17 Flintrock Effluent Improvements\nEffluent GST & PS. Final. 2050 1/2 LOHMANS SPUR RD","address":"2050 1/2 Lohmans Spur Road, Austin, TX, 78734, US","link":"https://abc.austintexas.gov/web/permit/public-search-other?t_detail=1&t_selected_folderrsn=13465519","tcad_id":"0131730701","location":"    (30.3383093, -97.97293093)","day_issued":"THURSDAY","project_id":"13465519","condominium":"No","status_date":"05/14/2025","jurisdiction":"LAKEWAY FULL PURPOSE","housing_units":"1","contractor_zip":"76527","contractor_city":"Florence","issuance_method":"Permit Center","contractor_phone":"2547934344","contractor_trade":"Electrical Contractor","number_of_floors":"1","permit_type_desc":"Electrical Permit","fiscal_year_issued":"2025","total_new_add_sqft":"3,000","permit_class_mapped":"Commercial","contractor_address_1":"P.O. Box 859","contractor_full_name":"Randy Eldridge","issued_in_last_30_days":"No","certificate_of_occupancy":"No"},"geometry":{"type":"Point","coordinates":[-97.97293093,30.3383093]}},{"type":"Feature","properties":{"date":"2024-11-18T05:00:00.000Z","year":2024,"description":"ETJ- Commercial Lakeway Full purpose AE Permanent Service\n42000 sq. ft.","metadescription":"EP. New. ETJ- Commercial Lakeway Full purpose AE Permanent Service\n42000 sq. ft.. Final. 3011 FLINTROCK RD BLDG 1","address":"3011 Flintrock Road, Austin, TX, 78738, US","link":"https://abc.austintexas.gov/web/permit/public-search-other?t_detail=1&t_selected_folderrsn=13432436","tcad_id":"0129730303","location":"    (30.33508339, -97.97024828)","day_issued":"MONDAY","project_id":"13432436","condominium":"No","status_date":"03/26/2025","jurisdiction":"LAKEWAY FULL PURPOSE","housing_units":"1","contractor_zip":"75081","contractor_city":"Richardson","issuance_method":"Permit Center","contractor_phone":"4699410410","contractor_trade":"Electrical Contractor","number_of_floors":"1","permit_type_desc":"Electrical Permit","fiscal_year_issued":"2025","total_new_add_sqft":"42,000","permit_class_mapped":"Commercial","contractor_address_2":"670  Interna","contractor_full_name":"James Thompson","electrical_valuation":"$0.00","issued_in_last_30_days":"No","certificate_of_occupancy":"No","property_legal_description":"LOT 1 OVERLOOK AT LAKEWAY"},"geometry":{"type":"Point","coordinates":[-97.97024828,30.33508339]}},{"type":"Feature","properties":{"date":"2024-09-10T04:00:00.000Z","year":2024,"description":"ETJ install Service to new commercial building","metadescription":"EP. New. ETJ install Service to new commercial building. Expired. 1516 S FM 620 RD UNIT 400","address":"1516 South Farm to Market 620, Austin, TX, 78734, US","link":"https://abc.austintexas.gov/web/permit/public-search-other?t_detail=1&t_selected_folderrsn=13396816","tcad_id":"0135700330","location":"    (30.34747636, -97.96624733)","day_issued":"TUESDAY","project_id":"13396816","condominium":"No","status_date":"03/10/2025","jurisdiction":"LAKEWAY FULL PURPOSE","housing_units":"1","contractor_zip":"78228","contractor_city":"San Antonio","issuance_method":"Permit Center","contractor_phone":"2104007080","contractor_trade":"Electrical Contractor","number_of_floors":"1","permit_type_desc":"Electrical Permit","fiscal_year_issued":"2024","total_new_add_sqft":"0","permit_class_mapped":"Commercial","contractor_address_2":"1623 W Sunsh","contractor_full_name":"Mario R Barajas Jr.","issued_in_last_30_days":"No","certificate_of_occupancy":"No","property_legal_description":"LOT 7 BLK B OAKS AT LAKEWAY SUBD"},"geometry":{"type":"Point","coordinates":[-97.96624733,30.34747636]}},{"type":"Feature","properties":{"date":"2024-06-09T04:00:00.000Z","year":2024,"description":"New Meter installation for Commercial Unit 150","metadescription":"EP. New. New Meter installation for Commercial Unit 150. Final. 1945 MEDICAL DR UNIT 150","address":"1945 Medical Drive, Austin, TX, 78734, US","link":"https://abc.austintexas.gov/web/permit/public-search-other?t_detail=1&t_selected_folderrsn=13341768","tcad_id":"0135700330","location":"    (30.34693586, -97.96721188)","day_issued":"SUNDAY","project_id":"13341768","condominium":"No","status_date":"08/16/2024","jurisdiction":"LAKEWAY FULL PURPOSE","housing_units":"1","contractor_zip":"78606","contractor_city":"Blanco","issuance_method":"Permit Center","contractor_phone":"5127990813","contractor_trade":"Electrical Contractor","number_of_floors":"1","permit_type_desc":"Electrical Permit","fiscal_year_issued":"2024","total_new_add_sqft":"2,665","permit_class_mapped":"Commercial","contractor_address_1":"P.O Box 591","contractor_full_name":"Darryl Seidel","issued_in_last_30_days":"No","certificate_of_occupancy":"No","property_legal_description":"LOT 7 BLK B OAKS AT LAKEWAY SUBD"},"geometry":{"type":"Point","coordinates":[-97.96721188,30.34693586]}},{"type":"Feature","properties":{"date":"2020-10-28T04:00:00.000Z","year":2020,"description":"New Service to commercial bldg.","metadescription":"EP. New. New Service to commercial bldg.. Final. 3100 S FM 620 RD UNIT 400","address":"3100 South Farm to Market 620, Austin, TX, 78738, US","link":"https://abc.austintexas.gov/web/permit/public-search-other?t_detail=1&t_selected_folderrsn=12576546","tcad_id":"0129730601","location":"    (30.33379666, -97.96907499)","day_issued":"WEDNESDAY","project_id":"12576546","condominium":"No","status_date":"10/29/2020","jurisdiction":"LAKEWAY FULL PURPOSE","housing_units":"1","contractor_zip":"78634","contractor_city":"Hutto","issuance_method":"Permit Center","contractor_phone":"5128483975","contractor_trade":"Electrical Contractor","number_of_floors":"1","permit_type_desc":"Electrical Permit","fiscal_year_issued":"2021","total_new_add_sqft":"100","permit_class_mapped":"Commercial","contractor_address_1":"181 CR 135","contractor_address_2":"HUTTO TX  78","contractor_full_name":"David E. Allison","issued_in_last_30_days":"No","certificate_of_occupancy":"No"},"geometry":{"type":"Point","coordinates":[-97.96907499,30.33379666]}},{"type":"Feature","properties":{"date":"2020-06-04T04:00:00.000Z","year":2020,"description":"Electrical service for new commercial suite 500. EUD","metadescription":"EP. Repair. Electrical service for new commercial suite 500. EUD. Final. 3100 S FM 620 RD BLDG LEASE","address":"3100 South Farm to Market 620, Austin, TX, 78738, US","link":"https://abc.austintexas.gov/web/permit/public-search-other?t_detail=1&t_selected_folderrsn=12484240","tcad_id":"0129730601","location":"    (30.33379666, -97.96907499)","day_issued":"THURSDAY","project_id":"12484240","condominium":"No","status_date":"06/12/2020","jurisdiction":"LAKEWAY FULL PURPOSE","housing_units":"1","contractor_zip":"78757","contractor_city":"AUSTIN","issuance_method":"Permit Center","contractor_phone":"5128444098","contractor_trade":"Electrical Contractor","number_of_floors":"1","permit_type_desc":"Electrical Permit","fiscal_year_issued":"2020","permit_class_mapped":"Commercial","remodel_repair_sqft":"1,200","contractor_address_2":"3202  MOSSRO","contractor_full_name":"Rafael Bencomo","issued_in_last_30_days":"No","certificate_of_occupancy":"No","electrical_valuation_remodel":"$0.00"},"geometry":{"type":"Point","coordinates":[-97.96907499,30.33379666]}},{"type":"Feature","properties":{"date":"2019-10-25T04:00:00.000Z","year":2019,"description":"Electrical service for new commercial space Spring Hill Suites Hotel.","metadescription":"EP. New. Electrical service for new commercial space Spring Hill Suites Hotel.. Final. 322 MEDICAL PKWY","address":"322 Medical Parkway, Austin, TX, 78738, US","link":"https://abc.austintexas.gov/web/permit/public-search-other?t_detail=1&t_selected_folderrsn=12350988","tcad_id":"0129730601","location":"    (30.32959318, -97.96886413)","day_issued":"FRIDAY","project_id":"12350988","condominium":"No","status_date":"12/19/2019","jurisdiction":"LAKEWAY FULL PURPOSE","housing_units":"1","contractor_zip":"75061","contractor_city":"Irving","issuance_method":"Permit Center","contractor_phone":"9726074197","contractor_trade":"Electrical Contractor","number_of_floors":"1","permit_type_desc":"Electrical Permit","fiscal_year_issued":"2020","total_new_add_sqft":"450","permit_class_mapped":"Commercial","contractor_address_2":"321 N Rogers","contractor_full_name":"Ruben Hernandez","issued_in_last_30_days":"No","certificate_of_occupancy":"No"},"geometry":{"type":"Point","coordinates":[-97.96886413,30.32959318]}},{"type":"Feature","properties":{"date":"2019-10-11T04:00:00.000Z","year":2019,"description":"Electrical service for new commercial building. EUD","metadescription":"EP. New. Electrical service for new commercial building. EUD. Final. 1400 O REILLY CT BLDG C","address":"1400 O Reilly Court, Austin, TX, 78734, US","link":"https://abc.austintexas.gov/web/permit/public-search-other?t_detail=1&t_selected_folderrsn=12342157","tcad_id":"0145630423","location":"    (30.37665988, -97.94315603)","day_issued":"FRIDAY","project_id":"12342157","condominium":"No","status_date":"10/17/2019","jurisdiction":"AUSTIN 2 MILE ETJ","housing_units":"1","contractor_zip":"78734","contractor_city":"Austin","issuance_method":"Permit Center","contractor_phone":"9402845312","contractor_trade":"Electrical Contractor","number_of_floors":"1","permit_type_desc":"Electrical Permit","fiscal_year_issued":"2020","total_new_add_sqft":"120","permit_class_mapped":"Commercial","contractor_address_1":"14902 LONGBR","contractor_address_2":"AUSTIN TX  7","contractor_full_name":"Joshua A Hacker","issued_in_last_30_days":"No","certificate_of_occupancy":"No","property_legal_description":"LOT 36 CARDINAL HILLS ESTATES UNIT 12"},"geometry":{"type":"Point","coordinates":[-97.94315603,30.37665988]}},{"type":"Feature","properties":{"date":"2019-04-25T04:00:00.000Z","year":2019,"description":"New electrical service for new commercial building. EUD.","metadescription":"EP. Repair. New electrical service for new commercial building. EUD.. Final. 1945 MEDICAL DR BLDG 300","address":"1945 Medical Drive, Austin, TX, 78734, US","link":"https://abc.austintexas.gov/web/permit/public-search-other?t_detail=1&t_selected_folderrsn=12184899","tcad_id":"0135700330","location":"    (30.34693586, -97.96721188)","day_issued":"THURSDAY","project_id":"12184899","condominium":"No","status_date":"05/06/2019","jurisdiction":"LAKEWAY FULL PURPOSE","housing_units":"1","contractor_zip":"78633","contractor_city":"Georgetown","issuance_method":"Permit Center","contractor_phone":"5129488314","contractor_trade":"Electrical Contractor","number_of_floors":"1","permit_type_desc":"Electrical Permit","fiscal_year_issued":"2019","permit_class_mapped":"Residential","remodel_repair_sqft":"200","contractor_address_2":"1700  county","contractor_full_name":"Nathan Foster","issued_in_last_30_days":"No","certificate_of_occupancy":"No","property_legal_description":"LOT 7 BLK B OAKS AT LAKEWAY SUBD","electrical_valuation_remodel":"$8,000.00"},"geometry":{"type":"Point","coordinates":[-97.96721188,30.34693586]}},{"type":"Feature","properties":{"date":"2019-03-14T04:00:00.000Z","year":2019,"description":"Install 200amp commercial construction loop","metadescription":"EP. Repair. Install 200amp commercial construction loop. Expired. 2902 1/2 FLINTROCK TRCE","address":"2902 1/2 Flintrock Trace, Austin, TX, 78738, US","link":"https://abc.austintexas.gov/web/permit/public-search-other?t_detail=1&t_selected_folderrsn=12155994","location":"    (30.33604218, -97.97064015)","day_issued":"THURSDAY","project_id":"12155994","condominium":"No","status_date":"09/11/2019","jurisdiction":"LAKEWAY FULL PURPOSE","housing_units":"1","contractor_zip":"78745","contractor_city":"Austin","issuance_method":"Permit Center","contractor_phone":"5124428085","contractor_trade":"Electrical Contractor","number_of_floors":"1","permit_type_desc":"Electrical Permit","fiscal_year_issued":"2019","permit_class_mapped":"Commercial","remodel_repair_sqft":"0","contractor_address_2":"4707  Weidem","contractor_full_name":"Mike E Kanetzky","issued_in_last_30_days":"No","certificate_of_occupancy":"No","electrical_valuation_remodel":"$2,900.00"},"geometry":{"type":"Point","coordinates":[-97.97064015,30.33604218]}},{"type":"Feature","properties":{"date":"2018-11-05T05:00:00.000Z","year":2018,"description":"Service to new commercial EUD","metadescription":"EP. Upgrade. Service to new commercial EUD. Final. 1504 S FM 620 RD","address":"1504 South Farm to Market 620, Austin, TX, 78734, US","link":"https://abc.austintexas.gov/web/permit/public-search-other?t_detail=1&t_selected_folderrsn=12077787","tcad_id":"0135700331","location":"    (30.34826085, -97.9644967)","day_issued":"MONDAY","project_id":"12077787","condominium":"No","status_date":"03/28/2019","jurisdiction":"LAKEWAY FULL PURPOSE","housing_units":"1","contractor_zip":"78620","contractor_city":"Dripping Spr","issuance_method":"Permit Center","contractor_phone":"5127896731","contractor_trade":"Electrical Contractor","number_of_floors":"1","permit_type_desc":"Electrical Permit","fiscal_year_issued":"2019","permit_class_mapped":"Commercial","remodel_repair_sqft":"0","contractor_address_2":"PO BOX  1280","contractor_full_name":"Otto Orsak","issued_in_last_30_days":"No","certificate_of_occupancy":"No","property_legal_description":"LOT 5 BLK B OAKS AT LAKEWAY SUBD","electrical_valuation_remodel":"$1,000.00"},"geometry":{"type":"Point","coordinates":[-97.9644967,30.34826085]}},{"type":"Feature","properties":{"date":"2018-07-05T04:00:00.000Z","year":2018,"description":"Add new electrical service to existing commercial lease space. EUD.","metadescription":"EP. Repair. Add new electrical service to existing commercial lease space. EUD.. Final. 1310 S FM 620 RD BLDG B UNIT 198","address":"1310 South Farm to Market 620, Austin, TX, 78734, US","link":"https://abc.austintexas.gov/web/permit/public-search-other?t_detail=1&t_selected_folderrsn=11977344","tcad_id":"0135700317","location":"    (30.34976508, -97.96493542)","day_issued":"THURSDAY","project_id":"11977344","condominium":"No","status_date":"08/04/2018","jurisdiction":"LAKEWAY FULL PURPOSE","housing_units":"1","contractor_zip":"78617","contractor_city":"Del Valle","issuance_method":"Permit Center","contractor_phone":"5127968889","contractor_trade":"Electrical Contractor","number_of_floors":"1","permit_type_desc":"Electrical Permit","fiscal_year_issued":"2018","permit_class_mapped":"Commercial","remodel_repair_sqft":"0","contractor_address_2":"4917  Lexing","contractor_full_name":"Louis Rivera Jr","issued_in_last_30_days":"No","certificate_of_occupancy":"No","property_legal_description":"5.5550 AC OF W 672.06FT OF N PT (4.43AC)OF TRT 4 *& W 725.79 OF N PT OF TRT 5 *(1.33AC) ECK A A SUBD","electrical_valuation_remodel":"$450.00"},"geometry":{"type":"Point","coordinates":[-97.96493542,30.34976508]}},{"type":"Feature","properties":{"date":"2018-06-14T04:00:00.000Z","year":2018,"description":"Replacement of an existing main breaker for commercial bldg.","metadescription":"EP. Repair. Replacement of an existing main breaker for commercial bldg.. Expired. 3311 S FM 620 RD","address":"3311 South Farm to Market 620, Austin, TX, 78738, US","link":"https://abc.austintexas.gov/web/permit/public-search-other?t_detail=1&t_selected_folderrsn=11964927","tcad_id":"0127700111","location":"    (30.32915451, -97.96506407)","day_issued":"THURSDAY","project_id":"11964927","condominium":"No","status_date":"12/13/2018","jurisdiction":"LAKEWAY FULL PURPOSE","housing_units":"1","contractor_zip":"78681","contractor_city":"ROUND ROCK","issuance_method":"Permit Center","contractor_phone":"5128009277","contractor_trade":"Electrical Contractor","number_of_floors":"1","permit_type_desc":"Electrical Permit","fiscal_year_issued":"2018","permit_class_mapped":"Commercial","remodel_repair_sqft":"0","contractor_address_2":"2204  Spanis","contractor_full_name":"Jeffrey P Vance","issued_in_last_30_days":"No","certificate_of_occupancy":"No","property_legal_description":"1.3624AC OF ENCLAVE AT ALTA VISTA THE RESUB OF LOT 1A LOT 1B","electrical_valuation_remodel":"$1,500.00"},"geometry":{"type":"Point","coordinates":[-97.96506407,30.32915451]}},{"type":"Feature","properties":{"date":"2018-06-13T04:00:00.000Z","year":2018,"description":"repair electric service only EUD (Lakeway) for existing commercial building (Pet Wants)","metadescription":"EP. Repair. repair electric service only EUD (Lakeway) for existing commercial building (Pet Wants). Final. 1310 S FM 620 RD BLDG A UNIT 7","address":"1310 South Farm to Market 620, Austin, TX, 78734, US","link":"https://abc.austintexas.gov/web/permit/public-search-other?t_detail=1&t_selected_folderrsn=11964321","tcad_id":"0135700317","location":"    (30.34976508, -97.96493542)","day_issued":"WEDNESDAY","project_id":"11964321","condominium":"No","status_date":"06/20/2018","jurisdiction":"LAKEWAY FULL PURPOSE","housing_units":"1","contractor_zip":"78724-____","contractor_city":"AUSTIN","issuance_method":"Permit Center","contractor_phone":"5128440052","contractor_trade":"Electrical Contractor","number_of_floors":"1","permit_type_desc":"Electrical Permit","fiscal_year_issued":"2018","permit_class_mapped":"Commercial","remodel_repair_sqft":"0","contractor_address_2":"5908  BRAHMI","contractor_full_name":"Alejandro Martinez","issued_in_last_30_days":"No","certificate_of_occupancy":"No","property_legal_description":"5.5550 AC OF W 672.06FT OF N PT (4.43AC)OF TRT 4 *& W 725.79 OF N PT OF TRT 5 *(1.33AC) ECK A A SUBD","electrical_valuation_remodel":"$300.00"},"geometry":{"type":"Point","coordinates":[-97.96493542,30.34976508]}},{"type":"Feature","properties":{"date":"2018-05-03T04:00:00.000Z","year":2018,"description":"Installation of new AE electrical service for commercial bldg.","metadescription":"EP. New. Installation of new AE electrical service for commercial bldg.. Final. 1941 LOHMANS CROSSING RD","address":"1941 Lohmans Crossing Road, Austin, TX, 78734, US","link":"https://abc.austintexas.gov/web/permit/public-search-other?t_detail=1&t_selected_folderrsn=11938619","tcad_id":"0133730507","location":"    (30.34414562, -97.97399623)","day_issued":"THURSDAY","project_id":"11938619","condominium":"No","status_date":"10/02/2018","jurisdiction":"LAKEWAY FULL PURPOSE","housing_units":"1","contractor_zip":"78708","contractor_city":"Austin","issuance_method":"Permit Center","contractor_phone":"5123467462","contractor_trade":"Electrical Contractor","number_of_floors":"1","permit_type_desc":"Electrical Permit","fiscal_year_issued":"2018","total_new_add_sqft":"32,134","permit_class_mapped":"Commercial","contractor_address_1":"PO Box 81381","contractor_full_name":"Jesse Beckett","issued_in_last_30_days":"No","certificate_of_occupancy":"No","property_legal_description":"LOT 1 LAKEWAY POLICE FACILITY"},"geometry":{"type":"Point","coordinates":[-97.97399623,30.34414562]}},{"type":"Feature","properties":{"date":"2018-05-01T04:00:00.000Z","year":2018,"description":"Rebuilding electrical service to existing commercial only.  EUD.","metadescription":"EP. Repair. Rebuilding electrical service to existing commercial only.  EUD.. Final. 2501 S FM 620 RD UNIT 130","address":"2501 South Farm to Market 620, Austin, TX, 78738, US","link":"https://abc.austintexas.gov/web/permit/public-search-other?t_detail=1&t_selected_folderrsn=11936850","tcad_id":"0131730201","location":"    (30.33867317, -97.96894598)","day_issued":"TUESDAY","project_id":"11936850","condominium":"No","status_date":"05/04/2018","jurisdiction":"LAKEWAY FULL PURPOSE","housing_units":"1","contractor_zip":"78758","contractor_city":"Austin","issuance_method":"Permit Center","contractor_phone":"5128454717","contractor_trade":"Electrical Contractor","number_of_floors":"1","permit_type_desc":"Electrical Permit","fiscal_year_issued":"2018","permit_class_mapped":"Commercial","remodel_repair_sqft":"0","contractor_address_2":"1308-B  Kram","contractor_full_name":"Jerry Brinkley","issued_in_last_30_days":"No","certificate_of_occupancy":"No","property_legal_description":"LOT 122 SCHRAMM RANCH SEC 1 PHS 2 THE","electrical_valuation_remodel":"$2,500.00"},"geometry":{"type":"Point","coordinates":[-97.96894598,30.33867317]}},{"type":"Feature","properties":{"date":"2018-03-21T04:00:00.000Z","year":2018,"description":"New electrical service to new commercial space.  EUD.","metadescription":"EP. New. New electrical service to new commercial space.  EUD.. Final. 1927 LOHMANS CROSSING RD UNIT 100B","address":"1927 Lohmans Crossing Road, Austin, TX, 78734, US","link":"https://abc.austintexas.gov/web/permit/public-search-other?t_detail=1&t_selected_folderrsn=11910832","tcad_id":"0133761003","location":"    (30.34582657, -97.9762699)","day_issued":"WEDNESDAY","project_id":"11910832","condominium":"No","status_date":"06/06/2018","jurisdiction":"LAKEWAY FULL PURPOSE","housing_units":"1","contractor_zip":"78717","contractor_city":"Austin","issuance_method":"Permit Center","contractor_phone":"5127195040","contractor_trade":"Electrical Contractor","number_of_floors":"1","permit_type_desc":"Electrical Permit","fiscal_year_issued":"2018","total_new_add_sqft":"1,378","permit_class_mapped":"Commercial","contractor_address_2":"9904  Valder","contractor_full_name":"Charles Smith","issued_in_last_30_days":"No","certificate_of_occupancy":"No","property_legal_description":"LOT 2A TOWERS OF LAKEWAY THE RESUB OF LOT 2"},"geometry":{"type":"Point","coordinates":[-97.9762699,30.34582657]}},{"type":"Feature","properties":{"date":"2017-12-12T05:00:00.000Z","year":2017,"description":"Interior retrofit Led lighting to existing commercial bldg.\nBusiness Name : Crown Donut","metadescription":"EP. Repair. Interior retrofit Led lighting to existing commercial bldg.\nBusiness Name : Crown Donut. Final. 325 S FM 620 RD BLDG B UNIT 102","address":"325 South Farm to Market 620, Austin, TX, 78734, US","link":"https://abc.austintexas.gov/web/permit/public-search-other?t_detail=1&t_selected_folderrsn=11833709","tcad_id":"0139660826","location":"    (30.36184432, -97.95261896)","day_issued":"TUESDAY","project_id":"11833709","condominium":"No","status_date":"01/24/2018","jurisdiction":"LAKEWAY FULL PURPOSE","housing_units":"1","contractor_zip":"78616","contractor_city":"Dale","issuance_method":"Permit Center","contractor_phone":"5125608967","contractor_trade":"Electrical Contractor","number_of_floors":"1","permit_type_desc":"Electrical Permit","fiscal_year_issued":"2018","permit_class_mapped":"Commercial","remodel_repair_sqft":"0","contractor_address_2":"567  FM 672","contractor_full_name":"Curry Franks","issued_in_last_30_days":"No","certificate_of_occupancy":"No","property_legal_description":"LOT 31-A CARDINAL HILLS UNIT 2 REPLAT LT 30-A AMD LTS 30-35","electrical_valuation_remodel":"$2,210.00"},"geometry":{"type":"Point","coordinates":[-97.95261896,30.36184432]}},{"type":"Feature","properties":{"date":"2017-11-14T05:00:00.000Z","year":2017,"description":"Electrical service for new commercial building EUD.","metadescription":"EP. New. Electrical service for new commercial building EUD.. Final. 4 LAKEWAY CENTRE CT","address":"4 Lakeway Centre Court, Austin, TX, 78734, US","link":"https://abc.austintexas.gov/web/permit/public-search-other?t_detail=1&t_selected_folderrsn=11822921","tcad_id":"0133700537","location":"    (30.34670213, -97.96259752)","day_issued":"TUESDAY","project_id":"11822921","condominium":"No","status_date":"03/27/2018","jurisdiction":"LAKEWAY FULL PURPOSE","housing_units":"1","contractor_zip":"78641","contractor_city":"Leander","issuance_method":"Permit Center","contractor_phone":"5129401022","contractor_trade":"Electrical Contractor","number_of_floors":"1","permit_type_desc":"Electrical Permit","fiscal_year_issued":"2018","total_new_add_sqft":"7,510","permit_class_mapped":"Commercial","contractor_address_1":"15331 ENGLIS","contractor_address_2":"LEANDER TX","contractor_full_name":"Arthur Bucher","issued_in_last_30_days":"No","certificate_of_occupancy":"No","property_legal_description":"LOT 4 LAKEWAY CENTRE"},"geometry":{"type":"Point","coordinates":[-97.96259752,30.34670213]}},{"type":"Feature","properties":{"date":"2017-11-07T05:00:00.000Z","year":2017,"description":"New electrical service to commercial tenant finish out ONLY.  EUD.","metadescription":"EP. New. New electrical service to commercial tenant finish out ONLY.  EUD.. Final. 2125 LOHMANS CROSSING RD UNIT 402","address":"2125 Lohmans Crossing Road, Austin, TX, 78734, US","link":"https://abc.austintexas.gov/web/permit/public-search-other?t_detail=1&t_selected_folderrsn=11819863","tcad_id":"0131730603","location":"    (30.34280772, -97.97034128)","day_issued":"TUESDAY","project_id":"11819863","condominium":"No","status_date":"12/19/2017","jurisdiction":"LAKEWAY FULL PURPOSE","housing_units":"1","contractor_zip":"78676","contractor_city":"Wimberly","issuance_method":"Permit Center","contractor_phone":"5123515971","contractor_trade":"Electrical Contractor","number_of_floors":"1","permit_type_desc":"Electrical Permit","fiscal_year_issued":"2018","total_new_add_sqft":"1,500","permit_class_mapped":"Commercial","contractor_address_2":"401  Lone Ma","contractor_full_name":"Ian Rolls","issued_in_last_30_days":"No","certificate_of_occupancy":"No","property_legal_description":"LOT 2-D LAKEWAY TOWNE CENTRE RSB LOT 2-A BLK B OF RSB LOTS 1&2 BLK B"},"geometry":{"type":"Point","coordinates":[-97.97034128,30.34280772]}},{"type":"Feature","properties":{"date":"2017-10-24T04:00:00.000Z","year":2017,"description":"Electrical service to new commercial bldg. EUD","metadescription":"EP. New. Electrical service to new commercial bldg. EUD. Final. 3102 S FM 620 RD UNIT 100","address":"3102 South Farm to Market 620, Austin, TX, 78738, US","link":"https://abc.austintexas.gov/web/permit/public-search-other?t_detail=1&t_selected_folderrsn=11813052","tcad_id":"0129730601","location":"    (30.3335413, -97.96894809)","day_issued":"TUESDAY","project_id":"11813052","condominium":"No","status_date":"12/29/2017","jurisdiction":"LAKEWAY FULL PURPOSE","housing_units":"1","contractor_zip":"78724","contractor_city":"Austin","issuance_method":"Permit Center","contractor_phone":"5129770011","contractor_trade":"Electrical Contractor","number_of_floors":"1","permit_type_desc":"Electrical Permit","fiscal_year_issued":"2018","total_new_add_sqft":"5,376","permit_class_mapped":"Commercial","contractor_address_2":"5103  COMMER","contractor_full_name":"Jerry L Roudebush","issued_in_last_30_days":"No","certificate_of_occupancy":"No"},"geometry":{"type":"Point","coordinates":[-97.96894809,30.3335413]}},{"type":"Feature","properties":{"date":"2017-10-18T04:00:00.000Z","year":2017,"description":"New electrical service to new commercial only.  EUD.","metadescription":"EP. New. New electrical service to new commercial only.  EUD.. Final. 3100 S FM 620 RD","address":"3100 South Farm to Market 620, Austin, TX, 78738, US","link":"https://abc.austintexas.gov/web/permit/public-search-other?t_detail=1&t_selected_folderrsn=11808519","tcad_id":"0129730601","location":"    (30.33379666, -97.96907499)","day_issued":"WEDNESDAY","project_id":"11808519","condominium":"No","status_date":"03/29/2018","jurisdiction":"LAKEWAY FULL PURPOSE","housing_units":"1","contractor_zip":"78610","contractor_city":"BUDA","issuance_method":"Permit Center","contractor_phone":"5128539647","contractor_trade":"Electrical Contractor","number_of_floors":"1","permit_type_desc":"Electrical Permit","fiscal_year_issued":"2018","total_new_add_sqft":"9,271","permit_class_mapped":"Commercial","contractor_address_2":"100  Precisi","contractor_full_name":"Russell D Johnson","issued_in_last_30_days":"No","certificate_of_occupancy":"No"},"geometry":{"type":"Point","coordinates":[-97.96907499,30.33379666]}},{"type":"Feature","properties":{"date":"2017-10-17T04:00:00.000Z","year":2017,"description":"install new AE electrical service for commercial bldg. only. EUD. Unit 106.","metadescription":"EP. New. install new AE electrical service for commercial bldg. only. EUD. Unit 106.. Final. 2951 S FM 620 RD UNIT 106","address":"2951 South Farm to Market 620, Austin, TX, 78738, US","link":"https://abc.austintexas.gov/web/permit/public-search-other?t_detail=1&t_selected_folderrsn=11808727","tcad_id":"0129700117","location":"    (30.33427231, -97.96698028)","day_issued":"TUESDAY","project_id":"11808727","condominium":"No","status_date":"01/08/2018","jurisdiction":"LAKEWAY FULL PURPOSE","housing_units":"1","contractor_zip":"78727","contractor_city":"AUSTIN","issuance_method":"Permit Center","contractor_phone":"5126992807","contractor_trade":"Electrical Contractor","number_of_floors":"1","permit_type_desc":"Electrical Permit","fiscal_year_issued":"2018","total_new_add_sqft":"1,200","permit_class_mapped":"Commercial","contractor_address_2":"2206  BROUGH","contractor_full_name":"Harvey J Henderson","issued_in_last_30_days":"No","certificate_of_occupancy":"No","property_legal_description":"LOT 2A DISCOVERY POINT"},"geometry":{"type":"Point","coordinates":[-97.96698028,30.33427231]}},{"type":"Feature","properties":{"date":"2017-10-17T04:00:00.000Z","year":2017,"description":"install new AE electrical service for commercial bldg. only. EUD. Unit 109.","metadescription":"EP. New. install new AE electrical service for commercial bldg. only. EUD. Unit 109.. Final. 2951 S FM 620 RD UNIT 109","address":"2951 South Farm to Market 620, Austin, TX, 78738, US","link":"https://abc.austintexas.gov/web/permit/public-search-other?t_detail=1&t_selected_folderrsn=11808735","tcad_id":"0129700117","location":"    (30.33427231, -97.96698028)","day_issued":"TUESDAY","project_id":"11808735","condominium":"No","status_date":"01/08/2018","jurisdiction":"LAKEWAY FULL PURPOSE","housing_units":"1","contractor_zip":"78727","contractor_city":"AUSTIN","issuance_method":"Permit Center","contractor_phone":"5126992807","contractor_trade":"Electrical Contractor","number_of_floors":"1","permit_type_desc":"Electrical Permit","fiscal_year_issued":"2018","total_new_add_sqft":"1,200","permit_class_mapped":"Commercial","contractor_address_2":"2206  BROUGH","contractor_full_name":"Harvey J Henderson","issued_in_last_30_days":"No","certificate_of_occupancy":"No","property_legal_description":"LOT 2A DISCOVERY POINT"},"geometry":{"type":"Point","coordinates":[-97.96698028,30.33427231]}},{"type":"Feature","properties":{"date":"2017-07-13T04:00:00.000Z","year":2017,"description":"Homebuilders Pole for new commercial bldg.","metadescription":"EP. Repair. Homebuilders Pole for new commercial bldg.. Final. 3102 S FM 620 RD","address":"3102 South Farm to Market 620, Austin, TX, 78738, US","link":"https://abc.austintexas.gov/web/permit/public-search-other?t_detail=1&t_selected_folderrsn=11742711","tcad_id":"0129730601","location":"    (30.3335413, -97.96894809)","day_issued":"THURSDAY","project_id":"11742711","condominium":"No","status_date":"07/14/2017","jurisdiction":"LAKEWAY FULL PURPOSE","housing_units":"1","contractor_zip":"78701-____","contractor_city":"AUSTIN","issuance_method":"Permit Center","contractor_phone":"7373204092","contractor_trade":"Electrical Contractor","number_of_floors":"1","permit_type_desc":"Electrical Permit","fiscal_year_issued":"2017","permit_class_mapped":"Commercial","remodel_repair_sqft":"0","contractor_address_2":"512 W MARTIN","contractor_full_name":"Clayton Payne","issued_in_last_30_days":"No","certificate_of_occupancy":"No","electrical_valuation_remodel":"$500.00"},"geometry":{"type":"Point","coordinates":[-97.96894809,30.3335413]}},{"type":"Feature","properties":{"date":"2017-07-13T04:00:00.000Z","year":2017,"description":"New electrical service to new commercial only.  EUD.","metadescription":"EP. New. New electrical service to new commercial only.  EUD.. Final. 3108 S FM 620 RD UNIT 100","address":"3108 South Farm to Market 620, Austin, TX, 78738, US","link":"https://abc.austintexas.gov/web/permit/public-search-other?t_detail=1&t_selected_folderrsn=11755552","tcad_id":"0129730601","location":"    (30.33268116, -97.96853798)","day_issued":"THURSDAY","project_id":"11755552","condominium":"No","status_date":"08/23/2017","jurisdiction":"LAKEWAY FULL PURPOSE","housing_units":"1","contractor_zip":"78610","contractor_city":"BUDA","issuance_method":"Permit Center","contractor_phone":"5128539647","contractor_trade":"Electrical Contractor","number_of_floors":"1","permit_type_desc":"Electrical Permit","fiscal_year_issued":"2017","total_new_add_sqft":"10,200","permit_class_mapped":"Commercial","contractor_address_2":"100  Precisi","contractor_full_name":"Russell D Johnson","issued_in_last_30_days":"No","certificate_of_occupancy":"No"},"geometry":{"type":"Point","coordinates":[-97.96853798,30.33268116]}},{"type":"Feature","properties":{"date":"2017-03-31T04:00:00.000Z","year":2017,"description":"Repair existing electrical services to commercial property. EUD.","metadescription":"EP. Repair. Repair existing electrical services to commercial property. EUD.. Final. 302 MEDICAL PKWY","address":"302 Medical Parkway, Austin, TX, 78738, US","link":"https://abc.austintexas.gov/web/permit/public-search-other?t_detail=1&t_selected_folderrsn=11698365","tcad_id":"0129730601","location":"    (30.32962211, -97.97177702)","day_issued":"FRIDAY","project_id":"11698365","condominium":"No","status_date":"04/10/2017","jurisdiction":"LAKEWAY FULL PURPOSE","housing_units":"1","contractor_zip":"76087","contractor_city":"Weatherford","issuance_method":"Permit Center","contractor_phone":"8176130819","contractor_trade":"Electrical Contractor","number_of_floors":"1","permit_type_desc":"Electrical Permit","fiscal_year_issued":"2017","permit_class_mapped":"Commercial","remodel_repair_sqft":"0","contractor_address_2":"1826  Barnet","contractor_full_name":"Ronald Canion","issued_in_last_30_days":"No","certificate_of_occupancy":"No","electrical_valuation_remodel":"$50,000.00"},"geometry":{"type":"Point","coordinates":[-97.97177702,30.32962211]}},{"type":"Feature","properties":{"date":"2017-03-27T04:00:00.000Z","year":2017,"description":"New electrical service to new commercial only.  EUD.","metadescription":"EP. New. New electrical service to new commercial only.  EUD.. Final. 3108 S FM 620 RD","address":"3108 South Farm to Market 620, Austin, TX, 78738, US","link":"https://abc.austintexas.gov/web/permit/public-search-other?t_detail=1&t_selected_folderrsn=11695217","tcad_id":"0129730601","location":"    (30.33268116, -97.96853798)","day_issued":"MONDAY","project_id":"11695217","condominium":"No","status_date":"07/07/2017","jurisdiction":"LAKEWAY FULL PURPOSE","housing_units":"1","contractor_zip":"78610","contractor_city":"buda","issuance_method":"Permit Center","contractor_phone":"5122950544","contractor_trade":"Electrical Contractor","number_of_floors":"1","permit_type_desc":"Electrical Permit","fiscal_year_issued":"2017","total_new_add_sqft":"10,169","permit_class_mapped":"Commercial","contractor_address_1":"12 DUPREE DR","contractor_address_2":"BUDA TX  786","contractor_full_name":"Darrell F Corbitt","issued_in_last_30_days":"No","certificate_of_occupancy":"No"},"geometry":{"type":"Point","coordinates":[-97.96853798,30.33268116]}},{"type":"Feature","properties":{"date":"2017-03-06T05:00:00.000Z","year":2017,"description":"Upgrade existing electrical service to commercial property EUD (Lakeway)","metadescription":"EP. Upgrade. Upgrade existing electrical service to commercial property EUD (Lakeway). Final. 2200 LOHMANS SPUR RD","address":"2200 Lohmans Spur Road, Austin, TX, 78734, US","link":"https://abc.austintexas.gov/web/permit/public-search-other?t_detail=1&t_selected_folderrsn=11683579","tcad_id":"0131730149","location":"    (30.33822874, -97.97214023)","day_issued":"MONDAY","project_id":"11683579","condominium":"No","status_date":"08/25/2017","jurisdiction":"LAKEWAY FULL PURPOSE","housing_units":"1","contractor_zip":"76527","contractor_city":"Florence","issuance_method":"Permit Center","contractor_phone":"2547934344","contractor_trade":"Electrical Contractor","number_of_floors":"1","permit_type_desc":"Electrical Permit","fiscal_year_issued":"2017","permit_class_mapped":"Commercial","remodel_repair_sqft":"100","contractor_address_1":"P.O. Box 859","contractor_full_name":"Randy Eldridge","issued_in_last_30_days":"No","certificate_of_occupancy":"No","property_legal_description":"LOT 1A LOHMANS CROSSING SHOPPING CENTER SUBD AMEND PLAT OF LTS 1&2","electrical_valuation_remodel":"$1,500.00"},"geometry":{"type":"Point","coordinates":[-97.97214023,30.33822874]}},{"type":"Feature","properties":{"date":"2017-02-09T05:00:00.000Z","year":2017,"description":"Temporary construction power to commercial property.","metadescription":"EP. Repair. Temporary construction power to commercial property.. Final. 107 BELLA MONTAGNA CIR","address":"107 Bella Montagna Circle, Austin, TX, 78734, US","link":"https://abc.austintexas.gov/web/permit/public-search-other?t_detail=1&t_selected_folderrsn=11669857","tcad_id":"0139680433","location":"    (30.35883476, -97.95850953)","day_issued":"THURSDAY","project_id":"11669857","condominium":"No","status_date":"02/16/2017","jurisdiction":"LAKEWAY FULL PURPOSE","housing_units":"1","contractor_zip":"78747","contractor_city":"AUSTIN","issuance_method":"Permit Center","contractor_trade":"Electrical Contractor","number_of_floors":"1","permit_type_desc":"Electrical Permit","fiscal_year_issued":"2017","permit_class_mapped":"Commercial","remodel_repair_sqft":"0","contractor_address_2":"9701  FM 162","contractor_full_name":"Robert Schmidt","issued_in_last_30_days":"No","certificate_of_occupancy":"No","property_legal_description":"9.8783 AC OF LOT 89 BELLA MONTAGNA ESTATES (FORMERLY ROUND MOUNTAIN ESTATES 2)","electrical_valuation_remodel":"$1,500.00"},"geometry":{"type":"Point","coordinates":[-97.95850953,30.35883476]}},{"type":"Feature","properties":{"date":"2017-01-19T05:00:00.000Z","year":2017,"description":"New electrical service to new commercial only.  EUD.","metadescription":"EP. New. New electrical service to new commercial only.  EUD.. Final. 2105 S FM 620 RD","address":"2105 South Farm to Market 620, Austin, TX, 78734, US","link":"https://abc.austintexas.gov/web/permit/public-search-other?t_detail=1&t_selected_folderrsn=11660082","tcad_id":"0126770402","location":"    (30.34124744, -97.96447867)","day_issued":"THURSDAY","project_id":"11660082","condominium":"No","status_date":"01/20/2017","jurisdiction":"LAKEWAY FULL PURPOSE","housing_units":"1","contractor_zip":"78753","contractor_city":"Austin","issuance_method":"Permit Center","contractor_phone":"5123399340","contractor_trade":"Electrical Contractor","number_of_floors":"1","permit_type_desc":"Electrical Permit","fiscal_year_issued":"2017","total_new_add_sqft":"14,000","permit_class_mapped":"Commercial","contractor_address_2":"11302  Polly","contractor_full_name":"John Lambert","issued_in_last_30_days":"No","certificate_of_occupancy":"No","property_legal_description":"ABS 2526 SUR 196 WOOLDRIDGE J ACR 10.6500"},"geometry":{"type":"Point","coordinates":[-97.96447867,30.34124744]}},{"type":"Feature","properties":{"date":"2016-11-08T05:00:00.000Z","year":2016,"description":"New electrical service to new commercial only.  EUD.","metadescription":"EP. New. New electrical service to new commercial only.  EUD.. Final. 1516 S FM 620 RD UNIT 300","address":"1516 South Farm to Market 620, Austin, TX, 78734, US","link":"https://abc.austintexas.gov/web/permit/public-search-other?t_detail=1&t_selected_folderrsn=11629618","tcad_id":"0135700330","location":"    (30.34747636, -97.96624733)","day_issued":"TUESDAY","project_id":"11629618","condominium":"No","status_date":"11/28/2016","jurisdiction":"LAKEWAY FULL PURPOSE","housing_units":"1","contractor_zip":"78680","contractor_city":"ROUND ROCK","issuance_method":"Permit Center","contractor_phone":"5128397728","contractor_trade":"Electrical Contractor","number_of_floors":"1","permit_type_desc":"Electrical Permit","fiscal_year_issued":"2017","total_new_add_sqft":"3,200","permit_class_mapped":"Commercial","contractor_address_2":"PO BOX  968","contractor_full_name":"Neil D White","issued_in_last_30_days":"No","certificate_of_occupancy":"No","property_legal_description":"LOT 7 BLK B OAKS AT LAKEWAY SUBD"},"geometry":{"type":"Point","coordinates":[-97.96624733,30.34747636]}},{"type":"Feature","properties":{"date":"2016-11-03T04:00:00.000Z","year":2016,"description":"new electric service for new commercial building Lakeway EUD","metadescription":"EP. New. new electric service for new commercial building Lakeway EUD. Final. 2 LAKEWAY CENTRE CT","address":"2 Lakeway Centre Court, Austin, TX, 78734, US","link":"https://abc.austintexas.gov/web/permit/public-search-other?t_detail=1&t_selected_folderrsn=11627003","tcad_id":"0133700538","location":"    (30.34628834, -97.96327359)","day_issued":"THURSDAY","project_id":"11627003","condominium":"No","status_date":"04/07/2017","jurisdiction":"LAKEWAY FULL PURPOSE","housing_units":"1","contractor_zip":"78641","contractor_city":"Leander","issuance_method":"Permit Center","contractor_phone":"5129401022","contractor_trade":"Electrical Contractor","number_of_floors":"1","permit_type_desc":"Electrical Permit","fiscal_year_issued":"2017","total_new_add_sqft":"6,213","permit_class_mapped":"Commercial","contractor_address_1":"15331 ENGLIS","contractor_address_2":"LEANDER TX","contractor_full_name":"Arthur Bucher","issued_in_last_30_days":"No","certificate_of_occupancy":"No","property_legal_description":"LOT 3A LAKEWAY CENTRE AMENDED PLAT OF LOTS 1-3"},"geometry":{"type":"Point","coordinates":[-97.96327359,30.34628834]}},{"type":"Feature","properties":{"date":"2016-10-27T04:00:00.000Z","year":2016,"description":"Install electric service from tansformer to existing bldg and add 2-new meter cans only for commercial bldg. (Suites: 300-130) EUD","metadescription":"EP. Repair. Install electric service from tansformer to existing bldg and add 2-new meter cans only for commercial bldg. (Suites: 300-130) EUD. Final. 1900 S FM 620 RD BLDG A","address":"1900 South Farm to Market 620, Austin, TX, 78734, US","link":"https://abc.austintexas.gov/web/permit/public-search-other?t_detail=1&t_selected_folderrsn=11623724","tcad_id":"0133700325","location":"    (30.34484166, -97.96624856)","day_issued":"THURSDAY","project_id":"11623724","condominium":"No","status_date":"11/07/2016","jurisdiction":"LAKEWAY FULL PURPOSE","housing_units":"1","contractor_zip":"78664","contractor_city":"ROUND ROCK","issuance_method":"Permit Center","contractor_phone":"5122725000","contractor_trade":"Electrical Contractor","number_of_floors":"1","permit_type_desc":"Electrical Permit","fiscal_year_issued":"2017","permit_class_mapped":"Commercial","remodel_repair_sqft":"0","contractor_address_2":"3804  BENT B","contractor_full_name":"Leslie Magee","issued_in_last_30_days":"No","certificate_of_occupancy":"No","property_legal_description":"LOT 1 BLK A OAKS AT LAKEWAY SUBD","electrical_valuation_remodel":"$3,500.00"},"geometry":{"type":"Point","coordinates":[-97.96624856,30.34484166]}},{"type":"Feature","properties":{"date":"2016-10-19T04:00:00.000Z","year":2016,"description":"Replace meter can only to existing commercial bldg. EUD","metadescription":"EP. Repair. Replace meter can only to existing commercial bldg. EUD. Final. 399 CLUBHOUSE DR","address":"399 Clubhouse Drive, Austin, TX, 78734, US","link":"https://abc.austintexas.gov/web/permit/public-search-other?t_detail=1&t_selected_folderrsn=11618873","tcad_id":"0141680123","location":"    (30.36917161, -97.96007556)","day_issued":"WEDNESDAY","project_id":"11618873","condominium":"No","status_date":"11/21/2016","jurisdiction":"LAKEWAY FULL PURPOSE","housing_units":"1","contractor_zip":"78744","contractor_city":"AUSTIN","issuance_method":"Permit Center","contractor_phone":"5123856160","contractor_trade":"Electrical Contractor","number_of_floors":"1","permit_type_desc":"Electrical Permit","fiscal_year_issued":"2017","permit_class_mapped":"Commercial","remodel_repair_sqft":"0","contractor_address_1":"7101 BURLESO","contractor_address_2":"AUSTIN TX  7","contractor_full_name":"Vincent Real","issued_in_last_30_days":"No","certificate_of_occupancy":"No","property_legal_description":"LOT 147 BLK D NORTH LAKEWAY VILLAGE SEC 6 (ACCESS LOT)","electrical_valuation_remodel":"$1,500.00"},"geometry":{"type":"Point","coordinates":[-97.96007556,30.36917161]}},{"type":"Feature","properties":{"date":"2016-10-19T04:00:00.000Z","year":2016,"description":"Install service to new commercial bldg. EUD","metadescription":"EP. New. Install service to new commercial bldg. EUD. Final. 1945 MEDICAL DR BLDG 200","address":"1945 Medical Drive, Austin, TX, 78734, US","link":"https://abc.austintexas.gov/web/permit/public-search-other?t_detail=1&t_selected_folderrsn=11619039","tcad_id":"0135700330","location":"    (30.34693586, -97.96721188)","day_issued":"WEDNESDAY","project_id":"11619039","condominium":"No","status_date":"11/28/2016","jurisdiction":"LAKEWAY FULL PURPOSE","housing_units":"1","contractor_zip":"78641","contractor_city":"LEANDER","issuance_method":"Permit Center","contractor_phone":"5128338300","contractor_trade":"Electrical Contractor","number_of_floors":"1","permit_type_desc":"Electrical Permit","fiscal_year_issued":"2017","total_new_add_sqft":"2,568","permit_class_mapped":"Commercial","contractor_address_2":"1107  Sedona","contractor_full_name":"Bob Koester","issued_in_last_30_days":"No","certificate_of_occupancy":"No","property_legal_description":"LOT 7 BLK B OAKS AT LAKEWAY SUBD"},"geometry":{"type":"Point","coordinates":[-97.96721188,30.34693586]}},{"type":"Feature","properties":{"date":"2016-10-12T04:00:00.000Z","year":2016,"description":"Install electrical service to existing commercial residence","metadescription":"EP. Repair. Install electrical service to existing commercial residence. Final. 1602 S FM 620 RD","address":"1602 South Farm to Market 620, Austin, TX, 78734, US","link":"https://abc.austintexas.gov/web/permit/public-search-other?t_detail=1&t_selected_folderrsn=11615079","tcad_id":"0133700219","location":"    (30.34629218, -97.96541706)","day_issued":"WEDNESDAY","project_id":"11615079","condominium":"No","status_date":"03/10/2017","jurisdiction":"LAKEWAY FULL PURPOSE","housing_units":"1","contractor_zip":"78642","contractor_city":"Liberty Hill","issuance_method":"Permit Center","contractor_phone":"5124979807","contractor_trade":"Electrical Contractor","number_of_floors":"1","permit_type_desc":"Electrical Permit","fiscal_year_issued":"2017","permit_class_mapped":"Commercial","remodel_repair_sqft":"4,158","contractor_address_1":"1775 CR 279","contractor_address_2":"LIBERTY HILL","contractor_full_name":"Tommy R Rogers","issued_in_last_30_days":"No","certificate_of_occupancy":"No","property_legal_description":"LOT 3 BLK B OAKS AT LAKEWAY SUBD","electrical_valuation_remodel":"$6,000.00"},"geometry":{"type":"Point","coordinates":[-97.96541706,30.34629218]}},{"type":"Feature","properties":{"date":"2016-09-15T04:00:00.000Z","year":2016,"description":"Install solar system to existing commercial bldg.","metadescription":"EP. Auxiliary Power. Install solar system to existing commercial bldg.. Final. 1110 S FM 620 RD","address":"1110 South Farm to Market 620, Austin, TX, 78734, US","link":"https://abc.austintexas.gov/web/permit/public-search-other?t_detail=1&t_selected_folderrsn=11600584","tcad_id":"0135700314","location":"    (30.35206032, -97.96323325)","day_issued":"THURSDAY","project_id":"11600584","condominium":"No","status_date":"01/18/2017","jurisdiction":"LAKEWAY FULL PURPOSE","housing_units":"1","contractor_zip":"78744","contractor_city":"AUSTIN","issuance_method":"Permit Center","contractor_phone":"5125525581","contractor_trade":"Electrical Contractor","number_of_floors":"1","permit_type_desc":"Electrical Permit","fiscal_year_issued":"2016","permit_class_mapped":"Commercial","contractor_address_2":"4109  Todd","contractor_full_name":"Eric Kay","issued_in_last_30_days":"No","certificate_of_occupancy":"No","property_legal_description":"2.9129 AC OF LOT 1 BLK A HARRENS WAY SUBD","electrical_valuation_remodel":"$124,416.00"},"geometry":{"type":"Point","coordinates":[-97.96323325,30.35206032]}},{"type":"Feature","properties":{"date":"2016-09-14T04:00:00.000Z","year":2016,"description":"Service to new Commercial Bldg.","metadescription":"EP. New. Service to new Commercial Bldg.. Final. 1516 S FM 620 RD UNIT 120","address":"1516 South Farm to Market 620, Austin, TX, 78734, US","link":"https://abc.austintexas.gov/web/permit/public-search-other?t_detail=1&t_selected_folderrsn=11599729","tcad_id":"0135700330","location":"    (30.34747636, -97.96624733)","day_issued":"WEDNESDAY","project_id":"11599729","condominium":"No","status_date":"09/22/2016","jurisdiction":"LAKEWAY FULL PURPOSE","housing_units":"1","contractor_zip":"78760","contractor_city":"AUSTIN","issuance_method":"Permit Center","contractor_phone":"5129251604","contractor_trade":"Electrical Contractor","number_of_floors":"1","permit_type_desc":"Electrical Permit","fiscal_year_issued":"2016","total_new_add_sqft":"1,320","permit_class_mapped":"Commercial","contractor_address_1":"P.O.Box 1978","contractor_full_name":"Onel Riveron Sr","issued_in_last_30_days":"No","certificate_of_occupancy":"No","property_legal_description":"LOT 7 BLK B OAKS AT LAKEWAY SUBD"},"geometry":{"type":"Point","coordinates":[-97.96624733,30.34747636]}},{"type":"Feature","properties":{"date":"2016-08-29T04:00:00.000Z","year":2016,"description":"install new electrical service for new commercial lease space only. EUD ste:G-1. (Lakeway)","metadescription":"EP. New. install new electrical service for new commercial lease space only. EUD ste:G-1. (Lakeway). Final. 1510 S FM 620 RD BLDG G UNIT 100","address":"1510 South Farm to Market 620, Austin, TX, 78734, US","link":"https://abc.austintexas.gov/web/permit/public-search-other?t_detail=1&t_selected_folderrsn=11590169","tcad_id":"0135700330","location":"    (30.34814477, -97.96580601)","day_issued":"MONDAY","project_id":"11590169","condominium":"No","status_date":"10/03/2016","jurisdiction":"LAKEWAY FULL PURPOSE","housing_units":"1","contractor_zip":"78726","contractor_city":"Austin","issuance_method":"Permit Center","contractor_phone":"5123086300","contractor_trade":"Electrical Contractor","number_of_floors":"1","permit_type_desc":"Electrical Permit","fiscal_year_issued":"2016","total_new_add_sqft":"2,200","permit_class_mapped":"Commercial","contractor_address_1":"7301 RR 620","contractor_address_2":"AUSTIN TX  7","contractor_full_name":"William Goodrich","issued_in_last_30_days":"No","certificate_of_occupancy":"No","property_legal_description":"LOT 7 BLK B OAKS AT LAKEWAY SUBD"},"geometry":{"type":"Point","coordinates":[-97.96580601,30.34814477]}},{"type":"Feature","properties":{"date":"2016-07-22T04:00:00.000Z","year":2016,"description":"New electrical service to new commercial lease space only.  EUD.","metadescription":"EP. New. New electrical service to new commercial lease space only.  EUD.. Final. 1800 S FM 620 RD UNIT 300","address":"1800 South Farm to Market 620, Austin, TX, 78734, US","link":"https://abc.austintexas.gov/web/permit/public-search-other?t_detail=1&t_selected_folderrsn=11569876","tcad_id":"0133700221","location":"    (30.3456005, -97.96593821)","day_issued":"FRIDAY","project_id":"11569876","condominium":"No","status_date":"08/04/2016","jurisdiction":"LAKEWAY FULL PURPOSE","housing_units":"1","contractor_zip":"78760","contractor_city":"Austin","issuance_method":"Permit Center","contractor_phone":"5124249770","contractor_trade":"Electrical Contractor","number_of_floors":"1","permit_type_desc":"Electrical Permit","fiscal_year_issued":"2016","total_new_add_sqft":"1,455","permit_class_mapped":"Commercial","contractor_address_1":"PO BOX 19391","contractor_address_2":"AUSTIN TX  7","contractor_full_name":"Joseph L Enriquez","issued_in_last_30_days":"No","certificate_of_occupancy":"No","property_legal_description":"LOT 1 BLK B OAKS AT LAKEWAY SUBD"},"geometry":{"type":"Point","coordinates":[-97.96593821,30.3456005]}},{"type":"Feature","properties":{"date":"2016-07-15T04:00:00.000Z","year":2016,"description":"Rebuild electrical service to existing commercial only.","metadescription":"EP. Repair. Rebuild electrical service to existing commercial only.. Final. 2501 S FM 620 RD UNIT 120","address":"2501 South Farm to Market 620, Austin, TX, 78738, US","link":"https://abc.austintexas.gov/web/permit/public-search-other?t_detail=1&t_selected_folderrsn=11565571","tcad_id":"0131730201","location":"    (30.33867317, -97.96894598)","day_issued":"FRIDAY","project_id":"11565571","condominium":"No","status_date":"07/18/2016","jurisdiction":"LAKEWAY FULL PURPOSE","housing_units":"1","contractor_zip":"78758","contractor_city":"Austin","issuance_method":"Permit Center","contractor_phone":"5128454717","contractor_trade":"Electrical Contractor","number_of_floors":"1","permit_type_desc":"Electrical Permit","fiscal_year_issued":"2016","permit_class_mapped":"Commercial","remodel_repair_sqft":"0","contractor_address_2":"1308-B  Kram","contractor_full_name":"Jerry Brinkley","issued_in_last_30_days":"No","certificate_of_occupancy":"No","property_legal_description":"LOT 122 SCHRAMM RANCH SEC 1 PHS 2 THE","electrical_valuation_remodel":"$2,000.00"},"geometry":{"type":"Point","coordinates":[-97.96894598,30.33867317]}},{"type":"Feature","properties":{"date":"2016-07-11T04:00:00.000Z","year":2016,"description":"New electric service to new commercial building.  EUD.","metadescription":"EP. New. New electric service to new commercial building.  EUD.. Final. 1945 MEDICAL DR BLDG 100","address":"1945 Medical Drive, Austin, TX, 78734, US","link":"https://abc.austintexas.gov/web/permit/public-search-other?t_detail=1&t_selected_folderrsn=11562513","tcad_id":"0135700330","location":"    (30.34693586, -97.96721188)","day_issued":"MONDAY","project_id":"11562513","condominium":"No","status_date":"08/04/2016","jurisdiction":"LAKEWAY FULL PURPOSE","housing_units":"1","contractor_zip":"76114-____","contractor_city":"Fort Worth","issuance_method":"Permit Center","contractor_phone":"8173780042","contractor_trade":"Electrical Contractor","number_of_floors":"1","permit_type_desc":"Electrical Permit","fiscal_year_issued":"2016","total_new_add_sqft":"16,300","permit_class_mapped":"Commercial","contractor_address_2":"3101  Arrow","contractor_full_name":"Jason Nelson","issued_in_last_30_days":"No","certificate_of_occupancy":"No","property_legal_description":"LOT 7 BLK B OAKS AT LAKEWAY SUBD"},"geometry":{"type":"Point","coordinates":[-97.96721188,30.34693586]}},{"type":"Feature","properties":{"date":"2016-07-05T04:00:00.000Z","year":2016,"description":"New electrical service to new commercial lease space ONLY.  EUD.","metadescription":"EP. New. New electrical service to new commercial lease space ONLY.  EUD.. Final. 15527 DEBBA DR UNIT D","address":"15527 Debba Drive, Austin, TX, 78734, US","link":"https://abc.austintexas.gov/web/permit/public-search-other?t_detail=1&t_selected_folderrsn=11559797","tcad_id":"0145660410","location":"    (30.37623062, -97.9450635)","day_issued":"TUESDAY","project_id":"11559797","condominium":"No","status_date":"07/06/2016","jurisdiction":"LAKEWAY FULL PURPOSE","housing_units":"1","contractor_zip":"76527","contractor_city":"Florence","issuance_method":"Permit Center","contractor_phone":"5129996100","contractor_trade":"Electrical Contractor","number_of_floors":"1","permit_type_desc":"Electrical Permit","fiscal_year_issued":"2016","total_new_add_sqft":"5,000","permit_class_mapped":"Commercial","contractor_address_2":"535  Ramms D","contractor_full_name":"Richard G Hornback","issued_in_last_30_days":"No","certificate_of_occupancy":"No","property_legal_description":"LOT 34A-1 CARDINAL HILLS ESTATES UNIT 11 REPLAT OF LOT 34A"},"geometry":{"type":"Point","coordinates":[-97.9450635,30.37623062]}},{"type":"Feature","properties":{"date":"2016-06-28T04:00:00.000Z","year":2016,"description":"New electrical service to new commercial lease space only.  EUD.","metadescription":"EP. New. New electrical service to new commercial lease space only.  EUD.. Final. 1800 S FM 620 RD UNIT 200","address":"1800 South Farm to Market 620, Austin, TX, 78734, US","link":"https://abc.austintexas.gov/web/permit/public-search-other?t_detail=1&t_selected_folderrsn=11556194","tcad_id":"0133700221","location":"    (30.3456005, -97.96593821)","day_issued":"TUESDAY","project_id":"11556194","condominium":"No","status_date":"06/29/2016","jurisdiction":"LAKEWAY FULL PURPOSE","housing_units":"1","contractor_zip":"75210","contractor_city":"DALLAS","issuance_method":"Permit Center","contractor_phone":"2142291849","contractor_trade":"Electrical Contractor","number_of_floors":"1","permit_type_desc":"Electrical Permit","fiscal_year_issued":"2016","total_new_add_sqft":"2,200","permit_class_mapped":"Commercial","contractor_address_2":"140305  Fran","contractor_full_name":"Willie V. Tatum","issued_in_last_30_days":"No","certificate_of_occupancy":"No","property_legal_description":"LOT 1 BLK B OAKS AT LAKEWAY SUBD"},"geometry":{"type":"Point","coordinates":[-97.96593821,30.3456005]}},{"type":"Feature","properties":{"date":"2016-06-24T04:00:00.000Z","year":2016,"description":"Install electrical service to commercial bldg only. EUD","metadescription":"EP. New. Install electrical service to commercial bldg only. EUD. Final. 302 MEDICAL PKWY","address":"302 Medical Parkway, Austin, TX, 78738, US","link":"https://abc.austintexas.gov/web/permit/public-search-other?t_detail=1&t_selected_folderrsn=11552896","tcad_id":"0129730601","location":"    (30.32962211, -97.97177702)","day_issued":"FRIDAY","project_id":"11552896","condominium":"No","status_date":"10/13/2016","jurisdiction":"LAKEWAY FULL PURPOSE","housing_units":"1","contractor_zip":"76087","contractor_city":"Weatherford","issuance_method":"Permit Center","contractor_phone":"8176130819","contractor_trade":"Electrical Contractor","number_of_floors":"1","permit_type_desc":"Electrical Permit","fiscal_year_issued":"2016","total_new_add_sqft":"150,000","permit_class_mapped":"Commercial","contractor_address_2":"1826  Barnet","contractor_full_name":"Ronald Canion","issued_in_last_30_days":"No","certificate_of_occupancy":"No"},"geometry":{"type":"Point","coordinates":[-97.97177702,30.32962211]}},{"type":"Feature","properties":{"date":"2016-06-21T04:00:00.000Z","year":2016,"description":"Interior Retro Fit Lighting to existing commercial bldg only.","metadescription":"EP. Repair. Interior Retro Fit Lighting to existing commercial bldg only.. Final. 509 S FM 620 RD","address":"509 South Farm to Market 620, Austin, TX, 78734, US","link":"https://abc.austintexas.gov/web/permit/public-search-other?t_detail=1&t_selected_folderrsn=11553035","tcad_id":"0139680106","location":"    (30.35919642, -97.95383553)","day_issued":"TUESDAY","project_id":"11553035","condominium":"No","status_date":"07/01/2016","jurisdiction":"LAKEWAY FULL PURPOSE","housing_units":"1","contractor_zip":"75220-____","contractor_city":"Dallas","issuance_method":"Permit Center","contractor_phone":"9729822240","contractor_trade":"Electrical Contractor","number_of_floors":"1","permit_type_desc":"Electrical Permit","fiscal_year_issued":"2016","permit_class_mapped":"Commercial","remodel_repair_sqft":"0","contractor_address_2":"2974  Congre","contractor_full_name":"Myung Kim","issued_in_last_30_days":"No","certificate_of_occupancy":"No","property_legal_description":"LOT 11-13 CARDINAL HILLS UNIT 3","electrical_valuation_remodel":"$4,901.00"},"geometry":{"type":"Point","coordinates":[-97.95383553,30.35919642]}},{"type":"Feature","properties":{"date":"2016-05-23T04:00:00.000Z","year":2016,"description":"New service for commercial construction. Lakeway.","metadescription":"EP. New. New service for commercial construction. Lakeway.. Final. 1800 S FM 620 RD UNIT 100","address":"1800 South Farm to Market 620, Austin, TX, 78734, US","link":"https://abc.austintexas.gov/web/permit/public-search-other?t_detail=1&t_selected_folderrsn=11537343","tcad_id":"0133700221","location":"    (30.3456005, -97.96593821)","day_issued":"MONDAY","project_id":"11537343","condominium":"No","status_date":"06/24/2016","jurisdiction":"LAKEWAY FULL PURPOSE","housing_units":"1","contractor_zip":"76550","contractor_city":"Lampasas","issuance_method":"Permit Center","contractor_phone":"8307986001","contractor_trade":"Electrical Contractor","number_of_floors":"1","permit_type_desc":"Electrical Permit","fiscal_year_issued":"2016","total_new_add_sqft":"3,965","permit_class_mapped":"Commercial","contractor_address_1":"P.O. Box 152","contractor_full_name":"Bobby Sanford","issued_in_last_30_days":"No","certificate_of_occupancy":"No","property_legal_description":"LOT 1 BLK B OAKS AT LAKEWAY SUBD"},"geometry":{"type":"Point","coordinates":[-97.96593821,30.3456005]}},{"type":"Feature","properties":{"date":"2016-05-19T04:00:00.000Z","year":2016,"description":"Install new electrical service for commercial bldg only. EUD","metadescription":"EP. New. Install new electrical service for commercial bldg only. EUD. Expired. 1510 S FM 620 RD BLDG G","address":"1510 South Farm to Market 620, Austin, TX, 78734, US","link":"https://abc.austintexas.gov/web/permit/public-search-other?t_detail=1&t_selected_folderrsn=11535472","tcad_id":"0135700330","location":"    (30.34814477, -97.96580601)","day_issued":"THURSDAY","project_id":"11535472","condominium":"No","status_date":"11/16/2016","jurisdiction":"LAKEWAY FULL PURPOSE","housing_units":"1","contractor_zip":"78628","contractor_city":"Georgetown","issuance_method":"Permit Center","contractor_phone":"5125089333","contractor_trade":"Electrical Contractor","number_of_floors":"1","permit_type_desc":"Electrical Permit","fiscal_year_issued":"2016","total_new_add_sqft":"2,430","permit_class_mapped":"Commercial","contractor_address_2":"220  fort co","contractor_full_name":"Bradley S. Anderson","issued_in_last_30_days":"No","certificate_of_occupancy":"No","property_legal_description":"LOT 7 BLK B OAKS AT LAKEWAY SUBD"},"geometry":{"type":"Point","coordinates":[-97.96580601,30.34814477]}},{"type":"Feature","properties":{"date":"2016-04-29T04:00:00.000Z","year":2016,"description":"New electric service to new commercial building.  EUD.","metadescription":"EP. New. New electric service to new commercial building.  EUD.. Final. 1945 MEDICAL DR UNIT 400","address":"1945 Medical Drive, Austin, TX, 78734, US","link":"https://abc.austintexas.gov/web/permit/public-search-other?t_detail=1&t_selected_folderrsn=11524551","tcad_id":"0135700330","location":"    (30.34693586, -97.96721188)","day_issued":"FRIDAY","project_id":"11524551","condominium":"No","status_date":"05/20/2016","jurisdiction":"LAKEWAY FULL PURPOSE","housing_units":"1","contractor_zip":"78726","contractor_city":"Austin","issuance_method":"Permit Center","contractor_phone":"5123086300","contractor_trade":"Electrical Contractor","number_of_floors":"1","permit_type_desc":"Electrical Permit","fiscal_year_issued":"2016","total_new_add_sqft":"1,500","permit_class_mapped":"Commercial","contractor_address_1":"7301 RR 620","contractor_address_2":"AUSTIN TX  7","contractor_full_name":"William Goodrich","issued_in_last_30_days":"No","certificate_of_occupancy":"No","property_legal_description":"LOT 7 BLK B OAKS AT LAKEWAY SUBD"},"geometry":{"type":"Point","coordinates":[-97.96721188,30.34693586]}},{"type":"Feature","properties":{"date":"2016-04-19T04:00:00.000Z","year":2016,"description":"New electrical service to new commercial only.  EUD.","metadescription":"EP. New. New electrical service to new commercial only.  EUD.. Final. 1516 S FM 620 RD UNIT 100","address":"1516 South Farm to Market 620, Austin, TX, 78734, US","link":"https://abc.austintexas.gov/web/permit/public-search-other?t_detail=1&t_selected_folderrsn=11519128","tcad_id":"0135700330","location":"    (30.34747636, -97.96624733)","day_issued":"TUESDAY","project_id":"11519128","condominium":"No","status_date":"05/02/2016","jurisdiction":"LAKEWAY FULL PURPOSE","housing_units":"1","contractor_zip":"78760","contractor_city":"AUSTIN","issuance_method":"Permit Center","contractor_phone":"5129251604","contractor_trade":"Electrical Contractor","number_of_floors":"1","permit_type_desc":"Electrical Permit","fiscal_year_issued":"2016","total_new_add_sqft":"3,089","permit_class_mapped":"Commercial","contractor_address_1":"P.O.Box 1978","contractor_full_name":"Onel Riveron Sr","issued_in_last_30_days":"No","certificate_of_occupancy":"No","property_legal_description":"LOT 7 BLK B OAKS AT LAKEWAY SUBD"},"geometry":{"type":"Point","coordinates":[-97.96624733,30.34747636]}},{"type":"Feature","properties":{"date":"2016-03-01T05:00:00.000Z","year":2016,"description":"T-pole for commercial site. ETJ","metadescription":"EP. Repair. T-pole for commercial site. ETJ. Final. 302 MEDICAL PKWY","address":"302 Medical Parkway, Austin, TX, 78738, US","link":"https://abc.austintexas.gov/web/permit/public-search-other?t_detail=1&t_selected_folderrsn=11492588","tcad_id":"0129730601","location":"    (30.32962211, -97.97177702)","day_issued":"TUESDAY","project_id":"11492588","condominium":"No","status_date":"06/21/2016","jurisdiction":"LAKEWAY FULL PURPOSE","housing_units":"1","contractor_zip":"76087","contractor_city":"Weatherford","issuance_method":"Permit Center","contractor_phone":"8176130819","contractor_trade":"Electrical Contractor","number_of_floors":"1","permit_type_desc":"Electrical Permit","fiscal_year_issued":"2016","permit_class_mapped":"Commercial","remodel_repair_sqft":"0","contractor_address_2":"1826  Barnet","contractor_full_name":"Ronald Canion","issued_in_last_30_days":"No","certificate_of_occupancy":"No","electrical_valuation_remodel":"$1,000.00"},"geometry":{"type":"Point","coordinates":[-97.97177702,30.32962211]}},{"type":"Feature","properties":{"date":"2016-02-05T05:00:00.000Z","year":2016,"description":"Installation of Roof-Top Solar System to an existing commercial bldg. ETJ","metadescription":"EP. Auxiliary Power. Installation of Roof-Top Solar System to an existing commercial bldg. ETJ. Final. 2000 S FM 620 RD","address":"2000 South Farm to Market 620, Austin, TX, 78734, US","link":"https://abc.austintexas.gov/web/permit/public-search-other?t_detail=1&t_selected_folderrsn=11480906","tcad_id":"0133700325","location":"    (30.34470702, -97.96819245)","day_issued":"FRIDAY","project_id":"11480906","condominium":"No","status_date":"09/29/2016","jurisdiction":"LAKEWAY FULL PURPOSE","housing_units":"1","contractor_zip":"78728-____","contractor_city":"AUSTIN","issuance_method":"Permit Center","contractor_phone":"2147246768","contractor_trade":"Electrical Contractor","number_of_floors":"1","permit_type_desc":"Electrical Permit","fiscal_year_issued":"2016","permit_class_mapped":"Commercial","contractor_address_2":"2301  SCARBR","contractor_full_name":"Wesley Davis","issued_in_last_30_days":"No","certificate_of_occupancy":"No","property_legal_description":"LOT 1 BLK A OAKS AT LAKEWAY SUBD","electrical_valuation_remodel":"$156,000.00"},"geometry":{"type":"Point","coordinates":[-97.96819245,30.34470702]}},{"type":"Feature","properties":{"date":"2016-01-26T05:00:00.000Z","year":2016,"description":"New electrical service to new commercial only.  EUD.","metadescription":"EP. New. New electrical service to new commercial only.  EUD.. Final. 1516 S FM 620 RD UNIT 200","address":"1516 South Farm to Market 620, Austin, TX, 78734, US","link":"https://abc.austintexas.gov/web/permit/public-search-other?t_detail=1&t_selected_folderrsn=11476505","tcad_id":"0135700330","location":"    (30.34747636, -97.96624733)","day_issued":"TUESDAY","project_id":"11476505","condominium":"No","status_date":"07/13/2016","jurisdiction":"LAKEWAY FULL PURPOSE","housing_units":"1","contractor_zip":"76571-____","contractor_city":"SALADO","issuance_method":"Permit Center","contractor_phone":"5128098562","contractor_trade":"Electrical Contractor","number_of_floors":"1","permit_type_desc":"Electrical Permit","fiscal_year_issued":"2016","total_new_add_sqft":"4,200","permit_class_mapped":"Commercial","contractor_address_2":"1804  MEADOW","contractor_full_name":"Alvaro Lechler","issued_in_last_30_days":"No","certificate_of_occupancy":"No","property_legal_description":"LOT 7 BLK B OAKS AT LAKEWAY SUBD"},"geometry":{"type":"Point","coordinates":[-97.96624733,30.34747636]}},{"type":"Feature","properties":{"date":"2016-01-19T05:00:00.000Z","year":2016,"description":"New electrical service to new commercial only.  EUD.","metadescription":"EP. New. New electrical service to new commercial only.  EUD.. Final. 1600 S FM 620 RD","address":"1600 South Farm to Market 620, Austin, TX, 78734, US","link":"https://abc.austintexas.gov/web/permit/public-search-other?t_detail=1&t_selected_folderrsn=11473293","tcad_id":"0133700218","location":"    (30.34671997, -97.96520044)","day_issued":"TUESDAY","project_id":"11473293","condominium":"No","status_date":"05/03/2016","jurisdiction":"LAKEWAY FULL PURPOSE","housing_units":"1","contractor_zip":"78613","contractor_city":"CEDAR PARK","issuance_method":"Permit Center","contractor_phone":"5128335709","contractor_trade":"Electrical Contractor","number_of_floors":"1","permit_type_desc":"Electrical Permit","fiscal_year_issued":"2016","total_new_add_sqft":"4,200","permit_class_mapped":"Commercial","contractor_address_1":"202 WALTON W","contractor_address_2":"CEDAR PARK T","contractor_full_name":"Gilbert Aguirre","issued_in_last_30_days":"No","certificate_of_occupancy":"No","property_legal_description":"LOT 4 BLK B OAKS AT LAKEWAY SUBD"},"geometry":{"type":"Point","coordinates":[-97.96520044,30.34671997]}},{"type":"Feature","properties":{"date":"2015-12-17T05:00:00.000Z","year":2015,"description":"installing new commercial electrical service. tenant fisnish out.","metadescription":"EP. New. installing new commercial electrical service. tenant fisnish out.. Final. 2951 S FM 620 RD UNIT 104","address":"2951 South Farm to Market 620, Austin, TX, 78738, US","link":"https://abc.austintexas.gov/web/permit/public-search-other?t_detail=1&t_selected_folderrsn=11461660","tcad_id":"0129700117","location":"    (30.33427231, -97.96698028)","day_issued":"THURSDAY","project_id":"11461660","condominium":"No","status_date":"12/22/2015","jurisdiction":"LAKEWAY FULL PURPOSE","housing_units":"1","contractor_zip":"76550","contractor_city":"Lampasas","issuance_method":"Permit Center","contractor_phone":"8307986001","contractor_trade":"Electrical Contractor","number_of_floors":"1","permit_type_desc":"Electrical Permit","fiscal_year_issued":"2016","total_new_add_sqft":"1,500","permit_class_mapped":"Commercial","contractor_address_1":"P.O. Box 152","contractor_full_name":"Bobby Sanford","issued_in_last_30_days":"No","certificate_of_occupancy":"No","property_legal_description":"LOT 2A DISCOVERY POINT"},"geometry":{"type":"Point","coordinates":[-97.96698028,30.33427231]}},{"type":"Feature","properties":{"date":"2015-12-17T05:00:00.000Z","year":2015,"description":"installing new commercial electrical service. tenant fisnish out.","metadescription":"EP. New. installing new commercial electrical service. tenant fisnish out.. Final. 2951 S FM 620 RD UNIT 102","address":"2951 South Farm to Market 620, Austin, TX, 78738, US","link":"https://abc.austintexas.gov/web/permit/public-search-other?t_detail=1&t_selected_folderrsn=11461653","tcad_id":"0129700117","location":"    (30.33427231, -97.96698028)","day_issued":"THURSDAY","project_id":"11461653","condominium":"No","status_date":"12/22/2015","jurisdiction":"LAKEWAY FULL PURPOSE","housing_units":"1","contractor_zip":"76550","contractor_city":"Lampasas","issuance_method":"Permit Center","contractor_phone":"8307986001","contractor_trade":"Electrical Contractor","number_of_floors":"1","permit_type_desc":"Electrical Permit","fiscal_year_issued":"2016","total_new_add_sqft":"1,500","permit_class_mapped":"Commercial","contractor_address_1":"P.O. Box 152","contractor_full_name":"Bobby Sanford","issued_in_last_30_days":"No","certificate_of_occupancy":"No","property_legal_description":"LOT 2A DISCOVERY POINT"},"geometry":{"type":"Point","coordinates":[-97.96698028,30.33427231]}},{"type":"Feature","properties":{"date":"2015-12-17T05:00:00.000Z","year":2015,"description":"installing new commercial electrical service. tenant fisnish out.","metadescription":"EP. New. installing new commercial electrical service. tenant fisnish out.. Final. 2951 S FM 620 RD UNIT 107","address":"2951 South Farm to Market 620, Austin, TX, 78738, US","link":"https://abc.austintexas.gov/web/permit/public-search-other?t_detail=1&t_selected_folderrsn=11461663","tcad_id":"0129700117","location":"    (30.33427231, -97.96698028)","day_issued":"THURSDAY","project_id":"11461663","condominium":"No","status_date":"12/22/2015","jurisdiction":"LAKEWAY FULL PURPOSE","housing_units":"1","contractor_zip":"76550","contractor_city":"Lampasas","issuance_method":"Permit Center","contractor_phone":"8307986001","contractor_trade":"Electrical Contractor","number_of_floors":"1","permit_type_desc":"Electrical Permit","fiscal_year_issued":"2016","total_new_add_sqft":"1,500","permit_class_mapped":"Commercial","contractor_address_1":"P.O. Box 152","contractor_full_name":"Bobby Sanford","issued_in_last_30_days":"No","certificate_of_occupancy":"No","property_legal_description":"LOT 2A DISCOVERY POINT"},"geometry":{"type":"Point","coordinates":[-97.96698028,30.33427231]}},{"type":"Feature","properties":{"date":"2015-12-17T05:00:00.000Z","year":2015,"description":"installing new commercial electrical service. tenant fisnish out.","metadescription":"EP. New. installing new commercial electrical service. tenant fisnish out.. Final. 2951 S FM 620 RD UNIT 105","address":"2951 South Farm to Market 620, Austin, TX, 78738, US","link":"https://abc.austintexas.gov/web/permit/public-search-other?t_detail=1&t_selected_folderrsn=11461661","tcad_id":"0129700117","location":"    (30.33427231, -97.96698028)","day_issued":"THURSDAY","project_id":"11461661","condominium":"No","status_date":"12/22/2015","jurisdiction":"LAKEWAY FULL PURPOSE","housing_units":"1","contractor_zip":"76550","contractor_city":"Lampasas","issuance_method":"Permit Center","contractor_phone":"8307986001","contractor_trade":"Electrical Contractor","number_of_floors":"1","permit_type_desc":"Electrical Permit","fiscal_year_issued":"2016","total_new_add_sqft":"1,500","permit_class_mapped":"Commercial","contractor_address_1":"P.O. Box 152","contractor_full_name":"Bobby Sanford","issued_in_last_30_days":"No","certificate_of_occupancy":"No","property_legal_description":"LOT 2A DISCOVERY POINT"},"geometry":{"type":"Point","coordinates":[-97.96698028,30.33427231]}},{"type":"Feature","properties":{"date":"2015-12-17T05:00:00.000Z","year":2015,"description":"installing new commercial electrical service. tenant fisnish out.","metadescription":"EP. New. installing new commercial electrical service. tenant fisnish out.. Final. 2951 S FM 620 RD UNIT 103","address":"2951 South Farm to Market 620, Austin, TX, 78738, US","link":"https://abc.austintexas.gov/web/permit/public-search-other?t_detail=1&t_selected_folderrsn=11461659","tcad_id":"0129700117","location":"    (30.33427231, -97.96698028)","day_issued":"THURSDAY","project_id":"11461659","condominium":"No","status_date":"12/22/2015","jurisdiction":"LAKEWAY FULL PURPOSE","housing_units":"1","contractor_zip":"76550","contractor_city":"Lampasas","issuance_method":"Permit Center","contractor_phone":"8307986001","contractor_trade":"Electrical Contractor","number_of_floors":"1","permit_type_desc":"Electrical Permit","fiscal_year_issued":"2016","total_new_add_sqft":"1,500","permit_class_mapped":"Commercial","contractor_address_1":"P.O. Box 152","contractor_full_name":"Bobby Sanford","issued_in_last_30_days":"No","certificate_of_occupancy":"No","property_legal_description":"LOT 2A DISCOVERY POINT"},"geometry":{"type":"Point","coordinates":[-97.96698028,30.33427231]}},{"type":"Feature","properties":{"date":"2015-02-02T05:00:00.000Z","year":2015,"description":"New electric service to new commercial building (Retail Shell).  EUD.","metadescription":"EP. New. New electric service to new commercial building (Retail Shell).  EUD.. Final. 1900 S FM 620 RD BLDG B","address":"1900 South Farm to Market 620, Austin, TX, 78734, US","link":"https://abc.austintexas.gov/web/permit/public-search-other?t_detail=1&t_selected_folderrsn=11287063","tcad_id":"0133700325","location":"    (30.34484166, -97.96624856)","day_issued":"MONDAY","project_id":"11287063","condominium":"No","status_date":"09/08/2015","jurisdiction":"LAKEWAY FULL PURPOSE","housing_units":"1","issuance_method":"Permit Center","contractor_phone":"5127898747","contractor_trade":"Electrical Contractor","number_of_floors":"1","permit_type_desc":"Electrical Permit","fiscal_year_issued":"2015","total_new_add_sqft":"7,500","permit_class_mapped":"Commercial","contractor_address_2":"ROAD  Sui","contractor_full_name":"Larry Payne","issued_in_last_30_days":"No","certificate_of_occupancy":"No","property_legal_description":"LOT 1 BLK A OAKS AT LAKEWAY SUBD"},"geometry":{"type":"Point","coordinates":[-97.96624856,30.34484166]}},{"type":"Feature","properties":{"date":"2015-02-02T05:00:00.000Z","year":2015,"description":"New electric service to new commercial building (Restaurant Shell).  EUD.","metadescription":"EP. New. New electric service to new commercial building (Restaurant Shell).  EUD.. Final. 1900 S FM 620 RD BLDG C","address":"1900 South Farm to Market 620, Austin, TX, 78734, US","link":"https://abc.austintexas.gov/web/permit/public-search-other?t_detail=1&t_selected_folderrsn=11287064","tcad_id":"0133700325","location":"    (30.34484166, -97.96624856)","day_issued":"MONDAY","project_id":"11287064","condominium":"No","status_date":"09/08/2015","jurisdiction":"LAKEWAY FULL PURPOSE","housing_units":"1","issuance_method":"Permit Center","contractor_phone":"5127898747","contractor_trade":"Electrical Contractor","number_of_floors":"1","permit_type_desc":"Electrical Permit","fiscal_year_issued":"2015","total_new_add_sqft":"4,500","permit_class_mapped":"Commercial","contractor_address_2":"ROAD  Sui","contractor_full_name":"Larry Payne","issued_in_last_30_days":"No","certificate_of_occupancy":"No","property_legal_description":"LOT 1 BLK A OAKS AT LAKEWAY SUBD"},"geometry":{"type":"Point","coordinates":[-97.96624856,30.34484166]}},{"type":"Feature","properties":{"date":"2015-02-02T05:00:00.000Z","year":2015,"description":"New electric service to new commercial building (Retail Shell).  EUD.","metadescription":"EP. New. New electric service to new commercial building (Retail Shell).  EUD.. Final. 1900 S FM 620 RD BLDG G","address":"1900 South Farm to Market 620, Austin, TX, 78734, US","link":"https://abc.austintexas.gov/web/permit/public-search-other?t_detail=1&t_selected_folderrsn=11287067","tcad_id":"0133700325","location":"    (30.34484166, -97.96624856)","day_issued":"MONDAY","project_id":"11287067","condominium":"No","status_date":"09/23/2015","jurisdiction":"LAKEWAY FULL PURPOSE","housing_units":"1","issuance_method":"Permit Center","contractor_phone":"5127898747","contractor_trade":"Electrical Contractor","number_of_floors":"1","permit_type_desc":"Electrical Permit","fiscal_year_issued":"2015","total_new_add_sqft":"11,300","permit_class_mapped":"Commercial","contractor_address_2":"ROAD  Sui","contractor_full_name":"Larry Payne","issued_in_last_30_days":"No","certificate_of_occupancy":"No","property_legal_description":"LOT 1 BLK A OAKS AT LAKEWAY SUBD"},"geometry":{"type":"Point","coordinates":[-97.96624856,30.34484166]}},{"type":"Feature","properties":{"date":"2015-02-02T05:00:00.000Z","year":2015,"description":"New electric service to new commercial building (Retail Shell).  EUD.","metadescription":"EP. New. New electric service to new commercial building (Retail Shell).  EUD.. Final. 1900 S FM 620 RD BLDG A","address":"1900 South Farm to Market 620, Austin, TX, 78734, US","link":"https://abc.austintexas.gov/web/permit/public-search-other?t_detail=1&t_selected_folderrsn=11287053","tcad_id":"0133700325","location":"    (30.34484166, -97.96624856)","day_issued":"MONDAY","project_id":"11287053","condominium":"No","status_date":"09/04/2015","jurisdiction":"LAKEWAY FULL PURPOSE","housing_units":"1","issuance_method":"Permit Center","contractor_phone":"5127898747","contractor_trade":"Electrical Contractor","number_of_floors":"1","permit_type_desc":"Electrical Permit","fiscal_year_issued":"2015","total_new_add_sqft":"21,470","permit_class_mapped":"Commercial","contractor_address_2":"ROAD  Sui","contractor_full_name":"Larry Payne","issued_in_last_30_days":"No","certificate_of_occupancy":"No","property_legal_description":"LOT 1 BLK A OAKS AT LAKEWAY SUBD"},"geometry":{"type":"Point","coordinates":[-97.96624856,30.34484166]}},{"type":"Feature","properties":{"date":"2015-02-02T05:00:00.000Z","year":2015,"description":"New electric service to new commercial building (Retail Shell).  EUD.","metadescription":"EP. New. New electric service to new commercial building (Retail Shell).  EUD.. Final. 1900 S FM 620 RD BLDG H","address":"1900 South Farm to Market 620, Austin, TX, 78734, US","link":"https://abc.austintexas.gov/web/permit/public-search-other?t_detail=1&t_selected_folderrsn=11287068","tcad_id":"0133700325","location":"    (30.34484166, -97.96624856)","day_issued":"MONDAY","project_id":"11287068","condominium":"No","status_date":"09/23/2015","jurisdiction":"LAKEWAY FULL PURPOSE","housing_units":"1","issuance_method":"Permit Center","contractor_phone":"5127898747","contractor_trade":"Electrical Contractor","number_of_floors":"1","permit_type_desc":"Electrical Permit","fiscal_year_issued":"2015","total_new_add_sqft":"7,000","permit_class_mapped":"Commercial","contractor_address_2":"ROAD  Sui","contractor_full_name":"Larry Payne","issued_in_last_30_days":"No","certificate_of_occupancy":"No","property_legal_description":"LOT 1 BLK A OAKS AT LAKEWAY SUBD"},"geometry":{"type":"Point","coordinates":[-97.96624856,30.34484166]}},{"type":"Feature","properties":{"date":"2015-02-02T05:00:00.000Z","year":2015,"description":"New electric service to new commercial building (Retail Shell).  EUD.","metadescription":"EP. New. New electric service to new commercial building (Retail Shell).  EUD.. Final. 1900 S FM 620 RD BLDG D","address":"1900 South Farm to Market 620, Austin, TX, 78734, US","link":"https://abc.austintexas.gov/web/permit/public-search-other?t_detail=1&t_selected_folderrsn=11287065","tcad_id":"0133700325","location":"    (30.34484166, -97.96624856)","day_issued":"MONDAY","project_id":"11287065","condominium":"No","status_date":"09/11/2015","jurisdiction":"LAKEWAY FULL PURPOSE","housing_units":"1","issuance_method":"Permit Center","contractor_phone":"5127898747","contractor_trade":"Electrical Contractor","number_of_floors":"1","permit_type_desc":"Electrical Permit","fiscal_year_issued":"2015","total_new_add_sqft":"16,300","permit_class_mapped":"Commercial","contractor_address_2":"ROAD  Sui","contractor_full_name":"Larry Payne","issued_in_last_30_days":"No","certificate_of_occupancy":"No","property_legal_description":"LOT 1 BLK A OAKS AT LAKEWAY SUBD"},"geometry":{"type":"Point","coordinates":[-97.96624856,30.34484166]}},{"type":"Feature","properties":{"date":"2015-02-02T05:00:00.000Z","year":2015,"description":"New electric service to new commercial building (Retail Shell).  EUD.","metadescription":"EP. New. New electric service to new commercial building (Retail Shell).  EUD.. Final. 1900 S FM 620 RD BLDG F","address":"1900 South Farm to Market 620, Austin, TX, 78734, US","link":"https://abc.austintexas.gov/web/permit/public-search-other?t_detail=1&t_selected_folderrsn=11287066","tcad_id":"0133700325","location":"    (30.34484166, -97.96624856)","day_issued":"MONDAY","project_id":"11287066","condominium":"No","status_date":"09/23/2015","jurisdiction":"LAKEWAY FULL PURPOSE","housing_units":"1","issuance_method":"Permit Center","contractor_phone":"5127898747","contractor_trade":"Electrical Contractor","number_of_floors":"1","permit_type_desc":"Electrical Permit","fiscal_year_issued":"2015","total_new_add_sqft":"16,200","permit_class_mapped":"Commercial","contractor_address_2":"ROAD  Sui","contractor_full_name":"Larry Payne","issued_in_last_30_days":"No","certificate_of_occupancy":"No","property_legal_description":"LOT 1 BLK A OAKS AT LAKEWAY SUBD"},"geometry":{"type":"Point","coordinates":[-97.96624856,30.34484166]}},{"type":"Feature","properties":{"date":"2014-10-14T04:00:00.000Z","year":2014,"description":"new elect service to commercial bldg only","metadescription":"EP. New. new elect service to commercial bldg only. Final. 2951 S FM 620 RD UNIT 204","address":"2951 South Farm to Market 620, Austin, TX, 78738, US","link":"https://abc.austintexas.gov/web/permit/public-search-other?t_detail=1&t_selected_folderrsn=11233777","tcad_id":"0129700117","location":"    (30.33427231, -97.96698028)","day_issued":"TUESDAY","project_id":"11233777","condominium":"No","status_date":"10/20/2014","jurisdiction":"LAKEWAY FULL PURPOSE","housing_units":"1","contractor_zip":"78701-____","contractor_city":"AUSTIN","issuance_method":"Permit Center","contractor_phone":"7373204092","contractor_trade":"Electrical Contractor","number_of_floors":"1","permit_type_desc":"Electrical Permit","fiscal_year_issued":"2015","total_new_add_sqft":"1,000","permit_class_mapped":"Commercial","contractor_address_2":"512 W MARTIN","contractor_full_name":"Clayton Payne","issued_in_last_30_days":"No","certificate_of_occupancy":"No","property_legal_description":"LOT 2A DISCOVERY POINT"},"geometry":{"type":"Point","coordinates":[-97.96698028,30.33427231]}},{"type":"Feature","properties":{"date":"2014-10-14T04:00:00.000Z","year":2014,"description":"new elect service to commercial bldg only","metadescription":"EP. New. new elect service to commercial bldg only. Final. 2951 S FM 620 RD UNIT 206","address":"2951 South Farm to Market 620, Austin, TX, 78738, US","link":"https://abc.austintexas.gov/web/permit/public-search-other?t_detail=1&t_selected_folderrsn=11233584","tcad_id":"0129700117","location":"    (30.33427231, -97.96698028)","day_issued":"TUESDAY","project_id":"11233584","condominium":"No","status_date":"10/20/2014","jurisdiction":"LAKEWAY FULL PURPOSE","housing_units":"1","contractor_zip":"78701-____","contractor_city":"AUSTIN","issuance_method":"Permit Center","contractor_phone":"7373204092","contractor_trade":"Electrical Contractor","number_of_floors":"1","permit_type_desc":"Electrical Permit","fiscal_year_issued":"2015","total_new_add_sqft":"1,045","permit_class_mapped":"Commercial","contractor_address_2":"512 W MARTIN","contractor_full_name":"Clayton Payne","issued_in_last_30_days":"No","certificate_of_occupancy":"No","property_legal_description":"LOT 2A DISCOVERY POINT"},"geometry":{"type":"Point","coordinates":[-97.96698028,30.33427231]}},{"type":"Feature","properties":{"date":"2014-10-09T04:00:00.000Z","year":2014,"description":"New Commercial bldg service only \nEUD","metadescription":"EP. New. New Commercial bldg service only \nEUD. Final. 108 S FM 620 RD","address":"108 South Farm to Market 620, Austin, TX, 78734, US","link":"https://abc.austintexas.gov/web/permit/public-search-other?t_detail=1&t_selected_folderrsn=11231681","tcad_id":"0141680459","location":"    (30.36589006, -97.95158981)","day_issued":"THURSDAY","project_id":"11231681","condominium":"No","status_date":"02/20/2015","jurisdiction":"LAKEWAY FULL PURPOSE","housing_units":"1","contractor_zip":"75234","contractor_city":"Farmrs Branc","issuance_method":"Permit Center","contractor_phone":"9727422583","contractor_trade":"Electrical Contractor","number_of_floors":"1","permit_type_desc":"Electrical Permit","fiscal_year_issued":"2015","total_new_add_sqft":"80,000","permit_class_mapped":"Commercial","contractor_address_1":"3540 APLLE V","contractor_address_2":"FARMRS BRANC","contractor_full_name":"Anthony Burt","issued_in_last_30_days":"No","certificate_of_occupancy":"No","property_legal_description":"LOT 1 & 2 BLK A LEXUS OF LAKEWAY"},"geometry":{"type":"Point","coordinates":[-97.95158981,30.36589006]}},{"type":"Feature","properties":{"date":"2014-01-13T05:00:00.000Z","year":2014,"description":"New commercial bldg. Service Only. (Unit 1 2 3 4) EUD","metadescription":"EP. New. New commercial bldg. Service Only. (Unit 1 2 3 4) EUD. Final. 107 RIVALTO CIR","address":"107 Rivalto Circle, Austin, TX, 78734, US","link":"https://abc.austintexas.gov/web/permit/public-search-other?t_detail=1&t_selected_folderrsn=11074823","tcad_id":"0133731001","location":"    (30.3429547, -97.97548711)","day_issued":"MONDAY","project_id":"11074823","condominium":"No","status_date":"07/02/2014","jurisdiction":"LAKEWAY FULL PURPOSE","housing_units":"1","contractor_zip":"78728","contractor_city":"Austin","issuance_method":"Permit Center","contractor_phone":"5122885373","contractor_trade":"Electrical Contractor","number_of_floors":"1","permit_type_desc":"Electrical Permit","fiscal_year_issued":"2014","total_new_add_sqft":"4,000","permit_class_mapped":"Commercial","contractor_address_2":"2611  Howard","contractor_full_name":"John Lanehart","issued_in_last_30_days":"No","certificate_of_occupancy":"No"},"geometry":{"type":"Point","coordinates":[-97.97548711,30.3429547]}},{"type":"Feature","properties":{"date":"2013-11-25T05:00:00.000Z","year":2013,"description":"New commercial shell bldg. Service only. EUD","metadescription":"EP. New. New commercial shell bldg. Service only. EUD. Final. 15527 DEBBA DR","address":"15527 Debba Drive, Austin, TX, 78734, US","link":"https://abc.austintexas.gov/web/permit/public-search-other?t_detail=1&t_selected_folderrsn=11054928","tcad_id":"0145660410","location":"    (30.37623062, -97.9450635)","day_issued":"MONDAY","project_id":"11054928","condominium":"No","status_date":"08/21/2014","jurisdiction":"LAKEWAY FULL PURPOSE","housing_units":"1","issuance_method":"Permit Center","contractor_phone":"5127898747","contractor_trade":"Electrical Contractor","number_of_floors":"1","permit_type_desc":"Electrical Permit","fiscal_year_issued":"2014","total_new_add_sqft":"13,500","permit_class_mapped":"Commercial","contractor_address_2":"ROAD  Sui","contractor_full_name":"Larry Payne","issued_in_last_30_days":"No","certificate_of_occupancy":"No","property_legal_description":"LOT 34A-1 CARDINAL HILLS ESTATES UNIT 11 REPLAT OF LOT 34A"},"geometry":{"type":"Point","coordinates":[-97.9450635,30.37623062]}},{"type":"Feature","properties":{"date":"2013-11-13T05:00:00.000Z","year":2013,"description":"Install electrical service to Commercial Lease space only.  EUD.","metadescription":"EP. Remodel. Install electrical service to Commercial Lease space only.  EUD.. Final. 1010 S FM 620 RD UNIT 106","address":"1010 South Farm to Market 620, Austin, TX, 78734, US","link":"https://abc.austintexas.gov/web/permit/public-search-other?t_detail=1&t_selected_folderrsn=11048476","tcad_id":"0137700710","location":"    (30.35318352, -97.96254921)","day_issued":"WEDNESDAY","project_id":"11048476","condominium":"No","status_date":"04/04/2014","jurisdiction":"LAKEWAY FULL PURPOSE","housing_units":"1","contractor_zip":"78620","contractor_city":"Dripping Spr","issuance_method":"Permit Center","contractor_phone":"5124315198","contractor_trade":"Electrical Contractor","number_of_floors":"1","permit_type_desc":"Electrical Permit","fiscal_year_issued":"2014","permit_class_mapped":"Commercial","remodel_repair_sqft":"0","contractor_address_1":"100 COMMONS","contractor_address_2":"DRIPPING SPR","contractor_full_name":"Scott Breen","issued_in_last_30_days":"No","certificate_of_occupancy":"No","property_legal_description":"LOT 2 ENTRANCE AT LAKEWAY SUBD THE","electrical_valuation_remodel":"$8,000.00"},"geometry":{"type":"Point","coordinates":[-97.96254921,30.35318352]}},{"type":"Feature","properties":{"date":"2013-10-01T04:00:00.000Z","year":2013,"description":"change out service disconnect to existing commercial bldg","metadescription":"EP. Remodel. change out service disconnect to existing commercial bldg. Final. 3315 S FM 620 RD","address":"3315 South Farm to Market 620, Austin, TX, 78738, US","link":"https://abc.austintexas.gov/web/permit/public-search-other?t_detail=1&t_selected_folderrsn=11025036","tcad_id":"0127700110","location":"    (30.32859745, -97.9642376)","day_issued":"TUESDAY","project_id":"11025036","condominium":"No","status_date":"11/22/2013","jurisdiction":"LAKEWAY FULL PURPOSE","housing_units":"1","contractor_zip":"78716","contractor_city":"AUSTIN","issuance_method":"Permit Center","contractor_phone":"5125163711","contractor_trade":"Electrical Contractor","number_of_floors":"1","permit_type_desc":"Electrical Permit","fiscal_year_issued":"2014","permit_class_mapped":"Commercial","remodel_repair_sqft":"0","contractor_address_1":"PO BOX 16304","contractor_full_name":"Jason A Thomas","issued_in_last_30_days":"No","certificate_of_occupancy":"No","property_legal_description":"1.5383AC OF LOT 1C ENCLAVE AT ALTA VISTA THE RESUB OF LOT 1A","electrical_valuation_remodel":"$3,000.00"},"geometry":{"type":"Point","coordinates":[-97.9642376,30.32859745]}},{"type":"Feature","properties":{"date":"2013-09-12T04:00:00.000Z","year":2013,"description":"replace existing electric service disconnect only to existing commercial building EUD (lakeway)","metadescription":"EP. Remodel. replace existing electric service disconnect only to existing commercial building EUD (lakeway). Final. 1310 S FM 620 RD BLDG A UNIT 1","address":"1310 South Farm to Market 620, Austin, TX, 78734, US","link":"https://abc.austintexas.gov/web/permit/public-search-other?t_detail=1&t_selected_folderrsn=11015243","tcad_id":"0135700317","location":"    (30.34976508, -97.96493542)","day_issued":"THURSDAY","project_id":"11015243","condominium":"No","status_date":"09/19/2013","jurisdiction":"LAKEWAY FULL PURPOSE","housing_units":"1","contractor_zip":"78660","contractor_city":"PFLUGERVILLE","issuance_method":"Permit Center","contractor_phone":"5122380484","contractor_trade":"Electrical Contractor","number_of_floors":"1","permit_type_desc":"Electrical Permit","fiscal_year_issued":"2013","permit_class_mapped":"Commercial","remodel_repair_sqft":"0","contractor_address_2":"21401  Marti","contractor_full_name":"Wesley Sunvison","issued_in_last_30_days":"No","certificate_of_occupancy":"No","property_legal_description":"5.5550 AC OF W 672.06FT OF N PT (4.43AC)OF TRT 4 *& W 725.79 OF N PT OF TRT 5 *(1.33AC) ECK A A SUBD","electrical_valuation_remodel":"$1,500.00"},"geometry":{"type":"Point","coordinates":[-97.96493542,30.34976508]}},{"type":"Feature","properties":{"date":"2013-09-10T04:00:00.000Z","year":2013,"description":"temp meter loop for new commercial building EUD","metadescription":"EP. Remodel. temp meter loop for new commercial building EUD. Final. 3211 S FM 620 RD","address":"3211 South Farm to Market 620, Austin, TX, 78738, US","link":"https://abc.austintexas.gov/web/permit/public-search-other?t_detail=1&t_selected_folderrsn=11014073","tcad_id":"0127700105","location":"    (30.33083269, -97.96643373)","day_issued":"TUESDAY","project_id":"11014073","condominium":"No","status_date":"09/13/2013","jurisdiction":"LAKEWAY FULL PURPOSE","housing_units":"1","contractor_zip":"78734","contractor_city":"Lakeway","issuance_method":"Permit Center","contractor_phone":"5127480248","contractor_trade":"Electrical Contractor","number_of_floors":"1","permit_type_desc":"Electrical Permit","fiscal_year_issued":"2013","permit_class_mapped":"Commercial","remodel_repair_sqft":"0","contractor_address_2":"2121  Lohman","contractor_full_name":"Daniel Hernandez","issued_in_last_30_days":"No","certificate_of_occupancy":"No","property_legal_description":"LOT 8 SCHRAMM RANCH SEC 1 PHS 2 THE (GREENBELT)","electrical_valuation_remodel":"$300.00"},"geometry":{"type":"Point","coordinates":[-97.96643373,30.33083269]}},{"type":"Feature","properties":{"date":"2013-08-21T04:00:00.000Z","year":2013,"description":"New commercial bldg install electrical service only. EUD","metadescription":"EP. New. New commercial bldg install electrical service only. EUD. Final. 2951 S FM 620 RD UNIT 216","address":"2951 South Farm to Market 620, Austin, TX, 78738, US","link":"https://abc.austintexas.gov/web/permit/public-search-other?t_detail=1&t_selected_folderrsn=11003501","tcad_id":"0129700117","location":"    (30.33427231, -97.96698028)","day_issued":"WEDNESDAY","project_id":"11003501","condominium":"No","status_date":"08/28/2013","jurisdiction":"LAKEWAY FULL PURPOSE","housing_units":"0","contractor_zip":"78724","contractor_city":"Austin","issuance_method":"Permit Center","contractor_phone":"5129770011","contractor_trade":"Electrical Contractor","number_of_floors":"0","permit_type_desc":"Electrical Permit","fiscal_year_issued":"2013","total_new_add_sqft":"950","permit_class_mapped":"Commercial","contractor_address_2":"5103  COMMER","contractor_full_name":"Jerry L Roudebush","issued_in_last_30_days":"No","certificate_of_occupancy":"No","property_legal_description":"LOT 2A DISCOVERY POINT"},"geometry":{"type":"Point","coordinates":[-97.96698028,30.33427231]}},{"type":"Feature","properties":{"date":"2013-02-27T05:00:00.000Z","year":2013,"description":"New Commercial building elec service only ETJ (Lakeway)","metadescription":"EP. New. New Commercial building elec service only ETJ (Lakeway). Final. 300 MEDICAL PKWY","address":"300 Medical Parkway, Austin, TX, 78738, US","link":"https://abc.austintexas.gov/web/permit/public-search-other?t_detail=1&t_selected_folderrsn=10904177","tcad_id":"0129730601","location":"    (30.33099609, -97.97126782)","day_issued":"WEDNESDAY","project_id":"10904177","condominium":"No","status_date":"05/01/2014","jurisdiction":"LAKEWAY FULL PURPOSE","housing_units":"0","contractor_zip":"78739","contractor_city":"Austin","issuance_method":"Permit Center","contractor_phone":"5127995333","contractor_trade":"Electrical Contractor","number_of_floors":"0","permit_type_desc":"Electrical Permit","fiscal_year_issued":"2013","total_new_add_sqft":"15,000","permit_class_mapped":"Commercial","contractor_address_1":"15002 GEBRON","contractor_address_2":"AUSTIN TX  7","contractor_full_name":"Paul K Riley","issued_in_last_30_days":"No","certificate_of_occupancy":"No"},"geometry":{"type":"Point","coordinates":[-97.97126782,30.33099609]}},{"type":"Feature","properties":{"date":"2012-11-26T05:00:00.000Z","year":2012,"description":"install new electric service for new lease space to existing commercial building EUD (Lakeway)","metadescription":"EP. Remodel. install new electric service for new lease space to existing commercial building EUD (Lakeway). Final. 1310 S FM 620 RD BLDG B UNIT 5","address":"1310 South Farm to Market 620, Austin, TX, 78734, US","link":"https://abc.austintexas.gov/web/permit/public-search-other?t_detail=1&t_selected_folderrsn=10862345","tcad_id":"0135700317","location":"    (30.34976508, -97.96493542)","day_issued":"MONDAY","project_id":"10862345","condominium":"No","status_date":"05/10/2013","jurisdiction":"LAKEWAY FULL PURPOSE","housing_units":"1","contractor_zip":"78760","contractor_city":"Austin","issuance_method":"Permit Center","contractor_phone":"5124249770","contractor_trade":"Electrical Contractor","number_of_floors":"1","permit_type_desc":"Electrical Permit","fiscal_year_issued":"2013","permit_class_mapped":"Commercial","remodel_repair_sqft":"0","contractor_address_1":"PO BOX 19391","contractor_address_2":"AUSTIN TX  7","contractor_full_name":"Joseph L Enriquez","issued_in_last_30_days":"No","certificate_of_occupancy":"No","property_legal_description":"5.5550 AC OF W 672.06FT OF N PT (4.43AC)OF TRT 4 *& W 725.79 OF N PT OF TRT 5 *(1.33AC) ECK A A SUBD","electrical_valuation_remodel":"$2,500.00"},"geometry":{"type":"Point","coordinates":[-97.96493542,30.34976508]}},{"type":"Feature","properties":{"date":"2012-11-08T05:00:00.000Z","year":2012,"description":"TPL for construction for new commercial construction for Town Homes (12-112348) EUD","metadescription":"EP. Remodel. TPL for construction for new commercial construction for Town Homes (12-112348) EUD. Final. 104 RIVALTO CIR","address":"104 Rivalto Circle, Austin, TX, 78734, US","link":"https://abc.austintexas.gov/web/permit/public-search-other?t_detail=1&t_selected_folderrsn=10856180","tcad_id":"0133731001","location":"    (30.34344488, -97.97567172)","day_issued":"THURSDAY","project_id":"10856180","condominium":"No","status_date":"11/20/2012","jurisdiction":"LAKEWAY FULL PURPOSE","housing_units":"0","contractor_zip":"78728","contractor_city":"Austin","issuance_method":"Permit Center","contractor_phone":"5122885373","contractor_trade":"Electrical Contractor","number_of_floors":"0","permit_type_desc":"Electrical Permit","fiscal_year_issued":"2013","permit_class_mapped":"Commercial","remodel_repair_sqft":"0","contractor_address_2":"2611  Howard","contractor_full_name":"John Lanehart","issued_in_last_30_days":"No","certificate_of_occupancy":"No","electrical_valuation_remodel":"$100.00"},"geometry":{"type":"Point","coordinates":[-97.97567172,30.34344488]}},{"type":"Feature","properties":{"date":"2012-11-06T05:00:00.000Z","year":2012,"description":"New commercial Town Homes.Electric Service Only.EUD","metadescription":"EP. New. New commercial Town Homes.Electric Service Only.EUD. Final. 104 RIVALTO CIR","address":"104 Rivalto Circle, Austin, TX, 78734, US","link":"https://abc.austintexas.gov/web/permit/public-search-other?t_detail=1&t_selected_folderrsn=10854782","tcad_id":"0133731001","location":"    (30.34344488, -97.97567172)","day_issued":"TUESDAY","project_id":"10854782","condominium":"No","status_date":"02/19/2013","jurisdiction":"LAKEWAY FULL PURPOSE","housing_units":"4","contractor_zip":"78728","contractor_city":"Austin","issuance_method":"Permit Center","contractor_phone":"5122885373","contractor_trade":"Electrical Contractor","number_of_floors":"2","permit_type_desc":"Electrical Permit","fiscal_year_issued":"2013","total_new_add_sqft":"9,190","permit_class_mapped":"Commercial","contractor_address_2":"2611  Howard","contractor_full_name":"John Lanehart","issued_in_last_30_days":"No","certificate_of_occupancy":"No"},"geometry":{"type":"Point","coordinates":[-97.97567172,30.34344488]}},{"type":"Feature","properties":{"date":"2012-10-11T04:00:00.000Z","year":2012,"description":"install new electric service house panel for new commercial building (City of Lakeway) EUD suite:104","metadescription":"EP. New. install new electric service house panel for new commercial building (City of Lakeway) EUD suite:104. Final. 2410 S FM 620 RD UNIT 104","address":"2410 South Farm to Market 620, Austin, TX, 78734, US","link":"https://abc.austintexas.gov/web/permit/public-search-other?t_detail=1&t_selected_folderrsn=10842006","location":"    (30.33980194, -97.96960636)","day_issued":"THURSDAY","project_id":"10842006","condominium":"No","status_date":"10/18/2012","jurisdiction":"LAKEWAY FULL PURPOSE","housing_units":"0","contractor_zip":"78660","contractor_city":"Pflugerville","issuance_method":"Permit Center","contractor_phone":"5122529500","contractor_trade":"Electrical Contractor","number_of_floors":"1","permit_type_desc":"Electrical Permit","fiscal_year_issued":"2013","total_new_add_sqft":"1,842","permit_class_mapped":"Commercial","contractor_address_1":"16415 CENTRA","contractor_address_2":"PFLUGERVILLE","contractor_full_name":"Robert A Pruitt","issued_in_last_30_days":"No","certificate_of_occupancy":"No"},"geometry":{"type":"Point","coordinates":[-97.96960636,30.33980194]}},{"type":"Feature","properties":{"date":"2012-09-12T04:00:00.000Z","year":2012,"description":"rebuild 800amp electric service to commercial EUD lakeway","metadescription":"EP. Remodel. rebuild 800amp electric service to commercial EUD lakeway. Final. 2401 LAKEWAY BLVD","address":"2401 Lakeway Boulevard, Austin, TX, 78738, US","link":"https://abc.austintexas.gov/web/permit/public-search-other?t_detail=1&t_selected_folderrsn=10826826","tcad_id":"0137780805","location":"    (30.35517685, -97.98764495)","day_issued":"WEDNESDAY","project_id":"10826826","condominium":"No","status_date":"09/25/2012","jurisdiction":"LAKEWAY FULL PURPOSE","housing_units":"1","contractor_zip":"76527","contractor_city":"Florence","issuance_method":"Permit Center","contractor_phone":"2547934344","contractor_trade":"Electrical Contractor","number_of_floors":"1","permit_type_desc":"Electrical Permit","fiscal_year_issued":"2012","permit_class_mapped":"Commercial","contractor_address_1":"P.O. Box 859","contractor_full_name":"Randy Eldridge","issued_in_last_30_days":"No","certificate_of_occupancy":"No","property_legal_description":"UNT 107 VILLAS AT THE HILLS AMENDED PLUS 3.3333% INTEREST IN COMMON AREA","electrical_valuation_remodel":"$6,000.00"},"geometry":{"type":"Point","coordinates":[-97.98764495,30.35517685]}},{"type":"Feature","properties":{"date":"2012-07-05T04:00:00.000Z","year":2012,"description":"New 3 Stry Commercial Holiday Inn Express EUD","metadescription":"EP. New. New 3 Stry Commercial Holiday Inn Express EUD. Final. 15707 OAK GROVE BLVD","address":"15707 Oak Grove Boulevard, Austin, TX, 78734, US","link":"https://abc.austintexas.gov/web/permit/public-search-other?t_detail=1&t_selected_folderrsn=10793090","tcad_id":"0147660145","location":"    (30.38094208, -97.94611414)","day_issued":"THURSDAY","project_id":"10793090","condominium":"No","status_date":"08/13/2012","jurisdiction":"LAKEWAY FULL PURPOSE","housing_units":"78","contractor_zip":"76088","contractor_city":"Weatherford","issuance_method":"Permit Center","contractor_phone":"8173413836","contractor_trade":"Electrical Contractor","number_of_floors":"3","permit_type_desc":"Electrical Permit","fiscal_year_issued":"2012","total_new_add_sqft":"40,000","permit_class_mapped":"Commercial","contractor_address_2":"2900  Greenl","contractor_full_name":"Michael Purefoy","issued_in_last_30_days":"No","certificate_of_occupancy":"No","property_legal_description":"LOT 1A BELLA TERRA SUBD RESUB OF AMENDING PLAT OF LOTS 1 & 2"},"geometry":{"type":"Point","coordinates":[-97.94611414,30.38094208]}},{"type":"Feature","properties":{"date":"2012-05-10T04:00:00.000Z","year":2012,"description":"install new electric service house panel for new commercial building (City of Lakeway) EUD","metadescription":"EP. New. install new electric service house panel for new commercial building (City of Lakeway) EUD. Final. 2410 S FM 620 RD","address":"2410 South Farm to Market 620, Austin, TX, 78734, US","link":"https://abc.austintexas.gov/web/permit/public-search-other?t_detail=1&t_selected_folderrsn=10764265","location":"    (30.33980194, -97.96960636)","day_issued":"THURSDAY","project_id":"10764265","condominium":"No","status_date":"08/30/2012","jurisdiction":"LAKEWAY FULL PURPOSE","housing_units":"1","contractor_zip":"78634","contractor_city":"Hutto","issuance_method":"Permit Center","contractor_phone":"5128483975","contractor_trade":"Electrical Contractor","number_of_floors":"1","permit_type_desc":"Electrical Permit","fiscal_year_issued":"2012","total_new_add_sqft":"4,096","permit_class_mapped":"Commercial","contractor_address_1":"181 CR 135","contractor_address_2":"HUTTO TX  78","contractor_full_name":"David E. Allison","issued_in_last_30_days":"No","certificate_of_occupancy":"No"},"geometry":{"type":"Point","coordinates":[-97.96960636,30.33980194]}},{"type":"Feature","properties":{"date":"2012-01-11T05:00:00.000Z","year":2012,"description":"New commercial bldg. Install electrical service only. EUD.","metadescription":"EP. New. New commercial bldg. Install electrical service only. EUD.. Final. 401 S FM 620 RD UNIT 350B","address":"401 South Farm to Market 620, Austin, TX, 78734, US","link":"https://abc.austintexas.gov/web/permit/public-search-other?t_detail=1&t_selected_folderrsn=10703991","tcad_id":"0139661901","location":"    (30.36094739, -97.95259987)","day_issued":"WEDNESDAY","project_id":"10703991","condominium":"No","status_date":"01/12/2012","jurisdiction":"LAKEWAY FULL PURPOSE","housing_units":"1","contractor_city":"CEDAR PARK","issuance_method":"Permit Center","contractor_phone":"5128335709","contractor_trade":"Electrical Contractor","number_of_floors":"1","permit_type_desc":"Electrical Permit","fiscal_year_issued":"2012","total_new_add_sqft":"1,905","permit_class_mapped":"Commercial","contractor_address_1":"202 WALTON W","contractor_address_2":"CEDAR PARK T","contractor_full_name":"Gilbert Aguirre","issued_in_last_30_days":"No","certificate_of_occupancy":"No"},"geometry":{"type":"Point","coordinates":[-97.95259987,30.36094739]}},{"type":"Feature","properties":{"date":"2012-01-11T05:00:00.000Z","year":2012,"description":"New commercial building. Electrical service only. EUD.","metadescription":"EP. New. New commercial building. Electrical service only. EUD.. Final. 401 S FM 620 RD UNIT 350A","address":"401 South Farm to Market 620, Austin, TX, 78734, US","link":"https://abc.austintexas.gov/web/permit/public-search-other?t_detail=1&t_selected_folderrsn=10703987","tcad_id":"0139661901","location":"    (30.36094739, -97.95259987)","day_issued":"WEDNESDAY","project_id":"10703987","condominium":"No","status_date":"01/12/2012","jurisdiction":"LAKEWAY FULL PURPOSE","housing_units":"1","contractor_city":"CEDAR PARK","issuance_method":"Permit Center","contractor_phone":"5128335709","contractor_trade":"Electrical Contractor","number_of_floors":"1","permit_type_desc":"Electrical Permit","fiscal_year_issued":"2012","total_new_add_sqft":"0","permit_class_mapped":"Commercial","contractor_address_1":"202 WALTON W","contractor_address_2":"CEDAR PARK T","contractor_full_name":"Gilbert Aguirre","issued_in_last_30_days":"No","certificate_of_occupancy":"No"},"geometry":{"type":"Point","coordinates":[-97.95259987,30.36094739]}},{"type":"Feature","properties":{"date":"2011-07-13T04:00:00.000Z","year":2011,"description":"new electric service for new commercial building (Craigos Pizza & Pastaria) eud lakeway","metadescription":"EP. New. new electric service for new commercial building (Craigos Pizza & Pastaria) eud lakeway. Final. 2501 S FM 620 RD UNIT 100","address":"2501 South Farm to Market 620, Austin, TX, 78738, US","link":"https://abc.austintexas.gov/web/permit/public-search-other?t_detail=1&t_selected_folderrsn=10620744","tcad_id":"0131730201","location":"    (30.33867317, -97.96894598)","day_issued":"WEDNESDAY","project_id":"10620744","condominium":"No","status_date":"08/17/2011","jurisdiction":"LAKEWAY FULL PURPOSE","housing_units":"1","contractor_zip":"78652","contractor_city":"Manchaca","issuance_method":"Permit Center","contractor_phone":"5126366336","contractor_trade":"Electrical Contractor","number_of_floors":"1","permit_type_desc":"Electrical Permit","fiscal_year_issued":"2011","total_new_add_sqft":"3,500","permit_class_mapped":"Commercial","contractor_address_1":"PO BOX 2008","contractor_address_2":"MANCHACA TX","contractor_full_name":"Tommy Hendrix","issued_in_last_30_days":"No","certificate_of_occupancy":"No","property_legal_description":"LOT 122 SCHRAMM RANCH SEC 1 PHS 2 THE"},"geometry":{"type":"Point","coordinates":[-97.96894598,30.33867317]}},{"type":"Feature","properties":{"date":"2011-06-14T04:00:00.000Z","year":2011,"description":"New Commercial bldg Shell EUD","metadescription":"EP. New. New Commercial bldg Shell EUD. Final. 100 MEDICAL PKWY UNIT A","address":"100 Medical Parkway, Austin, TX, 78738, US","link":"https://abc.austintexas.gov/web/permit/public-search-other?t_detail=1&t_selected_folderrsn=10605669","tcad_id":"0129730208","location":"    (30.33291078, -97.97144605)","day_issued":"TUESDAY","project_id":"10605669","condominium":"No","status_date":"07/26/2011","jurisdiction":"LAKEWAY FULL PURPOSE","housing_units":"0","contractor_zip":"37203","contractor_city":"Nashville","issuance_method":"Permit Center","contractor_phone":"6153507270","contractor_trade":"Electrical Contractor","number_of_floors":"6","permit_type_desc":"Electrical Permit","fiscal_year_issued":"2011","total_new_add_sqft":"380,000","permit_class_mapped":"Commercial","contractor_address_2":"1300  Fort N","contractor_full_name":"Anthony Tidwell","issued_in_last_30_days":"No","certificate_of_occupancy":"No","property_legal_description":"8.8400AC OF UNT 1 BLD A LAKEWAY REGIONAL MEDICAL CENTER CONDOMINIUM AMENDED PLUS 13.0 % INT IN COM AREA (GAC HOSPITAL/GARAGE A)"},"geometry":{"type":"Point","coordinates":[-97.97144605,30.33291078]}},{"type":"Feature","properties":{"date":"2011-03-15T04:00:00.000Z","year":2011,"description":"TPL for Construction of Commercial Building EUD","metadescription":"EP. Remodel. TPL for Construction of Commercial Building EUD. Final. 3311 S FM 620 RD","address":"3311 South Farm to Market 620, Austin, TX, 78738, US","link":"https://abc.austintexas.gov/web/permit/public-search-other?t_detail=1&t_selected_folderrsn=10559494","tcad_id":"0127700111","location":"    (30.32915451, -97.96506407)","day_issued":"TUESDAY","project_id":"10559494","condominium":"No","status_date":"03/16/2011","jurisdiction":"LAKEWAY FULL PURPOSE","housing_units":"0","contractor_zip":"78605","contractor_city":"Bertram","issuance_method":"Permit Center","contractor_phone":"5125631175","contractor_trade":"Electrical Contractor","number_of_floors":"0","permit_type_desc":"Electrical Permit","fiscal_year_issued":"2011","permit_class_mapped":"Commercial","remodel_repair_sqft":"0","contractor_address_2":"1007  cr 336","contractor_full_name":"Joe Burlew","issued_in_last_30_days":"No","certificate_of_occupancy":"No","property_legal_description":"1.3624AC OF ENCLAVE AT ALTA VISTA THE RESUB OF LOT 1A LOT 1B","electrical_valuation_remodel":"$300.00"},"geometry":{"type":"Point","coordinates":[-97.96506407,30.32915451]}},{"type":"Feature","properties":{"date":"2011-01-13T05:00:00.000Z","year":2011,"description":"Upgrade electrical service to existing commercial bldg only.  EUD (Structure occpuied)","metadescription":"EP. Upgrade. Upgrade electrical service to existing commercial bldg only.  EUD (Structure occpuied). Final. 3322 S FM 620 RD BLDG E","address":"3322 South Farm to Market 620, Austin, TX, 78738, US","link":"https://abc.austintexas.gov/web/permit/public-search-other?t_detail=1&t_selected_folderrsn=10535171","tcad_id":"0126770505","location":"    (30.32796966, -97.96672906)","day_issued":"THURSDAY","project_id":"10535171","condominium":"No","status_date":"02/25/2011","jurisdiction":"LAKEWAY ETJ","housing_units":"1","contractor_zip":"78708","contractor_city":"Austin","issuance_method":"Permit Center","contractor_phone":"5123392232","contractor_trade":"Electrical Contractor","number_of_floors":"2","permit_type_desc":"Electrical Permit","fiscal_year_issued":"2011","permit_class_mapped":"Commercial","remodel_repair_sqft":"0","contractor_address_1":"P O BOX 8100","contractor_address_2":"AUSTIN TX  7","contractor_full_name":"Michael Simon","issued_in_last_30_days":"No","certificate_of_occupancy":"No","property_legal_description":"ABS 2241 SUR 54 BECK A ACR 76.8195","electrical_valuation_remodel":"$1,500.00"},"geometry":{"type":"Point","coordinates":[-97.96672906,30.32796966]}},{"type":"Feature","properties":{"date":"2010-12-21T05:00:00.000Z","year":2010,"description":"Temp Meter Loop. for remodel existing commercial school building  (Lakeway)","metadescription":"EP. Remodel. Temp Meter Loop. for remodel existing commercial school building  (Lakeway). Final. 3322 S FM 620 RD BLDG T","address":"3322 South Farm to Market 620, Austin, TX, 78738, US","link":"https://abc.austintexas.gov/web/permit/public-search-other?t_detail=1&t_selected_folderrsn=10528974","tcad_id":"0126770505","location":"    (30.32796966, -97.96672906)","day_issued":"TUESDAY","project_id":"10528974","condominium":"No","status_date":"12/28/2010","jurisdiction":"LAKEWAY ETJ","housing_units":"0","contractor_zip":"78708","contractor_city":"Austin","issuance_method":"Permit Center","contractor_phone":"5123392232","contractor_trade":"Electrical Contractor","number_of_floors":"0","permit_type_desc":"Electrical Permit","fiscal_year_issued":"2011","permit_class_mapped":"Commercial","remodel_repair_sqft":"0","contractor_address_1":"P O BOX 8100","contractor_address_2":"AUSTIN TX  7","contractor_full_name":"Michael Simon","issued_in_last_30_days":"No","certificate_of_occupancy":"No","property_legal_description":"ABS 2241 SUR 54 BECK A ACR 76.8195","electrical_valuation_remodel":"$800.00"},"geometry":{"type":"Point","coordinates":[-97.96672906,30.32796966]}},{"type":"Feature","properties":{"date":"2010-11-22T05:00:00.000Z","year":2010,"description":"T-pole only for commercial site (lakeway)","metadescription":"EP. Remodel. T-pole only for commercial site (lakeway). Expired. 101 ROBERTO DR","address":"101 Roberto Drive, Austin, TX, 78734, US","link":"https://abc.austintexas.gov/web/permit/public-search-other?t_detail=1&t_selected_folderrsn=10518190","tcad_id":"0141680501","location":"    (30.36747317, -97.95420222)","day_issued":"MONDAY","project_id":"10518190","condominium":"No","status_date":"05/22/2011","jurisdiction":"LAKEWAY FULL PURPOSE","housing_units":"0","contractor_zip":"76550","contractor_city":"LAMPASAS","issuance_method":"Permit Center","contractor_phone":"5125568702","contractor_trade":"Electrical Contractor","number_of_floors":"0","permit_type_desc":"Electrical Permit","fiscal_year_issued":"2011","permit_class_mapped":"Commercial","remodel_repair_sqft":"0","contractor_address_1":"3378 FM 1478","contractor_address_2":"LAMPASAS TX","contractor_full_name":"Russell Jones","issued_in_last_30_days":"No","certificate_of_occupancy":"No","electrical_valuation_remodel":"$50.00"},"geometry":{"type":"Point","coordinates":[-97.95420222,30.36747317]}},{"type":"Feature","properties":{"date":"2010-11-15T05:00:00.000Z","year":2010,"description":"new electric service for new commercial space #506 (Lakeway) (Specs) EUD","metadescription":"EP. New. new electric service for new commercial space #506 (Lakeway) (Specs) EUD. Final. 2121 LOHMANS CROSSING RD UNIT 508","address":"2121 Lohmans Crossing Road, Austin, TX, 78734, US","link":"https://abc.austintexas.gov/web/permit/public-search-other?t_detail=1&t_selected_folderrsn=10515022","tcad_id":"0131730603","location":"    (30.34239326, -97.97068436)","day_issued":"MONDAY","project_id":"10515022","condominium":"No","status_date":"11/17/2010","jurisdiction":"LAKEWAY FULL PURPOSE","housing_units":"1","contractor_zip":"78610","contractor_city":"buda","issuance_method":"Permit Center","contractor_phone":"5122950544","contractor_trade":"Electrical Contractor","number_of_floors":"1","permit_type_desc":"Electrical Permit","fiscal_year_issued":"2011","total_new_add_sqft":"1,340","permit_class_mapped":"Commercial","contractor_address_1":"12 DUPREE DR","contractor_address_2":"BUDA TX  786","contractor_full_name":"Darrell F Corbitt","issued_in_last_30_days":"No","certificate_of_occupancy":"No","property_legal_description":"LOT 2-D LAKEWAY TOWNE CENTRE RSB LOT 2-A BLK B OF RSB LOTS 1&2 BLK B"},"geometry":{"type":"Point","coordinates":[-97.97068436,30.34239326]}},{"type":"Feature","properties":{"date":"2010-07-29T04:00:00.000Z","year":2010,"description":"Install electrical service to Commercial Lease space only.  EUD.","metadescription":"EP. Remodel. Install electrical service to Commercial Lease space only.  EUD.. Final. 1010 S FM 620 RD UNIT 107","address":"1010 South Farm to Market 620, Austin, TX, 78734, US","link":"https://abc.austintexas.gov/web/permit/public-search-other?t_detail=1&t_selected_folderrsn=10471600","tcad_id":"0137700710","location":"    (30.35318352, -97.96254921)","day_issued":"THURSDAY","project_id":"10471600","condominium":"No","status_date":"08/03/2010","jurisdiction":"LAKEWAY FULL PURPOSE","housing_units":"1","contractor_zip":"78734","contractor_city":"Lakeway","issuance_method":"Permit Center","contractor_phone":"5127480248","contractor_trade":"Electrical Contractor","number_of_floors":"2","permit_type_desc":"Electrical Permit","fiscal_year_issued":"2010","permit_class_mapped":"Commercial","remodel_repair_sqft":"0","contractor_address_2":"2121  Lohman","contractor_full_name":"Daniel Hernandez","issued_in_last_30_days":"No","certificate_of_occupancy":"No","property_legal_description":"LOT 2 ENTRANCE AT LAKEWAY SUBD THE","electrical_valuation_remodel":"$8,000.00"},"geometry":{"type":"Point","coordinates":[-97.96254921,30.35318352]}},{"type":"Feature","properties":{"date":"2010-05-12T04:00:00.000Z","year":2010,"description":"TPL for commercial property","metadescription":"EP. Remodel. TPL for commercial property. Final. 308 S MEADOWLARK ST","address":"308 South Meadowlark Street, Austin, TX, 78734, US","link":"https://abc.austintexas.gov/web/permit/public-search-other?t_detail=1&t_selected_folderrsn=10439009","tcad_id":"0139660823","location":"    (30.36181828, -97.95151276)","day_issued":"WEDNESDAY","project_id":"10439009","condominium":"No","status_date":"05/19/2010","jurisdiction":"LAKEWAY FULL PURPOSE","housing_units":"0","contractor_zip":"78732","contractor_city":"Austin","issuance_method":"Permit Center","contractor_phone":"5122669460","contractor_trade":"Electrical Contractor","number_of_floors":"0","permit_type_desc":"Electrical Permit","fiscal_year_issued":"2010","permit_class_mapped":"Commercial","remodel_repair_sqft":"0","contractor_address_1":"1121 TERJO L","contractor_address_2":"AUSTIN TX  7","contractor_full_name":"Kenneth Franklin","issued_in_last_30_days":"No","certificate_of_occupancy":"No","property_legal_description":"LOT 36-A CARDINAL HILLS UNIT 2 AMENDED PLAT OF LOTS 36 & 37","electrical_valuation_remodel":"$500.00"},"geometry":{"type":"Point","coordinates":[-97.95151276,30.36181828]}},{"type":"Feature","properties":{"date":"2010-02-08T05:00:00.000Z","year":2010,"description":"electric service for existing commercial lease space EUD (Lakeway)","metadescription":"EP. Remodel. electric service for existing commercial lease space EUD (Lakeway). Final. 900 S FM 620 RD UNIT B111","address":"900 South Farm to Market 620, Austin, TX, 78734, US","link":"https://abc.austintexas.gov/web/permit/public-search-other?t_detail=1&t_selected_folderrsn=10398220","tcad_id":"0137700811","location":"    (30.3555193, -97.96155311)","day_issued":"MONDAY","project_id":"10398220","condominium":"No","status_date":"03/01/2010","jurisdiction":"LAKEWAY FULL PURPOSE","housing_units":"1","contractor_zip":"78734","contractor_city":"Lakeway","issuance_method":"Permit Center","contractor_phone":"5122639648","contractor_trade":"Electrical Contractor","number_of_floors":"1","permit_type_desc":"Electrical Permit","fiscal_year_issued":"2010","permit_class_mapped":"Commercial","remodel_repair_sqft":"840","contractor_address_1":"107 RANCH RD","contractor_full_name":"Mack Miller","issued_in_last_30_days":"No","certificate_of_occupancy":"No","property_legal_description":"LOT 1 BLK A LAKEWAY SEC 36","electrical_valuation_remodel":"$2,200.00"},"geometry":{"type":"Point","coordinates":[-97.96155311,30.3555193]}},{"type":"Feature","properties":{"date":"2009-12-10T05:00:00.000Z","year":2009,"description":"Install electrical to Commercial bldg only. EUD.","metadescription":"EP. Remodel. Install electrical to Commercial bldg only. EUD.. Final. 2127 LOHMANS CROSSING RD UNIT 318","address":"2127 Lohmans Crossing Road, Austin, TX, 78734, US","link":"https://abc.austintexas.gov/web/permit/public-search-other?t_detail=1&t_selected_folderrsn=10376421","tcad_id":"0131730603","location":"    (30.34276188, -97.96979384)","day_issued":"THURSDAY","project_id":"10376421","condominium":"No","status_date":"12/16/2009","jurisdiction":"LAKEWAY FULL PURPOSE","housing_units":"1","contractor_zip":"78734","contractor_city":"Austin","issuance_method":"Permit Center","contractor_phone":"5122171807","contractor_trade":"Electrical Contractor","number_of_floors":"1","permit_type_desc":"Electrical Permit","fiscal_year_issued":"2010","permit_class_mapped":"Commercial","remodel_repair_sqft":"0","contractor_address_1":"P.O. Box 340","contractor_full_name":"Dale Wleczyk","issued_in_last_30_days":"No","certificate_of_occupancy":"No","property_legal_description":"LOT 2-D LAKEWAY TOWNE CENTRE RSB LOT 2-A BLK B OF RSB LOTS 1&2 BLK B","electrical_valuation_remodel":"$5,000.00"},"geometry":{"type":"Point","coordinates":[-97.96979384,30.34276188]}},{"type":"Feature","properties":{"date":"2009-09-24T04:00:00.000Z","year":2009,"description":"Install electrical service to existing commercial bldg only.  ( PJ Shop)","metadescription":"EP. Remodel. Install electrical service to existing commercial bldg only.  ( PJ Shop). Final. 2127 LOHMANS CROSSING RD UNIT 312","address":"2127 Lohmans Crossing Road, Austin, TX, 78734, US","link":"https://abc.austintexas.gov/web/permit/public-search-other?t_detail=1&t_selected_folderrsn=10345875","tcad_id":"0131730603","location":"    (30.34276188, -97.96979384)","day_issued":"THURSDAY","project_id":"10345875","condominium":"No","status_date":"10/05/2009","jurisdiction":"LAKEWAY FULL PURPOSE","housing_units":"1","contractor_zip":"78748","contractor_city":"AUSTIN","issuance_method":"Permit Center","contractor_phone":"5122821202","contractor_trade":"Electrical Contractor","number_of_floors":"1","permit_type_desc":"Electrical Permit","fiscal_year_issued":"2009","permit_class_mapped":"Commercial","remodel_repair_sqft":"0","contractor_address_1":"9609-B SWANS","contractor_address_2":"AUSTIN TX  7","contractor_full_name":"Robert Morris","issued_in_last_30_days":"No","certificate_of_occupancy":"No","property_legal_description":"LOT 2-D LAKEWAY TOWNE CENTRE RSB LOT 2-A BLK B OF RSB LOTS 1&2 BLK B","electrical_valuation_remodel":"$1,500.00"},"geometry":{"type":"Point","coordinates":[-97.96979384,30.34276188]}},{"type":"Feature","properties":{"date":"2009-06-08T04:00:00.000Z","year":2009,"description":"Temp meter loop for commercial job trailer","metadescription":"EP. Remodel. Temp meter loop for commercial job trailer. Final. 1930 LOHMANS CROSSING RD","address":"1930 Lohmans Crossing Road, Austin, TX, 78734, US","link":"https://abc.austintexas.gov/web/permit/public-search-other?t_detail=1&t_selected_folderrsn=10291281","tcad_id":"0133731001","location":"    (30.3445958, -97.97604313)","day_issued":"MONDAY","project_id":"10291281","condominium":"No","status_date":"06/10/2009","jurisdiction":"LAKEWAY FULL PURPOSE","housing_units":"0","contractor_zip":"78630","contractor_city":"Cedar Park","issuance_method":"Permit Center","contractor_phone":"5129818215","contractor_trade":"Electrical Contractor","number_of_floors":"0","permit_type_desc":"Electrical Permit","fiscal_year_issued":"2009","permit_class_mapped":"Commercial","remodel_repair_sqft":"0","contractor_address_1":"P.O.Box 642","contractor_full_name":"Marty R. Reed","issued_in_last_30_days":"No","certificate_of_occupancy":"No","electrical_valuation_remodel":"$300.00"},"geometry":{"type":"Point","coordinates":[-97.97604313,30.3445958]}},{"type":"Feature","properties":{"date":"2009-02-09T05:00:00.000Z","year":2009,"description":"new electric service for new commercial space #500 (Lakeway) (La Asian Bistro) EUD","metadescription":"EP. New. new electric service for new commercial space #500 (Lakeway) (La Asian Bistro) EUD. Final. 2121 LOHMANS CROSSING RD UNIT 500","address":"2121 Lohmans Crossing Road, Austin, TX, 78734, US","link":"https://abc.austintexas.gov/web/permit/public-search-other?t_detail=1&t_selected_folderrsn=10234382","tcad_id":"0131730603","location":"    (30.34239326, -97.97068436)","day_issued":"MONDAY","project_id":"10234382","condominium":"No","status_date":"04/06/2009","jurisdiction":"LAKEWAY FULL PURPOSE","housing_units":"1","contractor_zip":"78634","contractor_city":"Hutto","issuance_method":"Permit Center","contractor_phone":"5125698550","contractor_trade":"Electrical Contractor","number_of_floors":"1","permit_type_desc":"Electrical Permit","fiscal_year_issued":"2009","total_new_add_sqft":"2,100","permit_class_mapped":"Commercial","contractor_address_1":"102 AXIS DEE","contractor_address_2":"HUTTO TX  78","contractor_full_name":"Ricky Morgan","issued_in_last_30_days":"No","certificate_of_occupancy":"No","property_legal_description":"LOT 2-D LAKEWAY TOWNE CENTRE RSB LOT 2-A BLK B OF RSB LOTS 1&2 BLK B"},"geometry":{"type":"Point","coordinates":[-97.97068436,30.34239326]}},{"type":"Feature","properties":{"date":"2008-11-12T05:00:00.000Z","year":2008,"description":"New 1 Stry Commercial bldg. Electrical service only. EUD","metadescription":"EP. New. New 1 Stry Commercial bldg. Electrical service only. EUD. Final. 411 S FM 620 RD","address":"411 South Farm to Market 620, Austin, TX, 78734, US","link":"https://abc.austintexas.gov/web/permit/public-search-other?t_detail=1&t_selected_folderrsn=10211593","tcad_id":"0139680123","location":"    (30.36026885, -97.95308599)","day_issued":"WEDNESDAY","project_id":"10211593","condominium":"No","status_date":"06/25/2009","jurisdiction":"LAKEWAY FULL PURPOSE","housing_units":"1","contractor_zip":"78669","contractor_city":"Spicewood","issuance_method":"Permit Center","contractor_phone":"5122824644","contractor_trade":"Electrical Contractor","number_of_floors":"1","permit_type_desc":"Electrical Permit","fiscal_year_issued":"2009","total_new_add_sqft":"10,277","permit_class_mapped":"Commercial","contractor_address_1":"106 WESLEY R","contractor_address_2":"SPICEWOOD TX","contractor_full_name":"James D. Noble III","issued_in_last_30_days":"No","certificate_of_occupancy":"No","property_legal_description":"2.3647 AC OF LOT 5-A CARDINAL HILLS UNIT 3 AMENDED PLAT OF LOTS 5-8 & 22-25"},"geometry":{"type":"Point","coordinates":[-97.95308599,30.36026885]}},{"type":"Feature","properties":{"date":"2008-09-02T04:00:00.000Z","year":2008,"description":"Upgrade Electrical Service to Existing Commercial Bldg. Only EUD.","metadescription":"EP. Upgrade. Upgrade Electrical Service to Existing Commercial Bldg. Only EUD.. Final. 1003 S FM 620 RD","address":"1003 South Farm to Market 620, Austin, TX, 78734, US","link":"https://abc.austintexas.gov/web/permit/public-search-other?t_detail=1&t_selected_folderrsn=10188493","tcad_id":"0135700402","location":"    (30.35316792, -97.96140797)","day_issued":"TUESDAY","project_id":"10188493","condominium":"No","status_date":"12/05/2008","jurisdiction":"LAKEWAY FULL PURPOSE","housing_units":"1","contractor_zip":"78669","contractor_city":"Spicewood","issuance_method":"Permit Center","contractor_phone":"5122824644","contractor_trade":"Electrical Contractor","number_of_floors":"1","permit_type_desc":"Electrical Permit","fiscal_year_issued":"2008","permit_class_mapped":"Commercial","remodel_repair_sqft":"0","contractor_address_1":"106 WESLEY R","contractor_address_2":"SPICEWOOD TX","contractor_full_name":"James D. Noble III","issued_in_last_30_days":"No","certificate_of_occupancy":"No","property_legal_description":"LOT 7 CARDINAL HILLS UNIT 4","electrical_valuation_remodel":"$2,000.00"},"geometry":{"type":"Point","coordinates":[-97.96140797,30.35316792]}},{"type":"Feature","properties":{"date":"2008-08-29T04:00:00.000Z","year":2008,"description":"upgrade existing Elec Srv Only to existing commercial building Eud","metadescription":"EP. Upgrade. upgrade existing Elec Srv Only to existing commercial building Eud. Expired. 2303 S FM 620 RD UNIT 190","address":"2303 South Farm to Market 620, Austin, TX, 78734, US","link":"https://abc.austintexas.gov/web/permit/public-search-other?t_detail=1&t_selected_folderrsn=10187721","tcad_id":"0126770411","location":"    (30.34064198, -97.96698892)","day_issued":"FRIDAY","project_id":"10187721","condominium":"No","status_date":"03/03/2009","jurisdiction":"LAKEWAY FULL PURPOSE","housing_units":"1","contractor_zip":"78641-____","contractor_city":"Leander","issuance_method":"Permit Center","contractor_phone":"5128453435","contractor_trade":"Electrical Contractor","number_of_floors":"1","permit_type_desc":"Electrical Permit","fiscal_year_issued":"2008","permit_class_mapped":"Commercial","remodel_repair_sqft":"1,500","contractor_address_2":"11212  Beach","contractor_full_name":"Jason Dupre","issued_in_last_30_days":"No","certificate_of_occupancy":"No","property_legal_description":"LOT 1B BLK A SCHRAMM RANCH SEC 1 PHS 1 THE","electrical_valuation_remodel":"$2,500.00"},"geometry":{"type":"Point","coordinates":[-97.96698892,30.34064198]}},{"type":"Feature","properties":{"date":"2008-06-20T04:00:00.000Z","year":2008,"description":"Install Electrical Service to Commercial Lease Space. EUD.","metadescription":"EP. Remodel. Install Electrical Service to Commercial Lease Space. EUD.. Final. 2303 S FM 620 RD","address":"2303 South Farm to Market 620, Austin, TX, 78734, US","link":"https://abc.austintexas.gov/web/permit/public-search-other?t_detail=1&t_selected_folderrsn=10162807","tcad_id":"0126770411","location":"    (30.34064198, -97.96698892)","day_issued":"FRIDAY","project_id":"10162807","condominium":"No","status_date":"10/09/2008","jurisdiction":"LAKEWAY FULL PURPOSE","housing_units":"1","contractor_zip":"78753","contractor_city":"Austin","issuance_method":"Permit Center","contractor_phone":"5129054398","contractor_trade":"Electrical Contractor","number_of_floors":"1","permit_type_desc":"Electrical Permit","fiscal_year_issued":"2008","permit_class_mapped":"Commercial","remodel_repair_sqft":"0","contractor_address_1":"12011 DOVE H","contractor_address_2":"AUSTIN TX  7","contractor_full_name":"Tracy Williams","issued_in_last_30_days":"No","certificate_of_occupancy":"No","property_legal_description":"LOT 1B BLK A SCHRAMM RANCH SEC 1 PHS 1 THE","electrical_valuation_remodel":"$2,500.00"},"geometry":{"type":"Point","coordinates":[-97.96698892,30.34064198]}},{"type":"Feature","properties":{"date":"2008-06-02T04:00:00.000Z","year":2008,"description":"new electric service for new commercial Bank (Lakeway) eud","metadescription":"EP. New. new electric service for new commercial Bank (Lakeway) eud. Final. 919 S FM 620 RD","address":"919 South Farm to Market 620, Austin, TX, 78734, US","link":"https://abc.austintexas.gov/web/permit/public-search-other?t_detail=1&t_selected_folderrsn=10155297","tcad_id":"0137700903","location":"    (30.3538455, -97.96101711)","day_issued":"MONDAY","project_id":"10155297","condominium":"No","status_date":"10/09/2008","jurisdiction":"LAKEWAY FULL PURPOSE","housing_units":"1","contractor_zip":"78733","contractor_city":"Austin","issuance_method":"Permit Center","contractor_phone":"5122634359","contractor_trade":"Electrical Contractor","number_of_floors":"1","permit_type_desc":"Electrical Permit","fiscal_year_issued":"2008","total_new_add_sqft":"4,380","permit_class_mapped":"Commercial","contractor_address_1":"2419 CUERNAV","contractor_address_2":"AUSTIN TX  7","contractor_full_name":"Jeffrey Anderson","issued_in_last_30_days":"No","certificate_of_occupancy":"No","property_legal_description":"LOT 10A BLK A CARDINAL HILLS UNIT 4 AMENDED PLAT OF LOTS 8-11"},"geometry":{"type":"Point","coordinates":[-97.96101711,30.3538455]}},{"type":"Feature","properties":{"date":"2008-05-08T04:00:00.000Z","year":2008,"description":"Tenant Finish Out Elect Serv to Commercial Lease Space  (EUD)  STE 250","metadescription":"EP. Remodel. Tenant Finish Out Elect Serv to Commercial Lease Space  (EUD)  STE 250. Expired. 3315 S FM 620 RD UNIT 200","address":"3315 South Farm to Market 620, Austin, TX, 78738, US","link":"https://abc.austintexas.gov/web/permit/public-search-other?t_detail=1&t_selected_folderrsn=10146884","tcad_id":"0127700110","location":"    (30.32859745, -97.9642376)","day_issued":"THURSDAY","project_id":"10146884","condominium":"No","status_date":"03/26/2014","jurisdiction":"LAKEWAY FULL PURPOSE","housing_units":"0","contractor_zip":"78753","contractor_city":"Austin","issuance_method":"Permit Center","contractor_phone":"5123710001","contractor_trade":"Electrical Contractor","number_of_floors":"0","permit_type_desc":"Electrical Permit","fiscal_year_issued":"2008","permit_class_mapped":"Commercial","remodel_repair_sqft":"0","contractor_address_2":"11812  Lamar","contractor_full_name":"Charles Morris","issued_in_last_30_days":"No","certificate_of_occupancy":"No","property_legal_description":"1.5383AC OF LOT 1C ENCLAVE AT ALTA VISTA THE RESUB OF LOT 1A","electrical_valuation_remodel":"$1,000.00"},"geometry":{"type":"Point","coordinates":[-97.9642376,30.32859745]}},{"type":"Feature","properties":{"date":"2008-04-14T04:00:00.000Z","year":2008,"description":"Tenant Finish Out Elect Serv to Commercial Lease Space  (EUD)  STE 250","metadescription":"EP. Remodel. Tenant Finish Out Elect Serv to Commercial Lease Space  (EUD)  STE 250. Final. 3315 S FM 620 RD UNIT 250","address":"3315 South Farm to Market 620, Austin, TX, 78738, US","link":"https://abc.austintexas.gov/web/permit/public-search-other?t_detail=1&t_selected_folderrsn=10135713","tcad_id":"0127700110","location":"    (30.32859745, -97.9642376)","day_issued":"MONDAY","project_id":"10135713","condominium":"No","status_date":"10/09/2008","jurisdiction":"LAKEWAY FULL PURPOSE","housing_units":"0","contractor_zip":"78641","contractor_city":"LEANDER","issuance_method":"Permit Center","contractor_phone":"5128338300","contractor_trade":"Electrical Contractor","number_of_floors":"0","permit_type_desc":"Electrical Permit","fiscal_year_issued":"2008","permit_class_mapped":"Commercial","remodel_repair_sqft":"0","contractor_address_2":"1107  Sedona","contractor_full_name":"Bob Koester","issued_in_last_30_days":"No","certificate_of_occupancy":"No","property_legal_description":"1.5383AC OF LOT 1C ENCLAVE AT ALTA VISTA THE RESUB OF LOT 1A","electrical_valuation_remodel":"$1,500.00"},"geometry":{"type":"Point","coordinates":[-97.9642376,30.32859745]}},{"type":"Feature","properties":{"date":"2008-03-21T04:00:00.000Z","year":2008,"description":"Change service from overhead to underground at existing commercial building","metadescription":"EP. Remodel. Change service from overhead to underground at existing commercial building. Final. 2105 S FM 620 RD BLDG 2","address":"2105 South Farm to Market 620, Austin, TX, 78734, US","link":"https://abc.austintexas.gov/web/permit/public-search-other?t_detail=1&t_selected_folderrsn=10127444","tcad_id":"0126770402","location":"    (30.34124744, -97.96447867)","day_issued":"FRIDAY","project_id":"10127444","condominium":"No","status_date":"10/09/2008","jurisdiction":"LAKEWAY FULL PURPOSE","housing_units":"0","contractor_zip":"78753","contractor_city":"Austin","issuance_method":"Permit Center","contractor_phone":"5123399340","contractor_trade":"Electrical Contractor","number_of_floors":"0","permit_type_desc":"Electrical Permit","fiscal_year_issued":"2008","permit_class_mapped":"Commercial","remodel_repair_sqft":"0","contractor_address_2":"11302  Polly","contractor_full_name":"John Lambert","issued_in_last_30_days":"No","certificate_of_occupancy":"No","property_legal_description":"ABS 2526 SUR 196 WOOLDRIDGE J ACR 10.6500","electrical_valuation_remodel":"$1,200.00"},"geometry":{"type":"Point","coordinates":[-97.96447867,30.34124744]}},{"type":"Feature","properties":{"date":"2008-03-04T05:00:00.000Z","year":2008,"description":"new 1stry commercial retail store building electric service eud","metadescription":"EP. New. new 1stry commercial retail store building electric service eud. Final. 2129 LOHMANS CROSSING RD BLDG 3B","address":"2129 Lohmans Crossing Road, Austin, TX, 78734, US","link":"https://abc.austintexas.gov/web/permit/public-search-other?t_detail=1&t_selected_folderrsn=10121243","tcad_id":"0131730603","location":"    (30.34256426, -97.96936745)","day_issued":"TUESDAY","project_id":"10121243","condominium":"No","status_date":"09/24/2009","jurisdiction":"LAKEWAY FULL PURPOSE","housing_units":"1","contractor_zip":"78634-849","contractor_city":"Hutto","issuance_method":"Permit Center","contractor_phone":"5127593700","contractor_trade":"Electrical Contractor","number_of_floors":"1","permit_type_desc":"Electrical Permit","fiscal_year_issued":"2008","total_new_add_sqft":"10,600","permit_class_mapped":"Commercial","contractor_address_1":"P.O. BOX 849","contractor_address_2":"HUTTO TX  78","contractor_full_name":"Malcom Wortham","issued_in_last_30_days":"No","certificate_of_occupancy":"No","property_legal_description":"LOT 2-D LAKEWAY TOWNE CENTRE RSB LOT 2-A BLK B OF RSB LOTS 1&2 BLK B"},"geometry":{"type":"Point","coordinates":[-97.96936745,30.34256426]}},{"type":"Feature","properties":{"date":"2008-03-04T05:00:00.000Z","year":2008,"description":"new 1stry commercial retail store building electric service eud","metadescription":"EP. New. new 1stry commercial retail store building electric service eud. Final. 2133 LOHMANS CROSSING RD BLDG 6","address":"2133 Lohmans Crossing Road, Austin, TX, 78734, US","link":"https://abc.austintexas.gov/web/permit/public-search-other?t_detail=1&t_selected_folderrsn=10121274","tcad_id":"0131730603","location":"    (30.34198024, -97.96976226)","day_issued":"TUESDAY","project_id":"10121274","condominium":"No","status_date":"10/09/2008","jurisdiction":"LAKEWAY FULL PURPOSE","housing_units":"1","contractor_zip":"78634-849","contractor_city":"Hutto","issuance_method":"Permit Center","contractor_phone":"5127593700","contractor_trade":"Electrical Contractor","number_of_floors":"1","permit_type_desc":"Electrical Permit","fiscal_year_issued":"2008","total_new_add_sqft":"4,400","permit_class_mapped":"Commercial","contractor_address_1":"P.O. BOX 849","contractor_address_2":"HUTTO TX  78","contractor_full_name":"Malcom Wortham","issued_in_last_30_days":"No","certificate_of_occupancy":"No","property_legal_description":"LOT 2-D LAKEWAY TOWNE CENTRE RSB LOT 2-A BLK B OF RSB LOTS 1&2 BLK B"},"geometry":{"type":"Point","coordinates":[-97.96976226,30.34198024]}},{"type":"Feature","properties":{"date":"2008-03-04T05:00:00.000Z","year":2008,"description":"new 1stry commercial retail store building electric service eud","metadescription":"EP. New. new 1stry commercial retail store building electric service eud. Final. 2127 LOHMANS CROSSING RD BLDG 3","address":"2127 Lohmans Crossing Road, Austin, TX, 78734, US","link":"https://abc.austintexas.gov/web/permit/public-search-other?t_detail=1&t_selected_folderrsn=10121233","tcad_id":"0131730603","location":"    (30.34276188, -97.96979384)","day_issued":"TUESDAY","project_id":"10121233","condominium":"No","status_date":"10/09/2008","jurisdiction":"LAKEWAY FULL PURPOSE","housing_units":"1","contractor_zip":"78634-849","contractor_city":"Hutto","issuance_method":"Permit Center","contractor_phone":"5127593700","contractor_trade":"Electrical Contractor","number_of_floors":"1","permit_type_desc":"Electrical Permit","master_permit_num":"10121950","fiscal_year_issued":"2008","total_new_add_sqft":"6,215","permit_class_mapped":"Commercial","contractor_address_1":"P.O. BOX 849","contractor_address_2":"HUTTO TX  78","contractor_full_name":"Malcom Wortham","issued_in_last_30_days":"No","certificate_of_occupancy":"No","property_legal_description":"LOT 2-D LAKEWAY TOWNE CENTRE RSB LOT 2-A BLK B OF RSB LOTS 1&2 BLK B"},"geometry":{"type":"Point","coordinates":[-97.96979384,30.34276188]}},{"type":"Feature","properties":{"date":"2008-03-04T05:00:00.000Z","year":2008,"description":"new 1stry commercial retail store building electric service eud","metadescription":"EP. New. new 1stry commercial retail store building electric service eud. Final. 2121 LOHMANS CROSSING RD BLDG 5","address":"2121 Lohmans Crossing Road, Austin, TX, 78734, US","link":"https://abc.austintexas.gov/web/permit/public-search-other?t_detail=1&t_selected_folderrsn=10121268","tcad_id":"0131730603","location":"    (30.34239326, -97.97068436)","day_issued":"TUESDAY","project_id":"10121268","condominium":"No","status_date":"10/09/2008","jurisdiction":"LAKEWAY FULL PURPOSE","housing_units":"1","contractor_zip":"78634-849","contractor_city":"Hutto","issuance_method":"Permit Center","contractor_phone":"5127593700","contractor_trade":"Electrical Contractor","number_of_floors":"1","permit_type_desc":"Electrical Permit","fiscal_year_issued":"2008","total_new_add_sqft":"7,800","permit_class_mapped":"Commercial","contractor_address_1":"P.O. BOX 849","contractor_address_2":"HUTTO TX  78","contractor_full_name":"Malcom Wortham","issued_in_last_30_days":"No","certificate_of_occupancy":"No","property_legal_description":"LOT 2-D LAKEWAY TOWNE CENTRE RSB LOT 2-A BLK B OF RSB LOTS 1&2 BLK B"},"geometry":{"type":"Point","coordinates":[-97.97068436,30.34239326]}},{"type":"Feature","properties":{"date":"2008-03-04T05:00:00.000Z","year":2008,"description":"new 1stry commercial retail store building electric service eud","metadescription":"EP. New. new 1stry commercial retail store building electric service eud. Final. 2125 LOHMANS CROSSING RD BLDG 4","address":"2125 Lohmans Crossing Road, Austin, TX, 78734, US","link":"https://abc.austintexas.gov/web/permit/public-search-other?t_detail=1&t_selected_folderrsn=10121250","tcad_id":"0131730603","location":"    (30.34280772, -97.97034128)","day_issued":"TUESDAY","project_id":"10121250","condominium":"No","status_date":"10/09/2008","jurisdiction":"LAKEWAY FULL PURPOSE","housing_units":"1","contractor_zip":"78634-849","contractor_city":"Hutto","issuance_method":"Permit Center","contractor_phone":"5127593700","contractor_trade":"Electrical Contractor","number_of_floors":"1","permit_type_desc":"Electrical Permit","fiscal_year_issued":"2008","total_new_add_sqft":"3,500","permit_class_mapped":"Commercial","contractor_address_1":"P.O. BOX 849","contractor_address_2":"HUTTO TX  78","contractor_full_name":"Malcom Wortham","issued_in_last_30_days":"No","certificate_of_occupancy":"No","property_legal_description":"LOT 2-D LAKEWAY TOWNE CENTRE RSB LOT 2-A BLK B OF RSB LOTS 1&2 BLK B"},"geometry":{"type":"Point","coordinates":[-97.97034128,30.34280772]}},{"type":"Feature","properties":{"date":"2008-01-24T05:00:00.000Z","year":2008,"description":"New 2 Stry Commercial Office Bldg Eud","metadescription":"EP. New. New 2 Stry Commercial Office Bldg Eud. Final. 1921 LOHMANS CROSSING RD","address":"1921 Lohmans Crossing Road, Austin, TX, 78734, US","link":"https://abc.austintexas.gov/web/permit/public-search-other?t_detail=1&t_selected_folderrsn=10109149","tcad_id":"0133761004","location":"    (30.34676682, -97.9764023)","day_issued":"THURSDAY","project_id":"10109149","condominium":"No","status_date":"10/09/2008","jurisdiction":"LAKEWAY FULL PURPOSE","housing_units":"1","contractor_zip":"78753","contractor_city":"Austin","issuance_method":"Permit Center","contractor_phone":"5123399340","contractor_trade":"Electrical Contractor","number_of_floors":"2","permit_type_desc":"Electrical Permit","fiscal_year_issued":"2008","total_new_add_sqft":"33,800","permit_class_mapped":"Commercial","contractor_address_2":"11302  Polly","contractor_full_name":"John Lambert","issued_in_last_30_days":"No","certificate_of_occupancy":"No","property_legal_description":"LOT 2B TOWERS OF LAKEWAY THE RESUB OF LOT 2"},"geometry":{"type":"Point","coordinates":[-97.9764023,30.34676682]}},{"type":"Feature","properties":{"date":"2007-10-19T04:00:00.000Z","year":2007,"description":"Install electrical service for new commercial lease space","metadescription":"EP. New. Install electrical service for new commercial lease space. Final. 3313 S FM 620 RD","address":"3313 South Farm to Market 620, Austin, TX, 78738, US","link":"https://abc.austintexas.gov/web/permit/public-search-other?t_detail=1&t_selected_folderrsn=10082957","tcad_id":"0127700110","location":"    (30.32867338, -97.96462569)","day_issued":"FRIDAY","project_id":"10082957","condominium":"No","status_date":"10/09/2008","jurisdiction":"LAKEWAY FULL PURPOSE","housing_units":"1","contractor_zip":"78669","contractor_city":"Spicewood","issuance_method":"Permit Center","contractor_phone":"5122641622","contractor_trade":"Electrical Contractor","number_of_floors":"1","permit_type_desc":"Electrical Permit","fiscal_year_issued":"2008","total_new_add_sqft":"1,187","permit_class_mapped":"Commercial","contractor_address_1":"5019-2 BOB W","contractor_full_name":"Edward Nafziger","issued_in_last_30_days":"No","certificate_of_occupancy":"No","property_legal_description":"1.5383AC OF LOT 1C ENCLAVE AT ALTA VISTA THE RESUB OF LOT 1A"},"geometry":{"type":"Point","coordinates":[-97.96462569,30.32867338]}},{"type":"Feature","properties":{"date":"2007-09-21T04:00:00.000Z","year":2007,"description":"NEW ELECTRIC SERVICE FOR NEW COMMERCIAL BANK (LAKEWAY) EUD","metadescription":"EP. New. NEW ELECTRIC SERVICE FOR NEW COMMERCIAL BANK (LAKEWAY) EUD. Expired. 3317 S FM 620 RD","address":"3317 South Farm to Market 620, Austin, TX, 78738, US","link":"https://abc.austintexas.gov/web/permit/public-search-other?t_detail=1&t_selected_folderrsn=10074007","tcad_id":"0127700109","location":"    (30.32815569, -97.96429283)","day_issued":"FRIDAY","project_id":"10074007","condominium":"No","status_date":"10/09/2008","jurisdiction":"LAKEWAY FULL PURPOSE","housing_units":"1","contractor_zip":"78724","contractor_city":"Austin","issuance_method":"Permit Center","contractor_phone":"5129770011","contractor_trade":"Electrical Contractor","number_of_floors":"1","permit_type_desc":"Electrical Permit","fiscal_year_issued":"2007","total_new_add_sqft":"5,000","permit_class_mapped":"Commercial","contractor_address_2":"5103  COMMER","contractor_full_name":"Jerry L Roudebush","issued_in_last_30_days":"No","certificate_of_occupancy":"No","property_legal_description":"0.8408AC OF LOT 1D ENCLAVE AT ALTA VISTA THE RESUB OF LOT 1A LOT 1D"},"geometry":{"type":"Point","coordinates":[-97.96429283,30.32815569]}},{"type":"Feature","properties":{"date":"2007-08-08T04:00:00.000Z","year":2007,"description":"Tenant Finish Out Elect Serv to Commercial Lease Space  (EUD)  STE 100","metadescription":"EP. Remodel. Tenant Finish Out Elect Serv to Commercial Lease Space  (EUD)  STE 100. Final. 3315 S FM 620 RD","address":"3315 South Farm to Market 620, Austin, TX, 78738, US","link":"https://abc.austintexas.gov/web/permit/public-search-other?t_detail=1&t_selected_folderrsn=10060413","tcad_id":"0127700110","location":"    (30.32859745, -97.9642376)","day_issued":"WEDNESDAY","project_id":"10060413","condominium":"No","status_date":"10/09/2008","jurisdiction":"LAKEWAY FULL PURPOSE","housing_units":"0","contractor_zip":"78734","contractor_city":"Austin","issuance_method":"Permit Center","contractor_phone":"5122171807","contractor_trade":"Electrical Contractor","number_of_floors":"0","permit_type_desc":"Electrical Permit","fiscal_year_issued":"2007","permit_class_mapped":"Commercial","remodel_repair_sqft":"0","contractor_address_1":"P.O. Box 340","contractor_full_name":"Dale Wleczyk","issued_in_last_30_days":"No","certificate_of_occupancy":"No","property_legal_description":"1.5383AC OF LOT 1C ENCLAVE AT ALTA VISTA THE RESUB OF LOT 1A","electrical_valuation_remodel":"$5,000.00"},"geometry":{"type":"Point","coordinates":[-97.9642376,30.32859745]}},{"type":"Feature","properties":{"date":"2007-07-16T04:00:00.000Z","year":2007,"description":"temp. power electric pole for new commercial building (lakeway) eud","metadescription":"EP. Remodel. temp. power electric pole for new commercial building (lakeway) eud. Final. 3209 S FM 620 RD","address":"3209 South Farm to Market 620, Austin, TX, 78738, US","link":"https://abc.austintexas.gov/web/permit/public-search-other?t_detail=1&t_selected_folderrsn=10052418","tcad_id":"0127700501","location":"    (30.33106168, -97.96691953)","day_issued":"MONDAY","project_id":"10052418","condominium":"No","status_date":"10/09/2008","jurisdiction":"LAKEWAY FULL PURPOSE","housing_units":"0","contractor_zip":"78669","contractor_city":"Spicewood","issuance_method":"Permit Center","contractor_phone":"5122824644","contractor_trade":"Electrical Contractor","number_of_floors":"1","permit_type_desc":"Electrical Permit","fiscal_year_issued":"2007","permit_class_mapped":"Commercial","remodel_repair_sqft":"0","contractor_address_1":"106 WESLEY R","contractor_address_2":"SPICEWOOD TX","contractor_full_name":"James D. Noble III","issued_in_last_30_days":"No","certificate_of_occupancy":"No","electrical_valuation_remodel":"$200.00"},"geometry":{"type":"Point","coordinates":[-97.96691953,30.33106168]}},{"type":"Feature","properties":{"date":"2007-03-23T04:00:00.000Z","year":2007,"description":"NEW COMMERCIAL BULIDING (BREAK SPECIALIST). ELECTRICAL SERVICE ONLY. EUD. \n**LAKEWAY VILLAGE**","metadescription":"EP. New. NEW COMMERCIAL BULIDING (BREAK SPECIALIST). ELECTRICAL SERVICE ONLY. EUD. \n**LAKEWAY VILLAGE**. Final. 303 S FM 620 RD","address":"303 South Farm to Market 620, Austin, TX, 78734, US","link":"https://abc.austintexas.gov/web/permit/public-search-other?t_detail=1&t_selected_folderrsn=10016078","tcad_id":"0139660821","location":"    (30.36298203, -97.95197878)","day_issued":"FRIDAY","project_id":"10016078","condominium":"No","status_date":"10/09/2008","jurisdiction":"LAKEWAY FULL PURPOSE","housing_units":"0","contractor_zip":"78760","contractor_city":"AUSTIN","issuance_method":"Permit Center","contractor_phone":"5124422002","contractor_trade":"Electrical Contractor","number_of_floors":"1","permit_type_desc":"Electrical Permit","fiscal_year_issued":"2007","total_new_add_sqft":"39,591","permit_class_mapped":"Commercial","contractor_full_name":"Zenon Verver","issued_in_last_30_days":"No","certificate_of_occupancy":"No","property_legal_description":"0.8796AC OF LOT 25-A CARDINAL HILLS UNIT 2 AMENDED PLAT OF LOTS 21-25"},"geometry":{"type":"Point","coordinates":[-97.95197878,30.36298203]}},{"type":"Feature","properties":{"date":"2007-02-22T05:00:00.000Z","year":2007,"description":"Tempoarary Elec For Commercial Bldg","metadescription":"EP. Remodel. Tempoarary Elec For Commercial Bldg. Final. 15400 CAVALIER CANYON DR","address":"15400 Cavalier Canyon Drive, Austin, TX, 78734, US","link":"https://abc.austintexas.gov/web/permit/public-search-other?t_detail=1&t_selected_folderrsn=4393266","tcad_id":"0141660211","location":"    (30.36916878, -97.94806119)","day_issued":"THURSDAY","project_id":"4393266","condominium":"No","status_date":"03/05/2007","jurisdiction":"LAKEWAY FULL PURPOSE","housing_units":"0","contractor_zip":"78732","contractor_city":"Austin","issuance_method":"Permit Center","contractor_phone":"5122669460","contractor_trade":"Electrical Contractor","number_of_floors":"0","permit_type_desc":"Electrical Permit","fiscal_year_issued":"2007","permit_class_mapped":"Commercial","remodel_repair_sqft":"0","contractor_address_1":"1121 TERJO L","contractor_address_2":"AUSTIN TX  7","contractor_full_name":"Kenneth Franklin","issued_in_last_30_days":"No","certificate_of_occupancy":"No","property_legal_description":"LOT 3 BLK 1 LAKE OAKS ESTATES","electrical_valuation_remodel":"$0.00"},"geometry":{"type":"Point","coordinates":[-97.94806119,30.36916878]}},{"type":"Feature","properties":{"date":"2006-01-10T05:00:00.000Z","year":2006,"description":"New Commercial Office Lease Space Eud (Ste 104)","metadescription":"EP. Remodel. New Commercial Office Lease Space Eud (Ste 104). Final. 2802 FLINTROCK TRCE BLDG B UNIT 104","address":"2802 Flintrock Trace, Austin, TX, 78734, US","link":"https://abc.austintexas.gov/web/permit/public-search-other?t_detail=1&t_selected_folderrsn=4373156","tcad_id":"0129730501","location":"    (30.33649096, -97.97081622)","day_issued":"TUESDAY","project_id":"4373156","status_date":"03/19/2007","jurisdiction":"LAKEWAY FULL PURPOSE","contractor_zip":"78732","contractor_city":"Austin","issuance_method":"Permit Center","contractor_phone":"5122669460","contractor_trade":"Electrical Contractor","permit_type_desc":"Electrical Permit","fiscal_year_issued":"2006","permit_class_mapped":"Commercial","contractor_address_1":"1121 TERJO L","contractor_address_2":"AUSTIN TX  7","contractor_full_name":"Kenneth Franklin","issued_in_last_30_days":"No"},"geometry":{"type":"Point","coordinates":[-97.97081622,30.33649096]}},{"type":"Feature","properties":{"date":"2002-07-22T04:00:00.000Z","year":2002,"description":"New Commercial Building Outside The City","metadescription":"EP. Remodel. New Commercial Building Outside The City. Final. 2300 LOHMANS SPUR RD UNIT 136","address":"2300 Lohmans Spur Road, Austin, TX, 78734, US","link":"https://abc.austintexas.gov/web/permit/public-search-other?t_detail=1&t_selected_folderrsn=4324770","tcad_id":"0131730149","location":"    (30.33839584, -97.97061104)","day_issued":"MONDAY","project_id":"4324770","condominium":"No","status_date":"03/05/2007","jurisdiction":"LAKEWAY FULL PURPOSE","contractor_zip":"78732","contractor_city":"Austin","issuance_method":"Permit Center","contractor_phone":"5122661100","contractor_trade":"Electrical Contractor","permit_type_desc":"Electrical Permit","fiscal_year_issued":"2002","permit_class_mapped":"Commercial","contractor_address_1":"12007 SELMA","contractor_address_2":"AUSTIN TX  7","contractor_full_name":"Harry Stanley, Sr.","issued_in_last_30_days":"No","certificate_of_occupancy":"No","property_legal_description":"LOT 1A LOHMANS CROSSING SHOPPING CENTER SUBD AMEND PLAT OF LTS 1&2"},"geometry":{"type":"Point","coordinates":[-97.97061104,30.33839584]}},{"type":"Feature","properties":{"date":"2002-03-08T05:00:00.000Z","year":2002,"description":"H & T Loop For Commercial Outside The City","metadescription":"EP. Remodel. H & T Loop For Commercial Outside The City. Final. 600 S FM 620 RD","address":"600 South Farm to Market 620, Austin, TX, 78734, US","link":"https://abc.austintexas.gov/web/permit/public-search-other?t_detail=1&t_selected_folderrsn=4320105","tcad_id":"0139681001","location":"    (30.35888811, -97.95619312)","day_issued":"FRIDAY","project_id":"4320105","condominium":"No","status_date":"03/05/2007","jurisdiction":"LAKEWAY FULL PURPOSE","contractor_zip":"78758","contractor_city":"Austin","issuance_method":"Permit Center","contractor_phone":"5128348174","contractor_trade":"Electrical Contractor","permit_type_desc":"Electrical Permit","fiscal_year_issued":"2002","permit_class_mapped":"Commercial","contractor_address_2":"9802  Gray B","contractor_full_name":"Tim Moll","issued_in_last_30_days":"No","certificate_of_occupancy":"No","property_legal_description":"LOT 88 BELLA MONTAGNA ESTATES (FORMERLY ROUND MOUNTAIN ESTATES 2)"},"geometry":{"type":"Point","coordinates":[-97.95619312,30.35888811]}},{"type":"Feature","properties":{"date":"1998-12-30T05:00:00.000Z","year":1998,"description":"New Commercial (Eud)Electric Service Only","metadescription":"EP. Remodel. New Commercial (Eud)Electric Service Only. Final. 2300 1/2 LOHMANS CROSSING RD","address":"2300 1/2 Lohmans Crossing Road, Austin, TX, 78734, US","link":"https://abc.austintexas.gov/web/permit/public-search-other?t_detail=1&t_selected_folderrsn=4280771","tcad_id":"0131730303","location":"    (30.34105635, -97.96932513)","day_issued":"WEDNESDAY","project_id":"4280771","condominium":"No","status_date":"05/22/2007","jurisdiction":"LAKEWAY FULL PURPOSE","housing_units":"1","issuance_method":"Permit Center","permit_type_desc":"Electrical Permit","fiscal_year_issued":"1999","permit_class_mapped":"Commercial","issued_in_last_30_days":"No","certificate_of_occupancy":"No","property_legal_description":"LOT 5A LAKEWAY TOWNE CENTRE REPLAT OF LOT 1 BLK A"},"geometry":{"type":"Point","coordinates":[-97.96932513,30.34105635]}},{"type":"Feature","properties":{"date":"1998-11-23T05:00:00.000Z","year":1998,"description":"New Commercial Building (Eud)","metadescription":"EP. Remodel. New Commercial Building (Eud). Final. 1313 S FM 620 RD","address":"1313 South Farm to Market 620, Austin, TX, 78734, US","link":"https://abc.austintexas.gov/web/permit/public-search-other?t_detail=1&t_selected_folderrsn=4279435","tcad_id":"0135700717","location":"    (30.34994617, -97.9629776)","day_issued":"MONDAY","project_id":"4279435","condominium":"No","status_date":"05/22/2007","jurisdiction":"LAKEWAY FULL PURPOSE","housing_units":"1","issuance_method":"Permit Center","permit_type_desc":"Electrical Permit","fiscal_year_issued":"1999","permit_class_mapped":"Commercial","issued_in_last_30_days":"No","certificate_of_occupancy":"No","property_legal_description":"LOT 3A CARDINAL HILLS UNIT 6 AMENDED PLAT OF LOTS 3-5"},"geometry":{"type":"Point","coordinates":[-97.9629776,30.34994617]}},{"type":"Feature","properties":{"date":"1998-11-23T05:00:00.000Z","year":1998,"description":"New Commercial Building (Eud)","metadescription":"MP. Remodel. New Commercial Building (Eud). Final. 1313 S FM 620 RD","address":"1313 South Farm to Market 620, Austin, TX, 78734, US","link":"https://abc.austintexas.gov/web/permit/public-search-other?t_detail=1&t_selected_folderrsn=3369435","tcad_id":"0135700717","location":"    (30.34994617, -97.9629776)","day_issued":"MONDAY","project_id":"3369435","condominium":"No","status_date":"05/22/2007","jurisdiction":"LAKEWAY FULL PURPOSE","housing_units":"1","issuance_method":"Permit Center","permit_type_desc":"Mechanical Permit","master_permit_num":"4279435","fiscal_year_issued":"1999","permit_class_mapped":"Commercial","issued_in_last_30_days":"No","certificate_of_occupancy":"No","property_legal_description":"LOT 3A CARDINAL HILLS UNIT 6 AMENDED PLAT OF LOTS 3-5"},"geometry":{"type":"Point","coordinates":[-97.9629776,30.34994617]}},{"type":"Feature","properties":{"date":"1998-09-03T04:00:00.000Z","year":1998,"description":"Additional Commercial Service - Eud","metadescription":"EP. Remodel. Additional Commercial Service - Eud. Final. 1310 S FM 620 RD BLDG C UNIT 9","address":"1310 South Farm to Market 620, Austin, TX, 78734, US","link":"https://abc.austintexas.gov/web/permit/public-search-other?t_detail=1&t_selected_folderrsn=4277005","tcad_id":"0135700317","location":"    (30.34976508, -97.96493542)","day_issued":"THURSDAY","project_id":"4277005","condominium":"No","status_date":"05/22/2007","jurisdiction":"LAKEWAY FULL PURPOSE","housing_units":"1","issuance_method":"Permit Center","permit_type_desc":"Electrical Permit","fiscal_year_issued":"1998","permit_class_mapped":"Commercial","issued_in_last_30_days":"No","certificate_of_occupancy":"No","property_legal_description":"5.5550 AC OF W 672.06FT OF N PT (4.43AC)OF TRT 4 *& W 725.79 OF N PT OF TRT 5 *(1.33AC) ECK A A SUBD"},"geometry":{"type":"Point","coordinates":[-97.96493542,30.34976508]}},{"type":"Feature","properties":{"date":"1998-09-03T04:00:00.000Z","year":1998,"description":"Additional Commercial Service - Eud","metadescription":"MP. Remodel. Additional Commercial Service - Eud. Final. 1310 S FM 620 RD BLDG C UNIT 9","address":"1310 South Farm to Market 620, Austin, TX, 78734, US","link":"https://abc.austintexas.gov/web/permit/public-search-other?t_detail=1&t_selected_folderrsn=3367104","tcad_id":"0135700317","location":"    (30.34976508, -97.96493542)","day_issued":"THURSDAY","project_id":"3367104","condominium":"No","status_date":"05/22/2007","jurisdiction":"LAKEWAY FULL PURPOSE","housing_units":"1","issuance_method":"Permit Center","permit_type_desc":"Mechanical Permit","master_permit_num":"4277005","fiscal_year_issued":"1998","permit_class_mapped":"Commercial","issued_in_last_30_days":"No","certificate_of_occupancy":"No","property_legal_description":"5.5550 AC OF W 672.06FT OF N PT (4.43AC)OF TRT 4 *& W 725.79 OF N PT OF TRT 5 *(1.33AC) ECK A A SUBD"},"geometry":{"type":"Point","coordinates":[-97.96493542,30.34976508]}},{"type":"Feature","properties":{"date":"1997-06-10T04:00:00.000Z","year":1997,"description":"Service Only New Commercial Building(Eud)....","metadescription":"MP. Remodel. Service Only New Commercial Building(Eud)..... Final. 1208 S FM 620 RD","address":"1208 South Farm to Market 620, Austin, TX, 78734, US","link":"https://abc.austintexas.gov/web/permit/public-search-other?t_detail=1&t_selected_folderrsn=3352351","tcad_id":"0135700315","location":"    (30.35120253, -97.96369511)","day_issued":"TUESDAY","project_id":"3352351","condominium":"No","status_date":"05/22/2007","jurisdiction":"LAKEWAY FULL PURPOSE","housing_units":"1","issuance_method":"Permit Center","permit_type_desc":"Mechanical Permit","master_permit_num":"4261509","fiscal_year_issued":"1997","permit_class_mapped":"Residential","issued_in_last_30_days":"No","certificate_of_occupancy":"No","property_legal_description":"5.2875 AC OF LOT 1 AUSTIN BOATS & MOTORS CONFIRMING PLAT"},"geometry":{"type":"Point","coordinates":[-97.96369511,30.35120253]}},{"type":"Feature","properties":{"date":"1997-06-10T04:00:00.000Z","year":1997,"description":"Service Only New Commercial Building(Eud)....","metadescription":"EP. Remodel. Service Only New Commercial Building(Eud)..... Final. 1208 S FM 620 RD","address":"1208 South Farm to Market 620, Austin, TX, 78734, US","link":"https://abc.austintexas.gov/web/permit/public-search-other?t_detail=1&t_selected_folderrsn=4261509","tcad_id":"0135700315","location":"    (30.35120253, -97.96369511)","day_issued":"TUESDAY","project_id":"4261509","condominium":"No","status_date":"05/22/2007","jurisdiction":"LAKEWAY FULL PURPOSE","housing_units":"1","issuance_method":"Permit Center","permit_type_desc":"Electrical Permit","fiscal_year_issued":"1997","permit_class_mapped":"Residential","issued_in_last_30_days":"No","certificate_of_occupancy":"No","property_legal_description":"5.2875 AC OF LOT 1 AUSTIN BOATS & MOTORS CONFIRMING PLAT"},"geometry":{"type":"Point","coordinates":[-97.96369511,30.35120253]}},{"type":"Feature","properties":{"date":"1996-10-31T05:00:00.000Z","year":1996,"description":"New Commercial Service (Eud)","metadescription":"MP. Remodel. New Commercial Service (Eud). Final. 15100 GEBRON DR","address":"15100 Gebron Drive, Austin, TX, 78734, US","link":"https://abc.austintexas.gov/web/permit/public-search-other?t_detail=1&t_selected_folderrsn=3345838","tcad_id":"0133680403","location":"    (30.34647978, -97.95845854)","day_issued":"THURSDAY","project_id":"3345838","condominium":"No","status_date":"05/22/2007","jurisdiction":"LAKEWAY FULL PURPOSE","housing_units":"1","issuance_method":"Permit Center","permit_type_desc":"Mechanical Permit","master_permit_num":"4254696","fiscal_year_issued":"1997","permit_class_mapped":"Commercial","issued_in_last_30_days":"No","certificate_of_occupancy":"No","property_legal_description":"LOT 3 CARDINAL HILLS UNIT 7"},"geometry":{"type":"Point","coordinates":[-97.95845854,30.34647978]}},{"type":"Feature","properties":{"date":"1996-10-31T05:00:00.000Z","year":1996,"description":"New Commercial Service (Eud)","metadescription":"EP. Remodel. New Commercial Service (Eud). Final. 15100 GEBRON DR","address":"15100 Gebron Drive, Austin, TX, 78734, US","link":"https://abc.austintexas.gov/web/permit/public-search-other?t_detail=1&t_selected_folderrsn=4254696","tcad_id":"0133680403","location":"    (30.34647978, -97.95845854)","day_issued":"THURSDAY","project_id":"4254696","condominium":"No","status_date":"05/22/2007","jurisdiction":"LAKEWAY FULL PURPOSE","housing_units":"1","issuance_method":"Permit Center","permit_type_desc":"Electrical Permit","fiscal_year_issued":"1997","permit_class_mapped":"Commercial","issued_in_last_30_days":"No","certificate_of_occupancy":"No","property_legal_description":"LOT 3 CARDINAL HILLS UNIT 7"},"geometry":{"type":"Point","coordinates":[-97.95845854,30.34647978]}},{"type":"Feature","properties":{"date":"1993-08-16T04:00:00.000Z","year":1993,"description":"Finish Out Commercial","metadescription":"MP. Remodel. Finish Out Commercial. Final. 2300 1/2 LOHMANS CROSSING RD","address":"2300 1/2 Lohmans Crossing Road, Austin, TX, 78734, US","link":"https://abc.austintexas.gov/web/permit/public-search-other?t_detail=1&t_selected_folderrsn=3310706","tcad_id":"0131730303","location":"    (30.34105635, -97.96932513)","day_issued":"MONDAY","project_id":"3310706","condominium":"No","status_date":"05/22/2007","jurisdiction":"LAKEWAY FULL PURPOSE","housing_units":"1","issuance_method":"Permit Center","permit_type_desc":"Mechanical Permit","master_permit_num":"4218045","fiscal_year_issued":"1993","permit_class_mapped":"Commercial","issued_in_last_30_days":"No","certificate_of_occupancy":"No","property_legal_description":"LOT 5A LAKEWAY TOWNE CENTRE REPLAT OF LOT 1 BLK A"},"geometry":{"type":"Point","coordinates":[-97.96932513,30.34105635]}},{"type":"Feature","properties":{"date":"1993-08-16T04:00:00.000Z","year":1993,"description":"Finish Out Commercial","metadescription":"EP. Remodel. Finish Out Commercial. Final. 2300 1/2 LOHMANS CROSSING RD","address":"2300 1/2 Lohmans Crossing Road, Austin, TX, 78734, US","link":"https://abc.austintexas.gov/web/permit/public-search-other?t_detail=1&t_selected_folderrsn=4218045","tcad_id":"0131730303","location":"    (30.34105635, -97.96932513)","day_issued":"MONDAY","project_id":"4218045","condominium":"No","status_date":"05/22/2007","jurisdiction":"LAKEWAY FULL PURPOSE","housing_units":"1","issuance_method":"Permit Center","permit_type_desc":"Electrical Permit","fiscal_year_issued":"1993","permit_class_mapped":"Commercial","issued_in_last_30_days":"No","certificate_of_occupancy":"No","property_legal_description":"LOT 5A LAKEWAY TOWNE CENTRE REPLAT OF LOT 1 BLK A"},"geometry":{"type":"Point","coordinates":[-97.96932513,30.34105635]}},{"type":"Feature","properties":{"date":"1993-03-23T05:00:00.000Z","year":1993,"description":"Electric Svc - Tenant Finish Out - Commercial","metadescription":"EP. Remodel. Electric Svc - Tenant Finish Out - Commercial. Final. 2300 1/2 LOHMANS CROSSING RD","address":"2300 1/2 Lohmans Crossing Road, Austin, TX, 78734, US","link":"https://abc.austintexas.gov/web/permit/public-search-other?t_detail=1&t_selected_folderrsn=4213832","tcad_id":"0131730303","location":"    (30.34105635, -97.96932513)","day_issued":"TUESDAY","project_id":"4213832","condominium":"No","status_date":"05/22/2007","jurisdiction":"LAKEWAY FULL PURPOSE","housing_units":"1","issuance_method":"Permit Center","permit_type_desc":"Electrical Permit","fiscal_year_issued":"1993","permit_class_mapped":"Commercial","issued_in_last_30_days":"No","certificate_of_occupancy":"No","property_legal_description":"LOT 5A LAKEWAY TOWNE CENTRE REPLAT OF LOT 1 BLK A"},"geometry":{"type":"Point","coordinates":[-97.96932513,30.34105635]}},{"type":"Feature","properties":{"date":"1993-03-23T05:00:00.000Z","year":1993,"description":"Electric Svc - Tenant Finish Out - Commercial","metadescription":"MP. Remodel. Electric Svc - Tenant Finish Out - Commercial. Final. 2300 1/2 LOHMANS CROSSING RD","address":"2300 1/2 Lohmans Crossing Road, Austin, TX, 78734, US","link":"https://abc.austintexas.gov/web/permit/public-search-other?t_detail=1&t_selected_folderrsn=3306574","tcad_id":"0131730303","location":"    (30.34105635, -97.96932513)","day_issued":"TUESDAY","project_id":"3306574","condominium":"No","status_date":"05/22/2007","jurisdiction":"LAKEWAY FULL PURPOSE","housing_units":"1","issuance_method":"Permit Center","permit_type_desc":"Mechanical Permit","master_permit_num":"4213832","fiscal_year_issued":"1993","permit_class_mapped":"Commercial","issued_in_last_30_days":"No","certificate_of_occupancy":"No","property_legal_description":"LOT 5A LAKEWAY TOWNE CENTRE REPLAT OF LOT 1 BLK A"},"geometry":{"type":"Point","coordinates":[-97.96932513,30.34105635]}},{"type":"Feature","properties":{"date":"1992-03-25T05:00:00.000Z","year":1992,"description":"Add Electric To Kitchen Commercial & Upgrade *","metadescription":"EP. Remodel. Add Electric To Kitchen Commercial & Upgrade *. Expired. 16101 STEWART RD","address":"16101 Stewart Road, Austin, TX, 78734, US","link":"https://abc.austintexas.gov/web/permit/public-search-other?t_detail=1&t_selected_folderrsn=4204577","tcad_id":"0145681064","location":"    (30.37772888, -97.95494838)","day_issued":"WEDNESDAY","project_id":"4204577","condominium":"No","status_date":"06/06/2007","jurisdiction":"LAKEWAY FULL PURPOSE","housing_units":"1","issuance_method":"Permit Center","permit_type_desc":"Electrical Permit","fiscal_year_issued":"1992","permit_class_mapped":"Commercial","issued_in_last_30_days":"No","certificate_of_occupancy":"No","property_legal_description":"LOT 29 BLK C ARBOLAGO SUBD"},"geometry":{"type":"Point","coordinates":[-97.95494838,30.37772888]}},{"type":"Feature","properties":{"date":"1992-03-25T05:00:00.000Z","year":1992,"description":"Add Electric To Kitchen Commercial & Upgrade *","metadescription":"MP. Remodel. Add Electric To Kitchen Commercial & Upgrade *. Expired. 16101 STEWART RD","address":"16101 Stewart Road, Austin, TX, 78734, US","link":"https://abc.austintexas.gov/web/permit/public-search-other?t_detail=1&t_selected_folderrsn=3297541","tcad_id":"0145681064","location":"    (30.37772888, -97.95494838)","day_issued":"WEDNESDAY","project_id":"3297541","condominium":"No","status_date":"06/06/2007","jurisdiction":"LAKEWAY FULL PURPOSE","housing_units":"1","issuance_method":"Permit Center","permit_type_desc":"Mechanical Permit","master_permit_num":"4204577","fiscal_year_issued":"1992","permit_class_mapped":"Commercial","issued_in_last_30_days":"No","certificate_of_occupancy":"No","property_legal_description":"LOT 29 BLK C ARBOLAGO SUBD"},"geometry":{"type":"Point","coordinates":[-97.95494838,30.37772888]}},{"type":"Feature","properties":{"date":"1991-10-29T05:00:00.000Z","year":1991,"description":"10-Room Commercial Dormitory","metadescription":"EP. Remodel. 10-Room Commercial Dormitory. Final. 16101 STEWART RD","address":"16101 Stewart Road, Austin, TX, 78734, US","link":"https://abc.austintexas.gov/web/permit/public-search-other?t_detail=1&t_selected_folderrsn=4394534","tcad_id":"0145681064","location":"    (30.37772888, -97.95494838)","day_issued":"TUESDAY","project_id":"4394534","condominium":"No","status_date":"05/22/2007","jurisdiction":"LAKEWAY FULL PURPOSE","housing_units":"10","issuance_method":"Permit Center","permit_type_desc":"Electrical Permit","fiscal_year_issued":"1992","permit_class_mapped":"Commercial","issued_in_last_30_days":"No","certificate_of_occupancy":"No","property_legal_description":"LOT 29 BLK C ARBOLAGO SUBD"},"geometry":{"type":"Point","coordinates":[-97.95494838,30.37772888]}},{"type":"Feature","properties":{"date":"1991-10-29T05:00:00.000Z","year":1991,"description":"10-Room Commercial Dormitory","metadescription":"MP. Remodel. 10-Room Commercial Dormitory. Final. 16101 STEWART RD","address":"16101 Stewart Road, Austin, TX, 78734, US","link":"https://abc.austintexas.gov/web/permit/public-search-other?t_detail=1&t_selected_folderrsn=3431153","tcad_id":"0145681064","location":"    (30.37772888, -97.95494838)","day_issued":"TUESDAY","project_id":"3431153","condominium":"No","status_date":"05/22/2007","jurisdiction":"LAKEWAY FULL PURPOSE","housing_units":"10","issuance_method":"Permit Center","permit_type_desc":"Mechanical Permit","master_permit_num":"4394534","fiscal_year_issued":"1992","permit_class_mapped":"Commercial","issued_in_last_30_days":"No","certificate_of_occupancy":"No","property_legal_description":"LOT 29 BLK C ARBOLAGO SUBD"},"geometry":{"type":"Point","coordinates":[-97.95494838,30.37772888]}},{"type":"Feature","properties":{"date":"1990-11-06T05:00:00.000Z","year":1990,"description":"Run Gas To Existing Commercial Building","metadescription":"PP. Remodel. Run Gas To Existing Commercial Building. Final. 1832 1/2 LOHMANS CROSSING RD","address":"1832 1/2 Lohmans Crossing Road, Austin, TX, 78738, US","link":"https://abc.austintexas.gov/web/permit/public-search-other?t_detail=1&t_selected_folderrsn=3655476","tcad_id":"0135760502","location":"    (30.34832722, -97.97750574)","day_issued":"TUESDAY","project_id":"3655476","condominium":"No","status_date":"05/22/2007","jurisdiction":"THE HILLS FULL PURPOSE","housing_units":"1","issuance_method":"Permit Center","permit_type_desc":"Plumbing Permit","fiscal_year_issued":"1991","permit_class_mapped":"Commercial","issued_in_last_30_days":"No","certificate_of_occupancy":"No","property_legal_description":"LOT 661 HILLS OF LAKEWAY PHS 8 THE"},"geometry":{"type":"Point","coordinates":[-97.97750574,30.34832722]}},{"type":"Feature","properties":{"date":"1990-10-08T04:00:00.000Z","year":1990,"description":"Install Electric Service Commercial","metadescription":"EP. Remodel. Install Electric Service Commercial. Final. 2300 1/2 LOHMANS CROSSING RD","address":"2300 1/2 Lohmans Crossing Road, Austin, TX, 78734, US","link":"https://abc.austintexas.gov/web/permit/public-search-other?t_detail=1&t_selected_folderrsn=4192429","tcad_id":"0131730303","location":"    (30.34105635, -97.96932513)","day_issued":"MONDAY","project_id":"4192429","condominium":"No","status_date":"05/22/2007","jurisdiction":"LAKEWAY FULL PURPOSE","housing_units":"1","issuance_method":"Permit Center","permit_type_desc":"Electrical Permit","fiscal_year_issued":"1991","permit_class_mapped":"Commercial","issued_in_last_30_days":"No","certificate_of_occupancy":"No","property_legal_description":"LOT 5A LAKEWAY TOWNE CENTRE REPLAT OF LOT 1 BLK A"},"geometry":{"type":"Point","coordinates":[-97.96932513,30.34105635]}},{"type":"Feature","properties":{"date":"1990-10-08T04:00:00.000Z","year":1990,"description":"Install Electric Service Commercial","metadescription":"MP. Remodel. Install Electric Service Commercial. Final. 2300 1/2 LOHMANS CROSSING RD","address":"2300 1/2 Lohmans Crossing Road, Austin, TX, 78734, US","link":"https://abc.austintexas.gov/web/permit/public-search-other?t_detail=1&t_selected_folderrsn=3285794","tcad_id":"0131730303","location":"    (30.34105635, -97.96932513)","day_issued":"MONDAY","project_id":"3285794","condominium":"No","status_date":"05/22/2007","jurisdiction":"LAKEWAY FULL PURPOSE","housing_units":"1","issuance_method":"Permit Center","permit_type_desc":"Mechanical Permit","master_permit_num":"4192429","fiscal_year_issued":"1991","permit_class_mapped":"Commercial","issued_in_last_30_days":"No","certificate_of_occupancy":"No","property_legal_description":"LOT 5A LAKEWAY TOWNE CENTRE REPLAT OF LOT 1 BLK A"},"geometry":{"type":"Point","coordinates":[-97.96932513,30.34105635]}},{"type":"Feature","properties":{"date":"1990-04-09T04:00:00.000Z","year":1990,"description":"Electrical Only Commercial","metadescription":"BP. Remodel. Electrical Only Commercial. Final. 2300 1/2 LOHMANS CROSSING RD","address":"2300 1/2 Lohmans Crossing Road, Austin, TX, 78734, US","link":"https://abc.austintexas.gov/web/permit/public-search-other?t_detail=1&t_selected_folderrsn=594077","tcad_id":"0131730303","location":"    (30.34105635, -97.96932513)","day_issued":"MONDAY","project_id":"594077","condominium":"No","status_date":"06/06/2007","jurisdiction":"LAKEWAY FULL PURPOSE","housing_units":"1","issuance_method":"Permit Center","permit_type_desc":"Building Permit","fiscal_year_issued":"1990","permit_class_mapped":"Commercial","issued_in_last_30_days":"No","certificate_of_occupancy":"No","property_legal_description":"LOT 5A LAKEWAY TOWNE CENTRE REPLAT OF LOT 1 BLK A"},"geometry":{"type":"Point","coordinates":[-97.96932513,30.34105635]}},{"type":"Feature","properties":{"date":"1990-04-09T04:00:00.000Z","year":1990,"description":"Electrical Only Commercial","metadescription":"MP. Remodel. Electrical Only Commercial. Final. 2300 1/2 LOHMANS CROSSING RD","address":"2300 1/2 Lohmans Crossing Road, Austin, TX, 78734, US","link":"https://abc.austintexas.gov/web/permit/public-search-other?t_detail=1&t_selected_folderrsn=3281459","tcad_id":"0131730303","location":"    (30.34105635, -97.96932513)","day_issued":"MONDAY","project_id":"3281459","condominium":"No","status_date":"06/06/2007","jurisdiction":"LAKEWAY FULL PURPOSE","housing_units":"1","issuance_method":"Permit Center","permit_type_desc":"Mechanical Permit","master_permit_num":"594077","fiscal_year_issued":"1990","permit_class_mapped":"Commercial","issued_in_last_30_days":"No","certificate_of_occupancy":"No","property_legal_description":"LOT 5A LAKEWAY TOWNE CENTRE REPLAT OF LOT 1 BLK A"},"geometry":{"type":"Point","coordinates":[-97.96932513,30.34105635]}},{"type":"Feature","properties":{"date":"1990-04-09T04:00:00.000Z","year":1990,"description":"Electrical Only Commercial","metadescription":"EP. Remodel. Electrical Only Commercial. Final. 2300 1/2 LOHMANS CROSSING RD","address":"2300 1/2 Lohmans Crossing Road, Austin, TX, 78734, US","link":"https://abc.austintexas.gov/web/permit/public-search-other?t_detail=1&t_selected_folderrsn=4187427","tcad_id":"0131730303","location":"    (30.34105635, -97.96932513)","day_issued":"MONDAY","project_id":"4187427","condominium":"No","status_date":"06/06/2007","jurisdiction":"LAKEWAY FULL PURPOSE","housing_units":"1","issuance_method":"Permit Center","permit_type_desc":"Electrical Permit","master_permit_num":"594077","fiscal_year_issued":"1990","permit_class_mapped":"Commercial","issued_in_last_30_days":"No","certificate_of_occupancy":"No","property_legal_description":"LOT 5A LAKEWAY TOWNE CENTRE REPLAT OF LOT 1 BLK A"},"geometry":{"type":"Point","coordinates":[-97.96932513,30.34105635]}},{"type":"Feature","properties":{"date":"1990-04-04T04:00:00.000Z","year":1990,"description":"Change Out Gas Pumps Commercial","metadescription":"EP. Remodel. Change Out Gas Pumps Commercial. VOID. 1405 S FM 620 RD","address":"1405 South Farm to Market 620, Austin, TX, 78734, US","link":"https://abc.austintexas.gov/web/permit/public-search-other?t_detail=1&t_selected_folderrsn=4400139","tcad_id":"0135700714","location":"    (30.34923553, -97.96306799)","day_issued":"WEDNESDAY","project_id":"4400139","condominium":"No","status_date":"10/03/2012","jurisdiction":"LAKEWAY FULL PURPOSE","housing_units":"1","issuance_method":"Permit Center","permit_type_desc":"Electrical Permit","fiscal_year_issued":"1990","permit_class_mapped":"Commercial","issued_in_last_30_days":"No","certificate_of_occupancy":"No","property_legal_description":"LOT 2 *LESS W4094 SQ FT OF LOT 1 CARDINAL HILLS UNIT 6"},"geometry":{"type":"Point","coordinates":[-97.96306799,30.34923553]}},{"type":"Feature","properties":{"date":"1990-04-04T04:00:00.000Z","year":1990,"description":"Change Out Gas Pumps Commercial","metadescription":"MP. Remodel. Change Out Gas Pumps Commercial. VOID. 1405 S FM 620 RD","address":"1405 South Farm to Market 620, Austin, TX, 78734, US","link":"https://abc.austintexas.gov/web/permit/public-search-other?t_detail=1&t_selected_folderrsn=3435745","tcad_id":"0135700714","location":"    (30.34923553, -97.96306799)","day_issued":"WEDNESDAY","project_id":"3435745","condominium":"No","status_date":"10/03/2012","jurisdiction":"LAKEWAY FULL PURPOSE","housing_units":"1","issuance_method":"Permit Center","permit_type_desc":"Mechanical Permit","master_permit_num":"4400139","fiscal_year_issued":"1990","permit_class_mapped":"Commercial","issued_in_last_30_days":"No","certificate_of_occupancy":"No","property_legal_description":"LOT 2 *LESS W4094 SQ FT OF LOT 1 CARDINAL HILLS UNIT 6"},"geometry":{"type":"Point","coordinates":[-97.96306799,30.34923553]}},{"type":"Feature","properties":{"date":"1990-02-15T05:00:00.000Z","year":1990,"description":"Electrical Only Commercial","metadescription":"EP. Remodel. Electrical Only Commercial. Final. 2300 1/2 LOHMANS CROSSING RD","address":"2300 1/2 Lohmans Crossing Road, Austin, TX, 78734, US","link":"https://abc.austintexas.gov/web/permit/public-search-other?t_detail=1&t_selected_folderrsn=4186214","tcad_id":"0131730303","location":"    (30.34105635, -97.96932513)","day_issued":"THURSDAY","project_id":"4186214","condominium":"No","status_date":"05/22/2007","jurisdiction":"LAKEWAY FULL PURPOSE","housing_units":"1","issuance_method":"Permit Center","permit_type_desc":"Electrical Permit","fiscal_year_issued":"1990","permit_class_mapped":"Commercial","issued_in_last_30_days":"No","certificate_of_occupancy":"No","property_legal_description":"LOT 5A LAKEWAY TOWNE CENTRE REPLAT OF LOT 1 BLK A"},"geometry":{"type":"Point","coordinates":[-97.96932513,30.34105635]}},{"type":"Feature","properties":{"date":"1990-02-15T05:00:00.000Z","year":1990,"description":"Electrical Only Commercial","metadescription":"MP. Remodel. Electrical Only Commercial. Final. 2300 1/2 LOHMANS CROSSING RD","address":"2300 1/2 Lohmans Crossing Road, Austin, TX, 78734, US","link":"https://abc.austintexas.gov/web/permit/public-search-other?t_detail=1&t_selected_folderrsn=3280367","tcad_id":"0131730303","location":"    (30.34105635, -97.96932513)","day_issued":"THURSDAY","project_id":"3280367","condominium":"No","status_date":"05/22/2007","jurisdiction":"LAKEWAY FULL PURPOSE","housing_units":"1","issuance_method":"Permit Center","permit_type_desc":"Mechanical Permit","master_permit_num":"4186214","fiscal_year_issued":"1990","permit_class_mapped":"Commercial","issued_in_last_30_days":"No","certificate_of_occupancy":"No","property_legal_description":"LOT 5A LAKEWAY TOWNE CENTRE REPLAT OF LOT 1 BLK A"},"geometry":{"type":"Point","coordinates":[-97.96932513,30.34105635]}},{"type":"Feature","properties":{"date":"1989-07-03T04:00:00.000Z","year":1989,"description":"New Commercial Building","metadescription":"MP. Remodel. New Commercial Building. Expired. 16101 STEWART RD","address":"16101 Stewart Road, Austin, TX, 78734, US","link":"https://abc.austintexas.gov/web/permit/public-search-other?t_detail=1&t_selected_folderrsn=3275013","tcad_id":"0145681064","location":"    (30.37772888, -97.95494838)","day_issued":"MONDAY","project_id":"3275013","condominium":"No","status_date":"06/06/2007","jurisdiction":"LAKEWAY FULL PURPOSE","housing_units":"1","issuance_method":"Permit Center","permit_type_desc":"Mechanical Permit","master_permit_num":"4180324","fiscal_year_issued":"1989","permit_class_mapped":"Commercial","issued_in_last_30_days":"No","certificate_of_occupancy":"No","property_legal_description":"LOT 29 BLK C ARBOLAGO SUBD"},"geometry":{"type":"Point","coordinates":[-97.95494838,30.37772888]}},{"type":"Feature","properties":{"date":"1989-07-03T04:00:00.000Z","year":1989,"description":"New Commercial Building","metadescription":"EP. Remodel. New Commercial Building. Expired. 16101 STEWART RD","address":"16101 Stewart Road, Austin, TX, 78734, US","link":"https://abc.austintexas.gov/web/permit/public-search-other?t_detail=1&t_selected_folderrsn=4180324","tcad_id":"0145681064","location":"    (30.37772888, -97.95494838)","day_issued":"MONDAY","project_id":"4180324","condominium":"No","status_date":"06/06/2007","jurisdiction":"LAKEWAY FULL PURPOSE","housing_units":"1","issuance_method":"Permit Center","permit_type_desc":"Electrical Permit","fiscal_year_issued":"1989","permit_class_mapped":"Commercial","issued_in_last_30_days":"No","certificate_of_occupancy":"No","property_legal_description":"LOT 29 BLK C ARBOLAGO SUBD"},"geometry":{"type":"Point","coordinates":[-97.95494838,30.37772888]}},{"type":"Feature","properties":{"date":"1989-05-30T04:00:00.000Z","year":1989,"description":"Pole Sign For First Commercial Bank","metadescription":"EP. Pole Sign For First Commercial Bank. Final. 1110 S FM 620 RD","address":"1110 South Farm to Market 620, Austin, TX, 78734, US","link":"https://abc.austintexas.gov/web/permit/public-search-other?t_detail=1&t_selected_folderrsn=4178680","tcad_id":"0135700314","location":"    (30.35206032, -97.96323325)","day_issued":"TUESDAY","project_id":"4178680","condominium":"No","status_date":"05/22/2007","jurisdiction":"LAKEWAY FULL PURPOSE","housing_units":"1","issuance_method":"Permit Center","permit_type_desc":"Electrical Permit","master_permit_num":"4699809","fiscal_year_issued":"1989","permit_class_mapped":"Commercial","issued_in_last_30_days":"No","certificate_of_occupancy":"No","property_legal_description":"2.9129 AC OF LOT 1 BLK A HARRENS WAY SUBD"},"geometry":{"type":"Point","coordinates":[-97.96323325,30.35206032]}},{"type":"Feature","properties":{"date":"1988-02-09T05:00:00.000Z","year":1988,"description":"Rework Service/Add Plugs Commercial","metadescription":"EP. Remodel. Rework Service/Add Plugs Commercial. Expired. 100 CLUBHOUSE DR","address":"100 Clubhouse Drive, Austin, TX, 78734, US","link":"https://abc.austintexas.gov/web/permit/public-search-other?t_detail=1&t_selected_folderrsn=4165510","tcad_id":"0137700220","location":"    (30.35934038, -97.96622257)","day_issued":"TUESDAY","project_id":"4165510","condominium":"No","status_date":"06/06/2007","jurisdiction":"LAKEWAY FULL PURPOSE","housing_units":"1","issuance_method":"Permit Center","permit_type_desc":"Electrical Permit","fiscal_year_issued":"1988","permit_class_mapped":"Commercial","issued_in_last_30_days":"No","certificate_of_occupancy":"No","property_legal_description":"LOT 3719 & PART OF LOTS 34273428380138723900 LAKEWAY SEC 22 22-C2626-C28 & LAKEWAY SEC CLUSTERS 28C28I28II28V"},"geometry":{"type":"Point","coordinates":[-97.96622257,30.35934038]}},{"type":"Feature","properties":{"date":"1988-02-09T05:00:00.000Z","year":1988,"description":"Rework Service/Add Plugs Commercial","metadescription":"MP. Remodel. Rework Service/Add Plugs Commercial. Expired. 100 CLUBHOUSE DR","address":"100 Clubhouse Drive, Austin, TX, 78734, US","link":"https://abc.austintexas.gov/web/permit/public-search-other?t_detail=1&t_selected_folderrsn=3261353","tcad_id":"0137700220","location":"    (30.35934038, -97.96622257)","day_issued":"TUESDAY","project_id":"3261353","condominium":"No","status_date":"06/06/2007","jurisdiction":"LAKEWAY FULL PURPOSE","housing_units":"1","issuance_method":"Permit Center","permit_type_desc":"Mechanical Permit","master_permit_num":"4165510","fiscal_year_issued":"1988","permit_class_mapped":"Commercial","issued_in_last_30_days":"No","certificate_of_occupancy":"No","property_legal_description":"LOT 3719 & PART OF LOTS 34273428380138723900 LAKEWAY SEC 22 22-C2626-C28 & LAKEWAY SEC CLUSTERS 28C28I28II28V"},"geometry":{"type":"Point","coordinates":[-97.96622257,30.35934038]}},{"type":"Feature","properties":{"date":"1987-07-16T04:00:00.000Z","year":1987,"description":"Relocating Condensing Unit Commercial","metadescription":"MP. Remodel. Relocating Condensing Unit Commercial. VOID. 907 S FM 620 RD","address":"907 South Farm to Market 620, Austin, TX, 78734, US","link":"https://abc.austintexas.gov/web/permit/public-search-other?t_detail=1&t_selected_folderrsn=3255799","tcad_id":"0137680702","location":"    (30.35456371, -97.96044448)","day_issued":"THURSDAY","project_id":"3255799","condominium":"No","status_date":"01/05/2012","jurisdiction":"LAKEWAY FULL PURPOSE","housing_units":"1","issuance_method":"Permit Center","permit_type_desc":"Mechanical Permit","master_permit_num":"4159267","fiscal_year_issued":"1987","permit_class_mapped":"Commercial","issued_in_last_30_days":"No","certificate_of_occupancy":"No","property_legal_description":"1.2523 AC OF LOT 13A CARDINAL HILLS UNIT 4 AMENDED PLAT OF LOTS 1314&15"},"geometry":{"type":"Point","coordinates":[-97.96044448,30.35456371]}},{"type":"Feature","properties":{"date":"1987-07-16T04:00:00.000Z","year":1987,"description":"Relocating Condensing Unit Commercial","metadescription":"EP. Remodel. Relocating Condensing Unit Commercial. VOID. 907 S FM 620 RD","address":"907 South Farm to Market 620, Austin, TX, 78734, US","link":"https://abc.austintexas.gov/web/permit/public-search-other?t_detail=1&t_selected_folderrsn=4159267","tcad_id":"0137680702","location":"    (30.35456371, -97.96044448)","day_issued":"THURSDAY","project_id":"4159267","condominium":"No","status_date":"01/05/2012","jurisdiction":"LAKEWAY FULL PURPOSE","housing_units":"1","issuance_method":"Permit Center","permit_type_desc":"Electrical Permit","fiscal_year_issued":"1987","permit_class_mapped":"Commercial","issued_in_last_30_days":"No","certificate_of_occupancy":"No","property_legal_description":"1.2523 AC OF LOT 13A CARDINAL HILLS UNIT 4 AMENDED PLAT OF LOTS 1314&15"},"geometry":{"type":"Point","coordinates":[-97.96044448,30.35456371]}},{"type":"Feature","properties":{"date":"1987-06-25T04:00:00.000Z","year":1987,"description":"Upgrade Service-Commercial","metadescription":"EP. Remodel. Upgrade Service-Commercial. Final. 1310 S FM 620 RD BLDG C UNIT 2","address":"1310 South Farm to Market 620, Austin, TX, 78734, US","link":"https://abc.austintexas.gov/web/permit/public-search-other?t_detail=1&t_selected_folderrsn=4158497","tcad_id":"0135700317","location":"    (30.34976508, -97.96493542)","day_issued":"THURSDAY","project_id":"4158497","condominium":"No","status_date":"05/22/2007","jurisdiction":"LAKEWAY FULL PURPOSE","housing_units":"1","issuance_method":"Permit Center","permit_type_desc":"Electrical Permit","fiscal_year_issued":"1987","permit_class_mapped":"Commercial","issued_in_last_30_days":"No","certificate_of_occupancy":"No","property_legal_description":"5.5550 AC OF W 672.06FT OF N PT (4.43AC)OF TRT 4 *& W 725.79 OF N PT OF TRT 5 *(1.33AC) ECK A A SUBD"},"geometry":{"type":"Point","coordinates":[-97.96493542,30.34976508]}},{"type":"Feature","properties":{"date":"1987-06-25T04:00:00.000Z","year":1987,"description":"Upgrade Service-Commercial","metadescription":"MP. Remodel. Upgrade Service-Commercial. Final. 1310 S FM 620 RD BLDG C UNIT 2","address":"1310 South Farm to Market 620, Austin, TX, 78734, US","link":"https://abc.austintexas.gov/web/permit/public-search-other?t_detail=1&t_selected_folderrsn=3255110","tcad_id":"0135700317","location":"    (30.34976508, -97.96493542)","day_issued":"THURSDAY","project_id":"3255110","condominium":"No","status_date":"05/22/2007","jurisdiction":"LAKEWAY FULL PURPOSE","housing_units":"1","issuance_method":"Permit Center","permit_type_desc":"Mechanical Permit","master_permit_num":"4158497","fiscal_year_issued":"1987","permit_class_mapped":"Commercial","issued_in_last_30_days":"No","certificate_of_occupancy":"No","property_legal_description":"5.5550 AC OF W 672.06FT OF N PT (4.43AC)OF TRT 4 *& W 725.79 OF N PT OF TRT 5 *(1.33AC) ECK A A SUBD"},"geometry":{"type":"Point","coordinates":[-97.96493542,30.34976508]}},{"type":"Feature","properties":{"date":"1987-05-08T04:00:00.000Z","year":1987,"description":"Install Vent Hood Commercial (My Kitchen)","metadescription":"EP. Remodel. Install Vent Hood Commercial (My Kitchen). VOID. 1310 S FM 620 RD","address":"1310 South Farm to Market 620, Austin, TX, 78734, US","link":"https://abc.austintexas.gov/web/permit/public-search-other?t_detail=1&t_selected_folderrsn=4156912","tcad_id":"0135700317","location":"    (30.34976508, -97.96493542)","day_issued":"FRIDAY","project_id":"4156912","condominium":"No","status_date":"11/26/2012","jurisdiction":"LAKEWAY FULL PURPOSE","housing_units":"1","issuance_method":"Permit Center","permit_type_desc":"Electrical Permit","fiscal_year_issued":"1987","permit_class_mapped":"Commercial","issued_in_last_30_days":"No","certificate_of_occupancy":"No","property_legal_description":"5.5550 AC OF W 672.06FT OF N PT (4.43AC)OF TRT 4 *& W 725.79 OF N PT OF TRT 5 *(1.33AC) ECK A A SUBD"},"geometry":{"type":"Point","coordinates":[-97.96493542,30.34976508]}},{"type":"Feature","properties":{"date":"1987-02-13T05:00:00.000Z","year":1987,"description":"Electrical Repairs-Commercial","metadescription":"MP. Remodel. Electrical Repairs-Commercial. Final. 1909 S FM 620 RD","address":"1909 South Farm to Market 620, Austin, TX, 78734, US","link":"https://abc.austintexas.gov/web/permit/public-search-other?t_detail=1&t_selected_folderrsn=3250992","tcad_id":"0133700524","location":"    (30.34443089, -97.96545006)","day_issued":"FRIDAY","project_id":"3250992","condominium":"No","status_date":"05/22/2007","jurisdiction":"LAKEWAY FULL PURPOSE","housing_units":"1","issuance_method":"Permit Center","permit_type_desc":"Mechanical Permit","master_permit_num":"4153834","fiscal_year_issued":"1987","permit_class_mapped":"Commercial","issued_in_last_30_days":"No","certificate_of_occupancy":"No","property_legal_description":"LOT 1 LAKEWAY COMMERCIAL SUBD"},"geometry":{"type":"Point","coordinates":[-97.96545006,30.34443089]}},{"type":"Feature","properties":{"date":"1987-02-13T05:00:00.000Z","year":1987,"description":"Electrical Repairs-Commercial","metadescription":"EP. Remodel. Electrical Repairs-Commercial. Final. 1909 S FM 620 RD","address":"1909 South Farm to Market 620, Austin, TX, 78734, US","link":"https://abc.austintexas.gov/web/permit/public-search-other?t_detail=1&t_selected_folderrsn=4153834","tcad_id":"0133700524","location":"    (30.34443089, -97.96545006)","day_issued":"FRIDAY","project_id":"4153834","condominium":"No","status_date":"05/22/2007","jurisdiction":"LAKEWAY FULL PURPOSE","housing_units":"1","issuance_method":"Permit Center","permit_type_desc":"Electrical Permit","fiscal_year_issued":"1987","permit_class_mapped":"Commercial","issued_in_last_30_days":"No","certificate_of_occupancy":"No","property_legal_description":"LOT 1 LAKEWAY COMMERCIAL SUBD"},"geometry":{"type":"Point","coordinates":[-97.96545006,30.34443089]}},{"type":"Feature","properties":{"date":"1987-01-26T05:00:00.000Z","year":1987,"description":"Irrigation System Commercial","metadescription":"PP. Remodel. Irrigation System Commercial. Final. 2300 1/2 LOHMANS CROSSING RD","address":"2300 1/2 Lohmans Crossing Road, Austin, TX, 78734, US","link":"https://abc.austintexas.gov/web/permit/public-search-other?t_detail=1&t_selected_folderrsn=3628262","tcad_id":"0131730303","location":"    (30.34105635, -97.96932513)","day_issued":"MONDAY","project_id":"3628262","condominium":"No","status_date":"05/22/2007","jurisdiction":"LAKEWAY FULL PURPOSE","housing_units":"1","issuance_method":"Permit Center","permit_type_desc":"Plumbing Permit","fiscal_year_issued":"1987","permit_class_mapped":"Commercial","issued_in_last_30_days":"No","certificate_of_occupancy":"No","property_legal_description":"LOT 5A LAKEWAY TOWNE CENTRE REPLAT OF LOT 1 BLK A"},"geometry":{"type":"Point","coordinates":[-97.96932513,30.34105635]}},{"type":"Feature","properties":{"date":"1987-01-07T05:00:00.000Z","year":1987,"description":"Stove Hood Commercial","metadescription":"MP. Remodel. Stove Hood Commercial. Final. 1310 S FM 620 RD UNIT 12","address":"1310 South Farm to Market 620, Austin, TX, 78734, US","link":"https://abc.austintexas.gov/web/permit/public-search-other?t_detail=1&t_selected_folderrsn=3447095","tcad_id":"0135700317","location":"    (30.34976508, -97.96493542)","day_issued":"WEDNESDAY","project_id":"3447095","condominium":"No","status_date":"06/06/2007","jurisdiction":"LAKEWAY FULL PURPOSE","housing_units":"1","issuance_method":"Permit Center","permit_type_desc":"Mechanical Permit","master_permit_num":"4413527","fiscal_year_issued":"1987","permit_class_mapped":"Commercial","issued_in_last_30_days":"No","certificate_of_occupancy":"No","property_legal_description":"5.5550 AC OF W 672.06FT OF N PT (4.43AC)OF TRT 4 *& W 725.79 OF N PT OF TRT 5 *(1.33AC) ECK A A SUBD"},"geometry":{"type":"Point","coordinates":[-97.96493542,30.34976508]}},{"type":"Feature","properties":{"date":"1987-01-07T05:00:00.000Z","year":1987,"description":"Stove Hood Commercial","metadescription":"EP. Remodel. Stove Hood Commercial. Final. 1310 S FM 620 RD UNIT 12","address":"1310 South Farm to Market 620, Austin, TX, 78734, US","link":"https://abc.austintexas.gov/web/permit/public-search-other?t_detail=1&t_selected_folderrsn=4413527","tcad_id":"0135700317","location":"    (30.34976508, -97.96493542)","day_issued":"WEDNESDAY","project_id":"4413527","condominium":"No","status_date":"06/06/2007","jurisdiction":"LAKEWAY FULL PURPOSE","housing_units":"1","issuance_method":"Permit Center","permit_type_desc":"Electrical Permit","fiscal_year_issued":"1987","permit_class_mapped":"Commercial","issued_in_last_30_days":"No","certificate_of_occupancy":"No","property_legal_description":"5.5550 AC OF W 672.06FT OF N PT (4.43AC)OF TRT 4 *& W 725.79 OF N PT OF TRT 5 *(1.33AC) ECK A A SUBD"},"geometry":{"type":"Point","coordinates":[-97.96493542,30.34976508]}},{"type":"Feature","properties":{"date":"1986-07-30T04:00:00.000Z","year":1986,"description":"New Guard House-Commercial","metadescription":"MP. Remodel. New Guard House-Commercial. Final. 1 1/2 WINGREEN LOOP","address":"1 1/2 Wingreen Loop, Austin, TX, 78738, US","link":"https://abc.austintexas.gov/web/permit/public-search-other?t_detail=1&t_selected_folderrsn=3245138","tcad_id":"0134770108","location":"    (30.34902967, -97.97756786)","day_issued":"WEDNESDAY","project_id":"3245138","condominium":"No","status_date":"05/22/2007","jurisdiction":"THE HILLS FULL PURPOSE","housing_units":"1","issuance_method":"Permit Center","permit_type_desc":"Mechanical Permit","master_permit_num":"4146994","fiscal_year_issued":"1986","permit_class_mapped":"Commercial","issued_in_last_30_days":"No","certificate_of_occupancy":"No","property_legal_description":"HILLS OF LAKEWAY PHS 1-68-8A9&12 (PRIVATE STREETS)"},"geometry":{"type":"Point","coordinates":[-97.97756786,30.34902967]}},{"type":"Feature","properties":{"date":"1986-07-30T04:00:00.000Z","year":1986,"description":"New Guard House-Commercial","metadescription":"EP. Remodel. New Guard House-Commercial. Final. 1 1/2 WINGREEN LOOP","address":"1 1/2 Wingreen Loop, Austin, TX, 78738, US","link":"https://abc.austintexas.gov/web/permit/public-search-other?t_detail=1&t_selected_folderrsn=4146994","tcad_id":"0134770108","location":"    (30.34902967, -97.97756786)","day_issued":"WEDNESDAY","project_id":"4146994","condominium":"No","status_date":"05/22/2007","jurisdiction":"THE HILLS FULL PURPOSE","housing_units":"1","issuance_method":"Permit Center","permit_type_desc":"Electrical Permit","fiscal_year_issued":"1986","permit_class_mapped":"Commercial","issued_in_last_30_days":"No","certificate_of_occupancy":"No","property_legal_description":"HILLS OF LAKEWAY PHS 1-68-8A9&12 (PRIVATE STREETS)"},"geometry":{"type":"Point","coordinates":[-97.97756786,30.34902967]}},{"type":"Feature","properties":{"date":"1986-04-09T05:00:00.000Z","year":1986,"description":"Electric Only For Restaurtant-Commercial","metadescription":"MP. Remodel. Electric Only For Restaurtant-Commercial. VOID. 1310 S FM 620 RD BLDG A UNIT 3","address":"1310 South Farm to Market 620, Austin, TX, 78734, US","link":"https://abc.austintexas.gov/web/permit/public-search-other?t_detail=1&t_selected_folderrsn=3240668","tcad_id":"0135700317","location":"    (30.34976508, -97.96493542)","day_issued":"WEDNESDAY","project_id":"3240668","condominium":"No","status_date":"11/26/2012","jurisdiction":"LAKEWAY FULL PURPOSE","housing_units":"1","issuance_method":"Permit Center","permit_type_desc":"Mechanical Permit","master_permit_num":"4142077","fiscal_year_issued":"1986","permit_class_mapped":"Commercial","issued_in_last_30_days":"No","certificate_of_occupancy":"No","property_legal_description":"5.5550 AC OF W 672.06FT OF N PT (4.43AC)OF TRT 4 *& W 725.79 OF N PT OF TRT 5 *(1.33AC) ECK A A SUBD"},"geometry":{"type":"Point","coordinates":[-97.96493542,30.34976508]}},{"type":"Feature","properties":{"date":"1986-04-09T05:00:00.000Z","year":1986,"description":"Electric Only For Restaurtant-Commercial","metadescription":"EP. Remodel. Electric Only For Restaurtant-Commercial. Final. 1310 S FM 620 RD BLDG A UNIT 3","address":"1310 South Farm to Market 620, Austin, TX, 78734, US","link":"https://abc.austintexas.gov/web/permit/public-search-other?t_detail=1&t_selected_folderrsn=4142077","tcad_id":"0135700317","location":"    (30.34976508, -97.96493542)","day_issued":"WEDNESDAY","project_id":"4142077","condominium":"No","status_date":"05/22/2007","jurisdiction":"LAKEWAY FULL PURPOSE","housing_units":"1","issuance_method":"Permit Center","permit_type_desc":"Electrical Permit","fiscal_year_issued":"1986","permit_class_mapped":"Commercial","issued_in_last_30_days":"No","certificate_of_occupancy":"No","property_legal_description":"5.5550 AC OF W 672.06FT OF N PT (4.43AC)OF TRT 4 *& W 725.79 OF N PT OF TRT 5 *(1.33AC) ECK A A SUBD"},"geometry":{"type":"Point","coordinates":[-97.96493542,30.34976508]}},{"type":"Feature","properties":{"date":"1986-01-02T05:00:00.000Z","year":1986,"description":"Install Electric Meter (Commercial)","metadescription":"MP. Remodel. Install Electric Meter (Commercial). Final. 15403 HOLLY LN","address":"15403 Holly Lane, Austin, TX, 78734, US","link":"https://abc.austintexas.gov/web/permit/public-search-other?t_detail=1&t_selected_folderrsn=3236607","tcad_id":"0141660521","location":"    (30.36763427, -97.94939953)","day_issued":"THURSDAY","project_id":"3236607","condominium":"No","status_date":"05/22/2007","jurisdiction":"LAKEWAY FULL PURPOSE","housing_units":"1","issuance_method":"Permit Center","permit_type_desc":"Mechanical Permit","master_permit_num":"4137665","fiscal_year_issued":"1986","permit_class_mapped":"Commercial","issued_in_last_30_days":"No","certificate_of_occupancy":"No","property_legal_description":"1.0140AC OF LOT 2 BLK A HOLLY LANE SUBD"},"geometry":{"type":"Point","coordinates":[-97.94939953,30.36763427]}},{"type":"Feature","properties":{"date":"1986-01-02T05:00:00.000Z","year":1986,"description":"Install Electric Meter (Commercial)","metadescription":"EP. Remodel. Install Electric Meter (Commercial). Final. 15403 HOLLY LN","address":"15403 Holly Lane, Austin, TX, 78734, US","link":"https://abc.austintexas.gov/web/permit/public-search-other?t_detail=1&t_selected_folderrsn=4137665","tcad_id":"0141660521","location":"    (30.36763427, -97.94939953)","day_issued":"THURSDAY","project_id":"4137665","condominium":"No","status_date":"05/22/2007","jurisdiction":"LAKEWAY FULL PURPOSE","housing_units":"1","issuance_method":"Permit Center","permit_type_desc":"Electrical Permit","fiscal_year_issued":"1986","permit_class_mapped":"Commercial","issued_in_last_30_days":"No","certificate_of_occupancy":"No","property_legal_description":"1.0140AC OF LOT 2 BLK A HOLLY LANE SUBD"},"geometry":{"type":"Point","coordinates":[-97.94939953,30.36763427]}},{"type":"Feature","properties":{"date":"1985-11-19T05:00:00.000Z","year":1985,"description":"Remodel 3rd Floor-Commercial","metadescription":"EP. Remodel. Remodel 3rd Floor-Commercial. Final. 907 S FM 620 RD","address":"907 South Farm to Market 620, Austin, TX, 78734, US","link":"https://abc.austintexas.gov/web/permit/public-search-other?t_detail=1&t_selected_folderrsn=4136045","tcad_id":"0137680702","location":"    (30.35456371, -97.96044448)","day_issued":"TUESDAY","project_id":"4136045","condominium":"No","status_date":"05/22/2007","jurisdiction":"LAKEWAY FULL PURPOSE","housing_units":"1","issuance_method":"Permit Center","permit_type_desc":"Electrical Permit","fiscal_year_issued":"1986","permit_class_mapped":"Commercial","issued_in_last_30_days":"No","certificate_of_occupancy":"No","property_legal_description":"1.2523 AC OF LOT 13A CARDINAL HILLS UNIT 4 AMENDED PLAT OF LOTS 1314&15"},"geometry":{"type":"Point","coordinates":[-97.96044448,30.35456371]}},{"type":"Feature","properties":{"date":"1985-11-19T05:00:00.000Z","year":1985,"description":"Remodel 3rd Floor-Commercial","metadescription":"MP. Remodel. Remodel 3rd Floor-Commercial. Final. 907 S FM 620 RD","address":"907 South Farm to Market 620, Austin, TX, 78734, US","link":"https://abc.austintexas.gov/web/permit/public-search-other?t_detail=1&t_selected_folderrsn=3235110","tcad_id":"0137680702","location":"    (30.35456371, -97.96044448)","day_issued":"TUESDAY","project_id":"3235110","condominium":"No","status_date":"05/22/2007","jurisdiction":"LAKEWAY FULL PURPOSE","housing_units":"1","issuance_method":"Permit Center","permit_type_desc":"Mechanical Permit","master_permit_num":"4136045","fiscal_year_issued":"1986","permit_class_mapped":"Commercial","issued_in_last_30_days":"No","certificate_of_occupancy":"No","property_legal_description":"1.2523 AC OF LOT 13A CARDINAL HILLS UNIT 4 AMENDED PLAT OF LOTS 1314&15"},"geometry":{"type":"Point","coordinates":[-97.96044448,30.35456371]}},{"type":"Feature","properties":{"date":"1983-06-29T04:00:00.000Z","year":1983,"description":"Commercial Lease Space For Bank","metadescription":"EP. Remodel. Commercial Lease Space For Bank. Expired. 1110 S FM 620 RD","address":"1110 South Farm to Market 620, Austin, TX, 78734, US","link":"https://abc.austintexas.gov/web/permit/public-search-other?t_detail=1&t_selected_folderrsn=4094191","tcad_id":"0135700314","location":"    (30.35206032, -97.96323325)","day_issued":"WEDNESDAY","project_id":"4094191","condominium":"No","status_date":"06/06/2007","jurisdiction":"LAKEWAY FULL PURPOSE","housing_units":"1","issuance_method":"Permit Center","permit_type_desc":"Electrical Permit","fiscal_year_issued":"1983","permit_class_mapped":"Commercial","issued_in_last_30_days":"No","certificate_of_occupancy":"No","property_legal_description":"2.9129 AC OF LOT 1 BLK A HARRENS WAY SUBD"},"geometry":{"type":"Point","coordinates":[-97.96323325,30.35206032]}},{"type":"Feature","properties":{"date":"1983-06-29T04:00:00.000Z","year":1983,"description":"Commercial Lease Space For Bank","metadescription":"MP. Remodel. Commercial Lease Space For Bank. Expired. 1110 S FM 620 RD","address":"1110 South Farm to Market 620, Austin, TX, 78734, US","link":"https://abc.austintexas.gov/web/permit/public-search-other?t_detail=1&t_selected_folderrsn=3195599","tcad_id":"0135700314","location":"    (30.35206032, -97.96323325)","day_issued":"WEDNESDAY","project_id":"3195599","condominium":"No","status_date":"06/06/2007","jurisdiction":"LAKEWAY FULL PURPOSE","housing_units":"1","issuance_method":"Permit Center","permit_type_desc":"Mechanical Permit","master_permit_num":"4094191","fiscal_year_issued":"1983","permit_class_mapped":"Commercial","issued_in_last_30_days":"No","certificate_of_occupancy":"No","property_legal_description":"2.9129 AC OF LOT 1 BLK A HARRENS WAY SUBD"},"geometry":{"type":"Point","coordinates":[-97.96323325,30.35206032]}},{"type":"Feature","properties":{"date":"1983-04-11T05:00:00.000Z","year":1983,"description":"New Commercial Bldg--Bank","metadescription":"MP. Remodel. New Commercial Bldg--Bank. Final. 1110 S FM 620 RD","address":"1110 South Farm to Market 620, Austin, TX, 78734, US","link":"https://abc.austintexas.gov/web/permit/public-search-other?t_detail=1&t_selected_folderrsn=3191920","tcad_id":"0135700314","location":"    (30.35206032, -97.96323325)","day_issued":"MONDAY","project_id":"3191920","condominium":"No","status_date":"05/22/2007","jurisdiction":"LAKEWAY FULL PURPOSE","housing_units":"1","issuance_method":"Permit Center","permit_type_desc":"Mechanical Permit","master_permit_num":"4090526","fiscal_year_issued":"1983","permit_class_mapped":"Commercial","issued_in_last_30_days":"No","certificate_of_occupancy":"No","property_legal_description":"2.9129 AC OF LOT 1 BLK A HARRENS WAY SUBD"},"geometry":{"type":"Point","coordinates":[-97.96323325,30.35206032]}},{"type":"Feature","properties":{"date":"1983-04-11T05:00:00.000Z","year":1983,"description":"New Commercial Bldg--Bank","metadescription":"EP. Remodel. New Commercial Bldg--Bank. Final. 1110 S FM 620 RD","address":"1110 South Farm to Market 620, Austin, TX, 78734, US","link":"https://abc.austintexas.gov/web/permit/public-search-other?t_detail=1&t_selected_folderrsn=4090526","tcad_id":"0135700314","location":"    (30.35206032, -97.96323325)","day_issued":"MONDAY","project_id":"4090526","condominium":"No","status_date":"05/22/2007","jurisdiction":"LAKEWAY FULL PURPOSE","housing_units":"1","issuance_method":"Permit Center","permit_type_desc":"Electrical Permit","fiscal_year_issued":"1983","permit_class_mapped":"Commercial","issued_in_last_30_days":"No","certificate_of_occupancy":"No","property_legal_description":"2.9129 AC OF LOT 1 BLK A HARRENS WAY SUBD"},"geometry":{"type":"Point","coordinates":[-97.96323325,30.35206032]}},{"type":"Feature","properties":{"date":"1983-01-05T05:00:00.000Z","year":1983,"description":"Commercial Vent Hood","metadescription":"EP. Remodel. Commercial Vent Hood. Expired. 1021 S FM 620 RD","address":"1021 South Farm to Market 620, Austin, TX, 78734, US","link":"https://abc.austintexas.gov/web/permit/public-search-other?t_detail=1&t_selected_folderrsn=4086524","tcad_id":"0135700408","location":"    (30.35212854, -97.96201385)","day_issued":"WEDNESDAY","project_id":"4086524","condominium":"No","status_date":"06/06/2007","jurisdiction":"LAKEWAY FULL PURPOSE","housing_units":"1","issuance_method":"Permit Center","permit_type_desc":"Electrical Permit","fiscal_year_issued":"1983","permit_class_mapped":"Residential","issued_in_last_30_days":"No","certificate_of_occupancy":"No","property_legal_description":"0.3654 AC OF LOT 1 CARDINAL HILLS UNIT 4"},"geometry":{"type":"Point","coordinates":[-97.96201385,30.35212854]}},{"type":"Feature","properties":{"date":"1981-08-12T04:00:00.000Z","year":1981,"description":"Electric For Commercial Etj","metadescription":"EP. Remodel. Electric For Commercial Etj. Final. 1909 S FM 620 RD","address":"1909 South Farm to Market 620, Austin, TX, 78734, US","link":"https://abc.austintexas.gov/web/permit/public-search-other?t_detail=1&t_selected_folderrsn=4070729","tcad_id":"0133700524","location":"    (30.34443089, -97.96545006)","day_issued":"WEDNESDAY","project_id":"4070729","condominium":"No","status_date":"05/22/2007","jurisdiction":"LAKEWAY FULL PURPOSE","housing_units":"1","issuance_method":"Permit Center","permit_type_desc":"Electrical Permit","fiscal_year_issued":"1981","issued_in_last_30_days":"No","certificate_of_occupancy":"No","property_legal_description":"LOT 1 LAKEWAY COMMERCIAL SUBD"},"geometry":{"type":"Point","coordinates":[-97.96545006,30.34443089]}},{"type":"Feature","properties":{"date":"1981-08-12T04:00:00.000Z","year":1981,"description":"Electric For Commercial Etj","metadescription":"MP. Remodel. Electric For Commercial Etj. Final. 1909 S FM 620 RD","address":"1909 South Farm to Market 620, Austin, TX, 78734, US","link":"https://abc.austintexas.gov/web/permit/public-search-other?t_detail=1&t_selected_folderrsn=3172009","tcad_id":"0133700524","location":"    (30.34443089, -97.96545006)","day_issued":"WEDNESDAY","project_id":"3172009","condominium":"No","status_date":"05/22/2007","jurisdiction":"LAKEWAY FULL PURPOSE","housing_units":"1","issuance_method":"Permit Center","permit_type_desc":"Mechanical Permit","master_permit_num":"4070729","fiscal_year_issued":"1981","issued_in_last_30_days":"No","certificate_of_occupancy":"No","property_legal_description":"LOT 1 LAKEWAY COMMERCIAL SUBD"},"geometry":{"type":"Point","coordinates":[-97.96545006,30.34443089]}},{"type":"Feature","properties":{"date":"1981-08-11T04:00:00.000Z","year":1981,"description":"New Commercial Etj","metadescription":"MP. Remodel. New Commercial Etj. Final. 919 S FM 620 RD","address":"919 South Farm to Market 620, Austin, TX, 78734, US","link":"https://abc.austintexas.gov/web/permit/public-search-other?t_detail=1&t_selected_folderrsn=3172013","tcad_id":"0137700903","location":"    (30.3538455, -97.96101711)","day_issued":"TUESDAY","project_id":"3172013","condominium":"No","status_date":"06/06/2007","jurisdiction":"LAKEWAY FULL PURPOSE","housing_units":"1","issuance_method":"Permit Center","permit_type_desc":"Mechanical Permit","master_permit_num":"4070733","fiscal_year_issued":"1981","permit_class_mapped":"Residential","issued_in_last_30_days":"No","certificate_of_occupancy":"No","property_legal_description":"LOT 10A BLK A CARDINAL HILLS UNIT 4 AMENDED PLAT OF LOTS 8-11"},"geometry":{"type":"Point","coordinates":[-97.96101711,30.3538455]}},{"type":"Feature","properties":{"date":"1981-08-11T04:00:00.000Z","year":1981,"description":"New Commercial Etj","metadescription":"EP. Remodel. New Commercial Etj. VOID. 919 S FM 620 RD","address":"919 South Farm to Market 620, Austin, TX, 78734, US","link":"https://abc.austintexas.gov/web/permit/public-search-other?t_detail=1&t_selected_folderrsn=4070733","tcad_id":"0137700903","location":"    (30.3538455, -97.96101711)","day_issued":"TUESDAY","project_id":"4070733","condominium":"No","status_date":"06/02/2008","jurisdiction":"LAKEWAY FULL PURPOSE","housing_units":"1","issuance_method":"Permit Center","permit_type_desc":"Electrical Permit","fiscal_year_issued":"1981","permit_class_mapped":"Residential","issued_in_last_30_days":"No","certificate_of_occupancy":"No","property_legal_description":"LOT 10A BLK A CARDINAL HILLS UNIT 4 AMENDED PLAT OF LOTS 8-11"},"geometry":{"type":"Point","coordinates":[-97.96101711,30.3538455]}},{"type":"Feature","properties":{"date":"1981-04-28T04:00:00.000Z","year":1981,"description":"Electric For Office - Commercial (Etj)","metadescription":"MP. Remodel. Electric For Office - Commercial (Etj). Final. 801 S FM 620 RD","address":"801 South Farm to Market 620, Austin, TX, 78734, US","link":"https://abc.austintexas.gov/web/permit/public-search-other?t_detail=1&t_selected_folderrsn=3444580","tcad_id":"0137680335","location":"    (30.3561298, -97.95917233)","day_issued":"TUESDAY","project_id":"3444580","condominium":"No","status_date":"05/22/2007","jurisdiction":"LAKEWAY FULL PURPOSE","housing_units":"1","issuance_method":"Permit Center","permit_type_desc":"Mechanical Permit","master_permit_num":"4410933","fiscal_year_issued":"1981","issued_in_last_30_days":"No","certificate_of_occupancy":"No","property_legal_description":"ABS 738 SUR 24 SUHALZER F ACR 0.4724"},"geometry":{"type":"Point","coordinates":[-97.95917233,30.3561298]}},{"type":"Feature","properties":{"date":"1981-04-28T04:00:00.000Z","year":1981,"description":"Electric For Office - Commercial (Etj)","metadescription":"EP. Remodel. Electric For Office - Commercial (Etj). Final. 801 S FM 620 RD","address":"801 South Farm to Market 620, Austin, TX, 78734, US","link":"https://abc.austintexas.gov/web/permit/public-search-other?t_detail=1&t_selected_folderrsn=4410933","tcad_id":"0137680335","location":"    (30.3561298, -97.95917233)","day_issued":"TUESDAY","project_id":"4410933","condominium":"No","status_date":"05/22/2007","jurisdiction":"LAKEWAY FULL PURPOSE","housing_units":"1","issuance_method":"Permit Center","permit_type_desc":"Electrical Permit","fiscal_year_issued":"1981","issued_in_last_30_days":"No","certificate_of_occupancy":"No","property_legal_description":"ABS 738 SUR 24 SUHALZER F ACR 0.4724"},"geometry":{"type":"Point","coordinates":[-97.95917233,30.3561298]}}]}
