{"type":"FeatureCollection","features":[{"type":"Feature","properties":{"date":"2025-08-07T00:00:00.000Z","year":2025,"description":"[ePlan] Supplemental to 24010-10000-00288. Revision to Garage within Model Home partially to have Sales Office.","metadescription":"Bldg-Alter/Repair. 1 or 2 Family Dwelling. [ePlan] Supplemental to 24010-10000-00288. Revision to Garage within Model Home partially to have Sales Office.. Issued. 26900 S WESTERN AVE","address":"26900 South Western Avenue, CA, San Pedro, 90732, US","ct":"9800.15","ev":"N","hl":"YES","apc":"Harbor","cpa":"Wilmington - Harbor City","zone":"OS-1XL","solar":"N","pin_nbr":"027B193   158","use_code":"2","status_date":"08/07/2025","permit_group":"Building","refresh_time":"06/10/2026","type_lat_lon":"ADDRESS","business_unit":"Plan Check at Counter","square_footage":"0"},"geometry":{"type":"Point","coordinates":[-118.30872,33.77491]}},{"type":"Feature","properties":{"date":"2025-05-06T00:00:00.000Z","year":2025,"description":"PROPOSED MASTER BEDROOM AND BATHROOM EXPANSION AT REAR OF (E) SFD WITH GARAGE.","metadescription":"Bldg-Addition. 1 or 2 Family Dwelling. PROPOSED MASTER BEDROOM AND BATHROOM EXPANSION AT REAR OF (E) SFD WITH GARAGE.. CofO Issued. 3817 S SHAD PL","address":"3817 Shad Place, CA, San Pedro, 90732, US","ct":"2974.00","ev":"N","hl":"YES","apc":"Harbor","cpa":"San Pedro","zone":"R1-1XL","solar":"N","pin_nbr":"009B185    45","use_code":"1","status_date":"09/25/2025","construction":"Type V-B Construction","permit_group":"Building","refresh_time":"06/10/2026","type_lat_lon":"BUILDING","business_unit":"Expanded Counter Plan Check","square_footage":"1879"},"geometry":{"type":"Point","coordinates":[-118.32893319,33.72150678]}},{"type":"Feature","properties":{"date":"2025-01-06T00:00:00.000Z","year":2025,"description":"ePlan ***PROPOSED TOWNHOME BUILDING WITH ATTACHED GARAGES (BLDG 501)","metadescription":"Bldg-New. Apartment. ePlan ***PROPOSED TOWNHOME BUILDING WITH ATTACHED GARAGES (BLDG 501). Issued. 26900 S WESTERN AVE 31-38","address":"26900 South Western Avenue, CA, San Pedro, 90732, US","ct":"9800.15","ev":"N","hl":"YES","apc":"Harbor","cpa":"Wilmington - Harbor City","zone":"OS-1XL","solar":"N","height":"34.9","pin_nbr":"027B193   409","use_code":"5","status_date":"01/06/2025","construction":"Type V-B Construction","permit_group":"Building","refresh_time":"06/10/2026","type_lat_lon":"ADDRESS","business_unit":"Regular Plan Check","square_footage":"14572"},"geometry":{"type":"Point","coordinates":[-118.30872,33.77491]}},{"type":"Feature","properties":{"date":"2024-07-10T00:00:00.000Z","year":2024,"description":"ePlan ***PROPOSED TOWNHOME BUILDING WITH ATTACHED GARAGES (BLDG 201)","metadescription":"Bldg-New. Apartment. ePlan ***PROPOSED TOWNHOME BUILDING WITH ATTACHED GARAGES (BLDG 201). CofO Issued. 26900 S WESTERN AVE 7-14","address":"26900 South Western Avenue, CA, San Pedro, 90732, US","ct":"9800.15","ev":"N","hl":"YES","apc":"Harbor","cpa":"Wilmington - Harbor City","zone":"OS-1XL","solar":"N","height":"34.9","pin_nbr":"027B193   409","use_code":"5","status_date":"06/23/2025","construction":"Type V-B Construction","permit_group":"Building","refresh_time":"06/10/2026","type_lat_lon":"ADDRESS","business_unit":"Regular Plan Check","square_footage":"14572"},"geometry":{"type":"Point","coordinates":[-118.30872,33.77491]}},{"type":"Feature","properties":{"date":"2024-07-10T00:00:00.000Z","year":2024,"description":"ePlan ***PROPOSED TOWNHOME BUILDING WITH ATTACHED GARAGES (BLDG 101)","metadescription":"Bldg-New. Apartment. ePlan ***PROPOSED TOWNHOME BUILDING WITH ATTACHED GARAGES (BLDG 101). CofO Issued. 26900 S WESTERN AVE 1-6","address":"26900 South Western Avenue, CA, San Pedro, 90732, US","ct":"9800.15","ev":"N","hl":"YES","apc":"Harbor","cpa":"Wilmington - Harbor City","zone":"OS-1XL","solar":"N","height":"34","pin_nbr":"027B193   409","use_code":"5","status_date":"06/05/2025","construction":"Type V-B Construction","permit_group":"Building","refresh_time":"06/10/2026","type_lat_lon":"ADDRESS","business_unit":"Regular Plan Check","square_footage":"2852"},"geometry":{"type":"Point","coordinates":[-118.30872,33.77491]}},{"type":"Feature","properties":{"date":"2024-06-28T00:00:00.000Z","year":2024,"description":"ePlan ***PROPOSED TOWNHOME BUILDING WITH ATTACHED GARAGES (BLDG 801-3)","metadescription":"Bldg-New. Apartment. ePlan ***PROPOSED TOWNHOME BUILDING WITH ATTACHED GARAGES (BLDG 801-3). CofO Issued. 26900 S WESTERN AVE 15-22","address":"26900 South Western Avenue, CA, San Pedro, 90732, US","ct":"9800.15","ev":"N","hl":"YES","apc":"Harbor","cpa":"Wilmington - Harbor City","zone":"OS-1XL","solar":"N","height":"34.9","pin_nbr":"027B193   409","use_code":"5","status_date":"04/22/2025","construction":"Type V-B Construction","permit_group":"Building","refresh_time":"06/10/2026","type_lat_lon":"ADDRESS","business_unit":"Regular Plan Check","square_footage":"14572"},"geometry":{"type":"Point","coordinates":[-118.30872,33.77491]}},{"type":"Feature","properties":{"date":"2024-06-28T00:00:00.000Z","year":2024,"description":"ePlan ***PROPOSED TOWNHOME BUILDING WITH ATTACHED GARAGES (BLDG 801-4)","metadescription":"Bldg-New. Apartment. ePlan ***PROPOSED TOWNHOME BUILDING WITH ATTACHED GARAGES (BLDG 801-4). CofO Issued. 26900 S WESTERN AVE 23-30","address":"26900 South Western Avenue, CA, San Pedro, 90732, US","ct":"9800.15","ev":"N","hl":"YES","apc":"Harbor","cpa":"Wilmington - Harbor City","zone":"OS-1XL","solar":"N","height":"34.9","pin_nbr":"027B193   409","use_code":"5","status_date":"04/01/2025","construction":"Type V-B Construction","permit_group":"Building","refresh_time":"06/10/2026","type_lat_lon":"ADDRESS","business_unit":"Regular Plan Check","square_footage":"14572"},"geometry":{"type":"Point","coordinates":[-118.30872,33.77491]}},{"type":"Feature","properties":{"date":"2024-05-21T00:00:00.000Z","year":2024,"description":"ePlan ***PROPOSED TOWNHOME BUILDING WITH ATTACHED GARAGES (BLDG 802)","metadescription":"Bldg-New. Apartment. ePlan ***PROPOSED TOWNHOME BUILDING WITH ATTACHED GARAGES (BLDG 802). CofO Issued. 26900 S WESTERN AVE 47-54","address":"26900 South Western Avenue, CA, San Pedro, 90732, US","ct":"9800.15","ev":"N","hl":"YES","apc":"Harbor","cpa":"Wilmington - Harbor City","zone":"OS-1XL","solar":"N","height":"34.9","pin_nbr":"027B193   409","use_code":"5","status_date":"02/13/2025","construction":"Type V-B Construction","permit_group":"Building","refresh_time":"06/10/2026","type_lat_lon":"ADDRESS","business_unit":"Regular Plan Check","square_footage":"14572"},"geometry":{"type":"Point","coordinates":[-118.30872,33.77491]}},{"type":"Feature","properties":{"date":"2024-05-17T00:00:00.000Z","year":2024,"description":"ePlan ***PROPOSED TOWNHOME BUILDING WITH ATTACHED GARAGES (BLDG 601)","metadescription":"Bldg-New. Apartment. ePlan ***PROPOSED TOWNHOME BUILDING WITH ATTACHED GARAGES (BLDG 601). CofO Issued. 26900 S WESTERN AVE 39-46","address":"26900 South Western Avenue, CA, San Pedro, 90732, US","ct":"9800.15","ev":"N","hl":"YES","apc":"Harbor","cpa":"Wilmington - Harbor City","zone":"OS-1XL","solar":"N","height":"34.9","pin_nbr":"027B193   409","use_code":"5","status_date":"11/25/2025","construction":"Type V-B Construction","permit_group":"Building","refresh_time":"06/10/2026","type_lat_lon":"ADDRESS","business_unit":"Regular Plan Check","square_footage":"11065"},"geometry":{"type":"Point","coordinates":[-118.30872,33.77491]}},{"type":"Feature","properties":{"date":"2023-12-07T00:00:00.000Z","year":2023,"description":"REMODEL BOTH FLOORS OF  (E) 2-STORY SFD WITH GARAGE.","metadescription":"Bldg-Alter/Repair. 1 or 2 Family Dwelling. REMODEL BOTH FLOORS OF  (E) 2-STORY SFD WITH GARAGE.. Permit Finaled. 3713 S STARGAZER AVE","address":"3709 Stargazer Avenue, CA, San Pedro, 90732, US","ct":"2974.00","ev":"N","hl":"YES","apc":"Harbor","cpa":"San Pedro","zone":"R1-1XL","solar":"N","pin_nbr":"009B185    21","use_code":"1","status_date":"04/21/2026","permit_group":"Building","refresh_time":"06/10/2026","type_lat_lon":"ADDRESS","business_unit":"Expanded Counter Plan Check"},"geometry":{"type":"Point","coordinates":[-118.32711,33.72237]}},{"type":"Feature","properties":{"date":"2022-03-21T00:00:00.000Z","year":2022,"description":"36 of 37(N) 3-STORY SFD WITH ATTACHED 2-CAR GARAGE AS PER DIR - 2021-1901 SPP-SPPA","metadescription":"Bldg-New. 1 or 2 Family Dwelling. 36 of 37(N) 3-STORY SFD WITH ATTACHED 2-CAR GARAGE AS PER DIR - 2021-1901 SPP-SPPA. Verifications in Progress. 26900 S WESTERN AVE","address":"26900 South Western Avenue, CA, San Pedro, 90732, US","ct":"9800.15","ev":"N","hl":"YES","apc":"Harbor","cpa":"Wilmington - Harbor City","zone":"OS-1XL","solar":"N","pin_nbr":"027B193   158","use_code":"1","status_date":"07/22/2022","permit_group":"Building","refresh_time":"06/10/2026","type_lat_lon":"ADDRESS","business_unit":"Regular Plan Check"},"geometry":{"type":"Point","coordinates":[-118.30872,33.77491]}},{"type":"Feature","properties":{"date":"2022-03-21T00:00:00.000Z","year":2022,"description":"35 of 37(N) 3-STORY SFD WITH ATTACHED 2-CAR GARAGE AS PER DIR - 2021-1901 SPP-SPPA","metadescription":"Bldg-New. 1 or 2 Family Dwelling. 35 of 37(N) 3-STORY SFD WITH ATTACHED 2-CAR GARAGE AS PER DIR - 2021-1901 SPP-SPPA. Verifications in Progress. 26900 S WESTERN AVE","address":"26900 South Western Avenue, CA, San Pedro, 90732, US","ct":"9800.15","ev":"N","hl":"YES","apc":"Harbor","cpa":"Wilmington - Harbor City","zone":"OS-1XL","solar":"N","pin_nbr":"027B193   158","use_code":"1","status_date":"07/22/2022","permit_group":"Building","refresh_time":"06/10/2026","type_lat_lon":"ADDRESS","business_unit":"Regular Plan Check"},"geometry":{"type":"Point","coordinates":[-118.30872,33.77491]}},{"type":"Feature","properties":{"date":"2022-03-21T00:00:00.000Z","year":2022,"description":"20 of 37(N) 3-STORY SFD WITH ATTACHED 2-CAR GARAGE AS PER DIR - 2021-1901 SPP-SPPA","metadescription":"Bldg-New. 1 or 2 Family Dwelling. 20 of 37(N) 3-STORY SFD WITH ATTACHED 2-CAR GARAGE AS PER DIR - 2021-1901 SPP-SPPA. Verifications in Progress. 26900 S WESTERN AVE","address":"26900 South Western Avenue, CA, San Pedro, 90732, US","ct":"9800.15","ev":"N","hl":"YES","apc":"Harbor","cpa":"Wilmington - Harbor City","zone":"OS-1XL","solar":"N","pin_nbr":"027B193   158","use_code":"1","status_date":"07/22/2022","permit_group":"Building","refresh_time":"06/10/2026","type_lat_lon":"ADDRESS","business_unit":"Regular Plan Check"},"geometry":{"type":"Point","coordinates":[-118.30872,33.77491]}},{"type":"Feature","properties":{"date":"2022-03-21T00:00:00.000Z","year":2022,"description":"22 of 37(N) 3-STORY SFD WITH ATTACHED 2-CAR GARAGE AS PER DIR - 2021-1901 SPP-SPPA","metadescription":"Bldg-New. 1 or 2 Family Dwelling. 22 of 37(N) 3-STORY SFD WITH ATTACHED 2-CAR GARAGE AS PER DIR - 2021-1901 SPP-SPPA. Verifications in Progress. 26900 S WESTERN AVE","address":"26900 South Western Avenue, CA, San Pedro, 90732, US","ct":"9800.15","ev":"N","hl":"YES","apc":"Harbor","cpa":"Wilmington - Harbor City","zone":"OS-1XL","solar":"N","pin_nbr":"027B193   158","use_code":"1","status_date":"07/22/2022","permit_group":"Building","refresh_time":"06/10/2026","type_lat_lon":"ADDRESS","business_unit":"Regular Plan Check"},"geometry":{"type":"Point","coordinates":[-118.30872,33.77491]}},{"type":"Feature","properties":{"date":"2022-03-21T00:00:00.000Z","year":2022,"description":"16 of 37(N) 3-STORY SFD WITH ATTACHED 2-CAR GARAGE AS PER DIR - 2021-1901 SPP-SPPA","metadescription":"Bldg-New. 1 or 2 Family Dwelling. 16 of 37(N) 3-STORY SFD WITH ATTACHED 2-CAR GARAGE AS PER DIR - 2021-1901 SPP-SPPA. Verifications in Progress. 26900 S WESTERN AVE","address":"26900 South Western Avenue, CA, San Pedro, 90732, US","ct":"9800.15","ev":"N","hl":"YES","apc":"Harbor","cpa":"Wilmington - Harbor City","zone":"OS-1XL","solar":"N","pin_nbr":"027B193   158","use_code":"1","status_date":"07/22/2022","permit_group":"Building","refresh_time":"06/10/2026","type_lat_lon":"ADDRESS","business_unit":"Regular Plan Check"},"geometry":{"type":"Point","coordinates":[-118.30872,33.77491]}},{"type":"Feature","properties":{"date":"2022-03-21T00:00:00.000Z","year":2022,"description":"21 of 37(N) 3-STORY SFD WITH ATTACHED 2-CAR GARAGE AS PER DIR - 2021-1901 SPP-SPPA","metadescription":"Bldg-New. 1 or 2 Family Dwelling. 21 of 37(N) 3-STORY SFD WITH ATTACHED 2-CAR GARAGE AS PER DIR - 2021-1901 SPP-SPPA. Verifications in Progress. 26900 S WESTERN AVE","address":"26900 South Western Avenue, CA, San Pedro, 90732, US","ct":"9800.15","ev":"N","hl":"YES","apc":"Harbor","cpa":"Wilmington - Harbor City","zone":"OS-1XL","solar":"N","pin_nbr":"027B193   158","use_code":"1","status_date":"07/22/2022","permit_group":"Building","refresh_time":"06/10/2026","type_lat_lon":"ADDRESS","business_unit":"Regular Plan Check"},"geometry":{"type":"Point","coordinates":[-118.30872,33.77491]}},{"type":"Feature","properties":{"date":"2022-03-21T00:00:00.000Z","year":2022,"description":"7 of 37(N) 3-STORY SFD WITH ATTACHED 2-CAR GARAGE AS PER DIR - 2021-1901 SPP-SPPA","metadescription":"Bldg-New. 1 or 2 Family Dwelling. 7 of 37(N) 3-STORY SFD WITH ATTACHED 2-CAR GARAGE AS PER DIR - 2021-1901 SPP-SPPA. Verifications in Progress. 26900 S WESTERN AVE","address":"26900 South Western Avenue, CA, San Pedro, 90732, US","ct":"9800.15","ev":"N","hl":"YES","apc":"Harbor","cpa":"Wilmington - Harbor City","zone":"OS-1XL","solar":"N","pin_nbr":"027B193   158","use_code":"1","status_date":"07/22/2022","permit_group":"Building","refresh_time":"06/10/2026","type_lat_lon":"ADDRESS","business_unit":"Regular Plan Check"},"geometry":{"type":"Point","coordinates":[-118.30872,33.77491]}},{"type":"Feature","properties":{"date":"2022-03-21T00:00:00.000Z","year":2022,"description":"25 of 37(N) 3-STORY SFD WITH ATTACHED 2-CAR GARAGE AS PER DIR - 2021-1901 SPP-SPPA","metadescription":"Bldg-New. 1 or 2 Family Dwelling. 25 of 37(N) 3-STORY SFD WITH ATTACHED 2-CAR GARAGE AS PER DIR - 2021-1901 SPP-SPPA. Verifications in Progress. 26900 S WESTERN AVE","address":"26900 South Western Avenue, CA, San Pedro, 90732, US","ct":"9800.15","ev":"N","hl":"YES","apc":"Harbor","cpa":"Wilmington - Harbor City","zone":"OS-1XL","solar":"N","pin_nbr":"027B193   158","use_code":"1","status_date":"07/22/2022","permit_group":"Building","refresh_time":"06/10/2026","type_lat_lon":"ADDRESS","business_unit":"Regular Plan Check"},"geometry":{"type":"Point","coordinates":[-118.30872,33.77491]}},{"type":"Feature","properties":{"date":"2022-03-21T00:00:00.000Z","year":2022,"description":"28 of 37(N) 3-STORY SFD WITH ATTACHED 2-CAR GARAGE AS PER DIR - 2021-1901 SPP-SPPA","metadescription":"Bldg-New. 1 or 2 Family Dwelling. 28 of 37(N) 3-STORY SFD WITH ATTACHED 2-CAR GARAGE AS PER DIR - 2021-1901 SPP-SPPA. Verifications in Progress. 26900 S WESTERN AVE","address":"26900 South Western Avenue, CA, San Pedro, 90732, US","ct":"9800.15","ev":"N","hl":"YES","apc":"Harbor","cpa":"Wilmington - Harbor City","zone":"OS-1XL","solar":"N","pin_nbr":"027B193   158","use_code":"1","status_date":"07/22/2022","permit_group":"Building","refresh_time":"06/10/2026","type_lat_lon":"ADDRESS","business_unit":"Regular Plan Check"},"geometry":{"type":"Point","coordinates":[-118.30872,33.77491]}},{"type":"Feature","properties":{"date":"2022-03-21T00:00:00.000Z","year":2022,"description":"17 of 37(N) 3-STORY SFD WITH ATTACHED 2-CAR GARAGE AS PER DIR - 2021-1901 SPP-SPPA","metadescription":"Bldg-New. 1 or 2 Family Dwelling. 17 of 37(N) 3-STORY SFD WITH ATTACHED 2-CAR GARAGE AS PER DIR - 2021-1901 SPP-SPPA. Verifications in Progress. 26900 S WESTERN AVE","address":"26900 South Western Avenue, CA, San Pedro, 90732, US","ct":"9800.15","ev":"N","hl":"YES","apc":"Harbor","cpa":"Wilmington - Harbor City","zone":"OS-1XL","solar":"N","pin_nbr":"027B193   158","use_code":"1","status_date":"07/22/2022","permit_group":"Building","refresh_time":"06/10/2026","type_lat_lon":"ADDRESS","business_unit":"Regular Plan Check"},"geometry":{"type":"Point","coordinates":[-118.30872,33.77491]}},{"type":"Feature","properties":{"date":"2022-03-21T00:00:00.000Z","year":2022,"description":"33 of 37(N) 3-STORY SFD WITH ATTACHED 2-CAR GARAGE AS PER DIR - 2021-1901 SPP-SPPA","metadescription":"Bldg-New. 1 or 2 Family Dwelling. 33 of 37(N) 3-STORY SFD WITH ATTACHED 2-CAR GARAGE AS PER DIR - 2021-1901 SPP-SPPA. Verifications in Progress. 26900 S WESTERN AVE","address":"26900 South Western Avenue, CA, San Pedro, 90732, US","ct":"9800.15","ev":"N","hl":"YES","apc":"Harbor","cpa":"Wilmington - Harbor City","zone":"OS-1XL","solar":"N","pin_nbr":"027B193   158","use_code":"1","status_date":"07/22/2022","permit_group":"Building","refresh_time":"06/10/2026","type_lat_lon":"ADDRESS","business_unit":"Regular Plan Check"},"geometry":{"type":"Point","coordinates":[-118.30872,33.77491]}},{"type":"Feature","properties":{"date":"2022-03-21T00:00:00.000Z","year":2022,"description":"13 of 37(N) 3-STORY SFD WITH ATTACHED 2-CAR GARAGE AS PER DIR - 2021-1901 SPP-SPPA","metadescription":"Bldg-New. 1 or 2 Family Dwelling. 13 of 37(N) 3-STORY SFD WITH ATTACHED 2-CAR GARAGE AS PER DIR - 2021-1901 SPP-SPPA. Verifications in Progress. 26900 S WESTERN AVE","address":"26900 South Western Avenue, CA, San Pedro, 90732, US","ct":"9800.15","ev":"N","hl":"YES","apc":"Harbor","cpa":"Wilmington - Harbor City","zone":"OS-1XL","solar":"N","pin_nbr":"027B193   158","use_code":"1","status_date":"07/22/2022","permit_group":"Building","refresh_time":"06/10/2026","type_lat_lon":"ADDRESS","business_unit":"Regular Plan Check"},"geometry":{"type":"Point","coordinates":[-118.30872,33.77491]}},{"type":"Feature","properties":{"date":"2022-03-21T00:00:00.000Z","year":2022,"description":"34 of 37(N) 3-STORY SFD WITH ATTACHED 2-CAR GARAGE AS PER DIR - 2021-1901 SPP-SPPA","metadescription":"Bldg-New. 1 or 2 Family Dwelling. 34 of 37(N) 3-STORY SFD WITH ATTACHED 2-CAR GARAGE AS PER DIR - 2021-1901 SPP-SPPA. Verifications in Progress. 26900 S WESTERN AVE","address":"26900 South Western Avenue, CA, San Pedro, 90732, US","ct":"9800.15","ev":"N","hl":"YES","apc":"Harbor","cpa":"Wilmington - Harbor City","zone":"OS-1XL","solar":"N","pin_nbr":"027B193   158","use_code":"1","status_date":"07/22/2022","permit_group":"Building","refresh_time":"06/10/2026","type_lat_lon":"ADDRESS","business_unit":"Regular Plan Check"},"geometry":{"type":"Point","coordinates":[-118.30872,33.77491]}},{"type":"Feature","properties":{"date":"2022-03-21T00:00:00.000Z","year":2022,"description":"8 of 37(N) 3-STORY SFD WITH ATTACHED 2-CAR GARAGE AS PER DIR - 2021-1901 SPP-SPPA","metadescription":"Bldg-New. 1 or 2 Family Dwelling. 8 of 37(N) 3-STORY SFD WITH ATTACHED 2-CAR GARAGE AS PER DIR - 2021-1901 SPP-SPPA. Verifications in Progress. 26900 S WESTERN AVE","address":"26900 South Western Avenue, CA, San Pedro, 90732, US","ct":"9800.15","ev":"N","hl":"YES","apc":"Harbor","cpa":"Wilmington - Harbor City","zone":"OS-1XL","solar":"N","pin_nbr":"027B193   158","use_code":"1","status_date":"07/22/2022","permit_group":"Building","refresh_time":"06/10/2026","type_lat_lon":"ADDRESS","business_unit":"Regular Plan Check"},"geometry":{"type":"Point","coordinates":[-118.30872,33.77491]}},{"type":"Feature","properties":{"date":"2022-03-21T00:00:00.000Z","year":2022,"description":"2 of 37(N) 3-STORY SFD WITH ATTACHED 2-CAR GARAGE AS PER DIR - 2021-1901 SPP-SPPA","metadescription":"Bldg-New. 1 or 2 Family Dwelling. 2 of 37(N) 3-STORY SFD WITH ATTACHED 2-CAR GARAGE AS PER DIR - 2021-1901 SPP-SPPA. Verifications in Progress. 26900 S WESTERN AVE","address":"26900 South Western Avenue, CA, San Pedro, 90732, US","ct":"9800.15","ev":"N","hl":"YES","apc":"Harbor","cpa":"Wilmington - Harbor City","zone":"OS-1XL","solar":"N","pin_nbr":"027B193   158","use_code":"1","status_date":"07/22/2022","permit_group":"Building","refresh_time":"06/10/2026","type_lat_lon":"ADDRESS","business_unit":"Regular Plan Check"},"geometry":{"type":"Point","coordinates":[-118.30872,33.77491]}},{"type":"Feature","properties":{"date":"2022-03-21T00:00:00.000Z","year":2022,"description":"9 of 37(N) 3-STORY SFD WITH ATTACHED 2-CAR GARAGE AS PER DIR - 2021-1901 SPP-SPPA","metadescription":"Bldg-New. 1 or 2 Family Dwelling. 9 of 37(N) 3-STORY SFD WITH ATTACHED 2-CAR GARAGE AS PER DIR - 2021-1901 SPP-SPPA. Verifications in Progress. 26900 S WESTERN AVE","address":"26900 South Western Avenue, CA, San Pedro, 90732, US","ct":"9800.15","ev":"N","hl":"YES","apc":"Harbor","cpa":"Wilmington - Harbor City","zone":"OS-1XL","solar":"N","pin_nbr":"027B193   158","use_code":"1","status_date":"07/22/2022","permit_group":"Building","refresh_time":"06/10/2026","type_lat_lon":"ADDRESS","business_unit":"Regular Plan Check"},"geometry":{"type":"Point","coordinates":[-118.30872,33.77491]}},{"type":"Feature","properties":{"date":"2022-03-21T00:00:00.000Z","year":2022,"description":"12 of 37(N) 3-STORY SFD WITH ATTACHED 2-CAR GARAGE AS PER DIR - 2021-1901 SPP-SPPA","metadescription":"Bldg-New. 1 or 2 Family Dwelling. 12 of 37(N) 3-STORY SFD WITH ATTACHED 2-CAR GARAGE AS PER DIR - 2021-1901 SPP-SPPA. Verifications in Progress. 26900 S WESTERN AVE","address":"26900 South Western Avenue, CA, San Pedro, 90732, US","ct":"9800.15","ev":"N","hl":"YES","apc":"Harbor","cpa":"Wilmington - Harbor City","zone":"OS-1XL","solar":"N","pin_nbr":"027B193   158","use_code":"1","status_date":"07/22/2022","permit_group":"Building","refresh_time":"06/10/2026","type_lat_lon":"ADDRESS","business_unit":"Regular Plan Check"},"geometry":{"type":"Point","coordinates":[-118.30872,33.77491]}},{"type":"Feature","properties":{"date":"2022-03-21T00:00:00.000Z","year":2022,"description":"37 of 37(N) 3-STORY SFD WITH ATTACHED 2-CAR GARAGE AS PER DIR - 2021-1901 SPP-SPPA","metadescription":"Bldg-New. 1 or 2 Family Dwelling. 37 of 37(N) 3-STORY SFD WITH ATTACHED 2-CAR GARAGE AS PER DIR - 2021-1901 SPP-SPPA. Verifications in Progress. 26900 S WESTERN AVE","address":"26900 South Western Avenue, CA, San Pedro, 90732, US","ct":"9800.15","ev":"N","hl":"YES","apc":"Harbor","cpa":"Wilmington - Harbor City","zone":"OS-1XL","solar":"N","pin_nbr":"027B193   158","use_code":"1","status_date":"07/22/2022","permit_group":"Building","refresh_time":"06/10/2026","type_lat_lon":"ADDRESS","business_unit":"Regular Plan Check"},"geometry":{"type":"Point","coordinates":[-118.30872,33.77491]}},{"type":"Feature","properties":{"date":"2022-03-21T00:00:00.000Z","year":2022,"description":"31 of 37(N) 3-STORY SFD WITH ATTACHED 2-CAR GARAGE AS PER DIR - 2021-1901 SPP-SPPA","metadescription":"Bldg-New. 1 or 2 Family Dwelling. 31 of 37(N) 3-STORY SFD WITH ATTACHED 2-CAR GARAGE AS PER DIR - 2021-1901 SPP-SPPA. Verifications in Progress. 26900 S WESTERN AVE","address":"26900 South Western Avenue, CA, San Pedro, 90732, US","ct":"9800.15","ev":"N","hl":"YES","apc":"Harbor","cpa":"Wilmington - Harbor City","zone":"OS-1XL","solar":"N","pin_nbr":"027B193   158","use_code":"1","status_date":"07/22/2022","permit_group":"Building","refresh_time":"06/10/2026","type_lat_lon":"ADDRESS","business_unit":"Regular Plan Check"},"geometry":{"type":"Point","coordinates":[-118.30872,33.77491]}},{"type":"Feature","properties":{"date":"2022-03-21T00:00:00.000Z","year":2022,"description":"11 of 37(N) 3-STORY SFD WITH ATTACHED 2-CAR GARAGE AS PER DIR - 2021-1901 SPP-SPPA","metadescription":"Bldg-New. 1 or 2 Family Dwelling. 11 of 37(N) 3-STORY SFD WITH ATTACHED 2-CAR GARAGE AS PER DIR - 2021-1901 SPP-SPPA. Verifications in Progress. 26900 S WESTERN AVE","address":"26900 South Western Avenue, CA, San Pedro, 90732, US","ct":"9800.15","ev":"N","hl":"YES","apc":"Harbor","cpa":"Wilmington - Harbor City","zone":"OS-1XL","solar":"N","pin_nbr":"027B193   158","use_code":"1","status_date":"07/22/2022","permit_group":"Building","refresh_time":"06/10/2026","type_lat_lon":"ADDRESS","business_unit":"Regular Plan Check"},"geometry":{"type":"Point","coordinates":[-118.30872,33.77491]}},{"type":"Feature","properties":{"date":"2022-03-21T00:00:00.000Z","year":2022,"description":"14 of 37(N) 3-STORY SFD WITH ATTACHED 2-CAR GARAGE AS PER DIR - 2021-1901 SPP-SPPA","metadescription":"Bldg-New. 1 or 2 Family Dwelling. 14 of 37(N) 3-STORY SFD WITH ATTACHED 2-CAR GARAGE AS PER DIR - 2021-1901 SPP-SPPA. Verifications in Progress. 26900 S WESTERN AVE","address":"26900 South Western Avenue, CA, San Pedro, 90732, US","ct":"9800.15","ev":"N","hl":"YES","apc":"Harbor","cpa":"Wilmington - Harbor City","zone":"OS-1XL","solar":"N","pin_nbr":"027B193   158","use_code":"1","status_date":"07/22/2022","permit_group":"Building","refresh_time":"06/10/2026","type_lat_lon":"ADDRESS","business_unit":"Regular Plan Check"},"geometry":{"type":"Point","coordinates":[-118.30872,33.77491]}},{"type":"Feature","properties":{"date":"2022-03-21T00:00:00.000Z","year":2022,"description":"26 of 37(N) 3-STORY SFD WITH ATTACHED 2-CAR GARAGE AS PER DIR - 2021-1901 SPP-SPPA","metadescription":"Bldg-New. 1 or 2 Family Dwelling. 26 of 37(N) 3-STORY SFD WITH ATTACHED 2-CAR GARAGE AS PER DIR - 2021-1901 SPP-SPPA. Verifications in Progress. 26900 S WESTERN AVE","address":"26900 South Western Avenue, CA, San Pedro, 90732, US","ct":"9800.15","ev":"N","hl":"YES","apc":"Harbor","cpa":"Wilmington - Harbor City","zone":"OS-1XL","solar":"N","pin_nbr":"027B193   158","use_code":"1","status_date":"07/22/2022","permit_group":"Building","refresh_time":"06/10/2026","type_lat_lon":"ADDRESS","business_unit":"Regular Plan Check"},"geometry":{"type":"Point","coordinates":[-118.30872,33.77491]}},{"type":"Feature","properties":{"date":"2022-03-21T00:00:00.000Z","year":2022,"description":"30 of 37(N) 3-STORY SFD WITH ATTACHED 2-CAR GARAGE AS PER DIR - 2021-1901 SPP-SPPA","metadescription":"Bldg-New. 1 or 2 Family Dwelling. 30 of 37(N) 3-STORY SFD WITH ATTACHED 2-CAR GARAGE AS PER DIR - 2021-1901 SPP-SPPA. Verifications in Progress. 26900 S WESTERN AVE","address":"26900 South Western Avenue, CA, San Pedro, 90732, US","ct":"9800.15","ev":"N","hl":"YES","apc":"Harbor","cpa":"Wilmington - Harbor City","zone":"OS-1XL","solar":"N","pin_nbr":"027B193   158","use_code":"1","status_date":"07/22/2022","permit_group":"Building","refresh_time":"06/10/2026","type_lat_lon":"ADDRESS","business_unit":"Regular Plan Check"},"geometry":{"type":"Point","coordinates":[-118.30872,33.77491]}},{"type":"Feature","properties":{"date":"2022-03-21T00:00:00.000Z","year":2022,"description":"24 of 37(N) 3-STORY SFD WITH ATTACHED 2-CAR GARAGE AS PER DIR - 2021-1901 SPP-SPPA","metadescription":"Bldg-New. 1 or 2 Family Dwelling. 24 of 37(N) 3-STORY SFD WITH ATTACHED 2-CAR GARAGE AS PER DIR - 2021-1901 SPP-SPPA. Verifications in Progress. 26900 S WESTERN AVE","address":"26900 South Western Avenue, CA, San Pedro, 90732, US","ct":"9800.15","ev":"N","hl":"YES","apc":"Harbor","cpa":"Wilmington - Harbor City","zone":"OS-1XL","solar":"N","pin_nbr":"027B193   158","use_code":"1","status_date":"07/22/2022","permit_group":"Building","refresh_time":"06/10/2026","type_lat_lon":"ADDRESS","business_unit":"Regular Plan Check"},"geometry":{"type":"Point","coordinates":[-118.30872,33.77491]}},{"type":"Feature","properties":{"date":"2022-03-21T00:00:00.000Z","year":2022,"description":"4 of 37(N) 3-STORY SFD WITH ATTACHED 2-CAR GARAGE AS PER DIR - 2021-1901 SPP-SPPA","metadescription":"Bldg-New. 1 or 2 Family Dwelling. 4 of 37(N) 3-STORY SFD WITH ATTACHED 2-CAR GARAGE AS PER DIR - 2021-1901 SPP-SPPA. Verifications in Progress. 26900 S WESTERN AVE","address":"26900 South Western Avenue, CA, San Pedro, 90732, US","ct":"9800.15","ev":"N","hl":"YES","apc":"Harbor","cpa":"Wilmington - Harbor City","zone":"OS-1XL","solar":"N","pin_nbr":"027B193   158","use_code":"1","status_date":"07/22/2022","permit_group":"Building","refresh_time":"06/10/2026","type_lat_lon":"ADDRESS","business_unit":"Regular Plan Check"},"geometry":{"type":"Point","coordinates":[-118.30872,33.77491]}},{"type":"Feature","properties":{"date":"2022-03-21T00:00:00.000Z","year":2022,"description":"32 of 37(N) 3-STORY SFD WITH ATTACHED 2-CAR GARAGE AS PER DIR - 2021-1901 SPP-SPPA","metadescription":"Bldg-New. 1 or 2 Family Dwelling. 32 of 37(N) 3-STORY SFD WITH ATTACHED 2-CAR GARAGE AS PER DIR - 2021-1901 SPP-SPPA. Verifications in Progress. 26900 S WESTERN AVE","address":"26900 South Western Avenue, CA, San Pedro, 90732, US","ct":"9800.15","ev":"N","hl":"YES","apc":"Harbor","cpa":"Wilmington - Harbor City","zone":"OS-1XL","solar":"N","pin_nbr":"027B193   158","use_code":"1","status_date":"07/22/2022","permit_group":"Building","refresh_time":"06/10/2026","type_lat_lon":"ADDRESS","business_unit":"Regular Plan Check"},"geometry":{"type":"Point","coordinates":[-118.30872,33.77491]}},{"type":"Feature","properties":{"date":"2022-03-21T00:00:00.000Z","year":2022,"description":"3 of 37(N) 3-STORY SFD WITH ATTACHED 2-CAR GARAGE AS PER DIR - 2021-1901 SPP-SPPA","metadescription":"Bldg-New. 1 or 2 Family Dwelling. 3 of 37(N) 3-STORY SFD WITH ATTACHED 2-CAR GARAGE AS PER DIR - 2021-1901 SPP-SPPA. Verifications in Progress. 26900 S WESTERN AVE","address":"26900 South Western Avenue, CA, San Pedro, 90732, US","ct":"9800.15","ev":"N","hl":"YES","apc":"Harbor","cpa":"Wilmington - Harbor City","zone":"OS-1XL","solar":"N","pin_nbr":"027B193   158","use_code":"1","status_date":"07/22/2022","permit_group":"Building","refresh_time":"06/10/2026","type_lat_lon":"ADDRESS","business_unit":"Regular Plan Check"},"geometry":{"type":"Point","coordinates":[-118.30872,33.77491]}},{"type":"Feature","properties":{"date":"2022-03-21T00:00:00.000Z","year":2022,"description":"15 of 37(N) 3-STORY SFD WITH ATTACHED 2-CAR GARAGE AS PER DIR - 2021-1901 SPP-SPPA","metadescription":"Bldg-New. 1 or 2 Family Dwelling. 15 of 37(N) 3-STORY SFD WITH ATTACHED 2-CAR GARAGE AS PER DIR - 2021-1901 SPP-SPPA. Verifications in Progress. 26900 S WESTERN AVE","address":"26900 South Western Avenue, CA, San Pedro, 90732, US","ct":"9800.15","ev":"N","hl":"YES","apc":"Harbor","cpa":"Wilmington - Harbor City","zone":"OS-1XL","solar":"N","pin_nbr":"027B193   158","use_code":"1","status_date":"07/22/2022","permit_group":"Building","refresh_time":"06/10/2026","type_lat_lon":"ADDRESS","business_unit":"Regular Plan Check"},"geometry":{"type":"Point","coordinates":[-118.30872,33.77491]}},{"type":"Feature","properties":{"date":"2022-03-21T00:00:00.000Z","year":2022,"description":"6 of 37(N) 3-STORY SFD WITH ATTACHED 2-CAR GARAGE AS PER DIR - 2021-1901 SPP-SPPA","metadescription":"Bldg-New. 1 or 2 Family Dwelling. 6 of 37(N) 3-STORY SFD WITH ATTACHED 2-CAR GARAGE AS PER DIR - 2021-1901 SPP-SPPA. Verifications in Progress. 26900 S WESTERN AVE","address":"26900 South Western Avenue, CA, San Pedro, 90732, US","ct":"9800.15","ev":"N","hl":"YES","apc":"Harbor","cpa":"Wilmington - Harbor City","zone":"OS-1XL","solar":"N","pin_nbr":"027B193   158","use_code":"1","status_date":"07/22/2022","permit_group":"Building","refresh_time":"06/10/2026","type_lat_lon":"ADDRESS","business_unit":"Regular Plan Check"},"geometry":{"type":"Point","coordinates":[-118.30872,33.77491]}},{"type":"Feature","properties":{"date":"2022-03-21T00:00:00.000Z","year":2022,"description":"10 of 37(N) 3-STORY SFD WITH ATTACHED 2-CAR GARAGE AS PER DIR - 2021-1901 SPP-SPPA","metadescription":"Bldg-New. 1 or 2 Family Dwelling. 10 of 37(N) 3-STORY SFD WITH ATTACHED 2-CAR GARAGE AS PER DIR - 2021-1901 SPP-SPPA. Verifications in Progress. 26900 S WESTERN AVE","address":"26900 South Western Avenue, CA, San Pedro, 90732, US","ct":"9800.15","ev":"N","hl":"YES","apc":"Harbor","cpa":"Wilmington - Harbor City","zone":"OS-1XL","solar":"N","pin_nbr":"027B193   158","use_code":"1","status_date":"07/22/2022","permit_group":"Building","refresh_time":"06/10/2026","type_lat_lon":"ADDRESS","business_unit":"Regular Plan Check"},"geometry":{"type":"Point","coordinates":[-118.30872,33.77491]}},{"type":"Feature","properties":{"date":"2022-03-21T00:00:00.000Z","year":2022,"description":"23 of 37(N) 3-STORY SFD WITH ATTACHED 2-CAR GARAGE AS PER DIR - 2021-1901 SPP-SPPA","metadescription":"Bldg-New. 1 or 2 Family Dwelling. 23 of 37(N) 3-STORY SFD WITH ATTACHED 2-CAR GARAGE AS PER DIR - 2021-1901 SPP-SPPA. Verifications in Progress. 26900 S WESTERN AVE","address":"26900 South Western Avenue, CA, San Pedro, 90732, US","ct":"9800.15","ev":"N","hl":"YES","apc":"Harbor","cpa":"Wilmington - Harbor City","zone":"OS-1XL","solar":"N","pin_nbr":"027B193   158","use_code":"1","status_date":"07/22/2022","permit_group":"Building","refresh_time":"06/10/2026","type_lat_lon":"ADDRESS","business_unit":"Regular Plan Check"},"geometry":{"type":"Point","coordinates":[-118.30872,33.77491]}},{"type":"Feature","properties":{"date":"2022-03-21T00:00:00.000Z","year":2022,"description":"18 of 37(N) 3-STORY SFD WITH ATTACHED 2-CAR GARAGE AS PER DIR - 2021-1901 SPP-SPPA","metadescription":"Bldg-New. 1 or 2 Family Dwelling. 18 of 37(N) 3-STORY SFD WITH ATTACHED 2-CAR GARAGE AS PER DIR - 2021-1901 SPP-SPPA. Verifications in Progress. 26900 S WESTERN AVE","address":"26900 South Western Avenue, CA, San Pedro, 90732, US","ct":"9800.15","ev":"N","hl":"YES","apc":"Harbor","cpa":"Wilmington - Harbor City","zone":"OS-1XL","solar":"N","pin_nbr":"027B193   158","use_code":"1","status_date":"07/22/2022","permit_group":"Building","refresh_time":"06/10/2026","type_lat_lon":"ADDRESS","business_unit":"Regular Plan Check"},"geometry":{"type":"Point","coordinates":[-118.30872,33.77491]}},{"type":"Feature","properties":{"date":"2022-03-21T00:00:00.000Z","year":2022,"description":"5 of 37(N) 3-STORY SFD WITH ATTACHED 2-CAR GARAGE AS PER DIR - 2021-1901 SPP-SPPA","metadescription":"Bldg-New. 1 or 2 Family Dwelling. 5 of 37(N) 3-STORY SFD WITH ATTACHED 2-CAR GARAGE AS PER DIR - 2021-1901 SPP-SPPA. Verifications in Progress. 26900 S WESTERN AVE","address":"26900 South Western Avenue, CA, San Pedro, 90732, US","ct":"9800.15","ev":"N","hl":"YES","apc":"Harbor","cpa":"Wilmington - Harbor City","zone":"OS-1XL","solar":"N","pin_nbr":"027B193   158","use_code":"1","status_date":"07/22/2022","permit_group":"Building","refresh_time":"06/10/2026","type_lat_lon":"ADDRESS","business_unit":"Regular Plan Check"},"geometry":{"type":"Point","coordinates":[-118.30872,33.77491]}},{"type":"Feature","properties":{"date":"2022-03-21T00:00:00.000Z","year":2022,"description":"1 of 37(N) 3-STORY SFD WITH ATTACHED 2-CAR GARAGE AS PER DIR - 2021-1901 SPP-SPPA","metadescription":"Bldg-New. 1 or 2 Family Dwelling. 1 of 37(N) 3-STORY SFD WITH ATTACHED 2-CAR GARAGE AS PER DIR - 2021-1901 SPP-SPPA. Verifications in Progress. 26900 S WESTERN AVE","address":"26900 South Western Avenue, CA, San Pedro, 90732, US","ct":"9800.15","ev":"N","hl":"YES","apc":"Harbor","cpa":"Wilmington - Harbor City","zone":"OS-1XL","solar":"N","pin_nbr":"027B193   158","use_code":"1","status_date":"07/22/2022","permit_group":"Building","refresh_time":"06/10/2026","type_lat_lon":"ADDRESS","business_unit":"Regular Plan Check"},"geometry":{"type":"Point","coordinates":[-118.30872,33.77491]}},{"type":"Feature","properties":{"date":"2022-03-21T00:00:00.000Z","year":2022,"description":"29 of 37(N) 3-STORY SFD WITH ATTACHED 2-CAR GARAGE AS PER DIR - 2021-1901 SPP-SPPA","metadescription":"Bldg-New. 1 or 2 Family Dwelling. 29 of 37(N) 3-STORY SFD WITH ATTACHED 2-CAR GARAGE AS PER DIR - 2021-1901 SPP-SPPA. Verifications in Progress. 26900 S WESTERN AVE","address":"26900 South Western Avenue, CA, San Pedro, 90732, US","ct":"9800.15","ev":"N","hl":"YES","apc":"Harbor","cpa":"Wilmington - Harbor City","zone":"OS-1XL","solar":"N","pin_nbr":"027B193   158","use_code":"1","status_date":"07/22/2022","permit_group":"Building","refresh_time":"06/10/2026","type_lat_lon":"ADDRESS","business_unit":"Regular Plan Check"},"geometry":{"type":"Point","coordinates":[-118.30872,33.77491]}},{"type":"Feature","properties":{"date":"2022-03-21T00:00:00.000Z","year":2022,"description":"19 of 37(N) 3-STORY SFD WITH ATTACHED 2-CAR GARAGE AS PER DIR - 2021-1901 SPP-SPPA","metadescription":"Bldg-New. 1 or 2 Family Dwelling. 19 of 37(N) 3-STORY SFD WITH ATTACHED 2-CAR GARAGE AS PER DIR - 2021-1901 SPP-SPPA. Verifications in Progress. 26900 S WESTERN AVE","address":"26900 South Western Avenue, CA, San Pedro, 90732, US","ct":"9800.15","ev":"N","hl":"YES","apc":"Harbor","cpa":"Wilmington - Harbor City","zone":"OS-1XL","solar":"N","pin_nbr":"027B193   158","use_code":"1","status_date":"07/22/2022","permit_group":"Building","refresh_time":"06/10/2026","type_lat_lon":"ADDRESS","business_unit":"Regular Plan Check"},"geometry":{"type":"Point","coordinates":[-118.30872,33.77491]}},{"type":"Feature","properties":{"date":"2022-03-21T00:00:00.000Z","year":2022,"description":"27 of 37(N) 3-STORY SFD WITH ATTACHED 2-CAR GARAGE AS PER DIR - 2021-1901 SPP-SPPA","metadescription":"Bldg-New. 1 or 2 Family Dwelling. 27 of 37(N) 3-STORY SFD WITH ATTACHED 2-CAR GARAGE AS PER DIR - 2021-1901 SPP-SPPA. Verifications in Progress. 26900 S WESTERN AVE","address":"26900 South Western Avenue, CA, San Pedro, 90732, US","ct":"9800.15","ev":"N","hl":"YES","apc":"Harbor","cpa":"Wilmington - Harbor City","zone":"OS-1XL","solar":"N","pin_nbr":"027B193   158","use_code":"1","status_date":"07/22/2022","permit_group":"Building","refresh_time":"06/10/2026","type_lat_lon":"ADDRESS","business_unit":"Regular Plan Check"},"geometry":{"type":"Point","coordinates":[-118.30872,33.77491]}},{"type":"Feature","properties":{"date":"2021-12-13T00:00:00.000Z","year":2021,"description":"SUPPLEMENTAL TO PERMIT 20030-10000-07027. REVISE GARAGE STEAM WALL ELEVATION TYP.","metadescription":"Grading. Commercial. SUPPLEMENTAL TO PERMIT 20030-10000-07027. REVISE GARAGE STEAM WALL ELEVATION TYP.. Issued. 26900 S WESTERN AVE","address":"26900 South Western Avenue, CA, San Pedro, 90732, US","ct":"9800.15","ev":"N","hl":"YES","apc":"Harbor","cpa":"Wilmington - Harbor City","zone":"OS-1XL","solar":"N","pin_nbr":"027B193   158","use_code":"70","status_date":"12/13/2021","permit_group":"Building","refresh_time":"06/10/2026","type_lat_lon":"ADDRESS","business_unit":"Plan Check at Counter"},"geometry":{"type":"Point","coordinates":[-118.30872,33.77491]}},{"type":"Feature","properties":{"date":"2021-07-22T00:00:00.000Z","year":2021,"description":"Structural repair of damaged detached garage opening","metadescription":"Bldg-Alter/Repair. Apartment. Structural repair of damaged detached garage opening. Permit Finaled. 2029 N STONEWOOD CT","address":"2029 Stonewood Court, CA, San Pedro, 90732, US","ct":"2951.03","ev":"N","hl":"YES","apc":"Harbor","cpa":"San Pedro","zone":"RD2-1XL","solar":"N","pin_nbr":"024B193     5","use_code":"7","status_date":"08/03/2021","permit_group":"Building","refresh_time":"06/10/2026","type_lat_lon":"ADDRESS","business_unit":"Plan Check at Counter"},"geometry":{"type":"Point","coordinates":[-118.3084,33.7631]}},{"type":"Feature","properties":{"date":"2021-04-27T00:00:00.000Z","year":2021,"description":"(TR 71866-01 PVSP-SUBAREA 2) PROPOSE TWO STORY SFD WITH ATTACHED GARAGE_PLAN 3A_ [BUILDING SHALL BE FULLY SPRINKLER THROUGH OUT WITH NFPA 13D].","metadescription":"Bldg-New. 1 or 2 Family Dwelling. (TR 71866-01 PVSP-SUBAREA 2) PROPOSE TWO STORY SFD WITH ATTACHED GARAGE_PLAN 3A_ [BUILDING SHALL BE FULLY SPRINKLER THROUGH OUT WITH NFPA 13D].. CofO Issued. 27536 S ORCHARD LANE LOT 12","address":"27536 S ORCHARD LANE LOT 12","ct":"9800.15","ev":"N","apc":"Harbor","cpa":"Wilmington - Harbor City","zone":"PVSP","solar":"N","height":"25.75","pin_nbr":"027B193   178","use_code":"1","status_date":"09/30/2022","construction":"Type V-B Construction","permit_group":"Building","refresh_time":"06/10/2026","type_lat_lon":"BUILDING","business_unit":"Regular Plan Check","square_footage":"2553"},"geometry":{"type":"Point","coordinates":[-118.30717958,33.77295444]}},{"type":"Feature","properties":{"date":"2021-02-10T00:00:00.000Z","year":2021,"description":"(N) 2-STORY SFD W/ ATTACHED GARAGE (NFPA-13D FIRE SPRINKLERS THROUGHOUT) [Small lot subdivision pursuant to Tentative Tract Map No. 71886-04. A certificate of occupancy (temporary or final) shall not be issued until after the final map has been recorded]","metadescription":"Bldg-New. 1 or 2 Family Dwelling. (N) 2-STORY SFD W/ ATTACHED GARAGE (NFPA-13D FIRE SPRINKLERS THROUGHOUT) [Small lot subdivision pursuant to Tentative Tract Map No. 71886-04. A certificate of occupancy (temporary or final) shall not be issued until after the final map has been recorded]. CofO Issued. 27507 W VERIDIAN LANE","address":"27507 South Edgemont Drive, CA, San Pedro, 90732, US","ct":"9800.15","ev":"N","apc":"Harbor","cpa":"Wilmington - Harbor City","zone":"PVSP","solar":"N","height":"27.42","pin_nbr":"027B193   335","use_code":"1","status_date":"12/27/2021","construction":"Type V-B Construction","permit_group":"Building","refresh_time":"06/10/2026","type_lat_lon":"BUILDING","business_unit":"Regular Plan Check","square_footage":"3330"},"geometry":{"type":"Point","coordinates":[-118.30864502,33.77139999]}},{"type":"Feature","properties":{"date":"2021-02-10T00:00:00.000Z","year":2021,"description":"(N) 2-STORY SFD W/ ATTACHED GARAGE (NFPA-13D FIRE SPRINKLERS THROUGHOUT) [Small lot subdivision pursuant to Tentative Tract Map No. 71886-04. A certificate of occupancy (temporary or final) shall not be issued until after the final map has been recorded]","metadescription":"Bldg-New. 1 or 2 Family Dwelling. (N) 2-STORY SFD W/ ATTACHED GARAGE (NFPA-13D FIRE SPRINKLERS THROUGHOUT) [Small lot subdivision pursuant to Tentative Tract Map No. 71886-04. A certificate of occupancy (temporary or final) shall not be issued until after the final map has been recorded]. CofO Issued. 27511 S EDGEMONT DR","address":"27511 South Edgemont Drive, CA, San Pedro, 90732, US","ct":"9800.15","ev":"N","apc":"Harbor","cpa":"Wilmington - Harbor City","zone":"PVSP","solar":"N","height":"25.96","pin_nbr":"027B193   334","use_code":"1","status_date":"01/10/2022","construction":"Type V-B Construction","permit_group":"Building","refresh_time":"06/10/2026","type_lat_lon":"BUILDING","business_unit":"Regular Plan Check","square_footage":"3316"},"geometry":{"type":"Point","coordinates":[-118.30874188,33.77121502]}},{"type":"Feature","properties":{"date":"2020-10-01T00:00:00.000Z","year":2020,"description":"Interior remodel to an exisiting one story SFD with attached 3-car garage and basement. \"COMPLY WITH DEPARTMENT ORDER effective date 07/21/2020. PERMIT WILL EXPIRE 30 DAYS FROM ISSUANCE DATE\".","metadescription":"Bldg-Alter/Repair. 1 or 2 Family Dwelling. Interior remodel to an exisiting one story SFD with attached 3-car garage and basement. \"COMPLY WITH DEPARTMENT ORDER effective date 07/21/2020. PERMIT WILL EXPIRE 30 DAYS FROM ISSUANCE DATE\".. Permit Finaled. 2331 W WARMOUTH ST","address":"2323 Warmouth Street, CA, San Pedro, 90732, US","ct":"2974.00","ev":"N","hl":"YES","apc":"Harbor","cpa":"San Pedro","zone":"R1-1XL","solar":"N","pin_nbr":"009B185    56","use_code":"1","status_date":"09/21/2021","permit_group":"Building","refresh_time":"06/10/2026","type_lat_lon":"ADDRESS","business_unit":"Expanded Counter Plan Check"},"geometry":{"type":"Point","coordinates":[-118.32924,33.72113]}},{"type":"Feature","properties":{"date":"2019-03-11T00:00:00.000Z","year":2019,"description":"RE-ROOF WITH CLASS A OR B MATERIAL WEIGHING LESS THAN 6 POUNDS PER SQ. FT. OVER EXISTING SOLID SHEATHING 45 SQUARES. TEAR OFF EXISTING ROOFING. BUILT UP ROOF/HOT MOP (MAX. 1 OVERL AY TOTAL). GARAGES ONLY. SEE COMMENTS.","metadescription":"Bldg-Alter/Repair. Apartment. RE-ROOF WITH CLASS A OR B MATERIAL WEIGHING LESS THAN 6 POUNDS PER SQ. FT. OVER EXISTING SOLID SHEATHING 45 SQUARES. TEAR OFF EXISTING ROOFING. BUILT UP ROOF/HOT MOP (MAX. 1 OVERL AY TOTAL). GARAGES ONLY. SEE COMMENTS.. Permit Finaled. 1947-1963 N MT SHASTA DR","address":"1947 Mt Shasta Drive, CA, San Pedro, 90732, US","ct":"2951.03","ev":"N","hl":"YES","apc":"Harbor","cpa":"San Pedro","zone":"RD2-1XL","solar":"N","pin_nbr":"024B193   124","use_code":"35","geolocation":"POINT (-118.30391 33.76228)","status_date":"04/02/2019","permit_group":"Building","refresh_time":"06/10/2026","type_lat_lon":"ADDRESS","business_unit":"Express Permit"},"geometry":{"type":"Point","coordinates":[-118.30391,33.76228]}},{"type":"Feature","properties":{"date":"2018-12-20T00:00:00.000Z","year":2018,"description":"Alteration to (E) garage to repair vehicle damage per engineered design. COMPLY WITH DEPARTMENT ORDER effective date 10/04/2018. PERMIT WILL EXPIRE 30 DAYS FROM ISSUANCE DATE","metadescription":"Bldg-Alter/Repair. Apartment. Alteration to (E) garage to repair vehicle damage per engineered design. COMPLY WITH DEPARTMENT ORDER effective date 10/04/2018. PERMIT WILL EXPIRE 30 DAYS FROM ISSUANCE DATE. Permit Finaled. 1352 W STONEWOOD CT","address":"1352 Stonewood Court, CA, San Pedro, 90732, US","ct":"2951.03","ev":"N","hl":"YES","apc":"Harbor","cpa":"San Pedro","zone":"RD2-1XL","solar":"N","pin_nbr":"024B193   198","use_code":"7","geolocation":"POINT (-118.30464 33.76149)","status_date":"12/27/2018","permit_group":"Building","refresh_time":"06/10/2026","type_lat_lon":"ADDRESS","business_unit":"Plan Check at Counter"},"geometry":{"type":"Point","coordinates":[-118.30464,33.76149]}},{"type":"Feature","properties":{"date":"2018-07-26T00:00:00.000Z","year":2018,"description":"Supplemental to 15014-40000-05196 to revise work description to remove roof top deck and stairs over existing attached garage.","metadescription":"Bldg-Alter/Repair. 1 or 2 Family Dwelling. Supplemental to 15014-40000-05196 to revise work description to remove roof top deck and stairs over existing attached garage.. Permit Finaled. 2318 W 37TH ST","address":"2318 West 37Th Street, CA, San Pedro, 90732, US","ct":"2974.00","ev":"N","hl":"YES","apc":"Harbor","cpa":"San Pedro","zone":"R1-1XL","solar":"N","pin_nbr":"009B189   147","use_code":"1","geolocation":"POINT (-118.32672 33.72302)","status_date":"11/21/2019","permit_group":"Building","refresh_time":"06/10/2026","type_lat_lon":"ADDRESS","business_unit":"Plan Check at Counter"},"geometry":{"type":"Point","coordinates":[-118.32672,33.72302]}},{"type":"Feature","properties":{"date":"2017-08-14T00:00:00.000Z","year":2017,"description":"RE-ROOF 45 SQUARES WITH CLASS A OR B MATERIAL WEIGHING LESS THAN 6 LBS PER SQ FT. FOR RESIDENTIAL ROOF REPLACEMENT > 50% OF THE TOTAL ROOF AREA, APPLY COOL ROOF PRODUCT LABELED AND CERTIFIED BY COOL ROOF COUNCIL (CCRC). TEAR OFF EXISTING ROOFING. BUILT UP ROOF/HOTMMOP (MAX 1 OVERLAY TOTAL). WITH 1/2\" CDX PLYWOOD. WORK BEING DONE ON GARAGE ONLY.","metadescription":"Bldg-Alter/Repair. Apartment. RE-ROOF 45 SQUARES WITH CLASS A OR B MATERIAL WEIGHING LESS THAN 6 LBS PER SQ FT. FOR RESIDENTIAL ROOF REPLACEMENT > 50% OF THE TOTAL ROOF AREA, APPLY COOL ROOF PRODUCT LABELED AND CERTIFIED BY COOL ROOF COUNCIL (CCRC). TEAR OFF EXISTING ROOFING. BUILT UP ROOF/HOTMMOP (MAX 1 OVERLAY TOTAL). WITH 1/2\" CDX PLYWOOD. WORK BEING DONE ON GARAGE ONLY.. Permit Finaled. 2145-2161 N STONEWOOD CT","address":"2145 Stonewood Court, CA, San Pedro, 90732, US","ct":"2951.03","ev":"N","hl":"YES","apc":"Harbor","cpa":"San Pedro","zone":"RD2-1XL","solar":"N","pin_nbr":"024B193     5","use_code":"7","geolocation":"POINT (-118.30826 33.76414)","status_date":"09/08/2017","permit_group":"Building","refresh_time":"06/10/2026","type_lat_lon":"ADDRESS","business_unit":"Express Permit"},"geometry":{"type":"Point","coordinates":[-118.30826,33.76414]}},{"type":"Feature","properties":{"date":"2017-08-14T00:00:00.000Z","year":2017,"description":"RE-ROOF 45 SQUARES WITH CLASS A OR B MATERIAL WEIGHING LESS THAN 6 LBS PER SQ FT. FOR RESIDENTIAL ROOF REPLACEMENT > 50% OF THE TOTAL ROOF AREA, APPLY COOL ROOF PRODUCT LABELED AND CERTIFIED BY COOL ROOF COUNCIL (CCRC). TEAR OFF EXISTING ROOFING. BUILT UP ROOF/HOT MOP (MAX 1 OVERLAY TOTAL). WITH 1/2\" CDX PLYWOOD. GARAGE ONLY","metadescription":"Bldg-Alter/Repair. Apartment. RE-ROOF 45 SQUARES WITH CLASS A OR B MATERIAL WEIGHING LESS THAN 6 LBS PER SQ FT. FOR RESIDENTIAL ROOF REPLACEMENT > 50% OF THE TOTAL ROOF AREA, APPLY COOL ROOF PRODUCT LABELED AND CERTIFIED BY COOL ROOF COUNCIL (CCRC). TEAR OFF EXISTING ROOFING. BUILT UP ROOF/HOT MOP (MAX 1 OVERLAY TOTAL). WITH 1/2\" CDX PLYWOOD. GARAGE ONLY. Permit Finaled. 2119-2135 N STONEWOOD CT","address":"2119 Stonewood Court, CA, San Pedro, 90732, US","ct":"2951.03","ev":"N","hl":"YES","apc":"Harbor","cpa":"San Pedro","zone":"RD2-1XL","solar":"N","pin_nbr":"024B193     5","use_code":"5","geolocation":"POINT (-118.30831 33.76394)","status_date":"09/01/2017","permit_group":"Building","refresh_time":"06/10/2026","type_lat_lon":"ADDRESS","business_unit":"Express Permit"},"geometry":{"type":"Point","coordinates":[-118.30831,33.76394]}},{"type":"Feature","properties":{"date":"2017-08-14T00:00:00.000Z","year":2017,"description":"RE-ROOF 25 SQUARES WITH CLASS A OR B MATERIAL WEIGHING LESS THAN 6 LBS PER SQ FT. FOR RESIDENTIAL ROOF REPLACEMENT > 50% OF THE TOTAL ROOF AREA, APPLY COOL ROOF PRODUCT LABELED AND CERTIFIED BY COOL ROOF COUNCIL (CCRC). TEAR OFF EXISTING ROOFING. BUILT UP ROOF/HOT MOP (MAX 1 OVERLAY TOTAL). WITH 1/2\" CDX PLYWOOD. GARAGE ONLY","metadescription":"Bldg-Alter/Repair. Apartment. RE-ROOF 25 SQUARES WITH CLASS A OR B MATERIAL WEIGHING LESS THAN 6 LBS PER SQ FT. FOR RESIDENTIAL ROOF REPLACEMENT > 50% OF THE TOTAL ROOF AREA, APPLY COOL ROOF PRODUCT LABELED AND CERTIFIED BY COOL ROOF COUNCIL (CCRC). TEAR OFF EXISTING ROOFING. BUILT UP ROOF/HOT MOP (MAX 1 OVERLAY TOTAL). WITH 1/2\" CDX PLYWOOD. GARAGE ONLY. Permit Finaled. 2067-2075 N STONEWOOD CT","address":"2067 Stonewood Court, CA, San Pedro, 90732, US","ct":"2951.03","ev":"N","hl":"YES","apc":"Harbor","cpa":"San Pedro","zone":"RD2-1XL","solar":"N","pin_nbr":"024B193     5","use_code":"5","geolocation":"POINT (-118.30837 33.76343)","status_date":"08/25/2017","permit_group":"Building","refresh_time":"06/10/2026","type_lat_lon":"ADDRESS","business_unit":"Express Permit"},"geometry":{"type":"Point","coordinates":[-118.30837,33.76343]}},{"type":"Feature","properties":{"date":"2017-07-11T00:00:00.000Z","year":2017,"description":"RE-ROOF 8 SQUARES WITH CLASS A OR B MATERIAL WEIGHING LESS THAN 6 LBS PER SQ FT. FOR RESIDENTIAL ROOF REPLACEMENT > 50% OF THE TOTAL ROOF AREA, APPLY COOL ROOF PRODUCT LABELED AND CERTIFIED BY COOL ROOF COUNCIL (CCRC). WORKING ON GARAGE/LAUNDRY ROOM. TEAR OFF EXISTING ROOFING. MODIFIED BITUMEN.","metadescription":"Bldg-Alter/Repair. Commercial. RE-ROOF 8 SQUARES WITH CLASS A OR B MATERIAL WEIGHING LESS THAN 6 LBS PER SQ FT. FOR RESIDENTIAL ROOF REPLACEMENT > 50% OF THE TOTAL ROOF AREA, APPLY COOL ROOF PRODUCT LABELED AND CERTIFIED BY COOL ROOF COUNCIL (CCRC). WORKING ON GARAGE/LAUNDRY ROOM. TEAR OFF EXISTING ROOFING. MODIFIED BITUMEN.. Permit Finaled. 1701-1715 W WESTMONT DR","address":"1701 Westmont Drive, CA, San Pedro, 90732, US","ct":"2951.03","ev":"N","hl":"YES","apc":"Harbor","cpa":"San Pedro","zone":"RD2-1XL","solar":"N","pin_nbr":"024B193     5","use_code":"35","geolocation":"POINT (-118.30855 33.76277)","status_date":"07/26/2017","permit_group":"Building","refresh_time":"06/10/2026","type_lat_lon":"ADDRESS","business_unit":"Express Permit"},"geometry":{"type":"Point","coordinates":[-118.30855,33.76277]}},{"type":"Feature","properties":{"date":"2017-07-11T00:00:00.000Z","year":2017,"description":"RE-ROOF 41 SQUARES WITH CLASS A OR B MATERIAL WEIGHING LESS THAN 6 LBS PER SQ FT. FOR RESIDENTIAL ROOF REPLACEMENT > 50% OF THE TOTAL ROOF AREA, APPLY COOL ROOF PRODUCT LABELED AND CERTIFIED BY COOL ROOF COUNCIL (CCRC). TEAR OFF EXISTING ROOFING. BUILT UP ROOF/HOT MOP (MAX 1 OVERLAY TOTAL).WORK BEING ON ON GARAGE ONLY.","metadescription":"Bldg-Alter/Repair. Commercial. RE-ROOF 41 SQUARES WITH CLASS A OR B MATERIAL WEIGHING LESS THAN 6 LBS PER SQ FT. FOR RESIDENTIAL ROOF REPLACEMENT > 50% OF THE TOTAL ROOF AREA, APPLY COOL ROOF PRODUCT LABELED AND CERTIFIED BY COOL ROOF COUNCIL (CCRC). TEAR OFF EXISTING ROOFING. BUILT UP ROOF/HOT MOP (MAX 1 OVERLAY TOTAL).WORK BEING ON ON GARAGE ONLY.. Permit Finaled. 2021-2035 W WESTMONT DR","address":"2133 Stonewood Court, CA, San Pedro, 90732, US","ct":"2951.03","ev":"N","hl":"YES","apc":"Harbor","cpa":"San Pedro","zone":"RD2-1XL","solar":"N","pin_nbr":"024B193     5","use_code":"35","geolocation":"POINT (-118.30882641 33.76419322)","status_date":"08/09/2017","permit_group":"Building","refresh_time":"06/10/2026","type_lat_lon":"PIN","business_unit":"Express Permit"},"geometry":{"type":"Point","coordinates":[-118.30882641,33.76419322]}},{"type":"Feature","properties":{"date":"2017-07-11T00:00:00.000Z","year":2017,"description":"RE-ROOF 10 SQUARES WITH CLASS A OR B MATERIAL WEIGHING LESS THAN 6 LBS PER SQ FT. FOR RESIDENTIAL ROOF REPLACEMENT > 50% OF THE TOTAL ROOF AREA, APPLY COOL ROOF PRODUCT LABELED AND CERTIFIED BY COOL ROOF COUNCIL (CCRC). TEAR OFF EXISTING ROOFING. MODIFIED BITUMEN. WORK BEING DONE ON GARAGE/LAUNDRY ROOM.","metadescription":"Bldg-Alter/Repair. Commercial. RE-ROOF 10 SQUARES WITH CLASS A OR B MATERIAL WEIGHING LESS THAN 6 LBS PER SQ FT. FOR RESIDENTIAL ROOF REPLACEMENT > 50% OF THE TOTAL ROOF AREA, APPLY COOL ROOF PRODUCT LABELED AND CERTIFIED BY COOL ROOF COUNCIL (CCRC). TEAR OFF EXISTING ROOFING. MODIFIED BITUMEN. WORK BEING DONE ON GARAGE/LAUNDRY ROOM.. Permit Finaled. 1721-1737 W WESTMONT DR","address":"1721 Westmont Drive, CA, San Pedro, 90732, US","ct":"2951.03","ev":"N","hl":"YES","apc":"Harbor","cpa":"San Pedro","zone":"RD2-1XL","solar":"N","pin_nbr":"024B193     5","use_code":"35","geolocation":"POINT (-118.30907 33.76284)","status_date":"08/02/2017","permit_group":"Building","refresh_time":"06/10/2026","type_lat_lon":"ADDRESS","business_unit":"Express Permit"},"geometry":{"type":"Point","coordinates":[-118.30907,33.76284]}},{"type":"Feature","properties":{"date":"2017-07-11T00:00:00.000Z","year":2017,"description":"RE-ROOF 41 SQUARES WITH CLASS A OR B MATERIAL WEIGHING LESS THAN 6 LBS PER SQ FT. FOR RESIDENTIAL ROOF REPLACEMENT > 50% OF THE TOTAL ROOF AREA, APPLY COOL ROOF PRODUCT LABELED AND CERTIFIED BY COOL ROOF COUNCIL (CCRC). TEAR OFF EXISTING ROOFING. BUILT UP ROOD/HOT MOP (MAX 1 OVERLAY TOTAL). WORK BEING DONE ON GARAGES ONLY.","metadescription":"Bldg-Alter/Repair. Commercial. RE-ROOF 41 SQUARES WITH CLASS A OR B MATERIAL WEIGHING LESS THAN 6 LBS PER SQ FT. FOR RESIDENTIAL ROOF REPLACEMENT > 50% OF THE TOTAL ROOF AREA, APPLY COOL ROOF PRODUCT LABELED AND CERTIFIED BY COOL ROOF COUNCIL (CCRC). TEAR OFF EXISTING ROOFING. BUILT UP ROOD/HOT MOP (MAX 1 OVERLAY TOTAL). WORK BEING DONE ON GARAGES ONLY.. Permit Finaled. 2001-2015 W WESTMONT DR","address":"2133 Stonewood Court, CA, San Pedro, 90732, US","ct":"2951.03","ev":"N","hl":"YES","apc":"Harbor","cpa":"San Pedro","zone":"RD2-1XL","solar":"N","pin_nbr":"024B193     5","use_code":"35","geolocation":"POINT (-118.30882641 33.76419322)","status_date":"08/17/2017","permit_group":"Building","refresh_time":"06/10/2026","type_lat_lon":"PIN","business_unit":"Express Permit"},"geometry":{"type":"Point","coordinates":[-118.30882641,33.76419322]}},{"type":"Feature","properties":{"date":"2016-02-11T00:00:00.000Z","year":2016,"description":"Addition to one story SFD and new roof deck over the existing attached garage.","metadescription":"Bldg-Addition. 1 or 2 Family Dwelling. Addition to one story SFD and new roof deck over the existing attached garage.. CofO Issued. 2318 W 37TH ST","address":"2318 West 37Th Street, CA, San Pedro, 90732, US","ct":"2974.00","ev":"N","hl":"YES","apc":"Harbor","cpa":"San Pedro","zone":"R1-1XL","solar":"N","pin_nbr":"009B189   147","use_code":"1","geolocation":"POINT (-118.32664607 33.72307856)","status_date":"12/31/2019","construction":"Type V-B Construction","permit_group":"Building","refresh_time":"06/10/2026","type_lat_lon":"BUILDING","business_unit":"Regular Plan Check","square_footage":"499"},"geometry":{"type":"Point","coordinates":[-118.32664607,33.72307856]}},{"type":"Feature","properties":{"date":"2014-05-07T00:00:00.000Z","year":2014,"description":"DEMOLITION DUPLEX AND STORAGE/GARAGE - CLEAR LOT","metadescription":"Bldg-Demolition. 1 or 2 Family Dwelling. DEMOLITION DUPLEX AND STORAGE/GARAGE - CLEAR LOT. Permit Finaled. 27812 S WESTERN AVE BLDG 68","address":"27900 South Western Avenue, CA, San Pedro, 90732, US","ct":"9800.15","ev":"N","hl":"YES","apc":"Harbor","cpa":"Wilmington - Harbor City","zone":"R1-1XL","solar":"N","pin_nbr":"027B193   160","use_code":"2","geolocation":"POINT (-118.31031 33.76682)","status_date":"11/15/2014","permit_group":"Building","refresh_time":"06/10/2026","type_lat_lon":"ADDRESS","business_unit":"Plan Check at Counter"},"geometry":{"type":"Point","coordinates":[-118.31031,33.76682]}},{"type":"Feature","properties":{"date":"2014-05-07T00:00:00.000Z","year":2014,"description":"DEMOLITION DUPLEX AND STORAGE/GARAGE - CLEAR LOT","metadescription":"Bldg-Demolition. 1 or 2 Family Dwelling. DEMOLITION DUPLEX AND STORAGE/GARAGE - CLEAR LOT. Permit Finaled. 27812 S WESTERN AVE BLDG 34","address":"27900 South Western Avenue, CA, San Pedro, 90732, US","ct":"9800.15","ev":"N","hl":"YES","apc":"Harbor","cpa":"Wilmington - Harbor City","zone":"R1-1XL","solar":"N","pin_nbr":"027B193   160","use_code":"2","geolocation":"POINT (-118.31031 33.76682)","status_date":"10/24/2014","permit_group":"Building","refresh_time":"06/10/2026","type_lat_lon":"ADDRESS","business_unit":"Plan Check at Counter"},"geometry":{"type":"Point","coordinates":[-118.31031,33.76682]}},{"type":"Feature","properties":{"date":"2014-05-07T00:00:00.000Z","year":2014,"description":"DEMOLITION DUPLEX AND STORAGE/GARAGE - CLEAR LOT","metadescription":"Bldg-Demolition. 1 or 2 Family Dwelling. DEMOLITION DUPLEX AND STORAGE/GARAGE - CLEAR LOT. Permit Finaled. 27812 S WESTERN AVE BLDG38","address":"27900 South Western Avenue, CA, San Pedro, 90732, US","ct":"9800.15","ev":"N","hl":"YES","apc":"Harbor","cpa":"Wilmington - Harbor City","zone":"R1-1XL","solar":"N","pin_nbr":"027B193   160","use_code":"2","geolocation":"POINT (-118.31031 33.76682)","status_date":"10/27/2014","permit_group":"Building","refresh_time":"06/10/2026","type_lat_lon":"ADDRESS","business_unit":"Plan Check at Counter"},"geometry":{"type":"Point","coordinates":[-118.31031,33.76682]}},{"type":"Feature","properties":{"date":"2014-05-07T00:00:00.000Z","year":2014,"description":"DEMOLITION DUPLEX AND STORAGE/GARAGE - CLEAR LOT","metadescription":"Bldg-Demolition. 1 or 2 Family Dwelling. DEMOLITION DUPLEX AND STORAGE/GARAGE - CLEAR LOT. Permit Finaled. 27812 S WESTERN AVE BLDG 46","address":"27900 South Western Avenue, CA, San Pedro, 90732, US","ct":"9800.15","ev":"N","hl":"YES","apc":"Harbor","cpa":"Wilmington - Harbor City","zone":"R1-1XL","solar":"N","pin_nbr":"027B193   160","use_code":"2","geolocation":"POINT (-118.31031 33.76682)","status_date":"11/10/2014","permit_group":"Building","refresh_time":"06/10/2026","type_lat_lon":"ADDRESS","business_unit":"Plan Check at Counter"},"geometry":{"type":"Point","coordinates":[-118.31031,33.76682]}},{"type":"Feature","properties":{"date":"2014-05-07T00:00:00.000Z","year":2014,"description":"DEMOLITION DUPLEX AND STORAGE/GARAGE - CLEAR LOT","metadescription":"Bldg-Demolition. 1 or 2 Family Dwelling. DEMOLITION DUPLEX AND STORAGE/GARAGE - CLEAR LOT. Permit Finaled. 27812 S WESTERN AVE BLDG 53","address":"27900 South Western Avenue, CA, San Pedro, 90732, US","ct":"9800.15","ev":"N","hl":"YES","apc":"Harbor","cpa":"Wilmington - Harbor City","zone":"R1-1XL","solar":"N","pin_nbr":"027B193   160","use_code":"2","geolocation":"POINT (-118.31031 33.76682)","status_date":"11/10/2014","permit_group":"Building","refresh_time":"06/10/2026","type_lat_lon":"ADDRESS","business_unit":"Plan Check at Counter"},"geometry":{"type":"Point","coordinates":[-118.31031,33.76682]}},{"type":"Feature","properties":{"date":"2014-05-07T00:00:00.000Z","year":2014,"description":"DEMOLITION DUPLEX AND STORAGE/GARAGE - CLEAR LOT","metadescription":"Bldg-Demolition. 1 or 2 Family Dwelling. DEMOLITION DUPLEX AND STORAGE/GARAGE - CLEAR LOT. Permit Finaled. 27812 S WESTERN AVE BLDG 7","address":"27900 South Western Avenue, CA, San Pedro, 90732, US","ct":"9800.15","ev":"N","hl":"YES","apc":"Harbor","cpa":"Wilmington - Harbor City","zone":"R1-1XL","solar":"N","pin_nbr":"027B193   160","use_code":"2","geolocation":"POINT (-118.31031 33.76682)","status_date":"10/10/2014","permit_group":"Building","refresh_time":"06/10/2026","type_lat_lon":"ADDRESS","business_unit":"Plan Check at Counter"},"geometry":{"type":"Point","coordinates":[-118.31031,33.76682]}},{"type":"Feature","properties":{"date":"2014-05-07T00:00:00.000Z","year":2014,"description":"DEMOLITION DUPLEX AND STORAGE/GARAGE - CLEAR LOT","metadescription":"Bldg-Demolition. 1 or 2 Family Dwelling. DEMOLITION DUPLEX AND STORAGE/GARAGE - CLEAR LOT. Permit Finaled. 27812 S WESTERN AVE BLDG 86","address":"27900 South Western Avenue, CA, San Pedro, 90732, US","ct":"9800.15","ev":"N","hl":"YES","apc":"Harbor","cpa":"Wilmington - Harbor City","zone":"R1-1XL","solar":"N","pin_nbr":"027B193   160","use_code":"2","geolocation":"POINT (-118.31031 33.76682)","status_date":"11/24/2014","permit_group":"Building","refresh_time":"06/10/2026","type_lat_lon":"ADDRESS","business_unit":"Plan Check at Counter"},"geometry":{"type":"Point","coordinates":[-118.31031,33.76682]}},{"type":"Feature","properties":{"date":"2014-05-07T00:00:00.000Z","year":2014,"description":"DEMOLITION DUPLEX AND STORAGE/GARAGE - CLEAR LOT","metadescription":"Bldg-Demolition. 1 or 2 Family Dwelling. DEMOLITION DUPLEX AND STORAGE/GARAGE - CLEAR LOT. Permit Finaled. 27812 S WESTERN AVE BLDG 31","address":"27900 South Western Avenue, CA, San Pedro, 90732, US","ct":"9800.15","ev":"N","hl":"YES","apc":"Harbor","cpa":"Wilmington - Harbor City","zone":"R1-1XL","solar":"N","pin_nbr":"027B193   160","use_code":"2","geolocation":"POINT (-118.31031 33.76682)","status_date":"10/23/2014","permit_group":"Building","refresh_time":"06/10/2026","type_lat_lon":"ADDRESS","business_unit":"Plan Check at Counter"},"geometry":{"type":"Point","coordinates":[-118.31031,33.76682]}},{"type":"Feature","properties":{"date":"2014-05-07T00:00:00.000Z","year":2014,"description":"DEMOLITION DUPLEX AND STORAGE/GARAGE - CLEAR LOT","metadescription":"Bldg-Demolition. 1 or 2 Family Dwelling. DEMOLITION DUPLEX AND STORAGE/GARAGE - CLEAR LOT. Permit Finaled. 27812 S WESTERN AVE BLDG 84","address":"27900 South Western Avenue, CA, San Pedro, 90732, US","ct":"9800.15","ev":"N","hl":"YES","apc":"Harbor","cpa":"Wilmington - Harbor City","zone":"R1-1XL","solar":"N","pin_nbr":"027B193   160","use_code":"2","geolocation":"POINT (-118.31031 33.76682)","status_date":"11/24/2014","permit_group":"Building","refresh_time":"06/10/2026","type_lat_lon":"ADDRESS","business_unit":"Plan Check at Counter"},"geometry":{"type":"Point","coordinates":[-118.31031,33.76682]}},{"type":"Feature","properties":{"date":"2014-05-07T00:00:00.000Z","year":2014,"description":"DEMOLITION DUPLEX AND STORAGE/GARAGE - CLEAR LOT","metadescription":"Bldg-Demolition. 1 or 2 Family Dwelling. DEMOLITION DUPLEX AND STORAGE/GARAGE - CLEAR LOT. Permit Finaled. 27812 S WESTERN AVE BLDG 65","address":"27900 South Western Avenue, CA, San Pedro, 90732, US","ct":"9800.15","ev":"N","hl":"YES","apc":"Harbor","cpa":"Wilmington - Harbor City","zone":"R1-1XL","solar":"N","pin_nbr":"027B193   160","use_code":"2","geolocation":"POINT (-118.31031 33.76682)","status_date":"11/14/2014","permit_group":"Building","refresh_time":"06/10/2026","type_lat_lon":"ADDRESS","business_unit":"Plan Check at Counter"},"geometry":{"type":"Point","coordinates":[-118.31031,33.76682]}},{"type":"Feature","properties":{"date":"2014-05-07T00:00:00.000Z","year":2014,"description":"DEMOLITION DUPLEX AND STORAGE/GARAGE - CLEAR LOT","metadescription":"Bldg-Demolition. 1 or 2 Family Dwelling. DEMOLITION DUPLEX AND STORAGE/GARAGE - CLEAR LOT. Permit Finaled. 27812 S WESTERN AVE BLDG 35","address":"27900 South Western Avenue, CA, San Pedro, 90732, US","ct":"9800.15","ev":"N","hl":"YES","apc":"Harbor","cpa":"Wilmington - Harbor City","zone":"R1-1XL","solar":"N","pin_nbr":"027B193   160","use_code":"2","geolocation":"POINT (-118.31031 33.76682)","status_date":"10/24/2014","permit_group":"Building","refresh_time":"06/10/2026","type_lat_lon":"ADDRESS","business_unit":"Plan Check at Counter"},"geometry":{"type":"Point","coordinates":[-118.31031,33.76682]}},{"type":"Feature","properties":{"date":"2014-05-07T00:00:00.000Z","year":2014,"description":"DEMOLITION DUPLEX AND STORAGE/GARAGE - CLEAR LOT","metadescription":"Bldg-Demolition. 1 or 2 Family Dwelling. DEMOLITION DUPLEX AND STORAGE/GARAGE - CLEAR LOT. Permit Finaled. 27812 S WESTERN AVE BLDG 55","address":"27900 South Western Avenue, CA, San Pedro, 90732, US","ct":"9800.15","ev":"N","hl":"YES","apc":"Harbor","cpa":"Wilmington - Harbor City","zone":"R1-1XL","solar":"N","pin_nbr":"027B193   160","use_code":"2","geolocation":"POINT (-118.31031 33.76682)","status_date":"11/10/2014","permit_group":"Building","refresh_time":"06/10/2026","type_lat_lon":"ADDRESS","business_unit":"Plan Check at Counter"},"geometry":{"type":"Point","coordinates":[-118.31031,33.76682]}},{"type":"Feature","properties":{"date":"2014-05-07T00:00:00.000Z","year":2014,"description":"DEMOLITION DUPLEX AND STORAGE/GARAGE - CLEAR LOT","metadescription":"Bldg-Demolition. 1 or 2 Family Dwelling. DEMOLITION DUPLEX AND STORAGE/GARAGE - CLEAR LOT. Permit Finaled. 27812 S WESTERN AVE BLDG 76","address":"27900 South Western Avenue, CA, San Pedro, 90732, US","ct":"9800.15","ev":"N","hl":"YES","apc":"Harbor","cpa":"Wilmington - Harbor City","zone":"R1-1XL","solar":"N","pin_nbr":"027B193   160","use_code":"2","geolocation":"POINT (-118.31031 33.76682)","status_date":"11/18/2014","permit_group":"Building","refresh_time":"06/10/2026","type_lat_lon":"ADDRESS","business_unit":"Plan Check at Counter"},"geometry":{"type":"Point","coordinates":[-118.31031,33.76682]}},{"type":"Feature","properties":{"date":"2014-05-07T00:00:00.000Z","year":2014,"description":"DEMOLITION DUPLEX AND STORAGE/GARAGE - CLEAR LOT","metadescription":"Bldg-Demolition. 1 or 2 Family Dwelling. DEMOLITION DUPLEX AND STORAGE/GARAGE - CLEAR LOT. Permit Finaled. 27812 S WESTERN AVE BLDG 63","address":"27900 South Western Avenue, CA, San Pedro, 90732, US","ct":"9800.15","ev":"N","hl":"YES","apc":"Harbor","cpa":"Wilmington - Harbor City","zone":"R1-1XL","solar":"N","pin_nbr":"027B193   160","use_code":"2","geolocation":"POINT (-118.31031 33.76682)","status_date":"11/14/2014","permit_group":"Building","refresh_time":"06/10/2026","type_lat_lon":"ADDRESS","business_unit":"Plan Check at Counter"},"geometry":{"type":"Point","coordinates":[-118.31031,33.76682]}},{"type":"Feature","properties":{"date":"2014-05-07T00:00:00.000Z","year":2014,"description":"DEMOLITION DUPLEX AND STORAGE/GARAGE - CLEAR LOT","metadescription":"Bldg-Demolition. 1 or 2 Family Dwelling. DEMOLITION DUPLEX AND STORAGE/GARAGE - CLEAR LOT. Permit Finaled. 27812 S WESTERN AVE BLDG 70","address":"27900 South Western Avenue, CA, San Pedro, 90732, US","ct":"9800.15","ev":"N","hl":"YES","apc":"Harbor","cpa":"Wilmington - Harbor City","zone":"R1-1XL","solar":"N","pin_nbr":"027B193   160","use_code":"2","geolocation":"POINT (-118.31031 33.76682)","status_date":"11/15/2014","permit_group":"Building","refresh_time":"06/10/2026","type_lat_lon":"ADDRESS","business_unit":"Plan Check at Counter"},"geometry":{"type":"Point","coordinates":[-118.31031,33.76682]}},{"type":"Feature","properties":{"date":"2014-05-07T00:00:00.000Z","year":2014,"description":"DEMOLITION DUPLEX AND STORAGE/GARAGE - CLEAR LOT","metadescription":"Bldg-Demolition. 1 or 2 Family Dwelling. DEMOLITION DUPLEX AND STORAGE/GARAGE - CLEAR LOT. Permit Finaled. 27812 S WESTERN AVE BLDG 20","address":"27900 South Western Avenue, CA, San Pedro, 90732, US","ct":"9800.15","ev":"N","hl":"YES","apc":"Harbor","cpa":"Wilmington - Harbor City","zone":"R1-1XL","solar":"N","pin_nbr":"027B193   160","use_code":"2","geolocation":"POINT (-118.31031 33.76682)","status_date":"10/20/2014","permit_group":"Building","refresh_time":"06/10/2026","type_lat_lon":"ADDRESS","business_unit":"Plan Check at Counter"},"geometry":{"type":"Point","coordinates":[-118.31031,33.76682]}},{"type":"Feature","properties":{"date":"2014-05-07T00:00:00.000Z","year":2014,"description":"DEMOLITION DUPLEX AND STORAGE/GARAGE - CLEAR LOT","metadescription":"Bldg-Demolition. 1 or 2 Family Dwelling. DEMOLITION DUPLEX AND STORAGE/GARAGE - CLEAR LOT. Permit Finaled. 27812 S WESTERN AVE BLDG 5","address":"27900 South Western Avenue, CA, San Pedro, 90732, US","ct":"9800.15","ev":"N","hl":"YES","apc":"Harbor","cpa":"Wilmington - Harbor City","zone":"R1-1XL","solar":"N","pin_nbr":"027B193   160","use_code":"2","geolocation":"POINT (-118.31031 33.76682)","status_date":"10/06/2014","permit_group":"Building","refresh_time":"06/10/2026","type_lat_lon":"ADDRESS","business_unit":"Plan Check at Counter"},"geometry":{"type":"Point","coordinates":[-118.31031,33.76682]}},{"type":"Feature","properties":{"date":"2014-05-07T00:00:00.000Z","year":2014,"description":"DEMOLITION DUPLEX AND STORAGE/GARAGE - CLEAR LOT","metadescription":"Bldg-Demolition. 1 or 2 Family Dwelling. DEMOLITION DUPLEX AND STORAGE/GARAGE - CLEAR LOT. Permit Finaled. 27812 S WESTERN AVE BLDG 80","address":"27900 South Western Avenue, CA, San Pedro, 90732, US","ct":"9800.15","ev":"N","hl":"YES","apc":"Harbor","cpa":"Wilmington - Harbor City","zone":"R1-1XL","solar":"N","pin_nbr":"027B193   160","use_code":"2","geolocation":"POINT (-118.31031 33.76682)","status_date":"11/21/2014","permit_group":"Building","refresh_time":"06/10/2026","type_lat_lon":"ADDRESS","business_unit":"Plan Check at Counter"},"geometry":{"type":"Point","coordinates":[-118.31031,33.76682]}},{"type":"Feature","properties":{"date":"2014-05-07T00:00:00.000Z","year":2014,"description":"DEMOLITION DUPLEX AND STORAGE/GARAGE - CLEAR LOT","metadescription":"Bldg-Demolition. 1 or 2 Family Dwelling. DEMOLITION DUPLEX AND STORAGE/GARAGE - CLEAR LOT. Permit Finaled. 27812 S WESTERN AVE BLDG 72","address":"27900 South Western Avenue, CA, San Pedro, 90732, US","ct":"9800.15","ev":"N","hl":"YES","apc":"Harbor","cpa":"Wilmington - Harbor City","zone":"R1-1XL","solar":"N","pin_nbr":"027B193   160","use_code":"2","geolocation":"POINT (-118.31031 33.76682)","status_date":"11/15/2014","permit_group":"Building","refresh_time":"06/10/2026","type_lat_lon":"ADDRESS","business_unit":"Plan Check at Counter"},"geometry":{"type":"Point","coordinates":[-118.31031,33.76682]}},{"type":"Feature","properties":{"date":"2014-05-07T00:00:00.000Z","year":2014,"description":"DEMOLITION DUPLEX AND STORAGE/GARAGE - CLEAR LOT","metadescription":"Bldg-Demolition. 1 or 2 Family Dwelling. DEMOLITION DUPLEX AND STORAGE/GARAGE - CLEAR LOT. Permit Finaled. 27812 S WESTERN AVE BLDG 82","address":"27900 South Western Avenue, CA, San Pedro, 90732, US","ct":"9800.15","ev":"N","hl":"YES","apc":"Harbor","cpa":"Wilmington - Harbor City","zone":"R1-1XL","solar":"N","pin_nbr":"027B193   160","use_code":"2","geolocation":"POINT (-118.31031 33.76682)","status_date":"11/21/2014","permit_group":"Building","refresh_time":"06/10/2026","type_lat_lon":"ADDRESS","business_unit":"Plan Check at Counter"},"geometry":{"type":"Point","coordinates":[-118.31031,33.76682]}},{"type":"Feature","properties":{"date":"2014-05-07T00:00:00.000Z","year":2014,"description":"DEMOLITION DUPLEX AND STORAGE/GARAGE - CLEAR LOT","metadescription":"Bldg-Demolition. 1 or 2 Family Dwelling. DEMOLITION DUPLEX AND STORAGE/GARAGE - CLEAR LOT. Permit Finaled. 27812 S WESTERN AVE BLDG 11","address":"27900 South Western Avenue, CA, San Pedro, 90732, US","ct":"9800.15","ev":"N","hl":"YES","apc":"Harbor","cpa":"Wilmington - Harbor City","zone":"R1-1XL","solar":"N","pin_nbr":"027B193   160","use_code":"2","geolocation":"POINT (-118.31031 33.76682)","status_date":"08/11/2014","permit_group":"Building","refresh_time":"06/10/2026","type_lat_lon":"ADDRESS","business_unit":"Plan Check at Counter"},"geometry":{"type":"Point","coordinates":[-118.31031,33.76682]}},{"type":"Feature","properties":{"date":"2014-05-07T00:00:00.000Z","year":2014,"description":"DEMOLITION DUPLEX AND STORAGE/GARAGE - CLEAR LOT","metadescription":"Bldg-Demolition. 1 or 2 Family Dwelling. DEMOLITION DUPLEX AND STORAGE/GARAGE - CLEAR LOT. Permit Finaled. 27812 S WESTERN AVE BLDG 16","address":"27900 South Western Avenue, CA, San Pedro, 90732, US","ct":"9800.15","ev":"N","hl":"YES","apc":"Harbor","cpa":"Wilmington - Harbor City","zone":"R1-1XL","solar":"N","pin_nbr":"027B193   160","use_code":"2","geolocation":"POINT (-118.31031 33.76682)","status_date":"10/16/2014","permit_group":"Building","refresh_time":"06/10/2026","type_lat_lon":"ADDRESS","business_unit":"Plan Check at Counter"},"geometry":{"type":"Point","coordinates":[-118.31031,33.76682]}},{"type":"Feature","properties":{"date":"2014-05-07T00:00:00.000Z","year":2014,"description":"DEMOLITION DUPLEX AND STORAGE/GARAGE - CLEAR LOT","metadescription":"Bldg-Demolition. 1 or 2 Family Dwelling. DEMOLITION DUPLEX AND STORAGE/GARAGE - CLEAR LOT. Permit Finaled. 27812 S WESTERN AVE BLDG 44","address":"27900 South Western Avenue, CA, San Pedro, 90732, US","ct":"9800.15","ev":"N","hl":"YES","apc":"Harbor","cpa":"Wilmington - Harbor City","zone":"R1-1XL","solar":"N","pin_nbr":"027B193   160","use_code":"2","geolocation":"POINT (-118.31031 33.76682)","status_date":"10/31/2014","permit_group":"Building","refresh_time":"06/10/2026","type_lat_lon":"ADDRESS","business_unit":"Plan Check at Counter"},"geometry":{"type":"Point","coordinates":[-118.31031,33.76682]}},{"type":"Feature","properties":{"date":"2014-05-07T00:00:00.000Z","year":2014,"description":"DEMOLITION DUPLEX AND STORAGE/GARAGE - CLEAR LOT","metadescription":"Bldg-Demolition. 1 or 2 Family Dwelling. DEMOLITION DUPLEX AND STORAGE/GARAGE - CLEAR LOT. Permit Finaled. 27812 S WESTERN AVE BLDG 50","address":"27900 South Western Avenue, CA, San Pedro, 90732, US","ct":"9800.15","ev":"N","hl":"YES","apc":"Harbor","cpa":"Wilmington - Harbor City","zone":"R1-1XL","solar":"N","pin_nbr":"027B193   160","use_code":"2","geolocation":"POINT (-118.31031 33.76682)","status_date":"11/03/2014","permit_group":"Building","refresh_time":"06/10/2026","type_lat_lon":"ADDRESS","business_unit":"Plan Check at Counter"},"geometry":{"type":"Point","coordinates":[-118.31031,33.76682]}},{"type":"Feature","properties":{"date":"2014-05-07T00:00:00.000Z","year":2014,"description":"DEMOLITION DUPLEX AND STORAGE/GARAGE - CLEAR LOT","metadescription":"Bldg-Demolition. 1 or 2 Family Dwelling. DEMOLITION DUPLEX AND STORAGE/GARAGE - CLEAR LOT. Permit Finaled. 27812 S WESTERN AVE BLDG 13","address":"27900 South Western Avenue, CA, San Pedro, 90732, US","ct":"9800.15","ev":"N","hl":"YES","apc":"Harbor","cpa":"Wilmington - Harbor City","zone":"R1-1XL","solar":"N","pin_nbr":"027B193   160","use_code":"2","geolocation":"POINT (-118.31031 33.76682)","status_date":"10/16/2014","permit_group":"Building","refresh_time":"06/10/2026","type_lat_lon":"ADDRESS","business_unit":"Plan Check at Counter"},"geometry":{"type":"Point","coordinates":[-118.31031,33.76682]}},{"type":"Feature","properties":{"date":"2014-05-07T00:00:00.000Z","year":2014,"description":"DEMOLITION DUPLEX AND STORAGE/GARAGE - CLEAR LOT","metadescription":"Bldg-Demolition. 1 or 2 Family Dwelling. DEMOLITION DUPLEX AND STORAGE/GARAGE - CLEAR LOT. Permit Finaled. 27812 S WESTERN AVE BLDG 1","address":"27900 South Western Avenue, CA, San Pedro, 90732, US","ct":"9800.15","ev":"N","hl":"YES","apc":"Harbor","cpa":"Wilmington - Harbor City","zone":"R1-1XL","solar":"N","pin_nbr":"027B193   160","use_code":"2","geolocation":"POINT (-118.31031 33.76682)","status_date":"10/06/2014","permit_group":"Building","refresh_time":"06/10/2026","type_lat_lon":"ADDRESS","business_unit":"Regular Plan Check"},"geometry":{"type":"Point","coordinates":[-118.31031,33.76682]}},{"type":"Feature","properties":{"date":"2014-05-07T00:00:00.000Z","year":2014,"description":"DEMOLITION DUPLEX AND STORAGE/GARAGE - CLEAR LOT","metadescription":"Bldg-Demolition. 1 or 2 Family Dwelling. DEMOLITION DUPLEX AND STORAGE/GARAGE - CLEAR LOT. Permit Finaled. 27812 S WESTERN AVE BLDG 23","address":"27900 South Western Avenue, CA, San Pedro, 90732, US","ct":"9800.15","ev":"N","hl":"YES","apc":"Harbor","cpa":"Wilmington - Harbor City","zone":"R1-1XL","solar":"N","pin_nbr":"027B193   160","use_code":"2","geolocation":"POINT (-118.31031 33.76682)","status_date":"10/23/2014","permit_group":"Building","refresh_time":"06/10/2026","type_lat_lon":"ADDRESS","business_unit":"Plan Check at Counter"},"geometry":{"type":"Point","coordinates":[-118.31031,33.76682]}},{"type":"Feature","properties":{"date":"2014-05-07T00:00:00.000Z","year":2014,"description":"DEMOLITION DUPLEX AND STORAGE/GARAGE - CLEAR LOT","metadescription":"Bldg-Demolition. 1 or 2 Family Dwelling. DEMOLITION DUPLEX AND STORAGE/GARAGE - CLEAR LOT. Permit Finaled. 27812 S WESTERN AVE BLDG 59","address":"27900 South Western Avenue, CA, San Pedro, 90732, US","ct":"9800.15","ev":"N","hl":"YES","apc":"Harbor","cpa":"Wilmington - Harbor City","zone":"R1-1XL","solar":"N","pin_nbr":"027B193   160","use_code":"2","geolocation":"POINT (-118.31031 33.76682)","status_date":"11/10/2014","permit_group":"Building","refresh_time":"06/10/2026","type_lat_lon":"ADDRESS","business_unit":"Plan Check at Counter"},"geometry":{"type":"Point","coordinates":[-118.31031,33.76682]}},{"type":"Feature","properties":{"date":"2014-05-07T00:00:00.000Z","year":2014,"description":"DEMOLITION DUPLEX AND STORAGE/GARAGE - CLEAR LOT","metadescription":"Bldg-Demolition. 1 or 2 Family Dwelling. DEMOLITION DUPLEX AND STORAGE/GARAGE - CLEAR LOT. Permit Finaled. 27812 S WESTERN AVE BLDG 24","address":"27900 South Western Avenue, CA, San Pedro, 90732, US","ct":"9800.15","ev":"N","hl":"YES","apc":"Harbor","cpa":"Wilmington - Harbor City","zone":"R1-1XL","solar":"N","pin_nbr":"027B193   160","use_code":"2","geolocation":"POINT (-118.31031 33.76682)","status_date":"10/23/2014","permit_group":"Building","refresh_time":"06/10/2026","type_lat_lon":"ADDRESS","business_unit":"Plan Check at Counter"},"geometry":{"type":"Point","coordinates":[-118.31031,33.76682]}},{"type":"Feature","properties":{"date":"2014-05-07T00:00:00.000Z","year":2014,"description":"DEMOLITION DUPLEX AND STORAGE/GARAGE - CLEAR LOT","metadescription":"Bldg-Demolition. 1 or 2 Family Dwelling. DEMOLITION DUPLEX AND STORAGE/GARAGE - CLEAR LOT. Permit Finaled. 27812 S WESTERN AVE BLDG 41","address":"27900 South Western Avenue, CA, San Pedro, 90732, US","ct":"9800.15","ev":"N","hl":"YES","apc":"Harbor","cpa":"Wilmington - Harbor City","zone":"R1-1XL","solar":"N","pin_nbr":"027B193   160","use_code":"2","geolocation":"POINT (-118.31031 33.76682)","status_date":"10/27/2014","permit_group":"Building","refresh_time":"06/10/2026","type_lat_lon":"ADDRESS","business_unit":"Plan Check at Counter"},"geometry":{"type":"Point","coordinates":[-118.31031,33.76682]}},{"type":"Feature","properties":{"date":"2014-05-07T00:00:00.000Z","year":2014,"description":"DEMOLITION DUPLEX AND STORAGE/GARAGE - CLEAR LOT","metadescription":"Bldg-Demolition. 1 or 2 Family Dwelling. DEMOLITION DUPLEX AND STORAGE/GARAGE - CLEAR LOT. Permit Finaled. 27812 S WESTERN AVE BLDG 60","address":"27900 South Western Avenue, CA, San Pedro, 90732, US","ct":"9800.15","ev":"N","hl":"YES","apc":"Harbor","cpa":"Wilmington - Harbor City","zone":"R1-1XL","solar":"N","pin_nbr":"027B193   160","use_code":"2","geolocation":"POINT (-118.31031 33.76682)","status_date":"11/13/2014","permit_group":"Building","refresh_time":"06/10/2026","type_lat_lon":"ADDRESS","business_unit":"Plan Check at Counter"},"geometry":{"type":"Point","coordinates":[-118.31031,33.76682]}},{"type":"Feature","properties":{"date":"2014-05-07T00:00:00.000Z","year":2014,"description":"DEMOLITION DUPLEX AND STORAGE/GARAGE - CLEAR LOT","metadescription":"Bldg-Demolition. 1 or 2 Family Dwelling. DEMOLITION DUPLEX AND STORAGE/GARAGE - CLEAR LOT. Permit Finaled. 27812 S WESTERN AVE BLDG 75","address":"27900 South Western Avenue, CA, San Pedro, 90732, US","ct":"9800.15","ev":"N","hl":"YES","apc":"Harbor","cpa":"Wilmington - Harbor City","zone":"R1-1XL","solar":"N","pin_nbr":"027B193   160","use_code":"2","geolocation":"POINT (-118.31031 33.76682)","status_date":"11/18/2014","permit_group":"Building","refresh_time":"06/10/2026","type_lat_lon":"ADDRESS","business_unit":"Plan Check at Counter"},"geometry":{"type":"Point","coordinates":[-118.31031,33.76682]}},{"type":"Feature","properties":{"date":"2014-05-07T00:00:00.000Z","year":2014,"description":"DEMOLITION DUPLEX AND STORAGE/GARAGE - CLEAR LOT","metadescription":"Bldg-Demolition. 1 or 2 Family Dwelling. DEMOLITION DUPLEX AND STORAGE/GARAGE - CLEAR LOT. Permit Finaled. 27812 S WESTERN AVE BLDG 32","address":"27900 South Western Avenue, CA, San Pedro, 90732, US","ct":"9800.15","ev":"N","hl":"YES","apc":"Harbor","cpa":"Wilmington - Harbor City","zone":"R1-1XL","solar":"N","pin_nbr":"027B193   160","use_code":"2","geolocation":"POINT (-118.31031 33.76682)","status_date":"10/24/2014","permit_group":"Building","refresh_time":"06/10/2026","type_lat_lon":"ADDRESS","business_unit":"Plan Check at Counter"},"geometry":{"type":"Point","coordinates":[-118.31031,33.76682]}},{"type":"Feature","properties":{"date":"2014-05-07T00:00:00.000Z","year":2014,"description":"DEMOLITION DUPLEX AND STORAGE/GARAGE - CLEAR LOT","metadescription":"Bldg-Demolition. 1 or 2 Family Dwelling. DEMOLITION DUPLEX AND STORAGE/GARAGE - CLEAR LOT. Permit Finaled. 27812 S WESTERN AVE BLDG 42","address":"27900 South Western Avenue, CA, San Pedro, 90732, US","ct":"9800.15","ev":"N","hl":"YES","apc":"Harbor","cpa":"Wilmington - Harbor City","zone":"R1-1XL","solar":"N","pin_nbr":"027B193   160","use_code":"2","geolocation":"POINT (-118.31031 33.76682)","status_date":"10/31/2014","permit_group":"Building","refresh_time":"06/10/2026","type_lat_lon":"ADDRESS","business_unit":"Plan Check at Counter"},"geometry":{"type":"Point","coordinates":[-118.31031,33.76682]}},{"type":"Feature","properties":{"date":"2014-05-07T00:00:00.000Z","year":2014,"description":"DEMOLITION DUPLEX AND STORAGE/GARAGE - CLEAR LOT","metadescription":"Bldg-Demolition. 1 or 2 Family Dwelling. DEMOLITION DUPLEX AND STORAGE/GARAGE - CLEAR LOT. Permit Finaled. 27812 S WESTERN AVE BLDG 22","address":"27900 South Western Avenue, CA, San Pedro, 90732, US","ct":"9800.15","ev":"N","hl":"YES","apc":"Harbor","cpa":"Wilmington - Harbor City","zone":"R1-1XL","solar":"N","pin_nbr":"027B193   160","use_code":"2","geolocation":"POINT (-118.31031 33.76682)","status_date":"10/20/2014","permit_group":"Building","refresh_time":"06/10/2026","type_lat_lon":"ADDRESS","business_unit":"Plan Check at Counter"},"geometry":{"type":"Point","coordinates":[-118.31031,33.76682]}},{"type":"Feature","properties":{"date":"2014-05-07T00:00:00.000Z","year":2014,"description":"DEMOLITION DUPLEX AND STORAGE/GARAGE - CLEAR LOT","metadescription":"Bldg-Demolition. 1 or 2 Family Dwelling. DEMOLITION DUPLEX AND STORAGE/GARAGE - CLEAR LOT. Permit Finaled. 27812 S WESTERN AVE BLDG 17","address":"27900 South Western Avenue, CA, San Pedro, 90732, US","ct":"9800.15","ev":"N","hl":"YES","apc":"Harbor","cpa":"Wilmington - Harbor City","zone":"R1-1XL","solar":"N","pin_nbr":"027B193   160","use_code":"2","geolocation":"POINT (-118.31031 33.76682)","status_date":"10/16/2014","permit_group":"Building","refresh_time":"06/10/2026","type_lat_lon":"ADDRESS","business_unit":"Plan Check at Counter"},"geometry":{"type":"Point","coordinates":[-118.31031,33.76682]}},{"type":"Feature","properties":{"date":"2014-05-07T00:00:00.000Z","year":2014,"description":"DEMOLITION DUPLEX AND STORAGE/GARAGE - CLEAR LOT","metadescription":"Bldg-Demolition. 1 or 2 Family Dwelling. DEMOLITION DUPLEX AND STORAGE/GARAGE - CLEAR LOT. Permit Finaled. 27812 S WESTERN AVE BLDG 27","address":"27900 South Western Avenue, CA, San Pedro, 90732, US","ct":"9800.15","ev":"N","hl":"YES","apc":"Harbor","cpa":"Wilmington - Harbor City","zone":"R1-1XL","solar":"N","pin_nbr":"027B193   160","use_code":"2","geolocation":"POINT (-118.31031 33.76682)","status_date":"10/23/2014","permit_group":"Building","refresh_time":"06/10/2026","type_lat_lon":"ADDRESS","business_unit":"Plan Check at Counter"},"geometry":{"type":"Point","coordinates":[-118.31031,33.76682]}},{"type":"Feature","properties":{"date":"2014-05-07T00:00:00.000Z","year":2014,"description":"DEMOLITION DUPLEX AND STORAGE/GARAGE - CLEAR LOT","metadescription":"Bldg-Demolition. 1 or 2 Family Dwelling. DEMOLITION DUPLEX AND STORAGE/GARAGE - CLEAR LOT. Permit Finaled. 27812 S WESTERN AVE BLDG 14","address":"27900 South Western Avenue, CA, San Pedro, 90732, US","ct":"9800.15","ev":"N","hl":"YES","apc":"Harbor","cpa":"Wilmington - Harbor City","zone":"R1-1XL","solar":"N","pin_nbr":"027B193   160","use_code":"2","geolocation":"POINT (-118.31031 33.76682)","status_date":"10/16/2014","permit_group":"Building","refresh_time":"06/10/2026","type_lat_lon":"ADDRESS","business_unit":"Plan Check at Counter"},"geometry":{"type":"Point","coordinates":[-118.31031,33.76682]}},{"type":"Feature","properties":{"date":"2014-05-07T00:00:00.000Z","year":2014,"description":"DEMOLITION DUPLEX AND STORAGE/GARAGE - CLEAR LOT","metadescription":"Bldg-Demolition. 1 or 2 Family Dwelling. DEMOLITION DUPLEX AND STORAGE/GARAGE - CLEAR LOT. Permit Finaled. 27812 S WESTERN AVE BLDG 62","address":"27900 South Western Avenue, CA, San Pedro, 90732, US","ct":"9800.15","ev":"N","hl":"YES","apc":"Harbor","cpa":"Wilmington - Harbor City","zone":"R1-1XL","solar":"N","pin_nbr":"027B193   160","use_code":"2","geolocation":"POINT (-118.31031 33.76682)","status_date":"11/13/2014","permit_group":"Building","refresh_time":"06/10/2026","type_lat_lon":"ADDRESS","business_unit":"Plan Check at Counter"},"geometry":{"type":"Point","coordinates":[-118.31031,33.76682]}},{"type":"Feature","properties":{"date":"2014-05-07T00:00:00.000Z","year":2014,"description":"DEMOLITION DUPLEX AND STORAGE/GARAGE - CLEAR LOT","metadescription":"Bldg-Demolition. 1 or 2 Family Dwelling. DEMOLITION DUPLEX AND STORAGE/GARAGE - CLEAR LOT. Permit Finaled. 27812 S WESTERN AVE BLDG 43","address":"27900 South Western Avenue, CA, San Pedro, 90732, US","ct":"9800.15","ev":"N","hl":"YES","apc":"Harbor","cpa":"Wilmington - Harbor City","zone":"R1-1XL","solar":"N","pin_nbr":"027B193   160","use_code":"2","geolocation":"POINT (-118.31031 33.76682)","status_date":"10/31/2014","permit_group":"Building","refresh_time":"06/10/2026","type_lat_lon":"ADDRESS","business_unit":"Plan Check at Counter"},"geometry":{"type":"Point","coordinates":[-118.31031,33.76682]}},{"type":"Feature","properties":{"date":"2014-05-07T00:00:00.000Z","year":2014,"description":"DEMOLITION DUPLEX AND STORAGE/GARAGE - CLEAR LOT","metadescription":"Bldg-Demolition. 1 or 2 Family Dwelling. DEMOLITION DUPLEX AND STORAGE/GARAGE - CLEAR LOT. Permit Finaled. 27812 S WESTERN AVE BLDG 87","address":"27900 South Western Avenue, CA, San Pedro, 90732, US","ct":"9800.15","ev":"N","hl":"YES","apc":"Harbor","cpa":"Wilmington - Harbor City","zone":"R1-1XL","solar":"N","pin_nbr":"027B193   160","use_code":"2","geolocation":"POINT (-118.31031 33.76682)","status_date":"04/20/2015","permit_group":"Building","refresh_time":"06/10/2026","type_lat_lon":"ADDRESS","business_unit":"Plan Check at Counter"},"geometry":{"type":"Point","coordinates":[-118.31031,33.76682]}},{"type":"Feature","properties":{"date":"2014-05-07T00:00:00.000Z","year":2014,"description":"DEMOLITION DUPLEX AND STORAGE/GARAGE - CLEAR LOT","metadescription":"Bldg-Demolition. 1 or 2 Family Dwelling. DEMOLITION DUPLEX AND STORAGE/GARAGE - CLEAR LOT. Permit Finaled. 27812 S WESTERN AVE BLDG 73","address":"27900 South Western Avenue, CA, San Pedro, 90732, US","ct":"9800.15","ev":"N","hl":"YES","apc":"Harbor","cpa":"Wilmington - Harbor City","zone":"R1-1XL","solar":"N","pin_nbr":"027B193   160","use_code":"2","geolocation":"POINT (-118.31031 33.76682)","status_date":"11/15/2014","permit_group":"Building","refresh_time":"06/10/2026","type_lat_lon":"ADDRESS","business_unit":"Plan Check at Counter"},"geometry":{"type":"Point","coordinates":[-118.31031,33.76682]}},{"type":"Feature","properties":{"date":"2014-05-07T00:00:00.000Z","year":2014,"description":"DEMOLITION DUPLEX AND STORAGE/GARAGE - CLEAR LOT","metadescription":"Bldg-Demolition. 1 or 2 Family Dwelling. DEMOLITION DUPLEX AND STORAGE/GARAGE - CLEAR LOT. Permit Finaled. 27812 S WESTERN AVE BLDG 54","address":"27900 South Western Avenue, CA, San Pedro, 90732, US","ct":"9800.15","ev":"N","hl":"YES","apc":"Harbor","cpa":"Wilmington - Harbor City","zone":"R1-1XL","solar":"N","pin_nbr":"027B193   160","use_code":"2","geolocation":"POINT (-118.31031 33.76682)","status_date":"11/10/2014","permit_group":"Building","refresh_time":"06/10/2026","type_lat_lon":"ADDRESS","business_unit":"Plan Check at Counter"},"geometry":{"type":"Point","coordinates":[-118.31031,33.76682]}},{"type":"Feature","properties":{"date":"2014-05-07T00:00:00.000Z","year":2014,"description":"DEMOLITION DUPLEX AND STORAGE/GARAGE - CLEAR LOT","metadescription":"Bldg-Demolition. 1 or 2 Family Dwelling. DEMOLITION DUPLEX AND STORAGE/GARAGE - CLEAR LOT. Permit Finaled. 27812 S WESTERN AVE BLDG 47","address":"27900 South Western Avenue, CA, San Pedro, 90732, US","ct":"9800.15","ev":"N","hl":"YES","apc":"Harbor","cpa":"Wilmington - Harbor City","zone":"R1-1XL","solar":"N","pin_nbr":"027B193   160","use_code":"2","geolocation":"POINT (-118.31031 33.76682)","status_date":"11/10/2014","permit_group":"Building","refresh_time":"06/10/2026","type_lat_lon":"ADDRESS","business_unit":"Plan Check at Counter"},"geometry":{"type":"Point","coordinates":[-118.31031,33.76682]}},{"type":"Feature","properties":{"date":"2014-05-07T00:00:00.000Z","year":2014,"description":"DEMOLITION DUPLEX AND STORAGE/GARAGE - CLEAR LOT","metadescription":"Bldg-Demolition. 1 or 2 Family Dwelling. DEMOLITION DUPLEX AND STORAGE/GARAGE - CLEAR LOT. Permit Finaled. 27812 S WESTERN AVE BLDG 78","address":"27900 South Western Avenue, CA, San Pedro, 90732, US","ct":"9800.15","ev":"N","hl":"YES","apc":"Harbor","cpa":"Wilmington - Harbor City","zone":"R1-1XL","solar":"N","pin_nbr":"027B193   160","use_code":"2","geolocation":"POINT (-118.31031 33.76682)","status_date":"11/20/2014","permit_group":"Building","refresh_time":"06/10/2026","type_lat_lon":"ADDRESS","business_unit":"Plan Check at Counter"},"geometry":{"type":"Point","coordinates":[-118.31031,33.76682]}},{"type":"Feature","properties":{"date":"2014-05-07T00:00:00.000Z","year":2014,"description":"DEMOLITION DUPLEX AND STORAGE/GARAGE - CLEAR LOT","metadescription":"Bldg-Demolition. 1 or 2 Family Dwelling. DEMOLITION DUPLEX AND STORAGE/GARAGE - CLEAR LOT. Permit Finaled. 27812 S WESTERN AVE BLDG 19","address":"27900 South Western Avenue, CA, San Pedro, 90732, US","ct":"9800.15","ev":"N","hl":"YES","apc":"Harbor","cpa":"Wilmington - Harbor City","zone":"R1-1XL","solar":"N","pin_nbr":"027B193   160","use_code":"2","geolocation":"POINT (-118.31031 33.76682)","status_date":"10/20/2014","permit_group":"Building","refresh_time":"06/10/2026","type_lat_lon":"ADDRESS","business_unit":"Plan Check at Counter"},"geometry":{"type":"Point","coordinates":[-118.31031,33.76682]}},{"type":"Feature","properties":{"date":"2014-05-07T00:00:00.000Z","year":2014,"description":"DEMOLITION DUPLEX AND STORAGE/GARAGE - CLEAR LOT","metadescription":"Bldg-Demolition. 1 or 2 Family Dwelling. DEMOLITION DUPLEX AND STORAGE/GARAGE - CLEAR LOT. Permit Finaled. 27812 S WESTERN AVE BLDG 77","address":"27900 South Western Avenue, CA, San Pedro, 90732, US","ct":"9800.15","ev":"N","hl":"YES","apc":"Harbor","cpa":"Wilmington - Harbor City","zone":"R1-1XL","solar":"N","pin_nbr":"027B193   160","use_code":"2","geolocation":"POINT (-118.31031 33.76682)","status_date":"11/20/2014","permit_group":"Building","refresh_time":"06/10/2026","type_lat_lon":"ADDRESS","business_unit":"Plan Check at Counter"},"geometry":{"type":"Point","coordinates":[-118.31031,33.76682]}},{"type":"Feature","properties":{"date":"2014-05-07T00:00:00.000Z","year":2014,"description":"DEMOLITION DUPLEX AND STORAGE/GARAGE - CLEAR LOT","metadescription":"Bldg-Demolition. 1 or 2 Family Dwelling. DEMOLITION DUPLEX AND STORAGE/GARAGE - CLEAR LOT. Permit Finaled. 27812 S WESTERN AVE BLDG 71","address":"27900 South Western Avenue, CA, San Pedro, 90732, US","ct":"9800.15","ev":"N","hl":"YES","apc":"Harbor","cpa":"Wilmington - Harbor City","zone":"R1-1XL","solar":"N","pin_nbr":"027B193   160","use_code":"2","geolocation":"POINT (-118.31031 33.76682)","status_date":"11/15/2014","permit_group":"Building","refresh_time":"06/10/2026","type_lat_lon":"ADDRESS","business_unit":"Plan Check at Counter"},"geometry":{"type":"Point","coordinates":[-118.31031,33.76682]}},{"type":"Feature","properties":{"date":"2014-05-07T00:00:00.000Z","year":2014,"description":"DEMOLITION DUPLEX AND STORAGE/GARAGE - CLEAR LOT","metadescription":"Bldg-Demolition. 1 or 2 Family Dwelling. DEMOLITION DUPLEX AND STORAGE/GARAGE - CLEAR LOT. Permit Finaled. 27812 S WESTERN AVE BLDG 79","address":"27900 South Western Avenue, CA, San Pedro, 90732, US","ct":"9800.15","ev":"N","hl":"YES","apc":"Harbor","cpa":"Wilmington - Harbor City","zone":"R1-1XL","solar":"N","pin_nbr":"027B193   160","use_code":"2","geolocation":"POINT (-118.31031 33.76682)","status_date":"11/20/2014","permit_group":"Building","refresh_time":"06/10/2026","type_lat_lon":"ADDRESS","business_unit":"Plan Check at Counter"},"geometry":{"type":"Point","coordinates":[-118.31031,33.76682]}},{"type":"Feature","properties":{"date":"2014-05-07T00:00:00.000Z","year":2014,"description":"DEMOLITION DUPLEX AND STORAGE/GARAGE - CLEAR LOT","metadescription":"Bldg-Demolition. 1 or 2 Family Dwelling. DEMOLITION DUPLEX AND STORAGE/GARAGE - CLEAR LOT. Permit Finaled. 27812 S WESTERN AVE BLDG 29","address":"27900 South Western Avenue, CA, San Pedro, 90732, US","ct":"9800.15","ev":"N","hl":"YES","apc":"Harbor","cpa":"Wilmington - Harbor City","zone":"R1-1XL","solar":"N","pin_nbr":"027B193   160","use_code":"2","geolocation":"POINT (-118.31031 33.76682)","status_date":"10/23/2014","permit_group":"Building","refresh_time":"06/10/2026","type_lat_lon":"ADDRESS","business_unit":"Plan Check at Counter"},"geometry":{"type":"Point","coordinates":[-118.31031,33.76682]}},{"type":"Feature","properties":{"date":"2014-05-07T00:00:00.000Z","year":2014,"description":"DEMOLITION DUPLEX AND STORAGE/GARAGE - CLEAR LOT","metadescription":"Bldg-Demolition. 1 or 2 Family Dwelling. DEMOLITION DUPLEX AND STORAGE/GARAGE - CLEAR LOT. Permit Finaled. 27812 S WESTERN AVE BLDG 81","address":"27900 South Western Avenue, CA, San Pedro, 90732, US","ct":"9800.15","ev":"N","hl":"YES","apc":"Harbor","cpa":"Wilmington - Harbor City","zone":"R1-1XL","solar":"N","pin_nbr":"027B193   160","use_code":"2","geolocation":"POINT (-118.31031 33.76682)","status_date":"11/21/2014","permit_group":"Building","refresh_time":"06/10/2026","type_lat_lon":"ADDRESS","business_unit":"Plan Check at Counter"},"geometry":{"type":"Point","coordinates":[-118.31031,33.76682]}},{"type":"Feature","properties":{"date":"2014-05-07T00:00:00.000Z","year":2014,"description":"DEMOLITION DUPLEX AND STORAGE/GARAGE - CLEAR LOT","metadescription":"Bldg-Demolition. 1 or 2 Family Dwelling. DEMOLITION DUPLEX AND STORAGE/GARAGE - CLEAR LOT. Permit Finaled. 27812 S WESTERN AVE BLDG 6","address":"27900 South Western Avenue, CA, San Pedro, 90732, US","ct":"9800.15","ev":"N","hl":"YES","apc":"Harbor","cpa":"Wilmington - Harbor City","zone":"R1-1XL","solar":"N","pin_nbr":"027B193   160","use_code":"2","geolocation":"POINT (-118.31031 33.76682)","status_date":"10/10/2014","permit_group":"Building","refresh_time":"06/10/2026","type_lat_lon":"ADDRESS","business_unit":"Plan Check at Counter"},"geometry":{"type":"Point","coordinates":[-118.31031,33.76682]}},{"type":"Feature","properties":{"date":"2014-05-07T00:00:00.000Z","year":2014,"description":"DEMOLITION DUPLEX AND STORAGE/GARAGE - CLEAR LOT","metadescription":"Bldg-Demolition. 1 or 2 Family Dwelling. DEMOLITION DUPLEX AND STORAGE/GARAGE - CLEAR LOT. Permit Finaled. 27812 S WESTERN AVE BLDG 28","address":"27900 South Western Avenue, CA, San Pedro, 90732, US","ct":"9800.15","ev":"N","hl":"YES","apc":"Harbor","cpa":"Wilmington - Harbor City","zone":"R1-1XL","solar":"N","pin_nbr":"027B193   160","use_code":"2","geolocation":"POINT (-118.31031 33.76682)","status_date":"10/23/2014","permit_group":"Building","refresh_time":"06/10/2026","type_lat_lon":"ADDRESS","business_unit":"Plan Check at Counter"},"geometry":{"type":"Point","coordinates":[-118.31031,33.76682]}},{"type":"Feature","properties":{"date":"2014-05-07T00:00:00.000Z","year":2014,"description":"DEMOLITION DUPLEX AND STORAGE/GARAGE - CLEAR LOT","metadescription":"Bldg-Demolition. 1 or 2 Family Dwelling. DEMOLITION DUPLEX AND STORAGE/GARAGE - CLEAR LOT. Permit Finaled. 27812 S WESTERN AVE BLDG 57","address":"27900 South Western Avenue, CA, San Pedro, 90732, US","ct":"9800.15","ev":"N","hl":"YES","apc":"Harbor","cpa":"Wilmington - Harbor City","zone":"R1-1XL","solar":"N","pin_nbr":"027B193   160","use_code":"2","geolocation":"POINT (-118.31031 33.76682)","status_date":"11/10/2014","permit_group":"Building","refresh_time":"06/10/2026","type_lat_lon":"ADDRESS","business_unit":"Plan Check at Counter"},"geometry":{"type":"Point","coordinates":[-118.31031,33.76682]}},{"type":"Feature","properties":{"date":"2014-05-07T00:00:00.000Z","year":2014,"description":"DEMOLITION DUPLEX AND STORAGE/GARAGE - CLEAR LOT","metadescription":"Bldg-Demolition. 1 or 2 Family Dwelling. DEMOLITION DUPLEX AND STORAGE/GARAGE - CLEAR LOT. Permit Finaled. 27812 S WESTERN AVE BLDG 67","address":"27900 South Western Avenue, CA, San Pedro, 90732, US","ct":"9800.15","ev":"N","hl":"YES","apc":"Harbor","cpa":"Wilmington - Harbor City","zone":"R1-1XL","solar":"N","pin_nbr":"027B193   160","use_code":"2","geolocation":"POINT (-118.31031 33.76682)","status_date":"11/14/2014","permit_group":"Building","refresh_time":"06/10/2026","type_lat_lon":"ADDRESS","business_unit":"Plan Check at Counter"},"geometry":{"type":"Point","coordinates":[-118.31031,33.76682]}},{"type":"Feature","properties":{"date":"2014-05-07T00:00:00.000Z","year":2014,"description":"DEMOLITION DUPLEX AND STORAGE/GARAGE - CLEAR LOT","metadescription":"Bldg-Demolition. 1 or 2 Family Dwelling. DEMOLITION DUPLEX AND STORAGE/GARAGE - CLEAR LOT. Permit Finaled. 27812 S WESTERN AVE BLDG 21","address":"27900 South Western Avenue, CA, San Pedro, 90732, US","ct":"9800.15","ev":"N","hl":"YES","apc":"Harbor","cpa":"Wilmington - Harbor City","zone":"R1-1XL","solar":"N","pin_nbr":"027B193   160","use_code":"2","geolocation":"POINT (-118.31031 33.76682)","status_date":"10/20/2014","permit_group":"Building","refresh_time":"06/10/2026","type_lat_lon":"ADDRESS","business_unit":"Plan Check at Counter"},"geometry":{"type":"Point","coordinates":[-118.31031,33.76682]}},{"type":"Feature","properties":{"date":"2014-05-07T00:00:00.000Z","year":2014,"description":"DEMOLITION DUPLEX AND STORAGE/GARAGE - CLEAR LOT","metadescription":"Bldg-Demolition. 1 or 2 Family Dwelling. DEMOLITION DUPLEX AND STORAGE/GARAGE - CLEAR LOT. Permit Finaled. 27812 S WESTERN AVE BLDG 36","address":"27900 South Western Avenue, CA, San Pedro, 90732, US","ct":"9800.15","ev":"N","hl":"YES","apc":"Harbor","cpa":"Wilmington - Harbor City","zone":"R1-1XL","solar":"N","pin_nbr":"027B193   160","use_code":"2","geolocation":"POINT (-118.31031 33.76682)","status_date":"10/24/2014","permit_group":"Building","refresh_time":"06/10/2026","type_lat_lon":"ADDRESS","business_unit":"Plan Check at Counter"},"geometry":{"type":"Point","coordinates":[-118.31031,33.76682]}},{"type":"Feature","properties":{"date":"2014-05-07T00:00:00.000Z","year":2014,"description":"DEMOLITION DUPLEX AND STORAGE/GARAGE - CLEAR LOT","metadescription":"Bldg-Demolition. 1 or 2 Family Dwelling. DEMOLITION DUPLEX AND STORAGE/GARAGE - CLEAR LOT. Permit Finaled. 27812 S WESTERN AVE BLDG 30","address":"27900 South Western Avenue, CA, San Pedro, 90732, US","ct":"9800.15","ev":"N","hl":"YES","apc":"Harbor","cpa":"Wilmington - Harbor City","zone":"R1-1XL","solar":"N","pin_nbr":"027B193   160","use_code":"2","geolocation":"POINT (-118.31031 33.76682)","status_date":"10/23/2014","permit_group":"Building","refresh_time":"06/10/2026","type_lat_lon":"ADDRESS","business_unit":"Plan Check at Counter"},"geometry":{"type":"Point","coordinates":[-118.31031,33.76682]}},{"type":"Feature","properties":{"date":"2014-05-07T00:00:00.000Z","year":2014,"description":"DEMOLITION DUPLEX AND STORAGE/GARAGE - CLEAR LOT","metadescription":"Bldg-Demolition. 1 or 2 Family Dwelling. DEMOLITION DUPLEX AND STORAGE/GARAGE - CLEAR LOT. Permit Finaled. 27812 S WESTERN AVE BLDG 45","address":"27900 South Western Avenue, CA, San Pedro, 90732, US","ct":"9800.15","ev":"N","hl":"YES","apc":"Harbor","cpa":"Wilmington - Harbor City","zone":"R1-1XL","solar":"N","pin_nbr":"027B193   160","use_code":"2","geolocation":"POINT (-118.31031 33.76682)","status_date":"11/10/2014","permit_group":"Building","refresh_time":"06/10/2026","type_lat_lon":"ADDRESS","business_unit":"Plan Check at Counter"},"geometry":{"type":"Point","coordinates":[-118.31031,33.76682]}},{"type":"Feature","properties":{"date":"2014-05-07T00:00:00.000Z","year":2014,"description":"DEMOLITION DUPLEX AND STORAGE/GARAGE - CLEAR LOT","metadescription":"Bldg-Demolition. 1 or 2 Family Dwelling. DEMOLITION DUPLEX AND STORAGE/GARAGE - CLEAR LOT. Permit Finaled. 27812 S WESTERN AVE BLDG 58","address":"27900 South Western Avenue, CA, San Pedro, 90732, US","ct":"9800.15","ev":"N","hl":"YES","apc":"Harbor","cpa":"Wilmington - Harbor City","zone":"R1-1XL","solar":"N","pin_nbr":"027B193   160","use_code":"2","geolocation":"POINT (-118.31031 33.76682)","status_date":"11/10/2014","permit_group":"Building","refresh_time":"06/10/2026","type_lat_lon":"ADDRESS","business_unit":"Plan Check at Counter"},"geometry":{"type":"Point","coordinates":[-118.31031,33.76682]}},{"type":"Feature","properties":{"date":"2014-05-07T00:00:00.000Z","year":2014,"description":"DEMOLITION DUPLEX AND STORAGE/GARAGE - CLEAR LOT","metadescription":"Bldg-Demolition. 1 or 2 Family Dwelling. DEMOLITION DUPLEX AND STORAGE/GARAGE - CLEAR LOT. Permit Finaled. 27812 S WESTERN AVE BLDG 66","address":"27900 South Western Avenue, CA, San Pedro, 90732, US","ct":"9800.15","ev":"N","hl":"YES","apc":"Harbor","cpa":"Wilmington - Harbor City","zone":"R1-1XL","solar":"N","pin_nbr":"027B193   160","use_code":"2","geolocation":"POINT (-118.31031 33.76682)","status_date":"11/14/2014","permit_group":"Building","refresh_time":"06/10/2026","type_lat_lon":"ADDRESS","business_unit":"Plan Check at Counter"},"geometry":{"type":"Point","coordinates":[-118.31031,33.76682]}},{"type":"Feature","properties":{"date":"2014-05-07T00:00:00.000Z","year":2014,"description":"DEMOLITION DUPLEX AND STORAGE/GARAGE - CLEAR LOT","metadescription":"Bldg-Demolition. 1 or 2 Family Dwelling. DEMOLITION DUPLEX AND STORAGE/GARAGE - CLEAR LOT. Permit Finaled. 27812 S WESTERN AVE BLDG 69","address":"27900 South Western Avenue, CA, San Pedro, 90732, US","ct":"9800.15","ev":"N","hl":"YES","apc":"Harbor","cpa":"Wilmington - Harbor City","zone":"R1-1XL","solar":"N","pin_nbr":"027B193   160","use_code":"2","geolocation":"POINT (-118.31031 33.76682)","status_date":"11/15/2014","permit_group":"Building","refresh_time":"06/10/2026","type_lat_lon":"ADDRESS","business_unit":"Plan Check at Counter"},"geometry":{"type":"Point","coordinates":[-118.31031,33.76682]}},{"type":"Feature","properties":{"date":"2014-05-07T00:00:00.000Z","year":2014,"description":"DEMOLITION DUPLEX AND STORAGE/GARAGE - CLEAR LOT","metadescription":"Bldg-Demolition. 1 or 2 Family Dwelling. DEMOLITION DUPLEX AND STORAGE/GARAGE - CLEAR LOT. Permit Finaled. 27812 S WESTERN AVE BLDG 64","address":"27900 South Western Avenue, CA, San Pedro, 90732, US","ct":"9800.15","ev":"N","hl":"YES","apc":"Harbor","cpa":"Wilmington - Harbor City","zone":"R1-1XL","solar":"N","pin_nbr":"027B193   160","use_code":"2","geolocation":"POINT (-118.31031 33.76682)","status_date":"11/14/2014","permit_group":"Building","refresh_time":"06/10/2026","type_lat_lon":"ADDRESS","business_unit":"Plan Check at Counter"},"geometry":{"type":"Point","coordinates":[-118.31031,33.76682]}},{"type":"Feature","properties":{"date":"2014-05-07T00:00:00.000Z","year":2014,"description":"DEMOLITION DUPLEX AND STORAGE/GARAGE - CLEAR LOT","metadescription":"Bldg-Demolition. 1 or 2 Family Dwelling. DEMOLITION DUPLEX AND STORAGE/GARAGE - CLEAR LOT. Permit Finaled. 27812 S WESTERN AVE BLDG 2","address":"27900 South Western Avenue, CA, San Pedro, 90732, US","ct":"9800.15","ev":"N","hl":"YES","apc":"Harbor","cpa":"Wilmington - Harbor City","zone":"R1-1XL","solar":"N","pin_nbr":"027B193   160","use_code":"2","geolocation":"POINT (-118.31031 33.76682)","status_date":"10/06/2014","permit_group":"Building","refresh_time":"06/10/2026","type_lat_lon":"ADDRESS","business_unit":"Plan Check at Counter"},"geometry":{"type":"Point","coordinates":[-118.31031,33.76682]}},{"type":"Feature","properties":{"date":"2014-05-07T00:00:00.000Z","year":2014,"description":"DEMOLITION DUPLEX AND STORAGE/GARAGE - CLEAR LOT","metadescription":"Bldg-Demolition. 1 or 2 Family Dwelling. DEMOLITION DUPLEX AND STORAGE/GARAGE - CLEAR LOT. Permit Finaled. 27812 S WESTERN AVE BLDG 3","address":"27900 South Western Avenue, CA, San Pedro, 90732, US","ct":"9800.15","ev":"N","hl":"YES","apc":"Harbor","cpa":"Wilmington - Harbor City","zone":"R1-1XL","solar":"N","pin_nbr":"027B193   160","use_code":"2","geolocation":"POINT (-118.31031 33.76682)","status_date":"10/06/2014","permit_group":"Building","refresh_time":"06/10/2026","type_lat_lon":"ADDRESS","business_unit":"Plan Check at Counter"},"geometry":{"type":"Point","coordinates":[-118.31031,33.76682]}},{"type":"Feature","properties":{"date":"2014-05-07T00:00:00.000Z","year":2014,"description":"DEMOLITION DUPLEX AND STORAGE/GARAGE - CLEAR LOT","metadescription":"Bldg-Demolition. 1 or 2 Family Dwelling. DEMOLITION DUPLEX AND STORAGE/GARAGE - CLEAR LOT. Permit Finaled. 27812 S WESTERN AVE BLDG 9","address":"27900 South Western Avenue, CA, San Pedro, 90732, US","ct":"9800.15","ev":"N","hl":"YES","apc":"Harbor","cpa":"Wilmington - Harbor City","zone":"R1-1XL","solar":"N","pin_nbr":"027B193   160","use_code":"2","geolocation":"POINT (-118.31031 33.76682)","status_date":"10/10/2014","permit_group":"Building","refresh_time":"06/10/2026","type_lat_lon":"ADDRESS","business_unit":"Plan Check at Counter"},"geometry":{"type":"Point","coordinates":[-118.31031,33.76682]}},{"type":"Feature","properties":{"date":"2014-05-07T00:00:00.000Z","year":2014,"description":"DEMOLITION DUPLEX AND STORAGE/GARAGE - CLEAR LOT","metadescription":"Bldg-Demolition. 1 or 2 Family Dwelling. DEMOLITION DUPLEX AND STORAGE/GARAGE - CLEAR LOT. Permit Finaled. 27812 S WESTERN AVE BLDG 10","address":"27900 South Western Avenue, CA, San Pedro, 90732, US","ct":"9800.15","ev":"N","hl":"YES","apc":"Harbor","cpa":"Wilmington - Harbor City","zone":"R1-1XL","solar":"N","pin_nbr":"027B193   160","use_code":"2","geolocation":"POINT (-118.31031 33.76682)","status_date":"08/11/2014","permit_group":"Building","refresh_time":"06/10/2026","type_lat_lon":"ADDRESS","business_unit":"Plan Check at Counter"},"geometry":{"type":"Point","coordinates":[-118.31031,33.76682]}},{"type":"Feature","properties":{"date":"2014-05-07T00:00:00.000Z","year":2014,"description":"DEMOLITION DUPLEX AND STORAGE/GARAGE - CLEAR LOT","metadescription":"Bldg-Demolition. 1 or 2 Family Dwelling. DEMOLITION DUPLEX AND STORAGE/GARAGE - CLEAR LOT. Permit Finaled. 27812 S WESTERN AVE BLDG 39","address":"27900 South Western Avenue, CA, San Pedro, 90732, US","ct":"9800.15","ev":"N","hl":"YES","apc":"Harbor","cpa":"Wilmington - Harbor City","zone":"R1-1XL","solar":"N","pin_nbr":"027B193   160","use_code":"2","geolocation":"POINT (-118.31031 33.76682)","status_date":"10/27/2014","permit_group":"Building","refresh_time":"06/10/2026","type_lat_lon":"ADDRESS","business_unit":"Plan Check at Counter"},"geometry":{"type":"Point","coordinates":[-118.31031,33.76682]}},{"type":"Feature","properties":{"date":"2014-05-07T00:00:00.000Z","year":2014,"description":"DEMOLITION DUPLEX AND STORAGE/GARAGE - CLEAR LOT","metadescription":"Bldg-Demolition. 1 or 2 Family Dwelling. DEMOLITION DUPLEX AND STORAGE/GARAGE - CLEAR LOT. Permit Finaled. 27812 S WESTERN AVE BLDG 49","address":"27900 South Western Avenue, CA, San Pedro, 90732, US","ct":"9800.15","ev":"N","hl":"YES","apc":"Harbor","cpa":"Wilmington - Harbor City","zone":"R1-1XL","solar":"N","pin_nbr":"027B193   160","use_code":"2","geolocation":"POINT (-118.31031 33.76682)","status_date":"11/03/2014","permit_group":"Building","refresh_time":"06/10/2026","type_lat_lon":"ADDRESS","business_unit":"Plan Check at Counter"},"geometry":{"type":"Point","coordinates":[-118.31031,33.76682]}},{"type":"Feature","properties":{"date":"2014-05-07T00:00:00.000Z","year":2014,"description":"DEMOLITION DUPLEX AND STORAGE/GARAGE - CLEAR LOT","metadescription":"Bldg-Demolition. 1 or 2 Family Dwelling. DEMOLITION DUPLEX AND STORAGE/GARAGE - CLEAR LOT. Permit Finaled. 27812 S WESTERN AVE BLDG 4","address":"27900 South Western Avenue, CA, San Pedro, 90732, US","ct":"9800.15","ev":"N","hl":"YES","apc":"Harbor","cpa":"Wilmington - Harbor City","zone":"R1-1XL","solar":"N","pin_nbr":"027B193   160","use_code":"2","geolocation":"POINT (-118.31031 33.76682)","status_date":"10/06/2014","permit_group":"Building","refresh_time":"06/10/2026","type_lat_lon":"ADDRESS","business_unit":"Plan Check at Counter"},"geometry":{"type":"Point","coordinates":[-118.31031,33.76682]}},{"type":"Feature","properties":{"date":"2014-05-07T00:00:00.000Z","year":2014,"description":"DEMOLITION DUPLEX AND STORAGE/GARAGE - CLEAR LOT","metadescription":"Bldg-Demolition. 1 or 2 Family Dwelling. DEMOLITION DUPLEX AND STORAGE/GARAGE - CLEAR LOT. Permit Finaled. 27812 S WESTERN AVE BLDG 52","address":"27900 South Western Avenue, CA, San Pedro, 90732, US","ct":"9800.15","ev":"N","hl":"YES","apc":"Harbor","cpa":"Wilmington - Harbor City","zone":"R1-1XL","solar":"N","pin_nbr":"027B193   160","use_code":"2","geolocation":"POINT (-118.31031 33.76682)","status_date":"11/03/2014","permit_group":"Building","refresh_time":"06/10/2026","type_lat_lon":"ADDRESS","business_unit":"Plan Check at Counter"},"geometry":{"type":"Point","coordinates":[-118.31031,33.76682]}},{"type":"Feature","properties":{"date":"2012-07-25T00:00:00.000Z","year":2012,"description":"CORRECT PERMIT 12014-10000-00523 TO  REMOVE EPOXY ANCHOR AND SEISMIC GAS SHUTOFF VALVE FROM CHECKLIST ITEMS.  NO FEE.  DEPARTMENT ERROR.  CORRECT USE CODE TO SHOW PUBLIC GARAGE (REMOVE PRIVATE GARAGE).","metadescription":"Bldg-Alter/Repair. Commercial. CORRECT PERMIT 12014-10000-00523 TO  REMOVE EPOXY ANCHOR AND SEISMIC GAS SHUTOFF VALVE FROM CHECKLIST ITEMS.  NO FEE.  DEPARTMENT ERROR.  CORRECT USE CODE TO SHOW PUBLIC GARAGE (REMOVE PRIVATE GARAGE).. Permit Finaled. 916 N WESTERN AVE","address":"916 North Western Avenue, CA, San Pedro, 90732, US","ct":"2963.00, 2964.00","ev":"N","hl":"YES","apc":"Harbor","cpa":"San Pedro","zone":"(Q)C2-1XL","solar":"N","pin_nbr":"021B193   193","use_code":"16","geolocation":"POINT (-118.30886 33.75076)","status_date":"07/27/2012","permit_group":"Building","refresh_time":"06/10/2026","type_lat_lon":"ADDRESS","business_unit":"Plan Check at Counter"},"geometry":{"type":"Point","coordinates":[-118.30886,33.75076]}},{"type":"Feature","properties":{"date":"2012-06-19T00:00:00.000Z","year":2012,"description":"TEAR OFF EXISTING ROOFING. RE-ROOF 30 SQUARES W/CLASS 'A' OR 'B' MATERIALS WEIGHING LESS THAN 6 POUNDS PER SQ. FT. INSTALL BUILT UP ROOF/HOT MOP (MAX. 1 OVERLAY). (GARAGES ONLY)","metadescription":"Bldg-Alter/Repair. Apartment. TEAR OFF EXISTING ROOFING. RE-ROOF 30 SQUARES W/CLASS 'A' OR 'B' MATERIALS WEIGHING LESS THAN 6 POUNDS PER SQ. FT. INSTALL BUILT UP ROOF/HOT MOP (MAX. 1 OVERLAY). (GARAGES ONLY). Permit Finaled. 2018-2028 N STONEWOOD CT","address":"2018 Stonewood Court, CA, San Pedro, 90732, US","ct":"2951.01","ev":"N","hl":"YES","apc":"Harbor","cpa":"San Pedro","zone":"RD2-1XL","solar":"N","pin_nbr":"024B193    58","use_code":"7","geolocation":"POINT (-118.30803 33.76306)","status_date":"07/12/2012","permit_group":"Building","refresh_time":"06/10/2026","type_lat_lon":"ADDRESS","business_unit":"Express Permit"},"geometry":{"type":"Point","coordinates":[-118.30803,33.76306]}},{"type":"Feature","properties":{"date":"2012-06-19T00:00:00.000Z","year":2012,"description":"TEAR OFF EXISTING ROOFING. RE-ROOF 35 SQUARES W/CLASS 'A' OR 'B' MATERIALS WEIGHING LESS THAN 6 POUNDS PER SQ. FT. INSTALL BUILT UP ROOF/HOT MOP (MAX. 1 OVERLAY). (GARAGES ONLY)","metadescription":"Bldg-Alter/Repair. Apartment. TEAR OFF EXISTING ROOFING. RE-ROOF 35 SQUARES W/CLASS 'A' OR 'B' MATERIALS WEIGHING LESS THAN 6 POUNDS PER SQ. FT. INSTALL BUILT UP ROOF/HOT MOP (MAX. 1 OVERLAY). (GARAGES ONLY). Permit Finaled. 2002-2014 N STONEWOOD CT","address":"2002 Stonewood Court, CA, San Pedro, 90732, US","ct":"2951.01","ev":"N","hl":"YES","apc":"Harbor","cpa":"San Pedro","zone":"RD2-1XL","solar":"N","pin_nbr":"024B193    58","use_code":"7","geolocation":"POINT (-118.30806 33.76283)","status_date":"07/12/2012","permit_group":"Building","refresh_time":"06/10/2026","type_lat_lon":"ADDRESS","business_unit":"Express Permit"},"geometry":{"type":"Point","coordinates":[-118.30806,33.76283]}},{"type":"Feature","properties":{"date":"2011-07-26T00:00:00.000Z","year":2011,"description":"TEAR OFF OLD ROOF.  INSTALL NEW EAGLE LIGHT TILE.  HOUSE & GARAGE.","metadescription":"Bldg-Alter/Repair. 1 or 2 Family Dwelling. TEAR OFF OLD ROOF.  INSTALL NEW EAGLE LIGHT TILE.  HOUSE & GARAGE.. Permit Finaled. 2308 W 37TH ST","address":"2300 West 37Th Street, CA, San Pedro, 90732, US","ct":"2974.00","ev":"N","hl":"YES","apc":"Harbor","cpa":"San Pedro","zone":"R1-1XL","solar":"N","pin_nbr":"009B189   171","use_code":"1","geolocation":"POINT (-118.32664 33.72269)","status_date":"08/08/2013","permit_group":"Building","refresh_time":"06/10/2026","type_lat_lon":"ADDRESS","business_unit":"Express Permit"},"geometry":{"type":"Point","coordinates":[-118.32664,33.72269]}},{"type":"Feature","properties":{"date":"2009-10-19T00:00:00.000Z","year":2009,"description":"TEAR OFF 13 GARAGES AND PUT BACK 30 YEAR COMP ONLY.","metadescription":"Bldg-Alter/Repair. Apartment. TEAR OFF 13 GARAGES AND PUT BACK 30 YEAR COMP ONLY.. Permit Closed. 1426-1448 W BRETT PL","address":"1426 Brett Place, CA, San Pedro, 90732, US","ct":"2963.00","ev":"N","hl":"YES","apc":"Harbor","cpa":"San Pedro","zone":"(Q)RD1.5-1VLD","solar":"N","pin_nbr":"024B193   607","use_code":"7","geolocation":"POINT (-118.30731 33.75679)","status_date":"09/17/2014","permit_group":"Building","refresh_time":"06/10/2026","type_lat_lon":"ADDRESS","business_unit":"Express Permit"},"geometry":{"type":"Point","coordinates":[-118.30731,33.75679]}},{"type":"Feature","properties":{"date":"2008-04-04T00:00:00.000Z","year":2008,"description":"REROOF, TEAR OFF AND INSTALL 20YR 3TAB SHINGLE GARAGE ONLY, UNIT #49 & #53.","metadescription":"Bldg-Alter/Repair. Apartment. REROOF, TEAR OFF AND INSTALL 20YR 3TAB SHINGLE GARAGE ONLY, UNIT #49 & #53.. Permit Finaled. 1434 W BRETT PL #49 & 53","address":"1434 Brett Place, CA, San Pedro, 90732, US","ct":"2963.00","ev":"N","hl":"YES","apc":"Harbor","cpa":"San Pedro","zone":"(Q)RD1.5-1VLD","solar":"N","pin_nbr":"024B193   607","use_code":"7","geolocation":"POINT (-118.30756 33.75681)","status_date":"09/16/2008","permit_group":"Building","refresh_time":"06/10/2026","type_lat_lon":"ADDRESS","business_unit":"Express Permit"},"geometry":{"type":"Point","coordinates":[-118.30756,33.75681]}},{"type":"Feature","properties":{"date":"2007-09-24T00:00:00.000Z","year":2007,"description":"repair vehicle damage to garage wall. reframe 10 lineal ft of wall, patch and stucco","metadescription":"Bldg-Alter/Repair. Apartment. repair vehicle damage to garage wall. reframe 10 lineal ft of wall, patch and stucco. Permit Finaled. 1484 W STONEWOOD CT","address":"1484 Stonewood Court, CA, San Pedro, 90732, US","ct":"2951.01","ev":"N","hl":"YES","apc":"Harbor","cpa":"San Pedro","zone":"RD2-1XL","solar":"N","pin_nbr":"024B193   196","use_code":"7","geolocation":"POINT (-118.30697 33.76135)","status_date":"10/23/2007","permit_group":"Building","refresh_time":"06/10/2026","type_lat_lon":"ADDRESS","business_unit":"Plan Check at Counter"},"geometry":{"type":"Point","coordinates":[-118.30697,33.76135]}},{"type":"Feature","properties":{"date":"2006-10-25T00:00:00.000Z","year":2006,"description":"structural revision for a NEW RETAINING WALL IN GARAGE AREA.","metadescription":"Nonbldg-New. Commercial. structural revision for a NEW RETAINING WALL IN GARAGE AREA.. Permit Finaled. 1713 W WESTMONT DR","address":"1713 Westmont Drive, CA, San Pedro, 90732, US","ct":"2951.01","ev":"N","hl":"YES","apc":"Harbor","cpa":"San Pedro","zone":"RD2-1XL","solar":"N","pin_nbr":"024B193     5","use_code":"23","geolocation":"POINT (-118.30892 33.76282)","status_date":"04/13/2007","permit_group":"Building","refresh_time":"06/10/2026","type_lat_lon":"ADDRESS","business_unit":"Plan Check at Counter"},"geometry":{"type":"Point","coordinates":[-118.30892,33.76282]}},{"type":"Feature","properties":{"date":"2006-01-25T00:00:00.000Z","year":2006,"description":"NEW RETAINING WALL IN GARAGE AREA.","metadescription":"Nonbldg-New. Apartment. NEW RETAINING WALL IN GARAGE AREA.. Permit Finaled. 1713 W WESTMONT DR","address":"1713 Westmont Drive, CA, San Pedro, 90732, US","ct":"2951.01","ev":"N","hl":"YES","apc":"Harbor","cpa":"San Pedro","zone":"RD2-1XL","solar":"N","pin_nbr":"024B193     5","use_code":"23","geolocation":"POINT (-118.30892 33.76282)","status_date":"03/17/2010","permit_group":"Building","refresh_time":"06/10/2026","type_lat_lon":"ADDRESS","business_unit":"Plan Check at Counter"},"geometry":{"type":"Point","coordinates":[-118.30892,33.76282]}},{"type":"Feature","properties":{"date":"2005-11-30T00:00:00.000Z","year":2005,"description":"REMOVE EXISTING BUILT-UP ROOF SYS. ON GARAGE AND REPLACE W/ NEW BUILT-UP ROOF SYS. USING SAME MATERIALS. AS EXISTING.  APPROX. 44SQS. TO INCLUDE REPLACEMENT OF ROTTEN SHEATHING.","metadescription":"Bldg-Alter/Repair. Apartment. REMOVE EXISTING BUILT-UP ROOF SYS. ON GARAGE AND REPLACE W/ NEW BUILT-UP ROOF SYS. USING SAME MATERIALS. AS EXISTING.  APPROX. 44SQS. TO INCLUDE REPLACEMENT OF ROTTEN SHEATHING.. Permit Finaled. 1965-1981 N MT SHASTA DR GARAGE","address":"1965 Mt Shasta Drive, CA, San Pedro, 90732, US","ct":"2951.01","ev":"N","hl":"YES","apc":"Harbor","cpa":"San Pedro","zone":"RD2-1XL","solar":"N","pin_nbr":"024B193   124","use_code":"35","geolocation":"POINT (-118.3039 33.76254)","status_date":"07/18/2006","permit_group":"Building","refresh_time":"06/10/2026","type_lat_lon":"ADDRESS","business_unit":"Express Permit"},"geometry":{"type":"Point","coordinates":[-118.3039,33.76254]}},{"type":"Feature","properties":{"date":"2005-10-14T00:00:00.000Z","year":2005,"description":"REMOVE THE EXISTING BUILT-UP ROOF ON GARAGE ROOF AND INSTALL A NEW BUIL;T-UPSYSTEM.  RE-ROOF USING THE SAME MATERIAL AS EXISTING.  JOHNS MANVILLE SPEC. NO. 3GNGAPPROX. 34 SQ.  REPLACE ROTTEN SHEATHING.   SEE COMMENT.","metadescription":"Bldg-Alter/Repair. Commercial. REMOVE THE EXISTING BUILT-UP ROOF ON GARAGE ROOF AND INSTALL A NEW BUIL;T-UPSYSTEM.  RE-ROOF USING THE SAME MATERIAL AS EXISTING.  JOHNS MANVILLE SPEC. NO. 3GNGAPPROX. 34 SQ.  REPLACE ROTTEN SHEATHING.   SEE COMMENT.. Permit Finaled. 1479-1491 W WESTMONT DR","address":"1479 Westmont Drive, CA, San Pedro, 90732, US","ct":"2951.01","ev":"N","hl":"YES","apc":"Harbor","cpa":"San Pedro","zone":"RD2-1XL","solar":"N","pin_nbr":"024B193   140","use_code":"35","geolocation":"POINT (-118.30612 33.76265)","status_date":"03/03/2006","permit_group":"Building","refresh_time":"06/10/2026","type_lat_lon":"ADDRESS","business_unit":"Express Permit"},"geometry":{"type":"Point","coordinates":[-118.30612,33.76265]}},{"type":"Feature","properties":{"date":"2005-10-14T00:00:00.000Z","year":2005,"description":"REMOVE THE EXISTING BUILT-UP GARAGED ROOF AND INSTALL NEW BUILT-UP ROOF SYSTEM USING THE SAME MATERIALS AS THE EXISTING.  JOHNS MANVILLE SPEC. NO. 3GNGAPPROX. 39 SQUARES.  REPLACE ROTTEN SHEATHING.  SEE COMMENTS","metadescription":"Bldg-Alter/Repair. Commercial. REMOVE THE EXISTING BUILT-UP GARAGED ROOF AND INSTALL NEW BUILT-UP ROOF SYSTEM USING THE SAME MATERIALS AS THE EXISTING.  JOHNS MANVILLE SPEC. NO. 3GNGAPPROX. 39 SQUARES.  REPLACE ROTTEN SHEATHING.  SEE COMMENTS. Permit Finaled. 1983-1997 N MT SHASTA DR","address":"1983 Mt Shasta Drive, CA, San Pedro, 90732, US","ct":"2951.01","ev":"N","hl":"YES","apc":"Harbor","cpa":"San Pedro","zone":"RD2-1XL","solar":"N","pin_nbr":"024B193   124","use_code":"35","geolocation":"POINT (-118.30393 33.76282)","status_date":"07/18/2006","permit_group":"Building","refresh_time":"06/10/2026","type_lat_lon":"ADDRESS","business_unit":"Express Permit"},"geometry":{"type":"Point","coordinates":[-118.30393,33.76282]}},{"type":"Feature","properties":{"date":"2005-10-14T00:00:00.000Z","year":2005,"description":"REMOVE THE EXISTING GARAGE ROOFS AND INSTALL A NEW BUILT-UP ROOF SYSTEM TO REPLACE THE EXISTING USING SAME MATERIAL.  RE-ROOF GARAGE ROOFS ONLY.  JOHN MANVILLE SPEC. NO. 3 GNG APPROX. 34 SQ.  REPLACE ROTTEN SHEATHING.  SEE COMMENT.","metadescription":"Bldg-Alter/Repair. Commercial. REMOVE THE EXISTING GARAGE ROOFS AND INSTALL A NEW BUILT-UP ROOF SYSTEM TO REPLACE THE EXISTING USING SAME MATERIAL.  RE-ROOF GARAGE ROOFS ONLY.  JOHN MANVILLE SPEC. NO. 3 GNG APPROX. 34 SQ.  REPLACE ROTTEN SHEATHING.  SEE COMMENT.. Permit Finaled. 1515-1527 W WESTMONT DR","address":"1513 Westmont Drive, CA, San Pedro, 90732, US","ct":"2951.01","ev":"N","hl":"YES","apc":"Harbor","cpa":"San Pedro","zone":"RD2-1XL","solar":"N","pin_nbr":"024B193    58","use_code":"35","geolocation":"POINT (-118.30607 33.76302)","status_date":"03/03/2006","permit_group":"Building","refresh_time":"06/10/2026","type_lat_lon":"ADDRESS","business_unit":"Express Permit"},"geometry":{"type":"Point","coordinates":[-118.30607,33.76302]}},{"type":"Feature","properties":{"date":"2005-10-14T00:00:00.000Z","year":2005,"description":"REMOVE THE EXISTING BUILT UP GARAGE ROOF SYSTEM AND INSTALL A NEW BUILT-UP SYSTEM.RE-ROOF GARAGE ROOF ONLY USING THE SAME MATERIAL AS EXISTING.  JOHNS MANVILLESPEC. NO 3GNG.  APPROX. 34 SQ.  REPLACE ROTTEN SHEATHING.  SEE COMMENT.","metadescription":"Bldg-Alter/Repair. Commercial. REMOVE THE EXISTING BUILT UP GARAGE ROOF SYSTEM AND INSTALL A NEW BUILT-UP SYSTEM.RE-ROOF GARAGE ROOF ONLY USING THE SAME MATERIAL AS EXISTING.  JOHNS MANVILLESPEC. NO 3GNG.  APPROX. 34 SQ.  REPLACE ROTTEN SHEATHING.  SEE COMMENT.. Permit Finaled. 1465-1477 W STONEWOOD CT","address":"1465 Stonewood Court, CA, San Pedro, 90732, US","ct":"2951.01","ev":"N","hl":"YES","apc":"Harbor","cpa":"San Pedro","zone":"RD2-1XL","solar":"N","pin_nbr":"024B193   140","use_code":"35","geolocation":"POINT (-118.30604 33.76159)","status_date":"08/07/2006","permit_group":"Building","refresh_time":"06/10/2026","type_lat_lon":"ADDRESS","business_unit":"Express Permit"},"geometry":{"type":"Point","coordinates":[-118.30604,33.76159]}},{"type":"Feature","properties":{"date":"2005-10-07T00:00:00.000Z","year":2005,"description":"relocate garage door to face street.","metadescription":"Bldg-Alter/Repair. 1 or 2 Family Dwelling. relocate garage door to face street.. Permit Finaled. 2305 W WARMOUTH ST","address":"2305 Warmouth Street, CA, San Pedro, 90732, US","ct":"2974.00","ev":"N","hl":"YES","apc":"Harbor","cpa":"San Pedro","zone":"R1-1XL","solar":"N","pin_nbr":"009B185    65","use_code":"1","geolocation":"POINT (-118.32845 33.72086)","status_date":"02/08/2006","permit_group":"Building","refresh_time":"06/10/2026","type_lat_lon":"ADDRESS","business_unit":"Plan Check at Counter"},"geometry":{"type":"Point","coordinates":[-118.32845,33.72086]}},{"type":"Feature","properties":{"date":"2003-09-30T00:00:00.000Z","year":2003,"description":"Non-structural remodel to (E) 2-car garage. Remove mansard roofing.","metadescription":"Bldg-Alter/Repair. 1 or 2 Family Dwelling. Non-structural remodel to (E) 2-car garage. Remove mansard roofing.. Permit Finaled. 2317 W WARMOUTH ST","address":"2317 Warmouth Street, CA, San Pedro, 90732, US","ct":"2974.00","ev":"N","hl":"YES","apc":"Harbor","cpa":"San Pedro","zone":"R1-1XL","solar":"N","pin_nbr":"009B185    61","use_code":"7","geolocation":"POINT (-118.32884 33.72099)","status_date":"01/13/2006","permit_group":"Building","refresh_time":"06/10/2026","type_lat_lon":"ADDRESS","business_unit":"Regular Plan Check"},"geometry":{"type":"Point","coordinates":[-118.32884,33.72099]}},{"type":"Feature","properties":{"date":"2003-05-06T00:00:00.000Z","year":2003,"description":"NEW CAISSON & GRADE BEAM FOUNDATION.  REPAIR AND REPLACE GARAGE SLAB.","metadescription":"Bldg-Alter/Repair. Apartment. NEW CAISSON & GRADE BEAM FOUNDATION.  REPAIR AND REPLACE GARAGE SLAB.. Permit Finaled. 1463 W STONEWOOD CT","address":"1463 Stonewood Court, CA, San Pedro, 90732, US","ct":"2951.01","ev":"N","hl":"YES","apc":"Harbor","cpa":"San Pedro","zone":"RD2-1XL","solar":"N","pin_nbr":"024B193   140","use_code":"35","geolocation":"POINT (-118.30599 33.76191)","status_date":"07/09/2003","permit_group":"Building","refresh_time":"06/10/2026","type_lat_lon":"ADDRESS","business_unit":"Regular Plan Check"},"geometry":{"type":"Point","coordinates":[-118.30599,33.76191]}},{"type":"Feature","properties":{"date":"2003-02-03T00:00:00.000Z","year":2003,"description":"5'-8\" X 19'-6\" IRREGULAR ONE STORY ADDITION TO EXPAND DINING ROOM AND TO CONNECT EXISTING DETACHED GARAGE TO HOUSE (+ 80 SQ FT). REPLACE FRONT WINDOWS (SAME SIZE AND LOCATION). FRAME GABLE ROOF OVER EX'G SHED ROOF AT GARAGE. ADD PREFAB FIREPLACE IN LVG RM (see comments)","metadescription":"Bldg-Addition. 1 or 2 Family Dwelling. 5'-8\" X 19'-6\" IRREGULAR ONE STORY ADDITION TO EXPAND DINING ROOM AND TO CONNECT EXISTING DETACHED GARAGE TO HOUSE (+ 80 SQ FT). REPLACE FRONT WINDOWS (SAME SIZE AND LOCATION). FRAME GABLE ROOF OVER EX'G SHED ROOF AT GARAGE. ADD PREFAB FIREPLACE IN LVG RM (see comments). Permit Finaled. 2335 W 37TH ST","address":"2327 West 37Th Street, CA, San Pedro, 90732, US","ct":"2974.00","ev":"N","hl":"YES","apc":"Harbor","zone":"R1-1XL","solar":"N","pin_nbr":"009B185     8","use_code":"1","geolocation":"POINT (-118.32709 33.72354)","status_date":"06/08/2004","construction":"Type V-N Construction","permit_group":"Building","refresh_time":"06/10/2026","type_lat_lon":"ADDRESS","business_unit":"Plan Check at Counter","square_footage":"80"},"geometry":{"type":"Point","coordinates":[-118.32709,33.72354]}},{"type":"Feature","properties":{"date":"1998-01-07T00:00:00.000Z","year":1998,"description":"NEW 50'X63' IRR, TWO STORY SFD W/ ATT GARAGE.","metadescription":"Bldg-New. 1 or 2 Family Dwelling. NEW 50'X63' IRR, TWO STORY SFD W/ ATT GARAGE.. Permit Closed. 3713 S STARGAZER AVE","address":"3709 Stargazer Avenue, CA, San Pedro, 90732, US","ct":"2974.00","ev":"N","hl":"Y","apc":"Harbor","zone":"R1-1XL","solar":"N","pin_nbr":"009B185    21","use_code":"1","geolocation":"POINT (-118.32711 33.72237)","status_date":"01/04/2000","construction":"Type V-N Construction","permit_group":"Building","refresh_time":"06/10/2026","type_lat_lon":"ADDRESS","business_unit":"Regular Plan Check","square_footage":"4356.75"},"geometry":{"type":"Point","coordinates":[-118.32711,33.72237]}},{"type":"Feature","properties":{"date":"1997-04-22T00:00:00.000Z","year":1997,"description":"Addition to the garage potion of the dwelling creating another stall to the North side of building.","metadescription":"Bldg-Addition. 1 or 2 Family Dwelling. Addition to the garage potion of the dwelling creating another stall to the North side of building.. Permit Finaled. 2251 W AMIRANTE DR","address":"2249 Amirante Drive, CA, San Pedro, 90732, US","ct":"2974.00","ev":"N","hl":"Y","apc":"Harbor","zone":"R1-1XL","solar":"N","pin_nbr":"012B189    92","use_code":"1","geolocation":"POINT (-118.32571 33.72913)","status_date":"12/07/2006","construction":"Type V-N Construction","permit_group":"Building","refresh_time":"06/10/2026","type_lat_lon":"ADDRESS","business_unit":"Plan Check at Counter","square_footage":"0"},"geometry":{"type":"Point","coordinates":[-118.32571,33.72913]}}]}
