{"type":"FeatureCollection","features":[{"type":"Feature","properties":{"date":"2026-05-28T00:00:00.000Z","year":2026,"description":"Convert detached garage with small addition to front and side to create ADU PER LAMC 12.22 A.33(b)(1),(c),(d),(h) and (k)","metadescription":"Bldg-Addition. 1 or 2 Family Dwelling. Convert detached garage with small addition to front and side to create ADU PER LAMC 12.22 A.33(b)(1),(c),(d),(h) and (k). Issued. 6620 S VICTORIA AVE","address":"6616 South Victoria Avenue, CA, Los Angeles, 90043, US","ct":"2349.02","ev":"N","apc":"South Los Angeles","cpa":"West Adams - Baldwin Hills - Leimert","zone":"R3-1","solar":"N","height":"12","pin_nbr":"102B185   197","use_code":"1","status_date":"05/28/2026","construction":"Type V-B Construction","permit_group":"Building","refresh_time":"06/10/2026","type_lat_lon":"PIN","business_unit":"Expanded Counter Plan Check","square_footage":"578"},"geometry":{"type":"Point","coordinates":[-118.33217762,33.97845906]}},{"type":"Feature","properties":{"date":"2026-05-04T00:00:00.000Z","year":2026,"description":"CONVERT DETACHED 20' X 20' GARAGE INTO A.D.U. PER GC & 66323(a)(2).","metadescription":"Bldg-Alter/Repair. 1 or 2 Family Dwelling. CONVERT DETACHED 20' X 20' GARAGE INTO A.D.U. PER GC & 66323(a)(2).. Issued. 2104 W 94TH PL","address":"2106 West 94Th Place, CA, Los Angeles, 90047, US","ct":"2380.00","ev":"N","apc":"South Los Angeles","cpa":"South Los Angeles","zone":"R1-1","solar":"N","pin_nbr":"093A191    44","use_code":"1","status_date":"05/04/2026","construction":"Type V-B Construction","permit_group":"Building","refresh_time":"06/10/2026","type_lat_lon":"ADDRESS","business_unit":"Expanded Counter Plan Check","square_footage":"400"},"geometry":{"type":"Point","coordinates":[-118.31586,33.95034]}},{"type":"Feature","properties":{"date":"2026-04-20T00:00:00.000Z","year":2026,"description":"2-story addition to (E) detached garage to create 2-story ADU w/ attached garager per LAMC Sec. 12.22 A.33(c) and (d).","metadescription":"Bldg-Addition. 1 or 2 Family Dwelling. 2-story addition to (E) detached garage to create 2-story ADU w/ attached garager per LAMC Sec. 12.22 A.33(c) and (d).. Issued. 3105 W 79TH ST","address":"3107 West 79Th Street, CA, Los Angeles, 90043, US","ct":"2352.02","ev":"N","apc":"South Los Angeles","cpa":"West Adams - Baldwin Hills - Leimert","zone":"R1-1","solar":"N","height":"18.4","pin_nbr":"099B185   394","use_code":"1","status_date":"04/20/2026","construction":"Type V-B Construction","permit_group":"Building","refresh_time":"06/10/2026","type_lat_lon":"PIN","business_unit":"Regular Plan Check","square_footage":"896"},"geometry":{"type":"Point","coordinates":[-118.32683253,33.96754046]}},{"type":"Feature","properties":{"date":"2026-04-17T00:00:00.000Z","year":2026,"description":"MAJOR REMODEL AND ADDITION TO (E) SINGLE FAMILY DWELLING WITH ATTACHED GARAGE.","metadescription":"Bldg-Addition. 1 or 2 Family Dwelling. MAJOR REMODEL AND ADDITION TO (E) SINGLE FAMILY DWELLING WITH ATTACHED GARAGE.. Issued. 7706 S HINDRY AVE","address":"7706 Hindry Avenue, CA, Los Angeles, 90045, US","ct":"2771.00","ev":"N","apc":"West Los Angeles","cpa":"Westchester - Playa del Rey","zone":"R1-1","solar":"N","height":"17.67","pin_nbr":"099B173   389","use_code":"1","status_date":"04/17/2026","construction":"Type V-B Construction","permit_group":"Building","refresh_time":"06/10/2026","type_lat_lon":"ADDRESS","business_unit":"Regular Plan Check","square_footage":"2478"},"geometry":{"type":"Point","coordinates":[-118.37436,33.96707]}},{"type":"Feature","properties":{"date":"2026-04-15T00:00:00.000Z","year":2026,"description":"Supplemental for 1-Reframe garage roof = 360 sq ftAND Remove fire sprinklers","metadescription":"Bldg-Alter/Repair. 1 or 2 Family Dwelling. Supplemental for 1-Reframe garage roof = 360 sq ftAND Remove fire sprinklers. Permit Finaled. 6900-6902 S KITTYHAWK AVE","address":"6900 Kittyhawk Avenue, CA, Los Angeles, 90045, US","ct":"2761.02","ev":"N","apc":"West Los Angeles","cpa":"Westchester - Playa del Rey","zone":"R3-1","solar":"N","pin_nbr":"102B173   232","use_code":"2","status_date":"06/09/2026","permit_group":"Building","refresh_time":"06/10/2026","type_lat_lon":"ADDRESS","business_unit":"Plan Check at Counter"},"geometry":{"type":"Point","coordinates":[-118.37218,33.97506]}},{"type":"Feature","properties":{"date":"2026-03-25T00:00:00.000Z","year":2026,"description":"ePlan: Convert (E) detached garage to ADU per LAMC 12.22 A.33(b)(1).  Design per WFPP.","metadescription":"Bldg-Alter/Repair. 1 or 2 Family Dwelling. ePlan: Convert (E) detached garage to ADU per LAMC 12.22 A.33(b)(1).  Design per WFPP.. Corrections Issued. 1951 W 94TH PL","address":"2001 West 94Th Place, CA, Los Angeles, 90047, US","ct":"2380.00","ev":"N","apc":"South Los Angeles","cpa":"South Los Angeles","zone":"R1-1","solar":"N","pin_nbr":"093A193    12","use_code":"1","status_date":"04/02/2026","construction":"Type V-B Construction","permit_group":"Building","refresh_time":"06/10/2026","type_lat_lon":"ADDRESS","business_unit":"Expanded Counter Plan Check","square_footage":"360"},"geometry":{"type":"Point","coordinates":[-118.31313,33.95062]}},{"type":"Feature","properties":{"date":"2026-03-09T00:00:00.000Z","year":2026,"description":"eplan CONVERT EXISTING DETACHED GARAGE TO ADU (1 BEDROOM&BATHROOM) PER GC  66323(a)(1)","metadescription":"Bldg-Alter/Repair. 1 or 2 Family Dwelling. eplan CONVERT EXISTING DETACHED GARAGE TO ADU (1 BEDROOM&BATHROOM) PER GC  66323(a)(1). Issued. 3444 W 78TH PL","address":"3440 West 78Th Place, CA, Los Angeles, 90043, US","ct":"2352.02","ev":"N","apc":"South Los Angeles","cpa":"West Adams - Baldwin Hills - Leimert","zone":"R1-1","solar":"N","pin_nbr":"099B185   364","use_code":"1","status_date":"03/09/2026","construction":"Type V-B Construction","permit_group":"Building","refresh_time":"06/10/2026","type_lat_lon":"ADDRESS","business_unit":"Expanded Counter Plan Check","square_footage":"470"},"geometry":{"type":"Point","coordinates":[-118.3325,33.96793]}},{"type":"Feature","properties":{"date":"2026-02-26T00:00:00.000Z","year":2026,"description":"CONVERT DETACHED GARAGE TO AN ACCESSORY DWELLING UNIT PER GC  66323(a)(4) & ADD ATTACHED NEW 23'-6\" X 9'-6\" CABANA  ALL WORK PER ENGINEERING","metadescription":"Bldg-Addition. 1 or 2 Family Dwelling. CONVERT DETACHED GARAGE TO AN ACCESSORY DWELLING UNIT PER GC  66323(a)(4) & ADD ATTACHED NEW 23'-6\" X 9'-6\" CABANA  ALL WORK PER ENGINEERING. Issued. 2025 W 95TH ST","address":"2027 West 95Th Street, CA, Los Angeles, 90047, US","ct":"2380.00","ev":"N","apc":"South Los Angeles","cpa":"South Los Angeles","zone":"R1-1","solar":"N","pin_nbr":"093A191    81","use_code":"1","status_date":"02/26/2026","construction":"Type V-B Construction","permit_group":"Building","refresh_time":"06/10/2026","type_lat_lon":"ADDRESS","business_unit":"Expanded Counter Plan Check","square_footage":"590"},"geometry":{"type":"Point","coordinates":[-118.31434,33.94991]}},{"type":"Feature","properties":{"date":"2026-02-26T00:00:00.000Z","year":2026,"description":"eplan: CONVERT (E) DETACHED GARAGE TO AN ACCESSORY DWELLING UNIT PER GC  66323(a)(1) AND NEW 6'-4 1/2\"X4'  ATTACHED TRELLIS.","metadescription":"Bldg-Alter/Repair. Apartment. eplan: CONVERT (E) DETACHED GARAGE TO AN ACCESSORY DWELLING UNIT PER GC  66323(a)(1) AND NEW 6'-4 1/2\"X4'  ATTACHED TRELLIS.. Ready to Issue. 6930 S GLASGOW AVE","address":"1-4, 6934 Glasgow Avenue, CA, Los Angeles, 90045, US","ct":"2761.02","ev":"N","apc":"West Los Angeles","cpa":"Westchester - Playa del Rey","zone":"R3-1","solar":"N","pin_nbr":"102B173   284","use_code":"1","status_date":"05/11/2026","construction":"Type V-B Construction","permit_group":"Building","refresh_time":"06/10/2026","type_lat_lon":"ADDRESS","business_unit":"Expanded Counter Plan Check","square_footage":"736"},"geometry":{"type":"Point","coordinates":[-118.37211,33.97444]}},{"type":"Feature","properties":{"date":"2026-02-04T00:00:00.000Z","year":2026,"description":"CONVERT (E) DETACHED GARAGE TO TWO ACCESSORY DWELLING UNITS PER GCS 66323(a)(4). COMPLY WITH DEPARTMENT ORDER effective date 03/23/2007. PERMIT WILL EXPIRE 30DAYS FROM ISSUANCE DATE","metadescription":"Bldg-Alter/Repair. 1 or 2 Family Dwelling. CONVERT (E) DETACHED GARAGE TO TWO ACCESSORY DWELLING UNITS PER GCS 66323(a)(4). COMPLY WITH DEPARTMENT ORDER effective date 03/23/2007. PERMIT WILL EXPIRE 30DAYS FROM ISSUANCE DATE. Issued. 6529 1/4-1/2 S VICTORIA AVE","address":"6531 South Victoria Avenue, CA, Los Angeles, 90043, US","ct":"2349.02","ev":"N","apc":"South Los Angeles","cpa":"West Adams - Baldwin Hills - Leimert","zone":"R3-1","solar":"N","pin_nbr":"105B185  1335","use_code":"1","status_date":"02/04/2026","construction":"Type V-B Construction","permit_group":"Building","refresh_time":"06/10/2026","type_lat_lon":"PIN","business_unit":"Expanded Counter Plan Check","square_footage":"1120"},"geometry":{"type":"Point","coordinates":[-118.33274749,33.97977441]}},{"type":"Feature","properties":{"date":"2026-02-03T00:00:00.000Z","year":2026,"description":"Converstion of detached garage with addition to create ADU per state law.","metadescription":"Bldg-Addition. 1 or 2 Family Dwelling. Converstion of detached garage with addition to create ADU per state law.. Corrections Issued. 2026 W 95TH ST","address":"2020 West 95Th Street, CA, Los Angeles, 90047, US","ct":"2380.00","ev":"N","apc":"South Los Angeles","cpa":"South Los Angeles","zone":"R1-1","solar":"N","pin_nbr":"093A191   106","use_code":"1","status_date":"02/07/2026","permit_group":"Building","refresh_time":"06/10/2026","type_lat_lon":"ADDRESS","business_unit":"Expanded Counter Plan Check","square_footage":"440"},"geometry":{"type":"Point","coordinates":[-118.31433,33.9497]}},{"type":"Feature","properties":{"date":"2026-01-27T00:00:00.000Z","year":2026,"description":"CONVERT (E) DETACHED GARAGE TO NEW DETACHED ACCESSORY DWELLING UNIT PER GC 66323(a)(1).","metadescription":"Bldg-Alter/Repair. 1 or 2 Family Dwelling. CONVERT (E) DETACHED GARAGE TO NEW DETACHED ACCESSORY DWELLING UNIT PER GC 66323(a)(1).. Issued. 9212 S VAN NESS AVE","address":"9210 South Van Ness Avenue, CA, Los Angeles, 90047, US","ct":"2380.00","ev":"N","apc":"South Los Angeles","cpa":"South Los Angeles","zone":"R1-1","solar":"N","pin_nbr":"094-5A191 174","use_code":"1","status_date":"01/27/2026","construction":"Type V-B Construction","permit_group":"Building","refresh_time":"06/10/2026","type_lat_lon":"ADDRESS","business_unit":"Expanded Counter Plan Check","square_footage":"370"},"geometry":{"type":"Point","coordinates":[-118.31758,33.95221]}},{"type":"Feature","properties":{"date":"2026-01-22T00:00:00.000Z","year":2026,"description":"CONVERT AND ADDITION EX DETACHED GARAGE INTO ACCESSORY DWELLING UNIT PER GC 66323(a)(2)\"COMPLY WITH DEPARTMENT ORDER effective date 06/06/2025. PERMIT WILL EXPIRE 30 DAYS FROM ISSUANCE DATE.\"","metadescription":"Bldg-Addition. 1 or 2 Family Dwelling. CONVERT AND ADDITION EX DETACHED GARAGE INTO ACCESSORY DWELLING UNIT PER GC 66323(a)(2)\"COMPLY WITH DEPARTMENT ORDER effective date 06/06/2025. PERMIT WILL EXPIRE 30 DAYS FROM ISSUANCE DATE.\". Issued. 2023 W 95TH ST","address":"2021 West 95Th Street, CA, Los Angeles, 90047, US","ct":"2380.00","ev":"N","apc":"South Los Angeles","cpa":"South Los Angeles","zone":"R1-1","solar":"N","pin_nbr":"093A191    82","use_code":"1","status_date":"01/22/2026","construction":"Type V-B Construction","permit_group":"Building","refresh_time":"06/10/2026","type_lat_lon":"PIN","business_unit":"Expanded Counter Plan Check","square_footage":"795"},"geometry":{"type":"Point","coordinates":[-118.3142135,33.95001834]}},{"type":"Feature","properties":{"date":"2026-01-15T00:00:00.000Z","year":2026,"description":"EPLAN- DEMOLITION OF SINGLE FAMILY DWELLING UNIT AND DETACHED GARAGE.","metadescription":"Bldg-Demolition. 1 or 2 Family Dwelling. EPLAN- DEMOLITION OF SINGLE FAMILY DWELLING UNIT AND DETACHED GARAGE.. Corrections Issued. 6341 S VICTORIA AVE","address":"1-6, 6339 South Victoria Avenue, CA, Los Angeles, 90043, US","ct":"2349.02","ev":"N","apc":"South Los Angeles","cpa":"West Adams - Baldwin Hills - Leimert","zone":"R3-1","solar":"N","pin_nbr":"105B185  1028","use_code":"23","status_date":"01/16/2026","permit_group":"Building","refresh_time":"06/10/2026","type_lat_lon":"ADDRESS","business_unit":"Plan Check at Counter"},"geometry":{"type":"Point","coordinates":[-118.33254,33.9818]}},{"type":"Feature","properties":{"date":"2025-12-29T00:00:00.000Z","year":2025,"description":"CONVERT (E) DETACHED GARAGE AND UNPERMITTED STORAGE ADDITION TO NEW ACCESSORY DWELLING UNIT PER AB 2533","metadescription":"Bldg-Alter/Repair. 1 or 2 Family Dwelling. CONVERT (E) DETACHED GARAGE AND UNPERMITTED STORAGE ADDITION TO NEW ACCESSORY DWELLING UNIT PER AB 2533. Issued. 2009 W 94TH ST","address":"2011 West 94Th Street, CA, Los Angeles, 90047, US","ct":"2380.00","ev":"N","apc":"South Los Angeles","cpa":"South Los Angeles","zone":"R1-1","solar":"N","pin_nbr":"094-5A191 252","use_code":"1","status_date":"12/29/2025","construction":"Type V-B Construction","permit_group":"Building","refresh_time":"06/10/2026","type_lat_lon":"PIN","business_unit":"Expanded Counter Plan Check","square_footage":"483"},"geometry":{"type":"Point","coordinates":[-118.31388395,33.95144972]}},{"type":"Feature","properties":{"date":"2025-12-07T00:00:00.000Z","year":2025,"description":"Eplan. Demolition of existing garage for new ADU under 25014-10000-02737","metadescription":"Bldg-Demolition. 1 or 2 Family Dwelling. Eplan. Demolition of existing garage for new ADU under 25014-10000-02737. PC Info Complete. 3115 W 78TH PL","address":"3115 West 78Th Place, CA, Los Angeles, 90043, US","ct":"2352.02","ev":"N","apc":"South Los Angeles","cpa":"West Adams - Baldwin Hills - Leimert","zone":"R1-1","solar":"N","pin_nbr":"099B185   270","use_code":"23","status_date":"12/26/2025","permit_group":"Building","refresh_time":"06/10/2026","type_lat_lon":"ADDRESS","business_unit":"Plan Check at Counter"},"geometry":{"type":"Point","coordinates":[-118.32708,33.96828]}},{"type":"Feature","properties":{"date":"2025-12-03T00:00:00.000Z","year":2025,"description":"ADDITION TO AND CONVER (E) GARAGE TO ACCESSORY DWELLING UNIT PER LAMC 12.22 A.33(b)(1),(c),(d),(h) and (k)","metadescription":"Bldg-Addition. 1 or 2 Family Dwelling. ADDITION TO AND CONVER (E) GARAGE TO ACCESSORY DWELLING UNIT PER LAMC 12.22 A.33(b)(1),(c),(d),(h) and (k). Issued. 9123 S CIMARRON ST","address":"9121 Cimarron Street, CA, Los Angeles, 90047, US","ct":"2384.00","ev":"N","apc":"South Los Angeles","cpa":"South Los Angeles","zone":"R1-1","solar":"N","pin_nbr":"094-5A191  72","use_code":"1","status_date":"12/03/2025","construction":"Type V-B Construction","permit_group":"Building","refresh_time":"06/10/2026","type_lat_lon":"ADDRESS","business_unit":"Expanded Counter Plan Check","square_footage":"832"},"geometry":{"type":"Point","coordinates":[-118.31574,33.9538]}},{"type":"Feature","properties":{"date":"2025-11-25T00:00:00.000Z","year":2025,"description":"EPLAN. REMODEL AND (N)  ADDITION TO (E) SINGLE FAMILY DWELLING WITH ATTACHED GARAGE. CONVERT PART OF (E) GARAGE TO LIVING SPACE. CONVERT COVERED PATIO AND ADDITION TO NEW LIVING SPACE. WORK DONE PER ENGINEER DESIGN","metadescription":"Bldg-Addition. 1 or 2 Family Dwelling. EPLAN. REMODEL AND (N)  ADDITION TO (E) SINGLE FAMILY DWELLING WITH ATTACHED GARAGE. CONVERT PART OF (E) GARAGE TO LIVING SPACE. CONVERT COVERED PATIO AND ADDITION TO NEW LIVING SPACE. WORK DONE PER ENGINEER DESIGN. Issued. 5217 W GLASGOW WAY","address":"5217 Glasgow Way, CA, Los Angeles, 90045, US","ct":"2761.02","ev":"N","apc":"West Los Angeles","cpa":"Westchester - Playa del Rey","zone":"R1-1","solar":"N","pin_nbr":"102B173   510","use_code":"1","status_date":"11/25/2025","construction":"Type V-B Construction","permit_group":"Building","refresh_time":"06/10/2026","type_lat_lon":"ADDRESS","business_unit":"Regular Plan Check","square_footage":"2014"},"geometry":{"type":"Point","coordinates":[-118.37102,33.97232]}},{"type":"Feature","properties":{"date":"2025-11-14T00:00:00.000Z","year":2025,"description":"ADDITION TO AND CONVERSION OF AN (E) DETACHED GARAGE INTO AN ADU PER GCS 66323 (A)(2)","metadescription":"Bldg-Addition. 1 or 2 Family Dwelling. ADDITION TO AND CONVERSION OF AN (E) DETACHED GARAGE INTO AN ADU PER GCS 66323 (A)(2). PC Info Complete. 5318 W 82ND ST","address":"5316 West 82Nd Street, CA, Los Angeles, 90045, US","ct":"2771.00","ev":"N","apc":"West Los Angeles","cpa":"Westchester - Playa del Rey","zone":"R1-1","solar":"N","pin_nbr":"099B173   759","use_code":"1","status_date":"04/06/2026","construction":"Type V-B Construction","permit_group":"Building","refresh_time":"06/10/2026","type_lat_lon":"PIN","business_unit":"Expanded Counter Plan Check","square_footage":"770"},"geometry":{"type":"Point","coordinates":[-118.37253917,33.96376793]}},{"type":"Feature","properties":{"date":"2025-09-09T00:00:00.000Z","year":2025,"description":"EPLAN. Conversion of (E) detached garage with addition into 2-story structure at rear. SB9 on 1st floor and ADU 2nd floor per LAMC 12.22A.33(c) & (e)","metadescription":"Bldg-Addition. 1 or 2 Family Dwelling. EPLAN. Conversion of (E) detached garage with addition into 2-story structure at rear. SB9 on 1st floor and ADU 2nd floor per LAMC 12.22A.33(c) & (e). Verifications in Progress. 2105-2105 1/2 W 94TH PL","address":"2107 West 94Th Place, CA, Los Angeles, 90047, US","ct":"2380.00","ev":"N","apc":"South Los Angeles","cpa":"South Los Angeles","zone":"R1-1","solar":"N","pin_nbr":"093A191    14","status_date":"05/26/2026","construction":"Type V-B Construction","permit_group":"Building","refresh_time":"06/10/2026","type_lat_lon":"PIN","business_unit":"Regular Plan Check"},"geometry":{"type":"Point","coordinates":[-118.31586228,33.95073302]}},{"type":"Feature","properties":{"date":"2025-09-02T00:00:00.000Z","year":2025,"description":"eplan: Convert an existing 2-car garage into an accessory dwelling unit (ADU) per state law","metadescription":"Bldg-Alter/Repair. 1 or 2 Family Dwelling. eplan: Convert an existing 2-car garage into an accessory dwelling unit (ADU) per state law. PC Info Complete. 2102 W 92ND ST","address":"2100 West 92Nd Street, CA, Los Angeles, 90047, US","ct":"2380.00","ev":"N","apc":"South Los Angeles","cpa":"South Los Angeles","zone":"R1-1","solar":"N","pin_nbr":"094-5A191 155","use_code":"1","status_date":"11/24/2025","construction":"Type V-B Construction","permit_group":"Building","refresh_time":"06/10/2026","type_lat_lon":"ADDRESS","business_unit":"Expanded Counter Plan Check","square_footage":"413"},"geometry":{"type":"Point","coordinates":[-118.31569,33.95252]}},{"type":"Feature","properties":{"date":"2025-08-25T00:00:00.000Z","year":2025,"description":"EPLAN Convert existing garage into two accessory dwelling units.","metadescription":"Bldg-Alter/Repair. Apartment. EPLAN Convert existing garage into two accessory dwelling units.. Ready to Issue. 6419 S BRYNHURST AVE 13-14","address":"6427 Brynhurst Avenue, CA, Los Angeles, 90043, US","ct":"2349.02","ev":"N","apc":"South Los Angeles","cpa":"West Adams - Baldwin Hills - Leimert","zone":"R3-1","solar":"N","pin_nbr":"105B185  1437","use_code":"5","status_date":"06/09/2026","construction":"Type V-B Construction","permit_group":"Building","refresh_time":"06/10/2026","type_lat_lon":"ADDRESS","business_unit":"Regular Plan Check","square_footage":"906"},"geometry":{"type":"Point","coordinates":[-118.33392,33.98114]}},{"type":"Feature","properties":{"date":"2025-08-05T00:00:00.000Z","year":2025,"description":"CONVERT EXISTING GARAGE TO ADU WITH ADDITION","metadescription":"Bldg-Addition. 1 or 2 Family Dwelling. CONVERT EXISTING GARAGE TO ADU WITH ADDITION. Issued. 3674 W 62ND ST","address":"3672 West 62Nd Street, CA, Los Angeles, 90043, US","ct":"2349.02","ev":"N","apc":"South Los Angeles","cpa":"West Adams - Baldwin Hills - Leimert","zone":"R1-1","solar":"N","pin_nbr":"105B185   743","use_code":"1","status_date":"08/05/2025","construction":"Type V-B Construction","permit_group":"Building","refresh_time":"06/10/2026","type_lat_lon":"PIN","business_unit":"Expanded Counter Plan Check","square_footage":"548"},"geometry":{"type":"Point","coordinates":[-118.3377551,33.98329654]}},{"type":"Feature","properties":{"date":"2025-08-05T00:00:00.000Z","year":2025,"description":"MAJOR REMODEL AND ADDITION TO (E) SFD W/ 1 CAR GARAGE. NFPA13D","metadescription":"Bldg-Addition. 1 or 2 Family Dwelling. MAJOR REMODEL AND ADDITION TO (E) SFD W/ 1 CAR GARAGE. NFPA13D. Issued. 7860 S HINDRY AVE","address":"7860 Hindry Avenue, CA, Los Angeles, 90045, US","ct":"2771.00","ev":"N","apc":"West Los Angeles","cpa":"Westchester - Playa del Rey","zone":"R1-1","solar":"N","height":"18","pin_nbr":"099B173   741","use_code":"1","status_date":"08/05/2025","construction":"Type V-B Construction","permit_group":"Building","refresh_time":"06/10/2026","type_lat_lon":"ADDRESS","business_unit":"Regular Plan Check","square_footage":"2224"},"geometry":{"type":"Point","coordinates":[-118.37343,33.96421]}},{"type":"Feature","properties":{"date":"2025-07-24T00:00:00.000Z","year":2025,"description":"NEW ADDITION TO (E) ATTACHED GARAGE AND CONVERT TO ACCESSORY DWELLING UNIT PER LAMC 12.22 A.33(c) AND (e).  ENCLOSE AND CONVERT A PORTION OF (E) PORCH TO SFD.","metadescription":"Bldg-Addition. 1 or 2 Family Dwelling. NEW ADDITION TO (E) ATTACHED GARAGE AND CONVERT TO ACCESSORY DWELLING UNIT PER LAMC 12.22 A.33(c) AND (e).  ENCLOSE AND CONVERT A PORTION OF (E) PORCH TO SFD.. Issued. 7789-7791 S TOLAND AVE","address":"7791 Toland Avenue, CA, Los Angeles, 90045, US","ct":"2771.00","ev":"N","apc":"West Los Angeles","cpa":"Westchester - Playa del Rey","zone":"R1-1","solar":"N","pin_nbr":"099B173   507","use_code":"1","adu_changed":"1","status_date":"07/24/2025","construction":"Type V-B Construction","permit_group":"Building","refresh_time":"06/10/2026","type_lat_lon":"ADDRESS","business_unit":"Expanded Counter Plan Check","square_footage":"254"},"geometry":{"type":"Point","coordinates":[-118.375,33.96614]}},{"type":"Feature","properties":{"date":"2025-06-26T00:00:00.000Z","year":2025,"description":"Addition of 2-story ADU PER GC 66323(a)(2) to an existing detached 2-car garage.","metadescription":"Bldg-Addition. 1 or 2 Family Dwelling. Addition of 2-story ADU PER GC 66323(a)(2) to an existing detached 2-car garage.. Quality Review Completed. 5303 W 82ND ST","address":"7851 Midfield Avenue, CA, Los Angeles, 90045, US","ct":"2771.00","ev":"N","apc":"West Los Angeles","cpa":"Westchester - Playa del Rey","zone":"R1-1","solar":"N","height":"20","pin_nbr":"099B173   738","use_code":"1","status_date":"08/13/2025","construction":"Type V-B Construction","permit_group":"Building","refresh_time":"06/10/2026","type_lat_lon":"PIN","business_unit":"Regular Plan Check","square_footage":"760"},"geometry":{"type":"Point","coordinates":[-118.37213513,33.96416176]}},{"type":"Feature","properties":{"date":"2025-06-19T00:00:00.000Z","year":2025,"description":"*ePlan* Garage demolition with 1/2 bath to be demolished for ADU","metadescription":"Bldg-Demolition. 1 or 2 Family Dwelling. *ePlan* Garage demolition with 1/2 bath to be demolished for ADU. Verifications in Progress. 2047 W 93RD ST","address":"2047 West 93Rd Street, CA, Los Angeles, 90047, US","ct":"2380.00","ev":"N","apc":"South Los Angeles","cpa":"South Los Angeles","zone":"R1-1","solar":"N","pin_nbr":"094-5A191 185","use_code":"7","status_date":"06/04/2026","permit_group":"Building","refresh_time":"06/10/2026","type_lat_lon":"ADDRESS","business_unit":"Plan Check at Counter"},"geometry":{"type":"Point","coordinates":[-118.31509,33.95205]}},{"type":"Feature","properties":{"date":"2025-05-13T00:00:00.000Z","year":2025,"description":"EPLAN. CONVERT THE [E] 605 S.F. 3-CAR GARAGE INTO A 605 S.F. 2-BEDROOM, 2-BATHROOM ATTACHED ACCESSORY DWELLING UNIT PER GCS 65852.2(e)(1)(A)","metadescription":"Bldg-Alter/Repair. Apartment. EPLAN. CONVERT THE [E] 605 S.F. 3-CAR GARAGE INTO A 605 S.F. 2-BEDROOM, 2-BATHROOM ATTACHED ACCESSORY DWELLING UNIT PER GCS 65852.2(e)(1)(A). Issued. 7031-7037 S GLASGOW AVE","address":"7033 Glasgow Avenue, CA, Los Angeles, 90045, US","ct":"2761.02","ev":"N","apc":"West Los Angeles","cpa":"Westchester - Playa del Rey","zone":"R3-1","solar":"N","pin_nbr":"102B173   435","use_code":"5","status_date":"05/13/2025","construction":"Type V-B Construction","permit_group":"Building","refresh_time":"06/10/2026","type_lat_lon":"PIN","business_unit":"Regular Plan Check","square_footage":"569"},"geometry":{"type":"Point","coordinates":[-118.37247719,33.97296853]}},{"type":"Feature","properties":{"date":"2025-04-17T00:00:00.000Z","year":2025,"description":"CONVERSION OF EXISTING DETACHED GARAGE INTO ADU PER GCS 66323(a)(1). ALL WORK PER WFPP.","metadescription":"Bldg-Alter/Repair. 1 or 2 Family Dwelling. CONVERSION OF EXISTING DETACHED GARAGE INTO ADU PER GCS 66323(a)(1). ALL WORK PER WFPP.. CofO Issued. 5322 W 82ND ST","address":"5320 West 82Nd Street, CA, Los Angeles, 90045, US","ct":"2771.00","ev":"N","apc":"West Los Angeles","cpa":"Westchester - Playa del Rey","zone":"R1-1","solar":"N","pin_nbr":"099B173   760","use_code":"1","status_date":"01/08/2026","construction":"Type V-B Construction","permit_group":"Building","refresh_time":"06/10/2026","type_lat_lon":"ADDRESS","business_unit":"Expanded Counter Plan Check","square_footage":"400"},"geometry":{"type":"Point","coordinates":[-118.37275,33.96385]}},{"type":"Feature","properties":{"date":"2025-04-16T00:00:00.000Z","year":2025,"description":"[ePlan] Demo of (E) garage","metadescription":"Bldg-Demolition. 1 or 2 Family Dwelling. [ePlan] Demo of (E) garage. Quality Review Completed. 9131 S HAAS AVE","address":"9131 Haas Avenue, CA, Los Angeles, 90047, US","ct":"2384.00","ev":"N","apc":"South Los Angeles","cpa":"South Los Angeles","zone":"R1-1","solar":"N","pin_nbr":"094-5A191  90","use_code":"7","status_date":"06/04/2025","permit_group":"Building","refresh_time":"06/10/2026","type_lat_lon":"ADDRESS","business_unit":"Regular Plan Check"},"geometry":{"type":"Point","coordinates":[-118.31678,33.95352]}},{"type":"Feature","properties":{"date":"2025-04-16T00:00:00.000Z","year":2025,"description":"[ePlan] (N) 2-story structure - ADU on 2nd floor, rec room and 2-car garage at 1st floor per  LAMC 12.22 A.33(b)(1)","metadescription":"Bldg-New. 1 or 2 Family Dwelling. [ePlan] (N) 2-story structure - ADU on 2nd floor, rec room and 2-car garage at 1st floor per  LAMC 12.22 A.33(b)(1). Quality Review Completed. 9131 S HAAS AVE","address":"9131 Haas Avenue, CA, Los Angeles, 90047, US","ct":"2384.00","ev":"N","apc":"South Los Angeles","cpa":"South Los Angeles","zone":"R1-1","solar":"N","height":"26","pin_nbr":"094-5A191  90","status_date":"06/04/2025","construction":"Type V-B Construction","permit_group":"Building","refresh_time":"06/10/2026","type_lat_lon":"ADDRESS","business_unit":"Regular Plan Check"},"geometry":{"type":"Point","coordinates":[-118.31678,33.95352]}},{"type":"Feature","properties":{"date":"2025-03-03T00:00:00.000Z","year":2025,"description":"Eplan. Convert existing detached garage to ADU PER GCS 65852.2(e)(1)(A).  Work per WFPP.\"COMPLY WITH DEPARTMENT ORDER effective date 10/07/2024. PERMIT WILL EXPIRE 30 DAYS FROM ISSUANCE DATE\".","metadescription":"Bldg-Alter/Repair. 1 or 2 Family Dwelling. Eplan. Convert existing detached garage to ADU PER GCS 65852.2(e)(1)(A).  Work per WFPP.\"COMPLY WITH DEPARTMENT ORDER effective date 10/07/2024. PERMIT WILL EXPIRE 30 DAYS FROM ISSUANCE DATE\".. CofO Issued. 6302 1/2 S RIMPAU BLVD","address":"6302 South Rimpau Boulevard, CA, Los Angeles, 90043, US","ct":"2351.00","ev":"N","apc":"South Los Angeles","cpa":"West Adams - Baldwin Hills - Leimert","zone":"R1-1","solar":"N","pin_nbr":"105B185   877","use_code":"1","status_date":"03/16/2026","construction":"Type V-B Construction","permit_group":"Building","refresh_time":"06/10/2026","type_lat_lon":"ADDRESS","business_unit":"Expanded Counter Plan Check","square_footage":"400"},"geometry":{"type":"Point","coordinates":[-118.3395,33.98273]}},{"type":"Feature","properties":{"date":"2025-02-28T00:00:00.000Z","year":2025,"description":"ePlan: MAJOR REMODEL OF EXISTING SFD WITH ATTACHED GARAGE. NEW 1ST AND 2ND STORY ADDITION. NEW ATTACHED ADU ON FIRST FLOOR . FULL BUILDING TO BE FULLY SPRINKLERED NFPA 13D.","metadescription":"Bldg-Addition. 1 or 2 Family Dwelling. ePlan: MAJOR REMODEL OF EXISTING SFD WITH ATTACHED GARAGE. NEW 1ST AND 2ND STORY ADDITION. NEW ATTACHED ADU ON FIRST FLOOR . FULL BUILDING TO BE FULLY SPRINKLERED NFPA 13D.. Issued. 5511-5513 W 78TH ST","address":"5511 West 78Th Street, CA, Los Angeles, 90045, US","ct":"2771.00","ev":"N","apc":"West Los Angeles","cpa":"Westchester - Playa del Rey","zone":"R1-1","solar":"N","height":"27.17","pin_nbr":"099B173   545","use_code":"1","adu_changed":"1","status_date":"02/28/2025","construction":"Type V-B Construction","permit_group":"Building","refresh_time":"06/10/2026","type_lat_lon":"ADDRESS","business_unit":"Regular Plan Check","square_footage":"2847"},"geometry":{"type":"Point","coordinates":[-118.37593,33.96557]}},{"type":"Feature","properties":{"date":"2025-02-04T00:00:00.000Z","year":2025,"description":"EPLAN: CONVERT EXISTING GARAGE ATTACHED TO THE REAR BUILDING INTO A NEW 1012.50 SF ADU PER LAMC 12.22 A.33(c) AND (d). WORK DONE PER ENGINEER DESIGN.","metadescription":"Bldg-Alter/Repair. 1 or 2 Family Dwelling. EPLAN: CONVERT EXISTING GARAGE ATTACHED TO THE REAR BUILDING INTO A NEW 1012.50 SF ADU PER LAMC 12.22 A.33(c) AND (d). WORK DONE PER ENGINEER DESIGN.. CofO Issued. 7049-7049 1/2 S LA CIENEGA BLVD","address":"1-4, 7051 South La Cienega Boulevard, CA, Los Angeles, 90045, US","ct":"2761.02","ev":"N","apc":"West Los Angeles","cpa":"Westchester - Playa del Rey","zone":"R3-1","solar":"N","pin_nbr":"102B173   462","use_code":"1","adu_changed":"1","status_date":"01/15/2026","construction":"Type V-B Construction","permit_group":"Building","refresh_time":"06/10/2026","type_lat_lon":"ADDRESS","business_unit":"Expanded Counter Plan Check","square_footage":"1012.5"},"geometry":{"type":"Point","coordinates":[-118.37053,33.97265]}},{"type":"Feature","properties":{"date":"2025-01-22T00:00:00.000Z","year":2025,"description":"(E) 406 S.F GARAGE CONVERSION TO AN ADU WITH A (N) 144 S.F. ADDITION","metadescription":"Bldg-Addition. 1 or 2 Family Dwelling. (E) 406 S.F GARAGE CONVERSION TO AN ADU WITH A (N) 144 S.F. ADDITION. CofO Issued. 7820 S TOLAND AVE","address":"7822 Toland Avenue, CA, Los Angeles, 90045, US","ct":"2771.00","ev":"N","apc":"West Los Angeles","cpa":"Westchester - Playa del Rey","zone":"R1-1","solar":"N","pin_nbr":"099B173   567","use_code":"1","status_date":"07/07/2025","construction":"Type V-B Construction","permit_group":"Building","refresh_time":"06/10/2026","type_lat_lon":"BUILDING","business_unit":"Expanded Counter Plan Check","square_footage":"551"},"geometry":{"type":"Point","coordinates":[-118.37413258,33.96559906]}},{"type":"Feature","properties":{"date":"2025-01-14T00:00:00.000Z","year":2025,"description":"ePlan: CONVERT (E) DETACHED GARAGE TO ACCESSORY DWELLING UNIT PER GCS 65852.2(e)(1)(A). ALL WORK PER WFPP","metadescription":"Bldg-Alter/Repair. 1 or 2 Family Dwelling. ePlan: CONVERT (E) DETACHED GARAGE TO ACCESSORY DWELLING UNIT PER GCS 65852.2(e)(1)(A). ALL WORK PER WFPP. CofO Issued. 7000 1/2 S RAMSGATE AVE","address":"7000 Ramsgate Avenue, CA, Los Angeles, 90045, US","ct":"2761.02","ev":"N","apc":"West Los Angeles","cpa":"Westchester - Playa del Rey","zone":"R1-1","solar":"N","pin_nbr":"102B173   405","use_code":"1","status_date":"09/11/2025","construction":"Type V-B Construction","permit_group":"Building","refresh_time":"06/10/2026","type_lat_lon":"ADDRESS","business_unit":"Expanded Counter Plan Check","square_footage":"719"},"geometry":{"type":"Point","coordinates":[-118.37118,33.97311]}},{"type":"Feature","properties":{"date":"2024-12-17T00:00:00.000Z","year":2024,"description":"CONVERT 292 SQ FT PORTION OF SINGLE FAMILY DWELLING UNIT TO NEW DWELLING UNIT; (GARAGE ON FIRST FLOOR TO REMAIN)","metadescription":"Bldg-Alter/Repair. 1 or 2 Family Dwelling. CONVERT 292 SQ FT PORTION OF SINGLE FAMILY DWELLING UNIT TO NEW DWELLING UNIT; (GARAGE ON FIRST FLOOR TO REMAIN). CofO Issued. 7049-7049 1/4 S LA CIENEGA BLVD","address":"1-4, 7051 South La Cienega Boulevard, CA, Los Angeles, 90045, US","ct":"2761.02","ev":"N","apc":"West Los Angeles","cpa":"Westchester - Playa del Rey","zone":"R3-1","solar":"N","pin_nbr":"102B173   462","use_code":"2","status_date":"01/15/2026","construction":"Type V-B Construction","permit_group":"Building","refresh_time":"06/10/2026","type_lat_lon":"ADDRESS","business_unit":"Regular Plan Check","square_footage":"0"},"geometry":{"type":"Point","coordinates":[-118.37053,33.97265]}},{"type":"Feature","properties":{"date":"2024-12-14T00:00:00.000Z","year":2024,"description":"[ePlan] major remodel and addition to (E) 1-Story SFD with new attached 1-car garage.-Bldg Sprinklered Thru-out","metadescription":"Bldg-Addition. 1 or 2 Family Dwelling. [ePlan] major remodel and addition to (E) 1-Story SFD with new attached 1-car garage.-Bldg Sprinklered Thru-out. CofO Issued. 5529 W 79TH ST","address":"5529 West 79Th Street, CA, Los Angeles, 90045, US","ct":"2771.00","ev":"N","apc":"West Los Angeles","cpa":"Westchester - Playa del Rey","zone":"R1-1","solar":"N","height":"17.7","pin_nbr":"099B173   622","use_code":"1","status_date":"09/25/2025","construction":"Type V-B Construction","permit_group":"Building","refresh_time":"06/10/2026","type_lat_lon":"BUILDING","business_unit":"Regular Plan Check","square_footage":"2382"},"geometry":{"type":"Point","coordinates":[-118.37620712,33.96499457]}},{"type":"Feature","properties":{"date":"2024-11-04T00:00:00.000Z","year":2024,"description":"CONVERT (E) DETACHED 2-CAR GARAGE WITH ADDITION TO CREATE 1-STORY ADU PER LAMC 12.22 A.33(c) AND (d) \"COMPLY WITH DEPARTMENT ORDER effective date 01/21/2019. PERMIT WILL EXPIRE 30 DAYS FROM ISSUANCE DATE\"","metadescription":"Bldg-Addition. 1 or 2 Family Dwelling. CONVERT (E) DETACHED 2-CAR GARAGE WITH ADDITION TO CREATE 1-STORY ADU PER LAMC 12.22 A.33(c) AND (d) \"COMPLY WITH DEPARTMENT ORDER effective date 01/21/2019. PERMIT WILL EXPIRE 30 DAYS FROM ISSUANCE DATE\". Issued. 7822 S CRENSHAW BLVD","address":"7820 Crenshaw Boulevard, CA, Los Angeles, 90043, US","ct":"2352.02","ev":"N","apc":"South Los Angeles","cpa":"West Adams - Baldwin Hills - Leimert","zone":"C2-1VL-CPIO","solar":"N","pin_nbr":"099B185   318","use_code":"1","status_date":"11/04/2024","construction":"Type V-B Construction","permit_group":"Building","refresh_time":"06/10/2026","type_lat_lon":"ADDRESS","business_unit":"Regular Plan Check","square_footage":"504"},"geometry":{"type":"Point","coordinates":[-118.33065,33.96842]}},{"type":"Feature","properties":{"date":"2024-09-17T00:00:00.000Z","year":2024,"description":"CONVERT (E) DETACHED GARAGE TO NEW DETACHED ACCESSORY DWELLING UNIT PER GCS65852.2(e)(1)(A). WORK DONE PER WFPP.1 OF 2","metadescription":"Bldg-Alter/Repair. 1 or 2 Family Dwelling. CONVERT (E) DETACHED GARAGE TO NEW DETACHED ACCESSORY DWELLING UNIT PER GCS65852.2(e)(1)(A). WORK DONE PER WFPP.1 OF 2. Issued. 5508 W 78TH ST","address":"5510 West 78Th Street, CA, Los Angeles, 90045, US","ct":"2771.00","ev":"N","apc":"West Los Angeles","cpa":"Westchester - Playa del Rey","zone":"R1-1","solar":"N","pin_nbr":"099B173   598","use_code":"1","status_date":"09/17/2024","construction":"Type V-B Construction","permit_group":"Building","refresh_time":"06/10/2026","type_lat_lon":"PIN","business_unit":"Expanded Counter Plan Check","square_footage":"433"},"geometry":{"type":"Point","coordinates":[-118.37590619,33.96523937]}},{"type":"Feature","properties":{"date":"2024-08-30T00:00:00.000Z","year":2024,"description":"Ground Floor Addition to Rear and Outdoor Deck with Patio Cover of (E) 1-Story SFD w/Attached Garageand Convert Portion of SFD to Attached ADU per LAMC 12.22 A.33 (c) and (e)","metadescription":"Bldg-Addition. 1 or 2 Family Dwelling. Ground Floor Addition to Rear and Outdoor Deck with Patio Cover of (E) 1-Story SFD w/Attached Garageand Convert Portion of SFD to Attached ADU per LAMC 12.22 A.33 (c) and (e). CofO Issued. 7739-7741 S GODDARD AVE","address":"7741 Goddard Avenue, CA, Los Angeles, 90045, US","ct":"2771.00","ev":"N","apc":"West Los Angeles","cpa":"Westchester - Playa del Rey","zone":"R1-1","solar":"N","height":"17.92","pin_nbr":"099B173   557","use_code":"1","adu_changed":"1","status_date":"07/26/2025","construction":"Type V-B Construction","permit_group":"Building","refresh_time":"06/10/2026","type_lat_lon":"BUILDING","business_unit":"Expanded Counter Plan Check","square_footage":"840"},"geometry":{"type":"Point","coordinates":[-118.37301167,33.96567983]}},{"type":"Feature","properties":{"date":"2024-08-12T00:00:00.000Z","year":2024,"description":"CONVERT EXISTING DETACHED IRR-SHAPED 8-CAR GARAGE INTO 2 ACCESSORY DWELLING UNITS PER GCS 65852.2(e)(1)(D) & LAMC 12.22A.33(c), (d) & (g).","metadescription":"Bldg-Alter/Repair. 1 or 2 Family Dwelling. CONVERT EXISTING DETACHED IRR-SHAPED 8-CAR GARAGE INTO 2 ACCESSORY DWELLING UNITS PER GCS 65852.2(e)(1)(D) & LAMC 12.22A.33(c), (d) & (g).. CofO Corrected. 3527-3527 1/2 W 63RD ST","address":"3525 63Rd Street, CA, Los Angeles, 90043, US","ct":"2349.02","ev":"N","apc":"South Los Angeles","cpa":"West Adams - Baldwin Hills - Leimert","zone":"R3-1","solar":"N","height":"11.17","pin_nbr":"105B185   811","use_code":"1","status_date":"02/04/2026","construction":"Type V-B Construction","permit_group":"Building","refresh_time":"06/10/2026","type_lat_lon":"PIN","business_unit":"Expanded Counter Plan Check","square_footage":"1254"},"geometry":{"type":"Point","coordinates":[-118.33478758,33.98305904]}},{"type":"Feature","properties":{"date":"2024-07-30T00:00:00.000Z","year":2024,"description":"Demolition fo detached 4-car garage at rear of lot.  Pedestrian protection fence required.","metadescription":"Bldg-Demolition. 1 or 2 Family Dwelling. Demolition fo detached 4-car garage at rear of lot.  Pedestrian protection fence required.. Issued. 6524 S BRYNHURST AVE","address":"6524 1/2 Brynhurst Avenue, CA, Los Angeles, 90043, US","ct":"2349.02","ev":"N","apc":"South Los Angeles","cpa":"West Adams - Baldwin Hills - Leimert","zone":"R3-1","solar":"N","pin_nbr":"105B185  1336","use_code":"7","status_date":"07/30/2024","permit_group":"Building","refresh_time":"06/10/2026","type_lat_lon":"ADDRESS","business_unit":"Plan Check at Counter"},"geometry":{"type":"Point","coordinates":[-118.33365,33.97983]}},{"type":"Feature","properties":{"date":"2024-06-04T00:00:00.000Z","year":2024,"description":"1ST AND 2ND STORY ADDITIONA AND CONVERT PORTION OF (E) GARAGE TO ACCESSORY DWELLING UNIT PER LAMC 12.22.A.33.(c)-(d)","metadescription":"Bldg-Addition. 1 or 2 Family Dwelling. 1ST AND 2ND STORY ADDITIONA AND CONVERT PORTION OF (E) GARAGE TO ACCESSORY DWELLING UNIT PER LAMC 12.22.A.33.(c)-(d). Issued. 3412 W 78TH PL","address":"3412 West 78Th Place, CA, Los Angeles, 90043, US","ct":"2352.02","ev":"N","apc":"South Los Angeles","cpa":"West Adams - Baldwin Hills - Leimert","zone":"R1-1","solar":"N","height":"21","pin_nbr":"099B185   357","use_code":"1","status_date":"06/04/2024","construction":"Type V-B Construction","permit_group":"Building","refresh_time":"06/10/2026","type_lat_lon":"BUILDING","business_unit":"Regular Plan Check","square_footage":"564"},"geometry":{"type":"Point","coordinates":[-118.33147518,33.96773712]}},{"type":"Feature","properties":{"date":"2024-05-24T00:00:00.000Z","year":2024,"description":"CONVERT (E) DETACHED GARAGE INTO A  DETACHED ADU PER STATE LAW","metadescription":"Bldg-Alter/Repair. 1 or 2 Family Dwelling. CONVERT (E) DETACHED GARAGE INTO A  DETACHED ADU PER STATE LAW. CofO Issued. 2115 W 95TH ST","address":"2115 West 95Th Street, CA, Los Angeles, 90047, US","ct":"2380.00","ev":"N","apc":"South Los Angeles","cpa":"South Los Angeles","zone":"R1-1","solar":"N","pin_nbr":"093A191    70","use_code":"1","status_date":"03/02/2025","construction":"Type V-B Construction","permit_group":"Building","refresh_time":"06/10/2026","type_lat_lon":"ADDRESS","business_unit":"Expanded Counter Plan Check","square_footage":"407"},"geometry":{"type":"Point","coordinates":[-118.31613,33.94991]}},{"type":"Feature","properties":{"date":"2024-05-23T00:00:00.000Z","year":2024,"description":"Convert detached garage in rear of lot into storage building.  No physical change to building size or location.","metadescription":"Bldg-Alter/Repair. 1 or 2 Family Dwelling. Convert detached garage in rear of lot into storage building.  No physical change to building size or location.. CofO Issued. 3300 W 78TH PL","address":"3300 West 78Th Place, CA, Los Angeles, 90043, US","ct":"2352.02","ev":"N","apc":"South Los Angeles","cpa":"West Adams - Baldwin Hills - Leimert","zone":"R1-1","solar":"N","pin_nbr":"099B185   343","use_code":"22","status_date":"06/11/2024","construction":"Type V-B Construction","permit_group":"Building","refresh_time":"06/10/2026","type_lat_lon":"ADDRESS","business_unit":"Plan Check at Counter"},"geometry":{"type":"Point","coordinates":[-118.3297,33.96799]}},{"type":"Feature","properties":{"date":"2024-04-24T00:00:00.000Z","year":2024,"description":"Detached Garage and Storage at Rear of the Lot Conversion and addition to an Accessory Dwelling Unit per LAMC 12.22 A.33(c)-(d)","metadescription":"Bldg-Addition. 1 or 2 Family Dwelling. Detached Garage and Storage at Rear of the Lot Conversion and addition to an Accessory Dwelling Unit per LAMC 12.22 A.33(c)-(d). Issued. 9125 S WILTON PL","address":"9127 South Wilton Place, CA, Los Angeles, 90047, US","ct":"2384.00","ev":"N","apc":"South Los Angeles","cpa":"South Los Angeles","zone":"R1-1","solar":"N","height":"16","pin_nbr":"094-5A191  84","use_code":"1","status_date":"04/24/2024","construction":"Type V-B Construction","permit_group":"Building","refresh_time":"06/10/2026","type_lat_lon":"PIN","business_unit":"Expanded Counter Plan Check","square_footage":"664"},"geometry":{"type":"Point","coordinates":[-118.31478906,33.95370534]}},{"type":"Feature","properties":{"date":"2024-04-15T00:00:00.000Z","year":2024,"description":"CONVERT 17'-0\" x 18'-0\" DETACHED GARAGE TO (N) ACCESSORY DWELLING UNIT AND 13'-0\" x 10'-7\" ADDITION TO (N) ACCESSORY DWELLING UNIT PER LAMC 12.22 A.33(c) AND (d).","metadescription":"Bldg-Addition. 1 or 2 Family Dwelling. CONVERT 17'-0\" x 18'-0\" DETACHED GARAGE TO (N) ACCESSORY DWELLING UNIT AND 13'-0\" x 10'-7\" ADDITION TO (N) ACCESSORY DWELLING UNIT PER LAMC 12.22 A.33(c) AND (d).. Issued. 3642 W 62ND ST","address":"3644 West 62Nd Street, CA, Los Angeles, 90043, US","ct":"2349.02","ev":"N","apc":"South Los Angeles","cpa":"West Adams - Baldwin Hills - Leimert","zone":"R1-1","solar":"N","pin_nbr":"105B185   735","use_code":"1","status_date":"04/15/2024","construction":"Type V-B Construction","permit_group":"Building","refresh_time":"06/10/2026","type_lat_lon":"PIN","business_unit":"Expanded Counter Plan Check","square_footage":"402.7"},"geometry":{"type":"Point","coordinates":[-118.3368447,33.9833025]}},{"type":"Feature","properties":{"date":"2024-04-15T00:00:00.000Z","year":2024,"description":"NEW 460 S.F. 2 CAR GARAGE WITH 194 S.F. MEZZANINE STORAGE","metadescription":"Bldg-New. 1 or 2 Family Dwelling. NEW 460 S.F. 2 CAR GARAGE WITH 194 S.F. MEZZANINE STORAGE. Verifications in Progress. 5501 W 82ND ST","address":"5501 West 82Nd Street, CA, Los Angeles, 90045, US","ct":"2771.00","ev":"N","apc":"West Los Angeles","cpa":"Westchester - Playa del Rey","zone":"R1-1","solar":"N","pin_nbr":"099B173   716","use_code":"7","status_date":"04/10/2026","construction":"Type V-B Construction","permit_group":"Building","refresh_time":"06/10/2026","type_lat_lon":"ADDRESS","business_unit":"Regular Plan Check"},"geometry":{"type":"Point","coordinates":[-118.37554,33.9641]}},{"type":"Feature","properties":{"date":"2024-03-21T00:00:00.000Z","year":2024,"description":"EPLAN Convert existing detached garage to accessory dwelling unit with addition per ordinance","metadescription":"Bldg-Addition. 1 or 2 Family Dwelling. EPLAN Convert existing detached garage to accessory dwelling unit with addition per ordinance. Issued. 2109 W 93RD ST","address":"2107 West 93Rd Street, CA, Los Angeles, 90047, US","ct":"2380.00","ev":"N","apc":"South Los Angeles","cpa":"South Los Angeles","zone":"R1-1","solar":"N","pin_nbr":"094-5A191 180","use_code":"1","status_date":"03/21/2024","construction":"Type V-B Construction","permit_group":"Building","refresh_time":"06/10/2026","type_lat_lon":"PIN","business_unit":"Expanded Counter Plan Check","square_footage":"735"},"geometry":{"type":"Point","coordinates":[-118.31585443,33.95216341]}},{"type":"Feature","properties":{"date":"2024-03-12T00:00:00.000Z","year":2024,"description":"CONVERT PORTION OF EXISTING (1) CAR GARAGE TO LIVING SPACE.  ADD TO THE (E) 1 CAR GARAGE.  BEDROOM/BATH  ADDITION AND 2 COVERED PORCHES.","metadescription":"Bldg-Addition. 1 or 2 Family Dwelling. CONVERT PORTION OF EXISTING (1) CAR GARAGE TO LIVING SPACE.  ADD TO THE (E) 1 CAR GARAGE.  BEDROOM/BATH  ADDITION AND 2 COVERED PORCHES.. CofO Issued. 7725 S HINDRY AVE","address":"7725 Hindry Avenue, CA, Los Angeles, 90045, US","ct":"2771.00","ev":"N","apc":"West Los Angeles","cpa":"Westchester - Playa del Rey","zone":"R1-1","solar":"N","pin_nbr":"099B173   454","use_code":"1","status_date":"02/19/2025","construction":"Type V-B Construction","permit_group":"Building","refresh_time":"06/10/2026","type_lat_lon":"BUILDING","business_unit":"Expanded Counter Plan Check","square_footage":"575"},"geometry":{"type":"Point","coordinates":[-118.37433148,33.9665152]}},{"type":"Feature","properties":{"date":"2024-03-08T00:00:00.000Z","year":2024,"description":"CONVERTING EXISTING 2-CAR GARAGE TO AN ADU 360.0 SQ. FT. WITH ADDITION 386.6 SQ. FT. PER ORDINANCE, TOTAL SQUARE FOOTAGE 746.6 SQ. FT. PER WFPP. SEE COMMENT","metadescription":"Bldg-Addition. 1 or 2 Family Dwelling. CONVERTING EXISTING 2-CAR GARAGE TO AN ADU 360.0 SQ. FT. WITH ADDITION 386.6 SQ. FT. PER ORDINANCE, TOTAL SQUARE FOOTAGE 746.6 SQ. FT. PER WFPP. SEE COMMENT. Corrections Issued. 9140 S WILTON PL","address":"9140 South Wilton Place, CA, Los Angeles, 90047, US","ct":"2384.00","ev":"N","apc":"South Los Angeles","cpa":"South Los Angeles","zone":"R1-1","solar":"N","pin_nbr":"094-5A191 114","use_code":"1","status_date":"03/15/2024","construction":"Type V-B Construction","permit_group":"Building","refresh_time":"06/10/2026","type_lat_lon":"ADDRESS","business_unit":"Expanded Counter Plan Check","square_footage":"746.6"},"geometry":{"type":"Point","coordinates":[-118.31433,33.95324]}},{"type":"Feature","properties":{"date":"2024-03-06T00:00:00.000Z","year":2024,"description":"ePlan Demolition of 1-car garage , 1-car carport and atatched stroage shed  by handwreck method.Clear and fence the lot. Sewer cap not required.","metadescription":"Bldg-Demolition. 1 or 2 Family Dwelling. ePlan Demolition of 1-car garage , 1-car carport and atatched stroage shed  by handwreck method.Clear and fence the lot. Sewer cap not required.. Permit Finaled. 4239 W 64TH ST","address":"4239 West 64Th Street, CA, Los Angeles, 90043, US","ct":"2351.00","ev":"N","apc":"South Los Angeles","cpa":"West Adams - Baldwin Hills - Leimert","zone":"R1-1","solar":"N","height":"0","pin_nbr":"105B181  1214","use_code":"7","status_date":"03/13/2024","permit_group":"Building","refresh_time":"06/10/2026","type_lat_lon":"ADDRESS","business_unit":"Plan Check at Counter"},"geometry":{"type":"Point","coordinates":[-118.34883,33.98181]}},{"type":"Feature","properties":{"date":"2024-02-23T00:00:00.000Z","year":2024,"description":"EPLANDEMOLITION OF A DETACHED GARAGE WITH CONSTRUCTION OF AN ADU ****DPI UNDER: 24019-10000-01218\"COMPLY WITH DEPARTMENT ORDER effective date12/03/2021. PERMIT WILL EXPIRE 30 DAYS FROM ISSUANCE DATE\".","metadescription":"Bldg-Demolition. 1 or 2 Family Dwelling. EPLANDEMOLITION OF A DETACHED GARAGE WITH CONSTRUCTION OF AN ADU ****DPI UNDER: 24019-10000-01218\"COMPLY WITH DEPARTMENT ORDER effective date12/03/2021. PERMIT WILL EXPIRE 30 DAYS FROM ISSUANCE DATE\".. PC Info Complete. 5241 W THORNBURN ST","address":"5241 Thornburn Street, CA, Los Angeles, 90045, US","ct":"2761.02","ev":"N","apc":"West Los Angeles","cpa":"Westchester - Playa del Rey","zone":"R1-1","solar":"N","pin_nbr":"099B173   149","use_code":"7","status_date":"09/09/2024","permit_group":"Building","refresh_time":"06/10/2026","type_lat_lon":"ADDRESS","business_unit":"Plan Check at Counter","square_footage":"0"},"geometry":{"type":"Point","coordinates":[-118.37137,33.96948]}},{"type":"Feature","properties":{"date":"2024-02-22T00:00:00.000Z","year":2024,"description":"eplan DEMO SFD W/ATT GARAGE","metadescription":"Bldg-Demolition. 1 or 2 Family Dwelling. eplan DEMO SFD W/ATT GARAGE. Corrections Issued. 6901 S KNOWLTON PL","address":"6901 Knowlton Place, CA, Los Angeles, 90045, US","ct":"2761.02","ev":"N","apc":"West Los Angeles","cpa":"Westchester - Playa del Rey","zone":"R3-1","solar":"N","pin_nbr":"102B173   247","use_code":"1","status_date":"02/24/2024","permit_group":"Building","refresh_time":"06/10/2026","type_lat_lon":"ADDRESS","business_unit":"Plan Check at Counter"},"geometry":{"type":"Point","coordinates":[-118.37142,33.9748]}},{"type":"Feature","properties":{"date":"2024-01-18T00:00:00.000Z","year":2024,"description":"CONVERT PORTION OF EX. GARAGE INTO BEDROOM FOR EX. STUDIO UNIT.","metadescription":"Bldg-Alter/Repair. 1 or 2 Family Dwelling. CONVERT PORTION OF EX. GARAGE INTO BEDROOM FOR EX. STUDIO UNIT.. Corrections Issued. 6338 S VICTORIA AVE","address":"6338 South Victoria Avenue, CA, Los Angeles, 90043, US","ct":"2349.02","ev":"N","apc":"South Los Angeles","cpa":"West Adams - Baldwin Hills - Leimert","zone":"R3-1","solar":"N","pin_nbr":"105B185  1027","use_code":"5","status_date":"01/23/2024","construction":"Type V-B Construction","permit_group":"Building","refresh_time":"06/10/2026","type_lat_lon":"ADDRESS","business_unit":"Expanded Counter Plan Check","square_footage":"191"},"geometry":{"type":"Point","coordinates":[-118.3322,33.98182]}},{"type":"Feature","properties":{"date":"2023-12-13T00:00:00.000Z","year":2023,"description":"ePlan: MAJOR REMODEL TO (E) SFD INLCUDING NEW ROOF FRAMING, NEW FOUNDATION, AND NEW SLABS ON GRADE. 69 SF ADDITION TO FRONT, 95 SF ADDITION TO (E) ATTACHED GARAGE, 1587 SF ADDITION TO REAR, 191 SF ADDITION OF ATTACHED TRELLIS PATIO COVER AT REAR OF (E) SFD. ALL WORK PER ENGINEERED DESIGN. INTERIOR REMODEL THROUGHOUT.\" NFPA - 13D FIRE SPINKLERES REQUIRED THROUGH OUT\"","metadescription":"Bldg-Addition. 1 or 2 Family Dwelling. ePlan: MAJOR REMODEL TO (E) SFD INLCUDING NEW ROOF FRAMING, NEW FOUNDATION, AND NEW SLABS ON GRADE. 69 SF ADDITION TO FRONT, 95 SF ADDITION TO (E) ATTACHED GARAGE, 1587 SF ADDITION TO REAR, 191 SF ADDITION OF ATTACHED TRELLIS PATIO COVER AT REAR OF (E) SFD. ALL WORK PER ENGINEERED DESIGN. INTERIOR REMODEL THROUGHOUT.\" NFPA - 13D FIRE SPINKLERES REQUIRED THROUGH OUT\". CofO Issued. 7812 S HINDRY AVE","address":"7812 Hindry Avenue, CA, Los Angeles, 90045, US","ct":"2771.00","ev":"N","apc":"West Los Angeles","cpa":"Westchester - Playa del Rey","zone":"R1-1","solar":"N","height":"18.67","pin_nbr":"099B173   569","use_code":"1","status_date":"08/27/2024","construction":"Type V-B Construction","permit_group":"Building","refresh_time":"06/10/2026","type_lat_lon":"BUILDING","business_unit":"Expanded Counter Plan Check","square_footage":"1747"},"geometry":{"type":"Point","coordinates":[-118.37341227,33.96552568]}},{"type":"Feature","properties":{"date":"2023-12-04T00:00:00.000Z","year":2023,"description":"PLAN CHECK ONLY SUPPLEMENTAL TO PERMIT 21014-10000-01697 TO REVISE THE SCOPE OF WORK TO \"(N) 2-STORY ACCESSORY DWELLING UNIT TO (E) GARAGE","metadescription":"Bldg-Alter/Repair. 1 or 2 Family Dwelling. PLAN CHECK ONLY SUPPLEMENTAL TO PERMIT 21014-10000-01697 TO REVISE THE SCOPE OF WORK TO \"(N) 2-STORY ACCESSORY DWELLING UNIT TO (E) GARAGE. Verifications in Progress. 3412 W 78TH PL","address":"3412 West 78Th Place, CA, Los Angeles, 90043, US","ct":"2352.02","ev":"N","apc":"South Los Angeles","cpa":"West Adams - Baldwin Hills - Leimert","zone":"R1-1","solar":"N","pin_nbr":"099B185   357","status_date":"01/19/2024","permit_group":"Building","refresh_time":"06/10/2026","type_lat_lon":"ADDRESS","business_unit":"Regular Plan Check"},"geometry":{"type":"Point","coordinates":[-118.33146,33.96793]}},{"type":"Feature","properties":{"date":"2023-11-08T00:00:00.000Z","year":2023,"description":"ePlan - convert (e) garage to (n) 1-story ADU per LAMC 12.22 (c)(d)(g) and GCS 65852.2 (e)(1)(D)ADU 2 southside2 of 2","metadescription":"Bldg-Alter/Repair. 1 or 2 Family Dwelling. ePlan - convert (e) garage to (n) 1-story ADU per LAMC 12.22 (c)(d)(g) and GCS 65852.2 (e)(1)(D)ADU 2 southside2 of 2. CofO Issued. 6330 3/4 S BRYNHURST AVE","address":"6330 Brynhurst Avenue, CA, Los Angeles, 90043, US","ct":"2349.02","ev":"N","apc":"South Los Angeles","cpa":"West Adams - Baldwin Hills - Leimert","zone":"R3-1","solar":"N","pin_nbr":"105B185   997","use_code":"1","status_date":"09/11/2025","permit_group":"Building","refresh_time":"06/10/2026","type_lat_lon":"PIN","business_unit":"Regular Plan Check","square_footage":"636"},"geometry":{"type":"Point","coordinates":[-118.33336552,33.98208064]}},{"type":"Feature","properties":{"date":"2023-10-20T00:00:00.000Z","year":2023,"description":"Convert existing detached garage of 360 SF into accessory dwelling with addition of 111 SF to ADU per LAMC 12.22 A.33 (c)-(d). Work per engineer.**ePLAN**","metadescription":"Bldg-Addition. 1 or 2 Family Dwelling. Convert existing detached garage of 360 SF into accessory dwelling with addition of 111 SF to ADU per LAMC 12.22 A.33 (c)-(d). Work per engineer.**ePLAN**. Corrections Issued. 3654 W 62ND ST","address":"3654 West 62Nd Street, CA, Los Angeles, 90043, US","ct":"2349.02","ev":"N","apc":"South Los Angeles","cpa":"West Adams - Baldwin Hills - Leimert","zone":"R1-1","solar":"N","height":"10.75","pin_nbr":"105B185   738","use_code":"1","status_date":"10/25/2023","construction":"Type V-B Construction","permit_group":"Building","refresh_time":"06/10/2026","type_lat_lon":"ADDRESS","business_unit":"Expanded Counter Plan Check","square_footage":"429"},"geometry":{"type":"Point","coordinates":[-118.3372,33.98345]}},{"type":"Feature","properties":{"date":"2023-10-18T00:00:00.000Z","year":2023,"description":"eplan. Demolish existing garage for new detached ADU(#23010-10000-00341)**NO POSTING REQUIRED PER SB 897","metadescription":"Bldg-Demolition. 1 or 2 Family Dwelling. eplan. Demolish existing garage for new detached ADU(#23010-10000-00341)**NO POSTING REQUIRED PER SB 897. Permit Finaled. 9621 S HAAS AVE","address":"9621 Haas Avenue, CA, Los Angeles, 90047, US","ct":"2380.00","ev":"N","apc":"South Los Angeles","cpa":"South Los Angeles","zone":"R1-1","solar":"N","pin_nbr":"093A191   186","use_code":"7","status_date":"11/09/2023","permit_group":"Building","refresh_time":"06/10/2026","type_lat_lon":"ADDRESS","business_unit":"Plan Check at Counter"},"geometry":{"type":"Point","coordinates":[-118.31684,33.94832]}},{"type":"Feature","properties":{"date":"2023-10-16T00:00:00.000Z","year":2023,"description":"EplanCONVERT EXISTING ATTACHED GARAGE TO JUNIOR  ACCESSORY DWELLING UNIT PER GCS 65852.2(e)(1)(A) and 65852.22","metadescription":"Bldg-Alter/Repair. 1 or 2 Family Dwelling. EplanCONVERT EXISTING ATTACHED GARAGE TO JUNIOR  ACCESSORY DWELLING UNIT PER GCS 65852.2(e)(1)(A) and 65852.22. CofO Issued. 6999-7000 S RAMSGATE AVE","address":"7000 Ramsgate Avenue, CA, Los Angeles, 90045, US","ct":"2761.02","ev":"N","apc":"West Los Angeles","cpa":"Westchester - Playa del Rey","zone":"R1-1","solar":"N","pin_nbr":"102B173   405","use_code":"1","junior_adu":"1","status_date":"04/05/2024","construction":"Type V-B Construction","permit_group":"Building","refresh_time":"06/10/2026","type_lat_lon":"ADDRESS","business_unit":"Expanded Counter Plan Check","square_footage":"351"},"geometry":{"type":"Point","coordinates":[-118.37115,33.97323]}},{"type":"Feature","properties":{"date":"2023-08-23T00:00:00.000Z","year":2023,"description":"SUPPLEMENTAL PERMIT TO 23016-20000-13542. REVISE WORK DESCRIPTION: CONVERT ATTACHED GARAGE INTO BEDROOM.","metadescription":"Bldg-Alter/Repair. 1 or 2 Family Dwelling. SUPPLEMENTAL PERMIT TO 23016-20000-13542. REVISE WORK DESCRIPTION: CONVERT ATTACHED GARAGE INTO BEDROOM.. Permit Finaled. 5516 W 79TH ST","address":"5516 West 79Th Street, CA, Los Angeles, 90045, US","ct":"2771.00","ev":"N","apc":"West Los Angeles","cpa":"Westchester - Playa del Rey","zone":"R1-1","solar":"N","pin_nbr":"099B173   684","use_code":"1","junior_adu":"-1","status_date":"10/11/2023","construction":"Type V-B Construction","permit_group":"Building","refresh_time":"06/10/2026","type_lat_lon":"ADDRESS","business_unit":"Plan Check at Counter","square_footage":"0"},"geometry":{"type":"Point","coordinates":[-118.37595,33.96462]}},{"type":"Feature","properties":{"date":"2023-08-23T00:00:00.000Z","year":2023,"description":"EPLANADDITION TO GARAGE AND CONVERT TO ADU. PER LAMC 12.22 A.33 (c)(d)","metadescription":"Bldg-Addition. 1 or 2 Family Dwelling. EPLANADDITION TO GARAGE AND CONVERT TO ADU. PER LAMC 12.22 A.33 (c)(d). CofO Issued. 3213 W 79TH ST","address":"3213 West 79Th Street, CA, Los Angeles, 90043, US","ct":"2352.02","ev":"N","apc":"South Los Angeles","cpa":"West Adams - Baldwin Hills - Leimert","zone":"R1-1","solar":"N","pin_nbr":"099B185   384","use_code":"1","status_date":"11/10/2024","construction":"Type V-B Construction","permit_group":"Building","refresh_time":"06/10/2026","type_lat_lon":"ADDRESS","business_unit":"Expanded Counter Plan Check","square_footage":"359"},"geometry":{"type":"Point","coordinates":[-118.32908,33.96739]}},{"type":"Feature","properties":{"date":"2023-08-08T00:00:00.000Z","year":2023,"description":"**ePlan** Convert (E) Garage and Storage room to an Accessory Dwelling Unit per  GCS 65852.2(e)(1)(A)","metadescription":"Bldg-Alter/Repair. 1 or 2 Family Dwelling. **ePlan** Convert (E) Garage and Storage room to an Accessory Dwelling Unit per  GCS 65852.2(e)(1)(A). CofO Issued. 7862 S VICTORIA AVE","address":"3454 West 78Th Place, CA, Los Angeles, 90043, US","ct":"2352.02","ev":"N","apc":"South Los Angeles","cpa":"West Adams - Baldwin Hills - Leimert","zone":"R1-1","solar":"N","pin_nbr":"099B185   366","use_code":"1","status_date":"11/10/2024","construction":"Type V-B Construction","permit_group":"Building","refresh_time":"06/10/2026","type_lat_lon":"ADDRESS","business_unit":"Expanded Counter Plan Check","square_footage":"547"},"geometry":{"type":"Point","coordinates":[-118.33291,33.96773]}},{"type":"Feature","properties":{"date":"2023-06-27T00:00:00.000Z","year":2023,"description":"Demo existing garage  *** 2 of 2 ***","metadescription":"Bldg-Demolition. 1 or 2 Family Dwelling. Demo existing garage  *** 2 of 2 ***. Quality Review Completed. 6552 S WEST BLVD","address":"6552 West Boulevard, CA, Los Angeles, 90043, US","ct":"2349.02","ev":"N","apc":"South Los Angeles","cpa":"West Adams - Baldwin Hills - Leimert","zone":"C2-1VL-CPIO","solar":"N","pin_nbr":"102B185    26","use_code":"7","status_date":"07/21/2023","permit_group":"Building","refresh_time":"06/10/2026","type_lat_lon":"ADDRESS","business_unit":"Regular Plan Check"},"geometry":{"type":"Point","coordinates":[-118.33503,33.97964]}},{"type":"Feature","properties":{"date":"2023-06-14T00:00:00.000Z","year":2023,"description":"Convert existing attached garage into JADU per GCS 65852.2(e)(1)(A) and 65852.22","metadescription":"Bldg-Alter/Repair. 1 or 2 Family Dwelling. Convert existing attached garage into JADU per GCS 65852.2(e)(1)(A) and 65852.22. CofO Issued. 5516-5518 W 79TH ST","address":"5516 West 79Th Street, CA, Los Angeles, 90045, US","ct":"2771.00","ev":"N","apc":"West Los Angeles","cpa":"Westchester - Playa del Rey","zone":"R1-1","solar":"N","pin_nbr":"099B173   684","use_code":"1","junior_adu":"1","status_date":"03/09/2024","construction":"Type V-B Construction","permit_group":"Building","refresh_time":"06/10/2026","type_lat_lon":"ADDRESS","business_unit":"Expanded Counter Plan Check","square_footage":"206"},"geometry":{"type":"Point","coordinates":[-118.37595,33.96462]}},{"type":"Feature","properties":{"date":"2023-06-12T00:00:00.000Z","year":2023,"description":"CONVERT (E) GARAGE INTO A NEW ADU 409 SF WITH ADDITION 2.7' X 3.5'","metadescription":"Bldg-Addition. 1 or 2 Family Dwelling. CONVERT (E) GARAGE INTO A NEW ADU 409 SF WITH ADDITION 2.7' X 3.5'. CofO Issued. 2119 W 95TH ST","address":"2121 West 95Th Street, CA, Los Angeles, 90047, US","ct":"2380.00","ev":"N","apc":"South Los Angeles","cpa":"South Los Angeles","zone":"R1-1","solar":"N","pin_nbr":"093A191    69","use_code":"1","status_date":"03/03/2025","construction":"Type V-B Construction","permit_group":"Building","refresh_time":"06/10/2026","type_lat_lon":"PIN","business_unit":"Plan Check at Counter","square_footage":"409"},"geometry":{"type":"Point","coordinates":[-118.31635678,33.95002041]}},{"type":"Feature","properties":{"date":"2023-06-08T00:00:00.000Z","year":2023,"description":"ePlan: CONVERT (E) DET 659 SF GARAGE INTO 2 ACCESORY DWELLING UNITS PER GCS 65852.2(e)(1)(D) AND LAMC 12.22 A.33(c)(d) AND (g)  329 SF each. ALL WORK PER WFPP.","metadescription":"Bldg-Alter/Repair. 1 or 2 Family Dwelling. ePlan: CONVERT (E) DET 659 SF GARAGE INTO 2 ACCESORY DWELLING UNITS PER GCS 65852.2(e)(1)(D) AND LAMC 12.22 A.33(c)(d) AND (g)  329 SF each. ALL WORK PER WFPP.. Issued. 6411 1/4-1/2 S VICTORIA AVE","address":"6409 South Victoria Avenue, CA, Los Angeles, 90043, US","ct":"2349.02","ev":"N","apc":"South Los Angeles","cpa":"West Adams - Baldwin Hills - Leimert","zone":"R3-1","solar":"N","pin_nbr":"105B185  1106","use_code":"1","status_date":"06/08/2023","construction":"Type V-B Construction","permit_group":"Building","refresh_time":"06/10/2026","type_lat_lon":"PIN","business_unit":"Expanded Counter Plan Check","square_footage":"659"},"geometry":{"type":"Point","coordinates":[-118.33274237,33.98137067]}},{"type":"Feature","properties":{"date":"2023-04-04T00:00:00.000Z","year":2023,"description":"eplan. GARAGE CONVERSION INTO A.D.U. w/ additionADU PER STATE LAW","metadescription":"Bldg-Addition. 1 or 2 Family Dwelling. eplan. GARAGE CONVERSION INTO A.D.U. w/ additionADU PER STATE LAW. Issued. 2018 W 93RD ST","address":"2016 West 93Rd Street, CA, Los Angeles, 90047, US","ct":"2380.00","ev":"N","apc":"South Los Angeles","cpa":"South Los Angeles","zone":"R1-1","solar":"N","height":"12.83","pin_nbr":"094-5A191 223","use_code":"1","status_date":"04/04/2023","construction":"Type V-B Construction","permit_group":"Building","refresh_time":"06/10/2026","type_lat_lon":"PIN","business_unit":"Regular Plan Check","square_footage":"527"},"geometry":{"type":"Point","coordinates":[-118.31404885,33.95172746]}},{"type":"Feature","properties":{"date":"2023-03-31T00:00:00.000Z","year":2023,"description":"Convert existing detached garage into ADU per CA Govt. Code 65852.2(e)(1)(A). All work per engineer.\"COMPLY WITH DEPARTMENT ORDER effective date 01/05/2023. PERMIT WILL EXPIRE 30 DAYS FROM ISSUANCE DATE\"","metadescription":"Bldg-Alter/Repair. 1 or 2 Family Dwelling. Convert existing detached garage into ADU per CA Govt. Code 65852.2(e)(1)(A). All work per engineer.\"COMPLY WITH DEPARTMENT ORDER effective date 01/05/2023. PERMIT WILL EXPIRE 30 DAYS FROM ISSUANCE DATE\". CofO Issued. 5402 W 76TH ST","address":"5400 West 76Th Street, CA, Los Angeles, 90045, US","ct":"2771.00","ev":"N","apc":"West Los Angeles","cpa":"Westchester - Playa del Rey","zone":"R1-1","solar":"N","pin_nbr":"099B173   336","use_code":"1","status_date":"08/30/2023","construction":"Type V-B Construction","permit_group":"Building","refresh_time":"06/10/2026","type_lat_lon":"ADDRESS","business_unit":"Expanded Counter Plan Check","square_footage":"489"},"geometry":{"type":"Point","coordinates":[-118.37449,33.96781]}},{"type":"Feature","properties":{"date":"2023-02-08T00:00:00.000Z","year":2023,"description":"DEMO DETACHED GARAGE.","metadescription":"Bldg-Demolition. 1 or 2 Family Dwelling. DEMO DETACHED GARAGE.. Verifications in Progress. 9610 S VAN NESS AVE","address":"9610 South Van Ness Avenue, CA, Los Angeles, 90047, US","ct":"2380.00","ev":"N","apc":"South Los Angeles","cpa":"South Los Angeles","zone":"R1-1","solar":"N","pin_nbr":"093A191   174","use_code":"7","status_date":"03/16/2023","permit_group":"Building","refresh_time":"06/10/2026","type_lat_lon":"ADDRESS","business_unit":"Expanded Counter Plan Check"},"geometry":{"type":"Point","coordinates":[-118.31757,33.94859]}},{"type":"Feature","properties":{"date":"2023-02-01T00:00:00.000Z","year":2023,"description":"eplan Remodel and 2nd Story Addition of EXISTING SINGLE FAMILY ADDITION  with New Attached Garage","metadescription":"Bldg-Addition. 1 or 2 Family Dwelling. eplan Remodel and 2nd Story Addition of EXISTING SINGLE FAMILY ADDITION  with New Attached Garage. Issued. 2050 W 94TH PL","address":"2046 West 94Th Place, CA, Los Angeles, 90047, US","ct":"2380.00","ev":"N","apc":"South Los Angeles","cpa":"South Los Angeles","zone":"R1-1","solar":"N","height":"25.92","pin_nbr":"093A191    48","use_code":"1","status_date":"02/01/2023","construction":"Type V-B Construction","permit_group":"Building","refresh_time":"06/10/2026","type_lat_lon":"ADDRESS","business_unit":"Regular Plan Check","square_footage":"2187"},"geometry":{"type":"Point","coordinates":[-118.31514,33.95041]}},{"type":"Feature","properties":{"date":"2023-01-24T00:00:00.000Z","year":2023,"description":"ePlan Demolish Existing 20'X20' Detached Garage","metadescription":"Bldg-Demolition. 1 or 2 Family Dwelling. ePlan Demolish Existing 20'X20' Detached Garage. Corrections Issued. 2050 W 94TH PL","address":"2046 West 94Th Place, CA, Los Angeles, 90047, US","ct":"2380.00","ev":"N","apc":"South Los Angeles","cpa":"South Los Angeles","zone":"R1-1","solar":"N","pin_nbr":"093A191    48","use_code":"7","status_date":"01/25/2023","permit_group":"Building","refresh_time":"06/10/2026","type_lat_lon":"ADDRESS","business_unit":"Plan Check at Counter"},"geometry":{"type":"Point","coordinates":[-118.31514,33.95041]}},{"type":"Feature","properties":{"date":"2022-12-13T00:00:00.000Z","year":2022,"description":"100% SUBMITTAL FOR FIRE LIFE SAFETY, GREEN, DISABLE ACCESS, STRUCTURAL PLANCHECK FOR 50 UNIT (INCLUDING 5 EXTREMELY LOW INCOME UNITS) AND 1 ACCESSORY DWELLING UNIT APARTMENT BUILDING WITH GARAGE ON THE GROUND FLOOR PER LAMC 12.22A.31","metadescription":"Bldg-New. Apartment. 100% SUBMITTAL FOR FIRE LIFE SAFETY, GREEN, DISABLE ACCESS, STRUCTURAL PLANCHECK FOR 50 UNIT (INCLUDING 5 EXTREMELY LOW INCOME UNITS) AND 1 ACCESSORY DWELLING UNIT APARTMENT BUILDING WITH GARAGE ON THE GROUND FLOOR PER LAMC 12.22A.31. Verifications in Progress. 6313 S BRYNHURST AVE","address":"6313 South Brynhurst Avenue, CA, Los Angeles, 90043, US","ct":"2349.02","ev":"N","apc":"South Los Angeles","cpa":"West Adams - Baldwin Hills - Leimert","zone":"R3-1","solar":"N","pin_nbr":"105B185   942","status_date":"06/03/2024","permit_group":"Building","refresh_time":"06/10/2026","type_lat_lon":"ADDRESS","business_unit":"Regular Plan Check"},"geometry":{"type":"Point","coordinates":[-118.33393,33.98247]}},{"type":"Feature","properties":{"date":"2022-09-13T00:00:00.000Z","year":2022,"description":"17' X 28'-2\" ADDITION TO AND CONVERT (E) ATTACHED GARAGE TO ATTACHED ACCESSORY DWELLING UNIT PER LAMC 12.22 A.33(c) and (e). ALL WORK PER ENGINEERING.","metadescription":"Bldg-Addition. 1 or 2 Family Dwelling. 17' X 28'-2\" ADDITION TO AND CONVERT (E) ATTACHED GARAGE TO ATTACHED ACCESSORY DWELLING UNIT PER LAMC 12.22 A.33(c) and (e). ALL WORK PER ENGINEERING.. CofO Issued. 7765-7767 S ISIS AVE","address":"7767 Isis Avenue, CA, Los Angeles, 90045, US","ct":"2771.00","ev":"N","apc":"West Los Angeles","cpa":"Westchester - Playa del Rey","zone":"R1-1","solar":"N","pin_nbr":"099B173   559","use_code":"1","adu_changed":"1","status_date":"05/06/2024","construction":"Type V-B Construction","permit_group":"Building","refresh_time":"06/10/2026","type_lat_lon":"BUILDING","business_unit":"Expanded Counter Plan Check","square_footage":"475"},"geometry":{"type":"Point","coordinates":[-118.37573333,33.96563728]}},{"type":"Feature","properties":{"date":"2022-08-29T00:00:00.000Z","year":2022,"description":"CONVERT THE (E) DET. GARAGE INTO A (N) ACCESSORY DWELLING UNIT PER GCS65852.2(e)(1)(A).","metadescription":"Bldg-Alter/Repair. 1 or 2 Family Dwelling. CONVERT THE (E) DET. GARAGE INTO A (N) ACCESSORY DWELLING UNIT PER GCS65852.2(e)(1)(A).. CofO Issued. 5514 W 82ND ST","address":"5514 West 82Nd Street, CA, Los Angeles, 90045, US","ct":"2771.00","ev":"N","apc":"West Los Angeles","cpa":"Westchester - Playa del Rey","zone":"R1-1","solar":"N","pin_nbr":"099B173   776","use_code":"1","status_date":"02/25/2023","construction":"Type V-B Construction","permit_group":"Building","refresh_time":"06/10/2026","type_lat_lon":"ADDRESS","business_unit":"Expanded Counter Plan Check","square_footage":"361"},"geometry":{"type":"Point","coordinates":[-118.37587,33.96385]}},{"type":"Feature","properties":{"date":"2022-08-18T00:00:00.000Z","year":2022,"description":"Addition and conversion of existing detached garage to ADU per LAMC 12.22 A.33(c)-(d)","metadescription":"Bldg-Addition. 1 or 2 Family Dwelling. Addition and conversion of existing detached garage to ADU per LAMC 12.22 A.33(c)-(d). CofO Issued. 2118 W 93RD ST","address":"2120 West 93Rd Street, CA, Los Angeles, 90047, US","ct":"2380.00","ev":"N","apc":"South Los Angeles","cpa":"South Los Angeles","zone":"R1-1","solar":"N","pin_nbr":"094-5A191 209","use_code":"1","status_date":"05/13/2026","construction":"Type V-B Construction","permit_group":"Building","refresh_time":"06/10/2026","type_lat_lon":"BUILDING","business_unit":"Expanded Counter Plan Check","square_footage":"583"},"geometry":{"type":"Point","coordinates":[-118.31631356,33.95161916]}},{"type":"Feature","properties":{"date":"2022-07-29T00:00:00.000Z","year":2022,"description":"(E) 2-CAR GARAGE (1-CAR TO REMAIN 208.3 SF) & RECREATION ROOM TO BE CONVERTED TO ADU (572 SF) PER CA Govt code 65852.2(e)(1)(A).","metadescription":"Bldg-Alter/Repair. 1 or 2 Family Dwelling. (E) 2-CAR GARAGE (1-CAR TO REMAIN 208.3 SF) & RECREATION ROOM TO BE CONVERTED TO ADU (572 SF) PER CA Govt code 65852.2(e)(1)(A).. CofO Issued. 9902 S VAN NESS AVE","address":"9902 South Van Ness Avenue, CA, Los Angeles, 90047, US","ct":"2380.00","ev":"N","apc":"South Los Angeles","cpa":"South Los Angeles","zone":"R1-1","solar":"N","pin_nbr":"091-5A191  15","use_code":"1","status_date":"09/13/2023","construction":"Type V-B Construction","permit_group":"Building","refresh_time":"06/10/2026","type_lat_lon":"ADDRESS","business_unit":"Expanded Counter Plan Check","square_footage":"572"},"geometry":{"type":"Point","coordinates":[-118.31757,33.94654]}},{"type":"Feature","properties":{"date":"2022-07-06T00:00:00.000Z","year":2022,"description":"*EPLAN* DEMO EXISTING GARAGE; NO SEWER CAP REQ'D","metadescription":"Bldg-Demolition. 1 or 2 Family Dwelling. *EPLAN* DEMO EXISTING GARAGE; NO SEWER CAP REQ'D. Permit Finaled. 9706 S VAN NESS AVE","address":"9706 South Van Ness Avenue, CA, Los Angeles, 90047, US","ct":"2380.00","ev":"N","apc":"South Los Angeles","cpa":"South Los Angeles","zone":"R1-1","solar":"N","pin_nbr":"093A191   204","use_code":"7","status_date":"09/29/2022","permit_group":"Building","refresh_time":"06/10/2026","type_lat_lon":"ADDRESS","business_unit":"Plan Check at Counter","square_footage":"0"},"geometry":{"type":"Point","coordinates":[-118.31757,33.94804]}},{"type":"Feature","properties":{"date":"2022-06-30T00:00:00.000Z","year":2022,"description":"CONVERT and ENLARGE (E) GARAGE TO CREATE (N)  A.D.U. PER LAMC12.22A.33(c) AND (d).","metadescription":"Bldg-Addition. 1 or 2 Family Dwelling. CONVERT and ENLARGE (E) GARAGE TO CREATE (N)  A.D.U. PER LAMC12.22A.33(c) AND (d).. CofO in Progress. 3301 1/2 W 79TH ST","address":"3229 West 79Th Street, CA, Los Angeles, 90043, US","ct":"2352.02","ev":"N","apc":"South Los Angeles","cpa":"West Adams - Baldwin Hills - Leimert","zone":"R1-1","solar":"N","height":"13.5","pin_nbr":"099B185   388","use_code":"1","status_date":"06/09/2025","construction":"Type V-B Construction","permit_group":"Building","refresh_time":"06/10/2026","type_lat_lon":"BUILDING","business_unit":"Expanded Counter Plan Check","square_footage":"789"},"geometry":{"type":"Point","coordinates":[-118.32971612,33.96769073]}},{"type":"Feature","properties":{"date":"2022-06-09T00:00:00.000Z","year":2022,"description":"CONVERSION OF (E) DETACHED GARAGE AND ADDITION TO BECOME (N) ADU PRE ORDINANCE, LAMC 12.22 A.33 (c)-(d)","metadescription":"Bldg-Addition. 1 or 2 Family Dwelling. CONVERSION OF (E) DETACHED GARAGE AND ADDITION TO BECOME (N) ADU PRE ORDINANCE, LAMC 12.22 A.33 (c)-(d). CofO Issued. 9104 S WILTON PL","address":"9104 South Wilton Place, CA, Los Angeles, 90047, US","ct":"2384.00","ev":"N","apc":"South Los Angeles","cpa":"South Los Angeles","zone":"R1-1","solar":"N","pin_nbr":"094-5A191  47","use_code":"1","status_date":"10/29/2023","construction":"Type V-B Construction","permit_group":"Building","refresh_time":"06/10/2026","type_lat_lon":"ADDRESS","business_unit":"Expanded Counter Plan Check","square_footage":"750"},"geometry":{"type":"Point","coordinates":[-118.31433,33.95427]}},{"type":"Feature","properties":{"date":"2022-05-09T00:00:00.000Z","year":2022,"description":"CONVERT DETACHED [18 X 20] GARAGE TO  ACCESSORY DWELLING UNIT PER STATE CODE","metadescription":"Bldg-Alter/Repair. 1 or 2 Family Dwelling. CONVERT DETACHED [18 X 20] GARAGE TO  ACCESSORY DWELLING UNIT PER STATE CODE. Issued. 9223 S HAAS AVE","address":"9223 Haas Avenue, CA, Los Angeles, 90047, US","ct":"2380.00","ev":"N","apc":"South Los Angeles","cpa":"South Los Angeles","zone":"R1-1","solar":"N","pin_nbr":"094-5A191 203","use_code":"1","status_date":"05/09/2022","construction":"Type V-B Construction","permit_group":"Building","refresh_time":"06/10/2026","type_lat_lon":"ADDRESS","business_unit":"Expanded Counter Plan Check","square_footage":"368"},"geometry":{"type":"Point","coordinates":[-118.31691,33.95192]}},{"type":"Feature","properties":{"date":"2022-04-26T00:00:00.000Z","year":2022,"description":"(n) detached garage   *** 2 of 2 ***","metadescription":"Bldg-New. 1 or 2 Family Dwelling. (n) detached garage   *** 2 of 2 ***. CofO Issued. 6326 S RIMPAU BLVD","address":"6326 South Rimpau Boulevard, CA, Los Angeles, 90043, US","ct":"2351.00","ev":"N","apc":"South Los Angeles","cpa":"West Adams - Baldwin Hills - Leimert","zone":"R1-1","solar":"N","height":"10.58","pin_nbr":"105B185  1002","use_code":"7","status_date":"02/19/2023","construction":"Type V-B Construction","permit_group":"Building","refresh_time":"06/10/2026","type_lat_lon":"BUILDING","business_unit":"Regular Plan Check","square_footage":"0"},"geometry":{"type":"Point","coordinates":[-118.33924427,33.98203148]}},{"type":"Feature","properties":{"date":"2022-03-30T00:00:00.000Z","year":2022,"description":"CONVERT ATTACHED GARAGE/ CARPORT INTO ACCESSORY DWELLING UNIT PER CA GOV STATE CODE 65852.2(e)(1)(c) FOR EX. DUPLEX. WORK PER ENGINEER.","metadescription":"Bldg-Alter/Repair. 1 or 2 Family Dwelling. CONVERT ATTACHED GARAGE/ CARPORT INTO ACCESSORY DWELLING UNIT PER CA GOV STATE CODE 65852.2(e)(1)(c) FOR EX. DUPLEX. WORK PER ENGINEER.. Issued. 8114-8114 1/2 S VAN NESS AVE","address":"8114 South Van Ness Avenue, CA, Los Angeles, 90047, US","ct":"2381.00","ev":"N","apc":"South Los Angeles","cpa":"South Los Angeles","zone":"RD1.5-1","solar":"N","pin_nbr":"099B189   661","use_code":"2","adu_changed":"1","status_date":"03/30/2022","construction":"Type V-B Construction","permit_group":"Building","refresh_time":"06/10/2026","type_lat_lon":"ADDRESS","business_unit":"Expanded Counter Plan Check","square_footage":"525"},"geometry":{"type":"Point","coordinates":[-118.31758,33.96509]}},{"type":"Feature","properties":{"date":"2022-03-16T00:00:00.000Z","year":2022,"description":"Convert an existing 213 sq. ft. attached garage to an ADU. and add to the ADU 277 sq.. ft. Total of 490 sq.. ft. of living area","metadescription":"Bldg-Addition. 1 or 2 Family Dwelling. Convert an existing 213 sq. ft. attached garage to an ADU. and add to the ADU 277 sq.. ft. Total of 490 sq.. ft. of living area. CofO Issued. 7754 S HINDRY AVE","address":"7756 Hindry Avenue, CA, Los Angeles, 90045, US","ct":"2771.00","ev":"N","apc":"West Los Angeles","cpa":"Westchester - Playa del Rey","zone":"R1-1","solar":"N","pin_nbr":"099B173   517","use_code":"1","status_date":"11/30/2022","construction":"Type V-B Construction","permit_group":"Building","refresh_time":"06/10/2026","type_lat_lon":"BUILDING","business_unit":"Expanded Counter Plan Check","square_footage":"490"},"geometry":{"type":"Point","coordinates":[-118.37350942,33.96597746]}},{"type":"Feature","properties":{"date":"2022-03-10T00:00:00.000Z","year":2022,"description":"Convert detached garage into an ADU and adding 283 square feet.","metadescription":"Bldg-Addition. 1 or 2 Family Dwelling. Convert detached garage into an ADU and adding 283 square feet.. Verifications in Progress. 2152 W 79TH ST","address":"2148 West 79Th Street, CA, Los Angeles, 90047, US","ct":"2381.00","ev":"N","apc":"South Los Angeles","cpa":"South Los Angeles","zone":"R1-1","solar":"N","pin_nbr":"099B189   544","use_code":"1","status_date":"07/11/2022","construction":"Type V-B Construction","permit_group":"Building","refresh_time":"06/10/2026","type_lat_lon":"ADDRESS","business_unit":"Expanded Counter Plan Check","square_footage":"580"},"geometry":{"type":"Point","coordinates":[-118.31734,33.96714]}},{"type":"Feature","properties":{"date":"2022-02-16T00:00:00.000Z","year":2022,"description":"Demolish (E) detached garage*** See comments ***","metadescription":"Bldg-Demolition. 1 or 2 Family Dwelling. Demolish (E) detached garage*** See comments ***. PC Info Complete. 6326 S RIMPAU BLVD","address":"6326 South Rimpau Boulevard, CA, Los Angeles, 90043, US","ct":"2351.00","ev":"N","apc":"South Los Angeles","cpa":"West Adams - Baldwin Hills - Leimert","zone":"R1-1","solar":"N","pin_nbr":"105B185  1002","use_code":"7","status_date":"02/17/2022","permit_group":"Building","refresh_time":"06/10/2026","type_lat_lon":"ADDRESS","business_unit":"Plan Check at Counter"},"geometry":{"type":"Point","coordinates":[-118.33951,33.98209]}},{"type":"Feature","properties":{"date":"2022-02-07T00:00:00.000Z","year":2022,"description":"DEMO OF AN EXISTING DETACHED GARAGE & REAR ACCESSORY BLDGS.","metadescription":"Bldg-Demolition. 1 or 2 Family Dwelling. DEMO OF AN EXISTING DETACHED GARAGE & REAR ACCESSORY BLDGS.. Issued. 2021 W 93RD ST","address":"2021 West 93Rd Street, CA, Los Angeles, 90047, US","ct":"2380.00","ev":"N","apc":"South Los Angeles","cpa":"South Los Angeles","zone":"R1-1","solar":"N","pin_nbr":"094-5A191 190","use_code":"7","status_date":"02/07/2022","permit_group":"Building","refresh_time":"06/10/2026","type_lat_lon":"ADDRESS","business_unit":"Plan Check at Counter"},"geometry":{"type":"Point","coordinates":[-118.31416,33.95205]}},{"type":"Feature","properties":{"date":"2022-01-25T00:00:00.000Z","year":2022,"description":"GARAGE CONVERSION TO ACCESSORY DWELLING UNIT PER WFPP.","metadescription":"Bldg-Alter/Repair. 1 or 2 Family Dwelling. GARAGE CONVERSION TO ACCESSORY DWELLING UNIT PER WFPP.. CofO Issued. 7020 S RAMSGATE AVE","address":"7030 Ramsgate Avenue, CA, Los Angeles, 90045, US","ct":"2761.00","ev":"N","apc":"West Los Angeles","cpa":"Westchester - Playa del Rey","zone":"R1-1","solar":"N","height":"13.08","pin_nbr":"102B173   434","use_code":"1","status_date":"01/30/2024","construction":"Type V-B Construction","permit_group":"Building","refresh_time":"06/10/2026","type_lat_lon":"ADDRESS","business_unit":"Expanded Counter Plan Check","square_footage":"560"},"geometry":{"type":"Point","coordinates":[-118.37182,33.97306]}},{"type":"Feature","properties":{"date":"2022-01-19T00:00:00.000Z","year":2022,"description":"CONVERT DETACHED GARAGE TO ADU PER GCS65852.2(e)(1)(A","metadescription":"Bldg-Alter/Repair. 1 or 2 Family Dwelling. CONVERT DETACHED GARAGE TO ADU PER GCS65852.2(e)(1)(A. PC Info Complete. 5239 W THORNBURN ST","address":"5237 Thornburn Street, CA, Los Angeles, 90045, US","ct":"2761.00","ev":"N","apc":"West Los Angeles","cpa":"Westchester - Playa del Rey","zone":"R1-1","solar":"N","pin_nbr":"099B173   169","use_code":"1","status_date":"04/21/2022","construction":"Type V-B Construction","permit_group":"Building","refresh_time":"06/10/2026","type_lat_lon":"PIN","business_unit":"Expanded Counter Plan Check","square_footage":"358"},"geometry":{"type":"Point","coordinates":[-118.37120303,33.96953671]}},{"type":"Feature","properties":{"date":"2021-12-02T00:00:00.000Z","year":2021,"description":"SUPP. TO PERMIT 20016-20000-03329 TO REVISE PLANS TO CONVERT THE REMAINING 3'-0\" x 18'-0\" PORTION OF GARAGE TO ACCESSORY DWELLING UNIT PER CA Govt. Code 65852.2(e)(1)(C) AND REVISE THE STR. INVENTORY, PLOT PLAN.  ADU address is 3463 1/2 W 63RD ST.","metadescription":"Bldg-Alter/Repair. 1 or 2 Family Dwelling. SUPP. TO PERMIT 20016-20000-03329 TO REVISE PLANS TO CONVERT THE REMAINING 3'-0\" x 18'-0\" PORTION OF GARAGE TO ACCESSORY DWELLING UNIT PER CA Govt. Code 65852.2(e)(1)(C) AND REVISE THE STR. INVENTORY, PLOT PLAN.  ADU address is 3463 1/2 W 63RD ST.. Permit Finaled. 3463-3465 W 63RD ST","address":"3465 West 63Rd Street, CA, Los Angeles, 90043, US","ct":"2349.02","ev":"N","apc":"South Los Angeles","cpa":"West Adams - Baldwin Hills - Leimert","zone":"R3-1","solar":"N","pin_nbr":"105B185   805","use_code":"2","adu_changed":"0","status_date":"03/16/2022","construction":"Type V-B Construction","permit_group":"Building","refresh_time":"06/10/2026","type_lat_lon":"ADDRESS","business_unit":"Plan Check at Counter","square_footage":"54"},"geometry":{"type":"Point","coordinates":[-118.33297,33.98302]}},{"type":"Feature","properties":{"date":"2021-11-10T00:00:00.000Z","year":2021,"description":"ePlan   Convert existing detached garage to accessory dwelling unit per LAMC 12.22A.33(b)(5)","metadescription":"Bldg-Alter/Repair. 1 or 2 Family Dwelling. ePlan   Convert existing detached garage to accessory dwelling unit per LAMC 12.22A.33(b)(5). CofO Issued. 2015 W 92ND ST","address":"2015 West 92Nd Street, CA, Los Angeles, 90047, US","ct":"2384.00","ev":"N","apc":"South Los Angeles","cpa":"South Los Angeles","zone":"R1-1","solar":"N","pin_nbr":"094-5A191 144","use_code":"1","status_date":"02/19/2023","construction":"Type V-B Construction","permit_group":"Building","refresh_time":"06/10/2026","type_lat_lon":"ADDRESS","business_unit":"Plan Check at Counter","square_footage":"324"},"geometry":{"type":"Point","coordinates":[-118.31423,33.95285]}},{"type":"Feature","properties":{"date":"2021-09-28T00:00:00.000Z","year":2021,"description":"(N) SINGLE FAMILY DWELLING RESIDENCE WITH ATTACHED GARAGE","metadescription":"Bldg-New. 1 or 2 Family Dwelling. (N) SINGLE FAMILY DWELLING RESIDENCE WITH ATTACHED GARAGE. CofO Issued. 7742 S ISIS AVE","address":"7742 Isis Avenue, CA, Los Angeles, 90045, US","ct":"2771.00","ev":"N","apc":"West Los Angeles","cpa":"Westchester - Playa del Rey","zone":"R1-1","solar":"N","height":"27.75","pin_nbr":"099B173   455","use_code":"1","status_date":"03/09/2023","construction":"Type V-B Construction","permit_group":"Building","refresh_time":"06/10/2026","type_lat_lon":"BUILDING","business_unit":"Regular Plan Check","square_footage":"2601"},"geometry":{"type":"Point","coordinates":[-118.37594637,33.96647169]}},{"type":"Feature","properties":{"date":"2021-08-17T00:00:00.000Z","year":2021,"description":"*** Attn: Kavian *** supplemental ref to pcis # 19016-30000-31684, to change the work description to  \"change of use of existing rec room  gym to new ADU, demo portion of wall at basement garage level\"***plancheck only***","metadescription":"Bldg-Alter/Repair. Apartment. *** Attn: Kavian *** supplemental ref to pcis # 19016-30000-31684, to change the work description to  \"change of use of existing rec room  gym to new ADU, demo portion of wall at basement garage level\"***plancheck only***. Reviewed by Supervisor. 7038 S RAMSGATE PL 1-12","address":"1-12, 7038 Ramsgate Place, CA, Los Angeles, 90045, US","ct":"2761.00","ev":"N","apc":"West Los Angeles","cpa":"Westchester - Playa del Rey","zone":"R3-1","solar":"N","pin_nbr":"102B173   411","status_date":"10/19/2021","permit_group":"Building","refresh_time":"06/10/2026","type_lat_lon":"ADDRESS","business_unit":"Regular Plan Check"},"geometry":{"type":"Point","coordinates":[-118.3731,33.97335]}},{"type":"Feature","properties":{"date":"2021-08-13T00:00:00.000Z","year":2021,"description":"1-STORY ADDITION TO EXISTING 1-STORY TYPE VB SINGLE FAMILY DWELLING WITH ATTACHED 1-CAR GARAGE.","metadescription":"Bldg-Addition. 1 or 2 Family Dwelling. 1-STORY ADDITION TO EXISTING 1-STORY TYPE VB SINGLE FAMILY DWELLING WITH ATTACHED 1-CAR GARAGE.. PC Info Complete. 7741 S GODDARD AVE","address":"7741 Goddard Avenue, CA, Los Angeles, 90045, US","ct":"2771.00","ev":"N","apc":"West Los Angeles","cpa":"Westchester - Playa del Rey","zone":"R1-1","solar":"N","pin_nbr":"099B173   557","use_code":"1","status_date":"12/01/2021","construction":"Type V-B Construction","permit_group":"Building","refresh_time":"06/10/2026","type_lat_lon":"BUILDING","business_unit":"Plan Check at Counter","square_footage":"1872"},"geometry":{"type":"Point","coordinates":[-118.37301167,33.96567983]}},{"type":"Feature","properties":{"date":"2021-08-11T00:00:00.000Z","year":2021,"description":"CONVERT EXISTING GARAGE TO ADU2 OF 2","metadescription":"Bldg-Alter/Repair. 1 or 2 Family Dwelling. CONVERT EXISTING GARAGE TO ADU2 OF 2. CofO Issued. 2049 W 95TH ST","address":"2049 West 95Th Street, CA, Los Angeles, 90047, US","ct":"2380.00","ev":"N","apc":"South Los Angeles","cpa":"South Los Angeles","zone":"R1-1","solar":"N","pin_nbr":"093A191    77","use_code":"1","status_date":"09/11/2022","construction":"Type V-B Construction","permit_group":"Building","refresh_time":"06/10/2026","type_lat_lon":"ADDRESS","business_unit":"Regular Plan Check","square_footage":"376"},"geometry":{"type":"Point","coordinates":[-118.31509,33.94991]}},{"type":"Feature","properties":{"date":"2021-08-03T00:00:00.000Z","year":2021,"description":"DEMO EXISTING 1-STORY SFD W/ ATTACHED GARAGE, CLEAR LOT, FENCE REQUIRED","metadescription":"Bldg-Demolition. 1 or 2 Family Dwelling. DEMO EXISTING 1-STORY SFD W/ ATTACHED GARAGE, CLEAR LOT, FENCE REQUIRED. Permit Finaled. 7742 S ISIS AVE","address":"7742 Isis Avenue, CA, Los Angeles, 90045, US","ct":"2771.00","ev":"N","apc":"West Los Angeles","cpa":"Westchester - Playa del Rey","zone":"R1-1","solar":"N","pin_nbr":"099B173   455","use_code":"1","status_date":"10/12/2021","permit_group":"Building","refresh_time":"06/10/2026","type_lat_lon":"ADDRESS","business_unit":"Plan Check at Counter"},"geometry":{"type":"Point","coordinates":[-118.37605,33.96643]}},{"type":"Feature","properties":{"date":"2021-07-16T00:00:00.000Z","year":2021,"description":"CONVERT (E) DETACHED GARAGE AND STORAGE TO ADU PER CGC 65852.2 (e)(1)(A). ALL WORK PER ENGINEERING.","metadescription":"Bldg-Alter/Repair. 1 or 2 Family Dwelling. CONVERT (E) DETACHED GARAGE AND STORAGE TO ADU PER CGC 65852.2 (e)(1)(A). ALL WORK PER ENGINEERING.. CofO Issued. 3321 W 78TH PL","address":"3321 78Th Place, CA, Los Angeles, 90043, US","ct":"2352.02","ev":"N","apc":"South Los Angeles","cpa":"West Adams - Baldwin Hills - Leimert","zone":"C2-1VL-CPIO","solar":"N","pin_nbr":"099B185   322","use_code":"1","status_date":"07/08/2023","construction":"Type V-B Construction","permit_group":"Building","refresh_time":"06/10/2026","type_lat_lon":"ADDRESS","business_unit":"Expanded Counter Plan Check","square_footage":"438.68"},"geometry":{"type":"Point","coordinates":[-118.33041,33.96824]}},{"type":"Feature","properties":{"date":"2021-07-15T00:00:00.000Z","year":2021,"description":"CONVERT (E) ATT. GARAGE TO ACCESSORY DWELLING UNIT PER CA Govt. Code 65852.2(e)(1)(C).ADU address is 3463 1/2 W 63RD ST.","metadescription":"Bldg-Alter/Repair. 1 or 2 Family Dwelling. CONVERT (E) ATT. GARAGE TO ACCESSORY DWELLING UNIT PER CA Govt. Code 65852.2(e)(1)(C).ADU address is 3463 1/2 W 63RD ST.. CofO Issued. 3463-3465 W 63RD ST","address":"3465 West 63Rd Street, CA, Los Angeles, 90043, US","ct":"2349.02","ev":"N","apc":"South Los Angeles","cpa":"West Adams - Baldwin Hills - Leimert","zone":"R3-1","solar":"N","pin_nbr":"105B185   805","use_code":"2","adu_changed":"1","status_date":"07/18/2022","construction":"Type V-B Construction","permit_group":"Building","refresh_time":"06/10/2026","type_lat_lon":"ADDRESS","business_unit":"Regular Plan Check","square_footage":"324"},"geometry":{"type":"Point","coordinates":[-118.33297,33.98302]}},{"type":"Feature","properties":{"date":"2021-07-09T00:00:00.000Z","year":2021,"description":"SUPPLEMENTAL TO PERMIT # 20014-10000-05839TO RECHECK LOST SET OF PLANS FOR EXISTING GARAGE TO CONVERTED INTO AN ADU.EXISTING DETACHED GARAGE: 360 SQ.FT.ADDITION TO EXISTING GARAGE: 390 SQ.FT.TOTAL ADU AREA: 750 SQ.FT.","metadescription":"Bldg-Addition. 1 or 2 Family Dwelling. SUPPLEMENTAL TO PERMIT # 20014-10000-05839TO RECHECK LOST SET OF PLANS FOR EXISTING GARAGE TO CONVERTED INTO AN ADU.EXISTING DETACHED GARAGE: 360 SQ.FT.ADDITION TO EXISTING GARAGE: 390 SQ.FT.TOTAL ADU AREA: 750 SQ.FT.. Corrections Issued. 9106 S WILTON PL","address":"9106 South Wilton Place, CA, Los Angeles, 90047, US","ct":"2384.00","ev":"N","apc":"South Los Angeles","cpa":"South Los Angeles","zone":"R1-1","solar":"N","pin_nbr":"094-5A191  47","status_date":"07/14/2021","permit_group":"Building","refresh_time":"06/10/2026","type_lat_lon":"ADDRESS","business_unit":"Expanded Counter Plan Check"},"geometry":{"type":"Point","coordinates":[-118.31433,33.95419]}},{"type":"Feature","properties":{"date":"2021-05-27T00:00:00.000Z","year":2021,"description":"NEW 3-STORY DUPLEX WITH  ATTACHED 4-CAR GARAGE (BUILDING A)1 OF 4","metadescription":"Bldg-New. 1 or 2 Family Dwelling. NEW 3-STORY DUPLEX WITH  ATTACHED 4-CAR GARAGE (BUILDING A)1 OF 4. CofO Issued. 6520-6520 1/4 S BRYNHURST AVE","address":"6522 1/4 Brynhurst Avenue, CA, Los Angeles, 90043, US","ct":"2349.02","ev":"N","apc":"South Los Angeles","cpa":"West Adams - Baldwin Hills - Leimert","zone":"R3-1","solar":"N","height":"33.92","pin_nbr":"105B185  1322","use_code":"2","status_date":"02/14/2022","construction":"Type V-B Construction","permit_group":"Building","refresh_time":"06/10/2026","type_lat_lon":"BUILDING","business_unit":"Regular Plan Check","square_footage":"2286"},"geometry":{"type":"Point","coordinates":[-118.33360072,33.97994105]}},{"type":"Feature","properties":{"date":"2021-05-27T00:00:00.000Z","year":2021,"description":"NEW 3-STORY DUPLEX WITH ATTACHED 4-CAR GARAGE (BUILDING B)2 OF 4","metadescription":"Bldg-New. 1 or 2 Family Dwelling. NEW 3-STORY DUPLEX WITH ATTACHED 4-CAR GARAGE (BUILDING B)2 OF 4. CofO Issued. 6520 1/2-3/4 S BRYNHURST AVE","address":"6522 3/4 Brynhurst Avenue, CA, Los Angeles, 90043, US","ct":"2349.02","ev":"N","apc":"South Los Angeles","cpa":"West Adams - Baldwin Hills - Leimert","zone":"R3-1","solar":"N","height":"33.92","pin_nbr":"105B185  1322","use_code":"2","status_date":"02/14/2022","construction":"Type V-B Construction","permit_group":"Building","refresh_time":"06/10/2026","type_lat_lon":"BUILDING","business_unit":"Regular Plan Check","square_footage":"2286"},"geometry":{"type":"Point","coordinates":[-118.33348203,33.97994105]}},{"type":"Feature","properties":{"date":"2021-05-27T00:00:00.000Z","year":2021,"description":"NEW 3-STORY DUPLEX WITH ATTACHED 4-CAR GARAGE (BUILDING C)3 OF 4","metadescription":"Bldg-New. 1 or 2 Family Dwelling. NEW 3-STORY DUPLEX WITH ATTACHED 4-CAR GARAGE (BUILDING C)3 OF 4. CofO Issued. 6522-6522 1/4 S BRYNHURST AVE","address":"6522 Brynhurst Avenue, CA, Los Angeles, 90043, US","ct":"2349.02","ev":"N","apc":"South Los Angeles","cpa":"West Adams - Baldwin Hills - Leimert","zone":"R3-1","solar":"N","height":"33.92","pin_nbr":"105B185  1322","use_code":"2","status_date":"02/14/2022","construction":"Type V-B Construction","permit_group":"Building","refresh_time":"06/10/2026","type_lat_lon":"BUILDING","business_unit":"Regular Plan Check","square_footage":"2286"},"geometry":{"type":"Point","coordinates":[-118.33335597,33.97994161]}},{"type":"Feature","properties":{"date":"2021-05-27T00:00:00.000Z","year":2021,"description":"NEW 3-STORY DUPLEX WITH ATTACHED 4-CAR GARAGE (BUILDING D)4 OF 4","metadescription":"Bldg-New. 1 or 2 Family Dwelling. NEW 3-STORY DUPLEX WITH ATTACHED 4-CAR GARAGE (BUILDING D)4 OF 4. CofO Issued. 6522 1/2-3/4 S BRYNHURST AVE","address":"6522 1/2 Brynhurst Avenue, CA, Los Angeles, 90043, US","ct":"2349.02","ev":"N","apc":"South Los Angeles","cpa":"West Adams - Baldwin Hills - Leimert","zone":"R3-1","solar":"N","height":"33.92","pin_nbr":"105B185  1322","use_code":"2","status_date":"01/22/2022","construction":"Type V-B Construction","permit_group":"Building","refresh_time":"06/10/2026","type_lat_lon":"BUILDING","business_unit":"Regular Plan Check","square_footage":"3580"},"geometry":{"type":"Point","coordinates":[-118.33318833,33.97994161]}},{"type":"Feature","properties":{"date":"2021-05-12T00:00:00.000Z","year":2021,"description":"E-PLAN: Convert existing detached Garage into accessory dwelling unit per LAMC 12.22 A.33 (5)(b)All work per WFPP","metadescription":"Bldg-Alter/Repair. 1 or 2 Family Dwelling. E-PLAN: Convert existing detached Garage into accessory dwelling unit per LAMC 12.22 A.33 (5)(b)All work per WFPP. CofO Issued. 9451 S GRAMERCY PL","address":"9451 South Gramercy Place, CA, Los Angeles, 90047, US","ct":"2380.00","ev":"N","apc":"South Los Angeles","cpa":"South Los Angeles","zone":"R1-1","solar":"N","pin_nbr":"093A191    58","use_code":"1","status_date":"04/13/2022","construction":"Type V-B Construction","permit_group":"Building","refresh_time":"06/10/2026","type_lat_lon":"ADDRESS","business_unit":"Plan Check at Counter","square_footage":"360"},"geometry":{"type":"Point","coordinates":[-118.31357,33.95021]}},{"type":"Feature","properties":{"date":"2021-01-05T00:00:00.000Z","year":2021,"description":"DEMO (E) GARAGE BY HANDWRECK.","metadescription":"Bldg-Demolition. 1 or 2 Family Dwelling. DEMO (E) GARAGE BY HANDWRECK.. Permit Finaled. 3450 W 78TH PL","address":"3450 West 78Th Place, CA, Los Angeles, 90043, US","ct":"2352.02","ev":"N","apc":"South Los Angeles","cpa":"West Adams - Baldwin Hills - Leimert","zone":"R1-1","solar":"N","pin_nbr":"099B185   365","use_code":"7","status_date":"02/25/2021","construction":"Type V-B Construction","permit_group":"Building","refresh_time":"06/10/2026","type_lat_lon":"ADDRESS","business_unit":"Plan Check at Counter","square_footage":"0"},"geometry":{"type":"Point","coordinates":[-118.33265,33.96798]}},{"type":"Feature","properties":{"date":"2020-10-05T00:00:00.000Z","year":2020,"description":"EXISTING 2-CAR GARAGE TO BE CONVERTED TO ACCESSORY DWELLING UNIT","metadescription":"Bldg-Alter/Repair. 1 or 2 Family Dwelling. EXISTING 2-CAR GARAGE TO BE CONVERTED TO ACCESSORY DWELLING UNIT. Issued. 2029 W 96TH ST","address":"2031 West 96Th Street, CA, Los Angeles, 90047, US","ct":"2380.00","ev":"N","apc":"South Los Angeles","cpa":"South Los Angeles","zone":"R1-1","solar":"N","height":"13.16","pin_nbr":"093A191   129","use_code":"1","status_date":"10/05/2020","construction":"Type V-B Construction","permit_group":"Building","refresh_time":"06/10/2026","type_lat_lon":"PIN","business_unit":"Appointment Plan Check","square_footage":"400"},"geometry":{"type":"Point","coordinates":[-118.31454314,33.94931002]}},{"type":"Feature","properties":{"date":"2020-10-02T00:00:00.000Z","year":2020,"description":"CONVERT (E) GARAGE TO (N) ACCESSORY DWELLING UNIT PER LAMC 12.22A33(c) & (d) & EXTEND FOR (N) CLOSET & LAUNDRY ROOM (4' X 11')","metadescription":"Bldg-Addition. 1 or 2 Family Dwelling. CONVERT (E) GARAGE TO (N) ACCESSORY DWELLING UNIT PER LAMC 12.22A33(c) & (d) & EXTEND FOR (N) CLOSET & LAUNDRY ROOM (4' X 11'). Corrections Issued. 8956 S WILTON PL","address":"8956 South Wilton Place, CA, Los Angeles, 90047, US","ct":"2384.00","ev":"N","apc":"South Los Angeles","cpa":"South Los Angeles","zone":"R1-1","solar":"N","pin_nbr":"094-5A191  24","use_code":"1","status_date":"10/13/2020","construction":"Type V-B Construction","permit_group":"Building","refresh_time":"06/10/2026","type_lat_lon":"ADDRESS","business_unit":"Expanded Counter Plan Check","square_footage":"457"},"geometry":{"type":"Point","coordinates":[-118.31433,33.95471]}},{"type":"Feature","properties":{"date":"2020-07-17T00:00:00.000Z","year":2020,"description":"DEMOLITION PREINSPECTION WITH POSTING REQUIRED FOR GARAGE","metadescription":"Bldg-Demolition. 1 or 2 Family Dwelling. DEMOLITION PREINSPECTION WITH POSTING REQUIRED FOR GARAGE. Verifications in Progress. 5400 W 82ND ST","address":"5400 West 82Nd Street, CA, Los Angeles, 90045, US","ct":"2771.00","ev":"N","apc":"West Los Angeles","cpa":"Westchester - Playa del Rey","zone":"R1-1","solar":"N","pin_nbr":"099B173   765","status_date":"09/10/2020","permit_group":"Building","refresh_time":"06/10/2026","type_lat_lon":"ADDRESS","business_unit":"Plan Check at Counter"},"geometry":{"type":"Point","coordinates":[-118.37381,33.96387]}},{"type":"Feature","properties":{"date":"2020-07-17T00:00:00.000Z","year":2020,"description":"DEMO (E) 18' X 20' DETACHED GARAGE","metadescription":"Bldg-Demolition. 1 or 2 Family Dwelling. DEMO (E) 18' X 20' DETACHED GARAGE. Verifications in Progress. 5400 W 82ND ST","address":"5400 West 82Nd Street, CA, Los Angeles, 90045, US","ct":"2771.00","ev":"N","apc":"West Los Angeles","cpa":"Westchester - Playa del Rey","zone":"R1-1","solar":"N","pin_nbr":"099B173   765","use_code":"1","status_date":"09/10/2020","permit_group":"Building","refresh_time":"06/10/2026","type_lat_lon":"ADDRESS","business_unit":"Plan Check at Counter"},"geometry":{"type":"Point","coordinates":[-118.37381,33.96387]}},{"type":"Feature","properties":{"date":"2020-06-05T00:00:00.000Z","year":2020,"description":"DEMO GARAGE; PER HANDWRECK METHOD, CLEAR LOT","metadescription":"Bldg-Demolition. 1 or 2 Family Dwelling. DEMO GARAGE; PER HANDWRECK METHOD, CLEAR LOT. Permit Finaled. 6559 S BRYNHURST AVE","address":"6551 Brynhurst Avenue, CA, Los Angeles, 90043, US","ct":"2349.02","ev":"N","apc":"South Los Angeles","cpa":"West Adams - Baldwin Hills - Leimert","zone":"R3-1","solar":"N","pin_nbr":"102B185   120","use_code":"7","status_date":"08/09/2024","permit_group":"Building","refresh_time":"06/10/2026","type_lat_lon":"ADDRESS","business_unit":"Plan Check at Counter","square_footage":"0"},"geometry":{"type":"Point","coordinates":[-118.33392,33.979]}},{"type":"Feature","properties":{"date":"2020-05-19T00:00:00.000Z","year":2020,"description":"CONVERT GARAGE TO ACCESSORY DWELLING UNIT AND ADDITION. ALL WORK PER WOOD FRAME PRESCRIPTIVE PROVISIONS","metadescription":"Bldg-Addition. 1 or 2 Family Dwelling. CONVERT GARAGE TO ACCESSORY DWELLING UNIT AND ADDITION. ALL WORK PER WOOD FRAME PRESCRIPTIVE PROVISIONS. Corrections Issued. 2110 W 92ND ST","address":"2106 West 92Nd Street, CA, Los Angeles, 90047, US","ct":"2380.00","ev":"N","apc":"South Los Angeles","cpa":"South Los Angeles","zone":"R1-1","solar":"N","height":"11.5","pin_nbr":"094-5A191 153","use_code":"1","status_date":"07/09/2020","construction":"Type V-B Construction","permit_group":"Building","refresh_time":"06/10/2026","type_lat_lon":"ADDRESS","business_unit":"Expanded Counter Plan Check","square_footage":"689"},"geometry":{"type":"Point","coordinates":[-118.31592,33.95258]}},{"type":"Feature","properties":{"date":"2020-03-17T00:00:00.000Z","year":2020,"description":"DEMO (E) SINGLE FAMILY DWELLING  AND DETEACHED GARAGE TO CLEAR LOT.","metadescription":"Bldg-Demolition. 1 or 2 Family Dwelling. DEMO (E) SINGLE FAMILY DWELLING  AND DETEACHED GARAGE TO CLEAR LOT.. Permit Finaled. 7147 S LA CIENEGA BLVD","address":"7149 1/2 South La Cienega Boulevard, CA, Los Angeles, 90045, US","ct":"2761.00","ev":"N","apc":"West Los Angeles","cpa":"Westchester - Playa del Rey","zone":"RD1.5-1","solar":"N","pin_nbr":"099B173    47","use_code":"1","status_date":"09/25/2020","permit_group":"Building","refresh_time":"06/10/2026","type_lat_lon":"ADDRESS","business_unit":"Plan Check at Counter","square_footage":"0"},"geometry":{"type":"Point","coordinates":[-118.37052,33.97118]}},{"type":"Feature","properties":{"date":"2019-12-19T00:00:00.000Z","year":2019,"description":"Repair north wall of garage, garage door and foundation of existing two car garage and add 3' x 8'-4\" x 5' tall storage space to the garage.","metadescription":"Bldg-Addition. 1 or 2 Family Dwelling. Repair north wall of garage, garage door and foundation of existing two car garage and add 3' x 8'-4\" x 5' tall storage space to the garage.. Permit Finaled. 3101 W 79TH ST","address":"3101 West 79Th Street, CA, Los Angeles, 90043, US","ct":"2352.02","ev":"N","apc":"South Los Angeles","cpa":"West Adams - Baldwin Hills - Leimert","zone":"R1-1","solar":"N","pin_nbr":"099B185   393","use_code":"7","geolocation":"POINT (-118.32671 33.96741)","status_date":"04/20/2020","construction":"Type V-B Construction","permit_group":"Building","refresh_time":"06/10/2026","type_lat_lon":"ADDRESS","business_unit":"Plan Check at Counter","square_footage":"25"},"geometry":{"type":"Point","coordinates":[-118.32671,33.96741]}},{"type":"Feature","properties":{"date":"2019-10-30T00:00:00.000Z","year":2019,"description":"REPAIR & REFRAME 14' 2\" X 16' IRREGULAR-SHAPE, ADD 27' 6\" X 19' 2\", ADD 13' 3\" X 17' 10\" COVERED PORCH AND ENCLOSE 4' 2\" X 5' PATIO COVER TO MAKE HABITABLE SPACE FOR (E) SINGLE FAMILY DWELLING WITH ATTACHED 1-CAR GARAGE. ALL WORK DONE PER STRUCTURAL ENGINEERING.","metadescription":"Bldg-Addition. 1 or 2 Family Dwelling. REPAIR & REFRAME 14' 2\" X 16' IRREGULAR-SHAPE, ADD 27' 6\" X 19' 2\", ADD 13' 3\" X 17' 10\" COVERED PORCH AND ENCLOSE 4' 2\" X 5' PATIO COVER TO MAKE HABITABLE SPACE FOR (E) SINGLE FAMILY DWELLING WITH ATTACHED 1-CAR GARAGE. ALL WORK DONE PER STRUCTURAL ENGINEERING.. CofO Issued. 7632 S GODDARD AVE","address":"7632 Goddard Avenue, CA, Los Angeles, 90045, US","ct":"2771.00","ev":"N","apc":"West Los Angeles","cpa":"Westchester - Playa del Rey","zone":"R1-1","solar":"N","height":"13.33","pin_nbr":"099B173   395","use_code":"1","geolocation":"POINT (-118.37323747 33.96711342)","status_date":"03/29/2022","construction":"Type V-B Construction","permit_group":"Building","refresh_time":"06/10/2026","type_lat_lon":"BUILDING","business_unit":"Expanded Counter Plan Check","square_footage":"788"},"geometry":{"type":"Point","coordinates":[-118.37323747,33.96711342]}},{"type":"Feature","properties":{"date":"2019-09-19T00:00:00.000Z","year":2019,"description":"CONVERT (E) (18'x15')GARAGE TO ACCESSORY DWELLING UNIT AND  ADD (13'x15') GARAGE per AB 494 and SB 229AND REMOVE (18'x5') FROM (E) GARAGE. ALL WORK PER WOOD FRAME PRESCRIPTIVE DESIGN.","metadescription":"Bldg-Addition. 1 or 2 Family Dwelling. CONVERT (E) (18'x15')GARAGE TO ACCESSORY DWELLING UNIT AND  ADD (13'x15') GARAGE per AB 494 and SB 229AND REMOVE (18'x5') FROM (E) GARAGE. ALL WORK PER WOOD FRAME PRESCRIPTIVE DESIGN.. CofO Issued. 2022 W 92ND ST","address":"2020 West 92Nd Street, CA, Los Angeles, 90047, US","ct":"2380.00","ev":"N","apc":"South Los Angeles","cpa":"South Los Angeles","zone":"R1-1","solar":"N","pin_nbr":"094-5A191 164","use_code":"1","geolocation":"POINT (-118.31417627 33.95232828)","status_date":"01/15/2021","construction":"Type V-B Construction","permit_group":"Building","refresh_time":"06/10/2026","type_lat_lon":"BUILDING","business_unit":"Expanded Counter Plan Check","square_footage":"465"},"geometry":{"type":"Point","coordinates":[-118.31417627,33.95232828]}},{"type":"Feature","properties":{"date":"2019-09-17T00:00:00.000Z","year":2019,"description":"DEMO DETACHED 2 CAR GARAGE","metadescription":"Bldg-Demolition. 1 or 2 Family Dwelling. DEMO DETACHED 2 CAR GARAGE. Issued. 9426 S VAN NESS AVE","address":"9426 South Van Ness Avenue, CA, Los Angeles, 90047, US","ct":"2380.00","ev":"N","apc":"South Los Angeles","cpa":"South Los Angeles","zone":"R1-1","solar":"N","pin_nbr":"093A191    38","use_code":"7","geolocation":"POINT (-118.31758 33.95035)","status_date":"09/17/2019","permit_group":"Building","refresh_time":"06/10/2026","type_lat_lon":"ADDRESS","business_unit":"Plan Check at Counter"},"geometry":{"type":"Point","coordinates":[-118.31758,33.95035]}},{"type":"Feature","properties":{"date":"2019-09-17T00:00:00.000Z","year":2019,"description":"NEW TWO CAR GARAGE.","metadescription":"Bldg-New. 1 or 2 Family Dwelling. NEW TWO CAR GARAGE.. CofO Issued. 9426 S VAN NESS AVE","address":"9426 South Van Ness Avenue, CA, Los Angeles, 90047, US","ct":"2380.00","ev":"N","apc":"South Los Angeles","cpa":"South Los Angeles","zone":"R1-1","solar":"N","height":"12","pin_nbr":"093A191    38","use_code":"7","geolocation":"POINT (-118.31722603 33.95043476)","status_date":"01/30/2020","construction":"Type V-B Construction","permit_group":"Building","refresh_time":"06/10/2026","type_lat_lon":"BUILDING","business_unit":"Plan Check at Counter","square_footage":"0"},"geometry":{"type":"Point","coordinates":[-118.31722603,33.95043476]}},{"type":"Feature","properties":{"date":"2019-07-29T00:00:00.000Z","year":2019,"description":"Supplemental Permit to: 16010-10000-00685. Add Water Curtain in Garage openings in North and South Sides of 12 unit 3 story Apartment building with attached garage on first story level.","metadescription":"Bldg-Alter/Repair. Apartment. Supplemental Permit to: 16010-10000-00685. Add Water Curtain in Garage openings in North and South Sides of 12 unit 3 story Apartment building with attached garage on first story level.. Permit Finaled. 6336 S BRYNHURST AVE 1-12","address":"6338 Brynhurst Avenue, CA, Los Angeles, 90043, US","ct":"2349.02","ev":"N","apc":"South Los Angeles","cpa":"West Adams - Baldwin Hills - Leimert","zone":"R3-1","solar":"N","pin_nbr":"105B185  1029","use_code":"5","geolocation":"POINT (-118.33345088 33.98174174)","status_date":"03/24/2020","permit_group":"Building","refresh_time":"06/10/2026","type_lat_lon":"BUILDING","business_unit":"Plan Check at Counter"},"geometry":{"type":"Point","coordinates":[-118.33345088,33.98174174]}},{"type":"Feature","properties":{"date":"2019-07-29T00:00:00.000Z","year":2019,"description":"CONVERT EXISTING DETACHED GARAGE INTO AN ACCESSORY DWELLING UNIT PER AB 494 AND SB 229.","metadescription":"Bldg-Alter/Repair. 1 or 2 Family Dwelling. CONVERT EXISTING DETACHED GARAGE INTO AN ACCESSORY DWELLING UNIT PER AB 494 AND SB 229.. CofO Issued. 3435 W 78TH PL","address":"3435 West 78Th Place, CA, Los Angeles, 90043, US","ct":"2352.02","ev":"N","apc":"South Los Angeles","cpa":"West Adams - Baldwin Hills - Leimert","zone":"R1-1","solar":"N","pin_nbr":"099B185   311","use_code":"1","geolocation":"POINT (-118.3322 33.96821)","status_date":"01/30/2020","construction":"Type V-B Construction","permit_group":"Building","refresh_time":"06/10/2026","type_lat_lon":"ADDRESS","business_unit":"Expanded Counter Plan Check","square_footage":"328"},"geometry":{"type":"Point","coordinates":[-118.3322,33.96821]}},{"type":"Feature","properties":{"date":"2019-07-09T00:00:00.000Z","year":2019,"description":"DEMO (E) GARAGE. PEDESTRIAN FENCE REQUIRED.","metadescription":"Bldg-Demolition. 1 or 2 Family Dwelling. DEMO (E) GARAGE. PEDESTRIAN FENCE REQUIRED.. Permit Finaled. 2707 W 76TH ST","address":"2707 West 76Th Street, CA, Los Angeles, 90043, US","ct":"2352.01","ev":"N","apc":"South Los Angeles","cpa":"West Adams - Baldwin Hills - Leimert","zone":"R1-1","solar":"N","pin_nbr":"099B189    62","use_code":"7","geolocation":"POINT (-118.3234 33.97108)","status_date":"08/03/2020","permit_group":"Building","refresh_time":"06/10/2026","type_lat_lon":"ADDRESS","business_unit":"Plan Check at Counter"},"geometry":{"type":"Point","coordinates":[-118.3234,33.97108]}},{"type":"Feature","properties":{"date":"2019-07-09T00:00:00.000Z","year":2019,"description":"NEW DETACHED 19\" X 18'6\" TWO CAR GARAGE WITH ATTACHED 19'  X 7' STORAGE. ALL WORK DONE PER STRUCTURAL ENGINEERING.","metadescription":"Bldg-New. 1 or 2 Family Dwelling. NEW DETACHED 19\" X 18'6\" TWO CAR GARAGE WITH ATTACHED 19'  X 7' STORAGE. ALL WORK DONE PER STRUCTURAL ENGINEERING.. CofO Issued. 2707 W 76TH ST","address":"2707 West 76Th Street, CA, Los Angeles, 90043, US","ct":"2352.01","ev":"N","apc":"South Los Angeles","cpa":"West Adams - Baldwin Hills - Leimert","zone":"R1-1","solar":"N","height":"13.08","pin_nbr":"099B189    62","use_code":"7","geolocation":"POINT (-118.3233967 33.97131228)","status_date":"08/26/2020","construction":"Type V-B Construction","permit_group":"Building","refresh_time":"06/10/2026","type_lat_lon":"BUILDING","business_unit":"Plan Check at Counter","square_footage":"130"},"geometry":{"type":"Point","coordinates":[-118.3233967,33.97131228]}},{"type":"Feature","properties":{"date":"2019-06-27T00:00:00.000Z","year":2019,"description":"Supplemental permit to convert 10.5' x 19'10\" portion of ADU area back to garage, revise ADU addition from 8'4\" x 19'10\" to 10' x 19'10\", reconfigure interior and correct side yard setback from 1' to zero setback.","metadescription":"Bldg-Addition. 1 or 2 Family Dwelling. Supplemental permit to convert 10.5' x 19'10\" portion of ADU area back to garage, revise ADU addition from 8'4\" x 19'10\" to 10' x 19'10\", reconfigure interior and correct side yard setback from 1' to zero setback.. Permit Expired. 3412 W 78TH PL","address":"3412 West 78Th Place, CA, Los Angeles, 90043, US","ct":"2352.02","ev":"N","apc":"South Los Angeles","cpa":"West Adams - Baldwin Hills - Leimert","zone":"R1-1","solar":"N","pin_nbr":"099B185   357","use_code":"1","geolocation":"POINT (-118.33146 33.96793)","status_date":"06/05/2025","construction":"Type V-B Construction","permit_group":"Building","refresh_time":"06/10/2026","type_lat_lon":"ADDRESS","business_unit":"Plan Check at Counter","square_footage":"348"},"geometry":{"type":"Point","coordinates":[-118.33146,33.96793]}},{"type":"Feature","properties":{"date":"2019-06-14T00:00:00.000Z","year":2019,"description":"REMOVE 6' X 23'-6\" AND ADD IRR. 17' X  26' AND CONVERT THE (E) 13'6\" X 26' GARAGE INTO A (N) ACCESSORY DWELLING UNIT PER AB 494 AND SB 229. WORK PER ENGINEER.","metadescription":"Bldg-Addition. 1 or 2 Family Dwelling. REMOVE 6' X 23'-6\" AND ADD IRR. 17' X  26' AND CONVERT THE (E) 13'6\" X 26' GARAGE INTO A (N) ACCESSORY DWELLING UNIT PER AB 494 AND SB 229. WORK PER ENGINEER.. CofO Issued. 2114 W 93RD ST","address":"2110 West 93Rd Street, CA, Los Angeles, 90047, US","ct":"2380.00","ev":"N","apc":"South Los Angeles","cpa":"South Los Angeles","zone":"R1-1","solar":"N","height":"9.75","pin_nbr":"094-5A191 210","use_code":"1","geolocation":"POINT (-118.31615657 33.95161584)","status_date":"09/03/2024","construction":"Type V-B Construction","permit_group":"Building","refresh_time":"06/10/2026","type_lat_lon":"BUILDING","business_unit":"Expanded Counter Plan Check","square_footage":"400"},"geometry":{"type":"Point","coordinates":[-118.31615657,33.95161584]}},{"type":"Feature","properties":{"date":"2019-05-23T00:00:00.000Z","year":2019,"description":"DEMOLISH (E) 1-STORY TYPE VB DETACHED GARAGE TO CLEAR LOT. PEDESTRIAN PROTECTION FENCE REQUIRED.","metadescription":"Bldg-Demolition. 1 or 2 Family Dwelling. DEMOLISH (E) 1-STORY TYPE VB DETACHED GARAGE TO CLEAR LOT. PEDESTRIAN PROTECTION FENCE REQUIRED.. Permit Finaled. 9627 S GLASGOW PL","address":"9627 South Glasgow Place, CA, Los Angeles, 90045, US","ct":"2774.00","ev":"N","apc":"West Los Angeles","cpa":"Los Angeles International Airport","zone":"LAX","solar":"N","height":"0","pin_nbr":"093B173   497","use_code":"7","geolocation":"POINT (-118.37163 33.94858)","status_date":"07/08/2019","construction":"Type V-B Construction","permit_group":"Building","refresh_time":"06/10/2026","type_lat_lon":"ADDRESS","business_unit":"Plan Check at Counter","square_footage":"0"},"geometry":{"type":"Point","coordinates":[-118.37163,33.94858]}},{"type":"Feature","properties":{"date":"2019-05-23T00:00:00.000Z","year":2019,"description":"DEMOLISH 1 STORY SINGLE FAMILY DWELLING AND DETACHED GARAGE USING HANDWRECK METHOD. SEWER CAP AND PEDESTRIAN FENCE REQUIRED. CEAR LOT.","metadescription":"Bldg-Demolition. 1 or 2 Family Dwelling. DEMOLISH 1 STORY SINGLE FAMILY DWELLING AND DETACHED GARAGE USING HANDWRECK METHOD. SEWER CAP AND PEDESTRIAN FENCE REQUIRED. CEAR LOT.. Permit Finaled. 5200 W 95TH PL","address":"5200 West 95Th Place, CA, Los Angeles, 90045, US","ct":"2774.00","ev":"N","apc":"West Los Angeles","cpa":"Los Angeles International Airport","zone":"LAX","solar":"N","pin_nbr":"093B173   394","use_code":"1","geolocation":"POINT (-118.37041 33.94961)","status_date":"02/28/2020","permit_group":"Building","refresh_time":"06/10/2026","type_lat_lon":"ADDRESS","business_unit":"Plan Check at Counter"},"geometry":{"type":"Point","coordinates":[-118.37041,33.94961]}},{"type":"Feature","properties":{"date":"2019-05-07T00:00:00.000Z","year":2019,"description":"CONVERT EXISTING DETACHED GARAGE INTO AN ACCESSORY DWELLING UNIT PER AB 494 AND SB 229. SCOPE TO ALSO INCLUDE NEW ROOF. ALL WORK PER WFPP.","metadescription":"Bldg-Alter/Repair. 1 or 2 Family Dwelling. CONVERT EXISTING DETACHED GARAGE INTO AN ACCESSORY DWELLING UNIT PER AB 494 AND SB 229. SCOPE TO ALSO INCLUDE NEW ROOF. ALL WORK PER WFPP.. CofO Issued. 6307 S VICTORIA AVE","address":"6307 South Victoria Avenue, CA, Los Angeles, 90043, US","ct":"2349.02","ev":"N","apc":"South Los Angeles","cpa":"West Adams - Baldwin Hills - Leimert","zone":"R3-1","solar":"N","pin_nbr":"105B185   878","use_code":"1","geolocation":"POINT (-118.33252 33.98262)","status_date":"06/19/2020","construction":"Type V-B Construction","permit_group":"Building","refresh_time":"06/10/2026","type_lat_lon":"ADDRESS","business_unit":"Expanded Counter Plan Check","square_footage":"412"},"geometry":{"type":"Point","coordinates":[-118.33252,33.98262]}},{"type":"Feature","properties":{"date":"2019-05-01T00:00:00.000Z","year":2019,"description":"NEW 2-CAR GARAGE, NEW STORAGE ROOM, W/ (N) ACCESSORY DWELLING UNIT (ADU) ABOVE PER  AB 494 AND SB 229.","metadescription":"Bldg-New. 1 or 2 Family Dwelling. NEW 2-CAR GARAGE, NEW STORAGE ROOM, W/ (N) ACCESSORY DWELLING UNIT (ADU) ABOVE PER  AB 494 AND SB 229.. CofO Corrected. 7812 S GODDARD AVE","address":"7814 Goddard Avenue, CA, Los Angeles, 90045, US","ct":"2771.00","ev":"N","apc":"West Los Angeles","cpa":"Westchester - Playa del Rey","zone":"R1-1","solar":"N","height":"21.83","pin_nbr":"099B173   611","use_code":"1","geolocation":"POINT (-118.37233196 33.96521583)","status_date":"10/28/2020","construction":"Type V-B Construction","permit_group":"Building","refresh_time":"06/10/2026","type_lat_lon":"BUILDING","business_unit":"Regular Plan Check","square_footage":"1170"},"geometry":{"type":"Point","coordinates":[-118.37233196,33.96521583]}},{"type":"Feature","properties":{"date":"2019-05-01T00:00:00.000Z","year":2019,"description":"REMOVE (E) ATTACHED GARAGE TO SFD.","metadescription":"Bldg-Addition. 1 or 2 Family Dwelling. REMOVE (E) ATTACHED GARAGE TO SFD.. CofO Issued. 7814 S GODDARD AVE","address":"7814 Goddard Avenue, CA, Los Angeles, 90045, US","ct":"2771.00","ev":"N","apc":"West Los Angeles","cpa":"Westchester - Playa del Rey","zone":"R1-1","solar":"N","pin_nbr":"099B173   611","use_code":"1","geolocation":"POINT (-118.37252264 33.96522215)","status_date":"09/08/2020","construction":"Type V-B Construction","permit_group":"Building","refresh_time":"06/10/2026","type_lat_lon":"BUILDING","business_unit":"Regular Plan Check","square_footage":"0"},"geometry":{"type":"Point","coordinates":[-118.37252264,33.96522215]}},{"type":"Feature","properties":{"date":"2019-04-10T00:00:00.000Z","year":2019,"description":"DEMO (E) SFD AND DETACHED GARAGE - SEWER CAP REQUIRED","metadescription":"Bldg-Demolition. 1 or 2 Family Dwelling. DEMO (E) SFD AND DETACHED GARAGE - SEWER CAP REQUIRED. Permit Finaled. 6527 S BRYNHURST AVE","address":"6527 1/2 Brynhurst Avenue, CA, Los Angeles, 90043, US","ct":"2349.02","ev":"N","apc":"South Los Angeles","cpa":"West Adams - Baldwin Hills - Leimert","zone":"R3-1","solar":"N","pin_nbr":"105B185  1337","use_code":"1","geolocation":"POINT (-118.33392 33.97982)","status_date":"06/07/2019","permit_group":"Building","refresh_time":"06/10/2026","type_lat_lon":"ADDRESS","business_unit":"Plan Check at Counter"},"geometry":{"type":"Point","coordinates":[-118.33392,33.97982]}},{"type":"Feature","properties":{"date":"2019-04-10T00:00:00.000Z","year":2019,"description":"DEMO (E) SFD AND DETACHED GARAGE - SEWER CAP REQUIRED","metadescription":"Bldg-Demolition. 1 or 2 Family Dwelling. DEMO (E) SFD AND DETACHED GARAGE - SEWER CAP REQUIRED. Permit Finaled. 6521 S BRYNHURST AVE","address":"1-41, 6521 Brynhurst Avenue, CA, Los Angeles, 90043, US","ct":"2349.02","ev":"N","apc":"South Los Angeles","cpa":"West Adams - Baldwin Hills - Leimert","zone":"R3-1","solar":"N","pin_nbr":"105B185  1323","use_code":"1","geolocation":"POINT (-118.33402 33.97998)","status_date":"06/08/2019","permit_group":"Building","refresh_time":"06/10/2026","type_lat_lon":"ADDRESS","business_unit":"Plan Check at Counter"},"geometry":{"type":"Point","coordinates":[-118.33402,33.97998]}},{"type":"Feature","properties":{"date":"2019-02-22T00:00:00.000Z","year":2019,"description":"DEMO EXISTING 1-STORY SINGLE FAMILY DWELLING,  DETACHED GARAGE AND STORAGE TO CLEAR LOT. SEWER CAP REQUIRED.","metadescription":"Bldg-Demolition. 1 or 2 Family Dwelling. DEMO EXISTING 1-STORY SINGLE FAMILY DWELLING,  DETACHED GARAGE AND STORAGE TO CLEAR LOT. SEWER CAP REQUIRED.. Permit Finaled. 7157 S LA CIENEGA BLVD","address":"7159 1/2 South La Cienega Boulevard, CA, Los Angeles, 90045, US","ct":"2761.00","ev":"N","apc":"West Los Angeles","cpa":"Westchester - Playa del Rey","zone":"RD1.5-1","solar":"N","pin_nbr":"099B173    66","use_code":"1","geolocation":"POINT (-118.37049 33.97088)","status_date":"03/21/2019","permit_group":"Building","refresh_time":"06/10/2026","type_lat_lon":"ADDRESS","business_unit":"Plan Check at Counter"},"geometry":{"type":"Point","coordinates":[-118.37049,33.97088]}},{"type":"Feature","properties":{"date":"2019-02-20T00:00:00.000Z","year":2019,"description":"New 2 story duplex with attached garage (rear) 2 of 2","metadescription":"Bldg-New. 1 or 2 Family Dwelling. New 2 story duplex with attached garage (rear) 2 of 2. CofO Issued. 7159-7159 1/2 S LA CIENEGA BLVD","address":"7157 1/2 South La Cienega Boulevard, CA, Los Angeles, 90045, US","ct":"2761.00","ev":"N","apc":"West Los Angeles","cpa":"Westchester - Playa del Rey","zone":"RD1.5-1","solar":"N","height":"25.7","pin_nbr":"099B173    66","use_code":"2","geolocation":"POINT (-118.37062234 33.97086004)","status_date":"09/21/2020","construction":"Type V-B Construction","permit_group":"Building","refresh_time":"06/10/2026","type_lat_lon":"BUILDING","business_unit":"Regular Plan Check","square_footage":"2737"},"geometry":{"type":"Point","coordinates":[-118.37062234,33.97086004]}},{"type":"Feature","properties":{"date":"2018-12-21T00:00:00.000Z","year":2018,"description":"CONVERSION AND ALTERATION OF (E) GARAGE INTO ADU PER AB494 AND SB229.  ALL WORK PER WFPP","metadescription":"Bldg-Alter/Repair. 1 or 2 Family Dwelling. CONVERSION AND ALTERATION OF (E) GARAGE INTO ADU PER AB494 AND SB229.  ALL WORK PER WFPP. CofO Issued. 9114 S VAN NESS AVE","address":"9114 South Van Ness Avenue, CA, Los Angeles, 90047, US","ct":"2384.00","ev":"N","apc":"South Los Angeles","cpa":"South Los Angeles","zone":"R1-1","solar":"N","pin_nbr":"094-5A191  59","use_code":"1","geolocation":"POINT (-118.31758 33.95402)","status_date":"06/20/2019","permit_group":"Building","refresh_time":"06/10/2026","type_lat_lon":"ADDRESS","business_unit":"Plan Check at Counter","square_footage":"342"},"geometry":{"type":"Point","coordinates":[-118.31758,33.95402]}},{"type":"Feature","properties":{"date":"2018-12-04T00:00:00.000Z","year":2018,"description":"CONVERT (E) 20' X 11'  ATTACHED  GARAGE TO ACCESSORY DWELLING UNIT PER AB 494 AND SB 229. ALL WORK PER WFPP","metadescription":"Bldg-Alter/Repair. 1 or 2 Family Dwelling. CONVERT (E) 20' X 11'  ATTACHED  GARAGE TO ACCESSORY DWELLING UNIT PER AB 494 AND SB 229. ALL WORK PER WFPP. Permit Expired. 7714-7716 S MIDFIELD AVE","address":"7716 Midfield Avenue, CA, Los Angeles, 90045, US","ct":"2771.00","ev":"N","apc":"West Los Angeles","cpa":"Westchester - Playa del Rey","zone":"R1-1","solar":"N","pin_nbr":"099B173   420","use_code":"1","adu_changed":"1","geolocation":"POINT (-118.37194579 33.96678975)","status_date":"03/01/2025","construction":"Type V-B Construction","permit_group":"Building","refresh_time":"06/10/2026","type_lat_lon":"PIN","business_unit":"Expanded Counter Plan Check","square_footage":"214"},"geometry":{"type":"Point","coordinates":[-118.37194579,33.96678975]}},{"type":"Feature","properties":{"date":"2018-11-09T00:00:00.000Z","year":2018,"description":"SUPPL. PERMIT TO 18014-20002-00278 TO CONSTRUCT NEW FOUNDATION FOOTING UNDER EXISTING GARAGE. ALL WORK PER WFPP. SEE COMMENTS.","metadescription":"Bldg-Alter/Repair. 1 or 2 Family Dwelling. SUPPL. PERMIT TO 18014-20002-00278 TO CONSTRUCT NEW FOUNDATION FOOTING UNDER EXISTING GARAGE. ALL WORK PER WFPP. SEE COMMENTS.. Issued. 3412 W 78TH PL","address":"3412 West 78Th Place, CA, Los Angeles, 90043, US","ct":"2352.02","ev":"N","apc":"South Los Angeles","cpa":"West Adams - Baldwin Hills - Leimert","zone":"R1-1","solar":"N","pin_nbr":"099B185   357","use_code":"1","geolocation":"POINT (-118.33146 33.96793)","status_date":"11/09/2018","permit_group":"Building","refresh_time":"06/10/2026","type_lat_lon":"ADDRESS","business_unit":"Plan Check at Counter"},"geometry":{"type":"Point","coordinates":[-118.33146,33.96793]}},{"type":"Feature","properties":{"date":"2018-10-25T00:00:00.000Z","year":2018,"description":"CONVERT (E) 18'X20' DETACHED GARAGE TO (N) ACCESSORY DWELLING UNIT _ PER AB494 AND SB229","metadescription":"Bldg-Alter/Repair. 1 or 2 Family Dwelling. CONVERT (E) 18'X20' DETACHED GARAGE TO (N) ACCESSORY DWELLING UNIT _ PER AB494 AND SB229. CofO Issued. 9302 S VAN NESS AVE","address":"9302 South Van Ness Avenue, CA, Los Angeles, 90047, US","ct":"2380.00","ev":"N","apc":"South Los Angeles","cpa":"South Los Angeles","zone":"R1-1","solar":"N","pin_nbr":"094-5A191 206","use_code":"1","geolocation":"POINT (-118.31758 33.95178)","status_date":"03/04/2021","construction":"Type V-B Construction","permit_group":"Building","refresh_time":"06/10/2026","type_lat_lon":"ADDRESS","business_unit":"Expanded Counter Plan Check","square_footage":"360"},"geometry":{"type":"Point","coordinates":[-118.31758,33.95178]}},{"type":"Feature","properties":{"date":"2018-09-28T00:00:00.000Z","year":2018,"description":"(E) DETACHED GARAGE CONVERSION TO ACCESSORY DWELLING UNIT PER AB 494 & SB 229.","metadescription":"Bldg-Alter/Repair. 1 or 2 Family Dwelling. (E) DETACHED GARAGE CONVERSION TO ACCESSORY DWELLING UNIT PER AB 494 & SB 229.. CofO Issued. 9148 S CIMARRON ST","address":"9148 Cimarron Street, CA, Los Angeles, 90047, US","ct":"2384.00","ev":"N","apc":"South Los Angeles","cpa":"South Los Angeles","zone":"R1-1","solar":"N","pin_nbr":"094-5A191 132","use_code":"1","geolocation":"POINT (-118.31542 33.95311)","status_date":"08/27/2019","construction":"Type V-B Construction","permit_group":"Building","refresh_time":"06/10/2026","type_lat_lon":"ADDRESS","business_unit":"Expanded Counter Plan Check","square_footage":"324"},"geometry":{"type":"Point","coordinates":[-118.31542,33.95311]}},{"type":"Feature","properties":{"date":"2018-09-28T00:00:00.000Z","year":2018,"description":"PROPOSE 59'x 50' NEW 2-STORY SINGLE FAMILY DWELLING WITH ATTACHED 2 CAR GARAGE IN FRONT","metadescription":"Bldg-New. 1 or 2 Family Dwelling. PROPOSE 59'x 50' NEW 2-STORY SINGLE FAMILY DWELLING WITH ATTACHED 2 CAR GARAGE IN FRONT. CofO Issued. 5220 W THORNBURN ST","address":"5204 Thornburn Street, CA, Los Angeles, 90045, US","ct":"2761.00","ev":"N","apc":"West Los Angeles","cpa":"Westchester - Playa del Rey","zone":"R1-1","solar":"N","height":"25","pin_nbr":"099B173  1104","use_code":"1","geolocation":"POINT (-118.37133882 33.96878793)","status_date":"11/22/2021","construction":"Type V-B Construction","permit_group":"Building","refresh_time":"06/10/2026","type_lat_lon":"BUILDING","business_unit":"Regular Plan Check","square_footage":"2886"},"geometry":{"type":"Point","coordinates":[-118.37133882,33.96878793]}},{"type":"Feature","properties":{"date":"2018-09-24T00:00:00.000Z","year":2018,"description":"CONVERT 2-CAR GARAGE TO ACCESSORY DWELLING UNIT PER AB 494 SB 229; ALL WORK PER WFPP","metadescription":"Bldg-Alter/Repair. 1 or 2 Family Dwelling. CONVERT 2-CAR GARAGE TO ACCESSORY DWELLING UNIT PER AB 494 SB 229; ALL WORK PER WFPP. CofO Issued. 6309 S LONG ST","address":"6309 Long Street, CA, Los Angeles, 90043, US","ct":"2351.00","ev":"N","apc":"South Los Angeles","cpa":"West Adams - Baldwin Hills - Leimert","zone":"R1-1","solar":"N","pin_nbr":"105B185   895","use_code":"1","geolocation":"POINT (-118.33874 33.98257)","status_date":"10/26/2019","construction":"Type V-B Construction","permit_group":"Building","refresh_time":"06/10/2026","type_lat_lon":"ADDRESS","business_unit":"Expanded Counter Plan Check","square_footage":"290"},"geometry":{"type":"Point","coordinates":[-118.33874,33.98257]}},{"type":"Feature","properties":{"date":"2018-09-04T00:00:00.000Z","year":2018,"description":"DEMOLISH  SFD AND DETACHED GARAGE USING HANDWRECK METHOD.  CLEAR LOT. PEDESTRIAN FENCE REQUIRED.","metadescription":"Bldg-Demolition. 1 or 2 Family Dwelling. DEMOLISH  SFD AND DETACHED GARAGE USING HANDWRECK METHOD.  CLEAR LOT. PEDESTRIAN FENCE REQUIRED.. Permit Finaled. 5206 W PARDEE ST","address":"5206 West Pardee Street, CA, Los Angeles, 90045, US","ct":"2774.00","ev":"N","apc":"West Los Angeles","cpa":"Los Angeles International Airport","zone":"LAX","solar":"N","pin_nbr":"093B173   464","use_code":"1","geolocation":"POINT (-118.37058 33.94893)","status_date":"02/24/2020","construction":"Type V-B Construction","permit_group":"Building","refresh_time":"06/10/2026","type_lat_lon":"ADDRESS","business_unit":"Plan Check at Counter","square_footage":"0"},"geometry":{"type":"Point","coordinates":[-118.37058,33.94893]}},{"type":"Feature","properties":{"date":"2018-08-30T00:00:00.000Z","year":2018,"description":"PROPOSED DEMOLISION OF SINGLE FAMILY DWELLING AND DETACHED GARAGE; PER HANDWRECK METHOD; CLEAR LOT; FENCE REQUIRED","metadescription":"Bldg-Demolition. 1 or 2 Family Dwelling. PROPOSED DEMOLISION OF SINGLE FAMILY DWELLING AND DETACHED GARAGE; PER HANDWRECK METHOD; CLEAR LOT; FENCE REQUIRED. Permit Finaled. 7119 S LA CIENEGA BLVD","address":"1-2, 7125 South La Cienega Boulevard, CA, Los Angeles, 90045, US","ct":"2761.00","ev":"N","apc":"West Los Angeles","cpa":"Westchester - Playa del Rey","zone":"RD1.5-1","solar":"N","pin_nbr":"102B173   552","use_code":"1","geolocation":"POINT (-118.37054 33.97182)","status_date":"09/21/2018","permit_group":"Building","refresh_time":"06/10/2026","type_lat_lon":"ADDRESS","business_unit":"Plan Check at Counter","square_footage":"0"},"geometry":{"type":"Point","coordinates":[-118.37054,33.97182]}},{"type":"Feature","properties":{"date":"2018-08-03T00:00:00.000Z","year":2018,"description":"ADDITION OF 12'-0\"x 8'-0\" & CONVERSION OF (E) 23'-0\"x 11'-0\" DET. GARAGE INTO ACCESSORY DWELLING UNIT PER AB 494 AND SB 229. WORK PER WFPP.","metadescription":"Bldg-Addition. 1 or 2 Family Dwelling. ADDITION OF 12'-0\"x 8'-0\" & CONVERSION OF (E) 23'-0\"x 11'-0\" DET. GARAGE INTO ACCESSORY DWELLING UNIT PER AB 494 AND SB 229. WORK PER WFPP.. Issued. 3488 W 63RD ST","address":"3486 63Rd Street, CA, Los Angeles, 90043, US","ct":"2349.02","ev":"N","apc":"South Los Angeles","cpa":"West Adams - Baldwin Hills - Leimert","zone":"R3-1","solar":"N","height":"11.33","pin_nbr":"105B185   870","use_code":"1","geolocation":"POINT (-118.33352718 33.98271164)","status_date":"08/03/2018","construction":"Type V-B Construction","permit_group":"Building","refresh_time":"06/10/2026","type_lat_lon":"BUILDING","business_unit":"Expanded Counter Plan Check","square_footage":"353"},"geometry":{"type":"Point","coordinates":[-118.33352718,33.98271164]}},{"type":"Feature","properties":{"date":"2018-07-27T00:00:00.000Z","year":2018,"description":"2 story addition to (e) garage to create ADU","metadescription":"Bldg-Addition. 1 or 2 Family Dwelling. 2 story addition to (e) garage to create ADU. CofO Issued. 5252 W THORNBURN ST","address":"5252 Thornburn Street, CA, Los Angeles, 90045, US","ct":"2761.00","ev":"N","apc":"West Los Angeles","cpa":"Westchester - Playa del Rey","zone":"R1-1","solar":"N","height":"22.8","pin_nbr":"099B173   156","use_code":"1","geolocation":"POINT (-118.37203432 33.96956781)","status_date":"09/21/2021","construction":"Type V-B Construction","permit_group":"Building","refresh_time":"06/10/2026","type_lat_lon":"BUILDING","business_unit":"Regular Plan Check","square_footage":"591"},"geometry":{"type":"Point","coordinates":[-118.37203432,33.96956781]}},{"type":"Feature","properties":{"date":"2018-06-20T00:00:00.000Z","year":2018,"description":"NEW 2-STORY DUPLEX WITH ATTACHED 4-CAR GARAGE (REAR BUILDING). BUILDING SHALL BE EQUIPPED WITH AUTOMATIC FIRE SPRINKLER SYSTEM NFPA13-D. PERMIT 2 OF 2","metadescription":"Bldg-New. 1 or 2 Family Dwelling. NEW 2-STORY DUPLEX WITH ATTACHED 4-CAR GARAGE (REAR BUILDING). BUILDING SHALL BE EQUIPPED WITH AUTOMATIC FIRE SPRINKLER SYSTEM NFPA13-D. PERMIT 2 OF 2. CofO Issued. 7119-7119 1/2 S LA CIENEGA BLVD","address":"7119 1/2 South La Cienega Boulevard, CA, Los Angeles, 90045, US","ct":"2761.00","ev":"N","apc":"West Los Angeles","cpa":"Westchester - Playa del Rey","zone":"RD1.5-1","solar":"N","height":"27","pin_nbr":"102B173   552","use_code":"2","geolocation":"POINT (-118.37049607 33.97186805)","status_date":"02/10/2021","construction":"Type V-B Construction","permit_group":"Building","refresh_time":"06/10/2026","type_lat_lon":"BUILDING","business_unit":"Regular Plan Check","square_footage":"2393"},"geometry":{"type":"Point","coordinates":[-118.37049607,33.97186805]}},{"type":"Feature","properties":{"date":"2018-06-20T00:00:00.000Z","year":2018,"description":"GRADING FOR PROPOSED 2 STORY DUPLEX AND ATTACHED 4 CAR GARAGE. REMOVAL AND RECOMPACTION OF SOIL. 142 CY TOTAL","metadescription":"Grading. 1 or 2 Family Dwelling. GRADING FOR PROPOSED 2 STORY DUPLEX AND ATTACHED 4 CAR GARAGE. REMOVAL AND RECOMPACTION OF SOIL. 142 CY TOTAL. Permit Finaled. 7119 S LA CIENEGA BLVD","address":"1-2, 7125 South La Cienega Boulevard, CA, Los Angeles, 90045, US","ct":"2761.00","ev":"N","apc":"West Los Angeles","cpa":"Westchester - Playa del Rey","zone":"RD1.5-1","solar":"N","pin_nbr":"102B173   552","use_code":"60","geolocation":"POINT (-118.37054 33.97182)","status_date":"01/25/2021","permit_group":"Building","refresh_time":"06/10/2026","type_lat_lon":"ADDRESS","business_unit":"Plan Check at Counter"},"geometry":{"type":"Point","coordinates":[-118.37054,33.97182]}},{"type":"Feature","properties":{"date":"2018-06-07T00:00:00.000Z","year":2018,"description":"INTERIOR AND EXTERIOR REMODEL TO (E) SINGLE FAMILY DWELLING AND ATTACHED GARAGE.  CONVERT DEN TO BEDROOM, REPLACE 2 WINDOWS WITH A SLIDING GLASS DOOR, REMODEL KITCHEN (SAME LOCATION, NEW FIXTURES), REMODEL BATHROOMs (REPLACE FIXTURES), ADD FOLDING DOOR TO LAUNDRY ROOM.","metadescription":"Bldg-Alter/Repair. 1 or 2 Family Dwelling. INTERIOR AND EXTERIOR REMODEL TO (E) SINGLE FAMILY DWELLING AND ATTACHED GARAGE.  CONVERT DEN TO BEDROOM, REPLACE 2 WINDOWS WITH A SLIDING GLASS DOOR, REMODEL KITCHEN (SAME LOCATION, NEW FIXTURES), REMODEL BATHROOMs (REPLACE FIXTURES), ADD FOLDING DOOR TO LAUNDRY ROOM.. Permit Finaled. 9320 S VAN NESS AVE","address":"9320 South Van Ness Avenue, CA, Los Angeles, 90047, US","ct":"2380.00","ev":"N","apc":"South Los Angeles","cpa":"South Los Angeles","zone":"R1-1","solar":"N","pin_nbr":"094-5A191 256","use_code":"1","geolocation":"POINT (-118.31756 33.95143)","status_date":"10/18/2018","permit_group":"Building","refresh_time":"06/10/2026","type_lat_lon":"ADDRESS","business_unit":"Plan Check at Counter"},"geometry":{"type":"Point","coordinates":[-118.31756,33.95143]}},{"type":"Feature","properties":{"date":"2018-06-05T00:00:00.000Z","year":2018,"description":"NEW ONE-STORY GROUND-FLOOR ADDITION (11'-2\" x 16'-2\", 162 SF) TO THE REAR OF (E) ONE-STORY SINGLE FAMILY DWELLING WITH ATTACHED GARAGE TO CREATE (N) BEDROOM W/ BATH/CLOSET; AND ENCLOSE (E) COVERED PATIO (32 SF) AT FRONT OF DWELLING; AND REMODEL (E) BATHROOM.","metadescription":"Bldg-Addition. 1 or 2 Family Dwelling. NEW ONE-STORY GROUND-FLOOR ADDITION (11'-2\" x 16'-2\", 162 SF) TO THE REAR OF (E) ONE-STORY SINGLE FAMILY DWELLING WITH ATTACHED GARAGE TO CREATE (N) BEDROOM W/ BATH/CLOSET; AND ENCLOSE (E) COVERED PATIO (32 SF) AT FRONT OF DWELLING; AND REMODEL (E) BATHROOM.. CofO Issued. 7806 S HINDRY AVE","address":"7806 Hindry Avenue, CA, Los Angeles, 90045, US","ct":"2771.00","ev":"N","apc":"West Los Angeles","cpa":"Westchester - Playa del Rey","zone":"R1-1","solar":"N","pin_nbr":"099B173   551","use_code":"1","geolocation":"POINT (-118.37341991 33.96568485)","status_date":"02/26/2024","construction":"Type V-B Construction","permit_group":"Building","refresh_time":"06/10/2026","type_lat_lon":"BUILDING","business_unit":"Plan Check at Counter","square_footage":"1463"},"geometry":{"type":"Point","coordinates":[-118.37341991,33.96568485]}},{"type":"Feature","properties":{"date":"2018-06-04T00:00:00.000Z","year":2018,"description":"CONVERT (E) GARAGE AND ADD 6'-2\" X 20'-2\" TO CREATE AN ACCESSORY DWELLING UNIT PER AB 494 AND SB 229","metadescription":"Bldg-Addition. 1 or 2 Family Dwelling. CONVERT (E) GARAGE AND ADD 6'-2\" X 20'-2\" TO CREATE AN ACCESSORY DWELLING UNIT PER AB 494 AND SB 229. Issued. 3412 W 78TH PL","address":"3412 West 78Th Place, CA, Los Angeles, 90043, US","ct":"2352.02","ev":"N","apc":"South Los Angeles","cpa":"West Adams - Baldwin Hills - Leimert","zone":"R1-1","solar":"N","pin_nbr":"099B185   357","use_code":"1","geolocation":"POINT (-118.33146 33.96793)","status_date":"06/04/2018","construction":"Type V-B Construction","permit_group":"Building","refresh_time":"06/10/2026","type_lat_lon":"ADDRESS","business_unit":"Expanded Counter Plan Check","square_footage":"480"},"geometry":{"type":"Point","coordinates":[-118.33146,33.96793]}},{"type":"Feature","properties":{"date":"2018-05-07T00:00:00.000Z","year":2018,"description":"RE-ROOF WITH CLASS A OR B MATERIAL WEIGHING LESS THAN 6 POUNDS PER SQ. FT. OVER NEW SOLID SHEATHING 26 SQUARES. TEAR OFF EXISTING ROOFING. WITH 1/2\" CDX PLYWOOD. FIBERGLASS OR ASPHALT SHINGLES (MAX. 2 OVERLAYS TOTAL).  CLASS A ROOF COVERING IS REQUIRED WITHIN VERY HIGH FIRE HAZARD SEVERITY ZONE (VHFHSZ). FOR RESIDENTIAL ROOF REPLACEMENT > 50% OF THE TOTAL ROOF AREA, APPLY COOL ROOF PRODUCT LABELED AND CERTIFIED BY COOL ROOF RATING COUNCIL (CRRC). COOL ROOF MAY BE REQUIRED FOR NON-RESIDENTIAL BUILDINGS PER TITLE 24, PART 6, SECTION 149(B). FOR HOUSE AND GARAGE","metadescription":"Bldg-Alter/Repair. 1 or 2 Family Dwelling. RE-ROOF WITH CLASS A OR B MATERIAL WEIGHING LESS THAN 6 POUNDS PER SQ. FT. OVER NEW SOLID SHEATHING 26 SQUARES. TEAR OFF EXISTING ROOFING. WITH 1/2\" CDX PLYWOOD. FIBERGLASS OR ASPHALT SHINGLES (MAX. 2 OVERLAYS TOTAL).  CLASS A ROOF COVERING IS REQUIRED WITHIN VERY HIGH FIRE HAZARD SEVERITY ZONE (VHFHSZ). FOR RESIDENTIAL ROOF REPLACEMENT > 50% OF THE TOTAL ROOF AREA, APPLY COOL ROOF PRODUCT LABELED AND CERTIFIED BY COOL ROOF RATING COUNCIL (CRRC). COOL ROOF MAY BE REQUIRED FOR NON-RESIDENTIAL BUILDINGS PER TITLE 24, PART 6, SECTION 149(B). FOR HOUSE AND GARAGE. Permit Finaled. 2121 W 93RD ST 2","address":"2117 West 93Rd Street, CA, Los Angeles, 90047, US","ct":"2380.00","ev":"N","apc":"South Los Angeles","cpa":"South Los Angeles","zone":"R1-1","solar":"N","pin_nbr":"094-5A191 177","use_code":"1","geolocation":"POINT (-118.31628 33.95205)","status_date":"06/12/2018","permit_group":"Building","refresh_time":"06/10/2026","type_lat_lon":"ADDRESS","business_unit":"Express Permit"},"geometry":{"type":"Point","coordinates":[-118.31628,33.95205]}},{"type":"Feature","properties":{"date":"2018-04-26T00:00:00.000Z","year":2018,"description":"NEW THREE STORY 12- UNIT APARTMENT BUILDING, TYPE V- A , WITH 1ST FLOOR TYPE I-A GARAGE/1-UNIT & REC. RM ,  UTILIZING AB 744-DENSITY BONUS,  PARKING REDUCTION PER PKG. OPTION AB 744 IN LAMC SEC. 12.22.A.25(d), \"SET A SIDE 2-VERY LOW INCOME UNITS\" .","metadescription":"Bldg-New. Apartment. NEW THREE STORY 12- UNIT APARTMENT BUILDING, TYPE V- A , WITH 1ST FLOOR TYPE I-A GARAGE/1-UNIT & REC. RM ,  UTILIZING AB 744-DENSITY BONUS,  PARKING REDUCTION PER PKG. OPTION AB 744 IN LAMC SEC. 12.22.A.25(d), \"SET A SIDE 2-VERY LOW INCOME UNITS\" .. CofO Issued. 6740 S BRYNHURST AVE","address":"6740 Brynhurst Avenue, CA, Los Angeles, 90043, US","ct":"2352.02","ev":"N","apc":"South Los Angeles","cpa":"West Adams - Baldwin Hills - Leimert","zone":"R3-1","solar":"N","height":"35.75","pin_nbr":"102B185   488","use_code":"5","geolocation":"POINT (-118.33349756 33.9769751)","status_date":"11/07/2019","construction":"Type V-A Construction","permit_group":"Building","refresh_time":"06/10/2026","type_lat_lon":"BUILDING","business_unit":"Regular Plan Check","square_footage":"15690"},"geometry":{"type":"Point","coordinates":[-118.33349756,33.9769751]}},{"type":"Feature","properties":{"date":"2018-03-19T00:00:00.000Z","year":2018,"description":"ADD 11'-10\" X 19'-5\" AND CONVERT EXISTING 11'-8\" X 15'-5\" DETACHED GARAGE INTO ACCESSORY DWELLING UNIT PER AB 494 & SB 229","metadescription":"Bldg-Addition. 1 or 2 Family Dwelling. ADD 11'-10\" X 19'-5\" AND CONVERT EXISTING 11'-8\" X 15'-5\" DETACHED GARAGE INTO ACCESSORY DWELLING UNIT PER AB 494 & SB 229. Issued. 3464 W 63RD ST","address":"6301 South Victoria Avenue, CA, Los Angeles, 90043, US","ct":"2349.02","ev":"N","apc":"South Los Angeles","cpa":"West Adams - Baldwin Hills - Leimert","zone":"R3-1","solar":"N","pin_nbr":"105B185   864","use_code":"1","geolocation":"POINT (-118.33263712 33.98276426)","status_date":"03/19/2018","construction":"Type V-B Construction","permit_group":"Building","refresh_time":"06/10/2026","type_lat_lon":"BUILDING","business_unit":"Expanded Counter Plan Check","square_footage":"400"},"geometry":{"type":"Point","coordinates":[-118.33263712,33.98276426]}},{"type":"Feature","properties":{"date":"2018-03-16T00:00:00.000Z","year":2018,"description":"Grading (Remove and recompaction) for Garage area of rear building.","metadescription":"Grading. 1 or 2 Family Dwelling. Grading (Remove and recompaction) for Garage area of rear building.. Permit Finaled. 7125 S LA CIENEGA BLVD","address":"1-2, 7125 South La Cienega Boulevard, CA, Los Angeles, 90045, US","ct":"2761.00","ev":"N","apc":"West Los Angeles","cpa":"Westchester - Playa del Rey","zone":"RD1.5-1","solar":"N","pin_nbr":"102B173   564","use_code":"70","geolocation":"POINT (-118.37055 33.97176)","status_date":"12/31/2019","permit_group":"Building","refresh_time":"06/10/2026","type_lat_lon":"ADDRESS","business_unit":"Plan Check at Counter"},"geometry":{"type":"Point","coordinates":[-118.37055,33.97176]}},{"type":"Feature","properties":{"date":"2018-03-02T00:00:00.000Z","year":2018,"description":"(N) 37'-0\" x 40'-0\" TWO STORY DUPLEX, 2 CAR GARAGE, 2 UNCOVERED PARKING AND COVER PATIO. FIRE SPRINKLER NFPA-13D. SEE COMMENTS. ALL WORK PER ENGINEERING.","metadescription":"Bldg-New. 1 or 2 Family Dwelling. (N) 37'-0\" x 40'-0\" TWO STORY DUPLEX, 2 CAR GARAGE, 2 UNCOVERED PARKING AND COVER PATIO. FIRE SPRINKLER NFPA-13D. SEE COMMENTS. ALL WORK PER ENGINEERING.. CofO Corrected. 3534-3534 1/2 W 67TH ST","address":"6708 West Boulevard, CA, Los Angeles, 90043, US","ct":"2352.02","ev":"N","apc":"South Los Angeles","cpa":"West Adams - Baldwin Hills - Leimert","zone":"C2-1","solar":"N","height":"27.58","pin_nbr":"102B185   364","use_code":"2","geolocation":"POINT (-118.33482267 33.97774274)","status_date":"07/25/2019","construction":"Type V-B Construction","permit_group":"Building","refresh_time":"06/10/2026","type_lat_lon":"BUILDING","business_unit":"Regular Plan Check","square_footage":"2485"},"geometry":{"type":"Point","coordinates":[-118.33482267,33.97774274]}},{"type":"Feature","properties":{"date":"2018-03-02T00:00:00.000Z","year":2018,"description":"(N) 37'-0\" x 40'-0\" TWO STORY DUPLEX, 2 CAR GARAGE, 2 UNCOVERED PARKING AND COVER PATIO. FIRE SPRINKLER NFPA-13D. SEE COMMENTS. ALL WORK PER ENGINEERING.","metadescription":"Bldg-New. 1 or 2 Family Dwelling. (N) 37'-0\" x 40'-0\" TWO STORY DUPLEX, 2 CAR GARAGE, 2 UNCOVERED PARKING AND COVER PATIO. FIRE SPRINKLER NFPA-13D. SEE COMMENTS. ALL WORK PER ENGINEERING.. CofO Issued. 6700-6700 1/2 S WEST BLVD","address":"3532 1/2 67Th Street, CA, Los Angeles, 90043, US","ct":"2352.02","ev":"N","apc":"South Los Angeles","cpa":"West Adams - Baldwin Hills - Leimert","zone":"C2-1","solar":"N","height":"27.58","pin_nbr":"102B185   364","use_code":"2","geolocation":"POINT (-118.33498092 33.97793959)","status_date":"07/21/2019","construction":"Type V-B Construction","permit_group":"Building","refresh_time":"06/10/2026","type_lat_lon":"BUILDING","business_unit":"Regular Plan Check","square_footage":"2485"},"geometry":{"type":"Point","coordinates":[-118.33498092,33.97793959]}},{"type":"Feature","properties":{"date":"2018-03-02T00:00:00.000Z","year":2018,"description":"(N) 37'-0\" x 40'-0\" TWO STORY DUPLEX, 2 CAR GARAGE, 2 UNCOVERED PARKING AND COVER PATIO. FIRE SPRINKLER NFPA-13D. SEE COMMENTS. ALL WORK PER ENGINEERING.","metadescription":"Bldg-New. 1 or 2 Family Dwelling. (N) 37'-0\" x 40'-0\" TWO STORY DUPLEX, 2 CAR GARAGE, 2 UNCOVERED PARKING AND COVER PATIO. FIRE SPRINKLER NFPA-13D. SEE COMMENTS. ALL WORK PER ENGINEERING.. CofO Issued. 6708-6708 1/2 S WEST BLVD","address":"3534 1/2 67Th Street, CA, Los Angeles, 90043, US","ct":"2352.02","ev":"N","apc":"South Los Angeles","cpa":"West Adams - Baldwin Hills - Leimert","zone":"C2-1","solar":"N","height":"27.58","pin_nbr":"102B185   364","use_code":"2","geolocation":"POINT (-118.33482469 33.97792902)","status_date":"07/21/2019","construction":"Type V-B Construction","permit_group":"Building","refresh_time":"06/10/2026","type_lat_lon":"BUILDING","business_unit":"Regular Plan Check","square_footage":"2485"},"geometry":{"type":"Point","coordinates":[-118.33482469,33.97792902]}},{"type":"Feature","properties":{"date":"2018-03-02T00:00:00.000Z","year":2018,"description":"(N) 37'-0\" x 40'-0\" TWO STORY DUPLEX, 2 CAR GARAGE, 2 UNCOVERED PARKING AND COVER PATIO. FIRE SPRINKLER NFPA-13D. SEE COMMENTS. ALL WORK PER ENGINEERING.","metadescription":"Bldg-New. 1 or 2 Family Dwelling. (N) 37'-0\" x 40'-0\" TWO STORY DUPLEX, 2 CAR GARAGE, 2 UNCOVERED PARKING AND COVER PATIO. FIRE SPRINKLER NFPA-13D. SEE COMMENTS. ALL WORK PER ENGINEERING.. CofO Issued. 3532-3532 1/2 W 67TH ST","address":"6708 1/2 West Boulevard, CA, Los Angeles, 90043, US","ct":"2352.02","ev":"N","apc":"South Los Angeles","cpa":"West Adams - Baldwin Hills - Leimert","zone":"C2-1","solar":"N","height":"27.58","pin_nbr":"102B185   364","use_code":"2","geolocation":"POINT (-118.33501043 33.97774552)","status_date":"07/19/2019","construction":"Type V-B Construction","permit_group":"Building","refresh_time":"06/10/2026","type_lat_lon":"BUILDING","business_unit":"Regular Plan Check","square_footage":"2485"},"geometry":{"type":"Point","coordinates":[-118.33501043,33.97774552]}},{"type":"Feature","properties":{"date":"2018-02-22T00:00:00.000Z","year":2018,"description":"Demolish existing single-family dwelling and detached garage to clear lot. Sewer cap required.","metadescription":"Bldg-Demolition. 1 or 2 Family Dwelling. Demolish existing single-family dwelling and detached garage to clear lot. Sewer cap required.. Permit Finaled. 6740 S BRYNHURST AVE","address":"6806 South Brynhurst Avenue, CA, Los Angeles, 90043, US","ct":"2352.02","ev":"N","apc":"South Los Angeles","cpa":"West Adams - Baldwin Hills - Leimert","zone":"R3-1","solar":"N","pin_nbr":"102B185   488","use_code":"1","geolocation":"POINT (-118.33366 33.9769)","status_date":"08/15/2018","permit_group":"Building","refresh_time":"06/10/2026","type_lat_lon":"ADDRESS","business_unit":"Plan Check at Counter"},"geometry":{"type":"Point","coordinates":[-118.33366,33.9769]}},{"type":"Feature","properties":{"date":"2018-01-19T00:00:00.000Z","year":2018,"description":"Supplemental to correct description of work to \"Convert 432 sq ft garage at rear to bedroom & add  two car  tandem garage (9'6\" x 20'2\") and carport (7'6\" x 13'8\"). Remodel bathrooms/laundry/kitchen/dining room.\"No Fee.Department error.","metadescription":"Bldg-Addition. 1 or 2 Family Dwelling. Supplemental to correct description of work to \"Convert 432 sq ft garage at rear to bedroom & add  two car  tandem garage (9'6\" x 20'2\") and carport (7'6\" x 13'8\"). Remodel bathrooms/laundry/kitchen/dining room.\"No Fee.Department error.. Permit Finaled. 7713 S MIDFIELD AVE","address":"7713 Midfield Avenue, CA, Los Angeles, 90045, US","ct":"2771.00","ev":"N","apc":"West Los Angeles","cpa":"Westchester - Playa del Rey","zone":"R1-1","solar":"N","height":"25","pin_nbr":"099B173   435","use_code":"1","geolocation":"POINT (-118.37256369 33.96667335)","status_date":"01/20/2018","construction":"Type V-B Construction","permit_group":"Building","refresh_time":"06/10/2026","type_lat_lon":"BUILDING","business_unit":"Plan Check at Counter","square_footage":"2397"},"geometry":{"type":"Point","coordinates":[-118.37256369,33.96667335]}},{"type":"Feature","properties":{"date":"2018-01-19T00:00:00.000Z","year":2018,"description":"DEMO (E) SINGLE FAMILY DWELLING/DUPLEX?? AND GARAGE BY HANDWRECK METHOD.  SEWER CAP & FENCE PROTECTION REQUIRED PER DPI 17019-10000-01761","metadescription":"Bldg-Demolition. 1 or 2 Family Dwelling. DEMO (E) SINGLE FAMILY DWELLING/DUPLEX?? AND GARAGE BY HANDWRECK METHOD.  SEWER CAP & FENCE PROTECTION REQUIRED PER DPI 17019-10000-01761. Permit Finaled. 7199 S LA CIENEGA BLVD","address":"7171 South La Cienega Boulevard, CA, Los Angeles, 90045, US","ct":"2761.00","ev":"N","apc":"West Los Angeles","cpa":"Westchester - Playa del Rey","zone":"RD1.5-1","solar":"N","pin_nbr":"099B173   117","use_code":"1","geolocation":"POINT (-118.37042 33.97032)","status_date":"07/27/2018","permit_group":"Building","refresh_time":"06/10/2026","type_lat_lon":"ADDRESS","business_unit":"Plan Check at Counter"},"geometry":{"type":"Point","coordinates":[-118.37042,33.97032]}},{"type":"Feature","properties":{"date":"2017-12-20T00:00:00.000Z","year":2017,"description":"NEW 2 STORY DUPLEX WITH ATTACH 4 CAR GARAGE (45' x 40.25')","metadescription":"Bldg-New. 1 or 2 Family Dwelling. NEW 2 STORY DUPLEX WITH ATTACH 4 CAR GARAGE (45' x 40.25'). CofO Issued. 7127 1-2 S LA CIENEGA BLVD","address":"1-2, 7125 South La Cienega Boulevard, CA, Los Angeles, 90045, US","ct":"2761.00","ev":"N","apc":"West Los Angeles","cpa":"Westchester - Playa del Rey","zone":"RD1.5-1","solar":"N","height":"27.33","pin_nbr":"102B173   564","use_code":"2","geolocation":"POINT (-118.37063418 33.97171788)","status_date":"02/11/2020","construction":"Type V-B Construction","permit_group":"Building","refresh_time":"06/10/2026","type_lat_lon":"BUILDING","business_unit":"Regular Plan Check","square_footage":"2810"},"geometry":{"type":"Point","coordinates":[-118.37063418,33.97171788]}},{"type":"Feature","properties":{"date":"2017-12-20T00:00:00.000Z","year":2017,"description":"NEW 2 STORY DUPLEX WITH ATTACHED 4 CAR GARAGE","metadescription":"Bldg-New. 1 or 2 Family Dwelling. NEW 2 STORY DUPLEX WITH ATTACHED 4 CAR GARAGE. CofO Issued. 7131 S LA CIENEGA BLVD 1-2","address":"1-2, 7127 South La Cienega Boulevard, CA, Los Angeles, 90045, US","ct":"2761.00","ev":"N","apc":"West Los Angeles","cpa":"Westchester - Playa del Rey","zone":"RD1.5-1","solar":"N","height":"27.33","pin_nbr":"102B173   582","use_code":"2","geolocation":"POINT (-118.37064177 33.97155067)","status_date":"02/11/2020","construction":"Type V-B Construction","permit_group":"Building","refresh_time":"06/10/2026","type_lat_lon":"BUILDING","business_unit":"Regular Plan Check","square_footage":"2777"},"geometry":{"type":"Point","coordinates":[-118.37064177,33.97155067]}},{"type":"Feature","properties":{"date":"2017-12-15T00:00:00.000Z","year":2017,"description":"Re-roof with Class A or B material weighing less than 6 pound per sq. ft. over existing solid sheathing _25__ Squares. Class A roof covering is required within Very High Fire Hazard Severity Zone (VHFHSZ). For residential roof replacement > 50% of the total roof area, apply Cool Roof Product labeled and certified by Cool Roof Rating Council (CRRC).  Cool Roof may be required for non-residential buildings per Title 24, Part 6, Section 149 (b). House and dettached Garage.","metadescription":"Bldg-Alter/Repair. 1 or 2 Family Dwelling. Re-roof with Class A or B material weighing less than 6 pound per sq. ft. over existing solid sheathing _25__ Squares. Class A roof covering is required within Very High Fire Hazard Severity Zone (VHFHSZ). For residential roof replacement > 50% of the total roof area, apply Cool Roof Product labeled and certified by Cool Roof Rating Council (CRRC).  Cool Roof may be required for non-residential buildings per Title 24, Part 6, Section 149 (b). House and dettached Garage.. Permit Finaled. 9130 S WILTON PL","address":"9130 South Wilton Place, CA, Los Angeles, 90047, US","ct":"2384.00","ev":"N","apc":"South Los Angeles","cpa":"South Los Angeles","zone":"R1-1","solar":"N","pin_nbr":"094-5A191  95","use_code":"1","geolocation":"POINT (-118.31433 33.95351)","status_date":"01/16/2018","permit_group":"Building","refresh_time":"06/10/2026","type_lat_lon":"ADDRESS","business_unit":"Express Permit"},"geometry":{"type":"Point","coordinates":[-118.31433,33.95351]}},{"type":"Feature","properties":{"date":"2017-10-26T00:00:00.000Z","year":2017,"description":"DEMO  (E) 2-STORY 9-UNIT APARTMENT /GARAGE BY  HANDWRECK METHOD.  CLEAR LOT.  SEWER CAP REQUIRED.","metadescription":"Bldg-Demolition. Apartment. DEMO  (E) 2-STORY 9-UNIT APARTMENT /GARAGE BY  HANDWRECK METHOD.  CLEAR LOT.  SEWER CAP REQUIRED.. Permit Finaled. 9715 S GLASGOW PL 1-9","address":"1-9, 9715 South Glasgow Place, CA, Los Angeles, 90045, US","ct":"2774.00","ev":"N","apc":"West Los Angeles","cpa":"Los Angeles International Airport","zone":"LAX","solar":"N","pin_nbr":"093B173   537","use_code":"5","geolocation":"POINT (-118.37184 33.94803)","status_date":"12/20/2017","permit_group":"Building","refresh_time":"06/10/2026","type_lat_lon":"ADDRESS","business_unit":"Plan Check at Counter","square_footage":"0"},"geometry":{"type":"Point","coordinates":[-118.37184,33.94803]}},{"type":"Feature","properties":{"date":"2017-10-20T00:00:00.000Z","year":2017,"description":"DEMOLISH THE EXISTING SFD AND DETACHED GARAGE.","metadescription":"Bldg-Demolition. 1 or 2 Family Dwelling. DEMOLISH THE EXISTING SFD AND DETACHED GARAGE.. Permit Finaled. 7131 S LA CIENEGA BLVD","address":"1-2, 7131 South La Cienega Boulevard, CA, Los Angeles, 90045, US","ct":"2761.00","ev":"N","apc":"West Los Angeles","cpa":"Westchester - Playa del Rey","zone":"RD1.5-1","solar":"N","pin_nbr":"102B173   582","use_code":"1","geolocation":"POINT (-118.37048 33.97149)","status_date":"02/05/2018","permit_group":"Building","refresh_time":"06/10/2026","type_lat_lon":"ADDRESS","business_unit":"Plan Check at Counter"},"geometry":{"type":"Point","coordinates":[-118.37048,33.97149]}},{"type":"Feature","properties":{"date":"2017-10-20T00:00:00.000Z","year":2017,"description":"DEMOLISH THE EXISTING SFD AND DETACHED GARAGE.","metadescription":"Bldg-Demolition. 1 or 2 Family Dwelling. DEMOLISH THE EXISTING SFD AND DETACHED GARAGE.. Permit Finaled. 7125 S LA CIENEGA BLVD","address":"1-2, 7125 South La Cienega Boulevard, CA, Los Angeles, 90045, US","ct":"2761.00","ev":"N","apc":"West Los Angeles","cpa":"Westchester - Playa del Rey","zone":"RD1.5-1","solar":"N","pin_nbr":"102B173   564","use_code":"1","geolocation":"POINT (-118.37055 33.97176)","status_date":"02/05/2018","permit_group":"Building","refresh_time":"06/10/2026","type_lat_lon":"ADDRESS","business_unit":"Plan Check at Counter"},"geometry":{"type":"Point","coordinates":[-118.37055,33.97176]}},{"type":"Feature","properties":{"date":"2017-09-14T00:00:00.000Z","year":2017,"description":"NEW 2 STORY DUPLEX WITH ATTACHED 4-CAR GARAGE (BLDG 3)","metadescription":"Bldg-New. 1 or 2 Family Dwelling. NEW 2 STORY DUPLEX WITH ATTACHED 4-CAR GARAGE (BLDG 3). CofO Issued. 7207-7207 1/2 S LA CIENEGA BLVD","address":"7213 South La Cienega Boulevard, CA, Los Angeles, 90045, US","ct":"2761.00","ev":"N","apc":"West Los Angeles","cpa":"Westchester - Playa del Rey","zone":"RD1.5-1","solar":"N","height":"24.58","pin_nbr":"099B173   120","use_code":"2","geolocation":"POINT (-118.37065678 33.96998674)","status_date":"12/12/2018","construction":"Type V-B Construction","permit_group":"Building","refresh_time":"06/10/2026","type_lat_lon":"BUILDING","business_unit":"Regular Plan Check","square_footage":"2388"},"geometry":{"type":"Point","coordinates":[-118.37065678,33.96998674]}},{"type":"Feature","properties":{"date":"2017-09-14T00:00:00.000Z","year":2017,"description":"Convert 432 sq ft garage at reat to bedroom & add  2 car  tandem garage.Remodel bathrooms/laundry/kitchen/dining room.","metadescription":"Bldg-Addition. 1 or 2 Family Dwelling. Convert 432 sq ft garage at reat to bedroom & add  2 car  tandem garage.Remodel bathrooms/laundry/kitchen/dining room.. CofO Issued. 7713 S MIDFIELD AVE","address":"7713 Midfield Avenue, CA, Los Angeles, 90045, US","ct":"2771.00","ev":"N","apc":"West Los Angeles","cpa":"Westchester - Playa del Rey","zone":"R1-1","solar":"N","height":"25","pin_nbr":"099B173   435","use_code":"1","geolocation":"POINT (-118.37256369 33.96667335)","status_date":"02/10/2018","construction":"Type V-B Construction","permit_group":"Building","refresh_time":"06/10/2026","type_lat_lon":"BUILDING","business_unit":"Expanded Counter Plan Check","square_footage":"2397"},"geometry":{"type":"Point","coordinates":[-118.37256369,33.96667335]}},{"type":"Feature","properties":{"date":"2017-09-14T00:00:00.000Z","year":2017,"description":"NEW 2 STORY DUPLEX WITH ATTACHED 4 CAR GARAGE (BLDG 2)","metadescription":"Bldg-New. 1 or 2 Family Dwelling. NEW 2 STORY DUPLEX WITH ATTACHED 4 CAR GARAGE (BLDG 2). CofO Issued. 7211-7211 1/2 S LA CIENEGA BLVD","address":"7213 South La Cienega Boulevard, CA, Los Angeles, 90045, US","ct":"2761.00","ev":"N","apc":"West Los Angeles","cpa":"Westchester - Playa del Rey","zone":"RD1.5-1","solar":"N","height":"24.58","pin_nbr":"099B173   120","use_code":"2","geolocation":"POINT (-118.37040398 33.96999397)","status_date":"12/12/2018","construction":"Type V-B Construction","permit_group":"Building","refresh_time":"06/10/2026","type_lat_lon":"BUILDING","business_unit":"Regular Plan Check","square_footage":"2782"},"geometry":{"type":"Point","coordinates":[-118.37040398,33.96999397]}},{"type":"Feature","properties":{"date":"2017-09-14T00:00:00.000Z","year":2017,"description":"NEW 2 STORY DUPLEX WITH ATTACHED 4-CAR GARAGE (BLDG 4)","metadescription":"Bldg-New. 1 or 2 Family Dwelling. NEW 2 STORY DUPLEX WITH ATTACHED 4-CAR GARAGE (BLDG 4). CofO Issued. 7213-7213 1/2 S LA CIENEGA BLVD","address":"7213 South La Cienega Boulevard, CA, Los Angeles, 90045, US","ct":"2761.00","ev":"N","apc":"West Los Angeles","cpa":"Westchester - Playa del Rey","zone":"RD1.5-1","solar":"N","height":"24.58","pin_nbr":"099B173   120","use_code":"2","geolocation":"POINT (-118.37066483 33.97015302)","status_date":"12/12/2018","construction":"Type V-B Construction","permit_group":"Building","refresh_time":"06/10/2026","type_lat_lon":"BUILDING","business_unit":"Regular Plan Check","square_footage":"2388"},"geometry":{"type":"Point","coordinates":[-118.37066483,33.97015302]}},{"type":"Feature","properties":{"date":"2017-09-14T00:00:00.000Z","year":2017,"description":"NEW 2 STORY DUPLEX WITH ATTACHED 4-CAR GARAGE (BLDG 1)","metadescription":"Bldg-New. 1 or 2 Family Dwelling. NEW 2 STORY DUPLEX WITH ATTACHED 4-CAR GARAGE (BLDG 1). CofO Issued. 7205-7205 1/2 S LA CIENEGA BLVD","address":"7207 South La Cienega Boulevard, CA, Los Angeles, 90045, US","ct":"2761.00","ev":"N","apc":"West Los Angeles","cpa":"Westchester - Playa del Rey","zone":"RD1.5-1","solar":"N","height":"24.6","pin_nbr":"099B173   120","use_code":"2","geolocation":"POINT (-118.37041326 33.97014261)","status_date":"01/08/2019","construction":"Type V-B Construction","permit_group":"Building","refresh_time":"06/10/2026","type_lat_lon":"BUILDING","business_unit":"Regular Plan Check","square_footage":"2782"},"geometry":{"type":"Point","coordinates":[-118.37041326,33.97014261]}},{"type":"Feature","properties":{"date":"2017-09-14T00:00:00.000Z","year":2017,"description":"NEW 2 STORY DUPLEX WITH ATTACHED 4-CAR GARAGE (BLDG 5)","metadescription":"Bldg-New. 1 or 2 Family Dwelling. NEW 2 STORY DUPLEX WITH ATTACHED 4-CAR GARAGE (BLDG 5). CofO Issued. 7209-7209 1/2 S LA CIENEGA BLVD","address":"7213 South La Cienega Boulevard, CA, Los Angeles, 90045, US","ct":"2761.00","ev":"N","apc":"West Los Angeles","cpa":"Westchester - Playa del Rey","zone":"RD1.5-1","solar":"N","height":"24.58","pin_nbr":"099B173   120","use_code":"2","geolocation":"POINT (-118.37083984 33.97015246)","status_date":"12/12/2018","construction":"Type V-B Construction","permit_group":"Building","refresh_time":"06/10/2026","type_lat_lon":"BUILDING","business_unit":"Regular Plan Check","square_footage":"2388"},"geometry":{"type":"Point","coordinates":[-118.37083984,33.97015246]}},{"type":"Feature","properties":{"date":"2017-09-08T00:00:00.000Z","year":2017,"description":"2-STORY ACCESSORY DWELLING UNIT PER AB 2299 AND SB 1069 ADDITION TO (E) 1-STORY GARAGE. (E) GARAGE WALL FACING REAR YARD TO MOVE OUT OF DWP EASEMENT, SEE COMMENTS.","metadescription":"Bldg-Addition. 1 or 2 Family Dwelling. 2-STORY ACCESSORY DWELLING UNIT PER AB 2299 AND SB 1069 ADDITION TO (E) 1-STORY GARAGE. (E) GARAGE WALL FACING REAR YARD TO MOVE OUT OF DWP EASEMENT, SEE COMMENTS.. CofO Issued. 7146 1/2 S GLASGOW AVE","address":"7146 Glasgow Avenue, CA, Los Angeles, 90045, US","ct":"2761.00","ev":"N","apc":"West Los Angeles","cpa":"Westchester - Playa del Rey","zone":"R1-1","solar":"N","height":"22.67","pin_nbr":"099B173    64","use_code":"1","geolocation":"POINT (-118.3723078 33.97070599)","status_date":"07/14/2018","construction":"Type V-B Construction","permit_group":"Building","refresh_time":"06/10/2026","type_lat_lon":"BUILDING","business_unit":"Regular Plan Check","square_footage":"2538"},"geometry":{"type":"Point","coordinates":[-118.3723078,33.97070599]}},{"type":"Feature","properties":{"date":"2017-08-16T00:00:00.000Z","year":2017,"description":"DEMO  (E) 2-STORY 7-UNIT APARTMENT /GARAGE BY  HANDWRECK METHOD.  CLEAR LOT.  SEWER CAP REQUIRED.","metadescription":"Bldg-Demolition. Commercial. DEMO  (E) 2-STORY 7-UNIT APARTMENT /GARAGE BY  HANDWRECK METHOD.  CLEAR LOT.  SEWER CAP REQUIRED.. Permit Finaled. 5200 W 97TH ST","address":"5200 West 97Th Street, CA, Los Angeles, 90045, US","ct":"2774.00","ev":"N","apc":"West Los Angeles","cpa":"Los Angeles International Airport","zone":"LAX","solar":"N","pin_nbr":"093B173   529","use_code":"5","geolocation":"POINT (-118.3704 33.94824)","status_date":"09/21/2017","permit_group":"Building","refresh_time":"06/10/2026","type_lat_lon":"ADDRESS","business_unit":"Plan Check at Counter","square_footage":"0"},"geometry":{"type":"Point","coordinates":[-118.3704,33.94824]}},{"type":"Feature","properties":{"date":"2017-08-15T00:00:00.000Z","year":2017,"description":"DEMO  (E) 1-STORY DUPLEX AND DETACHED  GARAGE BY  HANDWRECK METHOD.  CLEAR LOT.  SEWER CAP REQUIRED.","metadescription":"Bldg-Demolition. Commercial. DEMO  (E) 1-STORY DUPLEX AND DETACHED  GARAGE BY  HANDWRECK METHOD.  CLEAR LOT.  SEWER CAP REQUIRED.. Permit Finaled. 9400 S GLASGOW PL","address":"9400 South Glasgow Place, CA, Los Angeles, 90045, US","ct":"2774.00","ev":"N","apc":"West Los Angeles","cpa":"Los Angeles International Airport","zone":"LAX","solar":"N","pin_nbr":"093B173   247","use_code":"2","geolocation":"POINT (-118.37136 33.95065)","status_date":"09/21/2017","permit_group":"Building","refresh_time":"06/10/2026","type_lat_lon":"ADDRESS","business_unit":"Plan Check at Counter","square_footage":"0"},"geometry":{"type":"Point","coordinates":[-118.37136,33.95065]}},{"type":"Feature","properties":{"date":"2017-08-08T00:00:00.000Z","year":2017,"description":"New 2-Story Duplex with attached 4-car Garage and 2nd floor deck with open trellis; 45'0\" x 40'2\" (rear building)","metadescription":"Bldg-New. 1 or 2 Family Dwelling. New 2-Story Duplex with attached 4-car Garage and 2nd floor deck with open trellis; 45'0\" x 40'2\" (rear building). CofO Issued. 7113-7113 1/2 S LA CIENEGA BLVD","address":"7113 South La Cienega Boulevard, CA, Los Angeles, 90045, US","ct":"2761.00","ev":"N","apc":"West Los Angeles","cpa":"Westchester - Playa del Rey","zone":"RD1.5-1","solar":"N","height":"26.08","pin_nbr":"102B173   537","use_code":"2","geolocation":"POINT (-118.37062738 33.97201737)","status_date":"08/25/2018","construction":"Type V-B Construction","permit_group":"Building","refresh_time":"06/10/2026","type_lat_lon":"BUILDING","business_unit":"Regular Plan Check","square_footage":"2785"},"geometry":{"type":"Point","coordinates":[-118.37062738,33.97201737]}},{"type":"Feature","properties":{"date":"2017-08-04T00:00:00.000Z","year":2017,"description":"DEMO  (E) 2-STORY 21-UNIT APARTMENT / GARAGE BUILDING BY HANDWRECK METHOD.  CLEAR LOT.  SEWER CAP REQUIRED.","metadescription":"Bldg-Demolition. Commercial. DEMO  (E) 2-STORY 21-UNIT APARTMENT / GARAGE BUILDING BY HANDWRECK METHOD.  CLEAR LOT.  SEWER CAP REQUIRED.. Permit Finaled. 9714 S GLASGOW PL","address":"9714 South Glasgow Place, CA, Los Angeles, 90045, US","ct":"2774.00","ev":"N","apc":"West Los Angeles","cpa":"Los Angeles International Airport","zone":"LAX","solar":"N","pin_nbr":"093B173   541","use_code":"5","geolocation":"POINT (-118.37145 33.94803)","status_date":"09/21/2017","permit_group":"Building","refresh_time":"06/10/2026","type_lat_lon":"ADDRESS","business_unit":"Plan Check at Counter"},"geometry":{"type":"Point","coordinates":[-118.37145,33.94803]}},{"type":"Feature","properties":{"date":"2017-08-04T00:00:00.000Z","year":2017,"description":"DEMO  (E) 2-STORY 10-UNIT APARTMENT /GARAGE BY  HANDWRECK METHOD.  CLEAR LOT.  SEWER CAP REQUIRED.","metadescription":"Bldg-Demolition. Apartment. DEMO  (E) 2-STORY 10-UNIT APARTMENT /GARAGE BY  HANDWRECK METHOD.  CLEAR LOT.  SEWER CAP REQUIRED.. Permit Finaled. 9724 S GLASGOW PL","address":"1-10, 9724 South Glasgow Place, CA, Los Angeles, 90045, US","ct":"2774.00","ev":"N","apc":"West Los Angeles","cpa":"Los Angeles International Airport","zone":"LAX","solar":"N","pin_nbr":"093B173   566","use_code":"5","geolocation":"POINT (-118.37151 33.94785)","status_date":"09/21/2017","permit_group":"Building","refresh_time":"06/10/2026","type_lat_lon":"ADDRESS","business_unit":"Plan Check at Counter"},"geometry":{"type":"Point","coordinates":[-118.37151,33.94785]}},{"type":"Feature","properties":{"date":"2017-08-04T00:00:00.000Z","year":2017,"description":"DEMO  (E) 2-STORY 10-UNIT APARTMENT / GARAGE BUILDING BY HANDWRECK METHOD.  CLEAR LOT.  SEWER CAP REQUIRED.","metadescription":"Bldg-Demolition. Apartment. DEMO  (E) 2-STORY 10-UNIT APARTMENT / GARAGE BUILDING BY HANDWRECK METHOD.  CLEAR LOT.  SEWER CAP REQUIRED.. Permit Finaled. 9718 S GLASGOW PL","address":"1-10, 9718 South Glasgow Place, CA, Los Angeles, 90045, US","ct":"2774.00","ev":"N","apc":"West Los Angeles","cpa":"Los Angeles International Airport","zone":"LAX","solar":"N","pin_nbr":"093B173   557","use_code":"5","geolocation":"POINT (-118.37146 33.948)","status_date":"09/21/2017","permit_group":"Building","refresh_time":"06/10/2026","type_lat_lon":"ADDRESS","business_unit":"Plan Check at Counter"},"geometry":{"type":"Point","coordinates":[-118.37146,33.948]}},{"type":"Feature","properties":{"date":"2017-07-21T00:00:00.000Z","year":2017,"description":"DEMO  (E) APARTMENT / GARAGE BUILDING  AND CLEAR LOT.","metadescription":"Bldg-Demolition. Apartment. DEMO  (E) APARTMENT / GARAGE BUILDING  AND CLEAR LOT.. Permit Finaled. 5330 W ARBOR VITAE ST 1-18","address":"1-18, 5330 West Arbor Vitae Street, CA, Los Angeles, 90045, US","ct":"2774.00","ev":"N","apc":"West Los Angeles","cpa":"Los Angeles International Airport","zone":"LAX","solar":"N","pin_nbr":"093B173    76","use_code":"5","geolocation":"POINT (-118.37358 33.95229)","status_date":"09/22/2017","permit_group":"Building","refresh_time":"06/10/2026","type_lat_lon":"ADDRESS","business_unit":"Plan Check at Counter"},"geometry":{"type":"Point","coordinates":[-118.37358,33.95229]}},{"type":"Feature","properties":{"date":"2017-07-21T00:00:00.000Z","year":2017,"description":"DEMO  (E) APARTMENT / GARAGE BUILDING  AND CLEAR LOT.","metadescription":"Bldg-Demolition. Commercial. DEMO  (E) APARTMENT / GARAGE BUILDING  AND CLEAR LOT.. Permit Finaled. 5320 W ARBOR VITAE ST 1-9","address":"1-9, 5320 West Arbor Vitae Street, CA, Los Angeles, 90045, US","ct":"2774.00","ev":"N","apc":"West Los Angeles","cpa":"Los Angeles International Airport","zone":"LAX","solar":"N","pin_nbr":"093B173    74","use_code":"5","geolocation":"POINT (-118.37335 33.9524)","status_date":"09/22/2017","permit_group":"Building","refresh_time":"06/10/2026","type_lat_lon":"ADDRESS","business_unit":"Plan Check at Counter"},"geometry":{"type":"Point","coordinates":[-118.37335,33.9524]}},{"type":"Feature","properties":{"date":"2017-07-17T00:00:00.000Z","year":2017,"description":"DEMO  (E) APARTMENT / GARAGE BUILDING  AND CLEAR LOT.","metadescription":"Bldg-Demolition. Commercial. DEMO  (E) APARTMENT / GARAGE BUILDING  AND CLEAR LOT.. Permit Finaled. 5400 W ARBOR VITAE ST 1-18","address":"1-18, 5400 West Arbor Vitae Street, CA, Los Angeles, 90045, US","ct":"2774.00","ev":"N","apc":"West Los Angeles","cpa":"Los Angeles International Airport","zone":"LAX","solar":"N","pin_nbr":"093B173    78","use_code":"5","geolocation":"POINT (-118.37394 33.95229)","status_date":"09/22/2017","permit_group":"Building","refresh_time":"06/10/2026","type_lat_lon":"ADDRESS","business_unit":"Plan Check at Counter"},"geometry":{"type":"Point","coordinates":[-118.37394,33.95229]}},{"type":"Feature","properties":{"date":"2017-05-18T00:00:00.000Z","year":2017,"description":"demolition of SFD with detached garage and storage","metadescription":"Bldg-Demolition. 1 or 2 Family Dwelling. demolition of SFD with detached garage and storage. Permit Finaled. 6919 S KNOWLTON PL","address":"6919 Knowlton Place, CA, Los Angeles, 90045, US","ct":"2761.00","ev":"N","apc":"West Los Angeles","cpa":"Westchester - Playa del Rey","zone":"R3-1","solar":"N","pin_nbr":"102B173   303","use_code":"1","geolocation":"POINT (-118.37145 33.97436)","status_date":"06/13/2017","permit_group":"Building","refresh_time":"06/10/2026","type_lat_lon":"ADDRESS","business_unit":"Plan Check at Counter","square_footage":"0"},"geometry":{"type":"Point","coordinates":[-118.37145,33.97436]}},{"type":"Feature","properties":{"date":"2017-04-20T00:00:00.000Z","year":2017,"description":"DEMOLISH SINGLE FAMILY DWELLING WITH DETACHED GARAGE. HANDWRECKING METHOD ONLY.  SEWER CAP AND PEDESTRIAN PROTECTION FENCE & CANOPY REQUIRED","metadescription":"Bldg-Demolition. 1 or 2 Family Dwelling. DEMOLISH SINGLE FAMILY DWELLING WITH DETACHED GARAGE. HANDWRECKING METHOD ONLY.  SEWER CAP AND PEDESTRIAN PROTECTION FENCE & CANOPY REQUIRED. Permit Finaled. 7207 S LA CIENEGA BLVD","address":"7207 South La Cienega Boulevard, CA, Los Angeles, 90045, US","ct":"2761.00","ev":"N","apc":"West Los Angeles","cpa":"Westchester - Playa del Rey","zone":"RD1.5-1","solar":"N","pin_nbr":"099B173   120","use_code":"1","geolocation":"POINT (-118.37036 33.97012)","status_date":"12/26/2017","permit_group":"Building","refresh_time":"06/10/2026","type_lat_lon":"ADDRESS","business_unit":"Plan Check at Counter","square_footage":"0"},"geometry":{"type":"Point","coordinates":[-118.37036,33.97012]}},{"type":"Feature","properties":{"date":"2017-04-20T00:00:00.000Z","year":2017,"description":"DEMOLISH SINGLE FAMILY DWELLING WITH DETACHED GARAGE. HANDWRECKING METHOD ONLY.  SEWER CAP AND PEDESTRIAN PROTECTION FENCE & CANOPY REQUIRED","metadescription":"Bldg-Demolition. 1 or 2 Family Dwelling. DEMOLISH SINGLE FAMILY DWELLING WITH DETACHED GARAGE. HANDWRECKING METHOD ONLY.  SEWER CAP AND PEDESTRIAN PROTECTION FENCE & CANOPY REQUIRED. Permit Finaled. 7213 S LA CIENEGA BLVD","address":"7213 South La Cienega Boulevard, CA, Los Angeles, 90045, US","ct":"2761.00","ev":"N","apc":"West Los Angeles","cpa":"Westchester - Playa del Rey","zone":"RD1.5-1","solar":"N","pin_nbr":"099B173   130","use_code":"1","geolocation":"POINT (-118.37043 33.97005)","status_date":"07/27/2018","construction":"Type V-B Construction","permit_group":"Building","refresh_time":"06/10/2026","type_lat_lon":"ADDRESS","business_unit":"Plan Check at Counter","square_footage":"0"},"geometry":{"type":"Point","coordinates":[-118.37043,33.97005]}},{"type":"Feature","properties":{"date":"2017-04-07T00:00:00.000Z","year":2017,"description":"SUPPLEMENTAL PERMIT TO 15010-30000-00317 ADD (1) COMPACT STALL IN BASEMENT GARAGE, RELOCATE BIKEROOM TO LOBBY LEVEL AT ORIGINAL CLOSET AND STORAGE ROOM; STRUCTURAL REVISION & RELOCATIONS OF SHEARWALLS AND CONCRETE COLUMN (no change in plot plan)","metadescription":"Bldg-Addition. Apartment. SUPPLEMENTAL PERMIT TO 15010-30000-00317 ADD (1) COMPACT STALL IN BASEMENT GARAGE, RELOCATE BIKEROOM TO LOBBY LEVEL AT ORIGINAL CLOSET AND STORAGE ROOM; STRUCTURAL REVISION & RELOCATIONS OF SHEARWALLS AND CONCRETE COLUMN (no change in plot plan). Permit Finaled. 6908 S KNOWLTON PL","address":"6908 Knowlton Place, CA, Los Angeles, 90045, US","ct":"2761.00","ev":"N","apc":"West Los Angeles","cpa":"Westchester - Playa del Rey","zone":"R3-1","solar":"N","pin_nbr":"102B173   292","use_code":"5","geolocation":"POINT (-118.37115 33.97461)","status_date":"12/21/2018","construction":"Type V-A Construction","permit_group":"Building","refresh_time":"06/10/2026","type_lat_lon":"ADDRESS","business_unit":"Regular Plan Check","square_footage":"15"},"geometry":{"type":"Point","coordinates":[-118.37115,33.97461]}},{"type":"Feature","properties":{"date":"2017-03-22T00:00:00.000Z","year":2017,"description":"DEMOLISH (E) SFD WITH ATTACHED GARAGE TO CLEAR LOT. DPI AND POSTING UNDER NO. 16019-30000-03423, SEWER CAP AND PEDESTRIAN PROTECTION FENCE REQUIRED.","metadescription":"Bldg-Demolition. 1 or 2 Family Dwelling. DEMOLISH (E) SFD WITH ATTACHED GARAGE TO CLEAR LOT. DPI AND POSTING UNDER NO. 16019-30000-03423, SEWER CAP AND PEDESTRIAN PROTECTION FENCE REQUIRED.. Permit Finaled. 7032 S RAMSGATE PL","address":"1-12, 7038 Ramsgate Place, CA, Los Angeles, 90045, US","ct":"2761.00","ev":"N","apc":"West Los Angeles","cpa":"Westchester - Playa del Rey","zone":"R3-1","solar":"N","height":"0","pin_nbr":"102B173   397","use_code":"1","geolocation":"POINT (-118.37312 33.97338)","status_date":"04/28/2017","construction":"Type V-B Construction","permit_group":"Building","refresh_time":"06/10/2026","type_lat_lon":"ADDRESS","business_unit":"Plan Check at Counter","square_footage":"0"},"geometry":{"type":"Point","coordinates":[-118.37312,33.97338]}},{"type":"Feature","properties":{"date":"2017-03-20T00:00:00.000Z","year":2017,"description":"DEMOLITION OF DETACHED 2-CAR GARAGE (16' X 18') BY HANDWRECK METHOD.  SEWER CAP IS NOT REQUIRED.  NEW 2 STANDARD OPEN-TO-SKY PARKING PROVIDED ON SITE.","metadescription":"Bldg-Demolition. 1 or 2 Family Dwelling. DEMOLITION OF DETACHED 2-CAR GARAGE (16' X 18') BY HANDWRECK METHOD.  SEWER CAP IS NOT REQUIRED.  NEW 2 STANDARD OPEN-TO-SKY PARKING PROVIDED ON SITE.. Permit Finaled. 6600 S BRYNHURST AVE","address":"6600 Brynhurst Avenue, CA, Los Angeles, 90043, US","ct":"2349.02","ev":"N","apc":"South Los Angeles","cpa":"West Adams - Baldwin Hills - Leimert","zone":"R3-1","solar":"N","pin_nbr":"102B185   139","use_code":"7","geolocation":"POINT (-118.33365 33.97883)","status_date":"05/10/2017","construction":"Type V-B Construction","permit_group":"Building","refresh_time":"06/10/2026","type_lat_lon":"ADDRESS","business_unit":"Plan Check at Counter","square_footage":"0"},"geometry":{"type":"Point","coordinates":[-118.33365,33.97883]}},{"type":"Feature","properties":{"date":"2017-03-09T00:00:00.000Z","year":2017,"description":"Re-roof with Class A or B roof covering material weighing less than 6 pounds per sq. ft. over new solid sheathing. Class A roof covering is required within Very High Fire Hazard Severity Zone (VHFHSZ). For residential roof replacement > 50% of the total roof area, apply Cool Roof Product labeled and certified by Cool Roof Rating Council (CRRC). Cool Roof may be required for non-residential buildings per Title 24, Part 6, Section 149(b). House and detached garage","metadescription":"Bldg-Alter/Repair. 1 or 2 Family Dwelling. Re-roof with Class A or B roof covering material weighing less than 6 pounds per sq. ft. over new solid sheathing. Class A roof covering is required within Very High Fire Hazard Severity Zone (VHFHSZ). For residential roof replacement > 50% of the total roof area, apply Cool Roof Product labeled and certified by Cool Roof Rating Council (CRRC). Cool Roof may be required for non-residential buildings per Title 24, Part 6, Section 149(b). House and detached garage. Issued. 5510 W 78TH ST","address":"5510 West 78Th Street, CA, Los Angeles, 90045, US","ct":"2771.00","ev":"N","apc":"West Los Angeles","cpa":"Westchester - Playa del Rey","zone":"R1-1","solar":"N","pin_nbr":"099B173   598","use_code":"1","geolocation":"POINT (-118.37581 33.96534)","status_date":"03/09/2017","permit_group":"Building","refresh_time":"06/10/2026","type_lat_lon":"ADDRESS","business_unit":"Express Permit"},"geometry":{"type":"Point","coordinates":[-118.37581,33.96534]}},{"type":"Feature","properties":{"date":"2017-02-17T00:00:00.000Z","year":2017,"description":"DEMOLISH SINGLE FAMILY DWELLING WITH DETACHED GARAGE. HANDWRECKING METHOD ONLY.  SEWER CAP AND PEDESTRIAN PROTECTION FENCE REQUIRED","metadescription":"Bldg-Demolition. 1 or 2 Family Dwelling. DEMOLISH SINGLE FAMILY DWELLING WITH DETACHED GARAGE. HANDWRECKING METHOD ONLY.  SEWER CAP AND PEDESTRIAN PROTECTION FENCE REQUIRED. Permit Finaled. 7113 S LA CIENEGA BLVD","address":"7119 1/2 South La Cienega Boulevard, CA, Los Angeles, 90045, US","ct":"2761.00","ev":"N","apc":"West Los Angeles","cpa":"Westchester - Playa del Rey","zone":"RD1.5-1","solar":"N","pin_nbr":"102B173   537","use_code":"1","geolocation":"POINT (-118.37038 33.97196)","status_date":"12/26/2017","permit_group":"Building","refresh_time":"06/10/2026","type_lat_lon":"ADDRESS","business_unit":"Plan Check at Counter"},"geometry":{"type":"Point","coordinates":[-118.37038,33.97196]}},{"type":"Feature","properties":{"date":"2017-02-17T00:00:00.000Z","year":2017,"description":"ADDITION AND ALTERATION TO (E) SFD. ADDITION TO EXTEND MAIN BUILDING AND ATTACH TO (E) DETACHED GARAGE.","metadescription":"Bldg-Addition. 1 or 2 Family Dwelling. ADDITION AND ALTERATION TO (E) SFD. ADDITION TO EXTEND MAIN BUILDING AND ATTACH TO (E) DETACHED GARAGE.. CofO Issued. 6336 S RIMPAU BLVD","address":"6336 South Rimpau Boulevard, CA, Los Angeles, 90043, US","ct":"2351.00","ev":"N","apc":"South Los Angeles","cpa":"West Adams - Baldwin Hills - Leimert","zone":"R1-1","solar":"N","height":"15.75","pin_nbr":"105B185  1019","use_code":"1","geolocation":"POINT (-118.33940841 33.98184929)","status_date":"01/30/2018","construction":"Type V-B Construction","permit_group":"Building","refresh_time":"06/10/2026","type_lat_lon":"BUILDING","business_unit":"Expanded Counter Plan Check","square_footage":"1375"},"geometry":{"type":"Point","coordinates":[-118.33940841,33.98184929]}},{"type":"Feature","properties":{"date":"2017-02-02T00:00:00.000Z","year":2017,"description":"Site Grading, R/R,   Ret. Walls Backfill  for Proposed 3-story  9-unit apt. building over one level sub-terranean private pkg. garage.","metadescription":"Grading. 1 or 2 Family Dwelling. Site Grading, R/R,   Ret. Walls Backfill  for Proposed 3-story  9-unit apt. building over one level sub-terranean private pkg. garage.. Permit Finaled. 7032 S RAMSGATE PL","address":"1-12, 7038 Ramsgate Place, CA, Los Angeles, 90045, US","ct":"2761.00","ev":"N","apc":"West Los Angeles","cpa":"Westchester - Playa del Rey","zone":"R3-1","solar":"N","pin_nbr":"102B173   397","use_code":"70","geolocation":"POINT (-118.37312 33.97338)","status_date":"01/29/2019","permit_group":"Building","refresh_time":"06/10/2026","type_lat_lon":"ADDRESS","business_unit":"Regular Plan Check"},"geometry":{"type":"Point","coordinates":[-118.37312,33.97338]}},{"type":"Feature","properties":{"date":"2017-02-02T00:00:00.000Z","year":2017,"description":"New  3-story  9-unit apt. building over one level sub-terranean private pkg. garage.","metadescription":"Bldg-New. Apartment. New  3-story  9-unit apt. building over one level sub-terranean private pkg. garage.. CofO Issued. 7032 S RAMSGATE PL","address":"1-9, 7032 Ramsgate Place, CA, Los Angeles, 90045, US","ct":"2761.00","ev":"N","apc":"West Los Angeles","cpa":"Westchester - Playa del Rey","zone":"R3-1","solar":"N","height":"45","pin_nbr":"102B173   397","use_code":"5","geolocation":"POINT (-118.37302303 33.9734697)","status_date":"03/08/2019","construction":"Type V-A Construction","permit_group":"Building","refresh_time":"06/10/2026","type_lat_lon":"BUILDING","business_unit":"Regular Plan Check","square_footage":"11313"},"geometry":{"type":"Point","coordinates":[-118.37302303,33.9734697]}},{"type":"Feature","properties":{"date":"2017-02-02T00:00:00.000Z","year":2017,"description":"2-RET WALLS FOR 3-story  9-unit apt. building over one level sub-terranean private pkg. garage.","metadescription":"Nonbldg-New. Apartment. 2-RET WALLS FOR 3-story  9-unit apt. building over one level sub-terranean private pkg. garage.. Permit Finaled. 7032 S RAMSGATE PL","address":"1-9, 7032 Ramsgate Place, CA, Los Angeles, 90045, US","ct":"2761.00","ev":"N","apc":"West Los Angeles","cpa":"Westchester - Playa del Rey","zone":"R3-1","solar":"N","pin_nbr":"102B173   397","use_code":"23","geolocation":"POINT (-118.37302303 33.9734697)","status_date":"02/19/2019","permit_group":"Building","refresh_time":"06/10/2026","type_lat_lon":"BUILDING","business_unit":"Regular Plan Check"},"geometry":{"type":"Point","coordinates":[-118.37302303,33.9734697]}},{"type":"Feature","properties":{"date":"2016-12-29T00:00:00.000Z","year":2016,"description":"NEW  20' X 20'2 CAR GARAGE.","metadescription":"Bldg-New. 1 or 2 Family Dwelling. NEW  20' X 20'2 CAR GARAGE.. CofO Issued. 6307 S RIMPAU BLVD","address":"6307 South Rimpau Boulevard, CA, Los Angeles, 90043, US","ct":"2351.00","ev":"N","apc":"South Los Angeles","cpa":"West Adams - Baldwin Hills - Leimert","zone":"R1-1","solar":"N","height":"11.25","pin_nbr":"105B181  1102","use_code":"7","geolocation":"POINT (-118.34007044 33.98263345)","status_date":"06/23/2018","construction":"Type V-B Construction","permit_group":"Building","refresh_time":"06/10/2026","type_lat_lon":"BUILDING","business_unit":"Plan Check at Counter","square_footage":"0"},"geometry":{"type":"Point","coordinates":[-118.34007044,33.98263345]}},{"type":"Feature","properties":{"date":"2016-12-06T00:00:00.000Z","year":2016,"description":"New 12 unit 3 story Apartment building with attached garage on first story level; 2 Restricted Affordable Units","metadescription":"Bldg-New. Apartment. New 12 unit 3 story Apartment building with attached garage on first story level; 2 Restricted Affordable Units. CofO Issued. 6336 S BRYNHURST AVE 1-12","address":"6338 Brynhurst Avenue, CA, Los Angeles, 90043, US","ct":"2349.02","ev":"N","apc":"South Los Angeles","cpa":"West Adams - Baldwin Hills - Leimert","zone":"R3-1","solar":"N","height":"35.5","pin_nbr":"105B185  1029","use_code":"5","geolocation":"POINT (-118.33345088 33.98174174)","status_date":"10/07/2021","construction":"Type V-A Construction","permit_group":"Building","refresh_time":"06/10/2026","type_lat_lon":"BUILDING","business_unit":"Regular Plan Check","square_footage":"15370"},"geometry":{"type":"Point","coordinates":[-118.33345088,33.98174174]}},{"type":"Feature","properties":{"date":"2016-11-29T00:00:00.000Z","year":2016,"description":"New 3-story 25-unit apartment building over 1-story above-grade parking garage.","metadescription":"Bldg-New. Apartment. New 3-story 25-unit apartment building over 1-story above-grade parking garage.. CofO Issued. 6923 S KITTYHAWK AVE","address":"6903 Kittyhawk Avenue, CA, Los Angeles, 90045, US","ct":"2761.00","ev":"N","apc":"West Los Angeles","cpa":"Westchester - Playa del Rey","zone":"R3-1","solar":"N","height":"44.92","pin_nbr":"102B173   225","use_code":"5","geolocation":"POINT (-118.37244726 33.9752679)","status_date":"11/20/2019","construction":"Type V-A Construction","permit_group":"Building","refresh_time":"06/10/2026","type_lat_lon":"BUILDING","business_unit":"Regular Plan Check","square_footage":"27167"},"geometry":{"type":"Point","coordinates":[-118.37244726,33.9752679]}},{"type":"Feature","properties":{"date":"2016-11-29T00:00:00.000Z","year":2016,"description":"(N) Block walls for new 3-story 25-unit apartment building over 1-story above-grade parking garage.","metadescription":"Nonbldg-New. Apartment. (N) Block walls for new 3-story 25-unit apartment building over 1-story above-grade parking garage.. Permit Finaled. 6923 S KITTYHAWK AVE","address":"6903 Kittyhawk Avenue, CA, Los Angeles, 90045, US","ct":"2761.00","ev":"N","apc":"West Los Angeles","cpa":"Westchester - Playa del Rey","zone":"R3-1","solar":"N","pin_nbr":"102B173   225","use_code":"23","geolocation":"POINT (-118.37244726 33.9752679)","status_date":"10/24/2019","permit_group":"Building","refresh_time":"06/10/2026","type_lat_lon":"BUILDING","business_unit":"Regular Plan Check"},"geometry":{"type":"Point","coordinates":[-118.37244726,33.9752679]}},{"type":"Feature","properties":{"date":"2016-11-01T00:00:00.000Z","year":2016,"description":"Re-roof with Class A or B material weighing less than 6 pounds per sq. ft. over new solidsheathing. For residential roof replacement > 50% of the total roof area, apply Cool Roof Productlabeled and certified by Cool Roof Rating Council (CRRC). Cool Roof may be required for nonresidential buildings per Title 24, Part 6, Section 149(b). House and garage","metadescription":"Bldg-Alter/Repair. 1 or 2 Family Dwelling. Re-roof with Class A or B material weighing less than 6 pounds per sq. ft. over new solidsheathing. For residential roof replacement > 50% of the total roof area, apply Cool Roof Productlabeled and certified by Cool Roof Rating Council (CRRC). Cool Roof may be required for nonresidential buildings per Title 24, Part 6, Section 149(b). House and garage. Issued. 8936 S VAN NESS AVE","address":"8936 South Van Ness Avenue, CA, Los Angeles, 90047, US","ct":"2384.00","ev":"N","apc":"South Los Angeles","cpa":"South Los Angeles","zone":"R1-1","solar":"N","pin_nbr":"096A191   298","use_code":"1","geolocation":"POINT (-118.31757 33.95518)","status_date":"11/01/2016","permit_group":"Building","refresh_time":"06/10/2026","type_lat_lon":"ADDRESS","business_unit":"Express Permit"},"geometry":{"type":"Point","coordinates":[-118.31757,33.95518]}},{"type":"Feature","properties":{"date":"2016-09-01T00:00:00.000Z","year":2016,"description":"New 4- story with 36 units apartment building, including 3 low income units with first floor attched garage.","metadescription":"Bldg-New. Apartment. New 4- story with 36 units apartment building, including 3 low income units with first floor attched garage.. CofO Issued. 6944 S KNOWLTON PL","address":"6938 Knowlton Place, CA, Los Angeles, 90045, US","ct":"2761.00","ev":"N","apc":"West Los Angeles","cpa":"Westchester - Playa del Rey","zone":"R3-1","solar":"N","height":"45","pin_nbr":"102B173   375","use_code":"5","geolocation":"POINT (-118.37102848 33.97383272)","status_date":"01/04/2021","construction":"Type V-A Construction","permit_group":"Building","refresh_time":"06/10/2026","type_lat_lon":"BUILDING","business_unit":"Regular Plan Check","square_footage":"44314"},"geometry":{"type":"Point","coordinates":[-118.37102848,33.97383272]}},{"type":"Feature","properties":{"date":"2016-07-08T00:00:00.000Z","year":2016,"description":"(N) 18 units 3-story apartment building over 1-story partial subterranean garage","metadescription":"Bldg-New. Apartment. (N) 18 units 3-story apartment building over 1-story partial subterranean garage. CofO Issued. 6908 S KNOWLTON PL","address":"6908 Knowlton Place, CA, Los Angeles, 90045, US","ct":"2761.00","ev":"N","apc":"West Los Angeles","cpa":"Westchester - Playa del Rey","zone":"R3-1","solar":"N","height":"45","pin_nbr":"102B173   292","use_code":"5","geolocation":"POINT (-118.37100318 33.97459313)","status_date":"04/23/2019","construction":"Type V-A Construction","permit_group":"Building","refresh_time":"06/10/2026","type_lat_lon":"BUILDING","business_unit":"Regular Plan Check","square_footage":"25542"},"geometry":{"type":"Point","coordinates":[-118.37100318,33.97459313]}},{"type":"Feature","properties":{"date":"2016-07-08T00:00:00.000Z","year":2016,"description":"Grading permit for basement excavation, site preparation, backfills at basement wall (N) 3-story apartment building over 1-story partial subterranean garage, backfill behind retaining wall at drive way.","metadescription":"Grading. Apartment. Grading permit for basement excavation, site preparation, backfills at basement wall (N) 3-story apartment building over 1-story partial subterranean garage, backfill behind retaining wall at drive way.. Permit Finaled. 6908 S KNOWLTON PL","address":"6908 Knowlton Place, CA, Los Angeles, 90045, US","ct":"2761.00","ev":"N","apc":"West Los Angeles","cpa":"Westchester - Playa del Rey","zone":"R3-1","solar":"N","pin_nbr":"102B173   292","use_code":"70","geolocation":"POINT (-118.37115 33.97461)","status_date":"12/19/2018","permit_group":"Building","refresh_time":"06/10/2026","type_lat_lon":"ADDRESS","business_unit":"Plan Check at Counter"},"geometry":{"type":"Point","coordinates":[-118.37115,33.97461]}},{"type":"Feature","properties":{"date":"2016-07-08T00:00:00.000Z","year":2016,"description":"Temporary shoring for the 1-story partial subterranean garage of (N) 3-story apartment building. See comments","metadescription":"Nonbldg-New. Apartment. Temporary shoring for the 1-story partial subterranean garage of (N) 3-story apartment building. See comments. Permit Finaled. 6908 S KNOWLTON PL","address":"6908 Knowlton Place, CA, Los Angeles, 90045, US","ct":"2761.00","ev":"N","apc":"West Los Angeles","cpa":"Westchester - Playa del Rey","zone":"R3-1","solar":"N","pin_nbr":"102B173   292","use_code":"23","geolocation":"POINT (-118.37115 33.97461)","status_date":"12/21/2018","permit_group":"Building","refresh_time":"06/10/2026","type_lat_lon":"ADDRESS","business_unit":"Regular Plan Check"},"geometry":{"type":"Point","coordinates":[-118.37115,33.97461]}},{"type":"Feature","properties":{"date":"2016-06-02T00:00:00.000Z","year":2016,"description":"DEMO SFD AND DETACHED 3-CAR GARAGE; HANDWRECKING METHOD ONLY. CLEAR LOT","metadescription":"Bldg-Demolition. 1 or 2 Family Dwelling. DEMO SFD AND DETACHED 3-CAR GARAGE; HANDWRECKING METHOD ONLY. CLEAR LOT. Permit Finaled. 6338 S BRYNHURST AVE","address":"6338 Brynhurst Avenue, CA, Los Angeles, 90043, US","ct":"2349.02","ev":"N","apc":"South Los Angeles","cpa":"West Adams - Baldwin Hills - Leimert","zone":"R3-1","solar":"N","pin_nbr":"105B185  1029","use_code":"1","geolocation":"POINT (-118.33365 33.98168)","status_date":"07/26/2016","permit_group":"Building","refresh_time":"06/10/2026","type_lat_lon":"ADDRESS","business_unit":"Plan Check at Counter","square_footage":"0"},"geometry":{"type":"Point","coordinates":[-118.33365,33.98168]}},{"type":"Feature","properties":{"date":"2016-06-02T00:00:00.000Z","year":2016,"description":"Add irregular 24'9\" x 27'3\" to rear of (e) 1-story SFD w/ att. garage to create (2) (n) bedrooms and (2) (n) full bathrooms. Interior remodel to (e) kitchen, bathroom and dining room. Apply stone veneer to front fa�ade; All work per WFPP.","metadescription":"Bldg-Addition. 1 or 2 Family Dwelling. Add irregular 24'9\" x 27'3\" to rear of (e) 1-story SFD w/ att. garage to create (2) (n) bedrooms and (2) (n) full bathrooms. Interior remodel to (e) kitchen, bathroom and dining room. Apply stone veneer to front fa�ade; All work per WFPP.. CofO Issued. 7620 S MIDFIELD AVE","address":"7620 Midfield Avenue, CA, Inglewood, 90302, US","ct":"2771.00","ev":"N","apc":"West Los Angeles","cpa":"Westchester - Playa del Rey","zone":"R1-1","solar":"N","pin_nbr":"099B173   311","use_code":"1","geolocation":"POINT (-118.37284612 33.96793394)","status_date":"05/02/2019","construction":"Type V-B Construction","permit_group":"Building","refresh_time":"06/10/2026","type_lat_lon":"BUILDING","business_unit":"Expanded Counter Plan Check","square_footage":"600"},"geometry":{"type":"Point","coordinates":[-118.37284612,33.96793394]}},{"type":"Feature","properties":{"date":"2016-05-31T00:00:00.000Z","year":2016,"description":"DEPARTMENT ERROR. SUPPLEMENTAL PERMIT TO 15010-70000-01254 TO INCLUDE ATTACHED GARAGE AS A USE CODE.","metadescription":"Bldg-Alter/Repair. 1 or 2 Family Dwelling. DEPARTMENT ERROR. SUPPLEMENTAL PERMIT TO 15010-70000-01254 TO INCLUDE ATTACHED GARAGE AS A USE CODE.. Permit Finaled. 7107-7107 1/2 S LA CIENEGA BLVD","address":"7107 1/2 South La Cienega Boulevard, CA, Los Angeles, 90045, US","ct":"2761.00","ev":"N","apc":"West Los Angeles","cpa":"Westchester - Playa del Rey","zone":"RD1.5-1","solar":"N","pin_nbr":"102B173   523","use_code":"1","geolocation":"POINT (-118.3705 33.9721)","status_date":"06/28/2016","permit_group":"Building","refresh_time":"06/10/2026","type_lat_lon":"ADDRESS","business_unit":"Plan Check at Counter"},"geometry":{"type":"Point","coordinates":[-118.3705,33.9721]}},{"type":"Feature","properties":{"date":"2016-04-26T00:00:00.000Z","year":2016,"description":"ALTERATION TO EXISTING 2-STORY TYPE VB SFD WITH ATTACHED 2-CAR GARAGE. CONVERT (1) ONE PARKING STALL INTO RECREATION (ACTIVITY ROOM), AND ADD PARKING STALL IN FRONT OF PROPERTY. (GARAGE CONVERTED FROM 3-CAR TO 2-CAR AND REC.ROOM). FRAMING PER WFPP.","metadescription":"Bldg-Alter/Repair. 1 or 2 Family Dwelling. ALTERATION TO EXISTING 2-STORY TYPE VB SFD WITH ATTACHED 2-CAR GARAGE. CONVERT (1) ONE PARKING STALL INTO RECREATION (ACTIVITY ROOM), AND ADD PARKING STALL IN FRONT OF PROPERTY. (GARAGE CONVERTED FROM 3-CAR TO 2-CAR AND REC.ROOM). FRAMING PER WFPP.. CofO Issued. 3617 1/2 W 63RD ST","address":"3617 West 63Rd Street, CA, Los Angeles, 90043, US","ct":"2349.02","ev":"N","apc":"South Los Angeles","cpa":"West Adams - Baldwin Hills - Leimert","zone":"R3-1","solar":"N","pin_nbr":"105B185   814","use_code":"1","geolocation":"POINT (-118.33593185 33.9829434)","status_date":"12/18/2016","construction":"Type V-B Construction","permit_group":"Building","refresh_time":"06/10/2026","type_lat_lon":"PIN","business_unit":"Plan Check at Counter","square_footage":"872"},"geometry":{"type":"Point","coordinates":[-118.33593185,33.9829434]}},{"type":"Feature","properties":{"date":"2016-01-22T00:00:00.000Z","year":2016,"description":"NEW 2 STORY DUPLEX WITH ATTACHED GARAGE (REAR BUILDING)","metadescription":"Bldg-New. 1 or 2 Family Dwelling. NEW 2 STORY DUPLEX WITH ATTACHED GARAGE (REAR BUILDING). CofO Issued. 7103-7103 1/2 S LA CIENEGA BLVD","address":"7101 South La Cienega Boulevard, CA, Los Angeles, 90045, US","ct":"2761.00","ev":"N","apc":"West Los Angeles","cpa":"Westchester - Playa del Rey","zone":"RD1.5-1","solar":"N","height":"27.3","pin_nbr":"102B173   508","use_code":"2","geolocation":"POINT (-118.3706042 33.97232604)","status_date":"12/12/2016","construction":"Type V-B Construction","permit_group":"Building","refresh_time":"06/10/2026","type_lat_lon":"BUILDING","business_unit":"Regular Plan Check","square_footage":"2393"},"geometry":{"type":"Point","coordinates":[-118.3706042,33.97232604]}},{"type":"Feature","properties":{"date":"2016-01-04T00:00:00.000Z","year":2016,"description":"new det. garage/storage space per Engineer's detail and WFPP method.","metadescription":"Bldg-New. 1 or 2 Family Dwelling. new det. garage/storage space per Engineer's detail and WFPP method.. CofO Issued. 7000 S RAMSGATE AVE","address":"7001 Ramsgate Avenue, CA, Los Angeles, 90045, US","ct":"2761.00","ev":"N","apc":"West Los Angeles","cpa":"Westchester - Playa del Rey","zone":"R1-1","solar":"N","height":"15.25","pin_nbr":"102B173   405","use_code":"7","geolocation":"POINT (-118.37100151 33.97334094)","status_date":"12/20/2022","construction":"Type V-B Construction","permit_group":"Building","refresh_time":"06/10/2026","type_lat_lon":"BUILDING","business_unit":"Plan Check at Counter","square_footage":"735"},"geometry":{"type":"Point","coordinates":[-118.37100151,33.97334094]}},{"type":"Feature","properties":{"date":"2015-12-28T00:00:00.000Z","year":2015,"description":"Re-roof with Class A or B material weighing less than 6 pound per sq. ft.  For residential roof replacement > 50% of the total roof area, apply Cool Roof Product labeled and certified by Cool Roof Rating Council (CRRC).  Cool Roof may be required for non-residential buildings per Title 24, Part 6, Section 149 (b). Not including plywoodRe-roof GARAGE with Class A or B material weighing less than 6 pound per sq. ft.  For residential roof replacement > 50% of the total roof area, apply Cool Roof Product labeled and certified by Cool Roof Rating Council (CRRC).  Cool Roof may be required for non-residential buildings per Title 24, Part 6, and Section 149 (b) .Not including plywood","metadescription":"Bldg-Alter/Repair. 1 or 2 Family Dwelling. Re-roof with Class A or B material weighing less than 6 pound per sq. ft.  For residential roof replacement > 50% of the total roof area, apply Cool Roof Product labeled and certified by Cool Roof Rating Council (CRRC).  Cool Roof may be required for non-residential buildings per Title 24, Part 6, Section 149 (b). Not including plywoodRe-roof GARAGE with Class A or B material weighing less than 6 pound per sq. ft.  For residential roof replacement > 50% of the total roof area, apply Cool Roof Product labeled and certified by Cool Roof Rating Council (CRRC).  Cool Roof may be required for non-residential buildings per Title 24, Part 6, and Section 149 (b) .Not including plywood. Permit Finaled. 3663 W 63RD ST","address":"3663 West 63Rd Street, CA, Los Angeles, 90043, US","ct":"2349.02","ev":"N","apc":"South Los Angeles","cpa":"West Adams - Baldwin Hills - Leimert","zone":"R1-1","solar":"N","pin_nbr":"105B185   824","use_code":"1","geolocation":"POINT (-118.3375 33.98278)","status_date":"01/27/2016","permit_group":"Building","refresh_time":"06/10/2026","type_lat_lon":"ADDRESS","business_unit":"Express Permit"},"geometry":{"type":"Point","coordinates":[-118.3375,33.98278]}},{"type":"Feature","properties":{"date":"2015-12-02T00:00:00.000Z","year":2015,"description":"Demolish existing detached garage (2 OF 2)","metadescription":"Bldg-Demolition. Apartment. Demolish existing detached garage (2 OF 2). Permit Finaled. 6923 S KITTYHAWK AVE 1-25","address":"1-25, 6923 Kittyhawk Avenue, CA, Los Angeles, 90045, US","ct":"2761.00","ev":"N","apc":"West Los Angeles","cpa":"Westchester - Playa del Rey","zone":"R3-1","solar":"N","pin_nbr":"102B173   225","use_code":"7","geolocation":"POINT (-118.37278 33.97495)","status_date":"05/11/2017","permit_group":"Building","refresh_time":"06/10/2026","type_lat_lon":"ADDRESS","business_unit":"Plan Check at Counter"},"geometry":{"type":"Point","coordinates":[-118.37278,33.97495]}},{"type":"Feature","properties":{"date":"2015-07-23T00:00:00.000Z","year":2015,"description":"NEW 2-STORY DUPLEX WITH FOUR ATTACHED PARKING GARAGES AT REAR OF LOT","metadescription":"Bldg-New. 1 or 2 Family Dwelling. NEW 2-STORY DUPLEX WITH FOUR ATTACHED PARKING GARAGES AT REAR OF LOT. CofO Issued. 7107-7107 1/2 S LA CIENEGA BLVD","address":"7105 South La Cienega Boulevard, CA, Los Angeles, 90045, US","ct":"2761.00","ev":"N","apc":"West Los Angeles","cpa":"Westchester - Playa del Rey","zone":"RD1.5-1","solar":"N","height":"27.1","pin_nbr":"102B173   523","use_code":"2","geolocation":"POINT (-118.37059534 33.97217584)","status_date":"08/19/2016","construction":"Type V-B Construction","permit_group":"Building","refresh_time":"06/10/2026","type_lat_lon":"BUILDING","business_unit":"Regular Plan Check","square_footage":"2763"},"geometry":{"type":"Point","coordinates":[-118.37059534,33.97217584]}},{"type":"Feature","properties":{"date":"2015-06-04T00:00:00.000Z","year":2015,"description":"Demo sfd & detached garage(clear lot).","metadescription":"Bldg-Demolition. 1 or 2 Family Dwelling. Demo sfd & detached garage(clear lot).. Permit Finaled. 6914 S KNOWLTON PL","address":"6914 Knowlton Place, CA, Los Angeles, 90045, US","ct":"2761.00","ev":"N","apc":"West Los Angeles","cpa":"Westchester - Playa del Rey","zone":"R3-1","solar":"N","pin_nbr":"102B173   292","use_code":"1","geolocation":"POINT (-118.37115 33.97444)","status_date":"10/03/2016","permit_group":"Building","refresh_time":"06/10/2026","type_lat_lon":"ADDRESS","business_unit":"Plan Check at Counter"},"geometry":{"type":"Point","coordinates":[-118.37115,33.97444]}},{"type":"Feature","properties":{"date":"2015-06-04T00:00:00.000Z","year":2015,"description":"demo existing house and detached garage(clear lot).","metadescription":"Bldg-Demolition. 1 or 2 Family Dwelling. demo existing house and detached garage(clear lot).. Permit Finaled. 6908 S KNOWLTON PL","address":"6908 Knowlton Place, CA, Los Angeles, 90045, US","ct":"2761.00","ev":"N","apc":"West Los Angeles","cpa":"Westchester - Playa del Rey","zone":"R3-1","solar":"N","pin_nbr":"102B173   275","use_code":"1","geolocation":"POINT (-118.37115 33.97461)","status_date":"10/03/2016","permit_group":"Building","refresh_time":"06/10/2026","type_lat_lon":"ADDRESS","business_unit":"Plan Check at Counter"},"geometry":{"type":"Point","coordinates":[-118.37115,33.97461]}},{"type":"Feature","properties":{"date":"2015-05-13T00:00:00.000Z","year":2015,"description":"Demolition of existing single family dwelling and detached garage by handwrecking method. Clear lot.","metadescription":"Bldg-Demolition. 1 or 2 Family Dwelling. Demolition of existing single family dwelling and detached garage by handwrecking method. Clear lot.. Permit Finaled. 7107 S LA CIENEGA BLVD","address":"7107 1/2 South La Cienega Boulevard, CA, Los Angeles, 90045, US","ct":"2761.00","ev":"N","apc":"West Los Angeles","cpa":"Westchester - Playa del Rey","zone":"RD1.5-1","solar":"N","pin_nbr":"102B173   523","use_code":"1","geolocation":"POINT (-118.3705 33.9721)","status_date":"11/09/2015","construction":"Type V-B Construction","permit_group":"Building","refresh_time":"06/10/2026","type_lat_lon":"ADDRESS","business_unit":"Plan Check at Counter"},"geometry":{"type":"Point","coordinates":[-118.3705,33.9721]}},{"type":"Feature","properties":{"date":"2015-03-17T00:00:00.000Z","year":2015,"description":"Demo (e) s.f.d. w/ detached garage| clear and fence lot. See comments","metadescription":"Bldg-Demolition. 1 or 2 Family Dwelling. Demo (e) s.f.d. w/ detached garage| clear and fence lot. See comments. Permit Finaled. 6938 S KNOWLTON PL","address":"6938 Knowlton Place, CA, Los Angeles, 90045, US","ct":"2761.00","ev":"N","apc":"West Los Angeles","cpa":"Westchester - Playa del Rey","zone":"R3-1","solar":"N","pin_nbr":"102B173   359","use_code":"1","geolocation":"POINT (-118.37109 33.97379)","status_date":"09/06/2016","permit_group":"Building","refresh_time":"06/10/2026","type_lat_lon":"ADDRESS","business_unit":"Plan Check at Counter"},"geometry":{"type":"Point","coordinates":[-118.37109,33.97379]}},{"type":"Feature","properties":{"date":"2015-03-17T00:00:00.000Z","year":2015,"description":"Demo (E) s.f.d. with attached garage| clear and fence lot. See comments","metadescription":"Bldg-Demolition. 1 or 2 Family Dwelling. Demo (E) s.f.d. with attached garage| clear and fence lot. See comments. Permit Finaled. 6944 S KNOWLTON PL","address":"1-36, 6944 Knowlton Place, CA, Los Angeles, 90045, US","ct":"2761.00","ev":"N","apc":"West Los Angeles","cpa":"Westchester - Playa del Rey","zone":"R3-1","solar":"N","pin_nbr":"102B173   375","use_code":"1","geolocation":"POINT (-118.37115 33.97371)","status_date":"09/06/2016","permit_group":"Building","refresh_time":"06/10/2026","type_lat_lon":"ADDRESS","business_unit":"Plan Check at Counter"},"geometry":{"type":"Point","coordinates":[-118.37115,33.97371]}},{"type":"Feature","properties":{"date":"2015-03-17T00:00:00.000Z","year":2015,"description":"Demo (E) s.f.d. w/ attached garage| clear and fence lot. See comments","metadescription":"Bldg-Demolition. 1 or 2 Family Dwelling. Demo (E) s.f.d. w/ attached garage| clear and fence lot. See comments. Permit Finaled. 6943 S KNOWLTON PL","address":"6943 Knowlton Place, CA, Los Angeles, 90045, US","ct":"2761.00","ev":"N","apc":"West Los Angeles","cpa":"Westchester - Playa del Rey","zone":"R3-1","solar":"N","pin_nbr":"102B173   373","use_code":"1","geolocation":"POINT (-118.37144 33.97376)","status_date":"09/06/2016","permit_group":"Building","refresh_time":"06/10/2026","type_lat_lon":"ADDRESS","business_unit":"Plan Check at Counter"},"geometry":{"type":"Point","coordinates":[-118.37144,33.97376]}},{"type":"Feature","properties":{"date":"2015-03-05T00:00:00.000Z","year":2015,"description":"addition and alteration to existing 1-story single family dwelling per wood frame prescriptive provisions to relocate and expand (e) one-car garage, add new master bedroom with master bathroom and walk-in closet.","metadescription":"Bldg-Addition. 1 or 2 Family Dwelling. addition and alteration to existing 1-story single family dwelling per wood frame prescriptive provisions to relocate and expand (e) one-car garage, add new master bedroom with master bathroom and walk-in closet.. CofO Issued. 7622 S GODDARD AVE","address":"7622 Goddard Avenue, CA, Los Angeles, 90045, US","ct":"2771.00","ev":"N","apc":"West Los Angeles","cpa":"Westchester - Playa del Rey","zone":"R1-1","solar":"N","pin_nbr":"099B173   374","use_code":"1","geolocation":"POINT (-118.37343495 33.96735331)","status_date":"03/04/2016","construction":"Type V-B Construction","permit_group":"Building","refresh_time":"06/10/2026","type_lat_lon":"BUILDING","business_unit":"Plan Check at Counter","square_footage":"380"},"geometry":{"type":"Point","coordinates":[-118.37343495,33.96735331]}},{"type":"Feature","properties":{"date":"2015-02-04T00:00:00.000Z","year":2015,"description":"DEMOLISH (E) DETACHED GARAGE. (3 OF 3). \"COMPLY WITH DEPARTMENT ORDER effective date 06/24/2014. PERMIT WILL EXPIRE 30 DAYS FROM ISSUANCE DATE\".","metadescription":"Bldg-Demolition. 1 or 2 Family Dwelling. DEMOLISH (E) DETACHED GARAGE. (3 OF 3). \"COMPLY WITH DEPARTMENT ORDER effective date 06/24/2014. PERMIT WILL EXPIRE 30 DAYS FROM ISSUANCE DATE\".. Permit Finaled. 3306 W 78TH PL","address":"3306 West 78Th Place, CA, Los Angeles, 90043, US","ct":"2352.02","ev":"N","apc":"South Los Angeles","cpa":"West Adams - Baldwin Hills - Leimert","zone":"R1-1","solar":"N","pin_nbr":"099B185   351","use_code":"7","geolocation":"POINT (-118.32985 33.96799)","status_date":"02/25/2015","permit_group":"Building","refresh_time":"06/10/2026","type_lat_lon":"ADDRESS","business_unit":"Regular Plan Check"},"geometry":{"type":"Point","coordinates":[-118.32985,33.96799]}},{"type":"Feature","properties":{"date":"2015-02-04T00:00:00.000Z","year":2015,"description":"NEW ONE SOTRY GARAGE AND ATTACHED RECREATION ROOM.  (2 OF 3, TV=$80,000, BPV=$50,000). \"COMPLY WITH DEPARTMENT ORDER. effective date 06/24/2014. PERMIT WILL EXPIRE 30 DAYS FROM ISSUANCE DATE\".","metadescription":"Bldg-New. 1 or 2 Family Dwelling. NEW ONE SOTRY GARAGE AND ATTACHED RECREATION ROOM.  (2 OF 3, TV=$80,000, BPV=$50,000). \"COMPLY WITH DEPARTMENT ORDER. effective date 06/24/2014. PERMIT WILL EXPIRE 30 DAYS FROM ISSUANCE DATE\".. CofO Issued. 3306 W 78TH PL","address":"3306 West 78Th Place, CA, Los Angeles, 90043, US","ct":"2352.02","ev":"N","apc":"South Los Angeles","cpa":"West Adams - Baldwin Hills - Leimert","zone":"R1-1","solar":"N","height":"12","pin_nbr":"099B185   351","use_code":"7","geolocation":"POINT (-118.32991297 33.96775944)","status_date":"08/22/2015","construction":"Type V-B Construction","permit_group":"Building","refresh_time":"06/10/2026","type_lat_lon":"BUILDING","business_unit":"Regular Plan Check","square_footage":"268.5"},"geometry":{"type":"Point","coordinates":[-118.32991297,33.96775944]}},{"type":"Feature","properties":{"date":"2015-01-20T00:00:00.000Z","year":2015,"description":"DETACHED GARAGE.","metadescription":"Bldg-New. 1 or 2 Family Dwelling. DETACHED GARAGE.. CofO Issued. 5516 W 82ND ST","address":"5514 West 82Nd Street, CA, Los Angeles, 90045, US","ct":"2771.00","ev":"N","apc":"West Los Angeles","cpa":"Westchester - Playa del Rey","zone":"R1-1","solar":"N","height":"23.33","pin_nbr":"099B173   777","use_code":"7","geolocation":"POINT (-118.37592 33.96388)","status_date":"03/03/2026","construction":"Type V-B Construction","permit_group":"Building","refresh_time":"06/10/2026","type_lat_lon":"ADDRESS","business_unit":"Regular Plan Check","square_footage":"0"},"geometry":{"type":"Point","coordinates":[-118.37592,33.96388]}},{"type":"Feature","properties":{"date":"2015-01-20T00:00:00.000Z","year":2015,"description":"REMOVE EXISTING ATTACHED GARAGE.  Re-stucco portion of exposed wall. (New Garage to be constructed under permit # 14010-30000-00985 )","metadescription":"Bldg-Alter/Repair. 1 or 2 Family Dwelling. REMOVE EXISTING ATTACHED GARAGE.  Re-stucco portion of exposed wall. (New Garage to be constructed under permit # 14010-30000-00985 ). Permit Expired. 5516 W 82ND ST","address":"5514 West 82Nd Street, CA, Los Angeles, 90045, US","ct":"2771.00","ev":"N","apc":"West Los Angeles","cpa":"Westchester - Playa del Rey","zone":"R1-1","solar":"N","pin_nbr":"099B173   777","use_code":"1","geolocation":"POINT (-118.37592 33.96388)","status_date":"02/13/2017","permit_group":"Building","refresh_time":"06/10/2026","type_lat_lon":"ADDRESS","business_unit":"Plan Check at Counter","square_footage":"0"},"geometry":{"type":"Point","coordinates":[-118.37592,33.96388]}},{"type":"Feature","properties":{"date":"2014-11-17T00:00:00.000Z","year":2014,"description":"DEMOLISH EXISTING 1 STORY STUCCO RESIDENCE AND STUCCO GARAGE. HANDWRECH METHOD. SEWER CAP REQUIRED.","metadescription":"Bldg-Demolition. 1 or 2 Family Dwelling. DEMOLISH EXISTING 1 STORY STUCCO RESIDENCE AND STUCCO GARAGE. HANDWRECH METHOD. SEWER CAP REQUIRED.. Permit Finaled. 6931 S KNOWLTON PL","address":"6931 Knowlton Place, CA, Los Angeles, 90045, US","ct":"2761.00","ev":"N","apc":"West Los Angeles","cpa":"Westchester - Playa del Rey","zone":"R3-1","solar":"N","pin_nbr":"102B173   341","use_code":"1","geolocation":"POINT (-118.37143 33.97398)","status_date":"01/07/2015","permit_group":"Building","refresh_time":"06/10/2026","type_lat_lon":"ADDRESS","business_unit":"Plan Check at Counter","square_footage":"0"},"geometry":{"type":"Point","coordinates":[-118.37143,33.97398]}},{"type":"Feature","properties":{"date":"2014-11-13T00:00:00.000Z","year":2014,"description":"ONE STORY LAUNDRY/STORAGE ROOM ADDITION TO (E) GARAGE.","metadescription":"Bldg-Addition. 1 or 2 Family Dwelling. ONE STORY LAUNDRY/STORAGE ROOM ADDITION TO (E) GARAGE.. CofO Issued. 7170 S KNOWLTON PL","address":"5255 Thornburn Street, CA, Los Angeles, 90045, US","ct":"2761.00","ev":"N","apc":"West Los Angeles","cpa":"Westchester - Playa del Rey","zone":"R1-1","solar":"N","pin_nbr":"099B173   104","use_code":"7","geolocation":"POINT (-118.37154413 33.97013195)","status_date":"03/09/2015","construction":"Type V-B Construction","permit_group":"Building","refresh_time":"06/10/2026","type_lat_lon":"BUILDING","business_unit":"Plan Check at Counter","square_footage":"140"},"geometry":{"type":"Point","coordinates":[-118.37154413,33.97013195]}},{"type":"Feature","properties":{"date":"2014-10-28T00:00:00.000Z","year":2014,"description":"A new 15-unit, 3-story apartment building over a semi-subterranean parking garage.","metadescription":"Bldg-New. Apartment. A new 15-unit, 3-story apartment building over a semi-subterranean parking garage.. CofO Issued. 6925 S KNOWLTON PL 1-15","address":"6925 Knowlton Place, CA, Los Angeles, 90045, US","ct":"2761.00","ev":"N","apc":"West Los Angeles","cpa":"Westchester - Playa del Rey","zone":"R3-1","solar":"N","height":"46","pin_nbr":"102B173   341","use_code":"5","geolocation":"POINT (-118.37150243 33.97412978)","status_date":"12/09/2016","construction":"Type V-A Construction","permit_group":"Building","refresh_time":"06/10/2026","type_lat_lon":"BUILDING","business_unit":"Regular Plan Check","square_footage":"21380"},"geometry":{"type":"Point","coordinates":[-118.37150243,33.97412978]}},{"type":"Feature","properties":{"date":"2014-10-07T00:00:00.000Z","year":2014,"description":"Change out 2 Doors (Same size and type for residential buildings only). Kitchen and Bathroom remodel (For residential buildings; no structural changes). Combine with Electrical, Plumbing, & HVAC. Re-stucco: Replace drywall (no new walls added) Specific location: Around home, bathroom & garage.","metadescription":"Bldg-Alter/Repair. 1 or 2 Family Dwelling. Change out 2 Doors (Same size and type for residential buildings only). Kitchen and Bathroom remodel (For residential buildings; no structural changes). Combine with Electrical, Plumbing, & HVAC. Re-stucco: Replace drywall (no new walls added) Specific location: Around home, bathroom & garage.. Permit Finaled. 3127 W 79TH ST","address":"3123 West 79Th Street, CA, Los Angeles, 90043, US","ct":"2352.02","ev":"N","apc":"South Los Angeles","cpa":"West Adams - Baldwin Hills - Leimert","zone":"R1-1","solar":"N","pin_nbr":"099B185   398","use_code":"1","geolocation":"POINT (-118.32742 33.9674)","status_date":"10/31/2014","permit_group":"Building","refresh_time":"06/10/2026","type_lat_lon":"ADDRESS","business_unit":"Express Permit"},"geometry":{"type":"Point","coordinates":[-118.32742,33.9674]}},{"type":"Feature","properties":{"date":"2014-09-19T00:00:00.000Z","year":2014,"description":"New storage addition to existing detached garage per P/BC 2011-004","metadescription":"Bldg-Addition. Apartment. New storage addition to existing detached garage per P/BC 2011-004. CofO Issued. 6939 S GLASGOW AVE 1-4","address":"1-6, 6945 Glasgow Avenue, CA, Los Angeles, 90045, US","ct":"2761.00","ev":"N","apc":"West Los Angeles","cpa":"Westchester - Playa del Rey","zone":"R3-1","solar":"N","pin_nbr":"102B173   331","use_code":"7","geolocation":"POINT (-118.37276016 33.97413021)","status_date":"04/18/2015","construction":"Type V-B Construction","permit_group":"Building","refresh_time":"06/10/2026","type_lat_lon":"BUILDING","business_unit":"Plan Check at Counter"},"geometry":{"type":"Point","coordinates":[-118.37276016,33.97413021]}},{"type":"Feature","properties":{"date":"2014-05-20T00:00:00.000Z","year":2014,"description":"Demo (E) 1-car garage.Required parking to be provided by the (N) 2-car carport per permit#14010-40000-01284|DPI per permit#14019-10000-00575","metadescription":"Bldg-Demolition. 1 or 2 Family Dwelling. Demo (E) 1-car garage.Required parking to be provided by the (N) 2-car carport per permit#14010-40000-01284|DPI per permit#14019-10000-00575. Permit Finaled. 6207 S LONG ST","address":"6207 Long Street, CA, Los Angeles, 90043, US","ct":"2351.00","ev":"N","apc":"South Los Angeles","cpa":"West Adams - Baldwin Hills - Leimert","zone":"R1-1","solar":"N","pin_nbr":"105B185   751","use_code":"7","geolocation":"POINT (-118.33869 33.98341)","status_date":"08/14/2014","construction":"Type V-B Construction","permit_group":"Building","refresh_time":"06/10/2026","type_lat_lon":"ADDRESS","business_unit":"Plan Check at Counter"},"geometry":{"type":"Point","coordinates":[-118.33869,33.98341]}},{"type":"Feature","properties":{"date":"2014-05-02T00:00:00.000Z","year":2014,"description":"Demo (e) sfd and atached garage to clear the lot.See comment.","metadescription":"Bldg-Demolition. 1 or 2 Family Dwelling. Demo (e) sfd and atached garage to clear the lot.See comment.. Permit Finaled. 6937 S KNOWLTON PL","address":"6943 Knowlton Place, CA, Los Angeles, 90045, US","ct":"2761.00","ev":"N","apc":"West Los Angeles","cpa":"Westchester - Playa del Rey","zone":"R3-1","solar":"N","pin_nbr":"102B173   356","use_code":"1","geolocation":"POINT (-118.37146 33.9738)","status_date":"03/15/2016","permit_group":"Building","refresh_time":"06/10/2026","type_lat_lon":"ADDRESS","business_unit":"Plan Check at Counter"},"geometry":{"type":"Point","coordinates":[-118.37146,33.9738]}},{"type":"Feature","properties":{"date":"2014-04-15T00:00:00.000Z","year":2014,"description":"NEW 2-STORY 7-UNIT APT BLDG WITH BASEMENT GARAGE.","metadescription":"Bldg-New. Apartment. NEW 2-STORY 7-UNIT APT BLDG WITH BASEMENT GARAGE.. CofO Issued. 6937 S KNOWLTON PL","address":"6937 Knowlton Place, CA, Los Angeles, 90045, US","ct":"2761.00","ev":"N","apc":"West Los Angeles","cpa":"Westchester - Playa del Rey","zone":"R3-1","solar":"N","height":"39","pin_nbr":"102B173   356","use_code":"5","geolocation":"POINT (-118.37158988 33.97387678)","status_date":"03/23/2016","construction":"Type V-A Construction","permit_group":"Building","refresh_time":"06/10/2026","type_lat_lon":"BUILDING","business_unit":"Regular Plan Check","square_footage":"8593"},"geometry":{"type":"Point","coordinates":[-118.37158988,33.97387678]}},{"type":"Feature","properties":{"date":"2014-01-22T00:00:00.000Z","year":2014,"description":"HANDWRECKING DEMOLITION OF (E) GARAGE DUE TO FIRE DAMAGE.","metadescription":"Bldg-Demolition. 1 or 2 Family Dwelling. HANDWRECKING DEMOLITION OF (E) GARAGE DUE TO FIRE DAMAGE.. Permit Finaled. 2101 W 94TH PL","address":"2061 West 94Th Place, CA, Los Angeles, 90047, US","ct":"2380.00","ev":"N","apc":"South Los Angeles","cpa":"South Los Angeles","zone":"R1-1","solar":"N","pin_nbr":"093A191    15","use_code":"7","geolocation":"POINT (-118.31564 33.95062)","status_date":"03/24/2014","permit_group":"Building","refresh_time":"06/10/2026","type_lat_lon":"ADDRESS","business_unit":"Plan Check at Counter","square_footage":"0"},"geometry":{"type":"Point","coordinates":[-118.31564,33.95062]}},{"type":"Feature","properties":{"date":"2014-01-22T00:00:00.000Z","year":2014,"description":"New 2-car garage.","metadescription":"Bldg-New. 1 or 2 Family Dwelling. New 2-car garage.. Issued. 2101 W 94TH PL","address":"2061 West 94Th Place, CA, Los Angeles, 90047, US","ct":"2380.00","ev":"N","apc":"South Los Angeles","cpa":"South Los Angeles","zone":"R1-1","solar":"N","height":"12","pin_nbr":"093A191    15","use_code":"7","geolocation":"POINT (-118.31564 33.95062)","status_date":"01/22/2014","construction":"Type V-B Construction","permit_group":"Building","refresh_time":"06/10/2026","type_lat_lon":"ADDRESS","business_unit":"Plan Check at Counter","square_footage":"0"},"geometry":{"type":"Point","coordinates":[-118.31564,33.95062]}},{"type":"Feature","properties":{"date":"2013-09-17T00:00:00.000Z","year":2013,"description":"DEMOLISH THE EXISTING SFD, STORAGE SHED AND GARAGE.","metadescription":"Bldg-Demolition. 1 or 2 Family Dwelling. DEMOLISH THE EXISTING SFD, STORAGE SHED AND GARAGE.. Permit Finaled. 6537 S BRYNHURST AVE","address":"6537 Brynhurst Avenue, CA, Los Angeles, 90043, US","ct":"2349.02","ev":"N","apc":"South Los Angeles","cpa":"West Adams - Baldwin Hills - Leimert","zone":"R3-1","solar":"N","pin_nbr":"102B185    50","use_code":"1","geolocation":"POINT (-118.33403 33.97938)","status_date":"09/18/2013","permit_group":"Building","refresh_time":"06/10/2026","type_lat_lon":"ADDRESS","business_unit":"Plan Check at Counter"},"geometry":{"type":"Point","coordinates":[-118.33403,33.97938]}},{"type":"Feature","properties":{"date":"2013-09-12T00:00:00.000Z","year":2013,"description":"Construct a storage room addition at east side of garage","metadescription":"Bldg-Addition. 1 or 2 Family Dwelling. Construct a storage room addition at east side of garage. CofO Issued. 3454 W 78TH PL","address":"3454 West 78Th Place, CA, Los Angeles, 90043, US","ct":"2352.02","ev":"N","apc":"South Los Angeles","cpa":"West Adams - Baldwin Hills - Leimert","zone":"R1-1","solar":"N","pin_nbr":"099B185   366","use_code":"7","geolocation":"POINT (-118.33288394 33.96770912)","status_date":"02/07/2022","construction":"Type V-B Construction","permit_group":"Building","refresh_time":"06/10/2026","type_lat_lon":"BUILDING","business_unit":"Plan Check at Counter","square_footage":"187"},"geometry":{"type":"Point","coordinates":[-118.33288394,33.96770912]}},{"type":"Feature","properties":{"date":"2013-08-09T00:00:00.000Z","year":2013,"description":"CONSTRUCT NEW  2-STORY DUPLEX (4 BEDROOMS, 3 BATHROOMS EACH UNIT) WITH ATTACHED GARAGE AT REAR OF LOT.","metadescription":"Bldg-New. 1 or 2 Family Dwelling. CONSTRUCT NEW  2-STORY DUPLEX (4 BEDROOMS, 3 BATHROOMS EACH UNIT) WITH ATTACHED GARAGE AT REAR OF LOT.. CofO Issued. 6535-6535 1/2 S BRYNHURST AVE","address":"6537 Brynhurst Avenue, CA, Los Angeles, 90043, US","ct":"2349.02","ev":"N","apc":"South Los Angeles","cpa":"West Adams - Baldwin Hills - Leimert","zone":"R3-1","solar":"N","height":"24","pin_nbr":"102B185    50","use_code":"2","geolocation":"POINT (-118.33403 33.97947)","status_date":"02/28/2014","construction":"Type V-B Construction","permit_group":"Building","refresh_time":"06/10/2026","type_lat_lon":"ADDRESS","business_unit":"Regular Plan Check","square_footage":"3828"},"geometry":{"type":"Point","coordinates":[-118.33403,33.97947]}},{"type":"Feature","properties":{"date":"2013-08-09T00:00:00.000Z","year":2013,"description":"CONSTRUCT NEW  2-STORY DUPLEX (4 BEDROOMS, 3 BATHROOMS EACH UNIT) WITH ATTACHED GARAGE AT FRONT OF LOT.","metadescription":"Bldg-New. 1 or 2 Family Dwelling. CONSTRUCT NEW  2-STORY DUPLEX (4 BEDROOMS, 3 BATHROOMS EACH UNIT) WITH ATTACHED GARAGE AT FRONT OF LOT.. CofO Issued. 6537-6537 1/2 S BRYNHURST AVE","address":"6537 Brynhurst Avenue, CA, Los Angeles, 90043, US","ct":"2349.02","ev":"N","apc":"South Los Angeles","cpa":"West Adams - Baldwin Hills - Leimert","zone":"R3-1","solar":"N","height":"24","pin_nbr":"102B185    50","use_code":"2","geolocation":"POINT (-118.33403 33.97938)","status_date":"02/28/2014","construction":"Type V-B Construction","permit_group":"Building","refresh_time":"06/10/2026","type_lat_lon":"ADDRESS","business_unit":"Regular Plan Check","square_footage":"3828"},"geometry":{"type":"Point","coordinates":[-118.33403,33.97938]}},{"type":"Feature","properties":{"date":"2013-05-24T00:00:00.000Z","year":2013,"description":"Construct an addition at to existing garage consisting of storage room and half a bathroom. Related eletrical, hvac and plumbing.","metadescription":"Bldg-Addition. 1 or 2 Family Dwelling. Construct an addition at to existing garage consisting of storage room and half a bathroom. Related eletrical, hvac and plumbing.. Permit Expired. 9150 S VAN NESS AVE","address":"9150 South Van Ness Avenue, CA, Los Angeles, 90047, US","ct":"2384.00","ev":"N","apc":"South Los Angeles","cpa":"South Los Angeles","zone":"R1-1","solar":"N","pin_nbr":"094-5A191 128","use_code":"7","geolocation":"POINT (-118.31758 33.95298)","status_date":"06/18/2015","construction":"Type V-B Construction","permit_group":"Building","refresh_time":"06/10/2026","type_lat_lon":"ADDRESS","business_unit":"Plan Check at Counter","square_footage":"141.75"},"geometry":{"type":"Point","coordinates":[-118.31758,33.95298]}},{"type":"Feature","properties":{"date":"2013-05-10T00:00:00.000Z","year":2013,"description":"DEMOLITION OF EXISTING 3-STORY 8-UNIT APARTMENT WITH ATTACHED GARAGE. CLEAR LOT.","metadescription":"Bldg-Demolition. Apartment. DEMOLITION OF EXISTING 3-STORY 8-UNIT APARTMENT WITH ATTACHED GARAGE. CLEAR LOT.. Permit Finaled. 9317 S GLASGOW PL 1-8","address":"1-8, 9317 South Glasgow Place, CA, Los Angeles, 90045, US","ct":"2774.00","ev":"N","apc":"West Los Angeles","cpa":"Los Angeles International Airport","zone":"LAX","solar":"N","pin_nbr":"093B173   164","use_code":"5","geolocation":"POINT (-118.37174 33.95121)","status_date":"03/08/2018","permit_group":"Building","refresh_time":"06/10/2026","type_lat_lon":"ADDRESS","business_unit":"Plan Check at Counter"},"geometry":{"type":"Point","coordinates":[-118.37174,33.95121]}},{"type":"Feature","properties":{"date":"2013-05-09T00:00:00.000Z","year":2013,"description":"SUPPLEMENTAL PERMT TO PERMIT #13016-30000-08942 TO CHANGE OUT 3 WINDOWS (SAME SIZE AND TYPE FOR RESIDENTIAL BUILDINGS ONLY).  RE-STUCCO AROUND DOORS, WINDOWS, AND GARAGE DOOR.  COMPLY WITH DEPARTMENT ORDER EFFECTIVE DATE 05/24/13; PERMIT WILL EXPIRE 30 DAYS FROM ISSUANCE DATE.","metadescription":"Bldg-Alter/Repair. 1 or 2 Family Dwelling. SUPPLEMENTAL PERMT TO PERMIT #13016-30000-08942 TO CHANGE OUT 3 WINDOWS (SAME SIZE AND TYPE FOR RESIDENTIAL BUILDINGS ONLY).  RE-STUCCO AROUND DOORS, WINDOWS, AND GARAGE DOOR.  COMPLY WITH DEPARTMENT ORDER EFFECTIVE DATE 05/24/13; PERMIT WILL EXPIRE 30 DAYS FROM ISSUANCE DATE.. Permit Finaled. 7613 S GODDARD AVE","address":"7619 Goddard Avenue, CA, Los Angeles, 90045, US","ct":"2771.00","ev":"N","apc":"West Los Angeles","cpa":"Westchester - Playa del Rey","zone":"R1-1","solar":"N","pin_nbr":"099B173   382","use_code":"1","geolocation":"POINT (-118.37383 33.96731)","status_date":"09/12/2013","permit_group":"Building","refresh_time":"06/10/2026","type_lat_lon":"ADDRESS","business_unit":"Express Permit"},"geometry":{"type":"Point","coordinates":[-118.37383,33.96731]}},{"type":"Feature","properties":{"date":"2012-12-03T00:00:00.000Z","year":2012,"description":"New SFD with attached garage <fire sprinlers thru-out>","metadescription":"Bldg-New. 1 or 2 Family Dwelling. New SFD with attached garage <fire sprinlers thru-out>. CofO Issued. 7108 S GLASGOW AVE","address":"7108 Glasgow Avenue, CA, Los Angeles, 90045, US","ct":"2761.00","ev":"N","apc":"West Los Angeles","cpa":"Westchester - Playa del Rey","zone":"R1-1","solar":"N","height":"15","pin_nbr":"102B173   545","use_code":"1","geolocation":"POINT (-118.37209 33.97185)","status_date":"10/11/2013","construction":"Type V-B Construction","permit_group":"Building","refresh_time":"06/10/2026","type_lat_lon":"ADDRESS","business_unit":"Regular Plan Check","square_footage":"1834"},"geometry":{"type":"Point","coordinates":[-118.37209,33.97185]}},{"type":"Feature","properties":{"date":"2012-10-01T00:00:00.000Z","year":2012,"description":"DEMOLISH  (E) 3-CAR DETACHED GARAGE.   HANDWRECK.  REVISE SITE PARKING LAYOUT PER APPROVED PLANS UNDER PERMIT #12014-70000-01496.","metadescription":"Bldg-Demolition. 1 or 2 Family Dwelling. DEMOLISH  (E) 3-CAR DETACHED GARAGE.   HANDWRECK.  REVISE SITE PARKING LAYOUT PER APPROVED PLANS UNDER PERMIT #12014-70000-01496.. Permit Expired. 6318 S VICTORIA AVE 1-3","address":"1-3, 6318 South Victoria Avenue, CA, Los Angeles, 90043, US","ct":"2349.02","ev":"N","apc":"South Los Angeles","cpa":"West Adams - Baldwin Hills - Leimert","zone":"R3-1","solar":"N","pin_nbr":"105B185   939","use_code":"7","geolocation":"POINT (-118.33219 33.98235)","status_date":"10/24/2014","permit_group":"Building","refresh_time":"06/10/2026","type_lat_lon":"ADDRESS","business_unit":"Plan Check at Counter"},"geometry":{"type":"Point","coordinates":[-118.33219,33.98235]}},{"type":"Feature","properties":{"date":"2012-04-03T00:00:00.000Z","year":2012,"description":"REMODEL (E) SFD. REMOVE BEARING WALL BETWEEN GARAGE AND SFD.  CONVERT EXISTING GARAGE AND SCREENED PATIO TO HABITABLE SPACE.","metadescription":"Bldg-Alter/Repair. 1 or 2 Family Dwelling. REMODEL (E) SFD. REMOVE BEARING WALL BETWEEN GARAGE AND SFD.  CONVERT EXISTING GARAGE AND SCREENED PATIO TO HABITABLE SPACE.. CofO Issued. 6561 1/2 S VICTORIA AVE","address":"6557 South Victoria Avenue, CA, Los Angeles, 90043, US","ct":"2349.00","ev":"N","apc":"South Los Angeles","cpa":"West Adams - Baldwin Hills - Leimert","zone":"R3-1","solar":"N","height":"11","pin_nbr":"102B185   118","use_code":"1","geolocation":"POINT (-118.3326 33.97898)","status_date":"05/22/2012","construction":"Type V-B Construction","permit_group":"Building","refresh_time":"06/10/2026","type_lat_lon":"ADDRESS","business_unit":"Regular Plan Check","square_footage":"770"},"geometry":{"type":"Point","coordinates":[-118.3326,33.97898]}},{"type":"Feature","properties":{"date":"2012-03-16T00:00:00.000Z","year":2012,"description":"ATTACH (N) 10' X 9' TO MAKE A COVERED DRIVEWAY PATIO OFF FRONT OF (E) SINGLE FAMILY DWELLING  WITH ATTACHED GARAGE PER LA CITY STANDARDS (SEE COMMENTS).","metadescription":"Bldg-Addition. 1 or 2 Family Dwelling. ATTACH (N) 10' X 9' TO MAKE A COVERED DRIVEWAY PATIO OFF FRONT OF (E) SINGLE FAMILY DWELLING  WITH ATTACHED GARAGE PER LA CITY STANDARDS (SEE COMMENTS).. CofO Issued. 7625 S GODDARD AVE","address":"7625 Goddard Avenue, CA, Los Angeles, 90045, US","ct":"2771.00","ev":"N","apc":"West Los Angeles","cpa":"Westchester - Playa del Rey","zone":"R1-1","solar":"N","pin_nbr":"099B173   401","use_code":"1","geolocation":"POINT (-118.37361 33.96706)","status_date":"07/23/2012","construction":"Type V-B Construction","permit_group":"Building","refresh_time":"06/10/2026","type_lat_lon":"ADDRESS","business_unit":"Plan Check at Counter","square_footage":"90"},"geometry":{"type":"Point","coordinates":[-118.37361,33.96706]}},{"type":"Feature","properties":{"date":"2010-07-22T00:00:00.000Z","year":2010,"description":"Proposed  new 18' x 19'  2-car Garage.  Construction per type v sheet.  Related elec.  Located at rear.","metadescription":"Bldg-New. 1 or 2 Family Dwelling. Proposed  new 18' x 19'  2-car Garage.  Construction per type v sheet.  Related elec.  Located at rear.. CofO Issued. 6315 S LONG ST","address":"6315 Long Street, CA, Los Angeles, 90043, US","ct":"2351.00","ev":"N","apc":"South Los Angeles","cpa":"West Adams - Baldwin Hills - Leimert","zone":"R1-1","solar":"N","height":"12.92","pin_nbr":"105B185   946","use_code":"7","geolocation":"POINT (-118.33869 33.98242)","status_date":"10/29/2010","construction":"Type V-B Construction","permit_group":"Building","refresh_time":"06/10/2026","type_lat_lon":"ADDRESS","business_unit":"Plan Check at Counter"},"geometry":{"type":"Point","coordinates":[-118.33869,33.98242]}},{"type":"Feature","properties":{"date":"2010-07-22T00:00:00.000Z","year":2010,"description":"Proposed  to demo 1-car Garage.","metadescription":"Bldg-Demolition. 1 or 2 Family Dwelling. Proposed  to demo 1-car Garage.. Permit Finaled. 6315 S LONG ST","address":"6315 Long Street, CA, Los Angeles, 90043, US","ct":"2351.00","ev":"N","apc":"South Los Angeles","cpa":"West Adams - Baldwin Hills - Leimert","zone":"R1-1","solar":"N","pin_nbr":"105B185   946","use_code":"7","geolocation":"POINT (-118.33869 33.98242)","status_date":"10/26/2010","permit_group":"Building","refresh_time":"06/10/2026","type_lat_lon":"ADDRESS","business_unit":"Plan Check at Counter"},"geometry":{"type":"Point","coordinates":[-118.33869,33.98242]}},{"type":"Feature","properties":{"date":"2010-03-12T00:00:00.000Z","year":2010,"description":"(2) CAR CARPORT ADDITION (per Information Bulletin) & CONVERT (E) GARAGE TO FAMILY ROOM (per Type V Sheet). ***COMPLY WITH DEPARTMENT ORDER effective date 10/21/2005. PERMIT WILL EXPIRE 30 DAYS FROM ISSUANCE DATE***","metadescription":"Bldg-Addition. 1 or 2 Family Dwelling. (2) CAR CARPORT ADDITION (per Information Bulletin) & CONVERT (E) GARAGE TO FAMILY ROOM (per Type V Sheet). ***COMPLY WITH DEPARTMENT ORDER effective date 10/21/2005. PERMIT WILL EXPIRE 30 DAYS FROM ISSUANCE DATE***. CofO Issued. 7107 S GLASGOW AVE","address":"7107 Glasgow Avenue, CA, Los Angeles, 90045, US","ct":"2761.00","ev":"N","apc":"West Los Angeles","cpa":"Westchester - Playa del Rey","zone":"R1-1","solar":"N","height":"8.58","pin_nbr":"102B173   543","use_code":"1","geolocation":"POINT (-118.37238 33.97188)","status_date":"05/25/2010","construction":"Type V-B Construction","permit_group":"Building","refresh_time":"06/10/2026","type_lat_lon":"ADDRESS","business_unit":"Plan Check at Counter","square_footage":"335.5"},"geometry":{"type":"Point","coordinates":[-118.37238,33.97188]}},{"type":"Feature","properties":{"date":"2009-12-16T00:00:00.000Z","year":2009,"description":"REROOF GARAGE AND PART OF PATIO","metadescription":"Bldg-Alter/Repair. 1 or 2 Family Dwelling. REROOF GARAGE AND PART OF PATIO. Permit Finaled. 6537 S BRYNHURST AVE","address":"6537 Brynhurst Avenue, CA, Los Angeles, 90043, US","ct":"2349.00","ev":"N","apc":"South Los Angeles","cpa":"West Adams - Baldwin Hills - Leimert","zone":"R3-1","solar":"N","pin_nbr":"102B185    50","use_code":"7","geolocation":"POINT (-118.33403 33.97938)","status_date":"12/31/2009","permit_group":"Building","refresh_time":"06/10/2026","type_lat_lon":"ADDRESS","business_unit":"Express Permit"},"geometry":{"type":"Point","coordinates":[-118.33403,33.97938]}},{"type":"Feature","properties":{"date":"2009-09-28T00:00:00.000Z","year":2009,"description":"SUPPLEMENTAL TO PCIS# 09014-70000-00642 TO REMOVE AND REPLACE THE FOUNDATION AT THE GARAGE, WEST SIDE OF THE BUILDING","metadescription":"Bldg-Alter/Repair. 1 or 2 Family Dwelling. SUPPLEMENTAL TO PCIS# 09014-70000-00642 TO REMOVE AND REPLACE THE FOUNDATION AT THE GARAGE, WEST SIDE OF THE BUILDING. Permit Finaled. 4141 W 64TH ST","address":"6330 Mecham Way, CA, Los Angeles, 90043, US","ct":"2351.00","ev":"N","apc":"South Los Angeles","cpa":"West Adams - Baldwin Hills - Leimert","zone":"R1-1","solar":"N","pin_nbr":"105B181  1206","use_code":"1","geolocation":"POINT (-118.34707 33.98181)","status_date":"12/27/2017","permit_group":"Building","refresh_time":"06/10/2026","type_lat_lon":"ADDRESS","business_unit":"Plan Check at Counter"},"geometry":{"type":"Point","coordinates":[-118.34707,33.98181]}},{"type":"Feature","properties":{"date":"2009-09-04T00:00:00.000Z","year":2009,"description":"18'-0\" x 19'-6\" storage room addition at rear of existing detached garage per engineered design.  Related electrical.","metadescription":"Bldg-Addition. 1 or 2 Family Dwelling. 18'-0\" x 19'-6\" storage room addition at rear of existing detached garage per engineered design.  Related electrical.. Permit Expired. 8916 S VAN NESS AVE","address":"8916 South Van Ness Avenue, CA, Los Angeles, 90047, US","ct":"2384.00","ev":"N","apc":"South Los Angeles","cpa":"South Los Angeles","zone":"R1-1","solar":"N","pin_nbr":"096A191   256","use_code":"7","geolocation":"POINT (-118.31757 33.95573)","status_date":"05/21/2012","construction":"Type V-B Construction","permit_group":"Building","refresh_time":"06/10/2026","type_lat_lon":"ADDRESS","business_unit":"Plan Check at Counter","square_footage":"0"},"geometry":{"type":"Point","coordinates":[-118.31757,33.95573]}},{"type":"Feature","properties":{"date":"2009-05-21T00:00:00.000Z","year":2009,"description":"DEMO OF AN #8 UNIT APARTMENT BUILDING W/ GROUND FLOOR GARAGE. SEWER CAP REQUIRED.","metadescription":"Bldg-Demolition. Apartment. DEMO OF AN #8 UNIT APARTMENT BUILDING W/ GROUND FLOOR GARAGE. SEWER CAP REQUIRED.. Permit Finaled. 9323 S GLASGOW PL #1-8","address":"1-8, 9323 South Glasgow Place, CA, Los Angeles, 90045, US","ct":"2774.00","ev":"N","apc":"West Los Angeles","cpa":"Los Angeles International Airport","zone":"LAX","solar":"N","pin_nbr":"093B173   203","use_code":"5","geolocation":"POINT (-118.37174 33.95106)","status_date":"08/27/2009","permit_group":"Building","refresh_time":"06/10/2026","type_lat_lon":"ADDRESS","business_unit":"Plan Check at Counter","square_footage":"0"},"geometry":{"type":"Point","coordinates":[-118.37174,33.95106]}},{"type":"Feature","properties":{"date":"2009-05-21T00:00:00.000Z","year":2009,"description":"DEMO OF AN #8 UNIT APARTMENT BUILDING W/ GARAGE AT THE GROUND FLOOR. SEWER CAP REQUIRED.","metadescription":"Bldg-Demolition. Apartment. DEMO OF AN #8 UNIT APARTMENT BUILDING W/ GARAGE AT THE GROUND FLOOR. SEWER CAP REQUIRED.. Permit Finaled. 9507 S GLASGOW PL #1-8","address":"1-8, 9507 South Glasgow Place, CA, Los Angeles, 90045, US","ct":"2774.00","ev":"N","apc":"West Los Angeles","cpa":"Los Angeles International Airport","zone":"LAX","solar":"N","pin_nbr":"093B173   354","use_code":"5","geolocation":"POINT (-118.37175 33.94982)","status_date":"08/27/2009","permit_group":"Building","refresh_time":"06/10/2026","type_lat_lon":"ADDRESS","business_unit":"Plan Check at Counter","square_footage":"0"},"geometry":{"type":"Point","coordinates":[-118.37175,33.94982]}},{"type":"Feature","properties":{"date":"2009-04-16T00:00:00.000Z","year":2009,"description":"DEMO OF AN #8 UNIT APARTMENT BUILDING W/ GROUND FLOOR GARAGE. SEWER CAP REQUIED.","metadescription":"Bldg-Demolition. Apartment. DEMO OF AN #8 UNIT APARTMENT BUILDING W/ GROUND FLOOR GARAGE. SEWER CAP REQUIED.. Permit Finaled. 9610 S GLASGOW PL #1-8","address":"9610 South Glasgow Place, CA, Los Angeles, 90045, US","ct":"2774.00","ev":"N","apc":"West Los Angeles","cpa":"Los Angeles International Airport","zone":"LAX","solar":"N","pin_nbr":"093B173   454","use_code":"5","geolocation":"POINT (-118.37135 33.94893)","status_date":"06/29/2010","permit_group":"Building","refresh_time":"06/10/2026","type_lat_lon":"ADDRESS","business_unit":"Plan Check at Counter","square_footage":"0"},"geometry":{"type":"Point","coordinates":[-118.37135,33.94893]}},{"type":"Feature","properties":{"date":"2009-03-24T00:00:00.000Z","year":2009,"description":"ADD PARTITION IN THE EXISTING GARAGE TO CREATE A RECREATION ROOM AND A HALF BATH ROOM. (ALL CONSTRUCTION PER TYPE V SHT.)","metadescription":"Bldg-Alter/Repair. 1 or 2 Family Dwelling. ADD PARTITION IN THE EXISTING GARAGE TO CREATE A RECREATION ROOM AND A HALF BATH ROOM. (ALL CONSTRUCTION PER TYPE V SHT.). Issued. 2061 W 95TH ST","address":"2057 West 95Th Street, CA, Los Angeles, 90047, US","ct":"2380.00","ev":"N","apc":"South Los Angeles","cpa":"South Los Angeles","zone":"R1-1","solar":"N","pin_nbr":"093A191    74","use_code":"7","geolocation":"POINT (-118.31547 33.94991)","status_date":"03/24/2009","construction":"Type V-B Construction","permit_group":"Building","refresh_time":"06/10/2026","type_lat_lon":"ADDRESS","business_unit":"Plan Check at Counter"},"geometry":{"type":"Point","coordinates":[-118.31547,33.94991]}},{"type":"Feature","properties":{"date":"2008-10-21T00:00:00.000Z","year":2008,"description":"Demolish one-story single family dwelling and detached two-car garage by handwreck method.  Pedestrian protection by fence is required.","metadescription":"Bldg-Demolition. 1 or 2 Family Dwelling. Demolish one-story single family dwelling and detached two-car garage by handwreck method.  Pedestrian protection by fence is required.. Permit Finaled. 3431 W 67TH ST","address":"3431 West 67Th Street, CA, Los Angeles, 90043, US","ct":"2349.00","ev":"N","apc":"South Los Angeles","cpa":"West Adams - Baldwin Hills - Leimert","zone":"R3-1","solar":"N","pin_nbr":"102B185   242","use_code":"1","geolocation":"POINT (-118.332 33.97825)","status_date":"11/14/2008","permit_group":"Building","refresh_time":"06/10/2026","type_lat_lon":"ADDRESS","business_unit":"Plan Check at Counter"},"geometry":{"type":"Point","coordinates":[-118.332,33.97825]}},{"type":"Feature","properties":{"date":"2008-06-17T00:00:00.000Z","year":2008,"description":"TEAR OFF EXISTING ROOF FROM SFD AND DETACHED GARAGE.  INSTALL PLYWOOD AND SHINGLES.","metadescription":"Bldg-Alter/Repair. 1 or 2 Family Dwelling. TEAR OFF EXISTING ROOF FROM SFD AND DETACHED GARAGE.  INSTALL PLYWOOD AND SHINGLES.. Permit Finaled. 8930 S VAN NESS AVE","address":"8930 South Van Ness Avenue, CA, Los Angeles, 90047, US","ct":"2384.00","ev":"N","apc":"South Los Angeles","cpa":"South Los Angeles","zone":"R1-1","solar":"N","pin_nbr":"096A191   284","use_code":"1","geolocation":"POINT (-118.31757 33.95532)","status_date":"04/08/2009","permit_group":"Building","refresh_time":"06/10/2026","type_lat_lon":"ADDRESS","business_unit":"Express Permit"},"geometry":{"type":"Point","coordinates":[-118.31757,33.95532]}},{"type":"Feature","properties":{"date":"2008-04-14T00:00:00.000Z","year":2008,"description":"Proposed 14'x12' addition  to the side of the (e) 2-car garage consisting of a storage room.  Related elec.  Conventional Ligth-frame construction .","metadescription":"Bldg-Addition. 1 or 2 Family Dwelling. Proposed 14'x12' addition  to the side of the (e) 2-car garage consisting of a storage room.  Related elec.  Conventional Ligth-frame construction .. Issued. 2030 W 94TH ST","address":"2030 West 94Th Street, CA, Los Angeles, 90047, US","ct":"2380.00","ev":"N","apc":"South Los Angeles","cpa":"South Los Angeles","zone":"R1-1","solar":"N","pin_nbr":"094-5A191 276","use_code":"7","geolocation":"POINT (-118.31447 33.95112)","status_date":"04/14/2008","construction":"Type V-B Construction","permit_group":"Building","refresh_time":"06/10/2026","type_lat_lon":"ADDRESS","business_unit":"Plan Check at Counter"},"geometry":{"type":"Point","coordinates":[-118.31447,33.95112]}},{"type":"Feature","properties":{"date":"2007-12-21T00:00:00.000Z","year":2007,"description":"DEMO (E) GARAGE (NEW GARAGE IS UNDER PERMIT # 07010-20000-04802)","metadescription":"Bldg-Demolition. 1 or 2 Family Dwelling. DEMO (E) GARAGE (NEW GARAGE IS UNDER PERMIT # 07010-20000-04802). Permit Finaled. 5500 W 78TH ST","address":"5500 West 78Th Street, CA, Los Angeles, 90045, US","ct":"2771.00","ev":"N","apc":"West Los Angeles","cpa":"Westchester - Playa del Rey","zone":"R1-1","solar":"N","pin_nbr":"099B173   602","use_code":"7","geolocation":"POINT (-118.37559 33.96532)","status_date":"01/17/2008","permit_group":"Building","refresh_time":"06/10/2026","type_lat_lon":"ADDRESS","business_unit":"Plan Check at Counter","square_footage":"0"},"geometry":{"type":"Point","coordinates":[-118.37559,33.96532]}},{"type":"Feature","properties":{"date":"2007-12-21T00:00:00.000Z","year":2007,"description":"(N) 40' X 20' (800SF) RECREATION ROOM W/ 1/2 BATH AND GARAGE","metadescription":"Bldg-New. 1 or 2 Family Dwelling. (N) 40' X 20' (800SF) RECREATION ROOM W/ 1/2 BATH AND GARAGE. CofO Issued. 5500 W 78TH ST","address":"5500 West 78Th Street, CA, Los Angeles, 90045, US","ct":"2771.00","ev":"N","apc":"West Los Angeles","cpa":"Westchester - Playa del Rey","zone":"R1-1","solar":"N","height":"13.5","pin_nbr":"099B173   602","use_code":"7","geolocation":"POINT (-118.37559 33.96532)","status_date":"09/30/2008","construction":"Type V-N Construction","permit_group":"Building","refresh_time":"06/10/2026","type_lat_lon":"ADDRESS","business_unit":"Plan Check at Counter","square_footage":"400"},"geometry":{"type":"Point","coordinates":[-118.37559,33.96532]}},{"type":"Feature","properties":{"date":"2007-12-19T00:00:00.000Z","year":2007,"description":"DEMOLISH 7-UNIT  2- STORY APARTMENT BUIILDING WITH ATTACHED GARAGE. HANDWRECK METHOD DOWN TO 10' HEIGHT, THEN DOZER WRECKING WHERE YARDS ARE GREATER THAN BUIDLING HEIGHT. SEWER CAP REQUIRED. FENCE REQUIRED FOR PEDESTRIAN PROTECTION.","metadescription":"Bldg-Demolition. Apartment. DEMOLISH 7-UNIT  2- STORY APARTMENT BUIILDING WITH ATTACHED GARAGE. HANDWRECK METHOD DOWN TO 10' HEIGHT, THEN DOZER WRECKING WHERE YARDS ARE GREATER THAN BUIDLING HEIGHT. SEWER CAP REQUIRED. FENCE REQUIRED FOR PEDESTRIAN PROTECTION.. Permit Finaled. 5319-5321 W 93RD ST 1-7","address":"1-5, 5319 West 93Rd Street, CA, Los Angeles, 90045, US","ct":"2774.00","ev":"N","apc":"West Los Angeles","cpa":"Los Angeles International Airport","zone":"LAX","solar":"N","pin_nbr":"093B173   102","use_code":"5","geolocation":"POINT (-118.37321 33.95173)","status_date":"11/24/2008","permit_group":"Building","refresh_time":"06/10/2026","type_lat_lon":"ADDRESS","business_unit":"Plan Check at Counter","square_footage":"0"},"geometry":{"type":"Point","coordinates":[-118.37321,33.95173]}},{"type":"Feature","properties":{"date":"2007-10-22T00:00:00.000Z","year":2007,"description":"Re-roof existing detached two-car garage with new ceiling joists and roof rafters.  Constrcution per type V sheet, P/BC 2002-004.","metadescription":"Bldg-Alter/Repair. 1 or 2 Family Dwelling. Re-roof existing detached two-car garage with new ceiling joists and roof rafters.  Constrcution per type V sheet, P/BC 2002-004.. Permit Finaled. 9611 S HAAS AVE","address":"9611 Haas Avenue, CA, Los Angeles, 90047, US","ct":"2380.00","ev":"N","apc":"South Los Angeles","cpa":"South Los Angeles","zone":"R1-1","solar":"N","pin_nbr":"093A191   175","use_code":"7","geolocation":"POINT (-118.31685 33.9486)","status_date":"01/16/2008","permit_group":"Building","refresh_time":"06/10/2026","type_lat_lon":"ADDRESS","business_unit":"Plan Check at Counter"},"geometry":{"type":"Point","coordinates":[-118.31685,33.9486]}},{"type":"Feature","properties":{"date":"2007-10-17T00:00:00.000Z","year":2007,"description":"Remove 8' x 21' portion between (e) recreation room and garage.  Convert remaining 14'3\" x 21' portion to bedroom with 3/4 bath and add 4'6\" x 17'9\" hallway to  connect to (e) sfd  .  Also convert (e) bedroom to family room.  Work in compliance with department order dated 07/17/07.  Pemit will expire 30 days from issuance date.  ceis#209433","metadescription":"Bldg-Addition. 1 or 2 Family Dwelling. Remove 8' x 21' portion between (e) recreation room and garage.  Convert remaining 14'3\" x 21' portion to bedroom with 3/4 bath and add 4'6\" x 17'9\" hallway to  connect to (e) sfd  .  Also convert (e) bedroom to family room.  Work in compliance with department order dated 07/17/07.  Pemit will expire 30 days from issuance date.  ceis#209433. Issued. 3701 W 62ND ST","address":"3701 West 62Nd Street, CA, Los Angeles, 90043, US","ct":"2349.00","ev":"N","apc":"South Los Angeles","cpa":"West Adams - Baldwin Hills - Leimert","zone":"R1-1","solar":"N","pin_nbr":"105B185   659","use_code":"1","geolocation":"POINT (-118.33795 33.98367)","status_date":"10/17/2007","construction":"Type V-N Construction","permit_group":"Building","refresh_time":"06/10/2026","type_lat_lon":"ADDRESS","business_unit":"Plan Check at Counter","square_footage":"79.9"},"geometry":{"type":"Point","coordinates":[-118.33795,33.98367]}},{"type":"Feature","properties":{"date":"2007-08-14T00:00:00.000Z","year":2007,"description":"DEMOLITION OF EXISTING DUPLEX AND DETACHED GARAGE. CLEAR LOT, FENCE AND SEWER CAP REQUIRED.","metadescription":"Bldg-Demolition. 1 or 2 Family Dwelling. DEMOLITION OF EXISTING DUPLEX AND DETACHED GARAGE. CLEAR LOT, FENCE AND SEWER CAP REQUIRED.. Permit Finaled. 9421-9423 S GLASGOW PL","address":"9421 South Glasgow Place, CA, Los Angeles, 90045, US","ct":"2774.00","ev":"N","apc":"West Los Angeles","cpa":"Los Angeles International Airport","zone":"LAX","solar":"N","pin_nbr":"093B173   309","use_code":"2","geolocation":"POINT (-118.37162 33.95016)","status_date":"10/04/2007","permit_group":"Building","refresh_time":"06/10/2026","type_lat_lon":"ADDRESS","business_unit":"Plan Check at Counter","square_footage":"0"},"geometry":{"type":"Point","coordinates":[-118.37162,33.95016]}},{"type":"Feature","properties":{"date":"2007-08-14T00:00:00.000Z","year":2007,"description":"DEMOLITION OF EXISTING DUPLEX AND DETACHED GARAGE. CLEAR LOT, FENCE & SEWER CAP REQUIRED","metadescription":"Bldg-Demolition. 1 or 2 Family Dwelling. DEMOLITION OF EXISTING DUPLEX AND DETACHED GARAGE. CLEAR LOT, FENCE & SEWER CAP REQUIRED. Permit Finaled. 9412-9414 S GLASGOW PL","address":"9412 South Glasgow Place, CA, Los Angeles, 90045, US","ct":"2774.00","ev":"N","apc":"West Los Angeles","cpa":"Los Angeles International Airport","zone":"LAX","solar":"N","pin_nbr":"093B173   293","use_code":"2","geolocation":"POINT (-118.37136 33.95035)","status_date":"10/04/2007","permit_group":"Building","refresh_time":"06/10/2026","type_lat_lon":"ADDRESS","business_unit":"Plan Check at Counter","square_footage":"0"},"geometry":{"type":"Point","coordinates":[-118.37136,33.95035]}},{"type":"Feature","properties":{"date":"2007-07-30T00:00:00.000Z","year":2007,"description":"REMOVE ALL LAYERS TO BAREWOOD.  INSTALL NEW 1/2 INCH O.S.B.  INSTALL CLASS \"A\" COMP. SHINGLES.  (RECOVER GARAGE ONLY)","metadescription":"Bldg-Alter/Repair. 1 or 2 Family Dwelling. REMOVE ALL LAYERS TO BAREWOOD.  INSTALL NEW 1/2 INCH O.S.B.  INSTALL CLASS \"A\" COMP. SHINGLES.  (RECOVER GARAGE ONLY). Permit Finaled. 7786 S TOLAND AVE","address":"7786 Toland Avenue, CA, Los Angeles, 90045, US","ct":"2771.00","ev":"N","apc":"West Los Angeles","cpa":"Westchester - Playa del Rey","zone":"R1-1","solar":"N","pin_nbr":"099B173   466","use_code":"1","geolocation":"POINT (-118.37475 33.96628)","status_date":"08/24/2007","permit_group":"Building","refresh_time":"06/10/2026","type_lat_lon":"ADDRESS","business_unit":"Express Permit"},"geometry":{"type":"Point","coordinates":[-118.37475,33.96628]}},{"type":"Feature","properties":{"date":"2007-07-26T00:00:00.000Z","year":2007,"description":"REPAIR TERMITE/DRY ROT DAMAGED AT ROOF FOR GARAGE.","metadescription":"Bldg-Alter/Repair. Apartment. REPAIR TERMITE/DRY ROT DAMAGED AT ROOF FOR GARAGE.. Permit Expired. 6536-6540 S VICTORIA AVE","address":"6534 South Victoria Avenue, CA, Los Angeles, 90043, US","ct":"2349.00","ev":"N","apc":"South Los Angeles","cpa":"West Adams - Baldwin Hills - Leimert","zone":"R3-1","solar":"N","pin_nbr":"102B185    47","use_code":"5","geolocation":"POINT (-118.33221 33.97951)","status_date":"02/02/2010","permit_group":"Building","refresh_time":"06/10/2026","type_lat_lon":"ADDRESS","business_unit":"Express Permit"},"geometry":{"type":"Point","coordinates":[-118.33221,33.97951]}},{"type":"Feature","properties":{"date":"2007-07-25T00:00:00.000Z","year":2007,"description":"DEMO EXISTING TWO CAR GARAGE - DPI L # 14162.  HANDWRECK METHOD. SEWER CAP NOT REQUIRED.","metadescription":"Bldg-Demolition. 1 or 2 Family Dwelling. DEMO EXISTING TWO CAR GARAGE - DPI L # 14162.  HANDWRECK METHOD. SEWER CAP NOT REQUIRED.. Permit Finaled. 9306 S GLASGOW PL 1-2","address":"1-7, 9306 South Glasgow Place, CA, Los Angeles, 90045, US","ct":"2774.00","ev":"N","apc":"West Los Angeles","cpa":"Los Angeles International Airport","zone":"LAX","solar":"N","pin_nbr":"093B173    93","use_code":"7","geolocation":"POINT (-118.37137 33.95175)","status_date":"06/15/2023","permit_group":"Building","refresh_time":"06/10/2026","type_lat_lon":"ADDRESS","business_unit":"Plan Check at Counter"},"geometry":{"type":"Point","coordinates":[-118.37137,33.95175]}},{"type":"Feature","properties":{"date":"2007-06-21T00:00:00.000Z","year":2007,"description":"DEMO APARTMENT, GARAGE AND SEWER CAP REQUIRED. HAND DOZER","metadescription":"Bldg-Demolition. Apartment. DEMO APARTMENT, GARAGE AND SEWER CAP REQUIRED. HAND DOZER. Permit Finaled. 9607 S GLASGOW PL 1-6","address":"1-6, 9607 South Glasgow Place, CA, Los Angeles, 90045, US","ct":"2774.00","ev":"N","apc":"West Los Angeles","cpa":"Los Angeles International Airport","zone":"LAX","solar":"N","pin_nbr":"093B173   457","use_code":"5","geolocation":"POINT (-118.37175 33.94904)","status_date":"10/02/2007","permit_group":"Building","refresh_time":"06/10/2026","type_lat_lon":"ADDRESS","business_unit":"Plan Check at Counter","square_footage":"0"},"geometry":{"type":"Point","coordinates":[-118.37175,33.94904]}},{"type":"Feature","properties":{"date":"2007-06-14T00:00:00.000Z","year":2007,"description":"DEMOLISH ONE STORY SINGLE FAMILY DWELLING (1947LA32430, A= 810 SF) AND DETACHED ONE STORY GARAGE.  SEWER CAP REQUIRED.  HANDWRECK METHOD. CLEAR LOT.","metadescription":"Bldg-Demolition. 1 or 2 Family Dwelling. DEMOLISH ONE STORY SINGLE FAMILY DWELLING (1947LA32430, A= 810 SF) AND DETACHED ONE STORY GARAGE.  SEWER CAP REQUIRED.  HANDWRECK METHOD. CLEAR LOT.. Permit Finaled. 6802 S BRYNHURST AVE","address":"6740 Brynhurst Avenue, CA, Los Angeles, 90043, US","ct":"2352.02","ev":"N","apc":"South Los Angeles","cpa":"West Adams - Baldwin Hills - Leimert","zone":"R3-1","solar":"N","pin_nbr":"102B185   516","use_code":"1","geolocation":"POINT (-118.33346848 33.97681205)","status_date":"12/26/2007","permit_group":"Building","refresh_time":"06/10/2026","type_lat_lon":"PIN","business_unit":"Plan Check at Counter","square_footage":"0"},"geometry":{"type":"Point","coordinates":[-118.33346848,33.97681205]}},{"type":"Feature","properties":{"date":"2007-05-21T00:00:00.000Z","year":2007,"description":"REMOVE EXISTING ROOFING FROM HOUSE AND DETACHED GARAGE TO SHEATHING. RESHEATH WITH 1/2\" PLYWOOD. NAIL ON 30LB FEIT WITH 30YEAR ASPHALT SHINGLES.","metadescription":"Bldg-Alter/Repair. 1 or 2 Family Dwelling. REMOVE EXISTING ROOFING FROM HOUSE AND DETACHED GARAGE TO SHEATHING. RESHEATH WITH 1/2\" PLYWOOD. NAIL ON 30LB FEIT WITH 30YEAR ASPHALT SHINGLES.. Permit Finaled. 9107 S HAAS AVE","address":"9107 Haas Avenue, CA, Los Angeles, 90047, US","ct":"2384.00","ev":"N","apc":"South Los Angeles","cpa":"South Los Angeles","zone":"R1-1","solar":"N","pin_nbr":"094-5A191  42","use_code":"1","geolocation":"POINT (-118.31678 33.9542)","status_date":"07/02/2007","permit_group":"Building","refresh_time":"06/10/2026","type_lat_lon":"ADDRESS","business_unit":"Express Permit"},"geometry":{"type":"Point","coordinates":[-118.31678,33.9542]}},{"type":"Feature","properties":{"date":"2007-04-25T00:00:00.000Z","year":2007,"description":"REROOF SFD AND DETACHED GARAGE, TEAR OFF EXISTING ROOFING MATERIAL, ISNTALL 1/2\" CDX PLYWOOD, APPLY 2 LAYERS 30LB ASTM FEL, REROOF WITH LCASS \"A\" FIBERGLASS 30 YR SHINGLES. FLAT ROOF HOT MOP CLASS \"A\" 4 PLY CAP SHEET REROOF WIT HOT ASPHALT.","metadescription":"Bldg-Alter/Repair. 1 or 2 Family Dwelling. REROOF SFD AND DETACHED GARAGE, TEAR OFF EXISTING ROOFING MATERIAL, ISNTALL 1/2\" CDX PLYWOOD, APPLY 2 LAYERS 30LB ASTM FEL, REROOF WITH LCASS \"A\" FIBERGLASS 30 YR SHINGLES. FLAT ROOF HOT MOP CLASS \"A\" 4 PLY CAP SHEET REROOF WIT HOT ASPHALT.. Permit Finaled. 7700 S HINDRY AVE","address":"7706 Hindry Avenue, CA, Los Angeles, 90045, US","ct":"2771.00","ev":"N","apc":"West Los Angeles","cpa":"Westchester - Playa del Rey","zone":"R1-1","solar":"N","pin_nbr":"099B173   379","use_code":"1","geolocation":"POINT (-118.37448 33.96718)","status_date":"05/11/2007","permit_group":"Building","refresh_time":"06/10/2026","type_lat_lon":"ADDRESS","business_unit":"Express Permit"},"geometry":{"type":"Point","coordinates":[-118.37448,33.96718]}},{"type":"Feature","properties":{"date":"2007-04-02T00:00:00.000Z","year":2007,"description":"DEMOLISH EXISTING DUPLEX AND DETACHED GARAGE. CLEAR LOT. HANDWRECK METHOD. SEWER CAP REQUIRED. FENCE REQUIRED FOR PEDESTRIAN PROTECTION.","metadescription":"Bldg-Demolition. 1 or 2 Family Dwelling. DEMOLISH EXISTING DUPLEX AND DETACHED GARAGE. CLEAR LOT. HANDWRECK METHOD. SEWER CAP REQUIRED. FENCE REQUIRED FOR PEDESTRIAN PROTECTION.. Permit Finaled. 9626-9628 S GLASGOW PL","address":"1-18, 9626 South Glasgow Place, CA, Los Angeles, 90045, US","ct":"2774.00","ev":"N","apc":"West Los Angeles","cpa":"Los Angeles International Airport","zone":"LAX","solar":"N","pin_nbr":"093B173   500","use_code":"2","geolocation":"POINT (-118.37136 33.94858)","status_date":"07/24/2007","permit_group":"Building","refresh_time":"06/10/2026","type_lat_lon":"ADDRESS","business_unit":"Plan Check at Counter"},"geometry":{"type":"Point","coordinates":[-118.37136,33.94858]}},{"type":"Feature","properties":{"date":"2007-04-02T00:00:00.000Z","year":2007,"description":"DEMOLISH EXISTING DUPLEX WITH ATTACHED GARAGE. CLEAR LOT. HANDWRECK METHOD. SEWER CAP REQUIRED. FENCE REQUIRED FOR PEDESTRIAN PROTECTION.","metadescription":"Bldg-Demolition. 1 or 2 Family Dwelling. DEMOLISH EXISTING DUPLEX WITH ATTACHED GARAGE. CLEAR LOT. HANDWRECK METHOD. SEWER CAP REQUIRED. FENCE REQUIRED FOR PEDESTRIAN PROTECTION.. Permit Finaled. 9737-9739 S GLASGOW PL","address":"9737 South Glasgow Place, CA, Los Angeles, 90045, US","ct":"2774.00","ev":"N","apc":"West Los Angeles","cpa":"Los Angeles International Airport","zone":"LAX","solar":"N","pin_nbr":"093B173   586","use_code":"2","geolocation":"POINT (-118.37192 33.94753)","status_date":"07/24/2007","permit_group":"Building","refresh_time":"06/10/2026","type_lat_lon":"ADDRESS","business_unit":"Plan Check at Counter"},"geometry":{"type":"Point","coordinates":[-118.37192,33.94753]}},{"type":"Feature","properties":{"date":"2007-03-21T00:00:00.000Z","year":2007,"description":"DEMO EXISTING 1 STORY SFD AND DETACHED GARAGE.  DEMO BY HANDWRECK, SEWER CAP IS REQ'D, CLEAR AND FENCE THE LOT.  DPI #L0130.","metadescription":"Bldg-Demolition. 1 or 2 Family Dwelling. DEMO EXISTING 1 STORY SFD AND DETACHED GARAGE.  DEMO BY HANDWRECK, SEWER CAP IS REQ'D, CLEAR AND FENCE THE LOT.  DPI #L0130.. Permit Finaled. 5210 W 98TH ST","address":"5210 West 98Th Street, CA, Los Angeles, 90045, US","ct":"2774.00","ev":"N","apc":"West Los Angeles","cpa":"Los Angeles International Airport","zone":"LAX","solar":"N","pin_nbr":"093B173   692","use_code":"1","geolocation":"POINT (-118.3707 33.9468)","status_date":"07/24/2007","permit_group":"Building","refresh_time":"06/10/2026","type_lat_lon":"ADDRESS","business_unit":"Appointment Plan Check","square_footage":"0"},"geometry":{"type":"Point","coordinates":[-118.3707,33.9468]}},{"type":"Feature","properties":{"date":"2007-03-21T00:00:00.000Z","year":2007,"description":"DEMO EXISTING 1 STORY SFD AND DETACHED GARAGE.  DEMO BY HANDWRECK, SEWER CAP IS REQ'D, CLEAR AND FENCE THE LOT.  DPI #L0131.","metadescription":"Bldg-Demolition. 1 or 2 Family Dwelling. DEMO EXISTING 1 STORY SFD AND DETACHED GARAGE.  DEMO BY HANDWRECK, SEWER CAP IS REQ'D, CLEAR AND FENCE THE LOT.  DPI #L0131.. Permit Finaled. 5211 W 98TH ST","address":"5211 West 98Th Street, CA, Los Angeles, 90045, US","ct":"2774.00","ev":"N","apc":"West Los Angeles","cpa":"Los Angeles International Airport","zone":"LAX","solar":"N","pin_nbr":"093B173   647","use_code":"1","geolocation":"POINT (-118.3707 33.94696)","status_date":"07/24/2007","permit_group":"Building","refresh_time":"06/10/2026","type_lat_lon":"ADDRESS","business_unit":"Appointment Plan Check","square_footage":"0"},"geometry":{"type":"Point","coordinates":[-118.3707,33.94696]}},{"type":"Feature","properties":{"date":"2007-03-21T00:00:00.000Z","year":2007,"description":"DEMO EXISTING 1 STORY SFD AND DETACHED GARAGE.  DEMO BY HANDWRECK, SEWER CAP IS REQ'D, CLEAR AND FENCE THE LOT.  DPI #L0132.","metadescription":"Bldg-Demolition. 1 or 2 Family Dwelling. DEMO EXISTING 1 STORY SFD AND DETACHED GARAGE.  DEMO BY HANDWRECK, SEWER CAP IS REQ'D, CLEAR AND FENCE THE LOT.  DPI #L0132.. Permit Finaled. 5200 W 98TH ST","address":"5200 West 98Th Street, CA, Los Angeles, 90045, US","ct":"2774.00","ev":"N","apc":"West Los Angeles","cpa":"Los Angeles International Airport","zone":"LAX","solar":"N","pin_nbr":"093B173   690","use_code":"1","geolocation":"POINT (-118.37048 33.94677)","status_date":"07/24/2007","permit_group":"Building","refresh_time":"06/10/2026","type_lat_lon":"ADDRESS","business_unit":"Appointment Plan Check","square_footage":"0"},"geometry":{"type":"Point","coordinates":[-118.37048,33.94677]}},{"type":"Feature","properties":{"date":"2007-03-08T00:00:00.000Z","year":2007,"description":"DEMOLITION OF EXISTING SFD AND ATTACHED GARAGE.   SEWAGE CAP REQUIRED.","metadescription":"Bldg-Demolition. 1 or 2 Family Dwelling. DEMOLITION OF EXISTING SFD AND ATTACHED GARAGE.   SEWAGE CAP REQUIRED.. Permit Finaled. 9407 S HINDRY PL","address":"9407 South Hindry Place, CA, Los Angeles, 90045, US","ct":"2774.00","ev":"N","apc":"West Los Angeles","cpa":"Los Angeles International Airport","zone":"LAX","solar":"N","pin_nbr":"093B173   258","use_code":"1","geolocation":"POINT (-118.37266 33.95043)","status_date":"05/04/2007","permit_group":"Building","refresh_time":"06/10/2026","type_lat_lon":"ADDRESS","business_unit":"Appointment Plan Check","square_footage":"0"},"geometry":{"type":"Point","coordinates":[-118.37266,33.95043]}},{"type":"Feature","properties":{"date":"2007-03-08T00:00:00.000Z","year":2007,"description":"New 2-car garage (20' x 20') in the rear yard.  Related elec.","metadescription":"Bldg-New. 1 or 2 Family Dwelling. New 2-car garage (20' x 20') in the rear yard.  Related elec.. CofO Issued. 6302 S RIMPAU BLVD","address":"6302 South Rimpau Boulevard, CA, Los Angeles, 90043, US","ct":"2351.00","ev":"N","apc":"South Los Angeles","cpa":"West Adams - Baldwin Hills - Leimert","zone":"R1-1","solar":"N","height":"11.25","pin_nbr":"105B185   877","use_code":"7","geolocation":"POINT (-118.3395 33.98273)","status_date":"08/09/2007","construction":"Type V-N Construction","permit_group":"Building","refresh_time":"06/10/2026","type_lat_lon":"ADDRESS","business_unit":"Plan Check at Counter","square_footage":"0"},"geometry":{"type":"Point","coordinates":[-118.3395,33.98273]}},{"type":"Feature","properties":{"date":"2007-03-08T00:00:00.000Z","year":2007,"description":"DEMOLITION OF SFD AND DETACHED GARAGE.  SEWAGE CAP REQUIRED.","metadescription":"Bldg-Demolition. 1 or 2 Family Dwelling. DEMOLITION OF SFD AND DETACHED GARAGE.  SEWAGE CAP REQUIRED.. Permit Finaled. 5210 W PARDEE ST","address":"5210 West Pardee Street, CA, Los Angeles, 90045, US","ct":"2774.00","ev":"N","apc":"West Los Angeles","cpa":"Los Angeles International Airport","zone":"LAX","solar":"N","pin_nbr":"093B173   461","use_code":"1","geolocation":"POINT (-118.3707 33.94895)","status_date":"05/04/2007","permit_group":"Building","refresh_time":"06/10/2026","type_lat_lon":"ADDRESS","business_unit":"Appointment Plan Check","square_footage":"0"},"geometry":{"type":"Point","coordinates":[-118.3707,33.94895]}},{"type":"Feature","properties":{"date":"2007-03-08T00:00:00.000Z","year":2007,"description":"Demolish (e) 14'-2\" x 18'-0\" 1-car garage.Method of demo: Handwrecking","metadescription":"Bldg-Demolition. 1 or 2 Family Dwelling. Demolish (e) 14'-2\" x 18'-0\" 1-car garage.Method of demo: Handwrecking. Permit Finaled. 6302 S RIMPAU BLVD","address":"6302 South Rimpau Boulevard, CA, Los Angeles, 90043, US","ct":"2351.00","ev":"N","apc":"South Los Angeles","cpa":"West Adams - Baldwin Hills - Leimert","zone":"R1-1","solar":"N","pin_nbr":"105B185   877","use_code":"8","geolocation":"POINT (-118.3395 33.98273)","status_date":"08/09/2007","permit_group":"Building","refresh_time":"06/10/2026","type_lat_lon":"ADDRESS","business_unit":"Plan Check at Counter","square_footage":"0"},"geometry":{"type":"Point","coordinates":[-118.3395,33.98273]}},{"type":"Feature","properties":{"date":"2007-02-05T00:00:00.000Z","year":2007,"description":"Demolish existing apartment with garage. Demolish by dozer. DPI log# L14170.","metadescription":"Bldg-Demolition. Apartment. Demolish existing apartment with garage. Demolish by dozer. DPI log# L14170.. Permit Finaled. 9744 S GLASGOW PL","address":"9744 South Glasgow Place, CA, Los Angeles, 90045, US","ct":"2774.00","ev":"N","apc":"West Los Angeles","cpa":"Los Angeles International Airport","zone":"LAX","solar":"N","pin_nbr":"093B173   617","use_code":"5","geolocation":"POINT (-118.37177 33.94725)","status_date":"04/02/2007","permit_group":"Building","refresh_time":"06/10/2026","type_lat_lon":"ADDRESS","business_unit":"Plan Check at Counter","square_footage":"0"},"geometry":{"type":"Point","coordinates":[-118.37177,33.94725]}},{"type":"Feature","properties":{"date":"2007-02-05T00:00:00.000Z","year":2007,"description":"Demolish existing apartment with garage. Demolish by dozer. DPI log# L14171.","metadescription":"Bldg-Demolition. Apartment. Demolish existing apartment with garage. Demolish by dozer. DPI log# L14171.. Permit Finaled. 9800 S GLASGOW PL 1-10","address":"1-10, 9800 South Glasgow Place, CA, Los Angeles, 90045, US","ct":"2774.00","ev":"N","apc":"West Los Angeles","cpa":"Los Angeles International Airport","zone":"LAX","solar":"N","pin_nbr":"093B173   655","use_code":"5","geolocation":"POINT (-118.37188 33.94708)","status_date":"04/12/2007","permit_group":"Building","refresh_time":"06/10/2026","type_lat_lon":"ADDRESS","business_unit":"Plan Check at Counter","square_footage":"0"},"geometry":{"type":"Point","coordinates":[-118.37188,33.94708]}},{"type":"Feature","properties":{"date":"2006-11-22T00:00:00.000Z","year":2006,"description":"DEMO SFD W/ DETACHED GARAGE AND SEWER CAP. DEMO BY HANDWRECK.DPI LOG # 14644ALL CLEARANCES HAVING BEEN APPROVED BY LETTER ON FILE FOR SPECIFIC PLAN ZI 2338","metadescription":"Bldg-Demolition. 1 or 2 Family Dwelling. DEMO SFD W/ DETACHED GARAGE AND SEWER CAP. DEMO BY HANDWRECK.DPI LOG # 14644ALL CLEARANCES HAVING BEEN APPROVED BY LETTER ON FILE FOR SPECIFIC PLAN ZI 2338. Permit Finaled. 5207 W 94TH ST","address":"5207 West 94Th Street, CA, Los Angeles, 90045, US","ct":"2774.00","ev":"N","apc":"West Los Angeles","cpa":"Los Angeles International Airport","zone":"LAX","solar":"N","pin_nbr":"093B173   160","use_code":"1","geolocation":"POINT (-118.3706 33.95115)","status_date":"12/27/2006","permit_group":"Building","refresh_time":"06/10/2026","type_lat_lon":"ADDRESS","business_unit":"Plan Check at Counter","square_footage":"0"},"geometry":{"type":"Point","coordinates":[-118.3706,33.95115]}},{"type":"Feature","properties":{"date":"2006-11-20T00:00:00.000Z","year":2006,"description":"DEMO EXISTING SINGLE FAMILY DWELLING WITH DETACHED 2 CAR GARAGE DPI# L14647 WITH HANDWRECKING METHOD","metadescription":"Bldg-Demolition. 1 or 2 Family Dwelling. DEMO EXISTING SINGLE FAMILY DWELLING WITH DETACHED 2 CAR GARAGE DPI# L14647 WITH HANDWRECKING METHOD. Permit Finaled. 5211 W 95TH PL","address":"5211 West 95Th Place, CA, Los Angeles, 90045, US","ct":"2774.00","ev":"N","apc":"West Los Angeles","cpa":"Los Angeles International Airport","zone":"LAX","solar":"N","pin_nbr":"093B173   326","use_code":"1","geolocation":"POINT (-118.37081 33.94975)","status_date":"12/27/2006","permit_group":"Building","refresh_time":"06/10/2026","type_lat_lon":"ADDRESS","business_unit":"Plan Check at Counter","square_footage":"0"},"geometry":{"type":"Point","coordinates":[-118.37081,33.94975]}},{"type":"Feature","properties":{"date":"2006-11-20T00:00:00.000Z","year":2006,"description":"DEMOLISH EXISTING 1 STORY SINGLE FAMILY DWELLING AND 2 CAR GARAGE BY HANDWRECK OR DOZER. DPI (L 14645)","metadescription":"Bldg-Demolition. 1 or 2 Family Dwelling. DEMOLISH EXISTING 1 STORY SINGLE FAMILY DWELLING AND 2 CAR GARAGE BY HANDWRECK OR DOZER. DPI (L 14645). Permit Finaled. 5201 W 95TH PL","address":"5201 West 95Th Place, CA, Los Angeles, 90045, US","ct":"2774.00","ev":"N","apc":"West Los Angeles","cpa":"Los Angeles International Airport","zone":"LAX","solar":"N","pin_nbr":"093B173   324","use_code":"1","geolocation":"POINT (-118.37042 33.94978)","status_date":"12/27/2006","permit_group":"Building","refresh_time":"06/10/2026","type_lat_lon":"ADDRESS","business_unit":"Plan Check at Counter"},"geometry":{"type":"Point","coordinates":[-118.37042,33.94978]}},{"type":"Feature","properties":{"date":"2006-11-20T00:00:00.000Z","year":2006,"description":"Demolish existing single family dwelling with detached garage. Demolish by handwreck or dozer. DPI log#L14640.","metadescription":"Bldg-Demolition. 1 or 2 Family Dwelling. Demolish existing single family dwelling with detached garage. Demolish by handwreck or dozer. DPI log#L14640.. Permit Finaled. 5201 W 93RD ST","address":"5201 West 93Rd Street, CA, Los Angeles, 90045, US","ct":"2774.00","ev":"N","apc":"West Los Angeles","cpa":"Los Angeles International Airport","zone":"LAX","solar":"N","pin_nbr":"093B173    90","use_code":"1","geolocation":"POINT (-118.37043 33.95175)","status_date":"12/27/2006","permit_group":"Building","refresh_time":"06/10/2026","type_lat_lon":"ADDRESS","business_unit":"Plan Check at Counter","square_footage":"0"},"geometry":{"type":"Point","coordinates":[-118.37043,33.95175]}},{"type":"Feature","properties":{"date":"2006-11-20T00:00:00.000Z","year":2006,"description":"DEMOLITION OF SFD W/ DETACHED GARAGE..DPI LOG # 14643...CLEAR LOT...","metadescription":"Bldg-Demolition. 1 or 2 Family Dwelling. DEMOLITION OF SFD W/ DETACHED GARAGE..DPI LOG # 14643...CLEAR LOT.... Permit Finaled. 5201 W 94TH ST","address":"5201 West 94Th Street, CA, Los Angeles, 90045, US","ct":"2774.00","ev":"N","apc":"West Los Angeles","cpa":"Los Angeles International Airport","zone":"LAX","solar":"N","pin_nbr":"093B173   159","use_code":"1","geolocation":"POINT (-118.37042 33.95107)","status_date":"05/04/2007","permit_group":"Building","refresh_time":"06/10/2026","type_lat_lon":"ADDRESS","business_unit":"Plan Check at Counter","square_footage":"0"},"geometry":{"type":"Point","coordinates":[-118.37042,33.95107]}},{"type":"Feature","properties":{"date":"2006-11-20T00:00:00.000Z","year":2006,"description":"Demolish existing single family dwelling with detached garage. Demolish by handwreck or dozer. DPI log#L14651.","metadescription":"Bldg-Demolition. 1 or 2 Family Dwelling. Demolish existing single family dwelling with detached garage. Demolish by handwreck or dozer. DPI log#L14651.. Permit Finaled. 5206 W 98TH ST","address":"5206 West 98Th Street, CA, Los Angeles, 90045, US","ct":"2774.00","ev":"N","apc":"West Los Angeles","cpa":"Los Angeles International Airport","zone":"LAX","solar":"N","pin_nbr":"093B173   691","use_code":"1","geolocation":"POINT (-118.37054 33.9468)","status_date":"12/27/2006","permit_group":"Building","refresh_time":"06/10/2026","type_lat_lon":"ADDRESS","business_unit":"Plan Check at Counter","square_footage":"0"},"geometry":{"type":"Point","coordinates":[-118.37054,33.9468]}},{"type":"Feature","properties":{"date":"2006-11-20T00:00:00.000Z","year":2006,"description":"Demolish existing single family dwelling with detached garage. Demolish by handwreck or dozer. DPI log#L14649.","metadescription":"Bldg-Demolition. 1 or 2 Family Dwelling. Demolish existing single family dwelling with detached garage. Demolish by handwreck or dozer. DPI log#L14649.. Permit Finaled. 5221 W 98TH ST","address":"5221 West 98Th Street, CA, Los Angeles, 90045, US","ct":"2774.00","ev":"N","apc":"West Los Angeles","cpa":"Los Angeles International Airport","zone":"LAX","solar":"N","pin_nbr":"093B173   712","use_code":"1","geolocation":"POINT (-118.37103 33.94702)","status_date":"12/27/2006","permit_group":"Building","refresh_time":"06/10/2026","type_lat_lon":"ADDRESS","business_unit":"Plan Check at Counter","square_footage":"0"},"geometry":{"type":"Point","coordinates":[-118.37103,33.94702]}},{"type":"Feature","properties":{"date":"2006-11-20T00:00:00.000Z","year":2006,"description":"Demolish existing single family dwelling with detached garage. Demolish by handwreck or dozer. DPI log#L14650.","metadescription":"Bldg-Demolition. 1 or 2 Family Dwelling. Demolish existing single family dwelling with detached garage. Demolish by handwreck or dozer. DPI log#L14650.. Permit Finaled. 5217 W 98TH ST","address":"5217 West 98Th Street, CA, Los Angeles, 90045, US","ct":"2774.00","ev":"N","apc":"West Los Angeles","cpa":"Los Angeles International Airport","zone":"LAX","solar":"N","pin_nbr":"093B173   648","use_code":"1","geolocation":"POINT (-118.37086 33.94696)","status_date":"12/27/2006","permit_group":"Building","refresh_time":"06/10/2026","type_lat_lon":"ADDRESS","business_unit":"Plan Check at Counter","square_footage":"0"},"geometry":{"type":"Point","coordinates":[-118.37086,33.94696]}},{"type":"Feature","properties":{"date":"2006-11-20T00:00:00.000Z","year":2006,"description":"DEMOLITION OF (E) SFD W/ DETACHED GARAGE...DPI LOG #L14642...CLEAR LOT...","metadescription":"Bldg-Demolition. 1 or 2 Family Dwelling. DEMOLITION OF (E) SFD W/ DETACHED GARAGE...DPI LOG #L14642...CLEAR LOT.... Permit Finaled. 5207 W 97TH PL","address":"5207 West 97Th Place, CA, Los Angeles, 90045, US","ct":"2774.00","ev":"N","apc":"West Los Angeles","cpa":"Los Angeles International Airport","zone":"LAX","solar":"N","pin_nbr":"093B173   559","use_code":"1","geolocation":"POINT (-118.37055 33.94773)","status_date":"12/27/2006","permit_group":"Building","refresh_time":"06/10/2026","type_lat_lon":"ADDRESS","business_unit":"Plan Check at Counter","square_footage":"0"},"geometry":{"type":"Point","coordinates":[-118.37055,33.94773]}},{"type":"Feature","properties":{"date":"2006-11-20T00:00:00.000Z","year":2006,"description":"Demolish existing single family dwelling with detached garage. Demolish by handwreck or dozer. DPI log#L14638.","metadescription":"Bldg-Demolition. 1 or 2 Family Dwelling. Demolish existing single family dwelling with detached garage. Demolish by handwreck or dozer. DPI log#L14638.. Permit Finaled. 5201 W PARDEE ST","address":"5201 West Pardee Street, CA, Los Angeles, 90045, US","ct":"2774.00","ev":"N","apc":"West Los Angeles","cpa":"Los Angeles International Airport","zone":"LAX","solar":"N","pin_nbr":"093B173   409","use_code":"1","geolocation":"POINT (-118.3704 33.94916)","status_date":"12/27/2006","permit_group":"Building","refresh_time":"06/10/2026","type_lat_lon":"ADDRESS","business_unit":"Plan Check at Counter","square_footage":"0"},"geometry":{"type":"Point","coordinates":[-118.3704,33.94916]}},{"type":"Feature","properties":{"date":"2006-11-20T00:00:00.000Z","year":2006,"description":"Demolish existing single family dwelling with detached garage. Demolish by handwreck or dozer. DPI log#L14648.","metadescription":"Bldg-Demolition. 1 or 2 Family Dwelling. Demolish existing single family dwelling with detached garage. Demolish by handwreck or dozer. DPI log#L14648.. Permit Finaled. 5216 W 97TH PL","address":"5216 West 97Th Place, CA, Los Angeles, 90045, US","ct":"2774.00","ev":"N","apc":"West Los Angeles","cpa":"Los Angeles International Airport","zone":"LAX","solar":"N","pin_nbr":"093B173   605","use_code":"1","geolocation":"POINT (-118.37096 33.94755)","status_date":"12/27/2006","permit_group":"Building","refresh_time":"06/10/2026","type_lat_lon":"ADDRESS","business_unit":"Plan Check at Counter","square_footage":"0"},"geometry":{"type":"Point","coordinates":[-118.37096,33.94755]}},{"type":"Feature","properties":{"date":"2006-11-20T00:00:00.000Z","year":2006,"description":"DEMO EXISTING SINGLE FAMILY DWELLING WITH DETACHED 2 CAR GARAGE DPI# L14639 WITH HANDWRECKING METHOD","metadescription":"Bldg-Demolition. 1 or 2 Family Dwelling. DEMO EXISTING SINGLE FAMILY DWELLING WITH DETACHED 2 CAR GARAGE DPI# L14639 WITH HANDWRECKING METHOD. Permit Finaled. 5200 W 97TH PL","address":"5200 West 97Th Place, CA, Los Angeles, 90045, US","ct":"2774.00","ev":"N","apc":"West Los Angeles","cpa":"Los Angeles International Airport","zone":"LAX","solar":"N","pin_nbr":"093B173   606","use_code":"1","geolocation":"POINT (-118.37048 33.94748)","status_date":"12/27/2006","permit_group":"Building","refresh_time":"06/10/2026","type_lat_lon":"ADDRESS","business_unit":"Plan Check at Counter","square_footage":"0"},"geometry":{"type":"Point","coordinates":[-118.37048,33.94748]}},{"type":"Feature","properties":{"date":"2006-11-20T00:00:00.000Z","year":2006,"description":"Demolish existing single family dwelling with detached garage. Demolish by handwreck or dozer. DPI log#L14646.","metadescription":"Bldg-Demolition. 1 or 2 Family Dwelling. Demolish existing single family dwelling with detached garage. Demolish by handwreck or dozer. DPI log#L14646.. Permit Finaled. 5200 W PARDEE ST","address":"5200 West Pardee Street, CA, Los Angeles, 90045, US","ct":"2774.00","ev":"N","apc":"West Los Angeles","cpa":"Los Angeles International Airport","zone":"LAX","solar":"N","pin_nbr":"093B173   462","use_code":"1","geolocation":"POINT (-118.37041 33.949)","status_date":"12/27/2006","permit_group":"Building","refresh_time":"06/10/2026","type_lat_lon":"ADDRESS","business_unit":"Plan Check at Counter","square_footage":"0"},"geometry":{"type":"Point","coordinates":[-118.37041,33.949]}},{"type":"Feature","properties":{"date":"2006-11-09T00:00:00.000Z","year":2006,"description":"DEMO SFD AND DETACHED GARAGE. DEMO  BY HAND WRECKING AND DOZER. DPI  LOG # L 014641. PROTECTION FENCE AND SEWER CAP ARE REQUIRED.","metadescription":"Bldg-Demolition. 1 or 2 Family Dwelling. DEMO SFD AND DETACHED GARAGE. DEMO  BY HAND WRECKING AND DOZER. DPI  LOG # L 014641. PROTECTION FENCE AND SEWER CAP ARE REQUIRED.. Permit Finaled. 5207 W 93RD ST","address":"5207 West 93Rd Street, CA, Los Angeles, 90045, US","ct":"2774.00","ev":"N","apc":"West Los Angeles","cpa":"Los Angeles International Airport","zone":"LAX","solar":"N","pin_nbr":"093B173    91","use_code":"1","geolocation":"POINT (-118.37056 33.95181)","status_date":"12/27/2006","permit_group":"Building","refresh_time":"06/10/2026","type_lat_lon":"ADDRESS","business_unit":"Plan Check at Counter","square_footage":"0"},"geometry":{"type":"Point","coordinates":[-118.37056,33.95181]}},{"type":"Feature","properties":{"date":"2006-11-03T00:00:00.000Z","year":2006,"description":"16'-8\" X 14'-5\" BEDROOM/BATH/CLOSET ADDITION AND CONVERSION OF FAMILY ROOM TO ADDT'L BEDROOM/BATH/CLOSET TO (E) ONE-STORY SFD W/ DET GARAGE.  ALL WORK PER TYPE V CONSTRUCTION.","metadescription":"Bldg-Addition. 1 or 2 Family Dwelling. 16'-8\" X 14'-5\" BEDROOM/BATH/CLOSET ADDITION AND CONVERSION OF FAMILY ROOM TO ADDT'L BEDROOM/BATH/CLOSET TO (E) ONE-STORY SFD W/ DET GARAGE.  ALL WORK PER TYPE V CONSTRUCTION.. CofO Issued. 3631 W 63RD ST","address":"3631 West 63Rd Street, CA, Los Angeles, 90043, US","ct":"2349.00","ev":"N","apc":"South Los Angeles","cpa":"West Adams - Baldwin Hills - Leimert","zone":"R1-1","solar":"N","height":"14.5","pin_nbr":"105B185   817","use_code":"1","geolocation":"POINT (-118.33644 33.98278)","status_date":"08/07/2007","construction":"Type V-N Construction","permit_group":"Building","refresh_time":"06/10/2026","type_lat_lon":"ADDRESS","business_unit":"Plan Check at Counter","square_footage":"1540"},"geometry":{"type":"Point","coordinates":[-118.33644,33.98278]}},{"type":"Feature","properties":{"date":"2006-09-21T00:00:00.000Z","year":2006,"description":"PARKING GARAGE BASEMENT BACKFILL (560 CUBIC YARDS).","metadescription":"Grading. Apartment. PARKING GARAGE BASEMENT BACKFILL (560 CUBIC YARDS).. Permit Finaled. 5412 W ARBOR VITAE ST 1-8","address":"1-8, 5412 West Arbor Vitae Street, CA, Los Angeles, 90045, US","ct":"2774.00","ev":"N","apc":"West Los Angeles","cpa":"Los Angeles International Airport","zone":"LAX","solar":"N","pin_nbr":"093B173    80","use_code":"60","geolocation":"POINT (-118.37433 33.95228)","status_date":"02/16/2007","permit_group":"Building","refresh_time":"06/10/2026","type_lat_lon":"ADDRESS","business_unit":"Plan Check at Counter"},"geometry":{"type":"Point","coordinates":[-118.37433,33.95228]}},{"type":"Feature","properties":{"date":"2006-09-21T00:00:00.000Z","year":2006,"description":"DEMOLISH  TWO STORY, EIGHT  APARTMENT BLDG (-6,786 SQ FT) OVER PARTIAL BASEMENT PARKING GARAGE.   DPI #L 14134, HANDWRECK, CLEAR LOT, SEWER CAP REQUIRED..","metadescription":"Bldg-Demolition. Apartment. DEMOLISH  TWO STORY, EIGHT  APARTMENT BLDG (-6,786 SQ FT) OVER PARTIAL BASEMENT PARKING GARAGE.   DPI #L 14134, HANDWRECK, CLEAR LOT, SEWER CAP REQUIRED... Permit Finaled. 5412 W ARBOR VITAE ST 1-8","address":"1-8, 5412 West Arbor Vitae Street, CA, Los Angeles, 90045, US","ct":"2774.00","ev":"N","apc":"West Los Angeles","cpa":"Los Angeles International Airport","zone":"LAX","solar":"N","height":"0","pin_nbr":"093B173    80","use_code":"5","geolocation":"POINT (-118.37433 33.95228)","status_date":"06/03/2010","permit_group":"Building","refresh_time":"06/10/2026","type_lat_lon":"ADDRESS","business_unit":"Appointment Plan Check","square_footage":"0"},"geometry":{"type":"Point","coordinates":[-118.37433,33.95228]}},{"type":"Feature","properties":{"date":"2006-08-18T00:00:00.000Z","year":2006,"description":"DEMO SINGLE FAMILY DWELLING WITH DETACHED GARAGE WITH HANDWRECK METHOD DPI# 014484","metadescription":"Bldg-Demolition. 1 or 2 Family Dwelling. DEMO SINGLE FAMILY DWELLING WITH DETACHED GARAGE WITH HANDWRECK METHOD DPI# 014484. Permit Finaled. 5266 W 96TH ST","address":"5266 West 96Th Street, CA, Los Angeles, 90045, US","ct":"2774.00","ev":"N","apc":"West Los Angeles","cpa":"Los Angeles International Airport","zone":"LAX","solar":"N","pin_nbr":"093B173   422","use_code":"1","geolocation":"POINT (-118.37209 33.94921)","status_date":"10/31/2006","permit_group":"Building","refresh_time":"06/10/2026","type_lat_lon":"ADDRESS","business_unit":"Plan Check at Counter","square_footage":"0"},"geometry":{"type":"Point","coordinates":[-118.37209,33.94921]}},{"type":"Feature","properties":{"date":"2006-08-03T00:00:00.000Z","year":2006,"description":"Demolish existing duplex and detached garage. Demolish by handwreck and dozer. DPI log# L14362.","metadescription":"Bldg-Demolition. 1 or 2 Family Dwelling. Demolish existing duplex and detached garage. Demolish by handwreck and dozer. DPI log# L14362.. Permit Finaled. 5242-5244 W ARBOR VITAE ST","address":"5242 West Arbor Vitae Street, CA, Los Angeles, 90045, US","ct":"2774.00","ev":"N","apc":"West Los Angeles","cpa":"Los Angeles International Airport","zone":"LAX","solar":"N","pin_nbr":"093B173    65","use_code":"2","geolocation":"POINT (-118.37137 33.95241)","status_date":"06/14/2023","permit_group":"Building","refresh_time":"06/10/2026","type_lat_lon":"ADDRESS","business_unit":"Plan Check at Counter","square_footage":"0"},"geometry":{"type":"Point","coordinates":[-118.37137,33.95241]}},{"type":"Feature","properties":{"date":"2006-06-28T00:00:00.000Z","year":2006,"description":"REROOF SFD AND DETACHED GARAGE:  TEAR OFF EXISTING WOOD SHINGLES, INSTALL 1/2\" CDX PLYWOOD AND REROOF WITH COMPOSITION SHINGLES.","metadescription":"Bldg-Alter/Repair. 1 or 2 Family Dwelling. REROOF SFD AND DETACHED GARAGE:  TEAR OFF EXISTING WOOD SHINGLES, INSTALL 1/2\" CDX PLYWOOD AND REROOF WITH COMPOSITION SHINGLES.. Permit Finaled. 2111 W 96TH ST","address":"2107 West 96Th Street, CA, Los Angeles, 90047, US","ct":"2380.00","ev":"N","apc":"South Los Angeles","cpa":"South Los Angeles","zone":"R1-1","solar":"N","pin_nbr":"093A191   120","use_code":"1","geolocation":"POINT (-118.31596 33.9492)","status_date":"07/18/2006","permit_group":"Building","refresh_time":"06/10/2026","type_lat_lon":"ADDRESS","business_unit":"Express Permit"},"geometry":{"type":"Point","coordinates":[-118.31596,33.9492]}},{"type":"Feature","properties":{"date":"2006-06-20T00:00:00.000Z","year":2006,"description":"NEW 2-CAR GARAGE (19' X 19').  RELATED ELEC.","metadescription":"Bldg-New. 1 or 2 Family Dwelling. NEW 2-CAR GARAGE (19' X 19').  RELATED ELEC.. CofO Issued. 6329 S LONG ST","address":"6329 Long Street, CA, Los Angeles, 90043, US","ct":"2351.00","ev":"N","apc":"South Los Angeles","cpa":"West Adams - Baldwin Hills - Leimert","zone":"R1-1","solar":"N","height":"12.5","pin_nbr":"105B185  1001","use_code":"7","geolocation":"POINT (-118.33869 33.98209)","status_date":"10/16/2006","construction":"Type V-N Construction","permit_group":"Building","refresh_time":"06/10/2026","type_lat_lon":"ADDRESS","business_unit":"Plan Check at Counter","square_footage":"0"},"geometry":{"type":"Point","coordinates":[-118.33869,33.98209]}},{"type":"Feature","properties":{"date":"2006-06-02T00:00:00.000Z","year":2006,"description":"Proposed  new 33' x 20'  1-stoty accessory building consisting of  a  recroom with (1/2) bath  and a 1-car garage.  Construction per type v sheet.","metadescription":"Bldg-New. 1 or 2 Family Dwelling. Proposed  new 33' x 20'  1-stoty accessory building consisting of  a  recroom with (1/2) bath  and a 1-car garage.  Construction per type v sheet.. CofO Issued. 6309 S VICTORIA AVE","address":"6313 South Victoria Avenue, CA, Los Angeles, 90043, US","ct":"2349.00","ev":"N","apc":"South Los Angeles","cpa":"West Adams - Baldwin Hills - Leimert","zone":"R3-1","solar":"N","height":"14","pin_nbr":"105B185   905","use_code":"7","geolocation":"POINT (-118.33246 33.98251)","status_date":"08/31/2006","construction":"Type V-N Construction","permit_group":"Building","refresh_time":"06/10/2026","type_lat_lon":"ADDRESS","business_unit":"Plan Check at Counter","square_footage":"420"},"geometry":{"type":"Point","coordinates":[-118.33246,33.98251]}},{"type":"Feature","properties":{"date":"2006-05-23T00:00:00.000Z","year":2006,"description":"ADD A 12'6\" X 18\" STORAGE ROOM TO BACK OF AN (E) ONE STORY DETACHED GARAGE (1939LA46329) IN THE REAR YARD.  CONSTRUCTION PER TYPE V SHEET.","metadescription":"Bldg-Addition. 1 or 2 Family Dwelling. ADD A 12'6\" X 18\" STORAGE ROOM TO BACK OF AN (E) ONE STORY DETACHED GARAGE (1939LA46329) IN THE REAR YARD.  CONSTRUCTION PER TYPE V SHEET.. CofO Issued. 8930 S CIMARRON ST","address":"8930 Cimarron Street, CA, Los Angeles, 90047, US","ct":"2384.00","ev":"N","apc":"South Los Angeles","cpa":"South Los Angeles","zone":"R1-1","solar":"N","height":"10","pin_nbr":"096A191   288","use_code":"7","geolocation":"POINT (-118.31543 33.9554)","status_date":"09/25/2006","construction":"Type V-N Construction","permit_group":"Building","refresh_time":"06/10/2026","type_lat_lon":"ADDRESS","business_unit":"Plan Check at Counter","square_footage":"225"},"geometry":{"type":"Point","coordinates":[-118.31543,33.9554]}},{"type":"Feature","properties":{"date":"2006-05-11T00:00:00.000Z","year":2006,"description":"SECOND FLOOR ADDITION; REBUILD (E) GARAGE, REMODEL KITCHEN AND BATHROOM ON 1ST FLOOR,  ADD (N) MASTER SUITE ON PROPOSED SECOND FLOOR.","metadescription":"Bldg-Addition. 1 or 2 Family Dwelling. SECOND FLOOR ADDITION; REBUILD (E) GARAGE, REMODEL KITCHEN AND BATHROOM ON 1ST FLOOR,  ADD (N) MASTER SUITE ON PROPOSED SECOND FLOOR.. CofO Issued. 7004 S RAMSGATE AVE","address":"7004 Ramsgate Avenue, CA, Los Angeles, 90045, US","ct":"2761.00","ev":"N","apc":"West Los Angeles","cpa":"Westchester - Playa del Rey","zone":"R1-1","solar":"N","height":"24.7","pin_nbr":"102B173   427","use_code":"1","geolocation":"POINT (-118.37126 33.97304)","status_date":"05/30/2008","construction":"Type V-N Construction","permit_group":"Building","refresh_time":"06/10/2026","type_lat_lon":"ADDRESS","business_unit":"Regular Plan Check","square_footage":"1335"},"geometry":{"type":"Point","coordinates":[-118.37126,33.97304]}},{"type":"Feature","properties":{"date":"2006-04-10T00:00:00.000Z","year":2006,"description":"ONE STORY GROUND FLOOR ADDITION TO CREATE NEW BATH AND LAUNDRY ROOM.  NEW ATTACHED PATIO COVER CONNECTION SFD TO (E) DETACHED GARAGE. [(12 x 16) addition/(21 x 16) patio cover.]","metadescription":"Bldg-Addition. 1 or 2 Family Dwelling. ONE STORY GROUND FLOOR ADDITION TO CREATE NEW BATH AND LAUNDRY ROOM.  NEW ATTACHED PATIO COVER CONNECTION SFD TO (E) DETACHED GARAGE. [(12 x 16) addition/(21 x 16) patio cover.]. CofO Issued. 5426 W 82ND ST","address":"5422 West 82Nd Street, CA, Los Angeles, 90045, US","ct":"2771.00","ev":"N","apc":"West Los Angeles","cpa":"Westchester - Playa del Rey","zone":"R1-1","solar":"N","height":"15","pin_nbr":"099B173   770","use_code":"1","geolocation":"POINT (-118.37453 33.96389)","status_date":"10/15/2007","construction":"Type V-N Construction","permit_group":"Building","refresh_time":"06/10/2026","type_lat_lon":"ADDRESS","business_unit":"Regular Plan Check","square_footage":"1169"},"geometry":{"type":"Point","coordinates":[-118.37453,33.96389]}},{"type":"Feature","properties":{"date":"2006-04-06T00:00:00.000Z","year":2006,"description":"Demo SFD and detached garage.  Demo by handwreck, sewer cap is req'd, fence and clear the lot.  DPI #L14108.","metadescription":"Bldg-Demolition. 1 or 2 Family Dwelling. Demo SFD and detached garage.  Demo by handwreck, sewer cap is req'd, fence and clear the lot.  DPI #L14108.. Permit Finaled. 9420 S HINDRY PL","address":"9420 South Hindry Place, CA, Los Angeles, 90045, US","ct":"2774.00","ev":"N","apc":"West Los Angeles","cpa":"Los Angeles International Airport","zone":"LAX","solar":"N","pin_nbr":"093B173   310","use_code":"1","geolocation":"POINT (-118.3724 33.95006)","status_date":"09/26/2006","permit_group":"Building","refresh_time":"06/10/2026","type_lat_lon":"ADDRESS","business_unit":"Plan Check at Counter","square_footage":"0"},"geometry":{"type":"Point","coordinates":[-118.3724,33.95006]}},{"type":"Feature","properties":{"date":"2006-04-04T00:00:00.000Z","year":2006,"description":"DEMOLISH (E) 1-STORY S.F.D. AND DETACHED  GARAGE. CLEAR LOT. PROTECTION FENCE IS REQUIRED. SEWER CAP IS REQUIRED. DEMO BY HANDWRECKING AND DOZER. DPI LOG #014095","metadescription":"Bldg-Demolition. 1 or 2 Family Dwelling. DEMOLISH (E) 1-STORY S.F.D. AND DETACHED  GARAGE. CLEAR LOT. PROTECTION FENCE IS REQUIRED. SEWER CAP IS REQUIRED. DEMO BY HANDWRECKING AND DOZER. DPI LOG #014095. Permit Finaled. 5303 W 94TH ST","address":"5303 West 94Th Street, CA, Los Angeles, 90045, US","ct":"2774.00","ev":"N","apc":"West Los Angeles","cpa":"Los Angeles International Airport","zone":"LAX","solar":"N","pin_nbr":"093B173   209","use_code":"1","geolocation":"POINT (-118.37286 33.95089)","status_date":"06/07/2006","permit_group":"Building","refresh_time":"06/10/2026","type_lat_lon":"ADDRESS","business_unit":"Plan Check at Counter","square_footage":"0"},"geometry":{"type":"Point","coordinates":[-118.37286,33.95089]}},{"type":"Feature","properties":{"date":"2006-03-30T00:00:00.000Z","year":2006,"description":"TEAR-OFF (E) ROOFING MATERIAL AND RE-ROOF THE HOUSE AND DET. GARAGE; INSTALLING NEW PLYWOOD AND 30 YR. SHINGLES.","metadescription":"Bldg-Alter/Repair. 1 or 2 Family Dwelling. TEAR-OFF (E) ROOFING MATERIAL AND RE-ROOF THE HOUSE AND DET. GARAGE; INSTALLING NEW PLYWOOD AND 30 YR. SHINGLES.. Permit Finaled. 2126 W 92ND ST","address":"2120 West 92Nd Street, CA, Los Angeles, 90047, US","ct":"2380.00, 2384.00","ev":"N","apc":"South Los Angeles","cpa":"South Los Angeles","zone":"R1-1","solar":"N","pin_nbr":"094-5A191 150","use_code":"1","geolocation":"POINT (-118.31641 33.95257)","status_date":"05/11/2006","permit_group":"Building","refresh_time":"06/10/2026","type_lat_lon":"ADDRESS","business_unit":"Express Permit"},"geometry":{"type":"Point","coordinates":[-118.31641,33.95257]}},{"type":"Feature","properties":{"date":"2006-03-13T00:00:00.000Z","year":2006,"description":"TEAR-OFF (E) MATERIALS FROM HOUSE & GARAGE & RE-ROOF W/ 1/2 PLYWOOD & 20YR COMP SHINGLE.","metadescription":"Bldg-Alter/Repair. 1 or 2 Family Dwelling. TEAR-OFF (E) MATERIALS FROM HOUSE & GARAGE & RE-ROOF W/ 1/2 PLYWOOD & 20YR COMP SHINGLE.. Permit Finaled. 1951 W 94TH PL","address":"2001 West 94Th Place, CA, Los Angeles, 90047, US","ct":"2380.00","ev":"N","apc":"South Los Angeles","cpa":"South Los Angeles","zone":"R1-1","solar":"N","pin_nbr":"093A193    12","use_code":"1","geolocation":"POINT (-118.31313 33.95062)","status_date":"04/19/2006","permit_group":"Building","refresh_time":"06/10/2026","type_lat_lon":"ADDRESS","business_unit":"Express Permit"},"geometry":{"type":"Point","coordinates":[-118.31313,33.95062]}},{"type":"Feature","properties":{"date":"2006-01-17T00:00:00.000Z","year":2006,"description":"1-STORY ADDITION TO EXISTING S.F.D. W/ATT 1-CAR GARAGE.    REMODEL THE EXSITING PORTION. (PER TYPE V SHEET)","metadescription":"Bldg-Addition. 1 or 2 Family Dwelling. 1-STORY ADDITION TO EXISTING S.F.D. W/ATT 1-CAR GARAGE.    REMODEL THE EXSITING PORTION. (PER TYPE V SHEET). CofO Issued. 7712 S GODDARD AVE","address":"7716 Goddard Avenue, CA, Los Angeles, 90045, US","ct":"2771.00","ev":"N","apc":"West Los Angeles","cpa":"Westchester - Playa del Rey","zone":"R1-1","solar":"N","pin_nbr":"099B173   447","use_code":"1","geolocation":"POINT (-118.37295 33.96647)","status_date":"08/31/2006","construction":"Type V-N Construction","permit_group":"Building","refresh_time":"06/10/2026","type_lat_lon":"ADDRESS","business_unit":"Appointment Plan Check","square_footage":"340"},"geometry":{"type":"Point","coordinates":[-118.37295,33.96647]}},{"type":"Feature","properties":{"date":"2006-01-11T00:00:00.000Z","year":2006,"description":"demolish one story, type V, duplex building anddetached garage.  handwreck and dozer wreck, sewer cap req'd","metadescription":"Bldg-Demolition. 1 or 2 Family Dwelling. demolish one story, type V, duplex building anddetached garage.  handwreck and dozer wreck, sewer cap req'd. Permit Expired. 3501-3515 W HYDE PARK BLVD","address":"3525 Hyde Park Boulevard, CA, Los Angeles, 90043, US","ct":"2349.00","ev":"N","apc":"South Los Angeles","cpa":"West Adams - Baldwin Hills - Leimert","zone":"R3-1","solar":"N","pin_nbr":"105B185  1232","use_code":"2","geolocation":"POINT (-118.33440328 33.98075247)","status_date":"08/04/2008","construction":"Type V-N Construction","permit_group":"Building","refresh_time":"06/10/2026","type_lat_lon":"PIN","business_unit":"Plan Check at Counter","square_footage":"0"},"geometry":{"type":"Point","coordinates":[-118.33440328,33.98075247]}},{"type":"Feature","properties":{"date":"2006-01-09T00:00:00.000Z","year":2006,"description":"***COMPLY WITH DEPARTMENT ORDER effective date 10/21/2005. PERMIT WILL EXPIRE 30 DAYS FROM ISSUANCE DATE***covert existing attached garage to family room and add 2- car carport per la city details","metadescription":"Bldg-Addition. 1 or 2 Family Dwelling. ***COMPLY WITH DEPARTMENT ORDER effective date 10/21/2005. PERMIT WILL EXPIRE 30 DAYS FROM ISSUANCE DATE***covert existing attached garage to family room and add 2- car carport per la city details. Permit Expired. 7107 S GLASGOW AVE","address":"7107 Glasgow Avenue, CA, Los Angeles, 90045, US","ct":"2761.00","ev":"N","apc":"West Los Angeles","cpa":"Westchester - Playa del Rey","zone":"R1-1","solar":"N","pin_nbr":"102B173   543","use_code":"1","geolocation":"POINT (-118.37238 33.97188)","status_date":"08/04/2008","construction":"Type V-N Construction","permit_group":"Building","refresh_time":"06/10/2026","type_lat_lon":"ADDRESS","business_unit":"Plan Check at Counter","square_footage":"300"},"geometry":{"type":"Point","coordinates":[-118.37238,33.97188]}},{"type":"Feature","properties":{"date":"2005-12-13T00:00:00.000Z","year":2005,"description":"Supplemental permit  to pcis 05016-70000-18685.   Revised plot,  to move garage to the rear.","metadescription":"Bldg-Alter/Repair. 1 or 2 Family Dwelling. Supplemental permit  to pcis 05016-70000-18685.   Revised plot,  to move garage to the rear.. Permit Finaled. 6303 S RIMPAU BLVD","address":"6303 South Rimpau Boulevard, CA, Los Angeles, 90043, US","ct":"2351.00","ev":"N","apc":"South Los Angeles","cpa":"West Adams - Baldwin Hills - Leimert","zone":"R1-1","solar":"N","pin_nbr":"105B181  1094","use_code":"7","geolocation":"POINT (-118.33973 33.98275)","status_date":"06/15/2006","permit_group":"Building","refresh_time":"06/10/2026","type_lat_lon":"ADDRESS","business_unit":"Plan Check at Counter"},"geometry":{"type":"Point","coordinates":[-118.33973,33.98275]}},{"type":"Feature","properties":{"date":"2005-11-21T00:00:00.000Z","year":2005,"description":"Demolish 3 story 8 unit apartment by handwreck for upper 2 floor wood construction and by dozer for the 1st floor parking garage after the removal of the top two floors in accordance with P/BC 2002-39","metadescription":"Bldg-Demolition. Apartment. Demolish 3 story 8 unit apartment by handwreck for upper 2 floor wood construction and by dozer for the 1st floor parking garage after the removal of the top two floors in accordance with P/BC 2002-39. Permit Finaled. 5302 W ARBOR VITAE ST","address":"5302 West Arbor Vitae Street, CA, Los Angeles, 90045, US","ct":"2774.00","ev":"N","apc":"West Los Angeles","cpa":"Westchester - Playa del Rey","zone":"LAX","solar":"N","pin_nbr":"093B173    71","use_code":"5","geolocation":"POINT (-118.37277 33.95238)","status_date":"08/20/2010","permit_group":"Building","refresh_time":"06/10/2026","type_lat_lon":"ADDRESS","business_unit":"Plan Check at Counter","square_footage":"0"},"geometry":{"type":"Point","coordinates":[-118.37277,33.95238]}},{"type":"Feature","properties":{"date":"2005-11-21T00:00:00.000Z","year":2005,"description":"SUPPLEMENTAL PERMIT TO PCIS APP# 05010 30000 04193--- REVISE DESCRIPTION OF WORK TO NEW 1 CAR GARAGE AND STORAGE AREA(FOR CAR)*** NO FEE DEPT ERROR****","metadescription":"Bldg-Alter/Repair. 1 or 2 Family Dwelling. SUPPLEMENTAL PERMIT TO PCIS APP# 05010 30000 04193--- REVISE DESCRIPTION OF WORK TO NEW 1 CAR GARAGE AND STORAGE AREA(FOR CAR)*** NO FEE DEPT ERROR****. Permit Finaled. 7004 S RAMSGATE AVE","address":"7004 Ramsgate Avenue, CA, Los Angeles, 90045, US","ct":"2761.00","ev":"N","apc":"West Los Angeles","cpa":"Westchester - Playa del Rey","zone":"R1-1","solar":"N","pin_nbr":"102B173   427","use_code":"7","geolocation":"POINT (-118.37126 33.97304)","status_date":"12/05/2005","permit_group":"Building","refresh_time":"06/10/2026","type_lat_lon":"ADDRESS","business_unit":"Plan Check at Counter"},"geometry":{"type":"Point","coordinates":[-118.37126,33.97304]}},{"type":"Feature","properties":{"date":"2005-10-07T00:00:00.000Z","year":2005,"description":"(21' X 23'6\") RECREATION ROOM ADDITION TO (E) GARAGE.  ALL WORK PER TYPE V SHEET.","metadescription":"Bldg-Addition. 1 or 2 Family Dwelling. (21' X 23'6\") RECREATION ROOM ADDITION TO (E) GARAGE.  ALL WORK PER TYPE V SHEET.. CofO Issued. 3701 W 62ND ST","address":"3701 West 62Nd Street, CA, Los Angeles, 90043, US","ct":"2349.00","ev":"N","apc":"South Los Angeles","cpa":"West Adams - Baldwin Hills - Leimert","zone":"R1-1","solar":"N","height":"11.5","pin_nbr":"105B185   659","use_code":"7","geolocation":"POINT (-118.33795 33.98367)","status_date":"04/03/2006","construction":"Type V-N Construction","permit_group":"Building","refresh_time":"06/10/2026","type_lat_lon":"ADDRESS","business_unit":"Plan Check at Counter","square_footage":"493.5"},"geometry":{"type":"Point","coordinates":[-118.33795,33.98367]}},{"type":"Feature","properties":{"date":"2005-09-02T00:00:00.000Z","year":2005,"description":"Replace the carport demolished under   05019 70000 02175    with a garage.   2 of 2 = $8000  TV = $42,000 see 5014 70000 08663 for plan check fees and process.","metadescription":"Bldg-New. 1 or 2 Family Dwelling. Replace the carport demolished under   05019 70000 02175    with a garage.   2 of 2 = $8000  TV = $42,000 see 5014 70000 08663 for plan check fees and process.. CofO Issued. 6303 S RIMPAU BLVD","address":"6303 South Rimpau Boulevard, CA, Los Angeles, 90043, US","ct":"2351.00","ev":"N","apc":"South Los Angeles","cpa":"West Adams - Baldwin Hills - Leimert","zone":"R1-1","solar":"N","height":"12","pin_nbr":"105B181  1094","use_code":"7","geolocation":"POINT (-118.33973 33.98275)","status_date":"06/23/2006","construction":"Type V-N Construction","permit_group":"Building","refresh_time":"06/10/2026","type_lat_lon":"ADDRESS","business_unit":"Plan Check at Counter","square_footage":"400"},"geometry":{"type":"Point","coordinates":[-118.33973,33.98275]}},{"type":"Feature","properties":{"date":"2005-08-16T00:00:00.000Z","year":2005,"description":"NEW DETACHED 2-CAR GARAGE AT REAR OF LOT.  SEE MODIFICATION FOR SOIL REPORT WAIVER.","metadescription":"Bldg-New. 1 or 2 Family Dwelling. NEW DETACHED 2-CAR GARAGE AT REAR OF LOT.  SEE MODIFICATION FOR SOIL REPORT WAIVER.. CofO Issued. 7004 S RAMSGATE AVE","address":"7004 Ramsgate Avenue, CA, Los Angeles, 90045, US","ct":"2761.00","ev":"N","apc":"West Los Angeles","cpa":"Westchester - Playa del Rey","zone":"R1-1","solar":"N","height":"16.77","pin_nbr":"102B173   427","use_code":"7","geolocation":"POINT (-118.37126 33.97304)","status_date":"12/13/2005","construction":"Type V-N Construction","permit_group":"Building","refresh_time":"06/10/2026","type_lat_lon":"ADDRESS","business_unit":"Plan Check at Counter","square_footage":"675"},"geometry":{"type":"Point","coordinates":[-118.37126,33.97304]}},{"type":"Feature","properties":{"date":"2005-08-01T00:00:00.000Z","year":2005,"description":"DEMO DETACH GARAGE, FENCE AND SEWER CAP NOT REQUIRED. CLEAR LOT. DPI#G12103","metadescription":"Bldg-Demolition. 1 or 2 Family Dwelling. DEMO DETACH GARAGE, FENCE AND SEWER CAP NOT REQUIRED. CLEAR LOT. DPI#G12103. Permit Finaled. 9615-9617 S GLASGOW PL","address":"9615 South Glasgow Place, CA, Los Angeles, 90045, US","ct":"2774.00","ev":"N","apc":"West Los Angeles","cpa":"Westchester - Playa del Rey","zone":"R3-1","solar":"N","pin_nbr":"093B173   470","use_code":"7","geolocation":"POINT (-118.37166 33.9489)","status_date":"08/02/2005","permit_group":"Building","refresh_time":"06/10/2026","type_lat_lon":"ADDRESS","business_unit":"Plan Check at Counter","square_footage":"0"},"geometry":{"type":"Point","coordinates":[-118.37166,33.9489]}},{"type":"Feature","properties":{"date":"2005-07-20T00:00:00.000Z","year":2005,"description":"Demolish existing 1-story Type V SFD (1577s.f. per ZIMAS) & detached garage to clear lot. Fence req'd.","metadescription":"Bldg-Demolition. 1 or 2 Family Dwelling. Demolish existing 1-story Type V SFD (1577s.f. per ZIMAS) & detached garage to clear lot. Fence req'd.. Permit Finaled. 7108 S GLASGOW AVE","address":"7108 Glasgow Avenue, CA, Los Angeles, 90045, US","ct":"2761.00","ev":"N","apc":"West Los Angeles","cpa":"Westchester - Playa del Rey","zone":"R1-1","solar":"N","pin_nbr":"102B173   545","use_code":"1","geolocation":"POINT (-118.37209 33.97185)","status_date":"09/10/2007","construction":"Type V-N Construction","permit_group":"Building","refresh_time":"06/10/2026","type_lat_lon":"ADDRESS","business_unit":"Plan Check at Counter","square_footage":"0"},"geometry":{"type":"Point","coordinates":[-118.37209,33.97185]}},{"type":"Feature","properties":{"date":"2005-06-20T00:00:00.000Z","year":2005,"description":"43'-9\" X 19'-0\" IRR 1ST FLR ADD'N AT REAR; NEW BEDROOM, BATHROOM, DINING ROOM AND KITCHEN. REMOVE EX'G KITCHEN TO EXPAND LIVING ROOM. 10'-11\" X 9'-11\" ADD'N AT FRONT TO EXTEND GARAGE. 22'-6\" X 44'-10\" IRR 2ND FLR ADD'N; STUDY, BEDROOM, BATHROOM, WALK-IN CLOSET...(SEE COMMENT)","metadescription":"Bldg-Addition. 1 or 2 Family Dwelling. 43'-9\" X 19'-0\" IRR 1ST FLR ADD'N AT REAR; NEW BEDROOM, BATHROOM, DINING ROOM AND KITCHEN. REMOVE EX'G KITCHEN TO EXPAND LIVING ROOM. 10'-11\" X 9'-11\" ADD'N AT FRONT TO EXTEND GARAGE. 22'-6\" X 44'-10\" IRR 2ND FLR ADD'N; STUDY, BEDROOM, BATHROOM, WALK-IN CLOSET...(SEE COMMENT). CofO Issued. 7723 S MIDFIELD AVE","address":"7729 Midfield Avenue, CA, Los Angeles, 90045, US","ct":"2771.00","ev":"N","apc":"West Los Angeles","cpa":"Westchester - Playa del Rey","zone":"R1-1","solar":"N","height":"22.08","pin_nbr":"099B173   468","use_code":"1","geolocation":"POINT (-118.37228 33.96638)","status_date":"07/13/2007","construction":"Type V-N Construction","permit_group":"Building","refresh_time":"06/10/2026","type_lat_lon":"ADDRESS","business_unit":"Regular Plan Check","square_footage":"1371"},"geometry":{"type":"Point","coordinates":[-118.37228,33.96638]}},{"type":"Feature","properties":{"date":"2005-06-17T00:00:00.000Z","year":2005,"description":"REMOVE EXISTING ATTACHED GARAGE FROM EX. S.F.D.,***THIS IS PART 2 OF 2 PERMITS***SEPARATE PERMIT IS BEING OBTAINED FOR CONSTRUCITON OF NEW 2-CAR GARAGE.","metadescription":"Bldg-Alter/Repair. 1 or 2 Family Dwelling. REMOVE EXISTING ATTACHED GARAGE FROM EX. S.F.D.,***THIS IS PART 2 OF 2 PERMITS***SEPARATE PERMIT IS BEING OBTAINED FOR CONSTRUCITON OF NEW 2-CAR GARAGE.. Permit Expired. 7782 S TOLAND AVE","address":"7786 Toland Avenue, CA, Los Angeles, 90045, US","ct":"2771.00","ev":"N","apc":"West Los Angeles","cpa":"Westchester - Playa del Rey","zone":"R1-1","solar":"N","pin_nbr":"099B173   449","use_code":"1","geolocation":"POINT (-118.37485 33.9664)","status_date":"08/22/2007","permit_group":"Building","refresh_time":"06/10/2026","type_lat_lon":"ADDRESS","business_unit":"Appointment Plan Check","square_footage":"0"},"geometry":{"type":"Point","coordinates":[-118.37485,33.9664]}},{"type":"Feature","properties":{"date":"2005-06-16T00:00:00.000Z","year":2005,"description":"DEMOLISH the18 x 18 garage, hand wreck by owner","metadescription":"Bldg-Demolition. 1 or 2 Family Dwelling. DEMOLISH the18 x 18 garage, hand wreck by owner. Permit Expired. 3717 W 64TH ST","address":"3711 West 64Th Street, CA, Los Angeles, 90043, US","ct":"2349.00, 2351.00","ev":"N","apc":"South Los Angeles","cpa":"West Adams - Baldwin Hills - Leimert","zone":"R1-1","solar":"N","height":"0","pin_nbr":"105B185   986","use_code":"7","geolocation":"POINT (-118.3383 33.98188)","status_date":"08/22/2007","construction":"Type V-N Construction","permit_group":"Building","refresh_time":"06/10/2026","type_lat_lon":"ADDRESS","business_unit":"Plan Check at Counter","square_footage":"0"},"geometry":{"type":"Point","coordinates":[-118.3383,33.98188]}},{"type":"Feature","properties":{"date":"2005-06-16T00:00:00.000Z","year":2005,"description":"PROPOSE 3-CAR GARAGE (26' X 29').","metadescription":"Bldg-New. 1 or 2 Family Dwelling. PROPOSE 3-CAR GARAGE (26' X 29').. CofO Issued. 3717 W 64TH ST","address":"3711 West 64Th Street, CA, Los Angeles, 90043, US","ct":"2349.00, 2351.00","ev":"N","apc":"South Los Angeles","cpa":"West Adams - Baldwin Hills - Leimert","zone":"R1-1","solar":"N","height":"13.75","pin_nbr":"105B185   986","use_code":"7","geolocation":"POINT (-118.3383 33.98188)","status_date":"05/15/2006","construction":"Type V-N Construction","permit_group":"Building","refresh_time":"06/10/2026","type_lat_lon":"ADDRESS","business_unit":"Plan Check at Counter"},"geometry":{"type":"Point","coordinates":[-118.3383,33.98188]}},{"type":"Feature","properties":{"date":"2005-06-15T00:00:00.000Z","year":2005,"description":"NEW 22' X 30' DETACHED GARAGE (660 SF).***THIS IS PART 1 OF 2 PERMITS***","metadescription":"Bldg-New. 1 or 2 Family Dwelling. NEW 22' X 30' DETACHED GARAGE (660 SF).***THIS IS PART 1 OF 2 PERMITS***. CofO Issued. 7782 S TOLAND AVE","address":"7786 Toland Avenue, CA, Los Angeles, 90045, US","ct":"2771.00","ev":"N","apc":"West Los Angeles","cpa":"Westchester - Playa del Rey","zone":"R1-1","solar":"N","height":"14.75","pin_nbr":"099B173   449","use_code":"7","geolocation":"POINT (-118.37485 33.9664)","status_date":"12/28/2007","construction":"Type V-N Construction","permit_group":"Building","refresh_time":"06/10/2026","type_lat_lon":"ADDRESS","business_unit":"Appointment Plan Check","square_footage":"660"},"geometry":{"type":"Point","coordinates":[-118.37485,33.9664]}},{"type":"Feature","properties":{"date":"2005-05-26T00:00:00.000Z","year":2005,"description":"150'X57' ADDITION TO EXISITNG OFFICE BUILDING AND WAREHOUSE AND COMBINE THEM INTO ONE BUILDING:  ADDITION INCLUDES 2-story WAREHOUSE/OFFICE/GARAGE.  (Warehouse-13,222 s.f.,  Office-2,760 s.f.,  6-CAR Garage-1,847 sf). SURFACE PARKING.  PARKING IS BASED ON ONE TENANT SPACE.  TO CLASSIFY THE WHOLE BUILDING AS TYPE V-N CONSTRUCTION.","metadescription":"Bldg-Addition. Commercial. 150'X57' ADDITION TO EXISITNG OFFICE BUILDING AND WAREHOUSE AND COMBINE THEM INTO ONE BUILDING:  ADDITION INCLUDES 2-story WAREHOUSE/OFFICE/GARAGE.  (Warehouse-13,222 s.f.,  Office-2,760 s.f.,  6-CAR Garage-1,847 sf). SURFACE PARKING.  PARKING IS BASED ON ONE TENANT SPACE.  TO CLASSIFY THE WHOLE BUILDING AS TYPE V-N CONSTRUCTION.. CofO Issued. 5450 W 83RD ST","address":"5450 West 83Rd Street, CA, Los Angeles, 90045, US","ct":"2771.00","ev":"N","apc":"West Los Angeles","cpa":"Westchester - Playa del Rey","zone":"M2-1","solar":"N","pin_nbr":"099B173   827","use_code":"22","geolocation":"POINT (-118.37482 33.96341)","status_date":"02/20/2009","construction":"Type V-N Construction","permit_group":"Building","refresh_time":"06/10/2026","type_lat_lon":"ADDRESS","business_unit":"Regular Plan Check","square_footage":"24570"},"geometry":{"type":"Point","coordinates":[-118.37482,33.96341]}},{"type":"Feature","properties":{"date":"2005-05-24T00:00:00.000Z","year":2005,"description":"DEMOLISH (E)SFD (696 SF) AND DETACHED GARAGE (200SF).  CEIS# 131961.METHOD OF DEMO: HANDWRECKINGSEWER CAP PERMIT REQUIRED","metadescription":"Bldg-Demolition. 1 or 2 Family Dwelling. DEMOLISH (E)SFD (696 SF) AND DETACHED GARAGE (200SF).  CEIS# 131961.METHOD OF DEMO: HANDWRECKINGSEWER CAP PERMIT REQUIRED. Permit Expired. 3470 W 63RD ST","address":"3470 West 63Rd Street, CA, Los Angeles, 90043, US","ct":"2349.00","ev":"N","apc":"South Los Angeles","cpa":"West Adams - Baldwin Hills - Leimert","zone":"R3-1","solar":"N","pin_nbr":"105B185   865","use_code":"1","geolocation":"POINT (-118.33281 33.98279)","status_date":"07/23/2007","permit_group":"Building","refresh_time":"06/10/2026","type_lat_lon":"ADDRESS","business_unit":"Plan Check at Counter","square_footage":"0"},"geometry":{"type":"Point","coordinates":[-118.33281,33.98279]}},{"type":"Feature","properties":{"date":"2005-05-24T00:00:00.000Z","year":2005,"description":"DEMO DUPLEX AND DETACH GARAGE, SEWER CAP REQUIRED, FENCE PROTECTION, DEMO BY HANDWRECK. DPI#L13637","metadescription":"Bldg-Demolition. 1 or 2 Family Dwelling. DEMO DUPLEX AND DETACH GARAGE, SEWER CAP REQUIRED, FENCE PROTECTION, DEMO BY HANDWRECK. DPI#L13637. Permit Finaled. 9324-9326 S GLASGOW PL 1-2","address":"1-2, 9324 South Glasgow Place, CA, Los Angeles, 90045, US","ct":"2774.00","ev":"N","apc":"West Los Angeles","cpa":"Westchester - Playa del Rey","zone":"R3-1","solar":"N","pin_nbr":"093B173   200","use_code":"2","geolocation":"POINT (-118.37136 33.9511)","status_date":"06/24/2005","permit_group":"Building","refresh_time":"06/10/2026","type_lat_lon":"ADDRESS","business_unit":"Appointment Plan Check","square_footage":"0"},"geometry":{"type":"Point","coordinates":[-118.37136,33.9511]}},{"type":"Feature","properties":{"date":"2005-04-29T00:00:00.000Z","year":2005,"description":"COMBINED PERMIT TO DEMOLISH SFD  & DET. GARAGE . handwrecking method.","metadescription":"Bldg-Demolition. 1 or 2 Family Dwelling. COMBINED PERMIT TO DEMOLISH SFD  & DET. GARAGE . handwrecking method.. Permit Finaled. 5226 W 98TH ST","address":"5226 West 98Th Street, CA, Los Angeles, 90045, US","ct":"2774.00","ev":"N","apc":"West Los Angeles","cpa":"Westchester - Playa del Rey","zone":"R3-1","solar":"N","pin_nbr":"093B173   687","use_code":"1","geolocation":"POINT (-118.37125 33.94683)","status_date":"08/02/2005","construction":"Type V-N Construction","permit_group":"Building","refresh_time":"06/10/2026","type_lat_lon":"ADDRESS","business_unit":"Plan Check at Counter","square_footage":"0"},"geometry":{"type":"Point","coordinates":[-118.37125,33.94683]}},{"type":"Feature","properties":{"date":"2005-04-26T00:00:00.000Z","year":2005,"description":"(REROOF HOUSE AND DETACHED GARAGE) - - T/O EXISTING ROOF - INSTALL 25 SQS. OF CLASS \"A\" COMP SHINGLES - SMOKE DETECTORS REQUIRED","metadescription":"Bldg-Alter/Repair. 1 or 2 Family Dwelling. (REROOF HOUSE AND DETACHED GARAGE) - - T/O EXISTING ROOF - INSTALL 25 SQS. OF CLASS \"A\" COMP SHINGLES - SMOKE DETECTORS REQUIRED. Permit Expired. 6908 S KNOWLTON PL","address":"6908 Knowlton Place, CA, Los Angeles, 90045, US","ct":"2761.00","ev":"N","apc":"West Los Angeles","cpa":"Westchester - Playa del Rey","zone":"R3-1","solar":"N","pin_nbr":"102B173   275","use_code":"1","geolocation":"POINT (-118.37115 33.97461)","status_date":"05/01/2006","permit_group":"Building","refresh_time":"06/10/2026","type_lat_lon":"ADDRESS","business_unit":"Express Permit"},"geometry":{"type":"Point","coordinates":[-118.37115,33.97461]}},{"type":"Feature","properties":{"date":"2005-03-09T00:00:00.000Z","year":2005,"description":"Rebuild the rear 20 x 29'-3\" portion of the 2- CAR GARAGE AND DEN ROOM OF THE (E) SFD damaged by fire. Work includes  INTERIOR AND EXTERIOR REMODEL,  RE-DRYWALL, RE-STUCCO, AND CHANGE ALL WINDOWS & DOORS.  RELATED ELEC. CONSTRUCTION PER TYPE V SHEET.","metadescription":"Bldg-Alter/Repair. 1 or 2 Family Dwelling. Rebuild the rear 20 x 29'-3\" portion of the 2- CAR GARAGE AND DEN ROOM OF THE (E) SFD damaged by fire. Work includes  INTERIOR AND EXTERIOR REMODEL,  RE-DRYWALL, RE-STUCCO, AND CHANGE ALL WINDOWS & DOORS.  RELATED ELEC. CONSTRUCTION PER TYPE V SHEET.. Permit Finaled. 6337 S LONG ST","address":"6337 Long Street, CA, Los Angeles, 90043, US","ct":"2351.00","ev":"N","apc":"South Los Angeles","cpa":"West Adams - Baldwin Hills - Leimert","zone":"R1-1","solar":"N","pin_nbr":"105B185  1018","use_code":"1","geolocation":"POINT (-118.33869 33.98188)","status_date":"07/23/2006","permit_group":"Building","refresh_time":"06/10/2026","type_lat_lon":"ADDRESS","business_unit":"Plan Check at Counter"},"geometry":{"type":"Point","coordinates":[-118.33869,33.98188]}},{"type":"Feature","properties":{"date":"2005-03-02T00:00:00.000Z","year":2005,"description":"Reroof  WITH 20 YR. COMPOSITION SHINGLES over new plywood sheating; SFD and  DETACHED GARAGE.","metadescription":"Bldg-Alter/Repair. 1 or 2 Family Dwelling. Reroof  WITH 20 YR. COMPOSITION SHINGLES over new plywood sheating; SFD and  DETACHED GARAGE.. Permit Finaled. 2006 W 93RD ST","address":"2000 West 93Rd Street, CA, Los Angeles, 90047, US","ct":"2380.00","ev":"N","apc":"South Los Angeles","cpa":"South Los Angeles","zone":"R1-1","solar":"N","pin_nbr":"094-5A191 225","use_code":"1","geolocation":"POINT (-118.31366 33.95184)","status_date":"11/03/2009","permit_group":"Building","refresh_time":"06/10/2026","type_lat_lon":"ADDRESS","business_unit":"Express Permit"},"geometry":{"type":"Point","coordinates":[-118.31366,33.95184]}},{"type":"Feature","properties":{"date":"2005-02-09T00:00:00.000Z","year":2005,"description":"DEMO DUPLEX AND GARAGE.  HANDWRECK, CAP SEWER, CLEAR LOT AND FENCE.","metadescription":"Bldg-Demolition. 1 or 2 Family Dwelling. DEMO DUPLEX AND GARAGE.  HANDWRECK, CAP SEWER, CLEAR LOT AND FENCE.. Permit Finaled. 5261-5263 W 93RD ST","address":"5261 West 93Rd Street, CA, Los Angeles, 90045, US","ct":"2774.00","ev":"N","apc":"West Los Angeles","cpa":"Westchester - Playa del Rey","zone":"R3-1","solar":"N","pin_nbr":"093B173    95","use_code":"2","geolocation":"POINT (-118.37169 33.95173)","status_date":"04/07/2005","permit_group":"Building","refresh_time":"06/10/2026","type_lat_lon":"ADDRESS","business_unit":"Plan Check at Counter"},"geometry":{"type":"Point","coordinates":[-118.37169,33.95173]}},{"type":"Feature","properties":{"date":"2005-01-11T00:00:00.000Z","year":2005,"description":"REROOF:  TEAR OFF (E) ROOFING MATERIAL, INSTALL NEW 30 YR COMPOSITION SHINGLES.   SFD AND DETACHED GARAGE","metadescription":"Bldg-Alter/Repair. 1 or 2 Family Dwelling. REROOF:  TEAR OFF (E) ROOFING MATERIAL, INSTALL NEW 30 YR COMPOSITION SHINGLES.   SFD AND DETACHED GARAGE. Permit Finaled. 2106 W 97TH ST","address":"2107 West 97Th Street, CA, Los Angeles, 90047, US","ct":"2380.00","ev":"N","apc":"South Los Angeles","cpa":"South Los Angeles","zone":"R1-1","solar":"N","pin_nbr":"093A191   196","use_code":"1","geolocation":"POINT (-118.31583 33.94827)","status_date":"01/19/2005","permit_group":"Building","refresh_time":"06/10/2026","type_lat_lon":"ADDRESS","business_unit":"Express Permit"},"geometry":{"type":"Point","coordinates":[-118.31583,33.94827]}},{"type":"Feature","properties":{"date":"2004-12-07T00:00:00.000Z","year":2004,"description":"DEMOLISH (E) 1-STORY 30' X 40' SFD AND 20' X 20' DETACHED GARAGE.  HANDWRECK METHOD ONLY.  SEWER CAP AND FENCE PERMIT REQUIRED.","metadescription":"Bldg-Demolition. 1 or 2 Family Dwelling. DEMOLISH (E) 1-STORY 30' X 40' SFD AND 20' X 20' DETACHED GARAGE.  HANDWRECK METHOD ONLY.  SEWER CAP AND FENCE PERMIT REQUIRED.. Permit Finaled. 5201 W 97TH PL","address":"5201 West 97Th Place, CA, Los Angeles, 90045, US","ct":"2774.00","ev":"N","apc":"West Los Angeles","cpa":"Westchester - Playa del Rey","zone":"R3-1","solar":"N","height":"0","pin_nbr":"093B173   558","use_code":"1","geolocation":"POINT (-118.37048 33.94769)","status_date":"04/01/2005","permit_group":"Building","refresh_time":"06/10/2026","type_lat_lon":"ADDRESS","business_unit":"Plan Check at Counter","square_footage":"0"},"geometry":{"type":"Point","coordinates":[-118.37048,33.94769]}},{"type":"Feature","properties":{"date":"2004-12-07T00:00:00.000Z","year":2004,"description":"DEMO 1-STORY SFD AND DETACHED GARAGE.  CLEAR LOT.  HANDWRECK METHOD.  SEWER CAP AND FENCE REQUIRED.","metadescription":"Bldg-Demolition. 1 or 2 Family Dwelling. DEMO 1-STORY SFD AND DETACHED GARAGE.  CLEAR LOT.  HANDWRECK METHOD.  SEWER CAP AND FENCE REQUIRED.. Permit Finaled. 5206 W 95TH PL","address":"5206 West 95Th Place, CA, Los Angeles, 90045, US","ct":"2774.00","ev":"N","apc":"West Los Angeles","cpa":"Westchester - Playa del Rey","zone":"R3-1","solar":"N","pin_nbr":"093B173   395","use_code":"1","geolocation":"POINT (-118.37061 33.94954)","status_date":"04/01/2005","permit_group":"Building","refresh_time":"06/10/2026","type_lat_lon":"ADDRESS","business_unit":"Plan Check at Counter","square_footage":"0"},"geometry":{"type":"Point","coordinates":[-118.37061,33.94954]}},{"type":"Feature","properties":{"date":"2004-12-07T00:00:00.000Z","year":2004,"description":"DEMO 1-STORY SFD AND DETACHED GARAGE.  CLEAR LOT.  HANDWRECK METHOD.  SEWER AND FENCE REQUIRED.","metadescription":"Bldg-Demolition. 1 or 2 Family Dwelling. DEMO 1-STORY SFD AND DETACHED GARAGE.  CLEAR LOT.  HANDWRECK METHOD.  SEWER AND FENCE REQUIRED.. Permit Finaled. 5207 W 95TH ST","address":"5207 West 95Th Street, CA, Los Angeles, 90045, US","ct":"2774.00","ev":"N","apc":"West Los Angeles","cpa":"Westchester - Playa del Rey","zone":"R3-1","solar":"N","pin_nbr":"093B173   249","use_code":"1","geolocation":"POINT (-118.3706 33.95048)","status_date":"04/01/2005","permit_group":"Building","refresh_time":"06/10/2026","type_lat_lon":"ADDRESS","business_unit":"Plan Check at Counter","square_footage":"0"},"geometry":{"type":"Point","coordinates":[-118.3706,33.95048]}},{"type":"Feature","properties":{"date":"2004-12-07T00:00:00.000Z","year":2004,"description":"DEMOLISH (E) 1-STORY 20' X 30' SFD AND 20' X 20' DETACHED GARAGE.  HANDWRECK METHOD ONLY.  SEWER CAP AND FENCE PERMIT REQUIRED.","metadescription":"Bldg-Demolition. 1 or 2 Family Dwelling. DEMOLISH (E) 1-STORY 20' X 30' SFD AND 20' X 20' DETACHED GARAGE.  HANDWRECK METHOD ONLY.  SEWER CAP AND FENCE PERMIT REQUIRED.. Permit Finaled. 5211 W 97TH PL","address":"5211 West 97Th Place, CA, Los Angeles, 90045, US","ct":"2774.00","ev":"N","apc":"West Los Angeles","cpa":"Westchester - Playa del Rey","zone":"R3-1","solar":"N","height":"0","pin_nbr":"093B173   560","use_code":"1","geolocation":"POINT (-118.3707 33.94772)","status_date":"04/01/2005","permit_group":"Building","refresh_time":"06/10/2026","type_lat_lon":"ADDRESS","business_unit":"Plan Check at Counter","square_footage":"0"},"geometry":{"type":"Point","coordinates":[-118.3707,33.94772]}},{"type":"Feature","properties":{"date":"2004-12-07T00:00:00.000Z","year":2004,"description":"DEMO (E) 1-STORY SFD AND DETACHED GARAGE.  CLEAR LOT.  HANDWRECK METHOD.  FENCE AND SEWER CAP REQUIRED.","metadescription":"Bldg-Demolition. 1 or 2 Family Dwelling. DEMO (E) 1-STORY SFD AND DETACHED GARAGE.  CLEAR LOT.  HANDWRECK METHOD.  FENCE AND SEWER CAP REQUIRED.. Permit Finaled. 9306 S HINDRY PL","address":"9306 South Hindry Place, CA, Los Angeles, 90045, US","ct":"2774.00","ev":"N","apc":"West Los Angeles","cpa":"Westchester - Playa del Rey","zone":"R3-1","solar":"N","pin_nbr":"093B173   158","use_code":"1","geolocation":"POINT (-118.3724 33.95125)","status_date":"04/07/2005","permit_group":"Building","refresh_time":"06/10/2026","type_lat_lon":"ADDRESS","business_unit":"Plan Check at Counter","square_footage":"0"},"geometry":{"type":"Point","coordinates":[-118.3724,33.95125]}},{"type":"Feature","properties":{"date":"2004-12-07T00:00:00.000Z","year":2004,"description":"DEMO (E) 2-STORY SFD AND DETACHED GARAGE.  CLEAR LOT.  HANDWRECK METHOD.  FENCE AND SEWER CAP REQUIRED.","metadescription":"Bldg-Demolition. 1 or 2 Family Dwelling. DEMO (E) 2-STORY SFD AND DETACHED GARAGE.  CLEAR LOT.  HANDWRECK METHOD.  FENCE AND SEWER CAP REQUIRED.. Permit Finaled. 5220 W 98TH ST","address":"5220 West 98Th Street, CA, Los Angeles, 90045, US","ct":"2774.00","ev":"N","apc":"West Los Angeles","cpa":"Westchester - Playa del Rey","zone":"R3-1","solar":"N","pin_nbr":"093B173   696","use_code":"1","geolocation":"POINT (-118.37103 33.94671)","status_date":"04/01/2005","permit_group":"Building","refresh_time":"06/10/2026","type_lat_lon":"ADDRESS","business_unit":"Plan Check at Counter","square_footage":"0"},"geometry":{"type":"Point","coordinates":[-118.37103,33.94671]}},{"type":"Feature","properties":{"date":"2004-12-07T00:00:00.000Z","year":2004,"description":"DEMO (E) 1-STORY SFD AND DETACHED GARAGE.  CLEAR LOT.  HANDWRECK METHOD.  FENCE AND SEWER CAP REQUIRED.","metadescription":"Bldg-Demolition. 1 or 2 Family Dwelling. DEMO (E) 1-STORY SFD AND DETACHED GARAGE.  CLEAR LOT.  HANDWRECK METHOD.  FENCE AND SEWER CAP REQUIRED.. Permit Finaled. 5227 W 98TH ST","address":"5227 West 98Th Street, CA, Los Angeles, 90045, US","ct":"2774.00","ev":"N","apc":"West Los Angeles","cpa":"Westchester - Playa del Rey","zone":"R3-1","solar":"N","pin_nbr":"093B173   654","use_code":"1","geolocation":"POINT (-118.37124 33.94687)","status_date":"04/01/2005","permit_group":"Building","refresh_time":"06/10/2026","type_lat_lon":"ADDRESS","business_unit":"Plan Check at Counter","square_footage":"0"},"geometry":{"type":"Point","coordinates":[-118.37124,33.94687]}},{"type":"Feature","properties":{"date":"2004-12-02T00:00:00.000Z","year":2004,"description":"DEMOLISH (E) SFD AND DETACHED GARAGE.  HANDWRECK METHOD ONLY.  SEWER CAP AND FENCE PERMIT REQUIRED.","metadescription":"Bldg-Demolition. 1 or 2 Family Dwelling. DEMOLISH (E) SFD AND DETACHED GARAGE.  HANDWRECK METHOD ONLY.  SEWER CAP AND FENCE PERMIT REQUIRED.. Permit Finaled. 5302 W 94TH ST","address":"5302 West 94Th Street, CA, Los Angeles, 90045, US","ct":"2774.00","ev":"N","apc":"West Los Angeles","cpa":"Westchester - Playa del Rey","zone":"R1-1","solar":"N","pin_nbr":"093B173   229","use_code":"1","geolocation":"POINT (-118.37278 33.95068)","status_date":"05/18/2005","permit_group":"Building","refresh_time":"06/10/2026","type_lat_lon":"ADDRESS","business_unit":"Plan Check at Counter","square_footage":"0"},"geometry":{"type":"Point","coordinates":[-118.37278,33.95068]}},{"type":"Feature","properties":{"date":"2004-11-24T00:00:00.000Z","year":2004,"description":"COMBINED PERMIT TO DEMOLISH ONE STORY SFD & DETACHED GARAGE. USE HANDWRECKING METHOD; FENCE & CLEAR LOT.","metadescription":"Bldg-Demolition. 1 or 2 Family Dwelling. COMBINED PERMIT TO DEMOLISH ONE STORY SFD & DETACHED GARAGE. USE HANDWRECKING METHOD; FENCE & CLEAR LOT.. Permit Finaled. 5206 W 93RD ST","address":"5206 West 93Rd Street, CA, Los Angeles, 90045, US","ct":"2774.00","ev":"N","apc":"West Los Angeles","cpa":"Westchester - Playa del Rey","zone":"R3-1","solar":"N","pin_nbr":"093B173   131","use_code":"1","geolocation":"POINT (-118.37056 33.95153)","status_date":"04/01/2005","permit_group":"Building","refresh_time":"06/10/2026","type_lat_lon":"ADDRESS","business_unit":"Plan Check at Counter"},"geometry":{"type":"Point","coordinates":[-118.37056,33.95153]}},{"type":"Feature","properties":{"date":"2004-11-24T00:00:00.000Z","year":2004,"description":"COMBINED PERMIT TO DEMOLISH ONE SFD & DETACHED GARAGE. USE HANDWRECKING METHOD; FENCE & CLEAR LOT.","metadescription":"Bldg-Demolition. 1 or 2 Family Dwelling. COMBINED PERMIT TO DEMOLISH ONE SFD & DETACHED GARAGE. USE HANDWRECKING METHOD; FENCE & CLEAR LOT.. Permit Finaled. 5200 W 93RD ST","address":"5200 West 93Rd Street, CA, Los Angeles, 90045, US","ct":"2774.00","ev":"N","apc":"West Los Angeles","cpa":"Westchester - Playa del Rey","zone":"R3-1","solar":"N","pin_nbr":"093B173   129","use_code":"1","geolocation":"POINT (-118.37043 33.95157)","status_date":"04/01/2005","permit_group":"Building","refresh_time":"06/10/2026","type_lat_lon":"ADDRESS","business_unit":"Plan Check at Counter"},"geometry":{"type":"Point","coordinates":[-118.37043,33.95157]}},{"type":"Feature","properties":{"date":"2004-11-24T00:00:00.000Z","year":2004,"description":"COMBINED PERMIT TO DEMOLISH  ONE STORY  SFD & DETTACHED  GARAGE. USE HANDWRECKING METHOD; FENCE & CLEAR LOT.","metadescription":"Bldg-Demolition. 1 or 2 Family Dwelling. COMBINED PERMIT TO DEMOLISH  ONE STORY  SFD & DETTACHED  GARAGE. USE HANDWRECKING METHOD; FENCE & CLEAR LOT.. Permit Finaled. 5210 W 94TH ST","address":"5210 West 94Th Street, CA, Los Angeles, 90045, US","ct":"2774.00","ev":"N","apc":"West Los Angeles","cpa":"Westchester - Playa del Rey","zone":"R3-1","solar":"N","pin_nbr":"093B173   210","use_code":"1","geolocation":"POINT (-118.3708 33.95096)","status_date":"04/01/2005","permit_group":"Building","refresh_time":"06/10/2026","type_lat_lon":"ADDRESS","business_unit":"Plan Check at Counter"},"geometry":{"type":"Point","coordinates":[-118.3708,33.95096]}},{"type":"Feature","properties":{"date":"2004-11-24T00:00:00.000Z","year":2004,"description":"COMBINED PERMIT TO DEMOLISH ON STORY SFD & DETTACHED GARAGE. USE HANDWRECKING METHOD; FENCE & CLEAR LOT.","metadescription":"Bldg-Demolition. 1 or 2 Family Dwelling. COMBINED PERMIT TO DEMOLISH ON STORY SFD & DETTACHED GARAGE. USE HANDWRECKING METHOD; FENCE & CLEAR LOT.. Permit Finaled. 5200 W 94TH ST","address":"5200 West 94Th Street, CA, Los Angeles, 90045, US","ct":"2774.00","ev":"N","apc":"West Los Angeles","cpa":"Westchester - Playa del Rey","zone":"R3-1","solar":"N","pin_nbr":"093B173   215","use_code":"1","geolocation":"POINT (-118.37042 33.95089)","status_date":"04/01/2005","permit_group":"Building","refresh_time":"06/10/2026","type_lat_lon":"ADDRESS","business_unit":"Plan Check at Counter"},"geometry":{"type":"Point","coordinates":[-118.37042,33.95089]}},{"type":"Feature","properties":{"date":"2004-09-02T00:00:00.000Z","year":2004,"description":"New 3-story, type V-1hr, 10-unit Apartment Bldg (R1 occupancy) over 1-level of type I basement parking garage (S3 occupancy) .","metadescription":"Bldg-New. Apartment. New 3-story, type V-1hr, 10-unit Apartment Bldg (R1 occupancy) over 1-level of type I basement parking garage (S3 occupancy) .. CofO Issued. 7006 S RAMSGATE PL APT  # 1-10","address":"1-10, 7014 Ramsgate Place, CA, Los Angeles, 90045, US","ct":"2761.00","ev":"N","apc":"West Los Angeles","cpa":"Westchester - Playa del Rey","zone":"R3-1","solar":"N","height":"44.5","pin_nbr":"102B173   323","use_code":"5","geolocation":"POINT (-118.3732 33.97409)","status_date":"05/31/2007","construction":"Type V-1HR Construction","permit_group":"Building","refresh_time":"06/10/2026","type_lat_lon":"ADDRESS","business_unit":"Regular Plan Check","square_footage":"14864"},"geometry":{"type":"Point","coordinates":[-118.3732,33.97409]}},{"type":"Feature","properties":{"date":"2004-07-23T00:00:00.000Z","year":2004,"description":"DEMO 13' X 20' DET. GARAGE.  new garage under 04010-70000-03068.","metadescription":"Bldg-Demolition. 1 or 2 Family Dwelling. DEMO 13' X 20' DET. GARAGE.  new garage under 04010-70000-03068.. Permit Finaled. 6327 S HARCOURT AVE","address":"6327 South Harcourt Avenue, CA, Los Angeles, 90043, US","ct":"2351.00","ev":"N","apc":"South Los Angeles","cpa":"West Adams - Baldwin Park - Leimert Park","zone":"R1-1","solar":"N","pin_nbr":"105B181  1241","use_code":"7","geolocation":"POINT (-118.34081 33.98208)","status_date":"01/18/2005","permit_group":"Building","refresh_time":"06/10/2026","type_lat_lon":"ADDRESS","business_unit":"Plan Check at Counter","square_footage":"-1"},"geometry":{"type":"Point","coordinates":[-118.34081,33.98208]}},{"type":"Feature","properties":{"date":"2004-07-22T00:00:00.000Z","year":2004,"description":"DEMOLISH (20'X41') DETACHED GARAGE, BY HANDWRECK, SEWER CAP IS REQD.","metadescription":"Bldg-Demolition. Apartment. DEMOLISH (20'X41') DETACHED GARAGE, BY HANDWRECK, SEWER CAP IS REQD.. Permit Expired. 7006 S RAMSGATE PL","address":"1-10, 7014 Ramsgate Place, CA, Los Angeles, 90045, US","ct":"2761.00","ev":"N","apc":"West Los Angeles","cpa":"Westchester - Playa del Rey","zone":"R3-1","solar":"N","pin_nbr":"102B173   323","use_code":"7","geolocation":"POINT (-118.3732 33.97409)","status_date":"04/16/2007","permit_group":"Building","refresh_time":"06/10/2026","type_lat_lon":"ADDRESS","business_unit":"Plan Check at Counter","square_footage":"-.01"},"geometry":{"type":"Point","coordinates":[-118.3732,33.97409]}},{"type":"Feature","properties":{"date":"2004-07-19T00:00:00.000Z","year":2004,"description":"Remove 11'X20' 1-car attached garage to existing SFD.  Repair remaining wall along the removed garage with 7/8\" stucco 13' in length.  Existing parking to be replaced with new garage under permit number 04010-30000-02871.","metadescription":"Bldg-Alter/Repair. 1 or 2 Family Dwelling. Remove 11'X20' 1-car attached garage to existing SFD.  Repair remaining wall along the removed garage with 7/8\" stucco 13' in length.  Existing parking to be replaced with new garage under permit number 04010-30000-02871.. Permit Expired. 7782 S TOLAND AVE","address":"7786 Toland Avenue, CA, Los Angeles, 90045, US","ct":"2771.00","ev":"N","apc":"West Los Angeles","cpa":"Westchester - Playa del Rey","zone":"R1-1","solar":"N","pin_nbr":"099B173   449","use_code":"1","geolocation":"POINT (-118.37485 33.9664)","status_date":"02/27/2007","construction":"Type V-N Construction","permit_group":"Building","refresh_time":"06/10/2026","type_lat_lon":"ADDRESS","business_unit":"Plan Check at Counter","square_footage":"0"},"geometry":{"type":"Point","coordinates":[-118.37485,33.9664]}},{"type":"Feature","properties":{"date":"2004-06-30T00:00:00.000Z","year":2004,"description":"REPAIR DAMAGE CAUSED TO (E) GARAGE DUE TO ILLEGAL CONVERSION.  RETURN TO ORIGINAL CONDITION.                                                 \"COMPLY WITH DEPARTMENT ORDER effective date 05/10/2004. PERMIT WILL EXPIRE 30 DAYS FROM ISSUANCE DATE\"","metadescription":"Bldg-Alter/Repair. 1 or 2 Family Dwelling. REPAIR DAMAGE CAUSED TO (E) GARAGE DUE TO ILLEGAL CONVERSION.  RETURN TO ORIGINAL CONDITION.                                                 \"COMPLY WITH DEPARTMENT ORDER effective date 05/10/2004. PERMIT WILL EXPIRE 30 DAYS FROM ISSUANCE DATE\". Permit Finaled. 2116 W 96TH ST","address":"2116 West 96Th Street, CA, Los Angeles, 90047, US","ct":"2380.00","ev":"N","apc":"South Los Angeles","cpa":"South Central Los Angeles","zone":"R1-1","solar":"N","pin_nbr":"093A191   145","use_code":"1","geolocation":"POINT (-118.31613 33.94897)","status_date":"08/06/2004","permit_group":"Building","refresh_time":"06/10/2026","type_lat_lon":"ADDRESS","business_unit":"Express Permit"},"geometry":{"type":"Point","coordinates":[-118.31613,33.94897]}},{"type":"Feature","properties":{"date":"2004-05-19T00:00:00.000Z","year":2004,"description":"Convert portion of garage into new unit to make existing 2 story duplex into 3 unit apt.  394 SF, 25'-2\" X 27'-4\" irregular shape.  1kitchen/dining room, 1 bedroom and 1 bathroom.  New address will be 7056 1/4, 1/2, and 3/4 S. Ramsgate.  To provide 2 (E) covered parking (to remain) and 2 proposed uncovered parking.","metadescription":"Bldg-Alter/Repair. Apartment. Convert portion of garage into new unit to make existing 2 story duplex into 3 unit apt.  394 SF, 25'-2\" X 27'-4\" irregular shape.  1kitchen/dining room, 1 bedroom and 1 bathroom.  New address will be 7056 1/4, 1/2, and 3/4 S. Ramsgate.  To provide 2 (E) covered parking (to remain) and 2 proposed uncovered parking.. CofO Issued. 7056 1/4-3/4 S RAMSGATE AVE","address":"7056 1/2 Ramsgate Avenue, CA, Los Angeles, 90045, US","ct":"2761.00","ev":"N","apc":"West Los Angeles","cpa":"Westchester - Playa del Rey","zone":"R3-1","solar":"N","pin_nbr":"102B173   438","use_code":"5","geolocation":"POINT (-118.37296 33.97301)","status_date":"06/02/2010","construction":"Type V-N Construction","permit_group":"Building","refresh_time":"06/10/2026","type_lat_lon":"ADDRESS","business_unit":"Appointment Plan Check","square_footage":"394"},"geometry":{"type":"Point","coordinates":[-118.37296,33.97301]}},{"type":"Feature","properties":{"date":"2004-05-14T00:00:00.000Z","year":2004,"description":"Extend the garage an additional 12'-0\".","metadescription":"Bldg-Addition. 1 or 2 Family Dwelling. Extend the garage an additional 12'-0\".. Permit Expired. 6938 S KNOWLTON PL","address":"6938 Knowlton Place, CA, Los Angeles, 90045, US","ct":"2761.00","ev":"N","apc":"West Los Angeles","cpa":"Westchester - Playa del Rey","zone":"R3-1","solar":"N","pin_nbr":"102B173   359","use_code":"7","geolocation":"POINT (-118.37109 33.97379)","status_date":"02/27/2007","construction":"Type V-N Construction","permit_group":"Building","refresh_time":"06/10/2026","type_lat_lon":"ADDRESS","business_unit":"Plan Check at Counter","square_footage":"0"},"geometry":{"type":"Point","coordinates":[-118.37109,33.97379]}},{"type":"Feature","properties":{"date":"2004-04-12T00:00:00.000Z","year":2004,"description":"DEMO 2-CAR GARAGE (18'-3\" X 20'-3\") DETACHED FROM DWLG.","metadescription":"Bldg-Demolition. 1 or 2 Family Dwelling. DEMO 2-CAR GARAGE (18'-3\" X 20'-3\") DETACHED FROM DWLG.. Permit Finaled. 7137 S LA CIENEGA BLVD","address":"7137 South La Cienega Boulevard, CA, Los Angeles, 90045, US","ct":"2761.00","ev":"N","apc":"West Los Angeles","cpa":"Westchester - Playa del Rey","zone":"RD1.5-1","solar":"N","pin_nbr":"102B173   841","use_code":"7","geolocation":"POINT (-118.37037 33.97145)","status_date":"07/14/2005","permit_group":"Building","refresh_time":"06/10/2026","type_lat_lon":"ADDRESS","business_unit":"Plan Check at Counter","square_footage":"-.01"},"geometry":{"type":"Point","coordinates":[-118.37037,33.97145]}},{"type":"Feature","properties":{"date":"2004-04-12T00:00:00.000Z","year":2004,"description":"PROPOSE  38' X 39'-4\"   SFD W/ATT. 4-CAR GARAGE IN AT REAR OF LOT.","metadescription":"Bldg-New. 1 or 2 Family Dwelling. PROPOSE  38' X 39'-4\"   SFD W/ATT. 4-CAR GARAGE IN AT REAR OF LOT.. CofO Issued. 7139 S LA CIENEGA BLVD","address":"7139 South La Cienega Boulevard, CA, Los Angeles, 90045, US","ct":"2761.00","ev":"N","apc":"West Los Angeles","cpa":"Westchester - Playa del Rey","zone":"RD1.5-1","solar":"N","height":"30.75","pin_nbr":"102B173   841","use_code":"1","geolocation":"POINT (-118.37043 33.97135)","status_date":"08/19/2005","construction":"Type V-N Construction","permit_group":"Building","refresh_time":"06/10/2026","type_lat_lon":"ADDRESS","business_unit":"Regular Plan Check","square_footage":"2180"},"geometry":{"type":"Point","coordinates":[-118.37043,33.97135]}},{"type":"Feature","properties":{"date":"2004-04-01T00:00:00.000Z","year":2004,"description":"NEW 2 STORY DUPLEX AND ATTACHED 3 CAR GARAGE","metadescription":"Bldg-New. 1 or 2 Family Dwelling. NEW 2 STORY DUPLEX AND ATTACHED 3 CAR GARAGE. Permit Finaled. 6344-6346 S VICTORIA AVE","address":"6344 South Victoria Avenue, CA, Los Angeles, 90043, US","ct":"2349.00","ev":"N","apc":"South Los Angeles","cpa":"West Adams - Baldwin Park - Leimert Park","zone":"R3-1","solar":"N","pin_nbr":"105B185  1027","use_code":"2","geolocation":"POINT (-118.33191819 33.98176129)","status_date":"10/13/2004","construction":"Type V-N Construction","permit_group":"Building","refresh_time":"06/10/2026","type_lat_lon":"PIN","business_unit":"Regular Plan Check","square_footage":"1850.25"},"geometry":{"type":"Point","coordinates":[-118.33191819,33.98176129]}},{"type":"Feature","properties":{"date":"2004-03-22T00:00:00.000Z","year":2004,"description":"New garage (25'x23') at rear portion of the lot. Per type V sheet.","metadescription":"Bldg-New. 1 or 2 Family Dwelling. New garage (25'x23') at rear portion of the lot. Per type V sheet.. Permit Finaled. 7838 S MIDFIELD AVE","address":"7838 Midfield Avenue, CA, Los Angeles, 90045, US","ct":"2771.00","ev":"N","apc":"West Los Angeles","cpa":"Westchester - Playa del Rey","zone":"R1-1","solar":"N","height":"13","pin_nbr":"099B173   691","use_code":"7","geolocation":"POINT (-118.37175 33.96448)","status_date":"11/30/2004","construction":"Type V-N Construction","permit_group":"Building","refresh_time":"06/10/2026","type_lat_lon":"ADDRESS","business_unit":"Plan Check at Counter"},"geometry":{"type":"Point","coordinates":[-118.37175,33.96448]}},{"type":"Feature","properties":{"date":"2003-12-30T00:00:00.000Z","year":2003,"description":"REMOVE (E) 2-CAR GARAGE AND BUILT A NEW 2-CAR CARPORT PER  P/BC 2002-09. \"COMPLY WITH DEPARTMENT ORDER effective date 12/02/2003. PERMIT WILL EXPIRE 30 DAYS FROM ISSUANCE DATE\"","metadescription":"Bldg-New. 1 or 2 Family Dwelling. REMOVE (E) 2-CAR GARAGE AND BUILT A NEW 2-CAR CARPORT PER  P/BC 2002-09. \"COMPLY WITH DEPARTMENT ORDER effective date 12/02/2003. PERMIT WILL EXPIRE 30 DAYS FROM ISSUANCE DATE\". Issued. 2144 W 80TH ST","address":"2140 West 80Th Street, CA, Los Angeles, 90047, US","ct":"2381.00","ev":"N","apc":"South Los Angeles","cpa":"South Central Los Angeles","zone":"R1-1","solar":"N","pin_nbr":"099B189   596","use_code":"7","geolocation":"POINT (-118.31706 33.96628)","status_date":"12/30/2003","construction":"Type V-N Construction","permit_group":"Building","refresh_time":"06/10/2026","type_lat_lon":"ADDRESS","business_unit":"Plan Check at Counter"},"geometry":{"type":"Point","coordinates":[-118.31706,33.96628]}},{"type":"Feature","properties":{"date":"2003-10-16T00:00:00.000Z","year":2003,"description":"DEMO EXISTING GARAGE (2 CAR) - NO SEWER CAP REQUIRED . (NEW GARAGE PERMIT UNDER 03014-70000-06400)","metadescription":"Bldg-Demolition. 1 or 2 Family Dwelling. DEMO EXISTING GARAGE (2 CAR) - NO SEWER CAP REQUIRED . (NEW GARAGE PERMIT UNDER 03014-70000-06400). Permit Finaled. 7770 S TOLAND AVE","address":"7776 Toland Avenue, CA, Los Angeles, 90045, US","ct":"2771.00","ev":"N","apc":"West Los Angeles","cpa":"Westchester - Playa del Rey","zone":"R1-1","solar":"N","pin_nbr":"099B173   422","use_code":"7","geolocation":"POINT (-118.37507 33.96664)","status_date":"03/14/2006","permit_group":"Building","refresh_time":"06/10/2026","type_lat_lon":"ADDRESS","business_unit":"Plan Check at Counter","square_footage":"-504"},"geometry":{"type":"Point","coordinates":[-118.37507,33.96664]}},{"type":"Feature","properties":{"date":"2003-10-16T00:00:00.000Z","year":2003,"description":"SUPPLEMENTAL PERMIT TO CORRECT WORK DESCRIPTION \" NEW GARAGE\" TO REPLACE EXISTING GARAGE.  \"NO FEE - DEPT. ERROR\"","metadescription":"Bldg-New. 1 or 2 Family Dwelling. SUPPLEMENTAL PERMIT TO CORRECT WORK DESCRIPTION \" NEW GARAGE\" TO REPLACE EXISTING GARAGE.  \"NO FEE - DEPT. ERROR\". Permit Finaled. 7770 S TOLAND AVE","address":"7776 Toland Avenue, CA, Los Angeles, 90045, US","ct":"2771.00","ev":"N","apc":"West Los Angeles","cpa":"Westchester - Playa del Rey","zone":"R1-1","solar":"N","pin_nbr":"099B173   422","use_code":"7","geolocation":"POINT (-118.37507 33.96664)","status_date":"04/03/2006","construction":"Type V-N Construction","permit_group":"Building","refresh_time":"06/10/2026","type_lat_lon":"ADDRESS","business_unit":"Plan Check at Counter","square_footage":"630"},"geometry":{"type":"Point","coordinates":[-118.37507,33.96664]}},{"type":"Feature","properties":{"date":"2003-10-10T00:00:00.000Z","year":2003,"description":"REACTIVATE EXPIRE PERMIT #97014-10001-06106 (85% COMPLETE) PER G49 #38722 TO CONVERT  (E) 20' X 20' 2-CAR ATTACH GARAGE TO 2-BDRM TO (E) SFD.  SEE COMMENTS","metadescription":"Bldg-Alter/Repair. 1 or 2 Family Dwelling. REACTIVATE EXPIRE PERMIT #97014-10001-06106 (85% COMPLETE) PER G49 #38722 TO CONVERT  (E) 20' X 20' 2-CAR ATTACH GARAGE TO 2-BDRM TO (E) SFD.  SEE COMMENTS. Permit Finaled. 3505 W 67TH ST","address":"3507 West 67Th Street, CA, Los Angeles, 90043, US","ct":"2349.00","ev":"N","apc":"South Los Angeles","cpa":"West Adams - Baldwin Park - Leimert Park","zone":"R3-1","solar":"N","pin_nbr":"102B185   256","use_code":"1","geolocation":"POINT (-118.33413836 33.97828009)","status_date":"03/31/2004","permit_group":"Building","refresh_time":"06/10/2026","type_lat_lon":"PIN","business_unit":"Plan Check at Counter"},"geometry":{"type":"Point","coordinates":[-118.33413836,33.97828009]}},{"type":"Feature","properties":{"date":"2003-10-10T00:00:00.000Z","year":2003,"description":"REACTIVATE EXPIRE PERMIT 97014-10001-06107 50% COMPLETED  PER G49 FORM # 38722.  CHANGE WORK DESCRIPTION TO \"PROPOSE 20' X 20' GARAGE\"  SEE COMMENTS","metadescription":"Bldg-Alter/Repair. 1 or 2 Family Dwelling. REACTIVATE EXPIRE PERMIT 97014-10001-06107 50% COMPLETED  PER G49 FORM # 38722.  CHANGE WORK DESCRIPTION TO \"PROPOSE 20' X 20' GARAGE\"  SEE COMMENTS. Permit Finaled. 3505 W 67TH ST","address":"3507 West 67Th Street, CA, Los Angeles, 90043, US","ct":"2349.00","ev":"N","apc":"South Los Angeles","cpa":"West Adams - Baldwin Park - Leimert Park","zone":"R3-1","solar":"N","pin_nbr":"102B185   256","use_code":"1","geolocation":"POINT (-118.33413836 33.97828009)","status_date":"03/31/2004","permit_group":"Building","refresh_time":"06/10/2026","type_lat_lon":"PIN","business_unit":"Express Permit"},"geometry":{"type":"Point","coordinates":[-118.33413836,33.97828009]}},{"type":"Feature","properties":{"date":"2003-10-07T00:00:00.000Z","year":2003,"description":"Remove and replace garage with a 7'-0\" x  21 addition resulting in a two car garage.","metadescription":"Bldg-Addition. 1 or 2 Family Dwelling. Remove and replace garage with a 7'-0\" x  21 addition resulting in a two car garage.. Permit Finaled. 7770 S TOLAND AVE","address":"7776 Toland Avenue, CA, Los Angeles, 90045, US","ct":"2771.00","ev":"N","apc":"West Los Angeles","cpa":"Westchester - Playa del Rey","zone":"R1-1","solar":"N","height":"12","pin_nbr":"099B173   422","use_code":"7","geolocation":"POINT (-118.37507 33.96664)","status_date":"04/13/2006","construction":"Type V-N Construction","permit_group":"Building","refresh_time":"06/10/2026","type_lat_lon":"ADDRESS","business_unit":"Plan Check at Counter","square_footage":"140"},"geometry":{"type":"Point","coordinates":[-118.37507,33.96664]}},{"type":"Feature","properties":{"date":"2003-09-30T00:00:00.000Z","year":2003,"description":"DEMOLITION OF (E) SFD AND DETACHED GARAGE.  HANDWRECK METHOD ONLY.  SEWER CAP PERMIT REQUIRED.","metadescription":"Bldg-Demolition. 1 or 2 Family Dwelling. DEMOLITION OF (E) SFD AND DETACHED GARAGE.  HANDWRECK METHOD ONLY.  SEWER CAP PERMIT REQUIRED.. Permit Expired. 5216 W 97TH PL","address":"5216 West 97Th Place, CA, Los Angeles, 90045, US","ct":"2774.00","ev":"N","apc":"West Los Angeles","cpa":"Westchester - Playa del Rey","zone":"R3-1","solar":"N","pin_nbr":"093B173   605","use_code":"1","geolocation":"POINT (-118.37096 33.94755)","status_date":"02/27/2007","permit_group":"Building","refresh_time":"06/10/2026","type_lat_lon":"ADDRESS","business_unit":"Plan Check at Counter","square_footage":"-480"},"geometry":{"type":"Point","coordinates":[-118.37096,33.94755]}},{"type":"Feature","properties":{"date":"2003-08-20T00:00:00.000Z","year":2003,"description":"DEMO DUPLEX, DETACHED GARAGE AND SEWER CAP.  HANDWRECK, CLEAR LOT AND FENCE.  NO BASEMENT.","metadescription":"Bldg-Demolition. 1 or 2 Family Dwelling. DEMO DUPLEX, DETACHED GARAGE AND SEWER CAP.  HANDWRECK, CLEAR LOT AND FENCE.  NO BASEMENT.. Permit Finaled. 9300-9302 S GLASGOW PL","address":"9300 South Glasgow Place, CA, Los Angeles, 90045, US","ct":"2774.00","ev":"N","apc":"West Los Angeles","cpa":"Westchester - Playa del Rey","zone":"R3-1","solar":"N","pin_nbr":"093B173    94","use_code":"2","geolocation":"POINT (-118.3716 33.95173)","status_date":"09/25/2003","permit_group":"Building","refresh_time":"06/10/2026","type_lat_lon":"ADDRESS","business_unit":"Plan Check at Counter","square_footage":"-1550"},"geometry":{"type":"Point","coordinates":[-118.3716,33.95173]}},{"type":"Feature","properties":{"date":"2003-08-18T00:00:00.000Z","year":2003,"description":"DEMO SFD, GARAGE AND SEWER CAP","metadescription":"Bldg-Demolition. 1 or 2 Family Dwelling. DEMO SFD, GARAGE AND SEWER CAP. Permit Finaled. 5210 W 95TH PL","address":"5210 West 95Th Place, CA, Los Angeles, 90045, US","ct":"2774.00","ev":"N","apc":"West Los Angeles","cpa":"Westchester - Playa del Rey","zone":"R3-1","solar":"N","pin_nbr":"093B173   362","use_code":"1","geolocation":"POINT (-118.3708 33.94968)","status_date":"11/17/2004","permit_group":"Building","refresh_time":"06/10/2026","type_lat_lon":"ADDRESS","business_unit":"Plan Check at Counter","square_footage":"-1000"},"geometry":{"type":"Point","coordinates":[-118.3708,33.94968]}},{"type":"Feature","properties":{"date":"2003-08-14T00:00:00.000Z","year":2003,"description":"DEMO (E) GARAGE. HANDWRECK CLEAR DEBRIS.","metadescription":"Bldg-Demolition. 1 or 2 Family Dwelling. DEMO (E) GARAGE. HANDWRECK CLEAR DEBRIS.. Permit Expired. 3488 W 67TH ST","address":"3488 1/2 West 67Th Street, CA, Los Angeles, 90043, US","ct":"2349.00, 2352.02","ev":"N","apc":"South Los Angeles","cpa":"West Adams - Baldwin Park - Leimert Park","zone":"R3-1","solar":"N","pin_nbr":"102B185   302","use_code":"7","geolocation":"POINT (-118.33347 33.97794)","status_date":"04/02/2007","permit_group":"Building","refresh_time":"06/10/2026","type_lat_lon":"ADDRESS","business_unit":"Plan Check at Counter","square_footage":"0"},"geometry":{"type":"Point","coordinates":[-118.33347,33.97794]}},{"type":"Feature","properties":{"date":"2003-07-31T00:00:00.000Z","year":2003,"description":"Reroof: remove the old roof-covering; install 1/2\" OSB plywood, & 23 squares Class A fiberglass shingles for the dwelling & detached garage.","metadescription":"Bldg-Alter/Repair. 1 or 2 Family Dwelling. Reroof: remove the old roof-covering; install 1/2\" OSB plywood, & 23 squares Class A fiberglass shingles for the dwelling & detached garage.. Permit Finaled. 9137 S WILTON PL","address":"9137 South Wilton Place, CA, Los Angeles, 90047, US","ct":"2384.00","ev":"N","apc":"South Los Angeles","cpa":"South Central Los Angeles","zone":"R1-1","solar":"N","pin_nbr":"094-5A191 103","use_code":"1","geolocation":"POINT (-118.3146 33.95339)","status_date":"08/21/2003","permit_group":"Building","refresh_time":"06/10/2026","type_lat_lon":"ADDRESS","business_unit":"Express Permit"},"geometry":{"type":"Point","coordinates":[-118.3146,33.95339]}},{"type":"Feature","properties":{"date":"2003-07-30T00:00:00.000Z","year":2003,"description":"DEMO DUPLEX, PATIO COVER, DETACHED GARAGE AND SEWER CAP.","metadescription":"Bldg-Demolition. 1 or 2 Family Dwelling. DEMO DUPLEX, PATIO COVER, DETACHED GARAGE AND SEWER CAP.. Permit Finaled. 5406-5408 W ARBOR VITAE ST","address":"5406 West Arbor Vitae Street, CA, Los Angeles, 90045, US","ct":"2774.00","ev":"N","apc":"West Los Angeles","cpa":"Westchester - Playa del Rey","zone":"R3-1","solar":"N","pin_nbr":"093B173    79","use_code":"2","geolocation":"POINT (-118.37412 33.9524)","status_date":"04/07/2005","permit_group":"Building","refresh_time":"06/10/2026","type_lat_lon":"ADDRESS","business_unit":"Plan Check at Counter","square_footage":"-1200"},"geometry":{"type":"Point","coordinates":[-118.37412,33.9524]}},{"type":"Feature","properties":{"date":"2003-07-30T00:00:00.000Z","year":2003,"description":"DEMO 1-STORY SFD (30'X40') W/ DETACHED GARAGE (20'X20').  SEWER CAP REQUIRED.","metadescription":"Bldg-Demolition. 1 or 2 Family Dwelling. DEMO 1-STORY SFD (30'X40') W/ DETACHED GARAGE (20'X20').  SEWER CAP REQUIRED.. Permit Finaled. 5207 W PARDEE ST","address":"5207 West Pardee Street, CA, Los Angeles, 90045, US","ct":"2774.00","ev":"N","apc":"West Los Angeles","cpa":"Westchester - Playa del Rey","zone":"R3-1","solar":"N","pin_nbr":"093B173   410","use_code":"1","geolocation":"POINT (-118.37056 33.94921)","status_date":"03/13/2006","construction":"Type V-N Construction","permit_group":"Building","refresh_time":"06/10/2026","type_lat_lon":"ADDRESS","business_unit":"Plan Check at Counter","square_footage":"-1200"},"geometry":{"type":"Point","coordinates":[-118.37056,33.94921]}},{"type":"Feature","properties":{"date":"2003-07-30T00:00:00.000Z","year":2003,"description":"DEMO 1-STORY SFD (30'X30') AND DETACHED GARAGE (20'X20'), SEWER CAP REQUIRED.","metadescription":"Bldg-Demolition. 1 or 2 Family Dwelling. DEMO 1-STORY SFD (30'X30') AND DETACHED GARAGE (20'X20'), SEWER CAP REQUIRED.. Permit Finaled. 5211 W 94TH ST","address":"5211 West 94Th Street, CA, Los Angeles, 90045, US","ct":"2774.00","ev":"N","apc":"West Los Angeles","cpa":"Westchester - Playa del Rey","zone":"R3-1","solar":"N","pin_nbr":"093B173   161","use_code":"1","geolocation":"POINT (-118.37081 33.95104)","status_date":"01/05/2006","construction":"Type V-N Construction","permit_group":"Building","refresh_time":"06/10/2026","type_lat_lon":"ADDRESS","business_unit":"Plan Check at Counter","square_footage":"-900"},"geometry":{"type":"Point","coordinates":[-118.37081,33.95104]}},{"type":"Feature","properties":{"date":"2003-07-15T00:00:00.000Z","year":2003,"description":"ADD 55 SQ, ENLARGING STORAGE AREA OF (E) GARAGE/STORAGE, ACESSORY TO (E) SFD.","metadescription":"Bldg-Addition. 1 or 2 Family Dwelling. ADD 55 SQ, ENLARGING STORAGE AREA OF (E) GARAGE/STORAGE, ACESSORY TO (E) SFD.. Permit Finaled. 9900 S VAN NESS AVE","address":"9900 South Van Ness Avenue, CA, Los Angeles, 90047, US","ct":"2380.00","ev":"N","apc":"South Los Angeles","cpa":"South Central Los Angeles","zone":"R1-1","solar":"N","pin_nbr":"091-5A191  15","use_code":"7","geolocation":"POINT (-118.31757 33.94663)","status_date":"12/02/2009","construction":"Type V-N Construction","permit_group":"Building","refresh_time":"06/10/2026","type_lat_lon":"ADDRESS","business_unit":"Plan Check at Counter","square_footage":".01"},"geometry":{"type":"Point","coordinates":[-118.31757,33.94663]}},{"type":"Feature","properties":{"date":"2003-06-12T00:00:00.000Z","year":2003,"description":"TEAR-OFF & RE-ROOF THE SFD & DET. GARAGE, INSTALLING 1/2\" CDX PLYWOOD AND COMPOSITION SHINGLES = APPROX. 24 SQ. FT.","metadescription":"Bldg-Alter/Repair. 1 or 2 Family Dwelling. TEAR-OFF & RE-ROOF THE SFD & DET. GARAGE, INSTALLING 1/2\" CDX PLYWOOD AND COMPOSITION SHINGLES = APPROX. 24 SQ. FT.. Permit Finaled. 8931 S HAAS AVE","address":"8931 Haas Avenue, CA, Los Angeles, 90047, US","ct":"2384.00","ev":"N","apc":"South Los Angeles","cpa":"South Central Los Angeles","zone":"R1-1","solar":"N","pin_nbr":"096A191   285","use_code":"1","geolocation":"POINT (-118.31677 33.9554)","status_date":"03/16/2009","permit_group":"Building","refresh_time":"06/10/2026","type_lat_lon":"ADDRESS","business_unit":"Express Permit"},"geometry":{"type":"Point","coordinates":[-118.31677,33.9554]}},{"type":"Feature","properties":{"date":"2003-03-28T00:00:00.000Z","year":2003,"description":"TEAR-OFF & RE-ROOF THE SFD & DETACHED GARAGE INSTALLING 1/2\" CDX PLYWOOD & COMPOSITION SHINGLES.","metadescription":"Bldg-Alter/Repair. 1 or 2 Family Dwelling. TEAR-OFF & RE-ROOF THE SFD & DETACHED GARAGE INSTALLING 1/2\" CDX PLYWOOD & COMPOSITION SHINGLES.. Permit Finaled. 8900 S VAN NESS AVE","address":"8900 South Van Ness Avenue, CA, Los Angeles, 90047, US","ct":"2384.00","ev":"N","apc":"South Los Angeles","cpa":"South Central Los Angeles","zone":"R1-1","solar":"N","pin_nbr":"096A191   223","use_code":"1","geolocation":"POINT (-118.31756 33.95614)","status_date":"04/11/2003","permit_group":"Building","refresh_time":"06/10/2026","type_lat_lon":"ADDRESS","business_unit":"Express Permit"},"geometry":{"type":"Point","coordinates":[-118.31756,33.95614]}},{"type":"Feature","properties":{"date":"2003-03-27T00:00:00.000Z","year":2003,"description":"Reroof: remove old roof-covering; install 1/2\" plywood, & fiberglass shingles for the dwelling &detached garage; install lathing & apply stucco to exterior wood-siding for the dwelling & detached garage.","metadescription":"Bldg-Alter/Repair. 1 or 2 Family Dwelling. Reroof: remove old roof-covering; install 1/2\" plywood, & fiberglass shingles for the dwelling &detached garage; install lathing & apply stucco to exterior wood-siding for the dwelling & detached garage.. Permit Finaled. 2101 W 94TH PL","address":"2061 West 94Th Place, CA, Los Angeles, 90047, US","ct":"2380.00","ev":"N","apc":"South Los Angeles","cpa":"South Central Los Angeles","zone":"R1-1","solar":"N","pin_nbr":"093A191    15","use_code":"1","geolocation":"POINT (-118.31564 33.95062)","status_date":"09/09/2005","permit_group":"Building","refresh_time":"06/10/2026","type_lat_lon":"ADDRESS","business_unit":"Express Permit"},"geometry":{"type":"Point","coordinates":[-118.31564,33.95062]}},{"type":"Feature","properties":{"date":"2003-03-27T00:00:00.000Z","year":2003,"description":"FIRE DAMAGE REPAIR OF GARAGE.","metadescription":"Bldg-Alter/Repair. 1 or 2 Family Dwelling. FIRE DAMAGE REPAIR OF GARAGE.. Permit Finaled. 3437 W 78TH PL","address":"3437 West 78Th Place, CA, Los Angeles, 90043, US","ct":"2352.02","ev":"N","apc":"South Los Angeles","cpa":"West Adams - Baldwin Park - Leimert Park","zone":"R1-1","solar":"N","pin_nbr":"099B185   311","use_code":"7","geolocation":"POINT (-118.3323 33.96821)","status_date":"11/19/2003","construction":"Type V-N Construction","permit_group":"Building","refresh_time":"06/10/2026","type_lat_lon":"ADDRESS","business_unit":"Appointment Plan Check"},"geometry":{"type":"Point","coordinates":[-118.3323,33.96821]}},{"type":"Feature","properties":{"date":"2003-03-18T00:00:00.000Z","year":2003,"description":"TEAR OFF EXISTING ROOF & RESHEALT WITH 1/2\" PLYWOOD.  (HOUSE & GARAGE).","metadescription":"Bldg-Alter/Repair. 1 or 2 Family Dwelling. TEAR OFF EXISTING ROOF & RESHEALT WITH 1/2\" PLYWOOD.  (HOUSE & GARAGE).. Permit Finaled. 2107 W 94TH PL","address":"2107 West 94Th Place, CA, Los Angeles, 90047, US","ct":"2380.00","ev":"N","apc":"South Los Angeles","cpa":"South Central Los Angeles","zone":"R1-1","solar":"N","pin_nbr":"093A191    14","use_code":"1","geolocation":"POINT (-118.31581 33.95063)","status_date":"03/26/2003","permit_group":"Building","refresh_time":"06/10/2026","type_lat_lon":"ADDRESS","business_unit":"Express Permit"},"geometry":{"type":"Point","coordinates":[-118.31581,33.95063]}},{"type":"Feature","properties":{"date":"2003-02-21T00:00:00.000Z","year":2003,"description":"DEMOLISH 30' x 40' 1-STORY SFD & 20' x 18' DETACHED GARAGE.  METHOD OF DEMOLITION - HAND WRECKING.  SEWER CAP REQUIRED.","metadescription":"Bldg-Demolition. 1 or 2 Family Dwelling. DEMOLISH 30' x 40' 1-STORY SFD & 20' x 18' DETACHED GARAGE.  METHOD OF DEMOLITION - HAND WRECKING.  SEWER CAP REQUIRED.. Permit Finaled. 5207 W 98TH ST","address":"5207 West 98Th Street, CA, Los Angeles, 90045, US","ct":"2774.00","ev":"N","apc":"West Los Angeles","cpa":"Westchester - Playa del Rey","zone":"R3-1","solar":"N","pin_nbr":"093B173   646","use_code":"1","geolocation":"POINT (-118.37054 33.94696)","status_date":"09/25/2003","construction":"Type V-N Construction","permit_group":"Building","refresh_time":"06/10/2026","type_lat_lon":"ADDRESS","business_unit":"Plan Check at Counter","square_footage":"-1200"},"geometry":{"type":"Point","coordinates":[-118.37054,33.94696]}},{"type":"Feature","properties":{"date":"2003-02-21T00:00:00.000Z","year":2003,"description":"DEMOLISH 30' x 30' SFD & 18' x 20' DETACHED GARAGE.  METHOD OF DEMOLITION - HAND WRECKING.  SEWER CAP REQUIRED.","metadescription":"Bldg-Demolition. 1 or 2 Family Dwelling. DEMOLISH 30' x 30' SFD & 18' x 20' DETACHED GARAGE.  METHOD OF DEMOLITION - HAND WRECKING.  SEWER CAP REQUIRED.. Permit Finaled. 5206 W 97TH PL","address":"5206 West 97Th Place, CA, Los Angeles, 90045, US","ct":"2774.00","ev":"N","apc":"West Los Angeles","cpa":"Westchester - Playa del Rey","zone":"R3-1","solar":"N","pin_nbr":"093B173   607","use_code":"1","geolocation":"POINT (-118.37054 33.94745)","status_date":"09/25/2003","permit_group":"Building","refresh_time":"06/10/2026","type_lat_lon":"ADDRESS","business_unit":"Plan Check at Counter","square_footage":"-900"},"geometry":{"type":"Point","coordinates":[-118.37054,33.94745]}},{"type":"Feature","properties":{"date":"2003-02-21T00:00:00.000Z","year":2003,"description":"DEMOLISH 40' x 30' 1-STORY SFD & DETACHED GARAGE.  METHOD OF DEMOLITION - HAND WRECKING.  SEWER CAP REQUIRED.","metadescription":"Bldg-Demolition. 1 or 2 Family Dwelling. DEMOLISH 40' x 30' 1-STORY SFD & DETACHED GARAGE.  METHOD OF DEMOLITION - HAND WRECKING.  SEWER CAP REQUIRED.. Permit Finaled. 5210 W 97TH PL","address":"5210 West 97Th Place, CA, Los Angeles, 90045, US","ct":"2774.00","ev":"N","apc":"West Los Angeles","cpa":"Westchester - Playa del Rey","zone":"R3-1","solar":"N","pin_nbr":"093B173   713","use_code":"1","geolocation":"POINT (-118.37075 33.94742)","status_date":"09/25/2003","construction":"Type V-N Construction","permit_group":"Building","refresh_time":"06/10/2026","type_lat_lon":"ADDRESS","business_unit":"Plan Check at Counter","square_footage":"-1200"},"geometry":{"type":"Point","coordinates":[-118.37075,33.94742]}},{"type":"Feature","properties":{"date":"2003-02-21T00:00:00.000Z","year":2003,"description":"DEMOLISH 35' x 25' 1-STORY SFD & DETACHED GARAGE.  METHOD OF DEMOLITION - HAND WRECKING.  SEWER CAP REQUIRED.","metadescription":"Bldg-Demolition. 1 or 2 Family Dwelling. DEMOLISH 35' x 25' 1-STORY SFD & DETACHED GARAGE.  METHOD OF DEMOLITION - HAND WRECKING.  SEWER CAP REQUIRED.. Permit Finaled. 5201 W 98TH ST","address":"5201 West 98Th Street, CA, Los Angeles, 90045, US","ct":"2774.00","ev":"N","apc":"West Los Angeles","cpa":"Westchester - Playa del Rey","zone":"R3-1","solar":"N","pin_nbr":"093B173   645","use_code":"1","geolocation":"POINT (-118.37048 33.94698)","status_date":"09/25/2003","construction":"Type V-N Construction","permit_group":"Building","refresh_time":"06/10/2026","type_lat_lon":"ADDRESS","business_unit":"Plan Check at Counter","square_footage":"-875"},"geometry":{"type":"Point","coordinates":[-118.37048,33.94698]}},{"type":"Feature","properties":{"date":"2003-02-21T00:00:00.000Z","year":2003,"description":"DEMOLISH 20' x 40' 1-STORY SFD & 20' x 18' DETACHED GARAGE.  METHOD OF DEMOLITION - HAND WRECKING.  SEWER CAP REQUIRED.","metadescription":"Bldg-Demolition. 1 or 2 Family Dwelling. DEMOLISH 20' x 40' 1-STORY SFD & 20' x 18' DETACHED GARAGE.  METHOD OF DEMOLITION - HAND WRECKING.  SEWER CAP REQUIRED.. Permit Finaled. 5211 W PARDEE ST","address":"5211 West Pardee Street, CA, Los Angeles, 90045, US","ct":"2774.00","ev":"N","apc":"West Los Angeles","cpa":"Westchester - Playa del Rey","zone":"R3-1","solar":"N","pin_nbr":"093B173   411","use_code":"1","geolocation":"POINT (-118.37073 33.9492)","status_date":"09/25/2003","construction":"Type V-N Construction","permit_group":"Building","refresh_time":"06/10/2026","type_lat_lon":"ADDRESS","business_unit":"Plan Check at Counter","square_footage":"-800"},"geometry":{"type":"Point","coordinates":[-118.37073,33.9492]}},{"type":"Feature","properties":{"date":"2002-12-04T00:00:00.000Z","year":2002,"description":"REPLACE COMPLETE ROOF TO EXISTING (2) CAR STUCCO GARAGE DUE TO FIRE DAMAGE.  LESSTHAN 10%.   RE-ROOF (2) CAR GARAGE ONLY.","metadescription":"Bldg-Alter/Repair. 1 or 2 Family Dwelling. REPLACE COMPLETE ROOF TO EXISTING (2) CAR STUCCO GARAGE DUE TO FIRE DAMAGE.  LESSTHAN 10%.   RE-ROOF (2) CAR GARAGE ONLY.. Permit Finaled. 3714 W 63RD ST","address":"3710 West 63Rd Street, CA, Los Angeles, 90043, US","ct":"2349.00, 2351.00","ev":"N","apc":"South Los Angeles","zone":"R1-1","solar":"N","pin_nbr":"105B185   926","use_code":"1","geolocation":"POINT (-118.3383 33.98254)","status_date":"02/19/2003","permit_group":"Building","refresh_time":"06/10/2026","type_lat_lon":"ADDRESS","business_unit":"Express Permit"},"geometry":{"type":"Point","coordinates":[-118.3383,33.98254]}},{"type":"Feature","properties":{"date":"2002-08-21T00:00:00.000Z","year":2002,"description":"NEW ACCESSSORY BUILDING (GARAGE AND STORAGE), 60' X 20'.","metadescription":"Bldg-New. 1 or 2 Family Dwelling. NEW ACCESSSORY BUILDING (GARAGE AND STORAGE), 60' X 20'.. Permit Expired. 5249 N THORNBURN ST","address":"5249 Thornburn Street, CA, Los Angeles, 90045, US","ct":"2761.00","ev":"N","apc":"West Los Angeles","zone":"R1-1","solar":"N","height":"12","pin_nbr":"099B173   131","use_code":"7","geolocation":"POINT (-118.37156 33.96977)","status_date":"03/24/2008","construction":"Type V-N Construction","permit_group":"Building","refresh_time":"06/10/2026","type_lat_lon":"ADDRESS","business_unit":"Plan Check at Counter","square_footage":"1200"},"geometry":{"type":"Point","coordinates":[-118.37156,33.96977]}},{"type":"Feature","properties":{"date":"2002-06-19T00:00:00.000Z","year":2002,"description":"DEMO FOUNDATION & GARAGE OF RELOCATED DUPLEX.  CAP SEWER.  METHOD OF DEMOLITION - HAND WRECKING.","metadescription":"Bldg-Demolition. 1 or 2 Family Dwelling. DEMO FOUNDATION & GARAGE OF RELOCATED DUPLEX.  CAP SEWER.  METHOD OF DEMOLITION - HAND WRECKING.. Permit Finaled. 5248 W ARBOR VITAE ST","address":"5248 West Arbor Vitae Street, CA, Los Angeles, 90045, US","ct":"2774.00","ev":"N","apc":"West Los Angeles","zone":"R3-1","solar":"N","pin_nbr":"093B173    66","use_code":"2","geolocation":"POINT (-118.37156 33.95241)","status_date":"09/18/2003","permit_group":"Building","refresh_time":"06/10/2026","type_lat_lon":"ADDRESS","business_unit":"Plan Check at Counter","square_footage":"-400"},"geometry":{"type":"Point","coordinates":[-118.37156,33.95241]}},{"type":"Feature","properties":{"date":"2002-05-17T00:00:00.000Z","year":2002,"description":"New 3-story, 14-unit, type V-1hr apartment building over 1 level of basement garage.","metadescription":"Bldg-New. Apartment. New 3-story, 14-unit, type V-1hr apartment building over 1 level of basement garage.. Permit Finaled. 6931 S KITTYHAWK AVE 1-5","address":"1-5, 6931 Kittyhawk Avenue, CA, Los Angeles, 90045, US","ct":"2761.00","ev":"N","apc":"West Los Angeles","zone":"R3-1","solar":"N","height":"45","pin_nbr":"102B173   227","use_code":"5","geolocation":"POINT (-118.37306 33.97497)","status_date":"11/04/2004","construction":"Type V-1HR Construction","permit_group":"Building","refresh_time":"06/10/2026","type_lat_lon":"ADDRESS","business_unit":"Regular Plan Check","square_footage":"26873"},"geometry":{"type":"Point","coordinates":[-118.37306,33.97497]}},{"type":"Feature","properties":{"date":"2002-04-15T00:00:00.000Z","year":2002,"description":"30 PERMIT ORDER TO COMPLY WITH ORDER DATED 4/3/02. Scope of work: reroof over new plywood. 18 squares. combined House and Garage","metadescription":"Bldg-Alter/Repair. 1 or 2 Family Dwelling. 30 PERMIT ORDER TO COMPLY WITH ORDER DATED 4/3/02. Scope of work: reroof over new plywood. 18 squares. combined House and Garage. Permit Finaled. 8936 S HAAS AVE","address":"8930 Haas Avenue, CA, Los Angeles, 90047, US","ct":"2384.00","ev":"N","apc":"South Los Angeles","zone":"R1-1","solar":"N","pin_nbr":"096A191   300","use_code":"1","geolocation":"POINT (-118.31652 33.95526)","status_date":"04/02/2003","permit_group":"Building","refresh_time":"06/10/2026","type_lat_lon":"ADDRESS","business_unit":"Express Permit"},"geometry":{"type":"Point","coordinates":[-118.31652,33.95526]}},{"type":"Feature","properties":{"date":"2002-03-22T00:00:00.000Z","year":2002,"description":"10' X 6' ADDITION TO THE FRONT OF (E) GARAGE OF (E) SFD. All Work per Type V Sheet","metadescription":"Bldg-Addition. 1 or 2 Family Dwelling. 10' X 6' ADDITION TO THE FRONT OF (E) GARAGE OF (E) SFD. All Work per Type V Sheet. Permit Finaled. 7812 S MIDFIELD AVE","address":"7812 Midfield Avenue, CA, Los Angeles, 90045, US","ct":"2771.00","ev":"N","apc":"West Los Angeles","zone":"R1-1","solar":"N","pin_nbr":"099B173 599","use_code":"1","geolocation":"POINT (-118.37177 33.96522)","status_date":"02/13/2003","construction":"Type V-N Construction","permit_group":"Building","refresh_time":"06/10/2026","type_lat_lon":"ADDRESS","business_unit":"Plan Check at Counter"},"geometry":{"type":"Point","coordinates":[-118.37177,33.96522]}},{"type":"Feature","properties":{"date":"2002-03-22T00:00:00.000Z","year":2002,"description":"DEMOLISH SFD & DETAGED GARAGE, CAP SEWER, REMOVE FOOTINGS, WALKWAY AND DRIVEWAY.","metadescription":"Bldg-Demolition. 1 or 2 Family Dwelling. DEMOLISH SFD & DETAGED GARAGE, CAP SEWER, REMOVE FOOTINGS, WALKWAY AND DRIVEWAY.. Permit Finaled. 5201 W 95TH ST","address":"5201 West 95Th Street, CA, Los Angeles, 90045, US","ct":"2774.00","ev":"N","apc":"West Los Angeles","zone":"R3-1","solar":"N","pin_nbr":"093B173   248","use_code":"1","geolocation":"POINT (-118.37037 33.95041)","status_date":"05/01/2002","permit_group":"Building","refresh_time":"06/10/2026","type_lat_lon":"ADDRESS","business_unit":"Plan Check at Counter","square_footage":"-1372"},"geometry":{"type":"Point","coordinates":[-118.37037,33.95041]}},{"type":"Feature","properties":{"date":"2002-03-22T00:00:00.000Z","year":2002,"description":"DEMOLISH S.F.D., GARAGE, CAP SEWER. REMOVE FOOTINGS, WALKWAY AND DRIVEWAY.","metadescription":"Bldg-Demolition. 1 or 2 Family Dwelling. DEMOLISH S.F.D., GARAGE, CAP SEWER. REMOVE FOOTINGS, WALKWAY AND DRIVEWAY.. Permit Finaled. 5207 W 97TH ST","address":"5207 West 97Th Street, CA, Los Angeles, 90045, US","ct":"2774.00","ev":"N","apc":"West Los Angeles","zone":"R3-1","solar":"N","pin_nbr":"093B173   493","use_code":"1","geolocation":"POINT (-118.37059 33.9485)","status_date":"05/07/2002","permit_group":"Building","refresh_time":"06/10/2026","type_lat_lon":"ADDRESS","business_unit":"Plan Check at Counter","square_footage":"-360"},"geometry":{"type":"Point","coordinates":[-118.37059,33.9485]}},{"type":"Feature","properties":{"date":"2002-03-21T00:00:00.000Z","year":2002,"description":"REPAIR GARAGE ROOF  1/2 SHEATING. GENERAL REHAB.REPAIR BROKEN WOOD SIDING & WINDOW REPAIR.","metadescription":"Bldg-Alter/Repair. 1 or 2 Family Dwelling. REPAIR GARAGE ROOF  1/2 SHEATING. GENERAL REHAB.REPAIR BROKEN WOOD SIDING & WINDOW REPAIR.. Permit Expired. 2117 W 96TH ST","address":"2111 West 96Th Street, CA, Los Angeles, 90047, US","ct":"2380.00","ev":"N","apc":"South Los Angeles","zone":"R1-1","solar":"N","pin_nbr":"093A191   119","use_code":"1","geolocation":"POINT (-118.31612 33.9492)","status_date":"03/19/2007","permit_group":"Building","refresh_time":"06/10/2026","type_lat_lon":"ADDRESS","business_unit":"Express Permit"},"geometry":{"type":"Point","coordinates":[-118.31612,33.9492]}},{"type":"Feature","properties":{"date":"2002-03-01T00:00:00.000Z","year":2002,"description":"NEW DETACHED 1-STORY 2-CAR GARAGE, 20'x26'.","metadescription":"Bldg-New. 1 or 2 Family Dwelling. NEW DETACHED 1-STORY 2-CAR GARAGE, 20'x26'.. Permit Finaled. 7701 S HINDRY AVE","address":"7707 Hindry Avenue, CA, Los Angeles, 90045, US","ct":"2771.00","ev":"N","hl":"NO","apc":"West Los Angeles","zone":"R1-1","solar":"N","pin_nbr":"099B173   403","use_code":"7","geolocation":"POINT (-118.37467 33.967)","status_date":"05/13/2003","construction":"Type V-N Construction","permit_group":"Building","refresh_time":"06/10/2026","type_lat_lon":"ADDRESS","business_unit":"Regular Plan Check","square_footage":"520"},"geometry":{"type":"Point","coordinates":[-118.37467,33.967]}},{"type":"Feature","properties":{"date":"2002-02-28T00:00:00.000Z","year":2002,"description":"DEMOLISH 1-STORY SFD (1211 S.F. PER LUPAMS) AND DETACHED GARAGE (360 S.F.).  CLEAR LOT AND HAND WRECK.","metadescription":"Bldg-Demolition. 1 or 2 Family Dwelling. DEMOLISH 1-STORY SFD (1211 S.F. PER LUPAMS) AND DETACHED GARAGE (360 S.F.).  CLEAR LOT AND HAND WRECK.. Permit Finaled. 7701 S HINDRY AVE","address":"7707 Hindry Avenue, CA, Los Angeles, 90045, US","ct":"2771.00","ev":"N","apc":"West Los Angeles","zone":"R1-1","solar":"N","pin_nbr":"099B173   403","use_code":"1","geolocation":"POINT (-118.37467 33.967)","status_date":"03/20/2002","permit_group":"Building","refresh_time":"06/10/2026","type_lat_lon":"ADDRESS","business_unit":"Plan Check at Counter","square_footage":"-1211"},"geometry":{"type":"Point","coordinates":[-118.37467,33.967]}},{"type":"Feature","properties":{"date":"2002-02-07T00:00:00.000Z","year":2002,"description":"Correct the work description of the permit issued  12/18/01 to read as 18 x 20 rear addition to exisitng garage with includes an 1/2 bath entering from the garage.","metadescription":"Bldg-Addition. 1 or 2 Family Dwelling. Correct the work description of the permit issued  12/18/01 to read as 18 x 20 rear addition to exisitng garage with includes an 1/2 bath entering from the garage.. Permit Expired. 9716 S HAAS AVE","address":"9716 Haas Avenue, CA, Los Angeles, 90047, US","ct":"2380.00","ev":"N","apc":"South Los Angeles","zone":"R1-1","solar":"N","height":"12","pin_nbr":"093A191   224","use_code":"7","geolocation":"POINT (-118.31655 33.94774)","status_date":"03/12/2007","construction":"Type V-N Construction","permit_group":"Building","refresh_time":"06/10/2026","type_lat_lon":"ADDRESS","business_unit":"Express Permit","square_footage":"760"},"geometry":{"type":"Point","coordinates":[-118.31655,33.94774]}},{"type":"Feature","properties":{"date":"2002-01-11T00:00:00.000Z","year":2002,"description":"DEMOLISH GARAGE, DETACHED FROM APT. (800 SQ.FT.)  HANDWRECKAND BULLDOZER.  NO SEWER CAP, CLEAR LOT.","metadescription":"Bldg-Demolition. Apartment. DEMOLISH GARAGE, DETACHED FROM APT. (800 SQ.FT.)  HANDWRECKAND BULLDOZER.  NO SEWER CAP, CLEAR LOT.. Permit Finaled. 6931 S KITTYHAWK AVE 1-5","address":"1-5, 6931 Kittyhawk Avenue, CA, Los Angeles, 90045, US","ct":"2761.00","ev":"N","apc":"West Los Angeles","zone":"R3-1","solar":"N","pin_nbr":"102B173   227","use_code":"7","geolocation":"POINT (-118.37306 33.97497)","status_date":"03/18/2002","construction":"Type V-N Construction","permit_group":"Building","refresh_time":"06/10/2026","type_lat_lon":"ADDRESS","business_unit":"Appointment Plan Check","square_footage":"-1000"},"geometry":{"type":"Point","coordinates":[-118.37306,33.97497]}},{"type":"Feature","properties":{"date":"2001-12-18T00:00:00.000Z","year":2001,"description":"Interior remodel, provide interior paritions the 38x 20 garage creating 1/2 bath and rear storage. No change to plot plan.","metadescription":"Bldg-Alter/Repair. 1 or 2 Family Dwelling. Interior remodel, provide interior paritions the 38x 20 garage creating 1/2 bath and rear storage. No change to plot plan.. Permit Expired. 9716 S HAAS AVE","address":"9716 Haas Avenue, CA, Los Angeles, 90047, US","ct":"2380.00","ev":"N","apc":"South Los Angeles","zone":"R1-1","solar":"N","height":"12","pin_nbr":"093A191   224","use_code":"7","geolocation":"POINT (-118.31655 33.94774)","status_date":"03/19/2008","construction":"Type V-N Construction","permit_group":"Building","refresh_time":"06/10/2026","type_lat_lon":"ADDRESS","business_unit":"Plan Check at Counter","square_footage":"760"},"geometry":{"type":"Point","coordinates":[-118.31655,33.94774]}},{"type":"Feature","properties":{"date":"2001-10-24T00:00:00.000Z","year":2001,"description":"2 NEW INTERIOR DOORWAYS AT GARAGE AREA BETWEEN THE TWO PARKING AREAS. (SEE COMMENTS)","metadescription":"Bldg-Alter/Repair. Apartment. 2 NEW INTERIOR DOORWAYS AT GARAGE AREA BETWEEN THE TWO PARKING AREAS. (SEE COMMENTS). Permit Finaled. 9512 S HINDRY PL","address":"9512 South Hindry Place, CA, Los Angeles, 90045, US","ct":"2774.00","ev":"N","apc":"West Los Angeles","zone":"R3-1","solar":"N","pin_nbr":"093B173   363","use_code":"5","geolocation":"POINT (-118.37239 33.94956)","status_date":"10/01/2007","permit_group":"Building","refresh_time":"06/10/2026","type_lat_lon":"ADDRESS","business_unit":"Plan Check at Counter"},"geometry":{"type":"Point","coordinates":[-118.37239,33.94956]}},{"type":"Feature","properties":{"date":"2001-10-12T00:00:00.000Z","year":2001,"description":"TEAR OFF GARAGE ONLY. 400 SQ. FT. INSTALL FLAT ROOF.","metadescription":"Bldg-Alter/Repair. 1 or 2 Family Dwelling. TEAR OFF GARAGE ONLY. 400 SQ. FT. INSTALL FLAT ROOF.. Permit Expired. 6307 S LONG ST","address":"6307 Long Street, CA, Los Angeles, 90043, US","ct":"2351.00","ev":"N","apc":"South Los Angeles","zone":"R1-1","solar":"N","pin_nbr":"105B185   895","use_code":"7","geolocation":"POINT (-118.33869 33.98265)","status_date":"03/19/2008","permit_group":"Building","refresh_time":"06/10/2026","type_lat_lon":"ADDRESS","business_unit":"Express Permit"},"geometry":{"type":"Point","coordinates":[-118.33869,33.98265]}},{"type":"Feature","properties":{"date":"2001-08-17T00:00:00.000Z","year":2001,"description":"1ST AND 2ND FLOOR ADDITION TO (E)1-STORY S.F.D. W/ATT. GARAGE, REMODELING AND REBUILD. APPROX. 144 SQ. FT. E.Q.G.S.O.V. IS REQ'D.","metadescription":"Bldg-Addition. 1 or 2 Family Dwelling. 1ST AND 2ND FLOOR ADDITION TO (E)1-STORY S.F.D. W/ATT. GARAGE, REMODELING AND REBUILD. APPROX. 144 SQ. FT. E.Q.G.S.O.V. IS REQ'D.. Permit Finaled. 5412 W 77TH ST","address":"5412 West 77Th Street, CA, Los Angeles, 90045, US","ct":"2771.00","ev":"N","apc":"West Los Angeles","zone":"R1-1","solar":"N","pin_nbr":"099B173   366","use_code":"1","geolocation":"POINT (-118.37523 33.96744)","status_date":"04/25/2002","construction":"Type V-N Construction","permit_group":"Building","refresh_time":"06/10/2026","type_lat_lon":"ADDRESS","business_unit":"Regular Plan Check","square_footage":"2091"},"geometry":{"type":"Point","coordinates":[-118.37523,33.96744]}},{"type":"Feature","properties":{"date":"2001-07-10T00:00:00.000Z","year":2001,"description":"Tear off old roof, install 1/2\" plywood, 25 yrs comp shingles, house and attached garage. Total 20 SQs.","metadescription":"Bldg-Alter/Repair. 1 or 2 Family Dwelling. Tear off old roof, install 1/2\" plywood, 25 yrs comp shingles, house and attached garage. Total 20 SQs.. Permit Finaled. 7807 S TOLAND AVE","address":"7807 Toland Avenue, CA, Los Angeles, 90045, US","ct":"2771.00","ev":"N","apc":"West Los Angeles","zone":"R1-1","solar":"N","pin_nbr":"099B173   539","use_code":"1","geolocation":"POINT (-118.37473 33.96578)","status_date":"10/30/2002","permit_group":"Building","refresh_time":"06/10/2026","type_lat_lon":"ADDRESS","business_unit":"Express Permit"},"geometry":{"type":"Point","coordinates":[-118.37473,33.96578]}},{"type":"Feature","properties":{"date":"2001-07-02T00:00:00.000Z","year":2001,"description":"CONVERT 1'-6\"x 5'-4\" PORTION OF (E) ONE CAR GARAGE TO BUILT IN CABINETS OPENING INTO THE LIVING ROOM. ADD DRYWALL TO INTERIOR WALLS OF GARAGE.","metadescription":"Bldg-Alter/Repair. 1 or 2 Family Dwelling. CONVERT 1'-6\"x 5'-4\" PORTION OF (E) ONE CAR GARAGE TO BUILT IN CABINETS OPENING INTO THE LIVING ROOM. ADD DRYWALL TO INTERIOR WALLS OF GARAGE.. Permit Finaled. 7723 S MIDFIELD AVE","address":"7729 Midfield Avenue, CA, Los Angeles, 90045, US","ct":"2771.00","ev":"N","apc":"West Los Angeles","zone":"R1-1","solar":"N","pin_nbr":"099B173   468","use_code":"1","geolocation":"POINT (-118.37228 33.96638)","status_date":"08/10/2001","permit_group":"Building","refresh_time":"06/10/2026","type_lat_lon":"ADDRESS","business_unit":"Plan Check at Counter"},"geometry":{"type":"Point","coordinates":[-118.37228,33.96638]}},{"type":"Feature","properties":{"date":"2001-05-31T00:00:00.000Z","year":2001,"description":"Reroof with 1/2\" cdx plywood and composition shingles & re-stucco garage to comply with order dated 5-4-01.","metadescription":"Bldg-Alter/Repair. 1 or 2 Family Dwelling. Reroof with 1/2\" cdx plywood and composition shingles & re-stucco garage to comply with order dated 5-4-01.. Permit Expired. 2117 W 96TH ST","address":"2111 West 96Th Street, CA, Los Angeles, 90047, US","ct":"2380.00","ev":"N","apc":"South Los Angeles","zone":"R1-1","solar":"N","pin_nbr":"093A191   119","use_code":"7","geolocation":"POINT (-118.31612 33.9492)","status_date":"03/12/2007","permit_group":"Building","refresh_time":"06/10/2026","type_lat_lon":"ADDRESS","business_unit":"Express Permit"},"geometry":{"type":"Point","coordinates":[-118.31612,33.9492]}},{"type":"Feature","properties":{"date":"2001-04-12T00:00:00.000Z","year":2001,"description":"DEMO SFD & GARAGE, CAP SEWER REMOVE WALKWAY, DRIVEWAY AND FOOTINGS","metadescription":"Bldg-Demolition. 1 or 2 Family Dwelling. DEMO SFD & GARAGE, CAP SEWER REMOVE WALKWAY, DRIVEWAY AND FOOTINGS. Permit Finaled. 5207 W 95TH ST","address":"5207 West 95Th Street, CA, Los Angeles, 90045, US","ct":"2774.00","ev":"N","apc":"West Los Angeles","zone":"R3-1","solar":"N","pin_nbr":"093B173   249","use_code":"1","geolocation":"POINT (-118.3706 33.95048)","status_date":"05/01/2002","construction":"Type V-N Construction","permit_group":"Building","refresh_time":"06/10/2026","type_lat_lon":"ADDRESS","business_unit":"Plan Check at Counter","square_footage":"-1584"},"geometry":{"type":"Point","coordinates":[-118.3706,33.95048]}},{"type":"Feature","properties":{"date":"2001-01-05T00:00:00.000Z","year":2001,"description":"NEW 2-STORY SINGLE FAMILY DWELLING WITH ATTACHED GARAGE.","metadescription":"Bldg-New. 1 or 2 Family Dwelling. NEW 2-STORY SINGLE FAMILY DWELLING WITH ATTACHED GARAGE.. Permit Finaled. 5204 THORNBURN ST","address":"5204 Thornburn Street, CA, Los Angeles, 90045, US","ev":"N","apc":"West Los Angeles","zone":"R1-1","solar":"N","pin_nbr":"099B173  1105","use_code":"1","geolocation":"POINT (-118.37113835 33.96868336)","status_date":"08/13/2001","construction":"Type V-N Construction","permit_group":"Building","refresh_time":"06/10/2026","type_lat_lon":"PIN","business_unit":"Regular Plan Check","square_footage":"3387"},"geometry":{"type":"Point","coordinates":[-118.37113835,33.96868336]}},{"type":"Feature","properties":{"date":"2000-11-20T00:00:00.000Z","year":2000,"description":"demolish existing sfd and attached garage 44.5'*25.5'. clear the lot sewer cap is required.","metadescription":"Bldg-Demolition. 1 or 2 Family Dwelling. demolish existing sfd and attached garage 44.5'*25.5'. clear the lot sewer cap is required.. Permit Finaled. 9413 S HINDRY PL","address":"9413 South Hindry Place, CA, Los Angeles, 90045, US","ct":"2774.00","ev":"N","apc":"West Los Angeles","zone":"R1-1","solar":"N","pin_nbr":"093B173   268","use_code":"1","geolocation":"POINT (-118.37266 33.95029)","status_date":"06/06/2001","permit_group":"Building","refresh_time":"06/10/2026","type_lat_lon":"ADDRESS","business_unit":"Plan Check at Counter","square_footage":"-877"},"geometry":{"type":"Point","coordinates":[-118.37266,33.95029]}},{"type":"Feature","properties":{"date":"2000-10-26T00:00:00.000Z","year":2000,"description":"CHANGE OF USE AND OCCUPANCY OF BLDG FROM AUTO REPAIR GARAGE TO FLOWER ARRANGEMENT MANUFACTURING. (NO PHYSICAL WORK PROPOSED)","metadescription":"Bldg-Alter/Repair. Commercial. CHANGE OF USE AND OCCUPANCY OF BLDG FROM AUTO REPAIR GARAGE TO FLOWER ARRANGEMENT MANUFACTURING. (NO PHYSICAL WORK PROPOSED). Permit Finaled. 6810 WEST BLVD","address":"6844 West Boulevard, CA, Los Angeles, 90043, US","ct":"2352.02","ev":"N","apc":"South Los Angeles","zone":"C2-1, M1-1VL","solar":"N","pin_nbr":"102B185   602","use_code":"12","geolocation":"POINT (-118.33451604 33.9762164)","status_date":"01/02/2002","permit_group":"Building","refresh_time":"06/10/2026","type_lat_lon":"PIN","business_unit":"Regular Plan Check"},"geometry":{"type":"Point","coordinates":[-118.33451604,33.9762164]}},{"type":"Feature","properties":{"date":"2000-10-18T00:00:00.000Z","year":2000,"description":"STUCCO(two sides of house & garage); REPLACE 13-WINDOWS (with same existing size and location)","metadescription":"Bldg-Alter/Repair. 1 or 2 Family Dwelling. STUCCO(two sides of house & garage); REPLACE 13-WINDOWS (with same existing size and location). Permit Finaled. 2141 W 81ST ST","address":"2137 West 81St Street, CA, Los Angeles, 90047, US","ct":"2381.00","ev":"N","apc":"South Los Angeles","zone":"R1-1","solar":"N","pin_nbr":"099B189   631","use_code":"1","geolocation":"POINT (-118.31692 33.9656)","status_date":"05/18/2001","permit_group":"Building","refresh_time":"06/10/2026","type_lat_lon":"ADDRESS","business_unit":"Express Permit"},"geometry":{"type":"Point","coordinates":[-118.31692,33.9656]}},{"type":"Feature","properties":{"date":"2000-09-28T00:00:00.000Z","year":2000,"description":"Reroof: remove the existing roof-covering; install 1/2\"CDX plywood; & Class A fiberglass shingles for the single family dwelling & detache d garage; replace kitchen cabinets/counters.","metadescription":"Bldg-Alter/Repair. 1 or 2 Family Dwelling. Reroof: remove the existing roof-covering; install 1/2\"CDX plywood; & Class A fiberglass shingles for the single family dwelling & detache d garage; replace kitchen cabinets/counters.. Permit Finaled. 9706 S VAN NESS AVE","address":"9706 South Van Ness Avenue, CA, Los Angeles, 90047, US","ct":"2380.00","ev":"N","apc":"South Los Angeles","zone":"R1-1","solar":"N","pin_nbr":"093A191   204","use_code":"1","geolocation":"POINT (-118.31757 33.94804)","status_date":"01/08/2002","permit_group":"Building","refresh_time":"06/10/2026","type_lat_lon":"ADDRESS","business_unit":"Express Permit"},"geometry":{"type":"Point","coordinates":[-118.31757,33.94804]}},{"type":"Feature","properties":{"date":"2000-08-02T00:00:00.000Z","year":2000,"description":"DEMO (E) SFD & DETACHED GARAGE, CLEAR LOT SEWER CAP PERMIT REQ'D","metadescription":"Bldg-Demolition. 1 or 2 Family Dwelling. DEMO (E) SFD & DETACHED GARAGE, CLEAR LOT SEWER CAP PERMIT REQ'D. Permit Finaled. 5211 W 95TH ST","address":"5211 West 95Th Street, CA, Los Angeles, 90045, US","ct":"2774.00","ev":"N","apc":"West Los Angeles","zone":"R3-1","solar":"N","pin_nbr":"093B173   250","use_code":"1","geolocation":"POINT (-118.37081 33.95036)","status_date":"05/01/2002","permit_group":"Building","refresh_time":"06/10/2026","type_lat_lon":"ADDRESS","business_unit":"Plan Check at Counter","square_footage":"-1413"},"geometry":{"type":"Point","coordinates":[-118.37081,33.95036]}},{"type":"Feature","properties":{"date":"2000-08-02T00:00:00.000Z","year":2000,"description":"DEMO (E) SFD & DETACHED GARAGE, CLEAR LOT. SEWER CAP PERMIT REQ'D.","metadescription":"Bldg-Demolition. 1 or 2 Family Dwelling. DEMO (E) SFD & DETACHED GARAGE, CLEAR LOT. SEWER CAP PERMIT REQ'D.. Permit Finaled. 5206 W 95TH ST","address":"5206 West 95Th Street, CA, Los Angeles, 90045, US","ct":"2774.00","ev":"N","apc":"West Los Angeles","zone":"R3-1","solar":"N","pin_nbr":"093B173   306","use_code":"1","geolocation":"POINT (-118.3706 33.95015)","status_date":"05/01/2002","permit_group":"Building","refresh_time":"06/10/2026","type_lat_lon":"ADDRESS","business_unit":"Plan Check at Counter","square_footage":"-1456"},"geometry":{"type":"Point","coordinates":[-118.3706,33.95015]}},{"type":"Feature","properties":{"date":"2000-08-01T00:00:00.000Z","year":2000,"description":"DEMOLISH SFD & DET. GARAGE. CAP SEWER; REMOVE FOUNDATIONS, WALKWAY AND DRIVEWAY.","metadescription":"Bldg-Demolition. 1 or 2 Family Dwelling. DEMOLISH SFD & DET. GARAGE. CAP SEWER; REMOVE FOUNDATIONS, WALKWAY AND DRIVEWAY.. Permit Expired. 9306 S HINDRY PL","address":"9306 South Hindry Place, CA, Los Angeles, 90045, US","ct":"2774.00","ev":"N","apc":"West Los Angeles","zone":"R3-1","solar":"N","pin_nbr":"093B173   158","use_code":"1","geolocation":"POINT (-118.3724 33.95125)","status_date":"01/02/2003","permit_group":"Building","refresh_time":"06/10/2026","type_lat_lon":"ADDRESS","business_unit":"Plan Check at Counter"},"geometry":{"type":"Point","coordinates":[-118.3724,33.95125]}},{"type":"Feature","properties":{"date":"2000-06-23T00:00:00.000Z","year":2000,"description":"Tear off & REROOF with 1/2\" cdx plywood and composition shingles (house & garage, approx 23sqrs)","metadescription":"Bldg-Alter/Repair. 1 or 2 Family Dwelling. Tear off & REROOF with 1/2\" cdx plywood and composition shingles (house & garage, approx 23sqrs). Permit Finaled. 7837 S TOLAND AVE","address":"7837 Toland Avenue, CA, Los Angeles, 90045, US","ct":"2771.00","ev":"N","apc":"West Los Angeles","zone":"R1-1","solar":"N","pin_nbr":"099B173   628","use_code":"1","geolocation":"POINT (-118.37456 33.965)","status_date":"07/12/2000","permit_group":"Building","refresh_time":"06/10/2026","type_lat_lon":"ADDRESS","business_unit":"Express Permit"},"geometry":{"type":"Point","coordinates":[-118.37456,33.965]}},{"type":"Feature","properties":{"date":"2000-06-20T00:00:00.000Z","year":2000,"description":"Construct 2 car garage in rear of lot(20'x20',400.0s.f.) Electrical","metadescription":"Bldg-New. 1 or 2 Family Dwelling. Construct 2 car garage in rear of lot(20'x20',400.0s.f.) Electrical. Permit Finaled. 7850 S GODDARD AVE","address":"7850 Goddard Avenue, CA, Los Angeles, 90045, US","ct":"2771.00","ev":"N","apc":"West Los Angeles","zone":"R1-1","solar":"N","pin_nbr":"099B173   739","use_code":"7","geolocation":"POINT (-118.37259 33.96421)","status_date":"11/09/2000","construction":"Type V-N Construction","permit_group":"Building","refresh_time":"06/10/2026","type_lat_lon":"ADDRESS","business_unit":"Plan Check at Counter","square_footage":"400"},"geometry":{"type":"Point","coordinates":[-118.37259,33.96421]}},{"type":"Feature","properties":{"date":"2000-06-14T00:00:00.000Z","year":2000,"description":"Proposed 20 x 20 two car garage.","metadescription":"Bldg-New. 1 or 2 Family Dwelling. Proposed 20 x 20 two car garage.. Permit Finaled. 2148 W 81ST ST","address":"2148 West 81St Street, CA, Los Angeles, 90047, US","ct":"2381.00","ev":"N","apc":"South Los Angeles","zone":"R1-1","solar":"N","pin_nbr":"099B189   663","use_code":"7","geolocation":"POINT (-118.3172 33.96538)","status_date":"08/19/2002","construction":"Type V-N Construction","permit_group":"Building","refresh_time":"06/10/2026","type_lat_lon":"ADDRESS","business_unit":"Plan Check at Counter","square_footage":"0"},"geometry":{"type":"Point","coordinates":[-118.3172,33.96538]}},{"type":"Feature","properties":{"date":"2000-06-09T00:00:00.000Z","year":2000,"description":"Re-roof house and garage (approx. 20 squares)with comp. shingles.","metadescription":"Bldg-Alter/Repair. 1 or 2 Family Dwelling. Re-roof house and garage (approx. 20 squares)with comp. shingles.. Permit Finaled. 9117 S HAAS AVE","address":"9117 Haas Avenue, CA, Los Angeles, 90047, US","ct":"2384.00","ev":"N","apc":"South Los Angeles","zone":"R1-1","solar":"N","pin_nbr":"094-5A191  60","use_code":"1","geolocation":"POINT (-118.31678 33.95392)","status_date":"08/01/2000","permit_group":"Building","refresh_time":"06/10/2026","type_lat_lon":"ADDRESS","business_unit":"Express Permit"},"geometry":{"type":"Point","coordinates":[-118.31678,33.95392]}},{"type":"Feature","properties":{"date":"2000-06-02T00:00:00.000Z","year":2000,"description":"REROOF GARAGE 4 SQS W/ASPHALT SHINGLES","metadescription":"Bldg-Alter/Repair. 1 or 2 Family Dwelling. REROOF GARAGE 4 SQS W/ASPHALT SHINGLES. Permit Finaled. 5340 W 82ND ST","address":"5340 West 82Nd Street, CA, Los Angeles, 90045, US","ct":"2771.00","ev":"N","apc":"West Los Angeles","zone":"R1-1","solar":"N","pin_nbr":"099B173   764","use_code":"7","geolocation":"POINT (-118.3733 33.96389)","status_date":"11/06/2000","permit_group":"Building","refresh_time":"06/10/2026","type_lat_lon":"ADDRESS","business_unit":"Express Permit"},"geometry":{"type":"Point","coordinates":[-118.3733,33.96389]}},{"type":"Feature","properties":{"date":"2000-05-30T00:00:00.000Z","year":2000,"description":"Remodel (reframe) the rear garage door. No change to footprint.","metadescription":"Bldg-Alter/Repair. 1 or 2 Family Dwelling. Remodel (reframe) the rear garage door. No change to footprint.. Permit Finaled. 8016 S VAN NESS AVE","address":"8016 South Van Ness Avenue, CA, Los Angeles, 90047, US","ct":"2381.00","ev":"N","apc":"South Los Angeles","zone":"RD1.5-1","solar":"N","pin_nbr":"099B189   627","use_code":"7","geolocation":"POINT (-118.31757 33.9659)","status_date":"09/14/2001","permit_group":"Building","refresh_time":"06/10/2026","type_lat_lon":"ADDRESS","business_unit":"Express Permit"},"geometry":{"type":"Point","coordinates":[-118.31757,33.9659]}},{"type":"Feature","properties":{"date":"2000-05-19T00:00:00.000Z","year":2000,"description":"changeout windows, same size and location, replace drywall, restucco f ront wall of house and garage, retrim house per correction notice R15601","metadescription":"Bldg-Alter/Repair. 1 or 2 Family Dwelling. changeout windows, same size and location, replace drywall, restucco f ront wall of house and garage, retrim house per correction notice R15601. Permit Finaled. 5340 W 82ND ST","address":"5340 West 82Nd Street, CA, Los Angeles, 90045, US","ct":"2771.00","ev":"N","apc":"West Los Angeles","zone":"R1-1","solar":"N","pin_nbr":"099B173   764","use_code":"1","geolocation":"POINT (-118.3733 33.96389)","status_date":"11/06/2000","permit_group":"Building","refresh_time":"06/10/2026","type_lat_lon":"ADDRESS","business_unit":"Express Permit"},"geometry":{"type":"Point","coordinates":[-118.3733,33.96389]}},{"type":"Feature","properties":{"date":"2000-01-21T00:00:00.000Z","year":2000,"description":"HOUSE & GARAGE PITCH ROOF/TEAR OFF OLD ROOF DOWN TO EXISTING SOLID WOOD SHEATHING, RE-ROOF WITH CLASS \"A\" FIBER GLASS SHINGLES.","metadescription":"Bldg-Alter/Repair. 1 or 2 Family Dwelling. HOUSE & GARAGE PITCH ROOF/TEAR OFF OLD ROOF DOWN TO EXISTING SOLID WOOD SHEATHING, RE-ROOF WITH CLASS \"A\" FIBER GLASS SHINGLES.. Permit Finaled. 3506 W 67TH ST","address":"3506 West 67Th Street, CA, Los Angeles, 90043, US","ct":"2352.02","ev":"N","apc":"South Los Angeles","zone":"R3-1","solar":"N","pin_nbr":"102B185   305","use_code":"1","geolocation":"POINT (-118.33406 33.97799)","status_date":"02/09/2000","permit_group":"Building","refresh_time":"06/10/2026","type_lat_lon":"ADDRESS","business_unit":"Express Permit"},"geometry":{"type":"Point","coordinates":[-118.33406,33.97799]}},{"type":"Feature","properties":{"date":"1999-10-22T00:00:00.000Z","year":1999,"description":"RE-ROOF SFD & GARAGE W/ 20YRD COMPOSITION SHINGLES","metadescription":"Bldg-Alter/Repair. 1 or 2 Family Dwelling. RE-ROOF SFD & GARAGE W/ 20YRD COMPOSITION SHINGLES. Permit Finaled. 9801 S HAAS AVE","address":"9801 Haas Avenue, CA, Los Angeles, 90047, US","ct":"2380.00","ev":"N","apc":"South Los Angeles","zone":"R1-1","solar":"N","pin_nbr":"093A191   258","use_code":"1","geolocation":"POINT (-118.3169 33.94744)","status_date":"04/02/2008","permit_group":"Building","refresh_time":"06/10/2026","type_lat_lon":"ADDRESS","business_unit":"Express Permit"},"geometry":{"type":"Point","coordinates":[-118.3169,33.94744]}},{"type":"Feature","properties":{"date":"1999-09-24T00:00:00.000Z","year":1999,"description":"reroof house and garage, t/o existing roofs apply 1/2\" cdx plywood, in stall 25yr shingles, class a 13 sqs","metadescription":"Bldg-Alter/Repair. 1 or 2 Family Dwelling. reroof house and garage, t/o existing roofs apply 1/2\" cdx plywood, in stall 25yr shingles, class a 13 sqs. Permit Finaled. 7700 S GODDARD AVE","address":"7700 Goddard Avenue, CA, Los Angeles, 90045, US","ct":"2771.00","ev":"N","apc":"West Los Angeles","solar":"N","pin_nbr":"099B173   418","use_code":"1","geolocation":"POINT (-118.3731 33.96674)","status_date":"03/10/2000","permit_group":"Building","refresh_time":"06/10/2026","type_lat_lon":"ADDRESS","business_unit":"Express Permit"},"geometry":{"type":"Point","coordinates":[-118.3731,33.96674]}},{"type":"Feature","properties":{"date":"1999-09-21T00:00:00.000Z","year":1999,"description":"Add trellis 11'x14' (attached to garage) Per Type V Sheet and LA City standard details.","metadescription":"Bldg-Addition. 1 or 2 Family Dwelling. Add trellis 11'x14' (attached to garage) Per Type V Sheet and LA City standard details.. Permit Finaled. 7725 S GODDARD AVE","address":"7731 Goddard Avenue, CA, Los Angeles, 90045, US","ct":"2771.00","ev":"N","apc":"West Los Angeles","zone":"R1-1","solar":"N","pin_nbr":"099B173   505","use_code":"23","geolocation":"POINT (-118.37304 33.96608)","status_date":"03/13/2000","permit_group":"Building","refresh_time":"06/10/2026","type_lat_lon":"ADDRESS","business_unit":"Plan Check at Counter"},"geometry":{"type":"Point","coordinates":[-118.37304,33.96608]}},{"type":"Feature","properties":{"date":"1999-09-16T00:00:00.000Z","year":1999,"description":"Reroof: remove existing roofing material; solid sheathing is existing; install 15 squares of built-up roof for the existing single family dwelling & detached garage.","metadescription":"Bldg-Alter/Repair. 1 or 2 Family Dwelling. Reroof: remove existing roofing material; solid sheathing is existing; install 15 squares of built-up roof for the existing single family dwelling & detached garage.. Permit Finaled. 2159 W 79TH ST","address":"2159 West 79Th Street, CA, Los Angeles, 90047, US","ct":"2379.00","ev":"N","apc":"South Los Angeles","solar":"N","pin_nbr":"099B189   468","use_code":"1","geolocation":"POINT (-118.31749 33.96739)","status_date":"05/18/2001","permit_group":"Building","refresh_time":"06/10/2026","type_lat_lon":"ADDRESS","business_unit":"Express Permit"},"geometry":{"type":"Point","coordinates":[-118.31749,33.96739]}},{"type":"Feature","properties":{"date":"1999-09-13T00:00:00.000Z","year":1999,"description":"Reroof: tear-off existing roof-covering; install 1/2\"CDX plywood; & Class A fiberglass shingles for dwelling & detached garage: 21 squares.","metadescription":"Bldg-Alter/Repair. 1 or 2 Family Dwelling. Reroof: tear-off existing roof-covering; install 1/2\"CDX plywood; & Class A fiberglass shingles for dwelling & detached garage: 21 squares.. Permit Finaled. 2011 W 94TH PL","address":"2007 West 94Th Place, CA, Los Angeles, 90047, US","ct":"2380.00","ev":"N","apc":"South Los Angeles","solar":"N","pin_nbr":"093A191    26","use_code":"1","geolocation":"POINT (-118.31382 33.95062)","status_date":"02/02/2000","permit_group":"Building","refresh_time":"06/10/2026","type_lat_lon":"ADDRESS","business_unit":"Express Permit"},"geometry":{"type":"Point","coordinates":[-118.31382,33.95062]}},{"type":"Feature","properties":{"date":"1999-09-01T00:00:00.000Z","year":1999,"description":"Reroof large portion of house, all of garage","metadescription":"Bldg-Alter/Repair. 1 or 2 Family Dwelling. Reroof large portion of house, all of garage. Permit Finaled. 8942 S WILTON PL","address":"8942 South Wilton Place, CA, Los Angeles, 90047, US","ct":"2384.00","ev":"N","apc":"South Los Angeles","solar":"N","pin_nbr":"096A191   314","use_code":"1","geolocation":"POINT (-118.31434 33.95505)","status_date":"02/10/2000","permit_group":"Building","refresh_time":"06/10/2026","type_lat_lon":"ADDRESS","business_unit":"Express Permit"},"geometry":{"type":"Point","coordinates":[-118.31434,33.95505]}},{"type":"Feature","properties":{"date":"1999-08-19T00:00:00.000Z","year":1999,"description":"add 69sq.ft.(irreg) to garage on 99014-40000-04025","metadescription":"Bldg-Addition. 1 or 2 Family Dwelling. add 69sq.ft.(irreg) to garage on 99014-40000-04025. Permit Finaled. 7001 S RAMSGATE AVE","address":"7007 Ramsgate Avenue, CA, Los Angeles, 90045, US","ct":"2761.00","ev":"N","apc":"West Los Angeles","zone":"R1-1","solar":"N","pin_nbr":"102B173   390","use_code":"1","geolocation":"POINT (-118.37119 33.97329)","status_date":"10/24/2000","permit_group":"Building","refresh_time":"06/10/2026","type_lat_lon":"ADDRESS","business_unit":"Plan Check at Counter"},"geometry":{"type":"Point","coordinates":[-118.37119,33.97329]}},{"type":"Feature","properties":{"date":"1999-07-15T00:00:00.000Z","year":1999,"description":"ADD ATTACHED GARAGE (19'X23') TO (E) DWELLING. INCLUDE ELECT.","metadescription":"Bldg-Addition. 1 or 2 Family Dwelling. ADD ATTACHED GARAGE (19'X23') TO (E) DWELLING. INCLUDE ELECT.. Permit Finaled. 7001 S RAMSGATE AVE","address":"7007 Ramsgate Avenue, CA, Los Angeles, 90045, US","ct":"2761.00","ev":"N","apc":"West Los Angeles","zone":"R1-1","solar":"N","pin_nbr":"102B173   390","use_code":"1","geolocation":"POINT (-118.37119 33.97329)","status_date":"10/24/2000","construction":"Type V-N Construction","permit_group":"Building","refresh_time":"06/10/2026","type_lat_lon":"ADDRESS","business_unit":"Plan Check at Counter","square_footage":"368"},"geometry":{"type":"Point","coordinates":[-118.37119,33.97329]}},{"type":"Feature","properties":{"date":"1999-06-22T00:00:00.000Z","year":1999,"description":"Roof repair, remove/replace drywall in garage/and in house.","metadescription":"Bldg-Alter/Repair. 1 or 2 Family Dwelling. Roof repair, remove/replace drywall in garage/and in house.. Permit Closed. 2149 W 80TH ST","address":"2149 West 80Th Street, CA, Los Angeles, 90047, US","ct":"2381.00","ev":"N","apc":"South Los Angeles","solar":"N","pin_nbr":"099B189   557","use_code":"1","geolocation":"POINT (-118.3172 33.9665)","status_date":"08/18/2000","permit_group":"Building","refresh_time":"06/10/2026","type_lat_lon":"ADDRESS","business_unit":"Express Permit"},"geometry":{"type":"Point","coordinates":[-118.3172,33.9665]}},{"type":"Feature","properties":{"date":"1999-06-01T00:00:00.000Z","year":1999,"description":"Adding 11 x 26 , 1/2 Bathroom/REC room to ex garage, 282 sq ft plumb & elect","metadescription":"Bldg-Addition. 1 or 2 Family Dwelling. Adding 11 x 26 , 1/2 Bathroom/REC room to ex garage, 282 sq ft plumb & elect. Permit Closed. 3307 W 79TH ST","address":"3303 West 79Th Street, CA, Los Angeles, 90043, US","ct":"2352.02","ev":"N","apc":"South Los Angeles","zone":"R1-1","solar":"N","pin_nbr":"099B185   389","use_code":"1","geolocation":"POINT (-118.32985 33.96739)","status_date":"09/03/1999","permit_group":"Building","refresh_time":"06/10/2026","type_lat_lon":"ADDRESS","business_unit":"Plan Check at Counter"},"geometry":{"type":"Point","coordinates":[-118.32985,33.96739]}},{"type":"Feature","properties":{"date":"1999-03-03T00:00:00.000Z","year":1999,"description":"House Tear-Off Plywood Reroof with Class A Fiberglass Roof, 19 Squares. Garage Tear-Off No Plywood Reroof with Class A Fiberglass Roof, 6 Squares.","metadescription":"Bldg-Alter/Repair. 1 or 2 Family Dwelling. House Tear-Off Plywood Reroof with Class A Fiberglass Roof, 19 Squares. Garage Tear-Off No Plywood Reroof with Class A Fiberglass Roof, 6 Squares.. Permit Closed. 7918 S ISIS AVE","address":"7918 Isis Avenue, CA, Los Angeles, 90045, US","ct":"2771.00","ev":"N","apc":"West Los Angeles","solar":"N","pin_nbr":"099B173   744","use_code":"1","geolocation":"POINT (-118.37515 33.96421)","status_date":"08/18/1999","permit_group":"Building","refresh_time":"06/10/2026","type_lat_lon":"ADDRESS","business_unit":"Express Permit"},"geometry":{"type":"Point","coordinates":[-118.37515,33.96421]}},{"type":"Feature","properties":{"date":"1998-12-14T00:00:00.000Z","year":1998,"description":"ONE STORY ADDITION TO INCLUDE KITCHEN, FAMILY ROOM AND MASTER BEDROOM AND BATH, AND CLOSET AND BATHROOM AND GARAGE ADDITION. CONVERT PORTION OF GARAGE TO LAUNDRY ROOM AND EXISTING KITCHEN INTO DINING ROOM.","metadescription":"Bldg-Addition. 1 or 2 Family Dwelling. ONE STORY ADDITION TO INCLUDE KITCHEN, FAMILY ROOM AND MASTER BEDROOM AND BATH, AND CLOSET AND BATHROOM AND GARAGE ADDITION. CONVERT PORTION OF GARAGE TO LAUNDRY ROOM AND EXISTING KITCHEN INTO DINING ROOM.. Permit Closed. 7806 S TOLAND AVE","address":"7812 Toland Avenue, CA, Los Angeles, 90045, US","ct":"2771.00","ev":"N","apc":"West Los Angeles","zone":"R1-1","solar":"N","pin_nbr":"099B173   514","use_code":"1","geolocation":"POINT (-118.37451 33.96588)","status_date":"08/05/1999","permit_group":"Building","refresh_time":"06/10/2026","type_lat_lon":"ADDRESS","business_unit":"Plan Check at Counter"},"geometry":{"type":"Point","coordinates":[-118.37451,33.96588]}},{"type":"Feature","properties":{"date":"1998-12-09T00:00:00.000Z","year":1998,"description":"revise permit to show 2-car garage(compact spaces) and 2-car carport (standard spaces). (18'x revised 40' width)","metadescription":"Bldg-Alter/Repair. 1 or 2 Family Dwelling. revise permit to show 2-car garage(compact spaces) and 2-car carport (standard spaces). (18'x revised 40' width). Permit Finaled. 5245 W THORNBURN ST","address":"5245 Thornburn Street, CA, Los Angeles, 90045, US","ct":"2761.00","ev":"N","apc":"West Los Angeles","zone":"R1-1","solar":"N","pin_nbr":"099B173   144","use_code":"7","geolocation":"POINT (-118.37142 33.96958)","status_date":"09/25/2000","permit_group":"Building","refresh_time":"06/10/2026","type_lat_lon":"ADDRESS","business_unit":"Express Permit"},"geometry":{"type":"Point","coordinates":[-118.37142,33.96958]}},{"type":"Feature","properties":{"date":"1998-06-02T00:00:00.000Z","year":1998,"description":"Sandblast & Restucco House & Garage, Reroof Hot Mopped, Correctly Strap Existing Heater W/In House & Pad","metadescription":"Bldg-Alter/Repair. 1 or 2 Family Dwelling. Sandblast & Restucco House & Garage, Reroof Hot Mopped, Correctly Strap Existing Heater W/In House & Pad. Permit Closed. 3631 W 63RD ST","address":"3631 West 63Rd Street, CA, Los Angeles, 90043, US","ct":"2349.00","ev":"N","apc":"South Los Angeles","zone":"R1-1","solar":"N","pin_nbr":"105B185   817","use_code":"1","geolocation":"POINT (-118.33644 33.98278)","status_date":"08/04/1999","permit_group":"Building","refresh_time":"06/10/2026","type_lat_lon":"ADDRESS","business_unit":"Express Permit"},"geometry":{"type":"Point","coordinates":[-118.33644,33.98278]}},{"type":"Feature","properties":{"date":"1998-05-12T00:00:00.000Z","year":1998,"description":"Reroof: remove existing roof-covering; install 1/2\" CDX plywood; Class A fiberglass shingles; dwelling & detached garage.","metadescription":"Bldg-Alter/Repair. 1 or 2 Family Dwelling. Reroof: remove existing roof-covering; install 1/2\" CDX plywood; Class A fiberglass shingles; dwelling & detached garage.. Permit Expired. 9417 S HAAS AVE","address":"9417 Haas Avenue, CA, Los Angeles, 90047, US","ct":"2380.00","ev":"N","apc":"South Los Angeles","solar":"N","pin_nbr":"093A191    31","use_code":"1","geolocation":"POINT (-118.31684 33.95063)","status_date":"01/01/2007","permit_group":"Building","refresh_time":"06/10/2026","type_lat_lon":"ADDRESS","business_unit":"Express Permit"},"geometry":{"type":"Point","coordinates":[-118.31684,33.95063]}},{"type":"Feature","properties":{"date":"1998-03-26T00:00:00.000Z","year":1998,"description":"this is the PCIS version of DD6491 convert existing garage to SFD (per ZA 97-0854 (YV)) (18'4\"x34') 580 sq ft","metadescription":"Bldg-Alter/Repair. 1 or 2 Family Dwelling. this is the PCIS version of DD6491 convert existing garage to SFD (per ZA 97-0854 (YV)) (18'4\"x34') 580 sq ft. Permit Finaled. 5247 W THORNBURN ST","address":"5247 Thornburn Street, CA, Los Angeles, 90045, US","ct":"2761.00","ev":"N","apc":"West Los Angeles","zone":"R1-1","solar":"N","pin_nbr":"099B173   144","use_code":"1","geolocation":"POINT (-118.37145 33.96961)","status_date":"08/10/2000","construction":"Type V-N Construction","permit_group":"Building","refresh_time":"06/10/2026","type_lat_lon":"ADDRESS","business_unit":"Plan Check at Counter"},"geometry":{"type":"Point","coordinates":[-118.37145,33.96961]}},{"type":"Feature","properties":{"date":"1998-03-06T00:00:00.000Z","year":1998,"description":"Replace Existing (2) Beams in the Souther 2 bays of the Garage. Same size, (fire damage)","metadescription":"Bldg-Alter/Repair. 1 or 2 Family Dwelling. Replace Existing (2) Beams in the Souther 2 bays of the Garage. Same size, (fire damage). Permit Expired. 6310 S VICTORIA AVE","address":"6310 South Victoria Avenue, CA, Los Angeles, 90043, US","ct":"2349.00","ev":"N","apc":"South Los Angeles","zone":"R3-1","solar":"N","pin_nbr":"105B185   894","use_code":"7","geolocation":"POINT (-118.33219 33.98251)","status_date":"03/19/2008","permit_group":"Building","refresh_time":"06/10/2026","type_lat_lon":"ADDRESS","business_unit":"Plan Check at Counter","square_footage":"0"},"geometry":{"type":"Point","coordinates":[-118.33219,33.98251]}},{"type":"Feature","properties":{"date":"1998-02-25T00:00:00.000Z","year":1998,"description":"REPLACE 2 WINDOWS SAME SIZE,REROOF ASPHALT SHINGLES 23 SQS DRYWALL,ELECTRICAL 200 AMP SERVICE,REPLACE 3 GARAGE DOORS 8 X 7 (3 HARD WIRED SMOKE DETECTORS)","metadescription":"Bldg-Alter/Repair. 1 or 2 Family Dwelling. REPLACE 2 WINDOWS SAME SIZE,REROOF ASPHALT SHINGLES 23 SQS DRYWALL,ELECTRICAL 200 AMP SERVICE,REPLACE 3 GARAGE DOORS 8 X 7 (3 HARD WIRED SMOKE DETECTORS). Permit Expired. 6310 S VICTORIA AVE","address":"6310 South Victoria Avenue, CA, Los Angeles, 90043, US","ct":"2349.00","ev":"N","apc":"South Los Angeles","solar":"N","pin_nbr":"105B185   894","use_code":"1","geolocation":"POINT (-118.33219 33.98251)","status_date":"12/25/2006","permit_group":"Building","refresh_time":"06/10/2026","type_lat_lon":"ADDRESS","business_unit":"Express Permit"},"geometry":{"type":"Point","coordinates":[-118.33219,33.98251]}},{"type":"Feature","properties":{"date":"1998-01-30T00:00:00.000Z","year":1998,"description":"Reroof dwelling and detached garage. (complete work under permit 93AL06934)","metadescription":"Bldg-Alter/Repair. 1 or 2 Family Dwelling. Reroof dwelling and detached garage. (complete work under permit 93AL06934). Permit Closed. 9421 S HAAS AVE","address":"9421 Haas Avenue, CA, Los Angeles, 90047, US","ct":"2380.00","ev":"N","apc":"South Los Angeles","zone":"R4-1, Q","solar":"N","pin_nbr":"093A191    35","use_code":"1","geolocation":"POINT (-118.31684 33.95048)","status_date":"09/17/1999","permit_group":"Building","refresh_time":"06/10/2026","type_lat_lon":"ADDRESS","business_unit":"Express Permit"},"geometry":{"type":"Point","coordinates":[-118.31684,33.95048]}},{"type":"Feature","properties":{"date":"1998-01-22T00:00:00.000Z","year":1998,"description":"HOUSE & GARAGE REMOVE OLD ROOFS,INSTALL 1/2\" CDX PLYWOOD REROOF WITH CLASS A FIBERGLASS ROOF 20SQS","metadescription":"Bldg-Alter/Repair. 1 or 2 Family Dwelling. HOUSE & GARAGE REMOVE OLD ROOFS,INSTALL 1/2\" CDX PLYWOOD REROOF WITH CLASS A FIBERGLASS ROOF 20SQS. Permit Closed. 5514 W 78TH ST","address":"5510 West 78Th Street, CA, Los Angeles, 90045, US","ct":"2771.00","ev":"N","apc":"West Los Angeles","solar":"N","pin_nbr":"099B173   594","use_code":"1","geolocation":"POINT (-118.37599 33.96537)","status_date":"08/03/1999","permit_group":"Building","refresh_time":"06/10/2026","type_lat_lon":"ADDRESS","business_unit":"Express Permit"},"geometry":{"type":"Point","coordinates":[-118.37599,33.96537]}},{"type":"Feature","properties":{"date":"1997-07-21T00:00:00.000Z","year":1997,"description":"NEW GARAGE 20FT X 22 FT ( dwp approved location on 7-15-97 by june iwa moto)","metadescription":"Bldg-New. 1 or 2 Family Dwelling. NEW GARAGE 20FT X 22 FT ( dwp approved location on 7-15-97 by june iwa moto). Permit Expired. 2159 W 80TH ST","address":"2153 West 80Th Street, CA, Los Angeles, 90047, US","ct":"2381.00","ev":"N","apc":"South Los Angeles","zone":"RD1.5-1","solar":"N","height":"9","pin_nbr":"099B189   555","use_code":"7","geolocation":"POINT (-118.31748 33.9665)","status_date":"12/11/2006","construction":"Type V-N Construction","permit_group":"Building","refresh_time":"06/10/2026","type_lat_lon":"ADDRESS","business_unit":"Plan Check at Counter"},"geometry":{"type":"Point","coordinates":[-118.31748,33.9665]}},{"type":"Feature","properties":{"date":"1997-05-16T00:00:00.000Z","year":1997,"description":"Reconstruct existing 20x18 fire damaged garage use exisiting foundation","metadescription":"Bldg-Alter/Repair. 1 or 2 Family Dwelling. Reconstruct existing 20x18 fire damaged garage use exisiting foundation. Permit Closed. 7161 S LA CIENEGA BLVD","address":"7161 South La Cienega Boulevard, CA, Los Angeles, 90045, US","ct":"2761.00","ev":"N","apc":"West Los Angeles","zone":"R1-1","solar":"N","pin_nbr":"099B173    86","use_code":"7","geolocation":"POINT (-118.3704 33.97057)","status_date":"07/28/1999","permit_group":"Building","refresh_time":"06/10/2026","type_lat_lon":"ADDRESS","business_unit":"Plan Check at Counter"},"geometry":{"type":"Point","coordinates":[-118.3704,33.97057]}},{"type":"Feature","properties":{"date":"1997-03-03T00:00:00.000Z","year":1997,"description":"add'n 24'x38' \"2-car garage, Mstr BdRm & Bath\"; remove attached garage 11'24'4\" 1-Sty Type V-N","metadescription":"Bldg-Addition. 1 or 2 Family Dwelling. add'n 24'x38' \"2-car garage, Mstr BdRm & Bath\"; remove attached garage 11'24'4\" 1-Sty Type V-N. Permit Finaled. 7713 S MIDFIELD AVE","address":"7713 Midfield Avenue, CA, Los Angeles, 90045, US","ct":"2771.00","ev":"N","apc":"West Los Angeles","zone":"R1-1","solar":"N","pin_nbr":"099B173   435","use_code":"1","geolocation":"POINT (-118.37256369 33.96667335)","status_date":"01/19/2018","construction":"Type V-N Construction","permit_group":"Building","refresh_time":"06/10/2026","type_lat_lon":"BUILDING","business_unit":"Plan Check at Counter"},"geometry":{"type":"Point","coordinates":[-118.37256369,33.96667335]}}]}
