{"type":"FeatureCollection","features":[{"type":"Feature","properties":{"date":"2026-05-04T04:00:00.000Z","year":2026,"description":"Build a Custom Built Modular restroom facility. Electric service connection-water service connection sewer connection","metadescription":"EP. New. Build a Custom Built Modular restroom facility. Electric service connection-water service connection sewer connection. Active. 13401 ESCARPMENT BLVD","address":"13401 ESCARPMENT BLVD","link":"https://abc.austintexas.gov/web/permit/public-search-other?t_detail=1&t_selected_folderrsn=13571246","tcad_id":"0432530301","location":"    (30.16809048, -97.9131181)","day_issued":"MONDAY","project_id":"13571246","condominium":"No","status_date":"05/04/2026","jurisdiction":"AUSTIN FULL PURPOSE","housing_units":"1","contractor_zip":"78666-____","contractor_city":"San Marcos","issuance_method":"Permit Center","contractor_phone":"512608824731","contractor_trade":"Electrical Contractor","number_of_floors":"1","permit_type_desc":"Electrical Permit","master_permit_num":"13571245","fiscal_year_issued":"2026","total_new_add_sqft":"768","permit_class_mapped":"Commercial","contractor_address_2":"102  Wonder","contractor_full_name":"Chad Bartling","electrical_valuation":"$0.00","issued_in_last_30_days":"No","certificate_of_occupancy":"No","property_legal_description":"ABS 98 SUR 65 BRITE T & VAR SURVEYS ACR 34.6144 (4.1550A IN TRAVIS CO)"},"geometry":{"type":"Point","coordinates":[-97.9131181,30.16809048]}},{"type":"Feature","properties":{"date":"2026-04-16T04:00:00.000Z","year":2026,"description":"install new Rpz  water tap to city meter on an  existing system connected to well","metadescription":"PP. Irrigation. install new Rpz  water tap to city meter on an  existing system connected to well. Active. 3801 BALCONES DR","address":"3801 BALCONES DR","link":"https://abc.austintexas.gov/web/permit/public-search-other?t_detail=1&t_selected_folderrsn=13685648","tcad_id":"0125050501","location":"    (30.3165877, -97.7657141)","day_issued":"THURSDAY","project_id":"13685648","status_date":"05/14/2026","jurisdiction":"AUSTIN FULL PURPOSE","issuance_method":"Permit Center","permit_type_desc":"Plumbing Permit","fiscal_year_issued":"2026","permit_class_mapped":"Residential","issued_in_last_30_days":"No","property_legal_description":"LOT 4 BLK 3 COLORADO FOOTHILLS SEC 2"},"geometry":{"type":"Point","coordinates":[-97.7657141,30.3165877]}},{"type":"Feature","properties":{"date":"2026-03-17T04:00:00.000Z","year":2026,"description":"Build a Custom Built Modular restroom facility. Electric service connection-water service connection sewer connection","metadescription":"PP. New. Build a Custom Built Modular restroom facility. Electric service connection-water service connection sewer connection. Final. 13401 ESCARPMENT BLVD","address":"13401 ESCARPMENT BLVD","link":"https://abc.austintexas.gov/web/permit/public-search-other?t_detail=1&t_selected_folderrsn=13571247","tcad_id":"0432530301","location":"    (30.16809048, -97.9131181)","day_issued":"TUESDAY","project_id":"13571247","condominium":"No","status_date":"03/19/2026","jurisdiction":"AUSTIN FULL PURPOSE","housing_units":"1","contractor_zip":"77484","contractor_city":"Waller","issuance_method":"Permit Center","contractor_phone":"9369312665","contractor_trade":"Plumbing Contractor","number_of_floors":"1","permit_type_desc":"Plumbing Permit","master_permit_num":"13571245","fiscal_year_issued":"2026","plumbing_valuation":"$0.00","total_new_add_sqft":"768","permit_class_mapped":"Commercial","contractor_address_2":"22535  Stoke","contractor_full_name":"Greg Sauls","issued_in_last_30_days":"No","certificate_of_occupancy":"No","property_legal_description":"ABS 98 SUR 65 BRITE T & VAR SURVEYS ACR 34.6144 (4.1550A IN TRAVIS CO)"},"geometry":{"type":"Point","coordinates":[-97.9131181,30.16809048]}},{"type":"Feature","properties":{"date":"2026-03-09T04:00:00.000Z","year":2026,"description":"Connection of irrigation to on-site water well.","metadescription":"PP. Auxiliary Water. Connection of irrigation to on-site water well.. Active. 3703 MEADOWBANK DR","address":"3703 MEADOWBANK DR","link":"https://abc.austintexas.gov/web/permit/public-search-other?t_detail=1&t_selected_folderrsn=13665299","tcad_id":"0121060304","location":"    (30.31026055, -97.77196864)","day_issued":"MONDAY","project_id":"13665299","status_date":"03/10/2026","jurisdiction":"AUSTIN FULL PURPOSE","contractor_zip":"78680","contractor_city":"Round Rock","issuance_method":"Permit Center","contractor_phone":"5128013746","contractor_trade":"Plumbing Contractor","permit_type_desc":"Plumbing Permit","fiscal_year_issued":"2026","permit_class_mapped":"Residential","contractor_address_1":"P O BOX 1717","contractor_address_2":"ROUND ROCK T","contractor_full_name":"Mark Miller","issued_in_last_30_days":"No","property_legal_description":"LOT 24-5 BLK B BROWN HERMAN ADDN NO 2 SEC 4"},"geometry":{"type":"Point","coordinates":[-97.77196864,30.31026055]}},{"type":"Feature","properties":{"date":"2025-11-19T05:00:00.000Z","year":2025,"description":"Read Date 12/22/25 process after read. Abandoning septic tank now that the waste water tap has been approved","metadescription":"PP. Cut Over/Tank Abandonment. Read Date 12/22/25 process after read. Abandoning septic tank now that the waste water tap has been approved. Final. 1403 E APPLEGATE DR","address":"1403 E APPLEGATE DR","link":"https://abc.austintexas.gov/web/permit/public-search-other?t_detail=1&t_selected_folderrsn=13616141","tcad_id":"0241260209","location":"    (30.36265682, -97.66960785)","day_issued":"WEDNESDAY","project_id":"13616141","status_date":"12/18/2025","jurisdiction":"AUSTIN FULL PURPOSE","contractor_zip":"78642","contractor_city":"Liberty Hill","issuance_method":"Permit Center","contractor_phone":"5124689030","contractor_trade":"Plumbing Contractor","permit_type_desc":"Plumbing Permit","fiscal_year_issued":"2026","permit_class_mapped":"Residential","contractor_address_2":"105  Prospec","contractor_full_name":"Jeff Purcella","issued_in_last_30_days":"No","property_legal_description":"ABS 675 SUR 31 RICE J O ACR .505"},"geometry":{"type":"Point","coordinates":[-97.66960785,30.36265682]}},{"type":"Feature","properties":{"date":"2025-10-16T04:00:00.000Z","year":2025,"description":"Replacement of an existing water heater Need to remove 100 gallon tank type heater and install an A.O Smith cyclone water heater.  Like for like.  New unit is same size and have the same water connection located across from the kitchen area in a utility closet/room.","metadescription":"PP. Change Out. Replacement of an existing water heater Need to remove 100 gallon tank type heater and install an A.O Smith cyclone water heater.  Like for like.  New unit is same size and have the same water connection located across from the kitchen area in a utility closet/room.. Final. 3225 AMY DONOVAN PLZ","address":"3225 AMY DONOVAN PLZ","link":"https://abc.austintexas.gov/web/permit/public-search-other?t_detail=1&t_selected_folderrsn=13599675","tcad_id":"0254060119","location":"    (30.39629442, -97.72788548)","day_issued":"THURSDAY","project_id":"13599675","status_date":"11/19/2025","jurisdiction":"AUSTIN FULL PURPOSE","issuance_method":"Permit Center","contractor_trade":"Plumbing Contractor","permit_type_desc":"Plumbing Permit","fiscal_year_issued":"2026","permit_class_mapped":"Commercial","contractor_full_name":"Marc Wallace","issued_in_last_30_days":"No","property_legal_description":"19.3042 A OF LOT 1A BLK A DOMAIN SHOPPING CENTER SEC 1 THE RESUB OF LOT 1A AMENDED PLAT LOTS 1 & 3 BLK A"},"geometry":{"type":"Point","coordinates":[-97.72788548,30.39629442]}},{"type":"Feature","properties":{"date":"2025-08-26T04:00:00.000Z","year":2025,"description":"Build a Custom Built Modular restroom facility. Electric service connection-water service connection sewer connection","metadescription":"BP. New. Build a Custom Built Modular restroom facility. Electric service connection-water service connection sewer connection. Active. 13401 ESCARPMENT BLVD","address":"13401 ESCARPMENT BLVD","link":"https://abc.austintexas.gov/web/permit/public-search-other?t_detail=1&t_selected_folderrsn=13571245","tcad_id":"0432530301","location":"    (30.16809048, -97.9131181)","day_issued":"TUESDAY","project_id":"13571245","condominium":"No","status_date":"03/19/2026","jurisdiction":"AUSTIN FULL PURPOSE","applicant_zip":"77024-____","housing_units":"1","applicant_city":"Houston","contractor_zip":"77024-____","applicant_phone":"8779000493","contractor_city":"Houston","issuance_method":"Permit Center","contractor_phone":"8779000493","contractor_trade":"General Contractor","number_of_floors":"1","permit_type_desc":"Building Permit","master_permit_num":"13560893","building_valuation":"$0.00","fiscal_year_issued":"2025","plumbing_valuation":"$0.00","total_new_add_sqft":"768","applicant_address_2":"840 W Sam Ho","applicant_full_name":"Anthony Theriot","permit_class_mapped":"Commercial","contractor_address_2":"840 W Sam Ho","contractor_full_name":"Anthony Theriot","electrical_valuation":"$0.00","mechanical_valuation":"$0.00","applicant_organization":"Cotton Commercial USA, Inc","issued_in_last_30_days":"No","certificate_of_occupancy":"No","medgas_valuation_remodel":"$0.00","property_legal_description":"ABS 98 SUR 65 BRITE T & VAR SURVEYS ACR 34.6144 (4.1550A IN TRAVIS CO)"},"geometry":{"type":"Point","coordinates":[-97.9131181,30.16809048]}},{"type":"Feature","properties":{"date":"2025-07-09T04:00:00.000Z","year":2025,"description":"Installing new water meter box and water connection for stolen water meter.","metadescription":"PP. Repair. Installing new water meter box and water connection for stolen water meter.. Expired. 1112 W BEN WHITE BLVD SVRD WB","address":"1112 W BEN WHITE BLVD SVRD WB","link":"https://abc.austintexas.gov/web/permit/public-search-other?t_detail=1&t_selected_folderrsn=13544330","tcad_id":"0408080807","location":"    (30.22833952, -97.77733689)","day_issued":"WEDNESDAY","project_id":"13544330","condominium":"No","status_date":"01/07/2026","jurisdiction":"AUSTIN FULL PURPOSE","contractor_zip":"76537-____","contractor_city":"Austin","issuance_method":"Permit Center","contractor_phone":"5127045011","contractor_trade":"Plumbing Contractor","number_of_floors":"1","permit_type_desc":"Plumbing Permit","fiscal_year_issued":"2025","plumbing_valuation":"$0.00","permit_class_mapped":"Commercial","contractor_address_2":"124  Enforce","contractor_full_name":"Nathan Roemer","issued_in_last_30_days":"No","certificate_of_occupancy":"No","property_legal_description":"LOT 1 LESS S 92.15AV ONE PARK PLACE II"},"geometry":{"type":"Point","coordinates":[-97.77733689,30.22833952]}},{"type":"Feature","properties":{"date":"2025-03-20T04:00:00.000Z","year":2025,"description":"Replacement and return of hot water yard lines in apartment complex for buildings 9-14 \none water connection per building \n\nProperty has a central boiler from the boiler the hot water line runs along the buildings in the yard. Each building has its own connection but it is a single yard line.","metadescription":"PP. Repair. Replacement and return of hot water yard lines in apartment complex for buildings 9-14 \none water connection per building \n\nProperty has a central boiler from the boiler the hot water line runs along the buildings in the yard. Each building has its own connection but it is a single yard line.. Final. 10926 JOLLYVILLE RD","address":"10926 JOLLYVILLE RD","link":"https://abc.austintexas.gov/web/permit/public-search-other?t_detail=1&t_selected_folderrsn=13484285","tcad_id":"0156010103","location":"    (30.40363228, -97.7481402)","day_issued":"THURSDAY","project_id":"13484285","condominium":"No","status_date":"06/09/2025","jurisdiction":"AUSTIN FULL PURPOSE","contractor_zip":"78724","contractor_city":"AUSTIN","issuance_method":"Permit Center","contractor_phone":"5126778038","contractor_trade":"Plumbing Contractor","number_of_floors":"1","permit_type_desc":"Plumbing Permit","fiscal_year_issued":"2025","plumbing_valuation":"$0.00","permit_class_mapped":"Commercial","contractor_address_2":"5515  Bitter","contractor_full_name":"Eusebio L Ortiz","issued_in_last_30_days":"No","certificate_of_occupancy":"No","property_legal_description":"ABS 659 SUR 19 ROGERS J ACR 12.618"},"geometry":{"type":"Point","coordinates":[-97.7481402,30.40363228]}},{"type":"Feature","properties":{"date":"2023-12-26T05:00:00.000Z","year":2023,"description":"Reference Water Tap\nPermit# 2003-01401 WTS\n\n adding to the existing irrigation system and adding some landscape.","metadescription":"PP. Irrigation. Reference Water Tap\nPermit# 2003-01401 WTS\n\n adding to the existing irrigation system and adding some landscape.. Final. 1700 TERI RD","address":"1700 TERI RD","link":"https://abc.austintexas.gov/web/permit/public-search-other?t_detail=1&t_selected_folderrsn=13257855","tcad_id":"0416030202","location":"    (30.20524252, -97.75566255)","day_issued":"TUESDAY","project_id":"13257855","status_date":"03/19/2024","jurisdiction":"AUSTIN FULL PURPOSE","issuance_method":"Permit Center","permit_type_desc":"Plumbing Permit","fiscal_year_issued":"2024","permit_class_mapped":"Commercial","issued_in_last_30_days":"No","property_legal_description":"LOT 1 BLK A WOODWAY SQUARE SUBD"},"geometry":{"type":"Point","coordinates":[-97.75566255,30.20524252]}},{"type":"Feature","properties":{"date":"2023-11-16T05:00:00.000Z","year":2023,"description":"Secondary plumbing contractor doing outside work only Installation of new 6-inch wastewater line and 2-inch service water connection - reference 2023 065531 BP","metadescription":"PP. Repair. Secondary plumbing contractor doing outside work only Installation of new 6-inch wastewater line and 2-inch service water connection - reference 2023 065531 BP. Final. 13609 N IH 35 SVRD NB UNIT 220","address":"13609 N IH 35 SVRD NB UNIT 220","link":"https://abc.austintexas.gov/web/permit/public-search-other?t_detail=1&t_selected_folderrsn=13240064","tcad_id":"0264230203","location":"    (30.42236302, -97.66976998)","day_issued":"THURSDAY","project_id":"13240064","condominium":"No","status_date":"06/03/2024","jurisdiction":"AUSTIN FULL PURPOSE","contractor_zip":"78744","contractor_city":"AUSTIN","issuance_method":"Permit Center","contractor_phone":"5124106747","contractor_trade":"Plumbing Contractor","number_of_floors":"0","permit_type_desc":"Plumbing Permit","master_permit_num":"13147844","fiscal_year_issued":"2024","plumbing_valuation":"$0.00","permit_class_mapped":"Commercial","contractor_address_2":"5415  MC KIN","contractor_full_name":"Eric Joseph Campos","issued_in_last_30_days":"No","certificate_of_occupancy":"No","property_legal_description":"LOT 1 BLK A SCOFIELD RANCH RETAIL SUBD"},"geometry":{"type":"Point","coordinates":[-97.66976998,30.42236302]}},{"type":"Feature","properties":{"date":"2023-11-02T04:00:00.000Z","year":2023,"description":"Install 77 LFt of 1 1/2 Inch HDPE yard line from new water tap before connecting to existing yard line","metadescription":"PP. Repair. Install 77 LFt of 1 1/2 Inch HDPE yard line from new water tap before connecting to existing yard line. Expired. 4314 WILLOW SPRINGS RD","address":"4314 WILLOW SPRINGS RD","link":"https://abc.austintexas.gov/web/permit/public-search-other?t_detail=1&t_selected_folderrsn=13224550","tcad_id":"0412040547","location":"    (30.21609565, -97.76320761)","day_issued":"THURSDAY","project_id":"13224550","condominium":"No","status_date":"05/07/2024","jurisdiction":"AUSTIN FULL PURPOSE","contractor_zip":"76640","contractor_city":"Elm Mott","issuance_method":"Permit Center","contractor_phone":"2547179205","contractor_trade":"Plumbing Contractor","number_of_floors":"1","permit_type_desc":"Plumbing Permit","fiscal_year_issued":"2024","plumbing_valuation":"$0.00","permit_class_mapped":"Commercial","contractor_address_1":"PO BOX 33","contractor_full_name":"TERRANCE GLUECK","issued_in_last_30_days":"No","certificate_of_occupancy":"No","property_legal_description":"LOT D TWIN OAKS INDUSTRIAL DISTRICTNO 6"},"geometry":{"type":"Point","coordinates":[-97.76320761,30.21609565]}},{"type":"Feature","properties":{"date":"2023-10-13T04:00:00.000Z","year":2023,"description":"Water tap inspection only","metadescription":"PP. Repair. Water tap inspection only. Expired. 5108 QUIET MOUNTAIN CV","address":"5108 QUIET MOUNTAIN CV","link":"https://abc.austintexas.gov/web/permit/public-search-other?t_detail=1&t_selected_folderrsn=13224821","tcad_id":"0139190104","location":"    (30.35770799, -97.81271747)","day_issued":"FRIDAY","project_id":"13224821","condominium":"No","status_date":"05/28/2024","jurisdiction":"SB 2038 ETJ RELEASE","housing_units":"1","contractor_zip":"78729-____","contractor_city":"AUSTIN","issuance_method":"Permit Center","contractor_phone":"5125615002","contractor_trade":"Plumbing Contractor","number_of_floors":"1","permit_type_desc":"Plumbing Permit","fiscal_year_issued":"2024","permit_class_mapped":"Residential","remodel_repair_sqft":"0","contractor_address_2":"13279  POND","contractor_full_name":"Charles Faught","issued_in_last_30_days":"No","certificate_of_occupancy":"No","property_legal_description":"LOT 15 BLK A COLDWATER SEC 4 PHS A (1-D-1W)"},"geometry":{"type":"Point","coordinates":[-97.81271747,30.35770799]}},{"type":"Feature","properties":{"date":"2023-10-03T04:00:00.000Z","year":2023,"description":"Install new 1 1/2 inch water line from city water tap before it hits homeowner shut off or PRV. This new line will be primarily for the fire sprinkler system. New line will be bedded with sand and have a trace wire attatched to it.","metadescription":"PP. Repair. Install new 1 1/2 inch water line from city water tap before it hits homeowner shut off or PRV. This new line will be primarily for the fire sprinkler system. New line will be bedded with sand and have a trace wire attatched to it.. Final. 10705 PLAINS TRL","address":"10705 PLAINS TRL","link":"https://abc.austintexas.gov/web/permit/public-search-other?t_detail=1&t_selected_folderrsn=13218656","tcad_id":"0247170403","location":"    (30.37987354, -97.6952588)","day_issued":"TUESDAY","project_id":"13218656","condominium":"No","status_date":"10/19/2023","jurisdiction":"AUSTIN FULL PURPOSE","housing_units":"1","contractor_zip":"78642","contractor_city":"Liberty Hill","issuance_method":"Permit Center","contractor_phone":"5124689030","contractor_trade":"Plumbing Contractor","number_of_floors":"0","permit_type_desc":"Plumbing Permit","fiscal_year_issued":"2024","permit_class_mapped":"Residential","remodel_repair_sqft":"90","contractor_address_2":"105  Prospec","contractor_full_name":"Jeff Purcella","issued_in_last_30_days":"No","certificate_of_occupancy":"No","property_legal_description":"LOT 10 WHITE PLAINS SEC 3"},"geometry":{"type":"Point","coordinates":[-97.6952588,30.37987354]}},{"type":"Feature","properties":{"date":"2023-04-25T04:00:00.000Z","year":2023,"description":"Water and Waste water connection and fire line \nref. 2023-023167 BP","metadescription":"PP. Fireline. Water and Waste water connection and fire line \nref. 2023-023167 BP. Final. 4001 SMITH SCHOOL RD","address":"4001 SMITH SCHOOL RD","link":"https://abc.austintexas.gov/web/permit/public-search-other?t_detail=1&t_selected_folderrsn=13131069","tcad_id":"0323110145","location":"    (30.20010897, -97.70928339)","day_issued":"TUESDAY","project_id":"13131069","status_date":"04/03/2024","jurisdiction":"AUSTIN FULL PURPOSE","contractor_zip":"78734","contractor_city":"Austin","issuance_method":"Permit Center","contractor_phone":"5125609238","contractor_trade":"Plumbing Contractor","permit_type_desc":"Plumbing Permit","fiscal_year_issued":"2023","permit_class_mapped":"Commercial","contractor_address_2":"1007 S RR 62","contractor_full_name":"Luke Cross","issued_in_last_30_days":"No","property_legal_description":"LOT 1 BLK A TELECOM OFFICE PARK"},"geometry":{"type":"Point","coordinates":[-97.70928339,30.20010897]}},{"type":"Feature","properties":{"date":"2023-04-19T04:00:00.000Z","year":2023,"description":"Hook up sewer and water connections to new mobile home.  The property has a water tap.","metadescription":"PP. Repair. Hook up sewer and water connections to new mobile home.  The property has a water tap.. Expired. 13021 DESSAU RD UNIT 461","address":"13021 DESSAU RD UNIT 461","link":"https://abc.austintexas.gov/web/permit/public-search-other?t_detail=1&t_selected_folderrsn=13125151","tcad_id":"0251310229","location":"    (30.39914504, -97.64108442)","day_issued":"WEDNESDAY","project_id":"13125151","condominium":"No","status_date":"10/18/2023","jurisdiction":"AUSTIN 2 MILE ETJ","housing_units":"1","contractor_zip":"78708","contractor_city":"AUSTIN","issuance_method":"Permit Center","contractor_phone":"5129896111","contractor_trade":"Plumbing Contractor","number_of_floors":"0","permit_type_desc":"Plumbing Permit","fiscal_year_issued":"2023","permit_class_mapped":"Residential","remodel_repair_sqft":"0","contractor_address_1":"P.O. Box 814","contractor_full_name":"James Wallin","issued_in_last_30_days":"No","certificate_of_occupancy":"No","property_legal_description":"LOT 1 BLK A RIVER RANCH SUBD"},"geometry":{"type":"Point","coordinates":[-97.64108442,30.39914504]}},{"type":"Feature","properties":{"date":"2023-02-05T05:00:00.000Z","year":2023,"description":"Hook up sewer and water connections to new mobile home.  This property has a water tap.","metadescription":"PP. Repair. Hook up sewer and water connections to new mobile home.  This property has a water tap.. Final. 13021 DESSAU RD UNIT 543","address":"13021 DESSAU RD UNIT 543","link":"https://abc.austintexas.gov/web/permit/public-search-other?t_detail=1&t_selected_folderrsn=13083633","tcad_id":"0251310229","location":"    (30.39914504, -97.64108442)","day_issued":"SUNDAY","project_id":"13083633","condominium":"No","status_date":"02/16/2023","jurisdiction":"AUSTIN 2 MILE ETJ","housing_units":"1","contractor_zip":"78708","contractor_city":"AUSTIN","issuance_method":"Permit Center","contractor_phone":"5129896111","contractor_trade":"Plumbing Contractor","number_of_floors":"1","permit_type_desc":"Plumbing Permit","fiscal_year_issued":"2023","permit_class_mapped":"Residential","remodel_repair_sqft":"0","contractor_address_1":"P.O. Box 814","contractor_full_name":"James Wallin","issued_in_last_30_days":"No","certificate_of_occupancy":"No","property_legal_description":"LOT 1 BLK A RIVER RANCH SUBD"},"geometry":{"type":"Point","coordinates":[-97.64108442,30.39914504]}},{"type":"Feature","properties":{"date":"2023-02-05T05:00:00.000Z","year":2023,"description":"Hook up sewer and water connections to new home.  The property has a water tap.","metadescription":"PP. Repair. Hook up sewer and water connections to new home.  The property has a water tap.. Expired. 13021 DESSAU RD UNIT 416","address":"13021 DESSAU RD UNIT 416","link":"https://abc.austintexas.gov/web/permit/public-search-other?t_detail=1&t_selected_folderrsn=13083636","tcad_id":"0251310229","location":"    (30.39914504, -97.64108442)","day_issued":"SUNDAY","project_id":"13083636","condominium":"No","status_date":"08/16/2023","jurisdiction":"AUSTIN 2 MILE ETJ","housing_units":"1","contractor_zip":"78708","contractor_city":"AUSTIN","issuance_method":"Permit Center","contractor_phone":"5129896111","contractor_trade":"Plumbing Contractor","number_of_floors":"1","permit_type_desc":"Plumbing Permit","fiscal_year_issued":"2023","permit_class_mapped":"Residential","remodel_repair_sqft":"0","contractor_address_1":"P.O. Box 814","contractor_full_name":"James Wallin","issued_in_last_30_days":"No","certificate_of_occupancy":"No","property_legal_description":"LOT 1 BLK A RIVER RANCH SUBD"},"geometry":{"type":"Point","coordinates":[-97.64108442,30.39914504]}},{"type":"Feature","properties":{"date":"2023-01-11T05:00:00.000Z","year":2023,"description":"Hook up sewer and water connections to new mobile home.  this property has a water tap","metadescription":"PP. Repair. Hook up sewer and water connections to new mobile home.  this property has a water tap. Final. 13021 DESSAU RD UNIT 21","address":"13021 DESSAU RD UNIT 21","link":"https://abc.austintexas.gov/web/permit/public-search-other?t_detail=1&t_selected_folderrsn=13076546","tcad_id":"0251310229","location":"    (30.39914504, -97.64108442)","day_issued":"WEDNESDAY","project_id":"13076546","condominium":"No","status_date":"02/16/2023","jurisdiction":"AUSTIN 2 MILE ETJ","housing_units":"1","contractor_zip":"78708","contractor_city":"AUSTIN","issuance_method":"Permit Center","contractor_phone":"5129896111","contractor_trade":"Plumbing Contractor","number_of_floors":"1","permit_type_desc":"Plumbing Permit","fiscal_year_issued":"2023","permit_class_mapped":"Residential","remodel_repair_sqft":"0","contractor_address_1":"P.O. Box 814","contractor_full_name":"James Wallin","issued_in_last_30_days":"No","certificate_of_occupancy":"No","property_legal_description":"LOT 1 BLK A RIVER RANCH SUBD"},"geometry":{"type":"Point","coordinates":[-97.64108442,30.39914504]}},{"type":"Feature","properties":{"date":"2023-01-11T05:00:00.000Z","year":2023,"description":"Hook up sewer and water connections to new mobile home.  This property has a water tap.","metadescription":"PP. Repair. Hook up sewer and water connections to new mobile home.  This property has a water tap.. Final. 13021 DESSAU RD UNIT 98","address":"13021 DESSAU RD UNIT 98","link":"https://abc.austintexas.gov/web/permit/public-search-other?t_detail=1&t_selected_folderrsn=13076554","tcad_id":"0251310229","location":"    (30.39914504, -97.64108442)","day_issued":"WEDNESDAY","project_id":"13076554","condominium":"No","status_date":"02/16/2023","jurisdiction":"AUSTIN 2 MILE ETJ","housing_units":"1","contractor_zip":"78708","contractor_city":"AUSTIN","issuance_method":"Permit Center","contractor_phone":"5129896111","contractor_trade":"Plumbing Contractor","number_of_floors":"0","permit_type_desc":"Plumbing Permit","fiscal_year_issued":"2023","permit_class_mapped":"Residential","remodel_repair_sqft":"0","contractor_address_1":"P.O. Box 814","contractor_full_name":"James Wallin","issued_in_last_30_days":"No","certificate_of_occupancy":"No","property_legal_description":"LOT 1 BLK A RIVER RANCH SUBD"},"geometry":{"type":"Point","coordinates":[-97.64108442,30.39914504]}},{"type":"Feature","properties":{"date":"2023-01-04T05:00:00.000Z","year":2023,"description":"Hook up sewer and water connections to mobile home.  This property has a water tap.","metadescription":"PP. Repair. Hook up sewer and water connections to mobile home.  This property has a water tap.. Final. 13021 DESSAU RD UNIT 674","address":"13021 DESSAU RD UNIT 674","link":"https://abc.austintexas.gov/web/permit/public-search-other?t_detail=1&t_selected_folderrsn=13072728","tcad_id":"0251310229","location":"    (30.39914504, -97.64108442)","day_issued":"WEDNESDAY","project_id":"13072728","condominium":"No","status_date":"02/16/2023","jurisdiction":"AUSTIN 2 MILE ETJ","housing_units":"1","contractor_zip":"78708","contractor_city":"AUSTIN","issuance_method":"Permit Center","contractor_phone":"5129896111","contractor_trade":"Plumbing Contractor","number_of_floors":"1","permit_type_desc":"Plumbing Permit","fiscal_year_issued":"2023","permit_class_mapped":"Residential","remodel_repair_sqft":"0","contractor_address_1":"P.O. Box 814","contractor_full_name":"James Wallin","issued_in_last_30_days":"No","certificate_of_occupancy":"No","property_legal_description":"LOT 1 BLK A RIVER RANCH SUBD"},"geometry":{"type":"Point","coordinates":[-97.64108442,30.39914504]}},{"type":"Feature","properties":{"date":"2022-12-29T05:00:00.000Z","year":2022,"description":"water tap and underground fire line installation from city main to new daycare riser room\n\n Yard domestic water and sanitary sewer. This will be from meter and PL cleanout to 5 from building.\n\nref. 2022-171279 BP","metadescription":"PP. Fireline. water tap and underground fire line installation from city main to new daycare riser room\n\n Yard domestic water and sanitary sewer. This will be from meter and PL cleanout to 5 from building.\n\nref. 2022-171279 BP. Expired. 3808 S 1ST ST","address":"3808 S 1ST ST","link":"https://abc.austintexas.gov/web/permit/public-search-other?t_detail=1&t_selected_folderrsn=13069920","tcad_id":"0407060402","location":"    (30.22817302, -97.76873286)","day_issued":"THURSDAY","project_id":"13069920","status_date":"02/19/2024","jurisdiction":"AUSTIN FULL PURPOSE","contractor_zip":"78757","contractor_city":"Austin","issuance_method":"Permit Center","contractor_phone":"5125691097","contractor_trade":"Plumbing Contractor","permit_type_desc":"Plumbing Permit","fiscal_year_issued":"2023","permit_class_mapped":"Commercial","contractor_address_2":"3110  Crossc","contractor_full_name":"Ruben Espinoza","issued_in_last_30_days":"No","property_legal_description":"55 X 263.6 FT AV OF LOT 3 BLK 3 FREEWATER ADDN"},"geometry":{"type":"Point","coordinates":[-97.76873286,30.22817302]}},{"type":"Feature","properties":{"date":"2022-11-21T05:00:00.000Z","year":2022,"description":"Full water line replacement to home\n\nDigging up and trenching from water meter to home\n\nInstalling new homeowners shut off and pressure reducing valve\n\nConnecting to the city water meter and first water connection of home","metadescription":"PP. Repair. Full water line replacement to home\n\nDigging up and trenching from water meter to home\n\nInstalling new homeowners shut off and pressure reducing valve\n\nConnecting to the city water meter and first water connection of home. Final. 2108 THORNTON RD BLDG 2","address":"2108 THORNTON RD BLDG 2","link":"https://abc.austintexas.gov/web/permit/public-search-other?t_detail=1&t_selected_folderrsn=13052792","tcad_id":"0401060290","location":"    (30.24646906, -97.77015396)","day_issued":"MONDAY","project_id":"13052792","condominium":"No","status_date":"12/14/2022","jurisdiction":"AUSTIN FULL PURPOSE","housing_units":"0","contractor_zip":"78734-____","contractor_city":"Austin","issuance_method":"Permit Center","contractor_phone":"5126754420","contractor_trade":"Plumbing Contractor","number_of_floors":"0","permit_type_desc":"Plumbing Permit","fiscal_year_issued":"2023","permit_class_mapped":"Residential","remodel_repair_sqft":"612","contractor_address_2":"3841  SR RR","contractor_full_name":"Jason Oliphant","issued_in_last_30_days":"No","certificate_of_occupancy":"No","property_legal_description":"LOT 1 FREDERICKSBURG ROAD ACRES RESUB OF REMAINING PORTIONS OF LOT 21&22 BLK 2"},"geometry":{"type":"Point","coordinates":[-97.77015396,30.24646906]}},{"type":"Feature","properties":{"date":"2022-10-26T04:00:00.000Z","year":2022,"description":"New construction of a single family residence within in the 2 mile ETJ. Please refer to permit 2022-047195 W for water tap information. Thank you","metadescription":"PP. New. New construction of a single family residence within in the 2 mile ETJ. Please refer to permit 2022-047195 W for water tap information. Thank you. Expired. 6713 MIDWOOD PKWY","address":"6713 MIDWOOD PKWY","link":"https://abc.austintexas.gov/web/permit/public-search-other?t_detail=1&t_selected_folderrsn=13041101","tcad_id":"0101500302","location":"    (30.25328925, -97.9088696)","day_issued":"WEDNESDAY","project_id":"13041101","condominium":"No","status_date":"10/17/2023","jurisdiction":"AUSTIN 2 MILE ETJ","housing_units":"1","contractor_zip":"78754-____","contractor_city":"AUSTIN","issuance_method":"Permit Center","contractor_phone":"5128377313","contractor_trade":"Plumbing Contractor","number_of_floors":"1","permit_type_desc":"Plumbing Permit","fiscal_year_issued":"2023","total_new_add_sqft":"2,300","permit_class_mapped":"Residential","remodel_repair_sqft":"2,300","contractor_address_2":"9511  BROWN","contractor_full_name":"Dennis Guthrie","issued_in_last_30_days":"No","certificate_of_occupancy":"No","property_legal_description":"LOT 5 BLK K HILL COUNTRY PHS II-A"},"geometry":{"type":"Point","coordinates":[-97.9088696,30.25328925]}},{"type":"Feature","properties":{"date":"2022-10-06T04:00:00.000Z","year":2022,"description":"Plumb in 290 Lf of 1 SDR-9. Install owners shut off valve behind ROW meter. Cut and cap illegal water connection. Connect new plumbing to existing building plumbing.","metadescription":"PP. Repair. Plumb in 290 Lf of 1 SDR-9. Install owners shut off valve behind ROW meter. Cut and cap illegal water connection. Connect new plumbing to existing building plumbing.. Final. 4301 WILLOW SPRINGS RD","address":"4301 WILLOW SPRINGS RD","link":"https://abc.austintexas.gov/web/permit/public-search-other?t_detail=1&t_selected_folderrsn=13011434","tcad_id":"0412040619","location":"    (30.21729565, -97.76188044)","day_issued":"THURSDAY","project_id":"13011434","condominium":"No","status_date":"12/14/2022","jurisdiction":"AUSTIN FULL PURPOSE","contractor_zip":"76640","contractor_city":"Elm Mott","issuance_method":"Permit Center","contractor_phone":"2547179205","contractor_trade":"Plumbing Contractor","number_of_floors":"0","permit_type_desc":"Plumbing Permit","fiscal_year_issued":"2023","plumbing_valuation":"$0.00","permit_class_mapped":"Commercial","contractor_address_1":"PO BOX 33","contractor_full_name":"TERRANCE GLUECK","issued_in_last_30_days":"No","certificate_of_occupancy":"No","property_legal_description":"LOT 15 ST ELMO INDUSTRIAL SUBD"},"geometry":{"type":"Point","coordinates":[-97.76188044,30.21729565]}},{"type":"Feature","properties":{"date":"2022-09-27T04:00:00.000Z","year":2022,"description":"Repplace 157 ft of existing water line with 1 SDR-9. Install owners shut off behind ROW meter. Cut and cap illegal water connection. Connect to existing building plumbing.","metadescription":"PP. Repair. Repplace 157 ft of existing water line with 1 SDR-9. Install owners shut off behind ROW meter. Cut and cap illegal water connection. Connect to existing building plumbing.. Final. 4307 WILLOW SPRINGS RD","address":"4307 WILLOW SPRINGS RD","link":"https://abc.austintexas.gov/web/permit/public-search-other?t_detail=1&t_selected_folderrsn=13011427","tcad_id":"0412040625","location":"    (30.21639198, -97.76248719)","day_issued":"TUESDAY","project_id":"13011427","condominium":"No","status_date":"12/14/2022","jurisdiction":"AUSTIN FULL PURPOSE","contractor_zip":"76640","contractor_city":"Elm Mott","issuance_method":"Permit Center","contractor_phone":"2547179205","contractor_trade":"Plumbing Contractor","number_of_floors":"0","permit_type_desc":"Plumbing Permit","fiscal_year_issued":"2022","plumbing_valuation":"$0.00","permit_class_mapped":"Commercial","contractor_address_1":"PO BOX 33","contractor_full_name":"TERRANCE GLUECK","issued_in_last_30_days":"No","certificate_of_occupancy":"No","property_legal_description":"ST ELMO INDUSTRIAL DISTRICT LOT 10 & AMD LOT A RSB LOTS 11-14 LOT 2"},"geometry":{"type":"Point","coordinates":[-97.76248719,30.21639198]}},{"type":"Feature","properties":{"date":"2022-08-31T04:00:00.000Z","year":2022,"description":"Full water line replacement to home\n\nDigging up and trenching from water meter to home\n\nInstalling new homeowners shut off and pressure reducing valve\n\nConnecting to the city water meter and first water connection of home","metadescription":"PP. Repair. Full water line replacement to home\n\nDigging up and trenching from water meter to home\n\nInstalling new homeowners shut off and pressure reducing valve\n\nConnecting to the city water meter and first water connection of home. Final. 1703 JACKSON HOLE CV","address":"1703 JACKSON HOLE CV","link":"https://abc.austintexas.gov/web/permit/public-search-other?t_detail=1&t_selected_folderrsn=13008079","tcad_id":"0105150721","location":"    (30.26348938, -97.79981404)","day_issued":"WEDNESDAY","project_id":"13008079","condominium":"No","status_date":"09/15/2022","jurisdiction":"AUSTIN FULL PURPOSE","housing_units":"0","contractor_zip":"78734","contractor_city":"Austin","issuance_method":"Permit Center","contractor_phone":"512","contractor_trade":"Plumbing Contractor","number_of_floors":"0","permit_type_desc":"Plumbing Permit","fiscal_year_issued":"2022","permit_class_mapped":"Residential","remodel_repair_sqft":"4,105","contractor_address_2":"2306 N Ranch","contractor_full_name":"Thomas Montanez","issued_in_last_30_days":"No","certificate_of_occupancy":"No","property_legal_description":"LOT 107 BEECAVE WOODS SEC 4"},"geometry":{"type":"Point","coordinates":[-97.79981404,30.26348938]}},{"type":"Feature","properties":{"date":"2022-06-24T04:00:00.000Z","year":2022,"description":"Demo of existing Building as part of Building permit 2022-033213 BP Plumbing disconnect and cap of Sewer Tap and Water Tap only","metadescription":"PP. Repair. Demo of existing Building as part of Building permit 2022-033213 BP Plumbing disconnect and cap of Sewer Tap and Water Tap only. Final. 1201 W 38TH ST UNIT 1","address":"1201 W 38TH ST UNIT 1","link":"https://abc.austintexas.gov/web/permit/public-search-other?t_detail=1&t_selected_folderrsn=12954910","tcad_id":"0219011902","location":"    (30.30490831, -97.74539945)","day_issued":"FRIDAY","project_id":"12954910","condominium":"No","status_date":"06/30/2022","jurisdiction":"AUSTIN FULL PURPOSE","contractor_zip":"78704","contractor_city":"Austin","issuance_method":"Permit Center","contractor_phone":"5124863674","contractor_trade":"Plumbing Contractor","number_of_floors":"0","permit_type_desc":"Plumbing Permit","master_permit_num":"12892383","fiscal_year_issued":"2022","plumbing_valuation":"$0.00","permit_class_mapped":"Commercial","contractor_address_2":"3901 S Lamar","contractor_full_name":"Christopher Cosgrove","issued_in_last_30_days":"No","certificate_of_occupancy":"No","property_legal_description":"LOT 1 SETON MEDICAL CENTER ADDN NO 2 PLUS ADJ VAC ALLEY"},"geometry":{"type":"Point","coordinates":[-97.74539945,30.30490831]}},{"type":"Feature","properties":{"date":"2021-08-24T04:00:00.000Z","year":2021,"description":"Terminating septic system and cutting sewer line to city waste water tap approx. 150ft (City Sewer Cut Over)","metadescription":"PP. Cut Over/Tank Abandonment. Terminating septic system and cutting sewer line to city waste water tap approx. 150ft (City Sewer Cut Over). Final. 12133 BLACK ANGUS DR","address":"12133 BLACK ANGUS DR","link":"https://abc.austintexas.gov/web/permit/public-search-other?t_detail=1&t_selected_folderrsn=12765568","tcad_id":"0264030732","location":"    (30.42212855, -97.73045914)","day_issued":"TUESDAY","project_id":"12765568","status_date":"10/25/2021","jurisdiction":"AUSTIN FULL PURPOSE","contractor_zip":"76511-____","contractor_city":"Bartlett","issuance_method":"Permit Center","contractor_phone":"5129550753","contractor_trade":"Plumbing Contractor","permit_type_desc":"Plumbing Permit","fiscal_year_issued":"2021","permit_class_mapped":"Residential","contractor_address_2":"1106  County","contractor_full_name":"Bryan Pechacek","issued_in_last_30_days":"No","property_legal_description":"LOT 7 BLK H ANGUS VALLEY ANNEX SEC 1"},"geometry":{"type":"Point","coordinates":[-97.73045914,30.42212855]}},{"type":"Feature","properties":{"date":"2021-08-10T04:00:00.000Z","year":2021,"description":"New irrigation permit resubmitting because permit 2121-107214 was closed due to needing water tap permit numbers. Water Tap Permits 2020-178413 and 2020-178414","metadescription":"PP. Irrigation. New irrigation permit resubmitting because permit 2121-107214 was closed due to needing water tap permit numbers. Water Tap Permits 2020-178413 and 2020-178414. Expired. 12333 N LAMAR BLVD","address":"12333 N LAMAR BLVD","link":"https://abc.austintexas.gov/web/permit/public-search-other?t_detail=1&t_selected_folderrsn=12755183","tcad_id":"0258201005","location":"    (30.403147, -97.67791293)","day_issued":"TUESDAY","project_id":"12755183","status_date":"04/07/2022","jurisdiction":"AUSTIN FULL PURPOSE","issuance_method":"Permit Center","permit_type_desc":"Plumbing Permit","fiscal_year_issued":"2021","permit_class_mapped":"Commercial","issued_in_last_30_days":"No","property_legal_description":"LTS 1-2 BLK A KING JOHN SUBD & PT OF LT 1 BLK A PARK CENTRAL SEC 2 RESUB OF LT 1 OF PARK CENTRAL SEC 1 & PT OF LT 1 YAGER ACRES"},"geometry":{"type":"Point","coordinates":[-97.67791293,30.403147]}},{"type":"Feature","properties":{"date":"2021-05-14T04:00:00.000Z","year":2021,"description":"total demo of a 1878 sf SFR circa 1952\n\nNOTE: 611 Water Tap inspection cleared without plumbing permit per Murshid Normand 9/23/2021. WW was capped by CofA  Bonar Crump. (The crew installed new WW service and cleanout yesterday with a short stub-out and cap on house side at the ROW boundary for future connection. As we discussed the existing concrete WW service coming from the house is located +/- 24 to the East of the new cleanout and was capped off with concrete. )","metadescription":"BP. Demolition. total demo of a 1878 sf SFR circa 1952\n\nNOTE: 611 Water Tap inspection cleared without plumbing permit per Murshid Normand 9/23/2021. WW was capped by CofA  Bonar Crump. (The crew installed new WW service and cleanout yesterday with a short stub-out and cap on house side at the ROW boundary for future connection. As we discussed the existing concrete WW service coming from the house is located +/- 24 to the East of the new cleanout and was capped off with concrete. ). Final. 5800 CARY DR","address":"5800 CARY DR","link":"https://abc.austintexas.gov/web/permit/public-search-other?t_detail=1&t_selected_folderrsn=12692608","tcad_id":"0230010203","location":"    (30.33556624, -97.74743706)","day_issued":"FRIDAY","project_id":"12692608","condominium":"No","status_date":"09/30/2021","jurisdiction":"AUSTIN FULL PURPOSE","applicant_zip":"78714-2028","housing_units":"1","applicant_city":"AUSTIN","contractor_zip":"78714-2028","applicant_phone":"5124534646","contractor_city":"AUSTIN","issuance_method":"Permit Center","contractor_phone":"5124534646","contractor_trade":"General Contractor","number_of_floors":"1","permit_type_desc":"Building Permit","master_permit_num":"12673806","fiscal_year_issued":"2021","applicant_address_1":"PO BOX 14202","applicant_address_2":"AUSTIN TX  7","permit_class_mapped":"Residential","contractor_address_1":"PO BOX 14202","contractor_address_2":"AUSTIN TX  7","applicant_organization":"DAR Construction","issued_in_last_30_days":"No","certificate_of_occupancy":"No","total_existing_bldg_sqft":"1,878","property_legal_description":"LOT 1 BLK B ALLANDALE OAKS"},"geometry":{"type":"Point","coordinates":[-97.74743706,30.33556624]}},{"type":"Feature","properties":{"date":"2020-07-01T04:00:00.000Z","year":2020,"description":"irrigation sistem to the pound areas to wet trees and hidromulch Referencen water tap 2020 024907","metadescription":"PP. Irrigation. irrigation sistem to the pound areas to wet trees and hidromulch Referencen water tap 2020 024907. Expired. 11102 1/2 CHARGER WAY","address":"11102 1/2 CHARGER WAY","link":"https://abc.austintexas.gov/web/permit/public-search-other?t_detail=1&t_selected_folderrsn=12498070","tcad_id":"0231550416","location":"    (30.33095432, -97.57970693)","day_issued":"WEDNESDAY","project_id":"12498070","status_date":"03/03/2022","jurisdiction":"AUSTIN FULL PURPOSE","issuance_method":"Permit Center","permit_type_desc":"Plumbing Permit","fiscal_year_issued":"2020","permit_class_mapped":"Commercial","issued_in_last_30_days":"No","property_legal_description":"LOT 46 BLK F HERITAGE POINT AT WILDHORSE RANCH SEC 2 (WQ/GB/SS/CEF/WM/PP)"},"geometry":{"type":"Point","coordinates":[-97.57970693,30.33095432]}},{"type":"Feature","properties":{"date":"2019-09-17T04:00:00.000Z","year":2019,"description":"Install new Irrigation at Goodnight Ranch\n\nReference water tap permit#2018 090891","metadescription":"PP. Irrigation. Install new Irrigation at Goodnight Ranch\n\nReference water tap permit#2018 090891. Expired. 9015 CATTLE BARON PATH","address":"9015 CATTLE BARON PATH","link":"https://abc.austintexas.gov/web/permit/public-search-other?t_detail=1&t_selected_folderrsn=12318937","tcad_id":"0436012601","location":"    (30.15301921, -97.7557767)","day_issued":"TUESDAY","project_id":"12318937","condominium":"No","status_date":"03/16/2020","jurisdiction":"AUSTIN FULL PURPOSE","issuance_method":"Permit Center","permit_type_desc":"Plumbing Permit","fiscal_year_issued":"2019","permit_class_mapped":"Commercial","issued_in_last_30_days":"No","certificate_of_occupancy":"No","plumbing_valuation_remodel":"$85,000.00"},"geometry":{"type":"Point","coordinates":[-97.7557767,30.15301921]}},{"type":"Feature","properties":{"date":"2019-08-13T04:00:00.000Z","year":2019,"description":"**Auxiliary Water connection to well.","metadescription":"PP. Auxiliary Water. **Auxiliary Water connection to well.. Final. 2500 KENMORE CT","address":"2500 KENMORE CT","link":"https://abc.austintexas.gov/web/permit/public-search-other?t_detail=1&t_selected_folderrsn=12296374","tcad_id":"0119080312","location":"    (30.30246594, -97.77678098)","day_issued":"TUESDAY","project_id":"12296374","status_date":"12/17/2019","jurisdiction":"AUSTIN FULL PURPOSE","issuance_method":"Permit Center","permit_type_desc":"Plumbing Permit","master_permit_num":"11500522","fiscal_year_issued":"2019","permit_class_mapped":"Residential","issued_in_last_30_days":"No","property_legal_description":"ABS 313 SUR 8 GILBERT D J ACR 3.9536"},"geometry":{"type":"Point","coordinates":[-97.77678098,30.30246594]}},{"type":"Feature","properties":{"date":"2019-06-11T04:00:00.000Z","year":2019,"description":"Irrigation Install Reference Water Tap 2019 041837 Meter # 10056720 5/8 to remain for irrigation.","metadescription":"PP. Irrigation. Irrigation Install Reference Water Tap 2019 041837 Meter # 10056720 5/8 to remain for irrigation.. Final. 620 W 24TH ST","address":"620 W 24TH ST","link":"https://abc.austintexas.gov/web/permit/public-search-other?t_detail=1&t_selected_folderrsn=12257261","tcad_id":"0214011304","location":"    (30.28806723, -97.74440902)","day_issued":"TUESDAY","project_id":"12257261","condominium":"No","status_date":"06/25/2019","jurisdiction":"AUSTIN FULL PURPOSE","contractor_zip":"78705","contractor_city":"AUSTIN","issuance_method":"Permit Center","contractor_phone":"2815465369","contractor_trade":"General Contractor","permit_type_desc":"Plumbing Permit","master_permit_num":"12018633","fiscal_year_issued":"2019","permit_class_mapped":"Commercial","contractor_address_2":"2501 N LAMAR","issued_in_last_30_days":"No","certificate_of_occupancy":"No","plumbing_valuation_remodel":"$1,800.00","property_legal_description":"W93X200 FT OF LOT 15-18 OLT 48 DIV D RAINEY FRANK SUBD"},"geometry":{"type":"Point","coordinates":[-97.74440902,30.28806723]}},{"type":"Feature","properties":{"date":"2019-06-05T04:00:00.000Z","year":2019,"description":"Install new irrigation system in subdivision reference water tap  2019 083837","metadescription":"PP. Irrigation. Install new irrigation system in subdivision reference water tap  2019 083837. Final. 16425 1/2 DONOHER DR","address":"16425 1/2 DONOHER DR","link":"https://abc.austintexas.gov/web/permit/public-search-other?t_detail=1&t_selected_folderrsn=12195861","tcad_id":"R561458","location":"    (30.50411316, -97.74770448)","day_issued":"WEDNESDAY","project_id":"12195861","condominium":"No","status_date":"11/06/2019","jurisdiction":"AUSTIN FULL PURPOSE","issuance_method":"Permit Center","permit_type_desc":"Plumbing Permit","fiscal_year_issued":"2019","permit_class_mapped":"Commercial","issued_in_last_30_days":"No","certificate_of_occupancy":"No","plumbing_valuation_remodel":"$3,290.00","property_legal_description":"S11496 - HERITAGE OAKS AT PEARSON RANCH EAST SEC 1 Lot 90 ACRES 1.288 (OPEN SPACE)"},"geometry":{"type":"Point","coordinates":[-97.74770448,30.50411316]}},{"type":"Feature","properties":{"date":"2019-06-05T04:00:00.000Z","year":2019,"description":"Install new irrigation system at the entrance of subdivision reference water tap 2019 083853","metadescription":"PP. Irrigation. Install new irrigation system at the entrance of subdivision reference water tap 2019 083853. Final. 9124 1/2 RATTLESNAKE TRL","address":"9124 1/2 RATTLESNAKE TRL","link":"https://abc.austintexas.gov/web/permit/public-search-other?t_detail=1&t_selected_folderrsn=12195864","tcad_id":"R561422","location":"    (30.50084858, -97.74880215)","day_issued":"WEDNESDAY","project_id":"12195864","condominium":"No","status_date":"11/08/2019","jurisdiction":"AUSTIN FULL PURPOSE","issuance_method":"Permit Center","permit_type_desc":"Plumbing Permit","fiscal_year_issued":"2019","permit_class_mapped":"Commercial","issued_in_last_30_days":"No","certificate_of_occupancy":"No","plumbing_valuation_remodel":"$3,290.00"},"geometry":{"type":"Point","coordinates":[-97.74880215,30.50084858]}},{"type":"Feature","properties":{"date":"2019-06-05T04:00:00.000Z","year":2019,"description":"Install new irrigation system at subdivision reference water tap 2019 083849","metadescription":"PP. Irrigation. Install new irrigation system at subdivision reference water tap 2019 083849. Final. 16406 1/2 DONOHER DR","address":"16406 1/2 DONOHER DR","link":"https://abc.austintexas.gov/web/permit/public-search-other?t_detail=1&t_selected_folderrsn=12196198","location":"    (30.50322796, -97.74840796)","day_issued":"WEDNESDAY","project_id":"12196198","condominium":"No","status_date":"11/06/2019","jurisdiction":"AUSTIN FULL PURPOSE","issuance_method":"Permit Center","permit_type_desc":"Plumbing Permit","fiscal_year_issued":"2019","permit_class_mapped":"Commercial","issued_in_last_30_days":"No","certificate_of_occupancy":"No","plumbing_valuation_remodel":"$3,290.00"},"geometry":{"type":"Point","coordinates":[-97.74840796,30.50322796]}},{"type":"Feature","properties":{"date":"2019-06-05T04:00:00.000Z","year":2019,"description":"Install new irrigation system at entry of subdivision reference water tap 2019 076067","metadescription":"PP. Irrigation. Install new irrigation system at entry of subdivision reference water tap 2019 076067. Final. 13000 1/2 BAILEYFIELD DR","address":"13000 1/2 BAILEYFIELD DR","link":"https://abc.austintexas.gov/web/permit/public-search-other?t_detail=1&t_selected_folderrsn=12187570","tcad_id":"0252430244","location":"    (30.38667735, -97.61642375)","day_issued":"WEDNESDAY","project_id":"12187570","condominium":"No","status_date":"11/07/2019","jurisdiction":"AUSTIN FULL PURPOSE","issuance_method":"Permit Center","permit_type_desc":"Plumbing Permit","fiscal_year_issued":"2019","permit_class_mapped":"Commercial","issued_in_last_30_days":"No","certificate_of_occupancy":"No","plumbing_valuation_remodel":"$25,500.00","property_legal_description":"LOT 46 BLK A CANTARRA II PHS 1 (LS)"},"geometry":{"type":"Point","coordinates":[-97.61642375,30.38667735]}},{"type":"Feature","properties":{"date":"2018-08-07T04:00:00.000Z","year":2018,"description":"Cap off water and wastewater lines for demo\n   Water tap in front left and sewer tap at alley on left side","metadescription":"PP. Repair. Cap off water and wastewater lines for demo\n   Water tap in front left and sewer tap at alley on left side. Final. 1007 W 22ND ST","address":"1007 W 22ND ST","link":"https://abc.austintexas.gov/web/permit/public-search-other?t_detail=1&t_selected_folderrsn=11973851","tcad_id":"0113001327","location":"    (30.28524417, -97.74884539)","day_issued":"TUESDAY","project_id":"11973851","condominium":"No","status_date":"08/09/2018","jurisdiction":"AUSTIN FULL PURPOSE","housing_units":"2","contractor_zip":"78610-____","contractor_city":"Buda","issuance_method":"Permit Center","contractor_phone":"5124869291","contractor_trade":"Plumbing Contractor","number_of_floors":"1","permit_type_desc":"Plumbing Permit","master_permit_num":"11953192","fiscal_year_issued":"2018","permit_class_mapped":"Residential","remodel_repair_sqft":"0","contractor_address_2":"641  Commeri","contractor_full_name":"Peter  Smith","issued_in_last_30_days":"No","certificate_of_occupancy":"No","plumbing_valuation_remodel":"$500.00","property_legal_description":"E 50 FT OF LOT 21-23 BLK 1 OLT 26-28 DIV D CARRINGTON SUBD"},"geometry":{"type":"Point","coordinates":[-97.74884539,30.28524417]}},{"type":"Feature","properties":{"date":"2018-07-16T04:00:00.000Z","year":2018,"description":"Replace water supply line in the yard from the city water tap to the home.","metadescription":"PP. Repair. Replace water supply line in the yard from the city water tap to the home.. Final. 103 W SCURRY ST","address":"103 W SCURRY ST","link":"https://abc.austintexas.gov/web/permit/public-search-other?t_detail=1&t_selected_folderrsn=11982492","tcad_id":"0250201803","location":"    (30.38121074, -97.68021418)","day_issued":"MONDAY","project_id":"11982492","condominium":"No","status_date":"07/17/2018","jurisdiction":"AUSTIN FULL PURPOSE","housing_units":"1","contractor_zip":"76574","contractor_city":"Taylor","issuance_method":"Permit Center","contractor_phone":"5123658866","contractor_trade":"Plumbing Contractor","number_of_floors":"0","permit_type_desc":"Plumbing Permit","fiscal_year_issued":"2018","permit_class_mapped":"Residential","remodel_repair_sqft":"2,103","contractor_address_1":"P O  BOX 137","contractor_full_name":"Samuel D Dowdy","issued_in_last_30_days":"No","certificate_of_occupancy":"No","plumbing_valuation_remodel":"$6,500.00","property_legal_description":"LOT 10 BLK L EUBANK ACRES SEC 3"},"geometry":{"type":"Point","coordinates":[-97.68021418,30.38121074]}},{"type":"Feature","properties":{"date":"2018-03-12T04:00:00.000Z","year":2018,"description":"Reroute wastewater from back of house to new waster water tap in Shoalwood Ave.","metadescription":"PP. Repair. Reroute wastewater from back of house to new waster water tap in Shoalwood Ave.. Final. 6201 WOODVIEW AVE","address":"6201 WOODVIEW AVE","link":"https://abc.austintexas.gov/web/permit/public-search-other?t_detail=1&t_selected_folderrsn=11874204","tcad_id":"0232030409","location":"    (30.33834315, -97.74234954)","day_issued":"MONDAY","project_id":"11874204","condominium":"No","status_date":"04/04/2018","jurisdiction":"AUSTIN FULL PURPOSE","housing_units":"1","contractor_zip":"78748","contractor_city":"AUSTIN","issuance_method":"Permit Center","contractor_phone":"5122663566","contractor_trade":"Plumbing Contractor","number_of_floors":"0","permit_type_desc":"Plumbing Permit","fiscal_year_issued":"2018","permit_class_mapped":"Residential","remodel_repair_sqft":"1,800","contractor_address_2":"1308  atalan","contractor_full_name":"Timothy C Kinsey","issued_in_last_30_days":"No","certificate_of_occupancy":"No","plumbing_valuation_remodel":"$1,800.00","property_legal_description":"LOT 55A WOODVIEW-CLAWSON SUBD"},"geometry":{"type":"Point","coordinates":[-97.74234954,30.33834315]}},{"type":"Feature","properties":{"date":"2018-02-22T05:00:00.000Z","year":2018,"description":"irrigation system for common areas.\n ref water tap 2018-013721-pp","metadescription":"PP. Irrigation. irrigation system for common areas.\n ref water tap 2018-013721-pp. Expired. 2215 1/2 ROBERT BROWNING ST","address":"2215 1/2 ROBERT BROWNING ST","link":"https://abc.austintexas.gov/web/permit/public-search-other?t_detail=1&t_selected_folderrsn=11865623","tcad_id":"0217163218","location":"    (30.2985792, -97.69946507)","day_issued":"THURSDAY","project_id":"11865623","condominium":"No","status_date":"10/09/2018","jurisdiction":"AUSTIN FULL PURPOSE","issuance_method":"Permit Center","permit_type_desc":"Plumbing Permit","fiscal_year_issued":"2018","permit_class_mapped":"Commercial","issued_in_last_30_days":"No","certificate_of_occupancy":"No","plumbing_valuation_remodel":"$1,500.00","property_legal_description":"LOT 8 BLK 67 MUELLER SEC IX SUBD AMD"},"geometry":{"type":"Point","coordinates":[-97.69946507,30.2985792]}},{"type":"Feature","properties":{"date":"2018-01-25T05:00:00.000Z","year":2018,"description":"Replace existing corroded water yard line.  Line replaced will be from City water tap (owner side) to home.","metadescription":"PP. Repair. Replace existing corroded water yard line.  Line replaced will be from City water tap (owner side) to home.. Expired. 4004 RIDGELEA DR","address":"4004 RIDGELEA DR","link":"https://abc.austintexas.gov/web/permit/public-search-other?t_detail=1&t_selected_folderrsn=11851445","tcad_id":"0122000710","location":"    (30.31283749, -97.75071526)","day_issued":"THURSDAY","project_id":"11851445","condominium":"No","status_date":"08/02/2018","jurisdiction":"AUSTIN FULL PURPOSE","housing_units":"1","contractor_zip":"78665","contractor_city":"Round Rock","issuance_method":"Permit Center","contractor_phone":"5129709033","contractor_trade":"Plumbing Contractor","number_of_floors":"0","permit_type_desc":"Plumbing Permit","fiscal_year_issued":"2018","permit_class_mapped":"Residential","remodel_repair_sqft":"300","contractor_address_1":"8 TIMBERLINE","contractor_address_2":"ROUND ROCK T","contractor_full_name":"Guadalupe V Patino","issued_in_last_30_days":"No","certificate_of_occupancy":"No","plumbing_valuation_remodel":"$500.00","property_legal_description":"LOT 53 RIDGELEA"},"geometry":{"type":"Point","coordinates":[-97.75071526,30.31283749]}},{"type":"Feature","properties":{"date":"2018-01-24T05:00:00.000Z","year":2018,"description":"Replace existing corroded water yard line at exterior. Install new piping from city water tap to home.","metadescription":"PP. Repair. Replace existing corroded water yard line at exterior. Install new piping from city water tap to home.. Final. 3902 JEFFERSON ST","address":"3902 JEFFERSON ST","link":"https://abc.austintexas.gov/web/permit/public-search-other?t_detail=1&t_selected_folderrsn=11851440","tcad_id":"0122001311","location":"    (30.31107876, -97.74969723)","day_issued":"WEDNESDAY","project_id":"11851440","condominium":"No","status_date":"02/02/2018","jurisdiction":"AUSTIN FULL PURPOSE","housing_units":"1","contractor_zip":"78665","contractor_city":"Round Rock","issuance_method":"Permit Center","contractor_phone":"5129709033","contractor_trade":"Plumbing Contractor","number_of_floors":"0","permit_type_desc":"Plumbing Permit","fiscal_year_issued":"2018","permit_class_mapped":"Residential","remodel_repair_sqft":"300","contractor_address_1":"8 TIMBERLINE","contractor_address_2":"ROUND ROCK T","contractor_full_name":"Guadalupe V Patino","issued_in_last_30_days":"No","certificate_of_occupancy":"No","plumbing_valuation_remodel":"$500.00","property_legal_description":"LOT 103 RIDGELEA"},"geometry":{"type":"Point","coordinates":[-97.74969723,30.31107876]}},{"type":"Feature","properties":{"date":"2017-03-03T05:00:00.000Z","year":2017,"description":"Reroute outside sewer from back of house to new waste water tap at street in front of house.","metadescription":"PP. Repair. Reroute outside sewer from back of house to new waste water tap at street in front of house.. Final. 2607 PEMBROOK TRL","address":"2607 PEMBROOK TRL","link":"https://abc.austintexas.gov/web/permit/public-search-other?t_detail=1&t_selected_folderrsn=11681699","tcad_id":"0226000244","location":"    (30.32059073, -97.74676051)","day_issued":"FRIDAY","project_id":"11681699","condominium":"No","status_date":"03/31/2017","jurisdiction":"AUSTIN FULL PURPOSE","housing_units":"1","contractor_zip":"78748","contractor_city":"AUSTIN","issuance_method":"Permit Center","contractor_phone":"5122663566","contractor_trade":"Plumbing Contractor","number_of_floors":"1","permit_type_desc":"Plumbing Permit","fiscal_year_issued":"2017","permit_class_mapped":"Residential","remodel_repair_sqft":"1,800","contractor_address_2":"1308  atalan","contractor_full_name":"Timothy C Kinsey","issued_in_last_30_days":"No","certificate_of_occupancy":"No","plumbing_valuation_remodel":"$1,200.00","property_legal_description":"LOT 5 BLK B SHOALWOODS ADDN SEC 2"},"geometry":{"type":"Point","coordinates":[-97.74676051,30.32059073]}},{"type":"Feature","properties":{"date":"2016-12-29T05:00:00.000Z","year":2016,"description":"Installing RPZ at water tap/meter","metadescription":"PP. Repair. Installing RPZ at water tap/meter. Final. 7901 BIG VIEW DR","address":"7901 BIG VIEW DR","link":"https://abc.austintexas.gov/web/permit/public-search-other?t_detail=1&t_selected_folderrsn=11651387","tcad_id":"0135380217","location":"    (30.3474809, -97.87483632)","day_issued":"THURSDAY","project_id":"11651387","condominium":"No","status_date":"01/06/2017","jurisdiction":"AUSTIN FULL PURPOSE","housing_units":"1","contractor_zip":"78641","contractor_city":"Leander","issuance_method":"Online","contractor_phone":"5122151583","contractor_trade":"Plumbing Contractor","number_of_floors":"1","permit_type_desc":"Plumbing Permit","fiscal_year_issued":"2017","permit_class_mapped":"Residential","remodel_repair_sqft":"5,000","contractor_address_1":"1209 OAK HOL","contractor_address_2":"LEANDER TX","contractor_full_name":"Christopher Miranda","issued_in_last_30_days":"No","certificate_of_occupancy":"No","plumbing_valuation_remodel":"$500.00","property_legal_description":"LOT 49B & 51A BLK M RIVER PLACE SEC 15 AMD LT 49A REPLT LT 9 & 50 BL M&LT 51&52 BL M RIVER PLACE SEC 16 & ABS 375 SUR 456 HOBBS W R ACR 2.755"},"geometry":{"type":"Point","coordinates":[-97.87483632,30.3474809]}},{"type":"Feature","properties":{"date":"2016-11-01T04:00:00.000Z","year":2016,"description":"Total demo of home.  Circa 1963 Cap off water/waste water tap.","metadescription":"PP. Repair. Total demo of home.  Circa 1963 Cap off water/waste water tap.. Final. 2411 WILLOW ST","address":"2411 WILLOW ST","link":"https://abc.austintexas.gov/web/permit/public-search-other?t_detail=1&t_selected_folderrsn=11576802","tcad_id":"0201091306","location":"    (30.25333501, -97.71741711)","day_issued":"TUESDAY","project_id":"11576802","condominium":"No","status_date":"11/02/2016","jurisdiction":"AUSTIN FULL PURPOSE","housing_units":"1","contractor_zip":"78725","contractor_city":"Austin","issuance_method":"Online","contractor_phone":"5123821994","contractor_trade":"Plumbing Contractor","number_of_floors":"1","permit_type_desc":"Plumbing Permit","master_permit_num":"11490737","fiscal_year_issued":"2017","permit_class_mapped":"Residential","remodel_repair_sqft":"0","contractor_address_1":"12006 GREENL","contractor_address_2":"AUSTIN TX  7","contractor_full_name":"Rogelio Suarez Vasquez","issued_in_last_30_days":"No","certificate_of_occupancy":"No","plumbing_valuation_remodel":"$500.00","property_legal_description":"0.1460AC OLT 40 DIVISION O"},"geometry":{"type":"Point","coordinates":[-97.71741711,30.25333501]}},{"type":"Feature","properties":{"date":"2016-08-02T04:00:00.000Z","year":2016,"description":"Total demo of home.  Circa 1932 cap off water/waste water tap","metadescription":"PP. Repair. Total demo of home.  Circa 1932 cap off water/waste water tap. Final. 1806 W 10TH ST","address":"1806 W 10TH ST","link":"https://abc.austintexas.gov/web/permit/public-search-other?t_detail=1&t_selected_folderrsn=11575349","tcad_id":"0111040712","location":"    (30.28137619, -97.76425181)","day_issued":"TUESDAY","project_id":"11575349","condominium":"No","status_date":"08/09/2016","jurisdiction":"AUSTIN FULL PURPOSE","housing_units":"1","issuance_method":"Permit Center","contractor_trade":"Plumbing Contractor","number_of_floors":"1","permit_type_desc":"Plumbing Permit","master_permit_num":"11530625","fiscal_year_issued":"2016","permit_class_mapped":"Residential","remodel_repair_sqft":"0","contractor_full_name":"George Christianson","issued_in_last_30_days":"No","certificate_of_occupancy":"No","plumbing_valuation_remodel":"$200.00","property_legal_description":"LOT 11-12 BLK 13 *LESS S 5FT PLUS S 1/2 VAC ALLEY GRAHAM MALCOLM RESUB"},"geometry":{"type":"Point","coordinates":[-97.76425181,30.28137619]}},{"type":"Feature","properties":{"date":"2016-07-22T04:00:00.000Z","year":2016,"description":"Demo existing driveway approach.  Construct new 12 driveway approach in same location.  Replace 6 LF of C&G damage by water connection.  Sidewalk fee paid in lieu of construction.  Shall meet all city standards.**nmt    *New single family residential 2 story + attic 4 bedroom 4.5 bath & carport.","metadescription":"DS. Modification. Demo existing driveway approach.  Construct new 12 driveway approach in same location.  Replace 6 LF of C&G damage by water connection.  Sidewalk fee paid in lieu of construction.  Shall meet all city standards.**nmt    *New single family residential 2 story + attic 4 bedroom 4.5 bath & carport.. Final. 2606 HARRIS BLVD","address":"2606 HARRIS BLVD","link":"https://abc.austintexas.gov/web/permit/public-search-other?t_detail=1&t_selected_folderrsn=11441692","tcad_id":"0116000802","location":"    (30.29609568, -97.75506166)","day_issued":"FRIDAY","project_id":"11441692","status_date":"08/30/2016","jurisdiction":"AUSTIN FULL PURPOSE","contractor_zip":"78654","contractor_city":"Marble Falls","issuance_method":"Permit Center","contractor_phone":"5127846375","contractor_trade":"General Contractor","permit_type_desc":"Driveway / Sidewalks","master_permit_num":"11441683","fiscal_year_issued":"2016","permit_class_mapped":"Residential","contractor_address_1":"4866 TRAVIS","contractor_address_2":"MARBLE FALLS","contractor_full_name":"Bill Stone","issued_in_last_30_days":"No","property_legal_description":"LOT 8 *& S 10 FT OF LOT 7 BLK 9 PEMBERTON HEIGHTS SEC 2"},"geometry":{"type":"Point","coordinates":[-97.75506166,30.29609568]}},{"type":"Feature","properties":{"date":"2016-06-21T04:00:00.000Z","year":2016,"description":"Relocate 2803 sqft comm structure to 901 Shoal Cliff Court Austin TX 78705. Rear addition to be demolished prior to relocation. \n   See permit 2016-075497 for plumbing and water tap.","metadescription":"BP. Relocation. Relocate 2803 sqft comm structure to 901 Shoal Cliff Court Austin TX 78705. Rear addition to be demolished prior to relocation. \n   See permit 2016-075497 for plumbing and water tap.. Final. 507 W 23RD ST","address":"507 W 23RD ST","link":"https://abc.austintexas.gov/web/permit/public-search-other?t_detail=1&t_selected_folderrsn=11527822","tcad_id":"0212010412","location":"    (30.28636919, -97.74353868)","day_issued":"TUESDAY","project_id":"11527822","condominium":"No","status_date":"11/18/2016","jurisdiction":"AUSTIN FULL PURPOSE","applicant_zip":"78617","housing_units":"1","applicant_city":"Del Valle","contractor_zip":"78617","applicant_phone":"5122473901","contractor_city":"Del Valle","issuance_method":"Permit Center","contractor_phone":"5122473901","contractor_trade":"General Contractor","number_of_floors":"1","permit_type_desc":"Building Permit","master_permit_num":"11527130","fiscal_year_issued":"2016","applicant_address_1":"PO BOX 1242","applicant_full_name":"Walter Brown","permit_class_mapped":"Residential","contractor_address_1":"PO BOX 1242","contractor_full_name":"Walter Brown","applicant_organization":"Brown & Sons House Movers","issued_in_last_30_days":"No","certificate_of_occupancy":"No","total_existing_bldg_sqft":"2,803","property_legal_description":"LOT 13-15 OLT 34 DIV D HORSTS LOUIS SUBD"},"geometry":{"type":"Point","coordinates":[-97.74353868,30.28636919]}},{"type":"Feature","properties":{"date":"2016-04-15T04:00:00.000Z","year":2016,"description":"cap off water/waste water tap for total demo of home.  Circa 1940.","metadescription":"PP. Repair. cap off water/waste water tap for total demo of home.  Circa 1940.. Final. 2112 HOLLY ST","address":"2112 HOLLY ST","link":"https://abc.austintexas.gov/web/permit/public-search-other?t_detail=1&t_selected_folderrsn=11516032","tcad_id":"0202082401","location":"    (30.25239056, -97.72262241)","day_issued":"FRIDAY","project_id":"11516032","condominium":"No","status_date":"05/04/2016","jurisdiction":"AUSTIN FULL PURPOSE","housing_units":"1","issuance_method":"Permit Center","contractor_trade":"Plumbing Contractor","number_of_floors":"1","permit_type_desc":"Plumbing Permit","master_permit_num":"11483141","fiscal_year_issued":"2016","permit_class_mapped":"Residential","remodel_repair_sqft":"0","contractor_full_name":"George Christianson","issued_in_last_30_days":"No","certificate_of_occupancy":"No","plumbing_valuation_remodel":"$200.00"},"geometry":{"type":"Point","coordinates":[-97.72262241,30.25239056]}},{"type":"Feature","properties":{"date":"2016-02-09T05:00:00.000Z","year":2016,"description":"Run sewer line to Waste Water tap from a septic tank for an existing residence only.","metadescription":"PP. Cut Over/Tank Abandonment. Run sewer line to Waste Water tap from a septic tank for an existing residence only.. Final. 902 FLORADALE DR","address":"902 FLORADALE DR","link":"https://abc.austintexas.gov/web/permit/public-search-other?t_detail=1&t_selected_folderrsn=11482401","tcad_id":"0241220215","location":"    (30.36529043, -97.67963083)","day_issued":"TUESDAY","project_id":"11482401","condominium":"No","status_date":"02/22/2016","jurisdiction":"AUSTIN FULL PURPOSE","contractor_zip":"78612","contractor_city":"Cedar Creek","issuance_method":"Permit Center","contractor_phone":"5122938809","contractor_trade":"Plumbing Contractor","permit_type_desc":"Plumbing Permit","fiscal_year_issued":"2016","permit_class_mapped":"Residential","contractor_address_2":"4305  Tucker","contractor_full_name":"Faustino Fabela, Jr.","issued_in_last_30_days":"No","certificate_of_occupancy":"No","plumbing_valuation_remodel":"$5,800.00","property_legal_description":"LOT 15 BLK E NORTH ACRES SEC 3"},"geometry":{"type":"Point","coordinates":[-97.67963083,30.36529043]}},{"type":"Feature","properties":{"date":"2014-03-24T04:00:00.000Z","year":2014,"description":"Demo existing driveway approach to relocate due to water connection location.  Construct new driveway approach and close previous curb cut with 10 LF new C&G.  Shall meet all city standards.**nmt","metadescription":"DS. Modification. Demo existing driveway approach to relocate due to water connection location.  Construct new driveway approach and close previous curb cut with 10 LF new C&G.  Shall meet all city standards.**nmt. Expired. 2107 WOODMONT AVE","address":"2107 WOODMONT AVE","link":"https://abc.austintexas.gov/web/permit/public-search-other?t_detail=1&t_selected_folderrsn=11110615","tcad_id":"0114050720","location":"    (30.28958932, -97.76510757)","day_issued":"MONDAY","project_id":"11110615","status_date":"10/02/2014","jurisdiction":"AUSTIN FULL PURPOSE","issuance_method":"Permit Center","permit_type_desc":"Driveway / Sidewalks","fiscal_year_issued":"2014","permit_class_mapped":"Residential","issued_in_last_30_days":"No","property_legal_description":"LOT 1 BLK A WESTFIELD A RESUB OF .447AC OF LOTS 2 & 4 BLK 14"},"geometry":{"type":"Point","coordinates":[-97.76510757,30.28958932]}},{"type":"Feature","properties":{"date":"2014-02-12T05:00:00.000Z","year":2014,"description":"connect existing residence to city water tap 2 Mile ETJ","metadescription":"PP. Remodel. connect existing residence to city water tap 2 Mile ETJ. Final. 10008 MENCHACA RD","address":"10008 MENCHACA RD","link":"https://abc.austintexas.gov/web/permit/public-search-other?t_detail=1&t_selected_folderrsn=11087540","tcad_id":"0430210213","location":"    (30.17166316, -97.82498002)","day_issued":"WEDNESDAY","project_id":"11087540","condominium":"No","status_date":"05/09/2014","jurisdiction":"SB 2038 ETJ RELEASE","housing_units":"0","contractor_zip":"76008-____","contractor_city":"Aledo","issuance_method":"Permit Center","contractor_phone":"6824526455","contractor_trade":"Plumbing Contractor","number_of_floors":"0","permit_type_desc":"Plumbing Permit","fiscal_year_issued":"2014","permit_class_mapped":"Residential","contractor_address_2":"401  FM 1187","contractor_full_name":"Mark Goldstein","issued_in_last_30_days":"No","certificate_of_occupancy":"No","plumbing_valuation_remodel":"$1,500.00","property_legal_description":"ABS 27 SUR 2 WILSON W ACR 2.8903"},"geometry":{"type":"Point","coordinates":[-97.82498002,30.17166316]}},{"type":"Feature","properties":{"date":"2014-01-22T05:00:00.000Z","year":2014,"description":"isntall new irrigation system to new commecrial bldgs\ntapping in to existing water tap","metadescription":"PP. Irrigation. isntall new irrigation system to new commecrial bldgs\ntapping in to existing water tap. Final. 111 SANDRA MURAIDA WAY UNIT 1","address":"111 SANDRA MURAIDA WAY UNIT 1","link":"https://abc.austintexas.gov/web/permit/public-search-other?t_detail=1&t_selected_folderrsn=11078689","tcad_id":"0106020401","location":"    (30.26744207, -97.75475593)","day_issued":"WEDNESDAY","project_id":"11078689","condominium":"No","status_date":"08/29/2014","jurisdiction":"AUSTIN FULL PURPOSE","contractor_zip":"78735","contractor_city":"AUSTIN","issuance_method":"Permit Center","contractor_phone":"5127482083","contractor_trade":"General Contractor","permit_type_desc":"Plumbing Permit","master_permit_num":"10711189","fiscal_year_issued":"2014","permit_class_mapped":"Commercial","contractor_address_2":"4425 S MOPAC","contractor_full_name":"Greg Larremore","issued_in_last_30_days":"No","certificate_of_occupancy":"No","plumbing_valuation_remodel":"$23,500.00"},"geometry":{"type":"Point","coordinates":[-97.75475593,30.26744207]}},{"type":"Feature","properties":{"date":"2013-09-17T04:00:00.000Z","year":2013,"description":"connect to new water tap for unit B to existing One Story Duplex","metadescription":"PP. Remodel. connect to new water tap for unit B to existing One Story Duplex. Expired. 2502 BUCKS RUN UNIT B","address":"2502 BUCKS RUN UNIT B","link":"https://abc.austintexas.gov/web/permit/public-search-other?t_detail=1&t_selected_folderrsn=11018574","tcad_id":"0426010611","location":"    (30.18207144, -97.75923109)","day_issued":"TUESDAY","project_id":"11018574","condominium":"No","status_date":"03/17/2014","jurisdiction":"AUSTIN FULL PURPOSE","housing_units":"0","contractor_zip":"78753","contractor_city":"Austin","issuance_method":"Permit Center","contractor_phone":"5125674729","contractor_trade":"Plumbing Contractor","number_of_floors":"0","permit_type_desc":"Plumbing Permit","fiscal_year_issued":"2013","permit_class_mapped":"Residential","contractor_address_2":"11824  Shrop","contractor_full_name":"Dylan James Byrd","issued_in_last_30_days":"No","certificate_of_occupancy":"No","plumbing_valuation_remodel":"$300.00","property_legal_description":"LOT 19 *AMND LTS 14-1619-23 BLK L SOUTH CREEK SOUTH SEC 2 AMENDED PLAT OF"},"geometry":{"type":"Point","coordinates":[-97.75923109,30.18207144]}},{"type":"Feature","properties":{"date":"2012-09-26T04:00:00.000Z","year":2012,"description":"Replace Water & Waster Water Yard Line 6 Waste Water Connection. washer box & Clean Out\n  To existing residence (repermit of 2007-133467)","metadescription":"PP. Repair. Replace Water & Waster Water Yard Line 6 Waste Water Connection. washer box & Clean Out\n  To existing residence (repermit of 2007-133467). Final. 4123 HONEYCOMB ROCK CIR","address":"4123 HONEYCOMB ROCK CIR","link":"https://abc.austintexas.gov/web/permit/public-search-other?t_detail=1&t_selected_folderrsn=10834446","tcad_id":"0141050203","location":"    (30.36388185, -97.76499738)","day_issued":"WEDNESDAY","project_id":"10834446","condominium":"No","status_date":"10/16/2012","jurisdiction":"AUSTIN FULL PURPOSE","housing_units":"0","issuance_method":"Permit Center","contractor_trade":"Plumbing Contractor","number_of_floors":"0","permit_type_desc":"Plumbing Permit","fiscal_year_issued":"2012","permit_class_mapped":"Residential","remodel_repair_sqft":"0","contractor_full_name":"Benjamin Rivera","issued_in_last_30_days":"No","certificate_of_occupancy":"No","plumbing_valuation_remodel":"$3,000.00","property_legal_description":"LOT 24 BLK D NORTHWEST HILLS MESA OAKS PHS 1"},"geometry":{"type":"Point","coordinates":[-97.76499738,30.36388185]}},{"type":"Feature","properties":{"date":"2012-08-18T04:00:00.000Z","year":2012,"description":"New 2-story Condominium/Townhome Residence attached garage covered porch.  / DO NOT RELEASE WATER TAP - UNPAID REINSPECTION FEES","metadescription":"BP. New. New 2-story Condominium/Townhome Residence attached garage covered porch.  / DO NOT RELEASE WATER TAP - UNPAID REINSPECTION FEES. Final. 12204 TERRAZA CIR","address":"12204 TERRAZA CIR","link":"https://abc.austintexas.gov/web/permit/public-search-other?t_detail=1&t_selected_folderrsn=10814935","tcad_id":"0166280401","location":"    (30.42789589, -97.84484707)","day_issued":"SATURDAY","project_id":"10814935","condominium":"Yes","status_date":"03/25/2013","jurisdiction":"AUSTIN FULL PURPOSE","applicant_zip":"78759","housing_units":"1","applicant_city":"Austin","contractor_zip":"78759","total_lot_sqft":"4,055","applicant_phone":"5126107000 3","contractor_city":"Austin","issuance_method":"Permit Center","contractor_phone":"5126107000 3","contractor_trade":"General Contractor","number_of_floors":"2","permit_type_desc":"Building Permit","master_permit_num":"10814922","fiscal_year_issued":"2012","total_new_add_sqft":"2,702","applicant_address_2":"10721  resea","permit_class_mapped":"Residential","contractor_address_2":"10721  resea","applicant_organization":"ASHTON AUSTIN RESIDENTIAL, L.L.C.****MAIN***","issued_in_last_30_days":"No","certificate_of_occupancy":"Yes"},"geometry":{"type":"Point","coordinates":[-97.84484707,30.42789589]}},{"type":"Feature","properties":{"date":"2012-08-06T04:00:00.000Z","year":2012,"description":"Auxiliary Water Connection  backflow device required at meter with csi inspection before final","metadescription":"PP. Irrigation. Auxiliary Water Connection  backflow device required at meter with csi inspection before final. Final. 3928 BALCONES DR","address":"3928 BALCONES DR","link":"https://abc.austintexas.gov/web/permit/public-search-other?t_detail=1&t_selected_folderrsn=10808911","tcad_id":"0125050216","location":"    (30.31985578, -97.76808405)","day_issued":"MONDAY","project_id":"10808911","condominium":"No","status_date":"08/17/2012","jurisdiction":"AUSTIN FULL PURPOSE","issuance_method":"Permit Center","permit_type_desc":"Plumbing Permit","fiscal_year_issued":"2012","permit_class_mapped":"Residential","issued_in_last_30_days":"No","certificate_of_occupancy":"No","plumbing_valuation_remodel":"$2,225.00","property_legal_description":"LOT 4 BALCONES PARK ADDN SEC 4"},"geometry":{"type":"Point","coordinates":[-97.76808405,30.31985578]}},{"type":"Feature","properties":{"date":"2012-08-03T04:00:00.000Z","year":2012,"description":"New 2-story single-family residence attached garage covered porch.     / DO NOT RELEASE WATER TAP / UNPAID REINSPECTION FEES","metadescription":"BP. New. New 2-story single-family residence attached garage covered porch.     / DO NOT RELEASE WATER TAP / UNPAID REINSPECTION FEES. Final. 9617 SYDNEY MARILYN LN","address":"9617 SYDNEY MARILYN LN","link":"https://abc.austintexas.gov/web/permit/public-search-other?t_detail=1&t_selected_folderrsn=10806020","tcad_id":"0432111110","location":"    (30.16368172, -97.79678079)","day_issued":"FRIDAY","project_id":"10806020","condominium":"No","status_date":"02/13/2013","jurisdiction":"AUSTIN FULL PURPOSE","housing_units":"1","contractor_zip":"75093","total_lot_sqft":"5,744","contractor_city":"PLANO","issuance_method":"Permit Center","contractor_phone":"2146148664","contractor_trade":"General Contractor","number_of_floors":"2","permit_type_desc":"Building Permit","master_permit_num":"10804776","fiscal_year_issued":"2012","total_new_add_sqft":"2,862","permit_class_mapped":"Residential","contractor_address_1":"5512 W PLANO","contractor_address_2":"PLANO TX  75","issued_in_last_30_days":"No","certificate_of_occupancy":"Yes","property_legal_description":"LOT 12 BLK B RESERVE AT SOUTHPARK MEADOWS PHS 1B THE"},"geometry":{"type":"Point","coordinates":[-97.79678079,30.16368172]}},{"type":"Feature","properties":{"date":"2012-06-14T04:00:00.000Z","year":2012,"description":"Install water/wastewater on private property.  (This utility permit is limited to private property only.  No Conncectiion to public water/wastewater system is allowed with this permit.  A second utility permit will be required to connect to public w/ww services after sewer and water tap fees have been paid to AWU and PDRD)","metadescription":"PP. Remodel. Install water/wastewater on private property.  (This utility permit is limited to private property only.  No Conncectiion to public water/wastewater system is allowed with this permit.  A second utility permit will be required to connect to public w/ww services after sewer and water tap fees have been paid to AWU and PDRD). Final. 9503 BROWN LN","address":"9503 BROWN LN","link":"https://abc.austintexas.gov/web/permit/public-search-other?t_detail=1&t_selected_folderrsn=10774170","tcad_id":"0237260303","location":"    (30.35010949, -97.6697387)","day_issued":"THURSDAY","project_id":"10774170","condominium":"No","status_date":"11/15/2016","jurisdiction":"AUSTIN 2 MILE ETJ","housing_units":"0","contractor_zip":"78736","contractor_city":"Austin","issuance_method":"Permit Center","contractor_phone":"5127077027","contractor_trade":"Plumbing Contractor","number_of_floors":"0","permit_type_desc":"Plumbing Permit","fiscal_year_issued":"2012","permit_class_mapped":"Commercial","remodel_repair_sqft":"0","contractor_address_1":"9217 W HIGHW","contractor_address_2":"AUSTIN TX  7","contractor_full_name":"William Whatley","issued_in_last_30_days":"No","certificate_of_occupancy":"No","plumbing_valuation_remodel":"$60,625.00","property_legal_description":"ABS 29 SUR 58 APPLEGATE J ACR 5.4800"},"geometry":{"type":"Point","coordinates":[-97.6697387,30.35010949]}},{"type":"Feature","properties":{"date":"2011-02-28T05:00:00.000Z","year":2011,"description":"Install water tap & meter for TxDot project only.","metadescription":"PP. Remodel. Install water tap & meter for TxDot project only.. Expired. 6128 1/2 E US 290 HWY SVRD WB","address":"6128 1/2 E US 290 HWY SVRD WB","link":"https://abc.austintexas.gov/web/permit/public-search-other?t_detail=1&t_selected_folderrsn=10551893","location":"    (30.32279554, -97.70425702)","day_issued":"MONDAY","project_id":"10551893","condominium":"No","status_date":"08/28/2011","jurisdiction":"AUSTIN FULL PURPOSE","housing_units":"0","contractor_zip":"78947","contractor_city":"Lexington","issuance_method":"Permit Center","contractor_phone":"9797732550","contractor_trade":"Plumbing Contractor","number_of_floors":"0","permit_type_desc":"Plumbing Permit","fiscal_year_issued":"2011","permit_class_mapped":"Commercial","remodel_repair_sqft":"0","contractor_address_1":"1114 SHADY C","contractor_address_2":"LEXINGTON TX","contractor_full_name":"Frederick Carter","issued_in_last_30_days":"No","certificate_of_occupancy":"No","plumbing_valuation_remodel":"$1,048.00"},"geometry":{"type":"Point","coordinates":[-97.70425702,30.32279554]}},{"type":"Feature","properties":{"date":"2011-02-28T05:00:00.000Z","year":2011,"description":"Install water tap & meter for TxDot project only.","metadescription":"PP. Remodel. Install water tap & meter for TxDot project only.. Expired. 13507 1/2 N US 183 HWY NB","address":"13507 1/2 N US 183 HWY NB","link":"https://abc.austintexas.gov/web/permit/public-search-other?t_detail=1&t_selected_folderrsn=10551926","tcad_id":"R372505","location":"    (30.4505177, -97.79028416)","day_issued":"MONDAY","project_id":"10551926","condominium":"No","status_date":"08/28/2011","jurisdiction":"AUSTIN FULL PURPOSE","housing_units":"0","contractor_zip":"78947","contractor_city":"Lexington","issuance_method":"Permit Center","contractor_phone":"9797732550","contractor_trade":"Plumbing Contractor","number_of_floors":"0","permit_type_desc":"Plumbing Permit","fiscal_year_issued":"2011","permit_class_mapped":"Commercial","remodel_repair_sqft":"0","contractor_address_1":"1114 SHADY C","contractor_address_2":"LEXINGTON TX","contractor_full_name":"Frederick Carter","issued_in_last_30_days":"No","certificate_of_occupancy":"No","plumbing_valuation_remodel":"$1,048.00","property_legal_description":"DOCK SUB LOT 1 ACRES 0.613"},"geometry":{"type":"Point","coordinates":[-97.79028416,30.4505177]}},{"type":"Feature","properties":{"date":"2011-02-28T05:00:00.000Z","year":2011,"description":"Install water tap & meter for TxDot project only.","metadescription":"PP. Remodel. Install water tap & meter for TxDot project only.. Expired. 6310 1/2 E BEN WHITE BLVD SVRD WB","address":"6310 1/2 E BEN WHITE BLVD SVRD WB","link":"https://abc.austintexas.gov/web/permit/public-search-other?t_detail=1&t_selected_folderrsn=10551874","location":"    (30.21274314, -97.71111889)","day_issued":"MONDAY","project_id":"10551874","condominium":"No","status_date":"08/28/2011","jurisdiction":"AUSTIN FULL PURPOSE","housing_units":"0","contractor_zip":"78947","contractor_city":"Lexington","issuance_method":"Permit Center","contractor_phone":"9797732550","contractor_trade":"Plumbing Contractor","number_of_floors":"0","permit_type_desc":"Plumbing Permit","fiscal_year_issued":"2011","permit_class_mapped":"Commercial","remodel_repair_sqft":"0","contractor_address_1":"1114 SHADY C","contractor_address_2":"LEXINGTON TX","contractor_full_name":"Frederick Carter","issued_in_last_30_days":"No","certificate_of_occupancy":"No","plumbing_valuation_remodel":"$1,048.00"},"geometry":{"type":"Point","coordinates":[-97.71111889,30.21274314]}},{"type":"Feature","properties":{"date":"2011-02-28T05:00:00.000Z","year":2011,"description":"Install water tap & meter for TxDot project only.","metadescription":"PP. Remodel. Install water tap & meter for TxDot project only.. Expired. 6816 1/2 E US 290 HWY SVRD WB","address":"6816 1/2 E US 290 HWY SVRD WB","link":"https://abc.austintexas.gov/web/permit/public-search-other?t_detail=1&t_selected_folderrsn=10551901","location":"    (30.32199468, -97.68965414)","day_issued":"MONDAY","project_id":"10551901","condominium":"No","status_date":"08/28/2011","jurisdiction":"AUSTIN FULL PURPOSE","housing_units":"0","contractor_zip":"78947","contractor_city":"Lexington","issuance_method":"Permit Center","contractor_phone":"9797732550","contractor_trade":"Plumbing Contractor","number_of_floors":"0","permit_type_desc":"Plumbing Permit","fiscal_year_issued":"2011","permit_class_mapped":"Commercial","remodel_repair_sqft":"0","contractor_address_1":"1114 SHADY C","contractor_address_2":"LEXINGTON TX","contractor_full_name":"Frederick Carter","issued_in_last_30_days":"No","certificate_of_occupancy":"No","plumbing_valuation_remodel":"$1,048.00"},"geometry":{"type":"Point","coordinates":[-97.68965414,30.32199468]}},{"type":"Feature","properties":{"date":"2011-02-28T05:00:00.000Z","year":2011,"description":"Install water tap & meter for TxDot project only.","metadescription":"PP. Remodel. Install water tap & meter for TxDot project only.. Expired. 633 1/2 E KOENIG LN","address":"633 1/2 E KOENIG LN","link":"https://abc.austintexas.gov/web/permit/public-search-other?t_detail=1&t_selected_folderrsn=10551888","location":"    (30.31978765, -97.71330759)","day_issued":"MONDAY","project_id":"10551888","condominium":"No","status_date":"08/28/2011","jurisdiction":"AUSTIN FULL PURPOSE","housing_units":"0","contractor_zip":"78947","contractor_city":"Lexington","issuance_method":"Permit Center","contractor_phone":"9797732550","contractor_trade":"Plumbing Contractor","number_of_floors":"0","permit_type_desc":"Plumbing Permit","fiscal_year_issued":"2011","permit_class_mapped":"Commercial","remodel_repair_sqft":"0","contractor_address_1":"1114 SHADY C","contractor_address_2":"LEXINGTON TX","contractor_full_name":"Frederick Carter","issued_in_last_30_days":"No","certificate_of_occupancy":"No","plumbing_valuation_remodel":"$1,048.00"},"geometry":{"type":"Point","coordinates":[-97.71330759,30.31978765]}},{"type":"Feature","properties":{"date":"2011-02-28T05:00:00.000Z","year":2011,"description":"Install water tap & meter for TxDot project only.","metadescription":"PP. Remodel. Install water tap & meter for TxDot project only.. Expired. 6422 1/2 E US 290 HWY SVRD WB","address":"6422 1/2 E US 290 HWY SVRD WB","link":"https://abc.austintexas.gov/web/permit/public-search-other?t_detail=1&t_selected_folderrsn=10551898","tcad_id":"0227160303","location":"    (30.32203519, -97.69616171)","day_issued":"MONDAY","project_id":"10551898","condominium":"No","status_date":"08/28/2011","jurisdiction":"AUSTIN FULL PURPOSE","housing_units":"0","contractor_zip":"78947","contractor_city":"Lexington","issuance_method":"Permit Center","contractor_phone":"9797732550","contractor_trade":"Plumbing Contractor","number_of_floors":"0","permit_type_desc":"Plumbing Permit","fiscal_year_issued":"2011","permit_class_mapped":"Commercial","remodel_repair_sqft":"0","contractor_address_1":"1114 SHADY C","contractor_address_2":"LEXINGTON TX","contractor_full_name":"Frederick Carter","issued_in_last_30_days":"No","certificate_of_occupancy":"No","plumbing_valuation_remodel":"$1,048.00","property_legal_description":"LOT 2 LA COSTA PHS 3-C"},"geometry":{"type":"Point","coordinates":[-97.69616171,30.32203519]}},{"type":"Feature","properties":{"date":"2011-02-28T05:00:00.000Z","year":2011,"description":"Install water tap & meter for TxDot project only.","metadescription":"PP. Remodel. Install water tap & meter for TxDot project only.. Expired. 6817 1/2 E US 290 HWY SVRD EB","address":"6817 1/2 E US 290 HWY SVRD EB","link":"https://abc.austintexas.gov/web/permit/public-search-other?t_detail=1&t_selected_folderrsn=10551904","location":"    (30.32075235, -97.68942821)","day_issued":"MONDAY","project_id":"10551904","condominium":"No","status_date":"08/28/2011","jurisdiction":"AUSTIN FULL PURPOSE","housing_units":"0","contractor_zip":"78947","contractor_city":"Lexington","issuance_method":"Permit Center","contractor_phone":"9797732550","contractor_trade":"Plumbing Contractor","number_of_floors":"0","permit_type_desc":"Plumbing Permit","fiscal_year_issued":"2011","permit_class_mapped":"Commercial","remodel_repair_sqft":"0","contractor_address_1":"1114 SHADY C","contractor_address_2":"LEXINGTON TX","contractor_full_name":"Frederick Carter","issued_in_last_30_days":"No","certificate_of_occupancy":"No","plumbing_valuation_remodel":"$1,048.00"},"geometry":{"type":"Point","coordinates":[-97.68942821,30.32075235]}},{"type":"Feature","properties":{"date":"2011-02-28T05:00:00.000Z","year":2011,"description":"Install water tap & meter for TxDot project only.","metadescription":"PP. Remodel. Install water tap & meter for TxDot project only.. Expired. 4516 1/2 E BEN WHITE BLVD SVRD WB","address":"4516 1/2 E BEN WHITE BLVD SVRD WB","link":"https://abc.austintexas.gov/web/permit/public-search-other?t_detail=1&t_selected_folderrsn=10551868","tcad_id":"0314060104","location":"    (30.21538453, -97.73193863)","day_issued":"MONDAY","project_id":"10551868","condominium":"No","status_date":"08/28/2011","jurisdiction":"AUSTIN FULL PURPOSE","housing_units":"0","contractor_zip":"78947","contractor_city":"Lexington","issuance_method":"Permit Center","contractor_phone":"9797732550","contractor_trade":"Plumbing Contractor","number_of_floors":"0","permit_type_desc":"Plumbing Permit","fiscal_year_issued":"2011","permit_class_mapped":"Commercial","remodel_repair_sqft":"0","contractor_address_1":"1114 SHADY C","contractor_address_2":"LEXINGTON TX","contractor_full_name":"Frederick Carter","issued_in_last_30_days":"No","certificate_of_occupancy":"No","plumbing_valuation_remodel":"$1,047.00","property_legal_description":"LOT A KIEFER ADDN"},"geometry":{"type":"Point","coordinates":[-97.73193863,30.21538453]}},{"type":"Feature","properties":{"date":"2011-02-28T05:00:00.000Z","year":2011,"description":"Install water tap & meter for TxDot project only.","metadescription":"PP. Remodel. Install water tap & meter for TxDot project only.. Expired. 6907 1/2 E US 290 HWY SVRD EB","address":"6907 1/2 E US 290 HWY SVRD EB","link":"https://abc.austintexas.gov/web/permit/public-search-other?t_detail=1&t_selected_folderrsn=10551910","tcad_id":"0225200203","location":"    (30.32113195, -97.68623166)","day_issued":"MONDAY","project_id":"10551910","condominium":"No","status_date":"08/28/2011","jurisdiction":"AUSTIN FULL PURPOSE","housing_units":"0","contractor_zip":"78947","contractor_city":"Lexington","issuance_method":"Permit Center","contractor_phone":"9797732550","contractor_trade":"Plumbing Contractor","number_of_floors":"0","permit_type_desc":"Plumbing Permit","fiscal_year_issued":"2011","permit_class_mapped":"Commercial","remodel_repair_sqft":"0","contractor_address_1":"1114 SHADY C","contractor_address_2":"LEXINGTON TX","contractor_full_name":"Frederick Carter","issued_in_last_30_days":"No","certificate_of_occupancy":"No","plumbing_valuation_remodel":"$1,048.00","property_legal_description":"TRT 1 KIRBY ADDN & LOT 4A NORTHEAST TERRACE SUBD & 0.1873 AC ABS 789 SUR 57 WALLACE J P"},"geometry":{"type":"Point","coordinates":[-97.68623166,30.32113195]}},{"type":"Feature","properties":{"date":"2011-02-28T05:00:00.000Z","year":2011,"description":"Install water tap & meter for TxDot project only.","metadescription":"PP. Remodel. Install water tap & meter for TxDot project only.. Expired. 6225 1/2 E US 290 HWY SVRD EB","address":"6225 1/2 E US 290 HWY SVRD EB","link":"https://abc.austintexas.gov/web/permit/public-search-other?t_detail=1&t_selected_folderrsn=10551896","tcad_id":"0225150331","location":"    (30.3214025, -97.70124198)","day_issued":"MONDAY","project_id":"10551896","condominium":"No","status_date":"08/28/2011","jurisdiction":"AUSTIN FULL PURPOSE","housing_units":"0","contractor_zip":"78947","contractor_city":"Lexington","issuance_method":"Permit Center","contractor_phone":"9797732550","contractor_trade":"Plumbing Contractor","number_of_floors":"0","permit_type_desc":"Plumbing Permit","fiscal_year_issued":"2011","permit_class_mapped":"Commercial","remodel_repair_sqft":"0","contractor_address_1":"1114 SHADY C","contractor_address_2":"LEXINGTON TX","contractor_full_name":"Frederick Carter","issued_in_last_30_days":"No","certificate_of_occupancy":"No","plumbing_valuation_remodel":"$1,048.00","property_legal_description":"LOT A TEXAS HOSPITAL ASSOCIATION SUBD"},"geometry":{"type":"Point","coordinates":[-97.70124198,30.3214025]}},{"type":"Feature","properties":{"date":"2011-02-28T05:00:00.000Z","year":2011,"description":"Install water tap & meter for TxDot project only.","metadescription":"PP. Remodel. Install water tap & meter for TxDot project only.. Expired. 2250 1/2 E BEN WHITE BLVD SVRD WB","address":"2250 1/2 E BEN WHITE BLVD SVRD WB","link":"https://abc.austintexas.gov/web/permit/public-search-other?t_detail=1&t_selected_folderrsn=10551860","tcad_id":"0313040714","location":"    (30.21631062, -97.73895038)","day_issued":"MONDAY","project_id":"10551860","condominium":"No","status_date":"08/28/2011","jurisdiction":"AUSTIN FULL PURPOSE","housing_units":"0","contractor_zip":"78947","contractor_city":"Lexington","issuance_method":"Permit Center","contractor_phone":"9797732550","contractor_trade":"Plumbing Contractor","number_of_floors":"0","permit_type_desc":"Plumbing Permit","fiscal_year_issued":"2011","permit_class_mapped":"Commercial","remodel_repair_sqft":"0","contractor_address_1":"1114 SHADY C","contractor_address_2":"LEXINGTON TX","contractor_full_name":"Frederick Carter","issued_in_last_30_days":"No","certificate_of_occupancy":"No","plumbing_valuation_remodel":"$1,048.00","property_legal_description":"LOT 1A STRUHALL R L SUBD"},"geometry":{"type":"Point","coordinates":[-97.73895038,30.21631062]}},{"type":"Feature","properties":{"date":"2011-02-28T05:00:00.000Z","year":2011,"description":"Install water tap & meter for TxDot project only.","metadescription":"PP. Remodel. Install water tap & meter for TxDot project only.. Expired. 13401 1/2 N US 183 HWY SVRD NB","address":"13401 1/2 N US 183 HWY SVRD NB","link":"https://abc.austintexas.gov/web/permit/public-search-other?t_detail=1&t_selected_folderrsn=10551930","tcad_id":"R413945","location":"    (30.44702159, -97.78915111)","day_issued":"MONDAY","project_id":"10551930","condominium":"No","status_date":"08/28/2011","jurisdiction":"AUSTIN FULL PURPOSE","housing_units":"0","contractor_zip":"78947","contractor_city":"Lexington","issuance_method":"Permit Center","contractor_phone":"9797732550","contractor_trade":"Plumbing Contractor","number_of_floors":"0","permit_type_desc":"Plumbing Permit","fiscal_year_issued":"2011","permit_class_mapped":"Commercial","remodel_repair_sqft":"0","contractor_address_1":"1114 SHADY C","contractor_address_2":"LEXINGTON TX","contractor_full_name":"Frederick Carter","issued_in_last_30_days":"No","certificate_of_occupancy":"No","plumbing_valuation_remodel":"$1,048.00","property_legal_description":"S7692 - Anderson Arbor 2 BLOCK A Lot 4 ACRES 1.245"},"geometry":{"type":"Point","coordinates":[-97.78915111,30.44702159]}},{"type":"Feature","properties":{"date":"2011-02-28T05:00:00.000Z","year":2011,"description":"Install water tap & meter for TxDot project only.","metadescription":"PP. Remodel. Install water tap & meter for TxDot project only.. Expired. 6910 1/2 E US 290 HWY SVRD WB","address":"6910 1/2 E US 290 HWY SVRD WB","link":"https://abc.austintexas.gov/web/permit/public-search-other?t_detail=1&t_selected_folderrsn=10551909","location":"    (30.32205181, -97.68749041)","day_issued":"MONDAY","project_id":"10551909","condominium":"No","status_date":"08/28/2011","jurisdiction":"AUSTIN FULL PURPOSE","housing_units":"0","contractor_zip":"78947","contractor_city":"Lexington","issuance_method":"Permit Center","contractor_phone":"9797732550","contractor_trade":"Plumbing Contractor","number_of_floors":"0","permit_type_desc":"Plumbing Permit","fiscal_year_issued":"2011","permit_class_mapped":"Commercial","remodel_repair_sqft":"0","contractor_address_1":"1114 SHADY C","contractor_address_2":"LEXINGTON TX","contractor_full_name":"Frederick Carter","issued_in_last_30_days":"No","certificate_of_occupancy":"No","plumbing_valuation_remodel":"$1,048.00"},"geometry":{"type":"Point","coordinates":[-97.68749041,30.32205181]}},{"type":"Feature","properties":{"date":"2010-10-13T04:00:00.000Z","year":2010,"description":"Install new water tap to side B of the existing duplex only.","metadescription":"PP. Remodel. Install new water tap to side B of the existing duplex only.. Expired. 4409 BLUE MEADOW DR BLDG B","address":"4409 BLUE MEADOW DR BLDG B","link":"https://abc.austintexas.gov/web/permit/public-search-other?t_detail=1&t_selected_folderrsn=10502268","tcad_id":"0426011305","location":"    (30.17957285, -97.75889246)","day_issued":"WEDNESDAY","project_id":"10502268","condominium":"No","status_date":"04/28/2011","jurisdiction":"AUSTIN FULL PURPOSE","applicant_zip":"78748","housing_units":"0","applicant_city":"Austin","contractor_zip":"78748","applicant_phone":"5125074390","contractor_city":"Austin","issuance_method":"Permit Center","contractor_phone":"5125074390","contractor_trade":"Plumbing Contractor","number_of_floors":"0","permit_type_desc":"Plumbing Permit","fiscal_year_issued":"2011","applicant_address_2":"612  Hyde Pa","applicant_full_name":"James Garcia","permit_class_mapped":"Residential","contractor_address_2":"612  Hyde Pa","contractor_full_name":"James Garcia","applicant_organization":"Garcia Plumbing","issued_in_last_30_days":"No","certificate_of_occupancy":"No","plumbing_valuation_remodel":"$150.00","property_legal_description":"LOT 22 BLK N INDIAN HILLS SEC 5 AMENDED PLAT"},"geometry":{"type":"Point","coordinates":[-97.75889246,30.17957285]}},{"type":"Feature","properties":{"date":"2010-10-13T04:00:00.000Z","year":2010,"description":"Install new water tap to side B of the existing duplex only.","metadescription":"PP. Remodel. Install new water tap to side B of the existing duplex only.. Expired. 4415 BLUE MEADOW DR BLDG B","address":"4415 BLUE MEADOW DR BLDG B","link":"https://abc.austintexas.gov/web/permit/public-search-other?t_detail=1&t_selected_folderrsn=10502262","tcad_id":"0426011308","location":"    (30.17933426, -97.75837965)","day_issued":"WEDNESDAY","project_id":"10502262","condominium":"No","status_date":"05/02/2011","jurisdiction":"AUSTIN FULL PURPOSE","housing_units":"0","contractor_zip":"78748","contractor_city":"Austin","issuance_method":"Permit Center","contractor_phone":"5125074390","contractor_trade":"Plumbing Contractor","number_of_floors":"0","permit_type_desc":"Plumbing Permit","fiscal_year_issued":"2011","permit_class_mapped":"Residential","contractor_address_2":"612  Hyde Pa","contractor_full_name":"James Garcia","issued_in_last_30_days":"No","certificate_of_occupancy":"No","plumbing_valuation_remodel":"$150.00","property_legal_description":"LOT 25 BLK N INDIAN HILLS SEC 5 AMENDED PLAT"},"geometry":{"type":"Point","coordinates":[-97.75837965,30.17933426]}},{"type":"Feature","properties":{"date":"2009-07-22T04:00:00.000Z","year":2009,"description":"Add 2nd Fl 3 Bedrooms 2 Bathrooms Closets & Hallway ( 4 Bathrooms 3/4 Meter) See expired permit 2006-002025-bp. Full downstairs remodel. Work to include sheetrock interior wall demolition fixture replacement. MEP permits required. //CUSTOMER BRENT HARRELL CAME IN ASKING ABOUT UPGRADING EXISTING METER BECAUSE OF # OF BATHROOMS (6) NOT 4 LIKE PLUMBING PERMIT SHOWS.  6 BATHROOMS=1MTR.WATER TAP INSPECTION IS REQUIRED BY AWU.//H.RUIZ 9/28/09.//","metadescription":"BP. Addition and Remodel. Add 2nd Fl 3 Bedrooms 2 Bathrooms Closets & Hallway ( 4 Bathrooms 3/4 Meter) See expired permit 2006-002025-bp. Full downstairs remodel. Work to include sheetrock interior wall demolition fixture replacement. MEP permits required. //CUSTOMER BRENT HARRELL CAME IN ASKING ABOUT UPGRADING EXISTING METER BECAUSE OF # OF BATHROOMS (6) NOT 4 LIKE PLUMBING PERMIT SHOWS.  6 BATHROOMS=1MTR.WATER TAP INSPECTION IS REQUIRED BY AWU.//H.RUIZ 9/28/09.//. Final. 3901 WATERSEDGE DR","address":"3901 WATERSEDGE DR","link":"https://abc.austintexas.gov/web/permit/public-search-other?t_detail=1&t_selected_folderrsn=10314387","tcad_id":"0125070123","location":"    (30.32081594, -97.77484282)","day_issued":"WEDNESDAY","project_id":"10314387","condominium":"No","status_date":"08/25/2011","jurisdiction":"AUSTIN FULL PURPOSE","applicant_zip":"78755","housing_units":"1","applicant_city":"AUSTIN","contractor_zip":"78755","total_lot_sqft":"67,518","applicant_phone":"7136146904","contractor_city":"AUSTIN","issuance_method":"Permit Center","contractor_phone":"7136146904","contractor_trade":"General Contractor","number_of_floors":"2","permit_type_desc":"Building Permit","master_permit_num":"10314369","fiscal_year_issued":"2009","total_new_add_sqft":"1,390","applicant_address_1":"PO BOX 29898","applicant_address_2":"AUSTIN TX  7","applicant_full_name":"Brent Harrell","permit_class_mapped":"Residential","contractor_address_1":"PO BOX 29898","contractor_address_2":"AUSTIN TX  7","contractor_full_name":"Brent Harrell","applicant_organization":"Harrell and Company Builders, LLC","issued_in_last_30_days":"No","total_valuation_remodel":"$200,000.00","certificate_of_occupancy":"Yes","building_valuation_remodel":"$170,000.00","plumbing_valuation_remodel":"$10,000.00","property_legal_description":"LOT 1 WATERSEDGE SEC 2-A AMENDED PLAT OF","electrical_valuation_remodel":"$10,000.00","mechanical_valuation_remodel":"$10,000.00"},"geometry":{"type":"Point","coordinates":[-97.77484282,30.32081594]}},{"type":"Feature","properties":{"date":"2008-10-14T04:00:00.000Z","year":2008,"description":"Install outside underground water and wastewater utilities\nWATER TAP INSP NOT REQUIRED-PROJECT ALREADY ACCEPTED 10/2008","metadescription":"PP. Remodel. Install outside underground water and wastewater utilities\nWATER TAP INSP NOT REQUIRED-PROJECT ALREADY ACCEPTED 10/2008. Final. 5817 WILCAB RD","address":"5817 WILCAB RD","link":"https://abc.austintexas.gov/web/permit/public-search-other?t_detail=1&t_selected_folderrsn=10202220","tcad_id":"0209230117","location":"    (30.27290686, -97.67533543)","day_issued":"TUESDAY","project_id":"10202220","condominium":"No","status_date":"10/21/2008","jurisdiction":"AUSTIN FULL PURPOSE","housing_units":"0","contractor_zip":"78613-3105","contractor_city":"Cedar Park","issuance_method":"Permit Center","contractor_phone":"5123311217","contractor_trade":"Plumbing Contractor","number_of_floors":"0","permit_type_desc":"Plumbing Permit","fiscal_year_issued":"2009","permit_class_mapped":"Commercial","remodel_repair_sqft":"0","contractor_address_1":"701 BRUSHY C","contractor_address_2":"CEDAR PARK T","contractor_full_name":"Joe Miller","issued_in_last_30_days":"No","certificate_of_occupancy":"No","plumbing_valuation_remodel":"$4,000.00","property_legal_description":"LOT 4 WILCAB COMMERCIAL PARK"},"geometry":{"type":"Point","coordinates":[-97.67533543,30.27290686]}},{"type":"Feature","properties":{"date":"2007-08-08T04:00:00.000Z","year":2007,"description":"REPAIR EXISTING FOUNDATION TO RESIDENCE (WATER TAP RECIEPT#6342)","metadescription":"BP. Remodel. REPAIR EXISTING FOUNDATION TO RESIDENCE (WATER TAP RECIEPT#6342). Final. 4009 AVENUE D","address":"4009 AVENUE D","link":"https://abc.austintexas.gov/web/permit/public-search-other?t_detail=1&t_selected_folderrsn=10058747","tcad_id":"0219060405","location":"    (30.30406277, -97.73229637)","day_issued":"WEDNESDAY","project_id":"10058747","condominium":"No","status_date":"10/09/2008","jurisdiction":"AUSTIN FULL PURPOSE","applicant_zip":"78723","housing_units":"1","applicant_city":"AUSTIN","contractor_zip":"78723","applicant_phone":"5124445438","contractor_city":"AUSTIN","issuance_method":"Permit Center","contractor_phone":"5124445438","contractor_trade":"General Contractor","number_of_floors":"1","permit_type_desc":"Building Permit","master_permit_num":"10058738","fiscal_year_issued":"2007","applicant_address_2":"1120 E 52ND","permit_class_mapped":"Residential","remodel_repair_sqft":"0","contractor_address_2":"1120 E 52ND","applicant_organization":"We Level It    {formally Centex House Leveling***MAIN****}","issued_in_last_30_days":"No","total_valuation_remodel":"$14,000.00","certificate_of_occupancy":"No","building_valuation_remodel":"$14,000.00","plumbing_valuation_remodel":"$0.00","property_legal_description":"LOT 7-8 BLK 33 HYDE PARK ADDN NO 1","electrical_valuation_remodel":"$0.00","mechanical_valuation_remodel":"$0.00"},"geometry":{"type":"Point","coordinates":[-97.73229637,30.30406277]}},{"type":"Feature","properties":{"date":"2007-07-18T04:00:00.000Z","year":2007,"description":"Installation of 1/2 RP2 backflow preventor. Fresh water connection for pool tied in from existing hose bibb.","metadescription":"PP. Remodel. Installation of 1/2 RP2 backflow preventor. Fresh water connection for pool tied in from existing hose bibb.. Final. 5314 N SCOUT ISLAND CIR","address":"5314 N SCOUT ISLAND CIR","link":"https://abc.austintexas.gov/web/permit/public-search-other?t_detail=1&t_selected_folderrsn=10053252","tcad_id":"0138110509","location":"    (30.35565975, -97.78547508)","day_issued":"WEDNESDAY","project_id":"10053252","condominium":"No","status_date":"10/09/2008","jurisdiction":"AUSTIN FULL PURPOSE","housing_units":"0","contractor_zip":"78664","contractor_city":"Round Rock","issuance_method":"Permit Center","contractor_phone":"5123463288","contractor_trade":"General Contractor","number_of_floors":"0","permit_type_desc":"Plumbing Permit","master_permit_num":"10029205","fiscal_year_issued":"2007","permit_class_mapped":"Residential","contractor_address_2":"3467  Gattis","contractor_full_name":"Craig Johnson","issued_in_last_30_days":"No","certificate_of_occupancy":"No","plumbing_valuation_remodel":"$1,700.00","property_legal_description":"LOT 22 COURTYARD PHS 3-C THE"},"geometry":{"type":"Point","coordinates":[-97.78547508,30.35565975]}},{"type":"Feature","properties":{"date":"2007-07-18T04:00:00.000Z","year":2007,"description":"New 2-story single-family residence attached garage covered porch and patio.  **RESOLUTION #000420-76 WAIVES FEES FOR THIS SMART HOUSING PROJECT**.  The water tap is passed on the plbg process","metadescription":"BP. New. New 2-story single-family residence attached garage covered porch and patio.  **RESOLUTION #000420-76 WAIVES FEES FOR THIS SMART HOUSING PROJECT**.  The water tap is passed on the plbg process. Final. 9008 SPICELAND CIR","address":"9008 SPICELAND CIR","link":"https://abc.austintexas.gov/web/permit/public-search-other?t_detail=1&t_selected_folderrsn=10053159","tcad_id":"0209380203","location":"    (30.27461519, -97.63299446)","day_issued":"WEDNESDAY","project_id":"10053159","condominium":"No","status_date":"07/20/2010","jurisdiction":"AUSTIN FULL PURPOSE","housing_units":"1","contractor_zip":"78727","total_lot_sqft":"6,389","contractor_city":"Austin","issuance_method":"Permit Center","contractor_phone":"5127950170","contractor_trade":"General Contractor","number_of_floors":"2","permit_type_desc":"Building Permit","master_permit_num":"10052284","fiscal_year_issued":"2007","total_new_add_sqft":"2,625","permit_class_mapped":"Residential","contractor_address_2":"12301 B  Ria","issued_in_last_30_days":"No","certificate_of_occupancy":"Yes","property_legal_description":"LOT 15 BLK A WOODLANDS SEC 1 THE"},"geometry":{"type":"Point","coordinates":[-97.63299446,30.27461519]}},{"type":"Feature","properties":{"date":"2007-07-09T04:00:00.000Z","year":2007,"description":"Replace Water & Waster Water Yard Line 6 Waste Water Connection. washer box & Clean Out\n  To existing residence  (See 2012-097753)","metadescription":"PP. Repair. Replace Water & Waster Water Yard Line 6 Waste Water Connection. washer box & Clean Out\n  To existing residence  (See 2012-097753). VOID. 4123 HONEYCOMB ROCK CIR","address":"4123 HONEYCOMB ROCK CIR","link":"https://abc.austintexas.gov/web/permit/public-search-other?t_detail=1&t_selected_folderrsn=10048640","tcad_id":"0141050203","location":"    (30.36388185, -97.76499738)","day_issued":"MONDAY","project_id":"10048640","condominium":"No","status_date":"09/26/2012","jurisdiction":"AUSTIN FULL PURPOSE","housing_units":"0","contractor_zip":"78650-____","contractor_city":"MCDADE","issuance_method":"Permit Center","contractor_phone":"5125438171","contractor_trade":"Plumbing Contractor","number_of_floors":"0","permit_type_desc":"Plumbing Permit","fiscal_year_issued":"2007","permit_class_mapped":"Residential","remodel_repair_sqft":"0","contractor_address_2":"2416 E HWY 2","contractor_full_name":"Robbie Carter","issued_in_last_30_days":"No","certificate_of_occupancy":"No","plumbing_valuation_remodel":"$3,000.00","property_legal_description":"LOT 24 BLK D NORTHWEST HILLS MESA OAKS PHS 1"},"geometry":{"type":"Point","coordinates":[-97.76499738,30.36388185]}},{"type":"Feature","properties":{"date":"2007-01-02T05:00:00.000Z","year":2007,"description":"New Two Story Sf Res W/ Attached Garage CovD Patio & CovD Porch.//\nWater Tap Insp taken off because it is private water not COA.//H.Ruiz 8/25/08","metadescription":"BP. New. New Two Story Sf Res W/ Attached Garage CovD Patio & CovD Porch.//\nWater Tap Insp taken off because it is private water not COA.//H.Ruiz 8/25/08. Final. 8400 BIG VIEW DR","address":"8400 BIG VIEW DR","link":"https://abc.austintexas.gov/web/permit/public-search-other?t_detail=1&t_selected_folderrsn=763429","tcad_id":"0137360402","location":"    (30.35170574, -97.86869704)","day_issued":"TUESDAY","project_id":"763429","condominium":"No","status_date":"08/28/2008","jurisdiction":"AUSTIN FULL PURPOSE","housing_units":"1","contractor_zip":"78703","contractor_city":"Austin","issuance_method":"Permit Center","contractor_phone":"5124484838","contractor_trade":"General Contractor","number_of_floors":"2","permit_type_desc":"Building Permit","master_permit_num":"279883","fiscal_year_issued":"2007","total_new_add_sqft":"7,771","permit_class_mapped":"Residential","contractor_address_2":"1018  11th","contractor_full_name":"Beth Lasita","issued_in_last_30_days":"No","certificate_of_occupancy":"Yes","property_legal_description":"LOT 31 BLK M RIVER PLACE SEC 16"},"geometry":{"type":"Point","coordinates":[-97.86869704,30.35170574]}},{"type":"Feature","properties":{"date":"2006-10-20T04:00:00.000Z","year":2006,"description":"Elec Srv For Resid Subdivision Enterance  For Lighting And Irrigation. Only **Need Water Tap #S For Irrigation**","metadescription":"EP. Remodel. Elec Srv For Resid Subdivision Enterance  For Lighting And Irrigation. Only **Need Water Tap #S For Irrigation**. Final. 112 1/2 CAMPERDOWN ELM DR","address":"112 1/2 CAMPERDOWN ELM DR","link":"https://abc.austintexas.gov/web/permit/public-search-other?t_detail=1&t_selected_folderrsn=4387567","tcad_id":"0436130402","location":"    (30.15435369, -97.80071569)","day_issued":"FRIDAY","project_id":"4387567","condominium":"No","status_date":"03/05/2007","jurisdiction":"AUSTIN FULL PURPOSE","contractor_zip":"78613","contractor_city":"Cedar Park","issuance_method":"Permit Center","contractor_phone":"5123375829","contractor_trade":"Electrical Contractor","permit_type_desc":"Electrical Permit","fiscal_year_issued":"2007","permit_class_mapped":"Commercial","contractor_address_2":"1204  Rice","contractor_full_name":"Dean Heier","issued_in_last_30_days":"No","certificate_of_occupancy":"No","property_legal_description":"LOT 21A BLK A OAK AT TWIN CREEKS SEC 3 THE (LANDSCAPE)"},"geometry":{"type":"Point","coordinates":[-97.80071569,30.15435369]}},{"type":"Feature","properties":{"date":"2005-12-22T05:00:00.000Z","year":2005,"description":"Install Back Flow Device For Cross Connection W/Rain Water Connection To Exst Resid","metadescription":"PP. Remodel. Install Back Flow Device For Cross Connection W/Rain Water Connection To Exst Resid. Final. 1711 ULIT AVE","address":"1711 ULIT AVE","link":"https://abc.austintexas.gov/web/permit/public-search-other?t_detail=1&t_selected_folderrsn=3772184","tcad_id":"0210120606","location":"    (30.2799208, -97.71194325)","day_issued":"THURSDAY","project_id":"3772184","condominium":"No","status_date":"03/05/2007","jurisdiction":"AUSTIN FULL PURPOSE","contractor_zip":"78646","contractor_city":"Leander","issuance_method":"Permit Center","contractor_phone":"5122595754","contractor_trade":"Plumbing Contractor","permit_type_desc":"Plumbing Permit","fiscal_year_issued":"2006","permit_class_mapped":"Residential","contractor_address_1":"P.O. BOX 871","contractor_address_2":"LEANDER TX","contractor_full_name":"Roger L Patterson","issued_in_last_30_days":"No","certificate_of_occupancy":"No","property_legal_description":"LOT 1 BLK 8 OLT 31 DIV B ULIT H SECOND ADDN"},"geometry":{"type":"Point","coordinates":[-97.71194325,30.2799208]}},{"type":"Feature","properties":{"date":"2003-03-26T05:00:00.000Z","year":2003,"description":"Water Tap To Island To Connect Hose Bib Only","metadescription":"PP. Remodel. Water Tap To Island To Connect Hose Bib Only. Final. 5117 1/2 EVANS AVE","address":"5117 1/2 EVANS AVE","link":"https://abc.austintexas.gov/web/permit/public-search-other?t_detail=1&t_selected_folderrsn=3747392","tcad_id":"0223092001","location":"    (30.31463266, -97.71838653)","day_issued":"WEDNESDAY","project_id":"3747392","condominium":"No","status_date":"09/29/2008","jurisdiction":"AUSTIN FULL PURPOSE","contractor_zip":"78744","contractor_city":"Austin","issuance_method":"Permit Center","contractor_phone":"5124446370","contractor_trade":"Plumbing Contractor","permit_type_desc":"Plumbing Permit","master_permit_num":"698738","fiscal_year_issued":"2003","permit_class_mapped":"Residential","contractor_address_1":"7506 BLUFF S","contractor_address_2":"AUSTIN TX  7","contractor_full_name":"Scott Cox","issued_in_last_30_days":"No","certificate_of_occupancy":"No","property_legal_description":"BLK 17 HIGHLANDS THE"},"geometry":{"type":"Point","coordinates":[-97.71838653,30.31463266]}},{"type":"Feature","properties":{"date":"2003-03-26T05:00:00.000Z","year":2003,"description":"Water Tap To Island To Connect Hose Bib Only","metadescription":"BP. Remodel. Water Tap To Island To Connect Hose Bib Only. Expired. 5117 1/2 EVANS AVE","address":"5117 1/2 EVANS AVE","link":"https://abc.austintexas.gov/web/permit/public-search-other?t_detail=1&t_selected_folderrsn=698738","tcad_id":"0223092001","location":"    (30.31463266, -97.71838653)","day_issued":"WEDNESDAY","project_id":"698738","condominium":"No","status_date":"06/06/2007","jurisdiction":"AUSTIN FULL PURPOSE","issuance_method":"Permit Center","permit_type_desc":"Building Permit","fiscal_year_issued":"2003","permit_class_mapped":"Residential","issued_in_last_30_days":"No","certificate_of_occupancy":"No","property_legal_description":"BLK 17 HIGHLANDS THE"},"geometry":{"type":"Point","coordinates":[-97.71838653,30.31463266]}},{"type":"Feature","properties":{"date":"2001-05-18T04:00:00.000Z","year":2001,"description":"Install Water Tap & Water Meter/ Tie In To City Sewer","metadescription":"BP. Remodel. Install Water Tap & Water Meter/ Tie In To City Sewer. VOID. 3705 DEL ROBLES","address":"3705 DEL ROBLES","link":"https://abc.austintexas.gov/web/permit/public-search-other?t_detail=1&t_selected_folderrsn=682883","tcad_id":"0266101627","location":"    (30.43045169, -97.70753163)","day_issued":"FRIDAY","project_id":"682883","condominium":"No","status_date":"11/06/2013","jurisdiction":"AUSTIN FULL PURPOSE","issuance_method":"Permit Center","permit_type_desc":"Building Permit","fiscal_year_issued":"2001","permit_class_mapped":"Residential","issued_in_last_30_days":"No","certificate_of_occupancy":"No","property_legal_description":"LOT 2 TYBOR ADDN"},"geometry":{"type":"Point","coordinates":[-97.70753163,30.43045169]}},{"type":"Feature","properties":{"date":"2001-05-18T04:00:00.000Z","year":2001,"description":"Install Water Tap & Water Meter/ Tie In To City Sewer","metadescription":"PP. Remodel. Install Water Tap & Water Meter/ Tie In To City Sewer. Final. 3705 DEL ROBLES","address":"3705 DEL ROBLES","link":"https://abc.austintexas.gov/web/permit/public-search-other?t_detail=1&t_selected_folderrsn=3733879","tcad_id":"0266101627","location":"    (30.43045169, -97.70753163)","day_issued":"FRIDAY","project_id":"3733879","condominium":"No","status_date":"09/29/2008","jurisdiction":"AUSTIN FULL PURPOSE","contractor_zip":"78757","contractor_city":"Austin","issuance_method":"Permit Center","contractor_phone":"5124514449","contractor_trade":"Plumbing Contractor","permit_type_desc":"Plumbing Permit","master_permit_num":"682883","fiscal_year_issued":"2001","permit_class_mapped":"Residential","contractor_address_1":"821 TAULBEE","contractor_full_name":"Richard Couey","issued_in_last_30_days":"No","certificate_of_occupancy":"No","property_legal_description":"LOT 2 TYBOR ADDN"},"geometry":{"type":"Point","coordinates":[-97.70753163,30.43045169]}},{"type":"Feature","properties":{"date":"1998-07-27T04:00:00.000Z","year":1998,"description":"Install Test Water Tap For Monitoring","metadescription":"BP. Remodel. Install Test Water Tap For Monitoring. Expired. 501 W 6TH ST","address":"501 W 6TH ST","link":"https://abc.austintexas.gov/web/permit/public-search-other?t_detail=1&t_selected_folderrsn=657270","tcad_id":"0206010304","location":"    (30.26916226, -97.74772016)","day_issued":"MONDAY","project_id":"657270","condominium":"No","status_date":"06/06/2007","jurisdiction":"AUSTIN FULL PURPOSE","housing_units":"1","issuance_method":"Permit Center","permit_type_desc":"Building Permit","fiscal_year_issued":"1998","permit_class_mapped":"Commercial","issued_in_last_30_days":"No","certificate_of_occupancy":"No","property_legal_description":"LOT 5-6 & 8.4FT ALLEY BLOCK 051 ORIGINAL CITY"},"geometry":{"type":"Point","coordinates":[-97.74772016,30.26916226]}},{"type":"Feature","properties":{"date":"1998-07-27T04:00:00.000Z","year":1998,"description":"Install Test Water Tap For Monitoring","metadescription":"PP. Remodel. Install Test Water Tap For Monitoring. Expired. 501 W 6TH ST","address":"501 W 6TH ST","link":"https://abc.austintexas.gov/web/permit/public-search-other?t_detail=1&t_selected_folderrsn=3712629","tcad_id":"0206010304","location":"    (30.26916226, -97.74772016)","day_issued":"MONDAY","project_id":"3712629","condominium":"No","status_date":"06/06/2007","jurisdiction":"AUSTIN FULL PURPOSE","housing_units":"1","issuance_method":"Permit Center","permit_type_desc":"Plumbing Permit","master_permit_num":"657270","fiscal_year_issued":"1998","permit_class_mapped":"Commercial","issued_in_last_30_days":"No","certificate_of_occupancy":"No","property_legal_description":"LOT 5-6 & 8.4FT ALLEY BLOCK 051 ORIGINAL CITY"},"geometry":{"type":"Point","coordinates":[-97.74772016,30.26916226]}},{"type":"Feature","properties":{"date":"1997-11-25T05:00:00.000Z","year":1997,"description":"Change Septic To City Sewer & Water Connection","metadescription":"PP. Remodel. Change Septic To City Sewer & Water Connection. Final. 5704 TRAVIS COOK RD","address":"5704 TRAVIS COOK RD","link":"https://abc.austintexas.gov/web/permit/public-search-other?t_detail=1&t_selected_folderrsn=3707608","location":"    (30.25777521, -97.88920038)","day_issued":"TUESDAY","project_id":"3707608","condominium":"No","status_date":"09/29/2008","jurisdiction":"AUSTIN FULL PURPOSE","housing_units":"1","issuance_method":"Permit Center","permit_type_desc":"Plumbing Permit","master_permit_num":"651179","fiscal_year_issued":"1998","permit_class_mapped":"Residential","issued_in_last_30_days":"No","certificate_of_occupancy":"No"},"geometry":{"type":"Point","coordinates":[-97.88920038,30.25777521]}},{"type":"Feature","properties":{"date":"1997-11-25T05:00:00.000Z","year":1997,"description":"Change Septic To City Sewer & Water Connection","metadescription":"BP. Remodel. Change Septic To City Sewer & Water Connection. Expired. 5704 TRAVIS COOK RD","address":"5704 TRAVIS COOK RD","link":"https://abc.austintexas.gov/web/permit/public-search-other?t_detail=1&t_selected_folderrsn=651179","location":"    (30.25777521, -97.88920038)","day_issued":"TUESDAY","project_id":"651179","condominium":"No","status_date":"06/06/2007","jurisdiction":"AUSTIN FULL PURPOSE","housing_units":"1","issuance_method":"Permit Center","permit_type_desc":"Building Permit","fiscal_year_issued":"1998","permit_class_mapped":"Residential","issued_in_last_30_days":"No","certificate_of_occupancy":"No"},"geometry":{"type":"Point","coordinates":[-97.88920038,30.25777521]}},{"type":"Feature","properties":{"date":"1997-09-19T04:00:00.000Z","year":1997,"description":"Install Hose Bib For Water Connection","metadescription":"PP. Remodel. Install Hose Bib For Water Connection. Final. 913 E 13TH ST","address":"913 E 13TH ST","link":"https://abc.austintexas.gov/web/permit/public-search-other?t_detail=1&t_selected_folderrsn=3706389","tcad_id":"0208060206","location":"    (30.2731077, -97.72918538)","day_issued":"FRIDAY","project_id":"3706389","condominium":"No","status_date":"06/06/2007","jurisdiction":"AUSTIN FULL PURPOSE","housing_units":"1","issuance_method":"Permit Center","permit_type_desc":"Plumbing Permit","master_permit_num":"649838","fiscal_year_issued":"1997","permit_class_mapped":"Commercial","issued_in_last_30_days":"No","certificate_of_occupancy":"No","property_legal_description":"LOT 21 OLT 41 DIVISION B"},"geometry":{"type":"Point","coordinates":[-97.72918538,30.2731077]}},{"type":"Feature","properties":{"date":"1997-09-19T04:00:00.000Z","year":1997,"description":"Install Hose Bib For Water Connection","metadescription":"BP. Remodel. Install Hose Bib For Water Connection. Final. 913 E 13TH ST","address":"913 E 13TH ST","link":"https://abc.austintexas.gov/web/permit/public-search-other?t_detail=1&t_selected_folderrsn=649838","tcad_id":"0208060206","location":"    (30.2731077, -97.72918538)","day_issued":"FRIDAY","project_id":"649838","condominium":"No","status_date":"06/06/2007","jurisdiction":"AUSTIN FULL PURPOSE","housing_units":"1","issuance_method":"Permit Center","permit_type_desc":"Building Permit","fiscal_year_issued":"1997","permit_class_mapped":"Commercial","issued_in_last_30_days":"No","certificate_of_occupancy":"No","property_legal_description":"LOT 21 OLT 41 DIVISION B"},"geometry":{"type":"Point","coordinates":[-97.72918538,30.2731077]}},{"type":"Feature","properties":{"date":"1987-02-03T05:00:00.000Z","year":1987,"description":"Water Tap For Traffic Island Irr Sys","metadescription":"PP. Remodel. Water Tap For Traffic Island Irr Sys. Expired. 2924 THOUSAND OAKS DR","address":"2924 THOUSAND OAKS DR","link":"https://abc.austintexas.gov/web/permit/public-search-other?t_detail=1&t_selected_folderrsn=3628443","location":"    (30.26565826, -97.79683902)","day_issued":"TUESDAY","project_id":"3628443","condominium":"No","status_date":"06/06/2007","jurisdiction":"AUSTIN FULL PURPOSE","housing_units":"1","issuance_method":"Permit Center","permit_type_desc":"Plumbing Permit","fiscal_year_issued":"1987","permit_class_mapped":"Commercial","issued_in_last_30_days":"No","certificate_of_occupancy":"No"},"geometry":{"type":"Point","coordinates":[-97.79683902,30.26565826]}},{"type":"Feature","properties":{"date":"1987-02-03T05:00:00.000Z","year":1987,"description":"Water Tap For Traffic Island Irr Sys","metadescription":"PP. Remodel. Water Tap For Traffic Island Irr Sys. Expired. 2907 THOUSAND OAKS DR","address":"2907 THOUSAND OAKS DR","link":"https://abc.austintexas.gov/web/permit/public-search-other?t_detail=1&t_selected_folderrsn=3794813","tcad_id":"0105110204","location":"    (30.26552089, -97.79448534)","day_issued":"TUESDAY","project_id":"3794813","condominium":"No","status_date":"06/06/2007","jurisdiction":"AUSTIN FULL PURPOSE","housing_units":"1","issuance_method":"Permit Center","permit_type_desc":"Plumbing Permit","fiscal_year_issued":"1987","permit_class_mapped":"Commercial","issued_in_last_30_days":"No","certificate_of_occupancy":"No","property_legal_description":"LOT 19 BLK B TREEMONT PHS A SEC I"},"geometry":{"type":"Point","coordinates":[-97.79448534,30.26552089]}},{"type":"Feature","properties":{"date":"1987-02-03T05:00:00.000Z","year":1987,"description":"Water Tap For Traffic Island Irr Sys","metadescription":"PP. Remodel. Water Tap For Traffic Island Irr Sys. Expired. 2927 THOUSAND OAKS DR","address":"2927 THOUSAND OAKS DR","link":"https://abc.austintexas.gov/web/permit/public-search-other?t_detail=1&t_selected_folderrsn=3628444","location":"    (30.2653371, -97.79714846)","day_issued":"TUESDAY","project_id":"3628444","condominium":"No","status_date":"06/06/2007","jurisdiction":"AUSTIN FULL PURPOSE","housing_units":"1","issuance_method":"Permit Center","permit_type_desc":"Plumbing Permit","fiscal_year_issued":"1987","permit_class_mapped":"Commercial","issued_in_last_30_days":"No","certificate_of_occupancy":"No"},"geometry":{"type":"Point","coordinates":[-97.79714846,30.2653371]}},{"type":"Feature","properties":{"date":"1985-11-20T05:00:00.000Z","year":1985,"description":"Sewer And Water Connection Only","metadescription":"BP. Remodel. Sewer And Water Connection Only. Expired. 7101 MEADOR AVE","address":"7101 MEADOR AVE","link":"https://abc.austintexas.gov/web/permit/public-search-other?t_detail=1&t_selected_folderrsn=559709","tcad_id":"0228170718","location":"    (30.32833835, -97.69639525)","day_issued":"WEDNESDAY","project_id":"559709","condominium":"No","status_date":"06/06/2007","jurisdiction":"AUSTIN FULL PURPOSE","housing_units":"1","issuance_method":"Permit Center","permit_type_desc":"Building Permit","fiscal_year_issued":"1986","permit_class_mapped":"Residential","issued_in_last_30_days":"No","certificate_of_occupancy":"No","property_legal_description":"LOT 7 BLK 6 BLACK A K SUBD NO 1"},"geometry":{"type":"Point","coordinates":[-97.69639525,30.32833835]}},{"type":"Feature","properties":{"date":"1985-11-20T05:00:00.000Z","year":1985,"description":"Sewer And Water Connection Only","metadescription":"PP. Remodel. Sewer And Water Connection Only. Final. 7101 MEADOR AVE","address":"7101 MEADOR AVE","link":"https://abc.austintexas.gov/web/permit/public-search-other?t_detail=1&t_selected_folderrsn=3616930","tcad_id":"0228170718","location":"    (30.32833835, -97.69639525)","day_issued":"WEDNESDAY","project_id":"3616930","condominium":"No","status_date":"09/29/2008","jurisdiction":"AUSTIN FULL PURPOSE","housing_units":"1","issuance_method":"Permit Center","permit_type_desc":"Plumbing Permit","master_permit_num":"559709","fiscal_year_issued":"1986","permit_class_mapped":"Residential","issued_in_last_30_days":"No","certificate_of_occupancy":"No","property_legal_description":"LOT 7 BLK 6 BLACK A K SUBD NO 1"},"geometry":{"type":"Point","coordinates":[-97.69639525,30.32833835]}},{"type":"Feature","properties":{"date":"1984-11-29T05:00:00.000Z","year":1984,"description":"Water Connection To Residence","metadescription":"PP. Remodel. Water Connection To Residence. Expired. 413 W MARY ST","address":"413 W MARY ST","link":"https://abc.austintexas.gov/web/permit/public-search-other?t_detail=1&t_selected_folderrsn=3605104","tcad_id":"0402010601","location":"    (30.24622073, -97.75572175)","day_issued":"THURSDAY","project_id":"3605104","condominium":"No","status_date":"06/06/2007","jurisdiction":"AUSTIN FULL PURPOSE","housing_units":"1","issuance_method":"Permit Center","permit_type_desc":"Plumbing Permit","fiscal_year_issued":"1985","permit_class_mapped":"Residential","issued_in_last_30_days":"No","certificate_of_occupancy":"No","property_legal_description":"LOT 14 BLK B5 SWEETMAN R L ADDN"},"geometry":{"type":"Point","coordinates":[-97.75572175,30.24622073]}},{"type":"Feature","properties":{"date":"1984-09-17T04:00:00.000Z","year":1984,"description":"Temporary Water Connection","metadescription":"PP. Remodel. Temporary Water Connection. Final. 1601 RIO GRANDE ST","address":"1601 RIO GRANDE ST","link":"https://abc.austintexas.gov/web/permit/public-search-other?t_detail=1&t_selected_folderrsn=3602726","tcad_id":"0210020410","location":"    (30.28013726, -97.7453252)","day_issued":"MONDAY","project_id":"3602726","condominium":"No","status_date":"05/22/2007","jurisdiction":"AUSTIN FULL PURPOSE","housing_units":"1","issuance_method":"Permit Center","permit_type_desc":"Plumbing Permit","fiscal_year_issued":"1984","permit_class_mapped":"Commercial","issued_in_last_30_days":"No","certificate_of_occupancy":"No","property_legal_description":"LOT 1 REESE MORRIS M ADDN"},"geometry":{"type":"Point","coordinates":[-97.7453252,30.28013726]}},{"type":"Feature","properties":{"date":"1983-09-30T04:00:00.000Z","year":1983,"description":"Update Water Connection Residence","metadescription":"PP. Update Water Connection Residence. Final. 306 W 35TH ST","address":"306 W 35TH ST","link":"https://abc.austintexas.gov/web/permit/public-search-other?t_detail=1&t_selected_folderrsn=3790599","tcad_id":"0218040618","location":"    (30.30023659, -97.73661504)","day_issued":"FRIDAY","project_id":"3790599","condominium":"No","status_date":"05/22/2007","jurisdiction":"AUSTIN FULL PURPOSE","housing_units":"1","issuance_method":"Permit Center","permit_type_desc":"Plumbing Permit","fiscal_year_issued":"1983","permit_class_mapped":"Residential","issued_in_last_30_days":"No","certificate_of_occupancy":"No","property_legal_description":"W44.5FT OF LOT 5 BLK 3 OLT 77 DIV D STEINLE ADDN"},"geometry":{"type":"Point","coordinates":[-97.73661504,30.30023659]}},{"type":"Feature","properties":{"date":"1981-04-09T05:00:00.000Z","year":1981,"description":"Water Connection","metadescription":"PP. Remodel. Water Connection. Expired. 1800 MAPLE AVE","address":"1800 MAPLE AVE","link":"https://abc.austintexas.gov/web/permit/public-search-other?t_detail=1&t_selected_folderrsn=3566492","tcad_id":"0210110714","location":"    (30.27953239, -97.71621916)","day_issued":"THURSDAY","project_id":"3566492","condominium":"No","status_date":"06/06/2007","jurisdiction":"AUSTIN FULL PURPOSE","housing_units":"1","issuance_method":"Permit Center","permit_type_desc":"Plumbing Permit","fiscal_year_issued":"1981","permit_class_mapped":"Residential","issued_in_last_30_days":"No","certificate_of_occupancy":"No","property_legal_description":"LOT 8 BLK 4 OLT 32&33 DIV B GLENWOOD ADDN"},"geometry":{"type":"Point","coordinates":[-97.71621916,30.27953239]}}]}
